ply
format ascii 1.0
element vertex 12952
property float x
property float y
property float z
property uchar red
property uchar green
property uchar blue
end_header
0.119271 -0.060215 0.701624 68 71 67
0.122933 -0.060184 0.701272 63 69 66
0.126728 -0.060218 0.701672 60 66 63
0.130722 -0.060342 0.703124 64 69 67
0.134579 -0.060398 0.703776 61 65 62
0.138350 -0.060413 0.703955 58 60 58
0.141979 -0.060367 0.703427 67 66 65
0.145610 -0.060324 0.702931 68 67 65
0.149282 -0.060300 0.702653 67 68 66
0.153192 -0.060370 0.703480 63 66 63
0.157225 -0.060484 0.704821 67 71 66
0.093148 -0.056427 0.701218 77 78 75
0.096518 -0.056222 0.698672 74 76 73
0.100125 -0.056164 0.697962 68 70 66
0.103849 -0.056175 0.698096 60 63 60
0.107680 -0.056240 0.698912 54 57 56
0.111548 -0.056319 0.699902 49 52 51
0.115348 -0.056360 0.700419 48 51 50
0.118919 -0.056291 0.699560 42 44 44
0.122833 -0.056382 0.700700 40 41 42
0.126760 -0.056474 0.701853 36 38 39
0.130572 -0.056511 0.702321 30 34 35
0.134332 -0.056524 0.702488 30 34 34
0.138043 -0.056516 0.702396 31 34 35
0.141759 -0.056511 0.702338 33 36 35
0.145476 -0.056506 0.702283 35 38 37
0.149195 -0.056502 0.702243 38 41 40
0.152967 -0.056518 0.702449 41 44 44
0.156646 -0.056500 0.702226 44 47 45
0.160400 -0.056509 0.702345 51 54 53
0.164282 -0.056562 0.703005 57 60 57
0.168175 -0.056616 0.703679 61 64 61
0.171932 -0.056622 0.703771 68 70 67
0.175626 -0.056608 0.703602 68 71 68
0.179154 -0.056543 0.702792 70 72 68
0.183278 -0.056664 0.704304 73 74 69
0.187585 -0.056835 0.706445 71 73 67
0.077947 -0.052461 0.698409 87 90 88
0.081688 -0.052483 0.698705 83 85 82
0.085143 -0.052327 0.696631 75 77 73
0.088735 -0.052265 0.695805 62 65 61
0.092418 -0.052258 0.695725 54 55 54
0.095953 -0.052173 0.694586 45 47 47
0.099850 -0.052282 0.696049 37 40 39
0.103683 -0.052351 0.696980 30 33 33
0.107605 -0.052459 0.698425 24 26 28
0.111518 -0.052555 0.699717 20 22 23
0.115362 -0.052614 0.700506 22 23 25
0.119235 -0.052682 0.701419 20 22 25
0.123129 -0.052755 0.702392 20 23 23
0.127030 -0.052826 0.703351 19 21 22
0.130841 -0.052857 0.703767 19 21 22
0.134636 -0.052880 0.704077 19 21 22
0.138374 -0.052880 0.704084 19 21 22
0.142153 -0.052895 0.704289 20 22 23
0.145898 -0.052897 0.704326 20 23 23
0.149602 -0.052884 0.704162 21 23 23
0.153323 -0.052878 0.704086 20 22 23
0.156934 -0.052835 0.703520 21 23 25
0.160625 -0.052821 0.703332 21 23 25
0.164435 -0.052845 0.703661 20 23 23
0.168252 -0.052870 0.704004 23 28 28
0.171919 -0.052848 0.703716 24 29 31
0.175369 -0.052762 0.702576 30 36 37
0.179077 -0.052755 0.702494 38 44 45
0.182702 -0.052725 0.702093 51 54 53
0.186448 -0.052730 0.702165 62 65 63
0.190493 -0.052818 0.703340 71 72 69
0.194633 -0.052927 0.704812 74 74 70
0.199108 -0.053122 0.707418 73 72 68
0.203477 -0.053282 0.709559 71 73 67
0.070074 -0.048405 0.693870 83 88 83
0.073751 -0.048401 0.693814 75 79 76
0.077394 -0.048376 0.693465 64 69 67
0.081054 -0.048363 0.693286 54 56 55
0.084812 -0.048407 0.693929 44 45 44
0.088642 -0.048487 0.695080 31 33 33
0.092469 -0.048558 0.696112 26 28 29
0.096337 -0.048645 0.697367 24 26 28
0.100218 -0.048732 0.698621 23 25 26
0.104190 -0.048855 0.700391 22 23 25
0.108124 -0.048952 0.701795 20 22 23
0.112061 -0.049044 0.703125 19 21 22
0.115958 -0.049113 0.704126 19 21 22
0.119829 -0.049168 0.704918 19 21 23
0.123691 -0.049215 0.705603 18 20 22
0.127548 -0.049258 0.706220 17 18 20
0.131379 -0.049288 0.706666 18 20 22
0.135210 -0.049317 0.707084 18 20 22
0.138963 -0.049316 0.707081 19 21 22
0.142756 -0.049330 0.707281 18 20 22
0.146532 -0.049336 0.707385 18 20 22
0.150219 -0.049314 0.707069 19 21 22
0.153906 -0.049293 0.706766 19 21 22
0.157603 -0.049275 0.706520 18 22 22
0.161328 -0.049267 0.706409 17 21 22
0.165064 -0.049262 0.706354 17 21 22
0.168765 -0.049248 0.706150 17 21 22
0.172443 -0.049227 0.705864 18 22 23
0.176015 -0.049178 0.705166 18 22 23
0.179529 -0.049115 0.704266 17 22 23
0.182951 -0.049030 0.703052 20 23 25
0.186276 -0.048923 0.701519 25 28 28
0.189999 -0.048923 0.701517 29 32 33
0.193840 -0.048952 0.701941 36 39 38
0.197635 -0.048968 0.702189 48 51 50
0.201388 -0.048974 0.702280 71 75 72
0.205391 -0.049039 0.703222 81 87 82
0.209951 -0.049233 0.706003 67 70 65
0.214860 -0.049499 0.709840 70 73 67
0.065885 -0.044349 0.688587 71 80 74
0.069590 -0.044381 0.689090 54 62 60
0.073317 -0.044422 0.689738 44 47 46
0.077055 -0.044466 0.690429 34 37 38
0.080937 -0.044585 0.692291 31 31 33
0.084926 -0.044750 0.694864 26 28 29
0.088867 -0.044877 0.696848 24 26 28
0.092863 -0.045020 0.699082 22 23 25
0.096774 -0.045112 0.700530 19 21 22
0.100711 -0.045210 0.702060 19 21 22
0.104643 -0.045298 0.703439 19 21 22
0.108572 -0.045379 0.704705 19 21 22
0.112484 -0.045448 0.705783 19 21 22
0.116400 -0.045514 0.706813 18 20 22
0.120275 -0.045560 0.707538 17 18 20
0.124160 -0.045607 0.708279 17 18 20
0.128040 -0.045650 0.708948 17 18 20
0.131886 -0.045678 0.709394 18 20 22
0.135692 -0.045691 0.709606 19 21 22
0.139471 -0.045695 0.709670 18 20 22
0.143298 -0.045713 0.709966 18 20 22
0.147106 -0.045725 0.710159 17 18 20
0.150865 -0.045721 0.710110 16 18 19
0.154539 -0.045693 0.709672 16 18 19
0.158287 -0.045687 0.709589 16 20 20
0.162060 -0.045688 0.709617 17 21 20
0.165781 -0.045675 0.709423 16 21 20
0.169459 -0.045651 0.709056 16 20 22
0.173064 -0.045609 0.708408 17 21 23
0.176600 -0.045551 0.707509 18 22 22
0.179945 -0.045447 0.705900 17 21 22
0.183329 -0.045357 0.704505 17 21 22
0.186783 -0.045288 0.703429 19 23 23
0.190309 -0.045238 0.702664 19 23 23
0.193833 -0.045190 0.701918 20 23 23
0.197295 -0.045129 0.700982 20 23 23
0.200734 -0.045066 0.700000 23 26 28
0.204435 -0.045062 0.699948 28 33 33
0.208280 -0.045089 0.700386 48 54 52
0.211803 -0.045048 0.699743 75 81 78
0.215669 -0.045079 0.700236 83 88 82
0.220363 -0.045279 0.703355 67 73 67
0.054418 -0.040291 0.682298 80 88 82
0.058114 -0.040342 0.683175 68 76 71
0.061906 -0.040450 0.685011 51 57 56
0.065643 -0.040511 0.686062 36 40 41
0.069458 -0.040612 0.687784 30 32 35
0.073301 -0.040718 0.689591 29 29 33
0.077231 -0.040860 0.692014 27 28 29
0.081211 -0.041014 0.694632 23 25 26
0.085231 -0.041174 0.697362 22 23 25
0.089230 -0.041311 0.699694 22 23 25
0.093243 -0.041444 0.701950 21 23 25
0.097208 -0.041545 0.703675 19 21 22
0.101174 -0.041639 0.705286 18 20 22
0.105129 -0.041722 0.706708 18 20 22
0.109072 -0.041796 0.707958 16 20 22
0.113020 -0.041865 0.709146 17 20 22
0.116962 -0.041929 0.710232 17 18 20
0.120844 -0.041967 0.710888 16 18 19
0.124746 -0.042010 0.711626 16 18 19
0.128650 -0.042050 0.712324 17 18 20
0.132506 -0.042074 0.712731 16 18 19
0.136335 -0.042087 0.712970 17 18 20
0.140154 -0.042097 0.713148 18 20 22
0.143993 -0.042112 0.713411 16 18 19
0.147789 -0.042115 0.713460 16 18 19
0.151567 -0.042112 0.713416 16 18 19
0.155293 -0.042095 0.713136 16 18 19
0.159029 -0.042082 0.712918 15 18 19
0.162760 -0.042067 0.712685 16 20 19
0.166425 -0.042037 0.712178 15 18 19
0.170088 -0.042008 0.711690 15 18 19
0.173653 -0.041956 0.710819 16 20 22
0.177184 -0.041899 0.709849 16 20 20
0.180623 -0.041822 0.708559 16 20 20
0.184025 -0.041741 0.707183 16 20 20
0.187450 -0.041667 0.705945 16 20 22
0.190859 -0.041593 0.704695 18 21 22
0.194152 -0.041497 0.703075 17 21 22
0.197550 -0.041427 0.701891 17 21 22
0.201013 -0.041373 0.700974 18 22 22
0.204341 -0.041293 0.699629 18 22 22
0.207714 -0.041225 0.698484 19 23 23
0.210984 -0.041140 0.697038 20 25 26
0.214340 -0.041074 0.695923 33 37 38
0.217831 -0.041035 0.695275 67 70 66
0.221638 -0.041056 0.695642 97 105 98
0.225124 -0.041018 0.695003 78 85 78
0.229551 -0.041150 0.697245 70 76 69
0.050460 -0.036394 0.677779 74 77 73
0.054241 -0.036517 0.680077 57 64 60
0.057993 -0.036606 0.681750 34 40 38
0.061808 -0.036722 0.683926 28 32 32
0.065707 -0.036872 0.686743 27 29 31
0.069636 -0.037022 0.689546 25 26 28
0.073563 -0.037156 0.692065 25 26 28
0.077508 -0.037286 0.694499 24 26 28
0.081492 -0.037422 0.697039 21 23 25
0.085537 -0.037573 0.699871 19 22 23
0.089580 -0.037710 0.702443 19 22 23
0.093612 -0.037832 0.704726 19 21 22
0.097603 -0.037928 0.706540 18 20 22
0.101602 -0.038021 0.708275 17 18 20
0.105591 -0.038103 0.709815 16 18 19
0.109564 -0.038174 0.711149 16 18 19
0.113542 -0.038242 0.712426 15 18 19
0.117512 -0.038302 0.713573 15 17 19
0.121441 -0.038346 0.714404 16 18 20
0.125363 -0.038386 0.715147 16 18 19
0.129284 -0.038422 0.715838 16 18 19
0.133172 -0.038447 0.716312 16 18 19
0.137023 -0.038460 0.716570 16 18 19
0.140862 -0.038470 0.716753 16 18 19
0.144708 -0.038480 0.716958 16 18 19
0.148514 -0.038480 0.716958 16 18 19
0.152300 -0.038474 0.716866 15 17 19
0.156046 -0.038460 0.716599 15 18 19
0.159789 -0.038445 0.716325 16 18 19
0.163500 -0.038423 0.715928 16 18 19
0.167148 -0.038387 0.715276 15 18 19
0.170798 -0.038354 0.714661 15 18 19
0.174348 -0.038300 0.713668 15 18 19
0.177893 -0.038248 0.712692 16 18 19
0.181375 -0.038184 0.711513 16 18 20
0.184777 -0.038107 0.710073 16 20 20
0.188147 -0.038026 0.708569 16 18 20
0.191485 -0.037942 0.707008 16 20 20
0.194850 -0.037866 0.705605 16 20 20
0.198193 -0.037789 0.704174 16 20 20
0.201447 -0.037698 0.702489 17 21 22
0.204625 -0.037597 0.700603 17 21 22
0.207788 -0.037497 0.698736 17 21 22
0.210903 -0.037391 0.696774 17 21 22
0.214190 -0.037319 0.695437 16 20 22
0.217363 -0.037230 0.693782 20 23 23
0.220400 -0.037122 0.691758 28 31 31
0.223999 -0.037109 0.691531 53 56 54
0.227544 -0.037088 0.691150 94 100 97
0.231129 -0.037074 0.690902 88 93 88
0.042893 -0.032484 0.671956 78 82 78
0.046653 -0.032618 0.674750 65 68 66
0.050359 -0.032698 0.676435 44 46 45
0.054165 -0.032828 0.679133 33 34 34
0.058018 -0.032968 0.682057 26 28 28
0.061944 -0.033131 0.685436 25 28 28
0.065864 -0.033272 0.688384 23 25 28
0.069792 -0.033403 0.691102 22 25 25
0.073773 -0.033544 0.694042 22 23 25
0.077782 -0.033684 0.696955 22 23 25
0.081801 -0.033815 0.699690 20 22 23
0.085883 -0.033960 0.702704 20 22 23
0.089957 -0.034089 0.705401 19 21 22
0.094002 -0.034198 0.707662 18 20 22
0.098021 -0.034289 0.709571 16 18 19
0.102053 -0.034378 0.711420 16 18 19
0.106076 -0.034457 0.713079 16 18 19
0.110085 -0.034527 0.714536 16 18 19
0.114097 -0.034593 0.715910 15 18 19
0.118096 -0.034651 0.717120 15 17 19
0.122050 -0.034692 0.717986 16 18 19
0.125994 -0.034728 0.718748 15 17 19
0.129931 -0.034760 0.719422 16 18 19
0.133846 -0.034785 0.719944 17 18 20
0.137707 -0.034794 0.720147 17 18 20
0.141548 -0.034798 0.720244 17 18 20
0.145392 -0.034803 0.720349 17 18 20
0.149208 -0.034801 0.720314 16 18 19
0.153015 -0.034796 0.720235 16 18 19
0.156788 -0.034785 0.720005 15 18 19
0.160539 -0.034769 0.719687 17 18 20
0.164235 -0.034742 0.719147 16 18 19
0.167866 -0.034703 0.718348 15 20 19
0.171500 -0.034667 0.717601 16 18 19
0.175049 -0.034615 0.716536 16 18 19
0.178606 -0.034567 0.715551 15 17 19
0.182121 -0.034513 0.714441 16 18 19
0.185548 -0.034445 0.713037 15 18 19
0.188911 -0.034368 0.711449 15 18 19
0.192227 -0.034286 0.709748 15 18 19
0.195526 -0.034204 0.708053 15 18 19
0.198788 -0.034119 0.706290 16 18 19
0.202034 -0.034034 0.704535 16 20 20
0.205173 -0.033934 0.702481 16 20 20
0.208273 -0.033832 0.700367 15 18 19
0.211410 -0.033739 0.698449 17 18 20
0.214524 -0.033646 0.696522 17 18 20
0.217486 -0.033532 0.694176 19 21 22
0.220416 -0.033418 0.691809 19 21 22
0.223508 -0.033331 0.690019 20 22 23
0.226948 -0.033298 0.689342 25 28 28
0.230380 -0.033265 0.688665 46 50 48
0.233539 -0.033194 0.687204 107 111 103
0.236868 -0.033150 0.686281 94 98 88
0.241009 -0.033218 0.687702 68 72 65
0.035610 -0.028764 0.669145 86 91 85
0.039172 -0.028771 0.669322 71 77 72
0.042888 -0.028881 0.671892 48 53 49
0.046609 -0.028976 0.674126 34 37 37
0.050442 -0.029123 0.677552 25 28 28
0.054292 -0.029258 0.680731 24 26 28
0.058195 -0.029404 0.684139 23 26 26
0.062140 -0.029552 0.687609 22 23 25
0.066097 -0.029689 0.690828 21 23 25
0.070063 -0.029815 0.693787 21 23 25
0.074066 -0.029944 0.696802 21 23 25
0.078117 -0.030079 0.699959 20 22 23
0.082167 -0.030201 0.702827 19 21 22
0.086268 -0.030330 0.705854 18 20 22
0.090364 -0.030447 0.708599 17 18 20
0.094440 -0.030548 0.710964 17 18 20
0.098498 -0.030636 0.713025 17 18 20
0.102563 -0.030719 0.714980 15 17 19
0.106629 -0.030797 0.716801 16 18 19
0.110670 -0.030862 0.718335 16 18 19
0.114707 -0.030921 0.719739 16 18 19
0.118725 -0.030972 0.720943 16 18 19
0.122705 -0.031010 0.721843 16 18 19
0.126670 -0.031043 0.722606 16 18 19
0.130620 -0.031069 0.723237 16 18 20
0.134549 -0.031089 0.723723 16 18 19
0.138417 -0.031095 0.723862 17 18 20
0.142262 -0.031095 0.723877 16 18 19
0.146104 -0.031095 0.723879 17 18 19
0.149930 -0.031091 0.723796 16 18 19
0.153749 -0.031086 0.723693 16 18 19
0.157545 -0.031076 0.723481 17 18 20
0.161305 -0.031060 0.723123 17 18 19
0.164998 -0.031033 0.722490 17 18 20
0.168627 -0.030995 0.721608 17 20 22
0.172254 -0.030958 0.720757 18 18 20
0.175801 -0.030908 0.719614 17 18 19
0.179342 -0.030860 0.718500 15 18 19
0.182826 -0.030804 0.717207 17 18 19
0.186252 -0.030741 0.715742 16 18 19
0.189631 -0.030673 0.714162 15 18 19
0.192944 -0.030597 0.712397 15 18 19
0.196240 -0.030521 0.710641 15 18 19
0.199491 -0.030442 0.708789 15 17 19
0.202705 -0.030359 0.706878 16 18 19
0.205923 -0.030281 0.705051 16 18 19
0.209086 -0.030197 0.703100 15 18 19
0.212240 -0.030115 0.701193 15 18 19
0.215311 -0.030024 0.699080 15 18 22
0.218237 -0.029916 0.696576 16 20 22
0.221091 -0.029802 0.693928 18 20 22
0.223821 -0.029676 0.690985 19 22 23
0.226841 -0.029591 0.689018 20 22 23
0.229902 -0.029515 0.687235 21 23 25
0.232848 -0.029426 0.685171 22 26 25
0.235591 -0.029315 0.682582 49 53 48
0.239007 -0.029289 0.681991 108 109 106
0.242744 -0.029302 0.682319 88 87 83
0.031926 -0.025077 0.666391 80 82 77
0.035491 -0.025096 0.666917 63 69 66
0.039145 -0.025169 0.668868 39 42 41
0.042915 -0.025297 0.672315 24 26 28
0.046766 -0.025450 0.676406 24 26 28
0.050637 -0.025591 0.680170 22 25 25
0.054531 -0.025724 0.683731 22 23 25
0.058449 -0.025851 0.687126 21 23 25
0.062410 -0.025980 0.690607 20 22 23
0.066389 -0.026102 0.693876 20 22 23
0.070385 -0.026218 0.696980 19 21 22
0.074422 -0.026337 0.700157 19 21 22
0.078504 -0.026459 0.703427 18 20 22
0.082581 -0.026569 0.706369 18 20 22
0.086699 -0.026681 0.709381 17 18 20
0.090818 -0.026784 0.712155 16 18 19
0.094919 -0.026874 0.714573 15 17 19
0.099002 -0.026953 0.716678 16 18 19
0.103090 -0.027026 0.718656 16 18 19
0.107169 -0.027092 0.720434 15 17 19
0.111224 -0.027148 0.721935 15 17 19
0.115273 -0.027199 0.723297 16 18 19
0.119308 -0.027243 0.724483 16 18 19
0.123307 -0.027276 0.725388 16 18 19
0.127287 -0.027303 0.726128 16 18 19
0.131247 -0.027325 0.726713 17 18 19
0.135186 -0.027341 0.727153 16 18 19
0.139066 -0.027344 0.727259 16 18 19
0.142918 -0.027342 0.727216 17 18 19
0.146767 -0.027340 0.727163 16 18 19
0.150607 -0.027336 0.727070 17 20 19
0.154443 -0.027331 0.726960 16 18 19
0.158258 -0.027323 0.726760 17 20 20
0.162024 -0.027307 0.726348 18 20 20
0.165722 -0.027281 0.725659 17 20 20
0.169363 -0.027247 0.724756 16 20 19
0.173006 -0.027214 0.723907 17 20 20
0.176569 -0.027171 0.722761 18 20 22
0.180119 -0.027127 0.721616 17 21 20
0.183615 -0.027078 0.720303 17 18 20
0.187050 -0.027021 0.718809 17 20 20
0.190442 -0.026961 0.717216 17 18 20
0.193752 -0.026892 0.715380 17 18 20
0.197067 -0.026826 0.713636 17 18 19
0.200345 -0.026758 0.711823 15 17 19
0.203556 -0.026684 0.709847 16 18 19
0.206786 -0.026614 0.708006 15 17 19
0.209907 -0.026533 0.705863 15 17 19
0.212984 -0.026450 0.703650 15 18 19
0.216034 -0.026366 0.701427 15 18 22
0.219002 -0.026276 0.699017 14 18 20
0.221880 -0.026178 0.696407 15 18 19
0.224652 -0.026070 0.693552 15 18 20
0.227490 -0.025974 0.690991 16 20 20
0.230321 -0.025880 0.688489 17 18 20
0.233219 -0.025796 0.686265 17 20 20
0.235399 -0.025637 0.682026 19 23 23
0.237873 -0.025514 0.678758 25 28 28
0.241236 -0.025488 0.678082 60 60 59
0.244541 -0.025457 0.677269 117 115 114
0.248560 -0.025500 0.678424 80 75 76
0.028278 -0.021424 0.663807 77 80 75
0.031852 -0.021458 0.664862 65 68 64
0.035448 -0.021498 0.666127 31 36 35
0.039190 -0.021611 0.669649 22 23 25
0.043064 -0.021771 0.674664 21 23 25
0.046955 -0.021915 0.679149 19 21 22
0.050859 -0.022043 0.683161 19 21 22
0.054759 -0.022153 0.686602 19 21 22
0.058699 -0.022264 0.690077 19 21 22
0.062690 -0.022380 0.693707 18 20 22
0.066712 -0.022494 0.697257 18 20 22
0.070758 -0.022603 0.700674 17 18 20
0.074833 -0.022710 0.704028 17 18 20
0.078946 -0.022818 0.707395 19 18 20
0.083046 -0.022912 0.710352 17 18 20
0.087187 -0.023009 0.713380 16 18 19
0.091328 -0.023098 0.716161 15 17 19
0.095450 -0.023175 0.718576 15 17 19
0.099557 -0.023242 0.720693 15 17 19
0.103664 -0.023305 0.722659 15 17 19
0.107757 -0.023360 0.724390 15 17 19
0.111829 -0.023407 0.725863 15 17 19
0.115883 -0.023447 0.727122 15 17 19
0.119926 -0.023482 0.728236 16 18 19
0.123941 -0.023510 0.729118 16 18 19
0.127937 -0.023532 0.729838 16 18 19
0.131916 -0.023550 0.730417 17 18 19
0.135865 -0.023562 0.730807 16 18 19
0.139764 -0.023565 0.730911 16 18 19
0.143634 -0.023563 0.730864 17 18 19
0.147500 -0.023561 0.730797 17 18 19
0.151349 -0.023556 0.730654 17 18 19
0.155186 -0.023549 0.730458 15 18 17
0.159007 -0.023540 0.730199 17 20 19
0.162774 -0.023524 0.729712 17 20 19
0.166483 -0.023500 0.728994 17 20 20
0.170136 -0.023470 0.728068 16 20 19
0.173795 -0.023442 0.727208 17 20 20
0.177371 -0.023404 0.726046 16 20 19
0.180920 -0.023364 0.724823 17 20 19
0.184420 -0.023320 0.723464 17 18 20
0.187858 -0.023270 0.721917 18 20 22
0.191253 -0.023217 0.720272 17 18 20
0.194567 -0.023156 0.718393 19 21 22
0.197887 -0.023098 0.716608 19 22 22
0.201184 -0.023040 0.714805 19 22 20
0.204402 -0.022975 0.712800 16 18 19
0.207638 -0.022915 0.710922 16 18 19
0.210728 -0.022840 0.708626 15 17 19
0.213770 -0.022764 0.706249 15 17 19
0.216813 -0.022690 0.703960 15 17 19
0.219808 -0.022613 0.701591 15 17 19
0.222724 -0.022532 0.699056 14 18 19
0.225567 -0.022445 0.696376 15 18 19
0.228379 -0.022359 0.693691 14 18 19
0.231095 -0.022266 0.690804 16 18 19
0.233941 -0.022188 0.688389 17 18 20
0.236433 -0.022079 0.685023 18 21 22
0.238677 -0.021951 0.681052 19 21 22
0.241155 -0.021848 0.677858 20 23 22
0.243644 -0.021749 0.674785 30 32 32
0.247145 -0.021742 0.674566 89 91 91
0.251049 -0.021769 0.675434 100 96 96
0.024641 -0.017787 0.660749 77 81 76
0.028145 -0.017785 0.660683 63 66 62
0.031771 -0.017851 0.663187 32 34 36
0.035505 -0.017958 0.667205 21 23 25
0.039407 -0.018123 0.673367 20 22 23
0.043292 -0.018252 0.678232 20 22 23
0.047184 -0.018365 0.682464 19 21 22
0.051092 -0.018467 0.686303 17 18 20
0.055019 -0.018562 0.689861 17 18 20
0.058987 -0.018658 0.693469 16 18 19
0.063015 -0.018760 0.697312 16 18 19
0.067096 -0.018866 0.701274 16 18 19
0.071173 -0.018959 0.704787 17 18 19
0.075265 -0.019047 0.708092 16 18 19
0.079394 -0.019136 0.711412 16 18 19
0.083520 -0.019215 0.714404 16 18 19
0.087686 -0.019296 0.717464 15 17 19
0.091842 -0.019369 0.720194 15 17 19
0.095987 -0.019433 0.722622 15 17 19
0.100113 -0.019489 0.724722 15 17 19
0.104237 -0.019540 0.726652 15 17 19
0.108354 -0.019586 0.728402 15 17 19
0.112448 -0.019625 0.729880 16 18 19
0.116517 -0.019658 0.731103 15 17 19
0.120572 -0.019686 0.732164 15 17 19
0.124603 -0.019708 0.733015 15 17 19
0.128617 -0.019726 0.733717 16 18 19
0.132613 -0.019741 0.734281 16 18 19
0.136581 -0.019750 0.734658 16 18 19
0.140499 -0.019752 0.734756 17 18 19
0.144391 -0.019751 0.734718 17 18 19
0.148272 -0.019748 0.734623 18 18 19
0.152130 -0.019742 0.734424 18 18 19
0.155964 -0.019733 0.734123 16 18 19
0.159778 -0.019723 0.733741 17 20 19
0.163549 -0.019707 0.733189 17 20 19
0.167274 -0.019687 0.732459 17 18 20
0.170942 -0.019662 0.731519 16 21 19
0.174609 -0.019637 0.730615 16 18 19
0.178204 -0.019606 0.729457 15 20 19
0.181752 -0.019570 0.728158 16 20 19
0.185242 -0.019531 0.726690 18 21 20
0.188687 -0.019488 0.725104 18 21 20
0.192088 -0.019442 0.723417 17 20 19
0.195402 -0.019390 0.721477 19 21 22
0.198720 -0.019340 0.719625 20 23 22
0.202015 -0.019290 0.717759 19 22 22
0.205231 -0.019234 0.715688 19 22 22
0.208458 -0.019181 0.713733 19 21 22
0.211551 -0.019118 0.711393 17 20 19
0.214597 -0.019053 0.708983 16 18 19
0.217644 -0.018991 0.706656 15 17 19
0.220640 -0.018926 0.704247 14 18 19
0.223533 -0.018854 0.701596 13 17 17
0.226363 -0.018780 0.698836 14 17 17
0.229127 -0.018703 0.695964 15 17 19
0.231811 -0.018622 0.692944 15 17 19
0.234491 -0.018543 0.690010 17 18 20
0.236935 -0.018448 0.686480 18 20 22
0.239364 -0.018355 0.683013 18 20 22
0.241799 -0.018265 0.679667 19 21 22
0.244174 -0.018174 0.676254 20 22 23
0.246927 -0.018112 0.673971 19 22 22
0.250180 -0.018088 0.673099 51 49 50
0.253633 -0.018079 0.672781 116 114 112
0.257889 -0.018127 0.674570 81 76 74
0.021002 -0.014160 0.656662 77 84 78
0.024516 -0.014176 0.657429 68 71 68
0.028102 -0.014224 0.659702 29 32 29
0.031777 -0.014302 0.663325 22 23 26
0.035680 -0.014455 0.670508 19 21 22
0.039582 -0.014579 0.676362 20 22 23
0.043489 -0.014685 0.681332 18 20 22
0.047399 -0.014776 0.685572 17 18 20
0.051349 -0.014865 0.689758 16 18 19
0.055324 -0.014948 0.693695 17 18 20
0.059327 -0.015029 0.697469 16 18 19
0.063391 -0.015114 0.701473 16 18 19
0.067498 -0.015199 0.705481 16 18 19
0.071593 -0.015273 0.708948 17 17 19
0.075701 -0.015342 0.712201 16 18 19
0.079850 -0.015412 0.715502 16 18 19
0.083993 -0.015475 0.718458 16 18 19
0.088182 -0.015540 0.721524 15 17 19
0.092355 -0.015597 0.724216 15 17 19
0.096517 -0.015647 0.726611 15 17 19
0.100658 -0.015691 0.728669 15 17 19
0.104796 -0.015731 0.730552 15 17 19
0.108932 -0.015767 0.732288 14 16 17
0.113043 -0.015798 0.733748 15 17 19
0.117132 -0.015824 0.734966 15 17 19
0.121204 -0.015845 0.736001 16 18 19
0.125250 -0.015862 0.736825 15 17 19
0.129277 -0.015876 0.737487 15 17 19
0.133269 -0.015884 0.737913 15 17 19
0.137254 -0.015892 0.738282 16 18 19
0.141192 -0.015894 0.738383 18 18 19
0.145105 -0.015892 0.738351 18 18 19
0.149003 -0.015890 0.738247 17 18 17
0.152870 -0.015884 0.737999 17 18 19
0.156712 -0.015876 0.737642 18 18 19
0.160522 -0.015865 0.737160 18 21 19
0.164301 -0.015851 0.736559 16 18 19
0.168048 -0.015836 0.735847 17 20 19
0.171737 -0.015815 0.734919 16 20 19
0.175415 -0.015795 0.733987 16 18 19
0.179021 -0.015769 0.732802 15 18 19
0.182574 -0.015740 0.731454 16 21 19
0.186055 -0.015706 0.729877 17 20 17
0.189506 -0.015670 0.728252 18 21 19
0.192907 -0.015633 0.726502 17 20 17
0.196229 -0.015590 0.724532 18 21 20
0.199543 -0.015548 0.722606 19 22 22
0.202825 -0.015506 0.720639 19 22 22
0.206034 -0.015459 0.718491 19 22 22
0.209243 -0.015415 0.716421 19 22 22
0.212343 -0.015364 0.714058 19 21 22
0.215406 -0.015312 0.711655 19 21 22
0.218461 -0.015261 0.709311 18 20 22
0.221447 -0.015208 0.706825 16 18 22
0.224330 -0.015149 0.704098 15 17 19
0.227136 -0.015087 0.701223 14 17 17
0.229866 -0.015022 0.698209 16 18 19
0.232513 -0.014954 0.695045 16 18 19
0.235127 -0.014886 0.691882 16 18 19
0.237580 -0.014810 0.688348 17 18 20
0.240060 -0.014738 0.685000 17 18 20
0.242710 -0.014679 0.682229 17 18 20
0.244963 -0.014597 0.678440 18 21 22
0.247365 -0.014527 0.675169 18 21 22
0.250041 -0.014474 0.672724 22 23 25
0.253011 -0.014440 0.671132 30 29 32
0.255997 -0.014407 0.669623 93 92 91
0.260033 -0.014433 0.670868 95 93 89
0.017409 -0.010578 0.652623 80 87 80
0.020888 -0.010586 0.653120 67 72 67
0.024440 -0.010622 0.655408 29 32 29
0.028081 -0.010683 0.659213 21 23 25
0.031926 -0.010798 0.666428 18 20 22
0.035820 -0.010905 0.673146 18 20 22
0.039748 -0.011002 0.679199 18 20 22
0.043686 -0.011085 0.684426 17 18 20
0.047642 -0.011159 0.689096 16 18 19
0.051634 -0.011231 0.693588 16 18 19
0.055642 -0.011296 0.697686 16 18 19
0.059686 -0.011360 0.701690 16 18 19
0.063776 -0.011424 0.705741 16 18 19
0.067900 -0.011487 0.709690 15 17 19
0.072018 -0.011542 0.713161 15 17 19
0.076151 -0.011594 0.716432 15 17 19
0.080322 -0.011647 0.719738 15 17 19
0.084479 -0.011692 0.722615 15 17 19
0.088679 -0.011740 0.725599 15 17 19
0.092869 -0.011782 0.728254 15 17 19
0.097047 -0.011819 0.730609 14 16 17
0.101208 -0.011851 0.732653 15 17 19
0.105368 -0.011881 0.734543 15 17 19
0.109524 -0.011908 0.736276 15 17 19
0.113655 -0.011931 0.737722 15 17 19
0.117760 -0.011949 0.738908 14 16 17
0.121842 -0.011964 0.739882 14 16 17
0.125896 -0.011976 0.740627 15 17 19
0.129924 -0.011984 0.741178 15 18 17
0.133935 -0.011990 0.741603 15 17 19
0.137935 -0.011995 0.741949 15 18 17
0.141892 -0.011996 0.742043 17 18 19
0.145823 -0.011995 0.742007 17 18 19
0.149739 -0.011993 0.741896 16 18 19
0.153616 -0.011988 0.741603 16 18 19
0.157461 -0.011980 0.741173 16 18 17
0.161277 -0.011971 0.740629 17 20 19
0.165064 -0.011960 0.739983 17 20 19
0.168823 -0.011948 0.739245 16 18 19
0.172528 -0.011932 0.738306 16 18 19
0.176214 -0.011916 0.737333 16 18 19
0.179821 -0.011896 0.736079 16 18 19
0.183383 -0.011873 0.734696 17 20 19
0.186868 -0.011847 0.733070 17 20 17
0.190319 -0.011819 0.731378 17 20 19
0.193720 -0.011789 0.729567 18 21 19
0.197055 -0.011757 0.727583 18 21 20
0.200358 -0.011724 0.725557 18 21 20
0.203608 -0.011690 0.723422 20 22 22
0.206816 -0.011654 0.721218 19 21 22
0.210029 -0.011620 0.719113 20 23 22
0.213133 -0.011581 0.716717 20 23 23
0.216208 -0.011542 0.714307 21 23 23
0.219271 -0.011503 0.711942 20 22 23
0.222271 -0.011463 0.709455 19 21 22
0.225163 -0.011419 0.706713 18 20 22
0.227977 -0.011372 0.703821 18 21 22
0.230689 -0.011322 0.700711 16 18 19
0.233307 -0.011269 0.697419 15 17 19
0.235879 -0.011215 0.694094 16 18 19
0.238290 -0.011156 0.690408 16 18 19
0.240738 -0.011099 0.686935 17 18 20
0.243358 -0.011053 0.684050 17 18 20
0.245849 -0.011002 0.680894 18 20 22
0.248160 -0.010945 0.677338 18 20 22
0.250644 -0.010896 0.674349 20 21 22
0.253122 -0.010849 0.671429 21 22 23
0.255778 -0.010811 0.669052 23 23 25
0.258529 -0.010777 0.666989 54 57 55
0.261941 -0.010772 0.666662 106 105 102
0.266445 -0.010810 0.669086 73 71 70
0.017318 -0.007046 0.649254 71 80 72
0.020825 -0.007066 0.651144 42 51 46
0.024414 -0.007104 0.654729 21 25 25
0.028196 -0.007180 0.661910 18 20 22
0.032007 -0.007246 0.668132 17 18 20
0.035929 -0.007321 0.675198 16 18 19
0.039900 -0.007391 0.681812 16 18 19
0.043876 -0.007450 0.687411 16 18 19
0.047881 -0.007505 0.692566 15 17 19
0.051908 -0.007555 0.697280 15 17 19
0.055957 -0.007601 0.701644 15 17 19
0.060030 -0.007644 0.705738 15 17 19
0.064137 -0.007686 0.709731 15 17 19
0.068278 -0.007727 0.713641 15 17 19
0.072417 -0.007764 0.717121 15 17 19
0.076568 -0.007798 0.720365 15 17 19
0.080760 -0.007833 0.723665 15 17 19
0.084933 -0.007862 0.726501 15 17 19
0.089145 -0.007893 0.729415 15 17 19
0.093353 -0.007921 0.732052 14 16 17
0.097556 -0.007946 0.734443 14 16 17
0.101745 -0.007968 0.736547 14 16 17
0.105927 -0.007987 0.738441 14 16 17
0.110103 -0.008005 0.740171 14 16 17
0.114263 -0.008021 0.741672 15 17 19
0.118370 -0.008032 0.742740 14 16 17
0.122462 -0.008041 0.743648 14 16 17
0.126533 -0.008048 0.744372 14 16 17
0.130569 -0.008053 0.744862 15 17 19
0.134590 -0.008056 0.745234 15 18 17
0.138605 -0.008059 0.745554 15 18 17
0.142574 -0.008059 0.745614 15 18 17
0.146527 -0.008058 0.745588 15 18 17
0.150455 -0.008056 0.745445 15 18 17
0.154355 -0.008053 0.745168 15 18 17
0.158209 -0.008047 0.744693 16 18 19
0.162036 -0.008041 0.744117 16 18 19
0.165836 -0.008033 0.743447 16 18 19
0.169603 -0.008024 0.742661 16 18 19
0.173318 -0.008013 0.741689 16 18 19
0.177007 -0.008002 0.740652 16 18 19
0.180642 -0.007988 0.739440 16 18 19
0.184205 -0.007972 0.737990 17 20 19
0.187692 -0.007954 0.736304 17 20 19
0.191146 -0.007935 0.734556 17 20 17
0.194541 -0.007914 0.732662 17 20 19
0.197899 -0.007892 0.730701 18 21 20
0.201187 -0.007869 0.728561 18 21 20
0.204416 -0.007845 0.726296 19 22 22
0.207626 -0.007820 0.724047 19 22 22
0.210824 -0.007796 0.721836 19 22 22
0.213924 -0.007769 0.719376 21 23 23
0.216987 -0.007742 0.716880 21 23 23
0.220023 -0.007715 0.714384 20 22 23
0.223002 -0.007687 0.711791 21 23 23
0.225881 -0.007657 0.708970 21 23 25
0.228709 -0.007625 0.706082 20 23 22
0.231438 -0.007592 0.702988 18 21 20
0.234073 -0.007557 0.699711 17 18 20
0.236626 -0.007520 0.696295 16 18 19
0.239028 -0.007479 0.692546 15 17 19
0.241456 -0.007441 0.688986 16 18 19
0.243966 -0.007406 0.685761 17 18 20
0.246382 -0.007370 0.682372 17 18 20
0.248791 -0.007334 0.679062 18 20 22
0.251343 -0.007304 0.676229 19 20 22
0.253804 -0.007271 0.673236 17 18 22
0.256189 -0.007238 0.670128 19 21 22
0.258263 -0.007197 0.666304 22 23 25
0.260745 -0.007168 0.663619 38 39 38
0.263728 -0.007153 0.662264 110 110 107
0.268230 -0.007178 0.664709 70 69 71
0.013794 -0.003549 0.645597 83 84 80
0.017247 -0.003554 0.646589 60 66 60
0.020777 -0.003570 0.649674 21 26 25
0.024487 -0.003607 0.656682 20 22 23
0.028300 -0.003647 0.664377 18 20 22
0.032164 -0.003684 0.671418 16 18 19
0.036087 -0.003719 0.678164 16 18 19
0.040065 -0.003753 0.684630 15 18 19
0.044088 -0.003785 0.690737 16 18 19
0.048138 -0.003814 0.696284 15 17 19
0.052201 -0.003840 0.701215 14 16 17
0.056278 -0.003863 0.705673 15 17 19
0.060377 -0.003885 0.709822 14 16 17
0.064504 -0.003905 0.713797 14 16 17
0.068663 -0.003926 0.717670 15 17 19
0.072820 -0.003943 0.721113 15 17 19
0.076987 -0.003960 0.724305 15 17 19
0.081195 -0.003977 0.727568 14 16 17
0.085386 -0.003991 0.730381 14 16 17
0.089611 -0.004006 0.733232 14 16 17
0.093838 -0.004019 0.735857 14 16 17
0.098072 -0.004032 0.738325 14 16 17
0.102273 -0.004042 0.740373 14 16 17
0.106478 -0.004052 0.742291 14 16 17
0.110686 -0.004061 0.744092 14 16 17
0.114867 -0.004068 0.745595 14 16 17
0.118982 -0.004073 0.746578 14 16 17
0.123088 -0.004077 0.747449 14 16 17
0.127178 -0.004080 0.748170 14 16 17
0.131221 -0.004082 0.748579 15 17 19
0.135252 -0.004083 0.748903 15 17 19
0.139277 -0.004084 0.749168 15 17 19
0.143263 -0.004084 0.749219 14 17 16
0.147235 -0.004083 0.749193 15 18 17
0.151179 -0.004082 0.749034 16 18 19
0.155093 -0.004080 0.748735 15 18 17
0.158968 -0.004077 0.748269 16 18 19
0.162806 -0.004073 0.747656 15 18 17
0.166618 -0.004069 0.746953 15 18 17
0.170395 -0.004064 0.746129 16 18 19
0.174120 -0.004058 0.745123 16 18 19
0.177816 -0.004052 0.744038 16 18 19
0.181457 -0.004044 0.742776 16 18 19
0.185022 -0.004036 0.741264 16 18 16
0.188523 -0.004026 0.739563 18 21 19
0.191980 -0.004016 0.737765 17 21 19
0.195380 -0.004005 0.735822 17 21 19
0.198745 -0.003994 0.733825 18 20 20
0.202030 -0.003982 0.731616 17 20 20
0.205269 -0.003970 0.729326 18 20 22
0.208455 -0.003956 0.726938 18 20 22
0.211618 -0.003943 0.724557 19 21 22
0.214709 -0.003929 0.722018 19 22 22
0.217769 -0.003915 0.719465 20 23 22
0.220778 -0.003901 0.716835 21 23 23
0.223728 -0.003886 0.714109 20 23 23
0.226571 -0.003870 0.711136 21 23 23
0.229388 -0.003854 0.708178 22 25 25
0.232133 -0.003837 0.705101 21 23 25
0.234792 -0.003819 0.701861 21 23 25
0.237352 -0.003801 0.698431 19 21 22
0.239755 -0.003780 0.694655 16 18 19
0.242167 -0.003761 0.691014 16 18 19
0.244605 -0.003742 0.687559 16 18 19
0.246960 -0.003723 0.683973 17 18 20
0.249322 -0.003704 0.680511 18 20 22
0.251758 -0.003687 0.677348 17 18 20
0.254204 -0.003670 0.674300 18 20 22
0.256611 -0.003653 0.671233 18 20 22
0.258902 -0.003636 0.667952 18 20 22
0.260963 -0.003615 0.664174 21 23 23
0.263028 -0.003595 0.660508 28 31 31
0.266082 -0.003589 0.659387 102 104 102
0.270110 -0.003595 0.660680 68 74 69
0.010327 -0.000091 0.643095 86 86 82
0.013723 -0.000091 0.642295 75 77 73
0.017188 -0.000090 0.644425 25 28 28
0.020808 -0.000089 0.650654 19 22 23
0.024558 -0.000089 0.658599 19 21 22
0.028390 -0.000088 0.666498 17 18 20
0.032268 -0.000087 0.673591 16 18 19
0.036215 -0.000086 0.680589 16 18 19
0.040234 -0.000086 0.687538 17 17 19
0.044302 -0.000085 0.694098 17 17 19
0.048388 -0.000084 0.699906 15 17 19
0.052484 -0.000083 0.705024 14 16 17
0.056599 -0.000083 0.709703 15 17 19
0.060728 -0.000082 0.713953 14 16 17
0.064877 -0.000081 0.717933 15 17 19
0.069058 -0.000081 0.721803 14 16 17
0.073238 -0.000080 0.725260 14 16 17
0.077426 -0.000079 0.728445 14 16 17
0.081651 -0.000079 0.731655 14 16 17
0.085863 -0.000078 0.734460 14 16 17
0.090103 -0.000077 0.737261 14 16 17
0.094347 -0.000077 0.739848 14 16 17
0.098609 -0.000076 0.742376 14 16 17
0.102834 -0.000075 0.744435 14 16 17
0.107048 -0.000075 0.746267 14 16 17
0.111279 -0.000074 0.748078 14 16 17
0.115475 -0.000074 0.749540 14 16 17
0.119606 -0.000073 0.750497 14 16 17
0.123723 -0.000072 0.751306 14 16 17
0.127839 -0.000072 0.752065 14 16 17
0.131900 -0.000071 0.752455 15 17 19
0.135940 -0.000071 0.752713 14 16 17
0.139975 -0.000070 0.752924 14 16 17
0.143978 -0.000070 0.752961 14 17 16
0.147966 -0.000069 0.752918 15 18 17
0.151926 -0.000069 0.752738 15 18 17
0.155866 -0.000068 0.752468 15 18 17
0.159758 -0.000068 0.751989 16 18 16
0.163594 -0.000067 0.751272 15 18 17
0.167419 -0.000067 0.750547 15 18 17
0.171212 -0.000066 0.749709 16 18 19
0.174940 -0.000066 0.748635 16 18 19
0.178635 -0.000065 0.747467 16 18 19
0.182278 -0.000065 0.746138 15 18 17
0.185845 -0.000064 0.744565 17 20 19
0.189344 -0.000064 0.742786 17 21 19
0.192803 -0.000064 0.740927 16 21 17
0.196218 -0.000063 0.738979 17 21 19
0.199585 -0.000063 0.736926 16 21 19
0.202867 -0.000062 0.734648 17 22 20
0.206125 -0.000062 0.732369 16 21 20
0.209313 -0.000062 0.729932 17 22 22
0.212444 -0.000061 0.727385 19 21 22
0.215520 -0.000061 0.724747 19 21 22
0.218555 -0.000061 0.722066 20 22 23
0.221524 -0.000060 0.719259 21 23 25
0.224429 -0.000060 0.716346 21 23 23
0.227234 -0.000060 0.713218 21 23 23
0.230009 -0.000060 0.710096 22 23 25
0.232728 -0.000059 0.706907 23 25 26
0.235378 -0.000059 0.703614 23 26 25
0.237959 -0.000059 0.700219 22 25 25
0.240399 -0.000059 0.696520 20 22 22
0.242828 -0.000058 0.692902 18 20 22
0.245261 -0.000058 0.689404 16 18 19
0.247588 -0.000058 0.685713 17 18 20
0.249911 -0.000058 0.682119 17 18 20
0.252284 -0.000058 0.678762 17 18 20
0.254620 -0.000057 0.675404 18 20 22
0.256914 -0.000057 0.672027 18 20 22
0.259178 -0.000057 0.668666 18 20 22
0.261515 -0.000057 0.665582 19 21 22
0.263431 -0.000057 0.661521 19 21 22
0.265325 -0.000057 0.657515 24 26 26
0.268336 -0.000056 0.656342 86 92 88
0.271973 -0.000056 0.656712 77 77 76
0.276057 -0.000055 0.658137 77 71 71
0.010264 0.003333 0.639233 81 82 78
0.013672 0.003338 0.639959 53 56 53
0.017178 0.003360 0.644062 19 23 25
0.020869 0.003407 0.652555 18 21 22
0.024663 0.003455 0.661430 17 18 20
0.028516 0.003499 0.669473 16 18 19
0.032368 0.003533 0.675706 15 17 19
0.036342 0.003573 0.682984 15 17 19
0.040406 0.003614 0.690480 15 17 19
0.044507 0.003651 0.697311 15 17 19
0.048630 0.003684 0.703414 14 16 17
0.052763 0.003714 0.708772 14 16 17
0.056912 0.003741 0.713632 14 16 17
0.061072 0.003765 0.718004 13 15 16
0.065245 0.003787 0.722003 14 16 17
0.069446 0.003808 0.725863 14 16 17
0.073653 0.003828 0.729367 14 16 17
0.077865 0.003845 0.732573 14 16 17
0.082108 0.003863 0.735756 14 16 17
0.086341 0.003879 0.738553 13 15 16
0.090594 0.003894 0.741279 13 16 16
0.094858 0.003909 0.743865 13 15 16
0.099135 0.003922 0.746334 13 15 16
0.103380 0.003934 0.748388 13 15 16
0.107609 0.003944 0.750178 13 15 16
0.111847 0.003954 0.751901 13 15 16
0.116071 0.003963 0.753415 14 15 16
0.120262 0.003970 0.754619 14 15 16
0.124406 0.003975 0.755460 14 15 16
0.128541 0.003980 0.756195 15 15 16
0.132636 0.003983 0.756656 15 16 17
0.136697 0.003984 0.756903 14 17 16
0.140745 0.003986 0.757071 13 15 16
0.144769 0.003987 0.757099 14 16 17
0.148768 0.003987 0.756996 14 17 17
0.152739 0.003986 0.756767 17 18 17
0.156687 0.003985 0.756431 15 18 17
0.160605 0.003983 0.755979 15 17 19
0.164452 0.003979 0.755217 15 17 19
0.168189 0.003973 0.753997 15 18 17
0.171997 0.003969 0.753150 16 18 19
0.175732 0.003963 0.752023 16 18 19
0.179426 0.003957 0.750778 15 18 17
0.183063 0.003950 0.749353 16 18 19
0.186648 0.003942 0.747781 16 18 19
0.190144 0.003932 0.745924 15 18 19
0.193602 0.003923 0.744000 15 20 19
0.197026 0.003912 0.742021 15 20 19
0.200401 0.003902 0.739941 16 21 19
0.203683 0.003889 0.737603 16 21 19
0.206922 0.003877 0.735203 16 21 19
0.210120 0.003864 0.732747 17 21 22
0.213244 0.003850 0.730124 19 21 22
0.216298 0.003836 0.727362 19 21 22
0.219313 0.003821 0.724571 20 22 23
0.222247 0.003806 0.721609 20 22 23
0.225118 0.003790 0.718547 20 23 22
0.227894 0.003772 0.715289 21 23 23
0.230631 0.003755 0.712020 20 22 23
0.233327 0.003738 0.708728 21 23 23
0.235968 0.003720 0.705378 23 26 25
0.238554 0.003702 0.701970 23 26 25
0.241015 0.003683 0.698305 22 23 25
0.243462 0.003664 0.694712 21 23 25
0.245887 0.003645 0.691164 20 22 23
0.248198 0.003625 0.687405 18 21 22
0.250493 0.003605 0.683709 17 18 20
0.252788 0.003586 0.680121 16 18 19
0.255042 0.003567 0.676523 16 18 19
0.257243 0.003548 0.672889 17 18 20
0.259468 0.003529 0.669415 17 18 20
0.261785 0.003513 0.666270 17 18 20
0.263857 0.003493 0.662591 18 20 22
0.265767 0.003472 0.658610 20 23 22
0.267672 0.003451 0.654719 23 26 25
0.270667 0.003445 0.653560 78 81 81
0.274239 0.003447 0.653805 81 78 78
0.278712 0.003460 0.656165 75 76 72
0.006836 0.006722 0.635987 83 87 82
0.010194 0.006711 0.634890 78 80 74
0.013617 0.006739 0.637403 28 29 26
0.017200 0.006820 0.644898 21 22 25
0.020953 0.006931 0.655194 18 20 22
0.024783 0.007033 0.664647 16 18 19
0.028586 0.007103 0.671123 16 18 19
0.032492 0.007180 0.678283 15 17 19
0.036494 0.007262 0.685837 15 17 19
0.040586 0.007346 0.693553 14 16 17
0.044719 0.007422 0.700643 14 16 17
0.048881 0.007492 0.707052 14 16 17
0.053051 0.007553 0.712650 14 16 17
0.057232 0.007607 0.717641 14 16 17
0.061422 0.007656 0.722125 13 15 16
0.065614 0.007699 0.726090 13 15 16
0.069830 0.007740 0.729877 14 16 17
0.074052 0.007778 0.733325 13 15 16
0.078283 0.007812 0.736513 13 15 16
0.082545 0.007847 0.739669 13 15 16
0.086798 0.007878 0.742464 13 15 16
0.091069 0.007907 0.745170 13 15 17
0.095350 0.007935 0.747722 13 15 16
0.099627 0.007961 0.750044 13 15 16
0.103889 0.007983 0.752076 12 14 16
0.108216 0.008009 0.754412 13 15 16
0.112448 0.008026 0.755944 13 15 16
0.116657 0.008040 0.757219 13 15 16
0.120836 0.008052 0.758223 13 15 16
0.125004 0.008061 0.759093 13 15 16
0.129147 0.008069 0.759761 13 15 16
0.133261 0.008075 0.760227 13 15 16
0.137355 0.008079 0.760553 14 17 16
0.141420 0.008081 0.760704 13 16 16
0.145456 0.008081 0.760692 13 15 16
0.149469 0.008081 0.760567 14 16 17
0.153454 0.008078 0.760312 14 16 17
0.157401 0.008074 0.759880 14 17 17
0.161315 0.008069 0.759318 15 18 17
0.165180 0.008061 0.758559 15 18 17
0.169020 0.008053 0.757725 15 18 17
0.172833 0.008043 0.756809 16 18 19
0.176582 0.008032 0.755663 15 18 19
0.180182 0.008014 0.753945 16 18 19
0.183829 0.007998 0.752490 16 18 19
0.187419 0.007981 0.750873 16 18 19
0.190929 0.007962 0.749007 15 18 17
0.194404 0.007942 0.747081 16 18 19
0.197836 0.007921 0.745074 16 20 19
0.201218 0.007898 0.742959 16 21 19
0.204499 0.007873 0.740560 16 21 19
0.207733 0.007847 0.738083 16 21 20
0.210922 0.007820 0.735545 17 21 20
0.214044 0.007792 0.732865 18 20 22
0.217106 0.007762 0.730083 19 22 22
0.220123 0.007732 0.727246 20 22 23
0.223050 0.007700 0.724217 20 22 23
0.225903 0.007666 0.721052 20 23 23
0.228667 0.007631 0.717717 20 22 22
0.231375 0.007594 0.714318 20 23 22
0.234033 0.007558 0.710875 21 23 25
0.236637 0.007521 0.707379 22 25 25
0.239199 0.007483 0.703869 23 26 25
0.241627 0.007443 0.700079 23 26 25
0.244057 0.007404 0.696412 23 26 25
0.246488 0.007366 0.692853 22 25 25
0.248808 0.007326 0.689096 21 23 23
0.251104 0.007286 0.685379 17 20 20
0.253363 0.007247 0.681669 17 18 19
0.255577 0.007207 0.677944 16 18 19
0.257718 0.007166 0.674132 16 18 19
0.259878 0.007127 0.670474 16 18 19
0.262116 0.007091 0.667112 17 18 20
0.264199 0.007052 0.663450 17 18 20
0.266271 0.007014 0.659859 18 21 20
0.268082 0.006970 0.655724 19 23 22
0.270049 0.006931 0.652068 22 26 25
0.273049 0.006919 0.650969 86 85 84
0.276528 0.006920 0.651026 74 77 75
0.281194 0.006951 0.653838 75 76 76
0.006792 0.010065 0.631984 80 83 78
0.010148 0.010067 0.632090 64 65 62
0.013605 0.010144 0.636841 25 25 25
0.017258 0.010310 0.647084 19 21 22
0.021047 0.010488 0.658151 18 20 22
0.024890 0.010640 0.667548 16 18 19
0.028699 0.010741 0.673770 15 17 19
0.032627 0.010860 0.681122 15 17 19
0.036658 0.010986 0.688936 15 17 19
0.040775 0.011113 0.696792 14 16 17
0.044936 0.011231 0.704046 14 16 17
0.049133 0.011339 0.710704 14 16 17
0.053343 0.011434 0.716575 14 16 17
0.057559 0.011518 0.721746 13 15 16
0.061779 0.011592 0.726321 13 15 16
0.065991 0.011656 0.730271 13 15 16
0.070222 0.011716 0.733977 13 15 16
0.074456 0.011771 0.737326 13 15 16
0.078702 0.011822 0.740452 13 15 16
0.082975 0.011872 0.743527 12 14 16
0.087248 0.011917 0.746319 13 15 19
0.091543 0.011962 0.749050 12 14 17
0.095840 0.012003 0.751571 13 15 16
0.100129 0.012040 0.753827 12 14 16
0.104480 0.012081 0.756360 12 14 16
0.108759 0.012112 0.758200 12 14 16
0.113004 0.012136 0.759684 12 14 16
0.117230 0.012157 0.760939 12 14 16
0.121427 0.012173 0.761932 12 14 16
0.125609 0.012187 0.762767 13 15 16
0.129773 0.012199 0.763447 13 15 16
0.133911 0.012207 0.763936 13 15 16
0.138024 0.012213 0.764256 13 15 16
0.142105 0.012216 0.764391 13 15 16
0.146162 0.012216 0.764387 13 15 16
0.150197 0.012215 0.764276 14 15 16
0.154191 0.012211 0.763961 13 15 16
0.158139 0.012203 0.763447 14 16 17
0.162057 0.012193 0.762815 14 16 17
0.165925 0.012180 0.761984 14 16 17
0.169769 0.012166 0.761083 14 17 16
0.173590 0.012151 0.760126 15 18 17
0.177358 0.012134 0.758987 15 18 17
0.181065 0.012112 0.757641 15 18 17
0.184623 0.012082 0.755742 16 18 19
0.188220 0.012056 0.754082 16 18 19
0.191720 0.012025 0.752111 16 18 19
0.195210 0.011994 0.750181 16 18 19
0.198653 0.011962 0.748152 16 18 19
0.202048 0.011928 0.746027 17 20 19
0.205333 0.011889 0.743582 17 20 19
0.208578 0.011849 0.741088 17 20 19
0.211762 0.011808 0.738475 17 20 19
0.214847 0.011762 0.735618 18 20 22
0.217913 0.011717 0.732796 20 22 23
0.220950 0.011672 0.729979 19 21 22
0.223868 0.011623 0.726875 19 21 22
0.226707 0.011571 0.723621 19 21 22
0.229477 0.011517 0.720262 20 23 22
0.232185 0.011462 0.716819 20 23 22
0.234786 0.011403 0.713163 21 23 25
0.237336 0.011344 0.709469 21 23 22
0.239866 0.011286 0.705833 22 25 25
0.242255 0.011223 0.701902 22 25 25
0.244664 0.011163 0.698144 22 25 25
0.247071 0.011104 0.694494 23 26 25
0.249390 0.011044 0.690709 21 23 23
0.251679 0.010983 0.686948 20 23 22
0.253918 0.010923 0.683162 20 22 22
0.256116 0.010862 0.679375 16 18 19
0.258229 0.010799 0.675469 16 18 19
0.260337 0.010738 0.671659 15 17 19
0.262467 0.010680 0.668007 16 18 19
0.264463 0.010617 0.664114 17 18 20
0.266431 0.010555 0.660258 17 20 19
0.268346 0.010493 0.656369 18 21 20
0.270221 0.010431 0.652484 19 23 22
0.272264 0.010377 0.649099 23 26 23
0.275119 0.010355 0.647709 78 81 81
0.278888 0.010367 0.648478 74 76 77
0.283726 0.010420 0.651684 74 75 82
0.006751 0.013370 0.628218 74 79 74
0.010104 0.013395 0.629375 33 33 33
0.013612 0.013563 0.637196 23 23 25
0.017359 0.013857 0.650865 19 21 22
0.021146 0.014081 0.661254 18 20 22
0.024964 0.014259 0.669530 16 18 19
0.028831 0.014418 0.676898 15 17 19
0.032781 0.014578 0.684333 14 16 17
0.036834 0.014748 0.692250 14 16 17
0.040973 0.014919 0.700186 16 16 17
0.045161 0.015078 0.707570 16 16 17
0.049390 0.015226 0.714424 13 15 16
0.053639 0.015358 0.720558 13 15 16
0.057888 0.015473 0.725879 13 15 16
0.062131 0.015572 0.730468 13 15 16
0.066362 0.015657 0.734387 13 15 16
0.070607 0.015735 0.738007 13 15 16
0.074855 0.015806 0.741288 13 15 16
0.079120 0.015873 0.744391 12 14 17
0.083411 0.015939 0.747441 12 14 17
0.087702 0.015999 0.750211 12 14 17
0.092061 0.016066 0.753292 12 14 17
0.096393 0.016123 0.755907 12 14 16
0.100700 0.016171 0.758124 11 13 14
0.105007 0.016215 0.760173 11 13 14
0.109306 0.016255 0.762014 11 13 14
0.113563 0.016287 0.763447 12 14 16
0.117803 0.016313 0.764663 12 14 16
0.122021 0.016335 0.765662 12 14 16
0.126221 0.016354 0.766489 12 14 16
0.130399 0.016368 0.767129 12 14 16
0.134562 0.016380 0.767651 12 14 16
0.138697 0.016388 0.767985 13 15 16
0.142796 0.016391 0.768106 12 14 16
0.146872 0.016391 0.768104 12 14 16
0.150921 0.016389 0.767961 13 15 16
0.154922 0.016381 0.767586 13 15 16
0.158874 0.016369 0.766997 13 15 16
0.162797 0.016355 0.766299 13 15 16
0.166670 0.016336 0.765407 13 15 16
0.170517 0.016316 0.764441 14 16 17
0.174341 0.016294 0.763415 14 17 17
0.178118 0.016270 0.762237 15 18 17
0.181839 0.016241 0.760881 15 18 17
0.185511 0.016209 0.759377 15 17 19
0.189008 0.016164 0.757243 15 18 17
0.192531 0.016122 0.755292 15 18 19
0.196029 0.016081 0.753329 16 18 19
0.199481 0.016037 0.751270 17 18 20
0.202881 0.015991 0.749102 17 20 19
0.206169 0.015938 0.746610 18 21 20
0.209397 0.015882 0.743998 17 20 19
0.212573 0.015825 0.741305 18 21 20
0.215651 0.015762 0.738370 19 21 22
0.218702 0.015700 0.735450 19 21 22
0.221759 0.015641 0.732654 19 22 22
0.224673 0.015573 0.729487 19 22 22
0.227495 0.015501 0.726138 20 22 22
0.230285 0.015430 0.722797 20 23 22
0.233000 0.015356 0.719334 20 23 22
0.235571 0.015275 0.715549 21 23 23
0.238088 0.015193 0.711719 22 25 25
0.240580 0.015113 0.707935 23 26 25
0.242924 0.015025 0.703840 22 25 25
0.245301 0.014942 0.699961 22 25 25
0.247635 0.014859 0.696080 22 25 22
0.249936 0.014777 0.692221 23 26 25
0.252218 0.014695 0.688422 22 25 25
0.254424 0.014612 0.684525 21 23 25
0.256587 0.014529 0.680624 20 22 23
0.258670 0.014443 0.676625 16 18 19
0.260761 0.014360 0.672753 16 18 19
0.262821 0.014278 0.668908 16 18 19
0.264709 0.014189 0.664734 16 18 19
0.266552 0.014099 0.660559 17 18 20
0.268356 0.014010 0.656396 17 20 19
0.270305 0.013931 0.652688 19 22 22
0.272295 0.013856 0.649174 21 23 23
0.274101 0.013773 0.645313 27 29 29
0.277483 0.013771 0.645213 92 94 95
0.281171 0.013785 0.645818 71 73 75
0.003404 0.016670 0.625820 83 85 78
0.006708 0.016629 0.624265 77 81 76
0.010062 0.016697 0.626801 24 23 23
0.013632 0.017002 0.638150 19 21 22
0.017429 0.017415 0.653524 18 18 20
0.021221 0.017687 0.663630 17 18 20
0.025053 0.017910 0.671938 16 18 19
0.028961 0.018125 0.679943 15 17 19
0.032932 0.018329 0.687505 15 17 19
0.037005 0.018543 0.695468 14 16 17
0.041167 0.018759 0.703518 14 16 17
0.045383 0.018962 0.711056 14 16 17
0.049644 0.019152 0.718094 13 15 16
0.053929 0.019323 0.724455 13 15 16
0.058208 0.019469 0.729898 13 15 16
0.062471 0.019592 0.734466 12 14 16
0.066721 0.019697 0.738355 11 13 16
0.070979 0.019793 0.741898 11 13 16
0.075240 0.019879 0.745101 11 13 16
0.079556 0.019971 0.748498 11 13 16
0.083887 0.020058 0.751708 11 13 16
0.088195 0.020131 0.754427 11 13 16
0.092530 0.020204 0.757131 11 13 16
0.096870 0.020273 0.759650 11 13 16
0.101197 0.020333 0.761872 11 13 14
0.105522 0.020388 0.763909 10 12 13
0.109841 0.020438 0.765746 10 12 13
0.114118 0.020477 0.767178 10 12 14
0.118374 0.020510 0.768372 11 13 14
0.122614 0.020537 0.769383 13 14 16
0.126829 0.020559 0.770179 12 14 16
0.131022 0.020576 0.770798 12 14 16
0.135210 0.020592 0.771352 11 13 16
0.139371 0.020602 0.771718 12 14 16
0.143492 0.020606 0.771853 12 14 16
0.147583 0.020606 0.771823 12 14 16
0.151648 0.020602 0.771661 13 15 17
0.155656 0.020591 0.771226 13 15 16
0.159613 0.020574 0.770564 13 15 16
0.163548 0.020555 0.769836 13 15 16
0.167431 0.020530 0.768901 13 15 16
0.171285 0.020504 0.767882 13 15 16
0.175103 0.020474 0.766754 14 16 17
0.178882 0.020441 0.765510 14 17 17
0.182604 0.020403 0.764081 15 18 17
0.186293 0.020363 0.762580 15 18 19
0.189911 0.020318 0.760861 14 18 19
0.193342 0.020254 0.758476 16 17 19
0.196840 0.020200 0.756446 16 18 17
0.200295 0.020144 0.754339 16 18 19
0.203698 0.020085 0.752118 16 18 19
0.206980 0.020017 0.749550 16 18 19
0.210208 0.019946 0.746882 17 20 19
0.213363 0.019870 0.744060 17 18 20
0.216445 0.019791 0.741089 18 20 22
0.219487 0.019711 0.738092 18 20 22
0.222504 0.019632 0.735117 19 21 22
0.225397 0.019544 0.731840 20 22 23
0.228240 0.019456 0.728518 20 22 23
0.230995 0.019362 0.725026 21 23 23
0.233700 0.019268 0.721497 21 23 23
0.236294 0.019168 0.717743 21 23 23
0.238799 0.019064 0.713846 23 23 23
0.241264 0.018959 0.709950 22 25 25
0.243588 0.018847 0.705765 23 26 25
0.245932 0.018740 0.701765 22 25 25
0.248219 0.018632 0.697724 22 25 25
0.250499 0.018527 0.693780 22 25 25
0.252761 0.018423 0.689905 23 26 25
0.254951 0.018317 0.685943 22 25 25
0.257091 0.018211 0.681964 21 23 23
0.259170 0.018103 0.677934 19 21 22
0.261230 0.017997 0.673966 19 21 22
0.263213 0.017888 0.669906 17 18 20
0.265034 0.017772 0.665552 16 18 19
0.266843 0.017658 0.661281 16 18 19
0.268648 0.017546 0.657110 17 18 20
0.270570 0.017445 0.653330 19 21 22
0.272499 0.017347 0.649662 19 21 22
0.274357 0.017246 0.645917 20 22 23
0.276365 0.017158 0.642615 35 37 39
0.279514 0.017142 0.642014 102 104 106
0.283177 0.017158 0.642592 73 75 74
0.003380 0.019885 0.621525 80 83 76
0.006676 0.019878 0.621296 65 68 65
0.010030 0.019991 0.624804 20 22 22
0.013752 0.020603 0.643807 18 20 22
0.017498 0.021000 0.656120 17 18 20
0.021300 0.021322 0.666118 16 18 19
0.025153 0.021596 0.674626 14 16 17
0.029096 0.021870 0.683126 15 17 19
0.033095 0.022122 0.690921 14 16 17
0.037189 0.022380 0.698928 14 16 17
0.041375 0.022643 0.707066 15 16 17
0.045624 0.022893 0.714841 15 16 17
0.049914 0.023125 0.722010 12 14 16
0.054221 0.023330 0.728390 12 14 16
0.058527 0.023508 0.733903 12 14 16
0.062813 0.023657 0.738490 11 13 14
0.067087 0.023784 0.742418 11 13 16
0.071367 0.023898 0.745956 10 12 14
0.075663 0.024006 0.749297 11 13 16
0.079995 0.024114 0.752631 10 12 14
0.084317 0.024209 0.755562 10 12 14
0.088641 0.024296 0.758250 10 12 14
0.092995 0.024383 0.760937 10 12 14
0.097350 0.024464 0.763421 11 13 16
0.101691 0.024534 0.765595 10 12 14
0.106031 0.024599 0.767593 10 12 13
0.110365 0.024658 0.769407 10 12 13
0.114665 0.024706 0.770860 10 12 13
0.118939 0.024744 0.772042 11 13 14
0.123196 0.024777 0.773040 11 13 16
0.127430 0.024803 0.773834 11 13 14
0.131645 0.024824 0.774466 11 13 14
0.135854 0.024842 0.775026 12 14 16
0.140033 0.024855 0.775390 12 14 16
0.144174 0.024860 0.775522 12 14 16
0.148280 0.024858 0.775469 15 15 16
0.152364 0.024854 0.775306 12 14 16
0.156387 0.024840 0.774851 12 14 16
0.160354 0.024818 0.774145 13 15 16
0.164300 0.024793 0.773375 12 14 16
0.168192 0.024762 0.772399 13 15 16
0.172048 0.024728 0.771305 13 15 16
0.175859 0.024688 0.770068 13 15 16
0.179634 0.024646 0.768730 14 16 17
0.183352 0.024598 0.767212 14 17 16
0.187046 0.024548 0.765667 14 16 17
0.190667 0.024492 0.763890 14 16 17
0.194223 0.024429 0.761936 14 16 17
0.197689 0.024358 0.759713 14 16 17
0.201100 0.024283 0.757374 15 17 19
0.204499 0.024210 0.755077 15 18 17
0.207781 0.024126 0.752450 15 18 17
0.211003 0.024038 0.749707 16 18 19
0.214145 0.023945 0.746788 17 18 20
0.217239 0.023849 0.743809 17 20 19
0.220284 0.023752 0.740775 18 20 22
0.223284 0.023653 0.737693 19 22 22
0.226172 0.023546 0.734359 19 22 22
0.228993 0.023436 0.730922 19 22 22
0.231741 0.023322 0.727370 20 23 22
0.234422 0.023205 0.723728 21 23 23
0.237013 0.023083 0.719929 21 23 23
0.239517 0.022957 0.715991 22 23 22
0.241970 0.022830 0.712026 21 23 23
0.244269 0.022692 0.707739 22 25 25
0.246574 0.022559 0.703596 23 26 25
0.248837 0.022426 0.699461 23 26 25
0.251096 0.022297 0.695435 23 26 23
0.253315 0.022168 0.691417 22 25 25
0.255463 0.022037 0.687321 23 26 25
0.257578 0.021906 0.683255 22 25 25
0.259644 0.021775 0.679173 22 23 25
0.261690 0.021646 0.675151 20 22 23
0.263641 0.021512 0.670996 17 18 20
0.265449 0.021371 0.666594 16 18 19
0.267216 0.021230 0.662205 16 18 19
0.268987 0.021093 0.657939 16 18 19
0.270901 0.020971 0.654130 17 18 20
0.272669 0.020840 0.650067 19 21 22
0.274476 0.020716 0.646197 21 23 25
0.276413 0.020605 0.642727 26 26 28
0.278369 0.020497 0.639385 49 52 52
0.281530 0.020481 0.638856 97 98 97
0.285593 0.020530 0.640363 75 73 74
0.003361 0.023088 0.618174 77 81 75
0.006645 0.023101 0.618503 43 46 44
0.010036 0.023355 0.625245 21 21 22
0.013813 0.024159 0.646652 21 21 22
0.017574 0.024623 0.658996 16 18 19
0.021393 0.025000 0.669025 16 17 19
0.025266 0.025324 0.677656 14 16 17
0.029230 0.025649 0.686286 14 16 17
0.033258 0.025951 0.694332 14 16 17
0.037378 0.026258 0.702490 14 16 17
0.041591 0.026569 0.710768 14 15 16
0.045871 0.026868 0.718720 13 15 16
0.050181 0.027138 0.725878 12 14 16
0.054513 0.027380 0.732317 11 13 14
0.058846 0.027591 0.737909 11 13 14
0.063150 0.027762 0.742460 11 13 14
0.067455 0.027914 0.746488 10 12 14
0.071802 0.028066 0.750516 9 10 13
0.076113 0.028188 0.753757 10 12 14
0.080436 0.028302 0.756782 9 10 13
0.084777 0.028412 0.759691 9 10 13
0.089127 0.028514 0.762403 9 10 13
0.093496 0.028614 0.765040 10 12 14
0.097857 0.028703 0.767401 10 12 14
0.102209 0.028782 0.769497 10 12 14
0.106562 0.028856 0.771442 10 12 13
0.110910 0.028923 0.773208 11 13 14
0.115219 0.028975 0.774585 12 14 16
0.119508 0.029019 0.775736 12 14 16
0.123781 0.029056 0.776713 12 14 16
0.128038 0.029087 0.777525 12 14 16
0.132278 0.029113 0.778193 12 14 16
0.136510 0.029135 0.778769 13 15 16
0.140708 0.029149 0.779129 13 15 16
0.144858 0.029153 0.779205 13 15 16
0.148983 0.029151 0.779146 15 15 16
0.153083 0.029145 0.778965 14 15 16
0.157122 0.029128 0.778491 13 15 16
0.161102 0.029101 0.777760 12 14 16
0.165059 0.029071 0.776952 12 14 16
0.168960 0.029033 0.775930 13 15 16
0.172811 0.028988 0.774727 13 15 16
0.176625 0.028940 0.773422 13 15 16
0.180392 0.028886 0.771977 12 14 16
0.184100 0.028826 0.770345 13 15 16
0.187781 0.028763 0.768675 13 15 16
0.191429 0.028699 0.766944 14 16 17
0.194992 0.028625 0.764953 14 17 16
0.198510 0.028547 0.762869 14 17 16
0.201983 0.028466 0.760697 14 17 17
0.205288 0.028365 0.757994 15 17 19
0.208582 0.028266 0.755353 16 18 19
0.211806 0.028162 0.752564 15 18 17
0.214975 0.028054 0.749684 16 18 19
0.218071 0.027941 0.746659 17 18 19
0.221104 0.027824 0.743532 18 21 20
0.224086 0.027705 0.740345 18 20 22
0.226972 0.027578 0.736956 18 21 20
0.229760 0.027444 0.733369 18 21 20
0.232496 0.027308 0.729739 20 23 22
0.235166 0.027169 0.726024 20 23 22
0.237730 0.027022 0.722107 20 23 22
0.240224 0.026872 0.718107 23 23 22
0.242675 0.026723 0.714104 23 23 22
0.244957 0.026559 0.709733 22 25 25
0.247241 0.026400 0.705501 22 25 25
0.249494 0.026243 0.701309 22 25 23
0.251732 0.026089 0.697197 22 25 22
0.253923 0.025935 0.693076 22 25 23
0.256008 0.025774 0.688789 21 23 22
0.258081 0.025617 0.684590 22 25 22
0.260105 0.025459 0.680380 21 23 22
0.262110 0.025304 0.676237 21 23 22
0.264048 0.025146 0.672034 19 21 22
0.265856 0.024981 0.667617 17 18 20
0.267547 0.024809 0.663027 16 18 19
0.269299 0.024647 0.658703 16 18 19
0.271208 0.024503 0.654872 17 18 20
0.272932 0.024347 0.650696 18 20 22
0.274625 0.024191 0.646549 20 22 23
0.276474 0.024053 0.642869 21 23 25
0.278104 0.023900 0.638776 24 26 25
0.280250 0.023794 0.635952 77 79 79
0.283855 0.023814 0.636467 75 78 78
0.287380 0.023827 0.636790 77 75 73
0.000079 0.026297 0.615781 86 87 80
0.003345 0.026278 0.615337 80 81 77
0.006624 0.026333 0.616603 27 29 28
0.010026 0.026677 0.624614 22 22 23
0.013858 0.027716 0.648810 18 18 20
0.017647 0.028271 0.661758 17 18 19
0.021480 0.028701 0.671760 16 17 19
0.025370 0.029075 0.680456 16 17 19
0.029360 0.029456 0.689345 16 17 19
0.033420 0.029816 0.697707 16 16 17
0.037565 0.030173 0.706015 14 16 17
0.041808 0.030536 0.714479 15 16 17
0.046117 0.030884 0.722576 14 15 16
0.050456 0.031198 0.729865 11 13 14
0.054818 0.031479 0.736415 11 13 14
0.059169 0.031718 0.741965 11 13 14
0.063486 0.031910 0.746421 10 12 16
0.067859 0.032105 0.750960 10 12 13
0.072194 0.032262 0.754611 9 10 13
0.076530 0.032403 0.757891 10 12 13
0.080874 0.032534 0.760913 10 12 13
0.085231 0.032656 0.763763 10 12 13
0.089592 0.032770 0.766384 11 13 14
0.093962 0.032876 0.768858 11 13 14
0.098323 0.032971 0.771052 11 13 14
0.102682 0.033058 0.773061 12 14 16
0.107042 0.033138 0.774916 12 14 16
0.111397 0.033211 0.776601 13 15 17
0.115716 0.033268 0.777926 13 15 16
0.120015 0.033316 0.779030 12 14 16
0.124303 0.033358 0.779987 12 14 16
0.128584 0.033395 0.780849 13 15 16
0.132847 0.033426 0.781542 14 16 17
0.137097 0.033451 0.782122 14 16 17
0.141315 0.033468 0.782490 14 16 17
0.145476 0.033470 0.782530 15 18 17
0.149615 0.033467 0.782454 14 16 17
0.153737 0.033461 0.782296 15 15 17
0.157797 0.033442 0.781837 14 16 19
0.161791 0.033410 0.781087 15 17 19
0.165755 0.033374 0.780231 13 15 16
0.169665 0.033329 0.779165 14 16 17
0.173519 0.033275 0.777906 13 15 16
0.177334 0.033217 0.776530 13 15 16
0.181098 0.033152 0.774996 13 15 16
0.184810 0.033080 0.773318 13 15 16
0.188493 0.033007 0.771593 13 15 16
0.192146 0.032931 0.769818 14 17 16
0.195716 0.032845 0.767793 14 16 17
0.199224 0.032752 0.765616 14 16 17
0.202706 0.032658 0.763424 14 17 16
0.206106 0.032555 0.761015 14 17 16
0.209318 0.032427 0.758020 14 17 16
0.212567 0.032310 0.755268 15 18 17
0.215738 0.032185 0.752345 15 18 17
0.218835 0.032054 0.749278 15 18 17
0.221867 0.031918 0.746098 17 18 20
0.224841 0.031779 0.742842 17 18 20
0.227723 0.031631 0.739397 18 21 20
0.230505 0.031475 0.735750 18 21 20
0.233200 0.031313 0.731952 18 21 22
0.235865 0.031151 0.728185 19 22 22
0.238424 0.030981 0.724217 20 23 22
0.240897 0.030806 0.720119 21 23 22
0.243338 0.030632 0.716055 21 23 20
0.245613 0.030443 0.711636 23 23 22
0.247890 0.030259 0.707354 22 23 23
0.250129 0.030077 0.703093 22 25 22
0.252342 0.029897 0.698888 23 26 25
0.254516 0.029717 0.694697 22 25 25
0.256565 0.029529 0.690289 22 25 23
0.258595 0.029343 0.685956 22 25 25
0.260584 0.029158 0.681635 22 25 23
0.262561 0.028977 0.677400 21 23 23
0.264474 0.028793 0.673119 20 22 23
0.266276 0.028603 0.668673 20 23 22
0.267926 0.028401 0.663967 17 18 20
0.269633 0.028211 0.659522 17 18 20
0.271449 0.028037 0.655456 17 18 20
0.273095 0.027849 0.651084 18 20 22
0.274745 0.027667 0.646833 20 22 23
0.276507 0.027501 0.642947 19 21 22
0.278169 0.027329 0.638928 22 23 25
0.279538 0.027132 0.634337 28 29 28
0.282239 0.027068 0.632845 100 106 101
0.285738 0.027082 0.633155 74 75 72
0.000078 0.029413 0.612002 86 86 81
0.003331 0.029458 0.612916 80 80 76
0.006604 0.029546 0.614740 22 22 23
0.010033 0.030045 0.625061 21 21 22
0.013901 0.031288 0.650824 19 18 20
0.017710 0.031931 0.664120 18 18 19
0.021531 0.032377 0.673363 17 17 19
0.025457 0.032833 0.682800 14 16 17
0.029467 0.033271 0.691873 16 16 17
0.033562 0.033697 0.700684 14 16 17
0.037750 0.034123 0.709497 14 15 16
0.042022 0.034541 0.718157 13 15 16
0.046358 0.034938 0.726363 13 14 16
0.050728 0.035298 0.733804 11 13 14
0.055118 0.035619 0.740453 11 13 14
0.059484 0.035884 0.745921 10 12 14
0.063819 0.036097 0.750332 10 12 14
0.068213 0.036318 0.754892 10 12 13
0.072573 0.036496 0.758577 10 12 13
0.076925 0.036653 0.761805 10 12 14
0.081287 0.036798 0.764799 11 13 16
0.085655 0.036931 0.767560 11 14 13
0.090016 0.037051 0.770019 11 13 14
0.094390 0.037165 0.772369 12 14 16
0.098756 0.037266 0.774451 12 14 16
0.103119 0.037358 0.776355 12 14 16
0.107476 0.037441 0.778066 13 15 16
0.111834 0.037519 0.779656 13 15 16
0.116163 0.037581 0.780938 13 15 16
0.120462 0.037630 0.781936 14 16 17
0.124758 0.037675 0.782851 14 16 17
0.129055 0.037717 0.783711 15 17 19
0.133325 0.037749 0.784358 16 18 19
0.137582 0.037775 0.784894 16 18 19
0.141816 0.037794 0.785268 16 18 19
0.145996 0.037797 0.785332 15 17 19
0.150151 0.037795 0.785258 15 18 17
0.154300 0.037790 0.785161 15 17 19
0.158388 0.037772 0.784771 15 17 19
0.162397 0.037736 0.784015 15 17 19
0.166368 0.037693 0.783116 14 16 17
0.170295 0.037643 0.782064 14 16 17
0.174166 0.037583 0.780804 15 17 19
0.177985 0.037515 0.779381 15 17 19
0.181757 0.037440 0.777821 14 16 17
0.185474 0.037357 0.776099 13 16 17
0.189152 0.037271 0.774290 14 16 17
0.192805 0.037183 0.772462 14 16 17
0.196384 0.037085 0.770418 14 16 17
0.199892 0.036978 0.768182 14 16 17
0.203365 0.036868 0.765905 14 16 17
0.206757 0.036749 0.763419 14 17 16
0.210059 0.036618 0.760703 14 17 16
0.213233 0.036470 0.757633 14 17 16
0.216412 0.036329 0.754697 15 17 19
0.219501 0.036178 0.751557 15 17 19
0.222532 0.036023 0.748336 16 18 19
0.225504 0.035864 0.745032 17 18 19
0.228385 0.035696 0.741546 17 18 20
0.231170 0.035519 0.737874 17 18 20
0.233868 0.035335 0.734049 19 21 22
0.236512 0.035149 0.730183 20 23 22
0.239092 0.034960 0.726247 20 23 20
0.241567 0.034761 0.722122 19 22 22
0.244002 0.034563 0.718010 20 23 22
0.246272 0.034348 0.713545 21 23 22
0.248536 0.034138 0.709198 22 23 22
0.250763 0.033930 0.704879 22 23 22
0.252957 0.033724 0.700592 21 23 23
0.255111 0.033518 0.696321 21 23 22
0.257143 0.033302 0.691845 21 23 22
0.259147 0.033089 0.687421 21 23 23
0.261108 0.032876 0.683007 21 23 23
0.263058 0.032668 0.678685 22 25 25
0.264943 0.032457 0.674312 20 23 22
0.266724 0.032240 0.669799 20 23 22
0.268364 0.032011 0.665053 19 21 22
0.270027 0.031791 0.660486 17 18 20
0.271756 0.031584 0.656196 17 18 20
0.273341 0.031366 0.651671 18 20 22
0.274916 0.031152 0.647236 18 20 22
0.276545 0.030950 0.643038 19 21 22
0.278063 0.030740 0.638683 19 22 22
0.279430 0.030518 0.634094 23 23 23
0.281298 0.030357 0.630736 35 37 34
0.284029 0.030291 0.629370 110 108 103
0.287819 0.030339 0.630352 74 71 72
0.000077 0.032505 0.608522 86 84 81
0.003312 0.032556 0.609470 84 84 79
0.006580 0.032722 0.612551 21 21 22
0.010045 0.033435 0.625832 20 20 22
0.013942 0.034879 0.652765 19 18 20
0.017769 0.035608 0.666347 17 17 19
0.021591 0.036086 0.675249 17 17 19
0.025543 0.036615 0.685118 16 16 17
0.029576 0.037115 0.694437 14 15 16
0.033703 0.037609 0.703637 15 16 17
0.037931 0.038107 0.712918 13 15 16
0.042243 0.038591 0.721933 12 14 16
0.046599 0.039032 0.730140 13 13 16
0.050981 0.039425 0.737467 11 13 14
0.055390 0.039782 0.744118 11 13 14
0.059787 0.040084 0.749723 9 10 13
0.064187 0.040349 0.754669 10 12 13
0.068546 0.040560 0.758583 10 12 13
0.072915 0.040752 0.762160 11 13 14
0.077281 0.040923 0.765329 11 13 14
0.081658 0.041082 0.768290 11 13 14
0.086038 0.041228 0.771001 11 13 14
0.090416 0.041359 0.773439 13 15 16
0.094804 0.041484 0.775760 13 16 16
0.099174 0.041591 0.777737 14 16 17
0.103534 0.041685 0.779481 14 15 16
0.107883 0.041768 0.781015 14 16 17
0.112238 0.041847 0.782472 15 17 19
0.116567 0.041911 0.783652 16 18 19
0.120868 0.041961 0.784575 17 18 19
0.125167 0.042007 0.785420 18 18 19
0.129468 0.042050 0.786220 17 20 19
0.133748 0.042084 0.786849 19 21 22
0.138009 0.042111 0.787328 19 22 22
0.142251 0.042130 0.787677 18 21 20
0.146459 0.042138 0.787823 18 20 22
0.150655 0.042143 0.787898 18 20 22
0.154831 0.042142 0.787867 17 20 20
0.158940 0.042123 0.787505 16 18 19
0.162982 0.042088 0.786839 16 18 19
0.166964 0.042040 0.785924 16 18 19
0.170891 0.041980 0.784801 16 18 19
0.174772 0.041912 0.783524 15 17 19
0.178609 0.041837 0.782115 15 17 19
0.182395 0.041754 0.780553 15 17 19
0.186115 0.041659 0.778783 15 16 17
0.189791 0.041559 0.776908 15 17 19
0.193437 0.041457 0.774996 15 17 19
0.197020 0.041346 0.772914 14 16 17
0.200538 0.041226 0.770666 14 16 17
0.204023 0.041105 0.768387 14 16 17
0.207424 0.040971 0.765884 14 16 17
0.210734 0.040825 0.763149 14 16 17
0.213893 0.040655 0.759981 14 16 17
0.217069 0.040495 0.756990 14 16 17
0.220155 0.040325 0.753799 14 16 17
0.223185 0.040150 0.750534 15 17 19
0.226167 0.039973 0.747224 16 18 19
0.229057 0.039786 0.743730 16 18 19
0.231833 0.039586 0.739991 17 18 19
0.234513 0.039377 0.736074 17 20 19
0.237146 0.039166 0.732142 19 22 22
0.239711 0.038951 0.728128 18 21 20
0.242188 0.038729 0.723981 19 22 22
0.244615 0.038506 0.719814 20 23 22
0.246878 0.038265 0.715301 19 22 22
0.249141 0.038030 0.710926 21 23 22
0.251354 0.037796 0.706540 21 23 22
0.253528 0.037562 0.702175 20 23 22
0.255656 0.037328 0.697810 20 23 22
0.257677 0.037086 0.693281 21 23 23
0.259666 0.036846 0.688798 21 23 22
0.261601 0.036605 0.684297 22 25 25
0.263508 0.036366 0.679846 21 23 22
0.265342 0.036124 0.675329 21 23 22
0.267087 0.035877 0.670712 21 23 22
0.268689 0.035617 0.665860 20 22 22
0.270337 0.035370 0.661246 19 22 22
0.272026 0.035134 0.656849 18 20 22
0.273546 0.034883 0.652161 17 20 20
0.275003 0.034631 0.647444 18 21 20
0.276495 0.034388 0.642923 19 21 22
0.277804 0.034130 0.638090 19 22 22
0.279200 0.033888 0.633574 22 23 20
0.280806 0.033677 0.629634 24 25 23
0.282817 0.033519 0.626685 74 77 73
0.286184 0.033524 0.626773 83 86 83
0.289761 0.033554 0.627314 77 75 68
0.000076 0.035569 0.605197 86 85 81
0.003293 0.035619 0.606043 80 76 75
0.006561 0.035902 0.610820 21 21 22
0.010049 0.036805 0.626132 20 20 22
0.013982 0.038489 0.654677 19 18 19
0.017828 0.039309 0.668579 17 17 19
0.021662 0.039836 0.677510 17 17 19
0.025630 0.040425 0.687480 16 16 17
0.029688 0.040992 0.697082 15 15 16
0.033842 0.041551 0.706555 15 15 16
0.038110 0.042125 0.716285 12 14 16
0.042470 0.042688 0.725814 13 13 14
0.046850 0.043176 0.734081 11 12 13
0.051245 0.043601 0.741287 11 13 14
0.055664 0.043986 0.747801 10 12 13
0.060108 0.044338 0.753756 10 12 13
0.064474 0.044592 0.758049 10 12 13
0.068833 0.044811 0.761762 11 13 14
0.073209 0.045017 0.765238 12 14 16
0.077589 0.045203 0.768390 12 14 16
0.081980 0.045377 0.771325 12 14 16
0.086371 0.045535 0.773987 12 14 16
0.090767 0.045680 0.776448 13 16 16
0.095168 0.045816 0.778737 16 17 17
0.099543 0.045929 0.780636 14 17 16
0.103896 0.046022 0.782212 15 18 17
0.108235 0.046102 0.783563 17 18 19
0.112580 0.046180 0.784862 19 21 22
0.116892 0.046238 0.785842 20 22 23
0.121195 0.046289 0.786697 21 23 25
0.125489 0.046333 0.787439 23 23 25
0.129791 0.046378 0.788186 25 26 28
0.134078 0.046415 0.788793 26 29 28
0.138335 0.046439 0.789195 26 29 28
0.142587 0.046460 0.789544 25 28 28
0.146810 0.046471 0.789716 25 28 28
0.151030 0.046480 0.789860 25 26 28
0.155224 0.046481 0.789869 23 26 26
0.159368 0.046467 0.789627 22 23 25
0.163456 0.046439 0.789133 21 23 25
0.167474 0.046392 0.788328 20 22 25
0.171423 0.046329 0.787245 20 22 25
0.175330 0.046257 0.786028 18 20 22
0.179186 0.046176 0.784646 18 20 22
0.182985 0.046084 0.783077 16 18 19
0.186734 0.045985 0.781375 15 17 19
0.190425 0.045875 0.779507 15 17 19
0.194067 0.045758 0.777521 15 17 19
0.197653 0.045634 0.775396 15 17 19
0.201171 0.045499 0.773101 14 16 17
0.204669 0.045365 0.770821 14 17 17
0.208065 0.045214 0.768251 14 16 17
0.211373 0.045050 0.765464 14 17 16
0.214644 0.044884 0.762651 14 16 17
0.217727 0.044686 0.759285 14 16 17
0.220812 0.044496 0.756050 14 16 17
0.223853 0.044304 0.752780 15 17 17
0.226837 0.044107 0.749440 14 16 17
0.229740 0.043902 0.745948 15 17 19
0.232522 0.043680 0.742191 16 18 19
0.235173 0.043442 0.738147 16 18 19
0.237786 0.043205 0.734119 17 18 19
0.240346 0.042966 0.730059 17 20 19
0.242811 0.042718 0.725844 19 21 20
0.245218 0.042467 0.721591 20 22 22
0.247469 0.042198 0.717014 20 23 22
0.249735 0.041939 0.712621 20 23 22
0.251921 0.041675 0.708135 20 23 22
0.254064 0.041411 0.703660 20 23 22
0.256178 0.041151 0.699235 20 23 22
0.258193 0.040882 0.694673 21 23 22
0.260172 0.040615 0.690140 21 23 23
0.262086 0.040346 0.685567 21 23 23
0.263976 0.040080 0.681053 21 23 23
0.265759 0.039805 0.676393 20 23 22
0.267454 0.039525 0.671633 20 23 22
0.269014 0.039232 0.666666 21 23 23
0.270637 0.038956 0.661979 21 23 23
0.272286 0.038691 0.657479 19 21 22
0.273750 0.038406 0.652650 17 20 20
0.275139 0.038118 0.647765 18 21 20
0.276562 0.037842 0.643079 18 20 22
0.277712 0.037536 0.637879 21 21 22
0.278839 0.037234 0.632754 22 23 22
0.280287 0.036981 0.628471 22 25 23
0.282195 0.036795 0.625308 27 29 28
0.284667 0.036686 0.623453 106 111 105
0.288331 0.036732 0.624221 77 75 72
0.000076 0.038646 0.602636 88 86 82
0.003273 0.038632 0.602403 77 73 72
0.006517 0.038916 0.606816 24 22 23
0.010043 0.040136 0.625768 22 21 22
0.014015 0.042094 0.656209 19 18 20
0.017877 0.043009 0.670416 17 17 19
0.021753 0.043650 0.680369 17 17 19
0.025710 0.044246 0.689629 16 16 17
0.029784 0.044871 0.699332 15 15 16
0.033966 0.045503 0.709154 14 14 16
0.038289 0.046180 0.719659 13 13 14
0.042701 0.046831 0.729771 10 12 13
0.047115 0.047376 0.738243 10 12 13
0.051515 0.047825 0.745208 10 12 13
0.055937 0.048228 0.751467 10 12 13
0.060380 0.048596 0.757176 10 12 13
0.064739 0.048854 0.761172 11 13 14
0.069096 0.049080 0.764676 11 13 14
0.073470 0.049292 0.767973 12 14 16
0.077854 0.049489 0.771013 13 15 16
0.082248 0.049672 0.773856 14 16 17
0.086643 0.049838 0.776429 14 16 17
0.091037 0.049989 0.778766 15 17 17
0.095422 0.050122 0.780821 18 20 20
0.099780 0.050230 0.782496 19 22 22
0.104113 0.050318 0.783848 21 25 23
0.108443 0.050398 0.785077 24 26 28
0.112771 0.050470 0.786199 27 29 31
0.117086 0.050532 0.787151 29 32 32
0.121397 0.050588 0.788014 32 34 35
0.125682 0.050630 0.788656 32 35 35
0.129978 0.050674 0.789321 34 36 38
0.134265 0.050711 0.789895 35 38 37
0.138519 0.050734 0.790244 36 41 38
0.142774 0.050757 0.790580 38 42 40
0.147001 0.050768 0.790744 38 41 39
0.151220 0.050776 0.790858 39 42 42
0.155418 0.050776 0.790861 41 43 43
0.159582 0.050766 0.790691 37 40 40
0.163700 0.050742 0.790309 37 38 38
0.167765 0.050703 0.789699 34 34 36
0.171775 0.050651 0.788866 26 28 31
0.175756 0.050592 0.787942 25 26 29
0.179679 0.050519 0.786803 23 25 26
0.183520 0.050427 0.785369 20 22 25
0.187306 0.050325 0.783770 19 21 23
0.191020 0.050208 0.781943 18 20 22
0.194678 0.050081 0.779968 17 18 22
0.198272 0.049944 0.777829 16 18 19
0.201789 0.049794 0.775479 15 17 19
0.205274 0.049641 0.773101 16 18 19
0.208654 0.049470 0.770431 15 17 19
0.211969 0.049290 0.767623 15 17 19
0.215249 0.049109 0.764802 14 16 17
0.218471 0.048921 0.761880 14 16 17
0.221428 0.048682 0.758160 14 16 17
0.224477 0.048472 0.754880 14 16 17
0.227455 0.048254 0.751483 14 16 17
0.230365 0.048029 0.747978 15 17 19
0.233151 0.047786 0.744199 15 18 17
0.235788 0.047521 0.740079 16 18 19
0.238396 0.047259 0.736002 16 18 19
0.240962 0.046998 0.731931 16 18 19
0.243420 0.046724 0.727666 18 20 19
0.245808 0.046445 0.723328 18 21 20
0.248055 0.046149 0.718715 19 22 22
0.250309 0.045862 0.714259 19 22 22
0.252471 0.045568 0.709680 19 22 22
0.254600 0.045277 0.705145 19 22 22
0.256678 0.044985 0.700602 20 23 22
0.258685 0.044689 0.695996 21 23 22
0.260649 0.044394 0.691407 20 23 23
0.262539 0.044095 0.686751 19 22 22
0.264393 0.043798 0.682130 21 23 20
0.266126 0.043489 0.677328 20 23 22
0.267774 0.043175 0.672438 20 23 22
0.269321 0.042853 0.667427 20 23 22
0.270934 0.042549 0.662708 20 23 22
0.272577 0.042258 0.658181 19 22 22
0.274027 0.041945 0.653311 18 21 20
0.275349 0.041620 0.648260 17 20 19
0.276679 0.041305 0.643350 17 18 20
0.277747 0.040958 0.637961 18 20 22
0.278772 0.040614 0.632604 20 21 22
0.280057 0.040315 0.627956 22 23 22
0.281499 0.040046 0.623767 22 23 23
0.283537 0.039867 0.620979 61 65 62
0.286327 0.039797 0.619884 92 90 90
0.290817 0.039963 0.622451 77 73 72
0.000075 0.041704 0.600186 88 85 83
0.003251 0.041589 0.598536 80 75 73
0.006479 0.041919 0.603260 25 23 25
0.010021 0.043396 0.624454 22 20 22
0.014047 0.045717 0.657745 18 18 19
0.017926 0.046731 0.672285 17 17 19
0.021814 0.047428 0.682278 16 16 17
0.025795 0.048101 0.691927 15 15 16
0.029884 0.048782 0.701699 14 14 16
0.034100 0.049498 0.711961 13 13 14
0.038477 0.050281 0.723190 12 12 13
0.042933 0.051017 0.733740 10 12 13
0.047362 0.051602 0.742124 10 12 13
0.051759 0.052064 0.748745 10 12 13
0.056168 0.052471 0.754584 10 12 13
0.060589 0.052835 0.759793 10 13 13
0.064948 0.053102 0.763625 11 13 14
0.069305 0.053338 0.766997 13 14 16
0.073682 0.053561 0.770189 13 14 16
0.078057 0.053760 0.773029 14 16 17
0.082445 0.053947 0.775707 15 18 17
0.086826 0.054113 0.778078 17 20 20
0.091194 0.054255 0.780109 21 23 23
0.095539 0.054372 0.781785 24 26 28
0.099857 0.054465 0.783104 26 29 29
0.104149 0.054537 0.784124 27 29 29
0.108453 0.054609 0.785152 30 32 34
0.112759 0.054677 0.786114 30 32 34
0.117071 0.054742 0.787052 32 35 35
0.121371 0.054799 0.787849 35 38 38
0.125632 0.054834 0.788347 36 39 39
0.129900 0.054870 0.788854 39 42 43
0.134183 0.054910 0.789414 38 41 41
0.138450 0.054941 0.789855 39 44 41
0.142685 0.054958 0.790089 42 45 44
0.146909 0.054970 0.790254 43 46 45
0.151134 0.054981 0.790410 44 47 47
0.155310 0.054975 0.790313 45 48 48
0.159475 0.054965 0.790163 45 48 48
0.163623 0.054951 0.789941 46 49 49
0.167745 0.054928 0.789607 46 48 50
0.171825 0.054893 0.789097 45 47 49
0.175914 0.054862 0.788651 40 43 45
0.179968 0.054823 0.788071 34 40 41
0.183887 0.054744 0.786941 31 34 36
0.187732 0.054648 0.785554 26 29 32
0.191504 0.054535 0.783926 23 26 29
0.195208 0.054408 0.782094 21 23 25
0.198819 0.054261 0.779977 19 22 23
0.202344 0.054097 0.777612 18 21 22
0.205829 0.053929 0.775192 17 20 20
0.209224 0.053744 0.772534 16 18 19
0.212540 0.053547 0.769694 15 17 19
0.215831 0.053350 0.766872 15 17 19
0.219071 0.053149 0.763974 15 17 19
0.222039 0.052890 0.760252 15 17 19
0.225064 0.052654 0.756857 14 16 17
0.228036 0.052414 0.753403 13 17 17
0.230932 0.052164 0.749821 14 17 17
0.233700 0.051895 0.745954 14 17 17
0.236337 0.051606 0.741803 14 18 19
0.238942 0.051320 0.737689 16 18 19
0.241504 0.051034 0.733579 15 17 19
0.243963 0.050736 0.729290 16 18 19
0.246339 0.050429 0.724892 18 20 19
0.248583 0.050106 0.720244 19 20 22
0.250827 0.049792 0.715740 18 20 22
0.252971 0.049468 0.711088 19 21 22
0.255087 0.049149 0.706496 19 22 22
0.257131 0.048825 0.701840 20 23 22
0.259112 0.048498 0.697147 20 23 22
0.261053 0.048173 0.692481 20 23 22
0.262911 0.047842 0.687725 20 23 22
0.264717 0.047511 0.682968 20 23 23
0.266417 0.047169 0.678068 20 23 22
0.268031 0.046822 0.673084 18 21 20
0.269559 0.046469 0.668017 20 22 23
0.271133 0.046134 0.663196 19 22 22
0.272756 0.045815 0.658615 19 22 22
0.274201 0.045474 0.653726 18 21 20
0.275502 0.045119 0.648620 17 20 20
0.276773 0.044767 0.643570 18 20 22
0.277818 0.044388 0.638125 18 21 22
0.278789 0.044006 0.632643 19 21 22
0.279825 0.043643 0.627438 19 21 22
0.281303 0.043357 0.623334 21 23 23
0.282867 0.043091 0.619512 28 29 33
0.285236 0.042953 0.617522 115 113 118
0.288574 0.042962 0.617650 77 73 74
0.000074 0.044666 0.596808 87 84 82
0.003231 0.044530 0.594999 80 77 75
0.006440 0.044883 0.599686 25 23 25
0.009985 0.046574 0.622225 23 21 23
0.014080 0.049357 0.659291 19 18 20
0.017982 0.050491 0.674402 17 17 19
0.021878 0.051234 0.684295 16 16 17
0.025879 0.051977 0.694182 15 15 16
0.029986 0.052722 0.704112 14 14 16
0.034231 0.053517 0.714698 13 13 14
0.038641 0.054387 0.726280 12 12 13
0.043124 0.055194 0.737024 10 12 13
0.047564 0.055816 0.745296 10 12 13
0.051946 0.056278 0.751451 10 12 13
0.056368 0.056716 0.757277 10 12 13
0.060739 0.057048 0.761688 12 14 14
0.065091 0.057321 0.765319 12 14 16
0.069440 0.057559 0.768491 14 15 16
0.073819 0.057795 0.771622 16 16 17
0.078187 0.057998 0.774326 18 20 22
0.082526 0.058160 0.776477 20 23 22
0.086860 0.058304 0.778380 23 26 25
0.091182 0.058427 0.780012 25 26 28
0.095479 0.058524 0.781298 27 29 29
0.099756 0.058601 0.782314 27 29 29
0.104018 0.058663 0.783139 29 31 32
0.108267 0.058714 0.783806 30 33 34
0.112530 0.058769 0.784523 32 35 35
0.116790 0.058818 0.785171 33 36 36
0.121039 0.058858 0.785699 36 39 39
0.125264 0.058884 0.786040 35 39 39
0.129489 0.058909 0.786360 38 42 42
0.133764 0.058954 0.786955 39 43 42
0.138027 0.058991 0.787442 41 46 45
0.142261 0.059015 0.787745 43 47 47
0.146462 0.059023 0.787854 45 48 48
0.150662 0.059031 0.787944 45 48 48
0.154853 0.059035 0.787989 46 49 49
0.159012 0.059027 0.787871 47 50 50
0.163207 0.059032 0.787936 49 52 52
0.167400 0.059037 0.787988 48 50 52
0.171569 0.059032 0.787923 48 50 52
0.175784 0.059044 0.788070 48 52 53
0.179956 0.059041 0.788023 47 53 50
0.183988 0.058993 0.787377 48 55 51
0.187906 0.058912 0.786283 42 49 48
0.191795 0.058825 0.785118 37 42 42
0.195601 0.058717 0.783672 31 35 36
0.199234 0.058562 0.781604 27 29 33
0.202819 0.058400 0.779438 23 25 28
0.206359 0.058232 0.777191 21 23 23
0.209762 0.058032 0.774522 18 21 20
0.213059 0.057811 0.771575 17 18 20
0.216358 0.057599 0.768744 16 20 20
0.219624 0.057387 0.765906 16 18 19
0.222637 0.057117 0.762301 15 17 19
0.225654 0.056858 0.758843 15 17 19
0.228613 0.056593 0.755311 13 17 17
0.231488 0.056317 0.751629 13 17 17
0.234249 0.056024 0.747708 13 17 17
0.236898 0.055713 0.743564 14 18 19
0.239496 0.055401 0.739402 15 17 19
0.242050 0.055089 0.735238 15 17 19
0.244497 0.054763 0.730887 15 17 19
0.246868 0.054430 0.726448 16 18 19
0.249115 0.054080 0.721786 17 18 20
0.251352 0.053739 0.717238 18 20 22
0.253477 0.053385 0.712511 18 20 20
0.255562 0.053033 0.707812 18 21 20
0.257587 0.052678 0.703084 19 22 22
0.259532 0.052318 0.698278 20 23 22
0.261456 0.051963 0.693550 20 23 22
0.263290 0.051601 0.688717 20 23 23
0.265055 0.051235 0.683840 20 23 23
0.266733 0.050863 0.678875 19 22 22
0.268320 0.050483 0.673810 20 23 22
0.269832 0.050099 0.668695 20 23 22
0.271365 0.049729 0.663764 19 22 22
0.272946 0.049378 0.659075 20 22 23
0.274364 0.049006 0.654117 19 22 22
0.275638 0.048618 0.648942 18 20 22
0.276860 0.048230 0.643774 19 20 22
0.277891 0.047819 0.638293 18 20 22
0.278813 0.047399 0.632699 17 18 20
0.279825 0.047005 0.627439 19 21 22
0.280995 0.046646 0.622652 20 22 23
0.282442 0.046340 0.618582 22 23 28
0.284230 0.046098 0.615346 77 75 80
0.286576 0.045950 0.613376 83 84 85
0.290724 0.046093 0.615264 80 73 76
0.000073 0.047612 0.593685 86 83 81
0.003214 0.047465 0.591855 80 77 76
0.006402 0.047816 0.596217 25 23 25
0.009946 0.049717 0.619851 22 20 22
0.014112 0.053013 0.660844 19 18 19
0.018047 0.054300 0.676835 16 16 17
0.021961 0.055109 0.686891 15 15 16
0.025971 0.055896 0.696679 15 15 16
0.030093 0.056696 0.706623 14 14 16
0.034358 0.057560 0.717362 13 13 14
0.038787 0.058500 0.729045 12 12 13
0.043279 0.059356 0.739678 10 12 13
0.047711 0.059993 0.747593 11 13 14
0.052103 0.060487 0.753728 11 13 14
0.056476 0.060890 0.758730 11 13 14
0.060831 0.061221 0.762844 12 15 14
0.065164 0.061490 0.766178 13 15 16
0.069489 0.061720 0.769037 15 18 19
0.073842 0.061948 0.771868 18 20 22
0.078170 0.062134 0.774165 21 23 25
0.082471 0.062279 0.775968 23 26 25
0.086762 0.062404 0.777507 24 26 28
0.091036 0.062506 0.778773 25 28 28
0.095284 0.062581 0.779703 27 29 29
0.099518 0.062642 0.780452 28 31 31
0.103720 0.062679 0.780905 28 31 31
0.107919 0.062711 0.781294 28 29 29
0.112102 0.062732 0.781544 26 28 28
0.116302 0.062761 0.781894 23 26 25
0.120492 0.062782 0.782152 21 23 22
0.124660 0.062791 0.782251 18 21 19
0.128814 0.062792 0.782266 17 20 19
0.132990 0.062804 0.782404 16 22 19
0.137178 0.062821 0.782603 17 22 19
0.141381 0.062843 0.782875 21 25 22
0.145591 0.062868 0.783172 25 29 28
0.149772 0.062878 0.783294 33 35 33
0.153952 0.062888 0.783412 37 40 40
0.158139 0.062900 0.783549 43 46 46
0.162372 0.062930 0.783910 50 53 53
0.166625 0.062965 0.784340 51 54 54
0.170885 0.063001 0.784786 52 55 56
0.175136 0.063032 0.785166 51 54 54
0.179367 0.063056 0.785447 51 56 53
0.183477 0.063036 0.785192 53 59 56
0.187547 0.063003 0.784783 54 62 58
0.191590 0.062964 0.784281 54 61 57
0.195543 0.062897 0.783440 51 56 53
0.199333 0.062781 0.781995 46 50 47
0.203014 0.062636 0.780189 37 40 41
0.206622 0.062476 0.778184 28 31 32
0.210084 0.062277 0.775712 25 28 28
0.213420 0.062050 0.772884 21 23 25
0.216761 0.061833 0.770179 19 21 22
0.220053 0.061611 0.767403 17 20 22
0.223120 0.061334 0.763958 15 17 19
0.226169 0.061063 0.760574 16 18 19
0.229121 0.060775 0.756990 13 17 17
0.231975 0.060471 0.753210 14 17 17
0.234766 0.060162 0.749359 13 17 17
0.237443 0.059834 0.745278 13 17 17
0.240042 0.059498 0.741089 14 16 17
0.242582 0.059158 0.736854 14 16 17
0.245001 0.058800 0.732394 14 16 17
0.247356 0.058438 0.727886 15 17 19
0.249605 0.058062 0.723207 16 18 19
0.251835 0.057693 0.718619 16 18 19
0.253948 0.057309 0.713835 17 18 20
0.256039 0.056931 0.709133 18 20 20
0.258028 0.056542 0.704291 18 21 22
0.259946 0.056148 0.699393 19 22 22
0.261840 0.055761 0.694570 20 22 22
0.263645 0.055365 0.689647 20 23 22
0.265392 0.054969 0.684712 21 23 23
0.267073 0.054569 0.679739 19 22 22
0.268650 0.054160 0.674640 20 22 22
0.270155 0.053746 0.669496 20 22 22
0.271638 0.053339 0.664433 19 22 22
0.273161 0.052950 0.659594 19 22 22
0.274551 0.052546 0.654562 20 22 23
0.275801 0.052125 0.649325 19 21 22
0.276972 0.051700 0.644035 19 20 22
0.278003 0.051259 0.638553 17 18 20
0.278844 0.050795 0.632770 17 18 20
0.279772 0.050357 0.627322 18 20 22
0.280736 0.049935 0.622078 19 21 22
0.281927 0.049564 0.617456 21 23 25
0.283299 0.049232 0.613332 30 31 35
0.285710 0.049088 0.611525 105 107 111
0.289160 0.049123 0.611956 74 71 77
0.000072 0.050594 0.591377 84 81 79
0.003200 0.050423 0.589377 80 78 76
0.006364 0.050710 0.592717 25 23 25
0.009906 0.052826 0.617384 22 22 23
0.014144 0.056682 0.662341 19 18 19
0.018116 0.058149 0.679439 16 16 17
0.022060 0.059057 0.690019 15 15 16
0.026084 0.059889 0.699717 14 14 16
0.030218 0.060734 0.709564 14 14 16
0.034500 0.061659 0.720345 14 14 16
0.038939 0.062652 0.731911 13 13 14
0.043412 0.063514 0.741954 11 13 14
0.047809 0.064131 0.749146 12 14 16
0.052178 0.064619 0.754828 13 14 16
0.056513 0.064998 0.759242 12 14 16
0.060837 0.065315 0.762924 14 16 17
0.065145 0.065576 0.765962 17 18 19
0.069452 0.065806 0.768635 18 21 22
0.073763 0.066013 0.771050 21 23 23
0.078037 0.066168 0.772846 23 25 26
0.082297 0.066296 0.774331 23 26 26
0.086541 0.066400 0.775535 24 26 26
0.090772 0.066485 0.776515 23 26 25
0.094980 0.066546 0.777225 18 21 22
0.099171 0.066590 0.777735 15 18 16
0.103307 0.066596 0.777798 12 15 13
0.107455 0.066609 0.777942 12 14 13
0.111625 0.066634 0.778222 23 23 22
0.115799 0.066660 0.778513 44 43 40
0.119951 0.066671 0.778645 64 63 58
0.124111 0.066686 0.778812 83 83 76
0.128275 0.066703 0.778995 83 84 75
0.132455 0.066726 0.779260 100 100 93
0.136663 0.066762 0.779669 99 100 92
0.140844 0.066783 0.779907 96 97 89
0.145006 0.066794 0.780028 96 97 89
0.149142 0.066792 0.780003 86 86 75
0.153272 0.066788 0.779952 74 77 71
0.157415 0.066791 0.779969 56 59 53
0.161550 0.066789 0.779944 38 40 37
0.165674 0.066783 0.779870 27 29 28
0.169850 0.066798 0.780035 34 37 37
0.174121 0.066849 0.780621 44 46 47
0.178481 0.066931 0.781571 54 59 57
0.182713 0.066962 0.781928 60 66 63
0.186900 0.066976 0.782080 62 68 65
0.191034 0.066970 0.782007 63 69 66
0.195100 0.066942 0.781670 63 68 66
0.199027 0.066868 0.780796 63 68 64
0.202779 0.066739 0.779289 60 65 62
0.206507 0.066608 0.777751 52 56 54
0.210115 0.066443 0.775829 37 40 41
0.213563 0.066236 0.773402 28 29 32
0.216955 0.066019 0.770870 22 23 25
0.220217 0.065771 0.767976 20 23 26
0.223422 0.065516 0.764993 17 18 20
0.226538 0.065244 0.761818 16 18 19
0.229534 0.064947 0.758355 15 18 19
0.232424 0.064632 0.754668 15 17 19
0.235227 0.064303 0.750831 15 17 19
0.237913 0.063954 0.746752 14 16 17
0.240505 0.063591 0.742519 14 16 17
0.243035 0.063224 0.738232 14 16 17
0.245441 0.062836 0.733713 14 16 17
0.247775 0.062443 0.729120 15 17 19
0.250010 0.062037 0.724384 15 17 19
0.252232 0.061640 0.719751 15 17 19
0.254340 0.061228 0.714938 16 18 20
0.256410 0.060819 0.710163 17 18 20
0.258381 0.060398 0.705254 17 18 20
0.260292 0.059975 0.700325 18 21 22
0.262184 0.059560 0.695482 19 22 22
0.263966 0.059132 0.690490 19 22 22
0.265681 0.058701 0.685459 20 23 22
0.267368 0.058276 0.680491 21 23 23
0.268941 0.057837 0.675373 19 21 22
0.270432 0.057392 0.670185 19 22 22
0.271873 0.056948 0.665009 19 22 22
0.273325 0.056518 0.659991 18 21 22
0.274660 0.056075 0.654822 20 22 22
0.275891 0.055622 0.649538 19 22 22
0.277021 0.055160 0.644151 19 21 22
0.278031 0.054686 0.638618 18 20 20
0.278811 0.054178 0.632697 17 20 20
0.279677 0.053699 0.627109 18 20 22
0.280547 0.053232 0.621662 19 21 22
0.281498 0.052791 0.616517 22 23 25
0.282567 0.052382 0.611749 25 26 29
0.284596 0.052159 0.609142 106 110 110
0.287909 0.052174 0.609309 75 74 77
0.291821 0.052296 0.610727 81 75 74
0.000071 0.053550 0.589054 84 83 80
0.003185 0.053336 0.586696 80 79 77
0.006320 0.053517 0.588680 27 26 28
0.009794 0.055499 0.610424 24 23 25
0.014158 0.060291 0.663013 18 18 19
0.018170 0.061977 0.681507 16 16 17
0.022148 0.063004 0.692773 15 15 16
0.026182 0.063878 0.702356 15 15 16
0.030324 0.064763 0.712066 13 13 14
0.034607 0.065722 0.722576 13 13 14
0.039032 0.066732 0.733657 14 14 16
0.043473 0.067585 0.743014 13 14 16
0.047837 0.068185 0.749591 14 15 16
0.052180 0.068666 0.754858 15 16 17
0.056497 0.069046 0.759026 15 17 19
0.060795 0.069354 0.762400 16 18 19
0.065083 0.069614 0.765245 19 21 22
0.069353 0.069824 0.767548 20 22 23
0.073621 0.070010 0.769574 21 23 25
0.077856 0.070146 0.771066 20 22 23
0.082078 0.070258 0.772281 18 20 22
0.086290 0.070350 0.773291 14 17 16
0.090474 0.070413 0.773971 12 15 16
0.094655 0.070468 0.774570 11 13 13
0.098843 0.070523 0.775169 30 31 28
0.102976 0.070537 0.775309 65 66 61
0.107102 0.070544 0.775387 98 99 89
0.169229 0.070717 0.777187 99 100 91
0.173328 0.070707 0.777067 74 75 68
0.177448 0.070706 0.777049 37 40 36
0.181572 0.070706 0.777046 31 35 32
0.185827 0.070757 0.777593 52 56 54
0.190099 0.070811 0.778183 70 73 71
0.194364 0.070861 0.778722 71 75 73
0.198443 0.070842 0.778510 71 76 74
0.202352 0.070765 0.777651 73 77 75
0.206255 0.070688 0.776804 73 77 74
0.210023 0.070569 0.775491 68 72 70
0.213629 0.070401 0.773643 49 53 52
0.217146 0.070211 0.771551 35 37 37
0.220460 0.069963 0.768825 25 29 31
0.223709 0.069704 0.765978 20 23 25
0.226874 0.069428 0.762947 17 20 22
0.229929 0.069129 0.759662 16 18 20
0.232859 0.068804 0.756084 15 17 19
0.235667 0.068454 0.752236 15 17 19
0.238347 0.068079 0.748115 14 16 17
0.240941 0.067692 0.743865 14 16 17
0.243456 0.067295 0.739512 14 16 17
0.245858 0.066881 0.734959 14 16 19
0.248195 0.066462 0.730356 14 16 17
0.250436 0.066030 0.725618 14 17 17
0.252652 0.065606 0.720950 15 17 17
0.254737 0.065160 0.716055 15 17 17
0.256766 0.064713 0.711149 15 17 19
0.258701 0.064256 0.706128 17 18 20
0.260599 0.063803 0.701150 17 18 20
0.262482 0.063359 0.696275 17 20 20
0.264245 0.062898 0.691221 18 21 20
0.265930 0.062432 0.686101 19 21 22
0.267602 0.061976 0.681088 19 21 22
0.269161 0.061505 0.675925 19 21 22
0.270637 0.061029 0.670693 19 21 22
0.272044 0.060549 0.665428 18 21 22
0.273441 0.060080 0.660272 19 22 22
0.274718 0.059596 0.654962 19 21 22
0.275908 0.059106 0.649580 19 22 20
0.276992 0.058605 0.644085 20 23 22
0.277947 0.058090 0.638426 18 20 20
0.278703 0.057546 0.632453 18 20 20
0.279556 0.057034 0.626837 18 20 22
0.280342 0.056521 0.621207 21 23 25
0.281062 0.056007 0.615565 21 23 25
0.281912 0.055531 0.610331 25 26 28
0.283515 0.055212 0.606829 60 63 60
0.286212 0.055111 0.605720 88 87 89
0.289799 0.055182 0.606498 80 79 77
0.000071 0.056450 0.586399 87 86 83
0.003169 0.056200 0.583808 83 81 78
0.006277 0.056288 0.584714 38 39 39
0.009747 0.058489 0.607524 25 26 26
0.014147 0.063796 0.662519 18 18 19
0.018207 0.065763 0.682903 15 15 16
0.022223 0.066943 0.695134 15 15 16
0.026261 0.067845 0.704469 14 14 16
0.030411 0.068776 0.714116 14 14 16
0.034680 0.069741 0.724118 14 14 16
0.039079 0.070749 0.734554 14 14 16
0.043493 0.071598 0.743350 15 15 16
0.047843 0.072210 0.749689 17 17 19
0.052169 0.072695 0.754706 16 18 19
0.056455 0.073059 0.758477 17 18 20
0.060721 0.073351 0.761489 18 20 22
0.064978 0.073594 0.764010 19 21 22
0.069209 0.073783 0.765956 19 21 22
0.073425 0.073935 0.767529 17 18 19
0.077630 0.074061 0.768827 13 15 14
0.081809 0.074151 0.769752 10 13 13
0.085955 0.074204 0.770293 9 14 13
0.090122 0.074270 0.770969 39 42 39
0.094296 0.074334 0.771636 88 90 81
0.184974 0.074578 0.774026 64 67 61
0.189047 0.074565 0.773880 30 33 31
0.193158 0.074567 0.773892 54 57 57
0.197459 0.074640 0.774650 77 81 79
0.201616 0.074658 0.774823 81 86 83
0.205687 0.074643 0.774665 80 85 82
0.209581 0.074566 0.773863 80 84 81
0.213377 0.074458 0.772735 75 80 78
0.217011 0.074298 0.771071 67 68 67
0.220506 0.074098 0.768989 46 51 50
0.223888 0.073867 0.766592 31 34 36
0.227124 0.073597 0.763792 24 26 31
0.230271 0.073309 0.760795 19 23 23
0.233268 0.072983 0.757412 17 21 22
0.236101 0.072618 0.753624 16 18 19
0.238795 0.072223 0.749523 16 18 19
0.241360 0.071802 0.745161 16 18 19
0.243863 0.071377 0.740749 15 17 19
0.246263 0.070936 0.736171 14 16 17
0.248611 0.070493 0.731584 14 16 17
0.250879 0.070042 0.726902 14 16 17
0.253094 0.069590 0.722214 13 15 17
0.255142 0.069106 0.717195 14 16 17
0.257124 0.068619 0.712144 15 17 19
0.259051 0.068131 0.707086 15 17 19
0.260931 0.067646 0.702047 17 18 19
0.262791 0.067168 0.697095 17 20 19
0.264532 0.066674 0.691970 18 21 20
0.266206 0.066177 0.686814 18 21 20
0.267834 0.065682 0.681680 19 21 22
0.269352 0.065173 0.676406 19 21 22
0.270816 0.064665 0.671136 18 20 22
0.272194 0.064150 0.665794 18 21 22
0.273539 0.063640 0.660510 18 21 22
0.274786 0.063121 0.655125 18 20 22
0.275933 0.062592 0.649639 20 22 22
0.276952 0.062047 0.643992 19 22 22
0.277831 0.061485 0.638161 18 20 22
0.278552 0.060901 0.632109 18 20 22
0.279364 0.060351 0.626408 19 21 22
0.280133 0.059805 0.620746 20 22 23
0.280741 0.059237 0.614863 21 23 25
0.281602 0.058736 0.609662 25 26 28
0.282944 0.058345 0.605608 31 34 31
0.284862 0.058081 0.602865 110 111 108
0.288268 0.058122 0.603294 74 75 73
0.000070 0.059264 0.583189 96 92 90
0.003154 0.059068 0.581256 83 81 78
0.006239 0.059062 0.581190 60 59 56
0.009580 0.060688 0.597155 25 25 25
0.014101 0.067128 0.660394 17 17 19
0.018222 0.069479 0.683470 15 15 16
0.022291 0.070886 0.697278 15 15 16
0.026339 0.071834 0.706584 14 15 16
0.030500 0.072817 0.716237 15 15 16
0.034756 0.073783 0.725712 15 15 16
0.039141 0.074804 0.735727 15 15 16
0.043536 0.075657 0.744099 16 16 17
0.047862 0.076258 0.749999 17 17 19
0.052136 0.076691 0.754245 16 18 19
0.056421 0.077077 0.758028 18 20 22
0.060654 0.077345 0.760657 17 18 20
0.064867 0.077555 0.762713 16 18 20
0.069047 0.077705 0.764174 12 14 16
0.073213 0.077823 0.765327 12 13 13
0.077353 0.077902 0.766096 13 13 13
0.081476 0.077956 0.766624 23 23 23
0.085615 0.078021 0.767253 84 85 77
0.192442 0.078421 0.771028 89 90 82
0.196471 0.078396 0.770779 33 37 33
0.200456 0.078355 0.770368 58 63 60
0.204745 0.078432 0.771120 86 90 87
0.208740 0.078396 0.770759 86 91 88
0.212718 0.078355 0.770351 86 92 89
0.216561 0.078266 0.769475 83 89 85
0.220227 0.078119 0.768018 77 81 77
0.223790 0.077940 0.766256 60 61 60
0.227199 0.077715 0.764043 39 42 45
0.230463 0.077449 0.761430 26 29 29
0.233563 0.077138 0.758372 20 23 25
0.236497 0.076784 0.754889 17 18 20
0.239221 0.076375 0.750863 17 18 20
0.241760 0.075920 0.746396 16 18 19
0.244257 0.075468 0.741948 16 18 19
0.246666 0.075002 0.737376 15 17 19
0.249044 0.074543 0.732858 14 16 17
0.251297 0.074060 0.728115 13 15 16
0.253482 0.073572 0.723321 13 15 16
0.255534 0.073061 0.718298 13 15 16
0.257492 0.072538 0.713163 15 17 17
0.259369 0.072008 0.707954 15 18 17
0.261235 0.071490 0.702865 16 17 19
0.263062 0.070976 0.697816 16 18 19
0.264777 0.070447 0.692612 17 20 19
0.266425 0.069914 0.687381 18 21 20
0.268010 0.069379 0.682129 19 22 22
0.269522 0.068841 0.676835 18 20 22
0.270934 0.068291 0.671431 19 21 22
0.272289 0.067741 0.666028 18 21 22
0.273603 0.067195 0.660666 19 22 22
0.274825 0.066640 0.655220 19 21 22
0.275922 0.066070 0.649615 19 22 22
0.276880 0.065480 0.643826 19 22 22
0.277722 0.064878 0.637910 19 22 22
0.278406 0.064254 0.631779 19 21 22
0.279188 0.063667 0.626014 19 21 22
0.279928 0.063084 0.620293 20 22 23
0.280462 0.062469 0.614252 21 23 25
0.281221 0.061918 0.608837 24 26 28
0.282023 0.061389 0.603638 27 29 28
0.283706 0.061061 0.600420 116 118 112
0.286842 0.061051 0.600311 74 77 74
0.291277 0.061314 0.602895 87 76 73
0.000069 0.062334 0.582682 89 82 81
0.003142 0.061950 0.579097 84 83 80
0.006205 0.061848 0.578141 78 77 74
0.009397 0.062668 0.585783 25 25 25
0.014005 0.070190 0.655948 19 17 19
0.018223 0.073149 0.683546 16 16 17
0.022372 0.074896 0.699840 15 15 16
0.026481 0.076029 0.710408 15 15 16
0.030607 0.076925 0.718757 15 15 16
0.034850 0.077883 0.727690 15 15 16
0.039222 0.078910 0.737267 16 16 17
0.043595 0.079751 0.745110 17 17 19
0.047884 0.080314 0.750356 18 18 19
0.052133 0.080727 0.754200 18 20 22
0.056349 0.081034 0.757059 17 18 20
0.060564 0.081299 0.759527 16 16 17
0.064707 0.081441 0.760844 11 13 14
0.068818 0.081528 0.761645 11 12 13
0.072909 0.081583 0.762153 13 13 11
0.077003 0.081634 0.762629 52 52 48
0.199758 0.082195 0.767691 87 89 82
0.203682 0.082135 0.767122 31 35 33
0.207768 0.082141 0.767172 83 86 86
0.211943 0.082181 0.767544 88 96 93
0.215933 0.082150 0.767245 86 94 89
0.219783 0.082067 0.766469 87 92 87
0.223504 0.081940 0.765279 81 84 82
0.227073 0.081763 0.763622 68 72 69
0.230487 0.081537 0.761510 46 49 49
0.233690 0.081246 0.758785 28 29 32
0.236706 0.080900 0.755557 22 23 25
0.239525 0.080500 0.751819 18 20 22
0.242149 0.080048 0.747599 17 18 20
0.244623 0.079562 0.743062 16 18 19
0.247051 0.079076 0.738530 15 17 19
0.249430 0.078591 0.733994 14 16 17
0.251691 0.078083 0.729259 13 15 16
0.253834 0.077555 0.724329 14 16 17
0.255868 0.077010 0.719238 14 16 17
0.257807 0.076453 0.714036 14 16 17
0.259665 0.075888 0.708763 14 17 17
0.261514 0.075336 0.703618 15 17 19
0.263319 0.074788 0.698499 16 18 19
0.265000 0.074220 0.693198 16 18 19
0.266622 0.073651 0.687889 17 20 20
0.268184 0.073082 0.682573 18 20 22
0.269649 0.072501 0.677155 18 20 22
0.271040 0.071916 0.671694 20 22 22
0.272372 0.071331 0.666233 20 22 22
0.273659 0.070749 0.660801 20 22 22
0.274842 0.070155 0.655260 20 22 22
0.275885 0.069541 0.649530 18 21 20
0.276787 0.068906 0.643609 18 21 20
0.277546 0.068252 0.637507 19 21 22
0.278236 0.067597 0.631396 19 21 22
0.278978 0.066970 0.625544 19 21 22
0.279690 0.066351 0.619767 19 21 22
0.280178 0.065693 0.613630 20 22 23
0.280740 0.065068 0.607797 23 25 26
0.281278 0.064452 0.602045 24 26 28
0.282682 0.064045 0.598253 90 95 95
0.285442 0.063953 0.597384 71 75 74
0.289299 0.064105 0.598804 81 75 72
0.000069 0.065360 0.581830 92 78 75
0.003130 0.064810 0.576945 86 84 80
0.006180 0.064686 0.575840 80 78 77
0.009313 0.065223 0.580599 26 26 28
0.018330 0.077262 0.687554 17 17 19
0.022435 0.078865 0.701799 16 16 17
0.026556 0.080063 0.712432 15 15 16
0.030687 0.080988 0.720647 15 15 16
0.034908 0.081917 0.728898 13 15 16
0.039248 0.082915 0.737756 14 16 17
0.043593 0.083741 0.745095 15 17 19
0.047860 0.084293 0.749989 17 18 20
0.052085 0.084690 0.753512 17 18 19
0.056268 0.084968 0.755977 13 15 16
0.060432 0.085183 0.757877 11 13 14
0.064523 0.085275 0.758689 10 12 13
0.068587 0.085321 0.759096 16 16 19
0.072639 0.085348 0.759331 75 74 69
0.206797 0.085847 0.763589 52 52 47
0.210780 0.085820 0.763336 51 57 56
0.214921 0.085856 0.763655 91 100 95
0.219031 0.085879 0.763851 90 95 90
0.222967 0.085834 0.763445 89 92 90
0.226683 0.085707 0.762312 83 88 84
0.230229 0.085521 0.760659 73 77 75
0.233637 0.085292 0.758616 47 50 50
0.236805 0.084984 0.755875 31 33 34
0.239745 0.084605 0.752510 22 23 25
0.242470 0.084165 0.748591 18 20 22
0.244918 0.083644 0.743957 16 18 19
0.247339 0.083130 0.739391 15 17 19
0.249723 0.082620 0.734857 15 17 19
0.252003 0.082092 0.730162 14 16 17
0.254118 0.081527 0.725140 14 16 17
0.256102 0.080938 0.719898 14 16 17
0.258039 0.080351 0.714680 14 16 17
0.259952 0.079773 0.709548 14 16 17
0.261784 0.079188 0.704343 14 16 17
0.263574 0.078606 0.699176 15 17 19
0.265235 0.078003 0.693814 16 18 19
0.266826 0.077396 0.688417 17 20 20
0.268348 0.076786 0.682993 19 20 22
0.269755 0.076159 0.677421 20 21 22
0.271116 0.075536 0.671885 20 21 22
0.272397 0.074907 0.666294 19 21 22
0.273630 0.074281 0.660733 19 21 22
0.274743 0.073639 0.655026 19 22 22
0.275715 0.072975 0.649128 19 22 22
0.276572 0.072298 0.643112 19 21 22
0.277314 0.071608 0.636976 20 22 23
0.277988 0.070917 0.630834 19 21 22
0.278707 0.070253 0.624939 19 21 22
0.279438 0.069609 0.619208 19 21 22
0.279893 0.068911 0.613007 21 23 25
0.280288 0.068214 0.606819 22 25 25
0.280783 0.067558 0.600987 24 26 28
0.281740 0.067026 0.596262 58 61 62
0.283940 0.066799 0.594240 83 86 88
0.287410 0.066873 0.594894 80 78 76
0.000068 0.068445 0.581559 154 118 112
0.003120 0.067690 0.575155 92 90 84
0.006158 0.067526 0.573758 81 80 78
0.009244 0.067833 0.576361 46 46 47
0.022522 0.082951 0.704561 16 16 17
0.026589 0.083985 0.713326 15 15 16
0.030712 0.084918 0.721238 16 16 17
0.034938 0.085898 0.729543 14 16 17
0.039246 0.086864 0.737728 15 17 19
0.043566 0.087680 0.744647 15 17 19
0.047803 0.088206 0.749100 15 17 19
0.051989 0.088565 0.752142 14 14 16
0.056138 0.088814 0.754242 12 12 13
0.060198 0.088897 0.754948 12 12 13
0.064242 0.088949 0.755383 19 21 22
0.068281 0.088990 0.755720 75 76 70
0.213910 0.089524 0.760065 33 35 31
0.217990 0.089543 0.760222 83 87 87
0.222177 0.089605 0.760740 92 95 93
0.226138 0.089575 0.760484 88 93 90
0.229784 0.089423 0.759192 84 89 86
0.233306 0.089230 0.757544 74 78 76
0.236640 0.088972 0.755351 50 53 53
0.239742 0.088636 0.752502 33 36 37
0.242606 0.088225 0.749014 22 23 25
0.245141 0.087709 0.744636 17 18 22
0.247617 0.087190 0.740223 17 18 22
0.249982 0.086647 0.735622 16 18 19
0.252281 0.086099 0.730971 15 17 19
0.254430 0.085517 0.726032 15 17 19
0.256403 0.084894 0.720744 14 16 17
0.258318 0.084271 0.715454 14 16 17
0.260233 0.083665 0.710316 14 16 17
0.262042 0.083043 0.705039 14 16 17
0.263804 0.082424 0.699786 15 17 17
0.265445 0.081785 0.694363 16 18 19
0.267016 0.081142 0.688910 17 20 19
0.268489 0.080487 0.683351 19 20 20
0.269845 0.079815 0.677648 19 20 19
0.271139 0.079142 0.671942 19 21 20
0.272340 0.078460 0.666156 18 21 20
0.273508 0.077786 0.660440 19 21 22
0.274547 0.077093 0.654561 19 22 22
0.275444 0.076378 0.648491 19 22 22
0.276262 0.075659 0.642392 19 21 22
0.277005 0.074937 0.636266 19 21 22
0.277651 0.074206 0.630069 21 23 25
0.278337 0.073504 0.624110 19 21 22
0.279082 0.072833 0.618421 20 22 23
0.279507 0.072095 0.612163 21 23 25
0.279754 0.071329 0.605664 23 26 26
0.280062 0.070596 0.599444 25 26 29
0.280766 0.069978 0.594201 40 43 46
0.282677 0.069671 0.591601 97 103 105
0.285875 0.069686 0.591718 78 78 76
0.000068 0.071610 0.581965 211 162 152
0.003113 0.070627 0.573986 88 83 76
0.006136 0.070360 0.571815 83 81 79
0.009191 0.070516 0.573081 71 71 71
0.012550 0.072345 0.587911 25 23 26
0.022508 0.086672 0.704127 16 16 17
0.026588 0.087805 0.713314 16 16 17
0.030729 0.088832 0.721643 16 16 17
0.034943 0.089820 0.729654 15 17 19
0.039230 0.090780 0.737435 14 16 17
0.043523 0.091579 0.743915 14 16 17
0.047746 0.092110 0.748217 13 15 16
0.051884 0.092408 0.750625 12 14 16
0.055934 0.092517 0.751510 16 16 17
0.059968 0.092588 0.752076 21 21 22
0.063965 0.092596 0.752139 65 67 62
0.217027 0.093202 0.756866 27 29 25
0.221147 0.093246 0.757217 68 71 68
0.225328 0.093314 0.757761 91 95 92
0.229164 0.093238 0.757144 86 91 88
0.232804 0.093087 0.755915 81 86 83
0.236285 0.092879 0.754219 71 73 73
0.239588 0.092608 0.752020 48 52 52
0.242602 0.092237 0.749002 31 33 35
0.245232 0.091733 0.744914 23 25 26
0.247798 0.091222 0.740767 17 20 22
0.250208 0.090671 0.736289 16 18 19
0.252531 0.090105 0.731697 15 17 19
0.254675 0.089493 0.726732 15 17 19
0.256648 0.088841 0.721436 14 16 17
0.258546 0.088182 0.716087 14 16 17
0.260441 0.087541 0.710883 14 16 17
0.262217 0.086879 0.705511 14 16 17
0.263952 0.086222 0.700180 15 17 17
0.265563 0.085544 0.694675 15 17 19
0.267105 0.084861 0.689139 15 18 19
0.268538 0.084164 0.683476 18 20 19
0.269855 0.083449 0.677676 19 21 20
0.271080 0.082724 0.671798 18 21 22
0.272208 0.081990 0.665835 18 20 22
0.273310 0.081266 0.659964 18 21 20
0.274290 0.080525 0.653948 18 21 20
0.275130 0.079761 0.647755 19 22 22
0.275902 0.078997 0.641555 19 22 22
0.276601 0.078231 0.635341 20 22 23
0.277212 0.077459 0.629075 20 23 22
0.277842 0.076711 0.623001 19 21 22
0.278557 0.076003 0.617259 20 22 23
0.278917 0.075216 0.610872 21 23 25
0.279094 0.074398 0.604236 23 25 26
0.279302 0.073607 0.597819 25 26 28
0.279820 0.072914 0.592201 32 35 37
0.281575 0.072556 0.589294 109 115 117
0.284663 0.072547 0.589212 77 77 75
0.288819 0.072807 0.591316 81 68 65
0.000068 0.075441 0.587509 211 159 146
0.003111 0.073658 0.573643 98 73 67
0.006120 0.073237 0.570368 84 83 81
0.009152 0.073278 0.570684 78 77 77
0.012321 0.074121 0.577237 27 26 28
0.026617 0.091728 0.714108 16 16 17
0.030732 0.092708 0.721723 17 17 19
0.034933 0.093705 0.729469 15 17 19
0.039205 0.094673 0.736989 15 17 19
0.043472 0.095454 0.743056 14 16 17
0.047673 0.095972 0.747074 12 14 16
0.051749 0.096178 0.748676 14 16 17
0.055737 0.096204 0.748872 22 22 22
0.059726 0.096228 0.749051 43 44 41
0.220174 0.096875 0.753889 24 29 26
0.224082 0.096834 0.753572 55 62 59
0.228192 0.096882 0.753935 86 91 90
0.232093 0.096840 0.753610 83 87 84
0.235772 0.096709 0.752584 75 79 78
0.239244 0.096498 0.750942 64 69 68
0.242439 0.096185 0.748500 46 49 46
0.245241 0.095728 0.744945 29 32 31
0.247906 0.095233 0.741090 22 23 25
0.250421 0.094696 0.736917 17 20 22
0.252797 0.094124 0.732466 15 18 19
0.254916 0.093475 0.727420 15 17 19
0.256874 0.092788 0.722071 15 17 19
0.258749 0.092091 0.716651 14 16 17
0.260607 0.091408 0.711339 14 16 17
0.262353 0.090706 0.705878 14 16 17
0.264077 0.090016 0.700514 14 16 17
0.265663 0.089299 0.694937 14 16 17
0.267181 0.088579 0.689337 15 18 17
0.268578 0.087839 0.683581 16 18 19
0.269856 0.087080 0.677679 20 21 20
0.271031 0.086308 0.671676 18 20 22
0.272113 0.085527 0.665605 18 20 22
0.273159 0.084755 0.659599 19 21 22
0.274096 0.083969 0.653487 19 21 20
0.274873 0.083154 0.647150 19 22 22
0.275566 0.082334 0.640775 19 22 22
0.276186 0.081513 0.634387 20 22 22
0.276696 0.080679 0.627905 19 21 22
0.277259 0.079880 0.621694 19 21 22
0.277928 0.079131 0.615867 19 21 22
0.278209 0.078289 0.609323 21 23 25
0.278343 0.077426 0.602611 23 25 26
0.278478 0.076582 0.596055 26 28 29
0.278843 0.075821 0.590133 30 32 33
0.280238 0.075353 0.586498 107 111 114
0.283249 0.075327 0.586285 77 77 75
0.287241 0.075559 0.588087 81 75 69
0.000069 0.079228 0.592287 208 154 143
0.003118 0.076906 0.574955 175 122 110
0.006107 0.076131 0.569165 86 83 82
0.009116 0.076035 0.568441 80 78 79
0.012194 0.076419 0.571304 67 65 66
0.026568 0.095378 0.712798 17 17 19
0.030706 0.096497 0.721142 17 17 19
0.034938 0.097626 0.729567 16 18 19
0.039166 0.098523 0.736251 14 16 17
0.043406 0.099285 0.741935 12 14 16
0.047544 0.099706 0.745074 13 15 16
0.051523 0.099753 0.745420 20 21 22
0.055473 0.099742 0.745337 22 22 22
0.059437 0.099756 0.745435 91 93 83
0.223149 0.100451 0.750437 24 29 25
0.227091 0.100434 0.750299 41 46 46
0.231153 0.100469 0.750557 80 84 81
0.235081 0.100446 0.750380 74 79 77
0.238750 0.100314 0.749394 71 76 75
0.242188 0.100092 0.747729 60 64 62
0.245275 0.099733 0.745049 40 43 42
0.248060 0.099265 0.741551 26 28 29
0.250683 0.098748 0.737690 19 23 25
0.253102 0.098167 0.733352 17 21 22
0.255219 0.097489 0.728287 16 18 19
0.257120 0.096749 0.722764 16 18 19
0.258954 0.096006 0.717217 15 17 19
0.260771 0.095279 0.711787 14 16 17
0.262473 0.094531 0.706202 14 16 17
0.264168 0.093801 0.700755 14 16 17
0.265720 0.093042 0.695087 15 17 19
0.267204 0.092280 0.689396 15 18 17
0.268557 0.091494 0.683528 16 18 19
0.269780 0.090685 0.677489 19 20 19
0.270902 0.089864 0.671358 19 20 20
0.271933 0.089034 0.665166 18 20 22
0.272929 0.088214 0.659045 19 22 22
0.273866 0.087396 0.652939 22 23 22
0.274638 0.086547 0.646597 19 22 22
0.275216 0.085658 0.639962 19 22 22
0.275770 0.084783 0.633434 19 21 22
0.276176 0.083885 0.626725 20 22 23
0.276685 0.083039 0.620409 19 21 22
0.277304 0.082245 0.614485 20 22 23
0.277480 0.081339 0.607727 21 23 25
0.277522 0.080416 0.600836 24 26 28
0.277559 0.079513 0.594091 25 26 28
0.277692 0.078656 0.587698 30 31 33
0.278933 0.078130 0.583768 107 110 113
0.281382 0.077950 0.582424 78 77 76
0.285648 0.078273 0.584828 83 77 72
0.000070 0.084670 0.608569 209 154 142
0.003149 0.080796 0.580762 207 153 138
0.006103 0.079135 0.568843 77 69 66
0.009093 0.078887 0.567060 83 81 81
0.012111 0.078942 0.567448 77 77 77
0.015397 0.080372 0.577708 27 26 28
0.026512 0.098990 0.711315 17 17 19
0.030746 0.100490 0.722074 17 17 19
0.034907 0.101448 0.728943 14 16 17
0.039108 0.102317 0.735174 13 15 16
0.043288 0.102980 0.739933 13 15 16
0.047341 0.103254 0.741892 15 18 19
0.051267 0.103231 0.741723 23 23 23
0.055230 0.103280 0.742070 60 60 55
0.226317 0.104097 0.747744 18 23 20
0.230229 0.104072 0.747559 39 44 44
0.234305 0.104121 0.747905 74 79 78
0.238172 0.104076 0.747581 73 76 76
0.241803 0.103932 0.746542 65 70 67
0.245180 0.103685 0.744762 57 61 60
0.248240 0.103313 0.742091 35 37 39
0.250959 0.102813 0.738502 23 26 28
0.253384 0.102210 0.734170 18 22 22
0.255511 0.101507 0.729120 16 18 19
0.257370 0.100719 0.723468 17 18 20
0.259157 0.099927 0.717782 16 18 19
0.260931 0.099154 0.712227 16 18 19
0.262588 0.098358 0.706513 15 17 19
0.264244 0.097584 0.700958 15 17 17
0.265763 0.096782 0.695199 16 18 17
0.267184 0.095966 0.689346 15 17 19
0.268494 0.095134 0.683368 16 18 19
0.269667 0.094275 0.677206 18 20 19
0.270734 0.093403 0.670943 19 21 20
0.271727 0.092528 0.664661 18 20 22
0.272673 0.091659 0.658428 18 21 22
0.273595 0.090805 0.652294 21 21 22
0.274343 0.089915 0.645905 19 22 22
0.274846 0.088967 0.639102 19 22 22
0.275334 0.088038 0.632433 18 20 22
0.275645 0.087075 0.625523 19 22 22
0.276084 0.086175 0.619063 20 22 23
0.276676 0.085343 0.613094 20 22 23
0.276776 0.084381 0.606186 22 23 25
0.276728 0.083396 0.599117 23 25 26
0.276613 0.082413 0.592066 26 28 29
0.276487 0.081449 0.585149 26 28 29
0.277702 0.080898 0.581194 113 116 119
0.280160 0.080718 0.579895 75 76 77
0.284394 0.081048 0.582262 81 77 76
0.000071 0.088810 0.614654 208 153 141
0.003186 0.084892 0.587571 199 143 130
0.006109 0.082270 0.569445 139 98 86
0.009081 0.081819 0.566330 88 86 86
0.012069 0.081697 0.565477 77 77 78
0.015180 0.082294 0.569606 63 63 65
0.030646 0.104023 0.719755 17 17 19
0.034835 0.105135 0.727437 14 16 17
0.039054 0.106110 0.734172 13 15 16
0.043120 0.106529 0.737065 15 17 19
0.047120 0.106729 0.738443 21 23 23
0.051067 0.106787 0.738834 20 21 19
0.229390 0.107683 0.744840 9 18 14
0.233306 0.107666 0.744717 35 43 43
0.237329 0.107699 0.744938 67 71 70
0.241167 0.107647 0.744579 67 71 68
0.244836 0.107523 0.743717 60 65 62
0.248274 0.107303 0.742194 47 51 51
0.251196 0.106871 0.739199 28 31 34
0.253620 0.106243 0.734856 21 26 26
0.255769 0.105520 0.729858 19 22 22
0.257626 0.104700 0.724189 18 20 20
0.259403 0.103872 0.718466 17 18 20
0.261123 0.103045 0.712752 16 18 19
0.262721 0.102195 0.706872 15 17 17
0.264319 0.101368 0.701159 15 18 17
0.265810 0.100524 0.695323 16 17 19
0.267163 0.099652 0.689294 15 18 17
0.268435 0.098773 0.683219 16 18 19
0.269567 0.097867 0.676956 17 20 19
0.270580 0.096942 0.670563 20 21 20
0.271545 0.096024 0.664218 18 21 20
0.272454 0.095110 0.657900 18 21 20
0.273333 0.094209 0.651670 19 21 22
0.274031 0.093269 0.645172 20 23 22
0.274473 0.092265 0.638236 19 21 22
0.274822 0.091256 0.631259 19 21 22
0.275058 0.090233 0.624191 20 22 23
0.275449 0.089285 0.617641 20 23 22
0.275982 0.088405 0.611557 21 23 25
0.276070 0.087404 0.604641 22 23 25
0.275825 0.086323 0.597164 23 25 26
0.275534 0.085251 0.589759 25 26 28
0.275183 0.084185 0.582391 25 29 29
0.276419 0.083623 0.578509 105 110 113
0.278991 0.083474 0.577478 74 76 77
0.283229 0.083822 0.579877 78 73 73
-0.003332 0.096167 0.641740 217 156 148
0.000071 0.093177 0.621808 209 151 139
0.003241 0.089585 0.597869 198 142 128
0.006133 0.085661 0.571715 195 141 128
0.009057 0.084631 0.564851 74 65 62
0.012027 0.084435 0.563538 80 79 80
0.015044 0.084583 0.564525 80 78 81
0.030517 0.107425 0.716732 17 17 19
0.034704 0.108626 0.724728 17 17 19
0.038934 0.109706 0.731924 15 15 16
0.042971 0.110097 0.734522 19 18 20
0.046936 0.110253 0.735562 22 22 22
0.050873 0.110326 0.736046 46 45 43
0.232437 0.111240 0.741945 13 18 16
0.236448 0.111275 0.742173 52 57 54
0.240393 0.111278 0.742190 64 69 66
0.244241 0.111237 0.741912 60 65 62
0.247922 0.111122 0.741144 57 62 60
0.251131 0.110803 0.739011 41 45 45
0.253760 0.110241 0.735263 25 31 31
0.255929 0.109499 0.730315 21 23 25
0.257798 0.108652 0.724672 19 21 23
0.259563 0.107787 0.718908 17 18 20
0.261241 0.106912 0.713074 16 18 19
0.262784 0.106007 0.707042 15 17 19
0.264317 0.105124 0.701154 15 18 17
0.265748 0.104225 0.695162 15 18 17
0.267059 0.103305 0.689027 15 17 19
0.268298 0.102381 0.682872 16 18 17
0.269384 0.101425 0.676498 17 20 19
0.270363 0.100454 0.670026 18 18 19
0.271275 0.099484 0.663557 19 20 19
0.272113 0.098511 0.657077 18 20 22
0.272906 0.097548 0.650653 19 21 22
0.273532 0.096549 0.643997 19 22 22
0.273896 0.095484 0.636897 20 22 22
0.274170 0.094413 0.629762 20 22 23
0.274355 0.093338 0.622598 20 22 23
0.274658 0.092328 0.615868 20 22 23
0.275136 0.091400 0.609683 20 22 23
0.275176 0.090350 0.602685 22 23 25
0.274779 0.089182 0.594901 24 26 28
0.274286 0.088009 0.587087 26 28 29
0.273918 0.086903 0.579715 30 34 37
0.275164 0.086329 0.575884 109 118 122
0.277792 0.086196 0.574997 71 73 74
0.282007 0.086553 0.577376 77 71 69
-0.003365 0.100586 0.648056 215 154 147
0.000072 0.097586 0.628747 208 150 138
0.003287 0.094107 0.606360 198 140 126
0.006190 0.089547 0.577012 192 133 120
0.009056 0.087651 0.564812 138 97 90
0.011998 0.087243 0.562183 84 84 86
0.014955 0.087088 0.561181 78 80 81
0.017977 0.087301 0.562546 70 71 71
0.034670 0.112398 0.724020 15 16 16
0.038784 0.113192 0.729123 15 17 19
0.042792 0.113559 0.731479 23 23 25
0.046749 0.113740 0.732640 22 23 22
0.050680 0.113837 0.733261 83 83 75
0.235404 0.114742 0.738900 15 17 19
0.239538 0.114844 0.739554 54 62 58
0.243566 0.114893 0.739863 61 66 65
0.247384 0.114843 0.739537 56 61 59
0.250806 0.114613 0.738055 48 56 54
0.253725 0.114164 0.735163 35 41 41
0.256076 0.113477 0.730735 23 26 28
0.257969 0.112610 0.725155 19 23 23
0.259726 0.111710 0.719363 17 18 20
0.261383 0.110793 0.713463 17 18 20
0.262879 0.109836 0.707300 15 18 19
0.264343 0.108891 0.701224 15 17 19
0.265713 0.107936 0.695074 15 17 19
0.266963 0.106958 0.688781 15 17 19
0.268148 0.105981 0.682491 15 17 19
0.269172 0.104967 0.675968 15 17 19
0.270116 0.103949 0.669414 17 18 19
0.270973 0.102924 0.662820 17 18 20
0.271738 0.101891 0.656173 17 18 20
0.272429 0.100857 0.649517 19 22 22
0.272981 0.099798 0.642701 20 21 22
0.273286 0.098675 0.635480 20 22 22
0.273489 0.097544 0.628199 20 22 23
0.273659 0.096428 0.621019 19 21 22
0.273897 0.095363 0.614163 21 23 25
0.274377 0.094405 0.608004 22 23 25
0.274321 0.093288 0.600813 23 25 25
0.273705 0.092008 0.592576 26 28 28
0.272952 0.090711 0.584233 27 29 32
0.272577 0.089568 0.576879 34 38 41
0.273882 0.088997 0.573201 97 106 109
0.276821 0.088964 0.572988 74 74 75
0.280490 0.089164 0.574271 80 75 75
-0.003395 0.104981 0.653795 215 155 147
0.000072 0.101852 0.634331 205 147 135
0.003295 0.097621 0.608007 195 140 127
0.006285 0.094075 0.585954 188 133 118
0.009100 0.091116 0.567542 191 135 124
0.011970 0.090051 0.560916 68 57 59
0.014910 0.089825 0.559504 81 82 83
0.017919 0.090028 0.560767 77 77 76
0.038705 0.116859 0.727634 22 22 23
0.042649 0.117086 0.729046 23 23 25
0.046560 0.117191 0.729694 21 22 20
0.234352 0.118170 0.735600 15 17 19
0.238309 0.118197 0.735761 19 22 23
0.242624 0.118397 0.737003 55 62 60
0.246645 0.118450 0.737332 57 62 61
0.250191 0.118277 0.736248 55 60 59
0.253362 0.117934 0.734114 44 49 48
0.256029 0.117370 0.730603 30 33 36
0.257993 0.116506 0.725225 22 25 26
0.259785 0.115590 0.719527 18 22 22
0.261440 0.114641 0.713619 17 18 20
0.262930 0.113647 0.707439 16 18 19
0.264330 0.112643 0.701191 16 18 19
0.265606 0.111615 0.694795 15 18 17
0.266757 0.110563 0.688249 15 17 19
0.267882 0.109528 0.681816 15 17 19
0.268872 0.108467 0.675213 15 17 19
0.269762 0.107394 0.668539 16 18 19
0.270555 0.106311 0.661800 16 18 19
0.271254 0.105219 0.655006 20 20 22
0.271839 0.104111 0.648113 20 20 22
0.272309 0.102987 0.641121 21 22 22
0.272555 0.101807 0.633780 20 22 22
0.272677 0.100610 0.626335 20 22 22
0.272821 0.099450 0.619119 20 22 22
0.273024 0.098338 0.612205 21 23 25
0.273389 0.097311 0.605815 21 23 25
0.273194 0.096110 0.598347 24 26 28
0.272426 0.094738 0.589810 25 26 31
0.271365 0.093295 0.580840 28 29 33
0.270975 0.092114 0.573491 45 48 49
0.272539 0.091616 0.570393 94 99 101
0.275495 0.091592 0.570245 74 75 74
-0.003421 0.109290 0.658649 217 155 148
0.000072 0.106153 0.639764 207 147 136
0.003327 0.101847 0.613840 199 140 128
0.006374 0.098587 0.594216 188 134 120
0.009226 0.095463 0.575409 182 131 117
0.011969 0.093054 0.560902 157 116 101
0.014856 0.092491 0.557514 73 69 69
0.017815 0.092492 0.557517 80 78 77
0.020812 0.092663 0.558543 75 74 73
0.038486 0.120076 0.723540 26 26 25
0.042447 0.120421 0.725608 24 23 25
0.046342 0.120535 0.726291 20 21 17
0.237204 0.121572 0.732351 14 17 19
0.241407 0.121732 0.733309 34 39 40
0.245809 0.121985 0.734833 58 63 62
0.249511 0.121889 0.734248 58 63 61
0.252783 0.121588 0.732437 55 59 58
0.255723 0.121140 0.729733 37 40 43
0.257967 0.120379 0.725153 25 26 29
0.259770 0.119438 0.719486 20 23 25
0.261406 0.118448 0.713527 18 20 22
0.262850 0.117402 0.707224 17 18 20
0.264190 0.116338 0.700821 17 18 20
0.265392 0.115244 0.694237 15 18 19
0.266461 0.114123 0.687487 15 18 17
0.267513 0.113026 0.680879 15 17 19
0.268456 0.111911 0.674170 15 17 19
0.269292 0.110783 0.667376 15 17 19
0.270032 0.109644 0.660522 16 18 19
0.270652 0.108487 0.653553 17 18 20
0.271139 0.107306 0.646446 21 22 22
0.271519 0.106112 0.639261 22 22 23
0.271689 0.104868 0.631768 20 22 22
0.271722 0.103601 0.624142 20 22 23
0.271849 0.102400 0.616914 20 22 23
0.271998 0.101236 0.609906 22 23 25
0.272183 0.100112 0.603143 22 23 25
0.271823 0.098817 0.595344 23 25 28
0.270838 0.097326 0.586372 25 26 31
0.269608 0.095782 0.577080 28 29 32
0.269117 0.094533 0.569560 68 72 72
0.271227 0.094215 0.567648 83 87 90
0.274386 0.094266 0.567951 74 75 75
-0.003444 0.113562 0.662988 213 155 146
0.000072 0.110233 0.643573 205 146 135
0.003349 0.105843 0.617971 196 140 128
0.006397 0.102147 0.596412 187 133 120
0.009323 0.099589 0.581495 182 130 117
0.012056 0.096756 0.564969 181 133 118
0.014810 0.095185 0.555806 89 70 63
0.017726 0.095001 0.554733 86 85 82
0.020689 0.095090 0.555245 77 78 75
0.023736 0.095494 0.557601 71 74 72
0.042176 0.123515 0.720986 24 25 25
0.046162 0.123944 0.723480 33 34 31
0.240043 0.124950 0.729169 14 16 17
0.244722 0.125365 0.731586 60 65 64
0.248725 0.125426 0.731938 60 64 61
0.252010 0.125128 0.730197 57 62 61
0.255153 0.124771 0.728108 48 52 52
0.257715 0.124143 0.724447 31 33 35
0.259662 0.123242 0.719187 23 25 28
0.261374 0.122257 0.713442 21 23 23
0.262773 0.121155 0.707017 17 18 20
0.264014 0.120013 0.700357 17 18 20
0.265125 0.118844 0.693538 15 18 17
0.266116 0.117654 0.686598 15 17 19
0.267068 0.116479 0.679746 15 17 19
0.267906 0.115287 0.672791 15 17 19
0.268707 0.114110 0.665927 16 18 19
0.269401 0.112918 0.658978 17 18 20
0.269976 0.111708 0.651923 17 18 20
0.270410 0.110471 0.644709 19 21 22
0.270665 0.109193 0.637253 21 22 22
0.270714 0.107864 0.629503 20 22 23
0.270627 0.106513 0.621629 20 22 23
0.270626 0.105229 0.614139 20 22 25
0.270681 0.103997 0.606956 21 23 26
0.270695 0.102779 0.599849 22 23 28
0.270084 0.101353 0.591537 23 25 28
0.268677 0.099665 0.581697 27 26 31
0.267564 0.098123 0.572706 26 26 31
0.267842 0.097121 0.566862 95 108 106
0.270241 0.096903 0.565586 77 77 78
0.273671 0.097055 0.566472 75 73 72
-0.003463 0.117766 0.666674 211 156 146
0.000072 0.114133 0.646126 205 147 136
0.003371 0.109875 0.622050 195 140 125
0.006452 0.106258 0.601592 187 132 117
0.009411 0.103681 0.587017 182 130 116
0.012176 0.100780 0.570613 178 132 121
0.014823 0.098253 0.556316 178 143 129
0.017658 0.097601 0.552627 54 45 45
0.020550 0.097407 0.551527 86 84 83
0.023503 0.097513 0.552127 75 78 75
0.026674 0.098403 0.557158 67 67 67
0.045944 0.127217 0.720071 37 36 34
0.239056 0.128326 0.726171 15 18 17
0.243309 0.128538 0.727364 30 33 33
0.247812 0.128873 0.729252 62 67 66
0.251194 0.128623 0.727836 60 65 63
0.254452 0.128318 0.726108 57 60 60
0.257302 0.127819 0.723287 40 43 44
0.259414 0.126973 0.718502 27 29 31
0.261231 0.126010 0.713052 21 23 25
0.262651 0.124885 0.706691 19 21 22
0.263817 0.123673 0.699836 17 18 20
0.264822 0.122420 0.692748 16 18 19
0.265711 0.121148 0.685555 15 17 19
0.266584 0.119903 0.678516 15 18 17
0.267339 0.118640 0.671369 16 18 19
0.268069 0.117398 0.664347 16 18 19
0.268717 0.116153 0.657307 16 18 19
0.269236 0.114885 0.650136 18 20 20
0.269575 0.113573 0.642718 20 22 22
0.269739 0.112221 0.635075 22 22 23
0.269729 0.110831 0.627214 20 22 23
0.269479 0.109377 0.618993 20 22 23
0.269309 0.107991 0.611152 20 22 25
0.269193 0.106659 0.603620 21 23 26
0.268944 0.105306 0.595969 22 23 26
0.267964 0.103701 0.586898 24 26 29
0.266148 0.101813 0.576223 26 26 32
0.265424 0.100381 0.568127 28 29 35
0.266513 0.099661 0.564052 114 123 126
0.269265 0.099572 0.563545 73 73 72
0.272844 0.099787 0.564760 75 71 69
-0.003481 0.121945 0.670008 199 163 161
0.000072 0.118174 0.649312 202 145 135
0.003399 0.114159 0.627270 195 140 125
0.006523 0.110681 0.608181 186 132 116
0.009489 0.107718 0.591917 181 128 114
0.012302 0.104910 0.576501 176 132 119
0.014952 0.102116 0.561166 171 135 123
0.017666 0.100612 0.552906 150 123 116
0.020505 0.100146 0.550344 57 54 49
0.023377 0.099935 0.549188 83 81 77
0.026338 0.100111 0.550147 77 76 76
0.045775 0.130594 0.717434 37 37 33
0.238175 0.131730 0.723499 15 18 17
0.242207 0.131835 0.724071 14 16 17
0.246593 0.132126 0.725666 60 65 63
0.250333 0.132068 0.725344 64 69 67
0.253653 0.131793 0.723830 61 66 65
0.256679 0.131375 0.721538 52 56 56
0.258976 0.130602 0.717292 30 34 34
0.260875 0.129653 0.712083 24 26 28
0.262370 0.128534 0.705937 20 22 23
0.263540 0.127289 0.699102 19 21 22
0.264466 0.125962 0.691818 17 18 20
0.265260 0.124609 0.684393 15 17 19
0.266061 0.123296 0.677187 15 17 19
0.266741 0.121963 0.669869 17 18 19
0.267385 0.120648 0.662654 16 18 19
0.267970 0.119342 0.655481 17 20 19
0.268453 0.118024 0.648247 18 20 22
0.268705 0.116639 0.640646 19 21 22
0.268764 0.115206 0.632780 21 22 22
0.268570 0.113701 0.624520 20 22 23
0.268139 0.112133 0.615916 21 23 25
0.267811 0.110646 0.607754 22 23 28
0.267475 0.109191 0.599769 22 23 28
0.266847 0.107652 0.591324 23 25 26
0.265345 0.105800 0.581163 25 26 31
0.263347 0.103795 0.570161 27 29 33
0.263082 0.102512 0.563116 46 48 52
0.264809 0.102026 0.560447 89 100 102
0.268089 0.102142 0.561085 73 73 71
0.271652 0.102363 0.562294 80 69 68
-0.003495 0.126004 0.672516 193 168 168
0.000072 0.122119 0.651800 206 150 139
0.003416 0.118150 0.630634 194 139 126
0.006571 0.114796 0.612747 184 130 116
0.009570 0.111833 0.596949 179 128 114
0.012420 0.109044 0.582078 175 130 118
0.015093 0.106117 0.566468 169 132 123
0.017753 0.104083 0.555621 165 132 119
0.020521 0.103175 0.550776 109 89 81
0.023352 0.102768 0.548605 71 70 66
0.026194 0.102496 0.547151 74 76 74
0.029180 0.102784 0.548688 74 77 75
0.241123 0.135107 0.720834 14 18 17
0.245468 0.135393 0.722359 39 43 42
0.249457 0.135478 0.722807 63 68 67
0.252819 0.135224 0.721451 63 68 67
0.255894 0.134827 0.719333 57 62 61
0.258396 0.134144 0.715687 36 39 40
0.260428 0.133240 0.710863 26 29 31
0.261988 0.132123 0.704911 23 25 26
0.263168 0.130849 0.698115 19 21 22
0.264036 0.129457 0.690693 18 21 19
0.264725 0.128017 0.683013 16 18 19
0.265410 0.126613 0.675530 16 18 19
0.265995 0.125201 0.667997 15 18 17
0.266552 0.123811 0.660589 18 20 22
0.267043 0.122428 0.653215 18 20 22
0.267438 0.121037 0.645798 19 21 22
0.267608 0.119581 0.638032 19 22 22
0.267562 0.118065 0.629952 20 22 23
0.267183 0.116442 0.621297 22 23 25
0.266647 0.114790 0.612491 23 25 26
0.266140 0.113191 0.603966 23 25 28
0.265436 0.111546 0.595199 23 25 28
0.264306 0.109764 0.585697 24 26 29
0.262435 0.107718 0.574792 25 26 31
0.260738 0.105790 0.564514 25 26 31
0.261155 0.104755 0.558994 92 96 99
0.263468 0.104496 0.557609 73 77 79
0.267033 0.104734 0.558876 70 71 71
0.270856 0.105067 0.560648 83 60 62
-0.003508 0.130071 0.674919 192 170 171
0.000072 0.125987 0.653747 200 146 135
0.003429 0.121993 0.633040 193 138 125
0.006606 0.118708 0.616013 185 131 115
0.009636 0.115831 0.601097 179 128 113
0.012533 0.113185 0.587375 172 129 117
0.015260 0.110359 0.572729 166 130 121
0.017882 0.107844 0.559686 162 128 118
0.020588 0.106471 0.552569 165 132 122
0.023348 0.105690 0.548519 80 66 63
0.026168 0.105326 0.546629 78 78 76
0.029028 0.105175 0.545841 75 78 76
0.032011 0.105459 0.547310 74 76 72
0.240039 0.138343 0.717594 13 17 17
0.244440 0.138680 0.719334 16 20 20
0.248587 0.138864 0.720287 68 72 70
0.251990 0.138633 0.719087 65 70 68
0.255024 0.138209 0.716888 60 63 64
0.257662 0.137586 0.713656 46 49 49
0.259847 0.136743 0.709281 28 31 31
0.261463 0.135627 0.703498 23 25 26
0.262659 0.134329 0.696768 19 23 23
0.263522 0.132899 0.689351 17 20 19
0.264162 0.131396 0.681562 16 18 19
0.264744 0.129906 0.673836 16 18 19
0.265234 0.128411 0.666086 16 18 19
0.265687 0.126937 0.658448 16 18 19
0.266061 0.125465 0.650815 18 21 20
0.266362 0.123996 0.643200 19 21 22
0.266483 0.122481 0.635350 20 22 23
0.266371 0.120899 0.627149 21 23 25
0.265898 0.119194 0.618310 21 23 26
0.265242 0.117449 0.609266 22 23 25
0.264411 0.115669 0.600043 23 25 28
0.263211 0.113773 0.590211 24 26 29
0.261537 0.111718 0.579561 23 25 28
0.259660 0.109625 0.568715 26 28 32
0.258308 0.107800 0.559255 36 37 41
0.259814 0.107196 0.556125 106 115 116
0.262295 0.107004 0.555128 65 69 71
0.265654 0.107171 0.555992 73 71 71
-0.003524 0.134316 0.678094 187 165 165
0.000072 0.130094 0.656796 198 147 136
0.003446 0.126010 0.636195 195 140 127
0.006647 0.122782 0.619914 184 129 114
0.009702 0.119874 0.605243 179 126 113
0.012631 0.117242 0.591969 172 129 117
0.015420 0.114625 0.578767 167 131 121
0.018091 0.112140 0.566231 165 130 120
0.020736 0.110225 0.556574 162 126 117
0.023437 0.109046 0.550622 170 133 125
0.026156 0.108205 0.546378 64 52 50
0.028970 0.107884 0.544757 83 83 81
0.031846 0.107832 0.544495 73 78 73
0.034821 0.108100 0.545842 71 75 71
0.239040 0.141596 0.714609 9 13 13
0.243498 0.141984 0.716566 13 18 17
0.247791 0.142266 0.717984 60 63 62
0.251212 0.142046 0.716871 68 70 71
0.254241 0.141614 0.714689 60 63 65
0.256932 0.141009 0.711635 52 55 56
0.259190 0.140187 0.707487 30 35 34
0.260904 0.139099 0.701998 23 26 26
0.262174 0.137807 0.695480 21 23 23
0.262991 0.136316 0.687963 18 20 22
0.263535 0.134727 0.679947 17 18 20
0.263983 0.133132 0.671901 16 18 19
0.264372 0.131550 0.663923 16 18 19
0.264732 0.129995 0.656082 16 18 19
0.264925 0.128401 0.648038 18 20 22
0.265023 0.126801 0.639970 19 21 22
0.265003 0.125186 0.631826 20 22 23
0.264840 0.123544 0.623546 22 23 28
0.264335 0.121786 0.614678 22 23 28
0.263583 0.119957 0.605457 24 26 28
0.262409 0.117983 0.595501 24 26 28
0.260780 0.115854 0.584763 24 26 29
0.258745 0.113596 0.573377 26 28 32
0.256742 0.111405 0.562327 28 29 34
0.256204 0.109893 0.554701 77 82 85
0.258711 0.109708 0.553766 67 78 79
0.261580 0.109678 0.553616 71 75 75
0.264833 0.109809 0.554273 77 64 64
-0.003553 0.139042 0.683463 182 158 157
0.000072 0.134153 0.659450 195 147 136
0.003461 0.130002 0.639064 193 137 122
0.006678 0.126688 0.622787 182 128 112
0.009750 0.123732 0.608269 178 126 113
0.012705 0.121123 0.595455 170 128 115
0.015562 0.118808 0.584084 164 129 119
0.018321 0.116640 0.573435 166 131 121
0.020959 0.114422 0.562539 164 129 118
0.023587 0.112716 0.554161 166 123 109
0.026250 0.111534 0.548355 173 131 115
0.028933 0.110663 0.544077 60 48 43
0.031740 0.110383 0.542699 80 87 83
0.034618 0.110378 0.542670 71 78 75
0.037546 0.110517 0.543352 73 77 72
0.237955 0.144764 0.711367 4 10 10
0.242432 0.145185 0.713429 15 18 17
0.246906 0.145591 0.715420 37 37 39
0.250416 0.145424 0.714600 67 69 71
0.253370 0.144944 0.712241 61 65 66
0.256087 0.144345 0.709297 57 60 61
0.258384 0.143530 0.705290 35 38 38
0.260229 0.142490 0.700183 24 26 28
0.261549 0.141196 0.693825 20 23 23
0.262343 0.139657 0.686269 18 21 22
0.262800 0.137984 0.678050 17 18 19
0.263103 0.136276 0.669663 16 18 19
0.263369 0.134594 0.661405 16 18 19
0.263597 0.132938 0.653271 16 18 19
0.263683 0.131254 0.645001 17 18 20
0.263656 0.129557 0.636670 19 21 22
0.263516 0.127849 0.628280 21 23 25
0.263293 0.126143 0.619906 22 23 25
0.262756 0.124331 0.611007 23 25 28
0.261784 0.122360 0.601326 24 26 28
0.259998 0.120059 0.590031 24 26 28
0.257911 0.117677 0.578333 26 28 32
0.255498 0.115203 0.566185 29 31 35
0.253865 0.113134 0.556028 32 35 39
0.254738 0.112218 0.551529 109 120 118
0.257501 0.112147 0.551176 71 72 72
0.260895 0.112349 0.552167 74 76 76
0.264279 0.112543 0.553116 116 74 74
-0.003580 0.143797 0.688699 178 152 150
0.000071 0.138039 0.661142 194 146 137
0.003471 0.133824 0.640970 193 139 125
0.006709 0.130632 0.625697 181 128 114
0.009811 0.127783 0.612059 175 126 112
0.012799 0.125235 0.599865 167 128 115
0.015708 0.123085 0.589577 162 126 117
0.018537 0.121121 0.580178 165 130 120
0.021240 0.119017 0.570110 165 128 119
0.023846 0.116956 0.560244 166 123 110
0.026427 0.115245 0.552055 167 120 103
0.029062 0.114084 0.546499 172 126 111
0.031731 0.113261 0.542555 54 44 40
0.034493 0.112876 0.540713 86 88 87
0.037370 0.112898 0.540816 74 78 74
0.040269 0.112980 0.541204 74 76 72
0.043616 0.114223 0.547149 68 70 65
0.236892 0.147911 0.708193 14 20 19
0.241327 0.148328 0.710181 14 16 17
0.245866 0.148794 0.712409 19 21 22
0.249421 0.148660 0.711763 70 72 73
0.252458 0.148225 0.709679 62 65 66
0.255213 0.147639 0.706877 60 63 63
0.257519 0.146815 0.702929 37 42 41
0.259368 0.145757 0.697866 24 28 28
0.260773 0.144483 0.691769 20 25 23
0.261544 0.142897 0.684181 19 21 22
0.261928 0.141146 0.675802 17 18 20
0.262125 0.139344 0.667176 16 20 20
0.262297 0.137575 0.658716 16 18 19
0.262454 0.135846 0.650440 17 18 20
0.262406 0.134057 0.641880 17 18 20
0.262271 0.132270 0.633329 17 18 20
0.262016 0.130468 0.624707 20 22 25
0.261675 0.128668 0.616097 22 23 28
0.261019 0.126760 0.606969 24 26 28
0.260529 0.124979 0.598445 24 26 28
0.257184 0.121886 0.583648 25 26 31
0.254324 0.119094 0.570291 27 29 33
0.251616 0.116438 0.557584 31 31 35
0.251338 0.114956 0.550495 97 104 107
0.253437 0.114584 0.548714 77 80 79
0.256597 0.114696 0.549243 75 75 74
0.260036 0.114928 0.550351 84 71 74
-0.003597 0.148140 0.691744 181 154 148
0.000071 0.141935 0.662792 193 148 138
0.003482 0.137717 0.643115 193 139 125
0.006739 0.134607 0.628602 181 129 116
0.009870 0.131866 0.615810 173 126 114
0.012884 0.129311 0.603887 164 124 116
0.015818 0.127129 0.593707 160 125 116
0.018686 0.125232 0.584857 162 129 119
0.021459 0.123333 0.575995 165 128 118
0.024135 0.121414 0.567040 168 123 110
0.026710 0.119470 0.557968 169 121 103
0.029236 0.117718 0.549792 165 118 102
0.031826 0.116517 0.544187 173 126 111
0.034453 0.115639 0.540090 55 45 44
0.037210 0.115299 0.538500 77 75 76
0.040082 0.115341 0.538696 75 77 76
0.042982 0.115451 0.539204 74 76 74
0.046110 0.116121 0.542331 68 70 65
0.240319 0.151497 0.707217 14 16 17
0.244839 0.151974 0.709437 13 15 16
0.248433 0.151869 0.708946 63 67 68
0.251548 0.151479 0.707125 60 65 65
0.254337 0.150906 0.704451 57 61 62
0.256648 0.150072 0.700555 39 43 44
0.258450 0.148966 0.695398 25 29 29
0.259870 0.147676 0.689376 21 25 25
0.260679 0.146078 0.681919 19 21 22
0.260996 0.144252 0.673401 18 20 22
0.261111 0.142365 0.664596 16 18 19
0.261223 0.140526 0.656020 16 18 19
0.261305 0.138721 0.647596 16 18 19
0.261129 0.136826 0.638757 17 18 20
0.260886 0.134945 0.629984 19 21 22
0.260531 0.133056 0.621168 19 21 25
0.260031 0.131140 0.612229 22 23 26
0.258938 0.128975 0.602133 26 26 29
0.258082 0.126980 0.592826 26 28 29
0.253316 0.123131 0.574872 26 28 32
0.250139 0.120137 0.560909 27 29 33
0.248400 0.117898 0.550460 53 55 57
0.249604 0.117091 0.546698 95 100 99
0.252157 0.116930 0.545944 71 72 70
0.255673 0.117214 0.547267 74 73 73
0.260644 0.118152 0.551638 121 77 79
-0.003609 0.152335 0.693973 176 148 143
0.000071 0.145720 0.663861 192 147 136
0.003490 0.141491 0.644612 191 140 127
0.006761 0.138432 0.630685 179 128 116
0.009914 0.135768 0.618557 171 128 116
0.012962 0.133351 0.607555 162 124 114
0.015920 0.131155 0.597555 160 123 114
0.018803 0.129176 0.588547 162 126 115
0.021625 0.127396 0.580442 164 125 113
0.024355 0.125588 0.572211 168 123 109
0.026979 0.123696 0.563599 169 121 104
0.029512 0.121803 0.554978 166 118 101
0.032003 0.120096 0.547209 162 116 98
0.034555 0.118886 0.541699 168 123 108
0.037193 0.118132 0.538264 68 45 40
0.039923 0.117758 0.536562 68 66 67
0.042800 0.117838 0.536922 78 79 78
0.045735 0.118060 0.537932 77 77 75
0.048712 0.118356 0.539278 70 71 68
0.239407 0.154696 0.704534 13 15 16
0.243943 0.155204 0.706841 13 16 16
0.247588 0.155137 0.706536 57 61 61
0.250678 0.154730 0.704679 60 63 62
0.253505 0.154175 0.702150 56 59 61
0.255827 0.153333 0.698315 45 47 49
0.257636 0.152211 0.693211 24 28 28
0.259056 0.150895 0.687218 22 26 26
0.259800 0.149226 0.679622 19 23 25
0.260074 0.147337 0.671023 18 20 22
0.260147 0.145386 0.662145 16 18 19
0.260252 0.143505 0.653583 16 18 19
0.260288 0.141636 0.645077 17 18 20
0.259956 0.139618 0.635891 18 20 23
0.259577 0.137626 0.626825 20 22 25
0.259072 0.135619 0.617690 21 23 26
0.258930 0.133850 0.609638 24 26 29
0.256692 0.131053 0.596911 26 28 32
0.253084 0.127634 0.581349 26 28 29
0.248855 0.123987 0.564753 26 28 33
0.246066 0.121136 0.551779 36 39 42
0.246022 0.119689 0.545194 107 110 111
0.248486 0.119482 0.544250 75 77 77
0.251138 0.119370 0.543739 74 74 74
0.255323 0.119982 0.546518 74 56 57
-0.003628 0.156855 0.697537 173 143 138
0.000071 0.149799 0.666184 189 146 135
0.003496 0.145214 0.645809 191 143 129
0.006780 0.142207 0.632447 176 129 118
0.009966 0.139817 0.621823 167 128 117
0.013053 0.137565 0.611817 159 123 113
0.016050 0.135457 0.602449 159 123 112
0.018955 0.133400 0.593307 160 124 112
0.021788 0.131495 0.584838 164 123 110
0.024550 0.129685 0.576795 169 121 106
0.027219 0.127844 0.568613 169 120 102
0.029803 0.126008 0.560455 167 117 100
0.032327 0.124276 0.552756 164 116 98
0.034782 0.122587 0.545249 160 114 99
0.037294 0.121344 0.539725 167 124 108
0.039933 0.120665 0.536707 74 57 58
0.042672 0.120356 0.535332 56 49 53
0.045512 0.120352 0.535313 83 80 79
0.048396 0.120459 0.535784 77 77 75
0.051308 0.120620 0.536498 74 77 73
0.238460 0.157844 0.701749 12 14 16
0.242971 0.158357 0.704027 13 15 19
0.246698 0.158351 0.703997 52 56 56
0.249696 0.157884 0.701920 56 60 58
0.252541 0.157336 0.699480 54 57 57
0.254912 0.156512 0.695820 44 46 48
0.256696 0.155356 0.690682 25 29 29
0.258019 0.153957 0.684467 22 26 28
0.258731 0.152238 0.676827 19 22 25
0.258970 0.150291 0.668176 18 20 23
0.259030 0.148294 0.659303 16 20 22
0.259143 0.146380 0.650800 16 18 20
0.259148 0.144456 0.642252 17 18 20
0.258744 0.142357 0.632926 18 20 22
0.258238 0.140257 0.623593 21 23 25
0.257856 0.138276 0.614793 24 26 29
0.256744 0.135958 0.604493 26 28 32
0.254768 0.133245 0.592440 26 28 32
0.248716 0.128490 0.571319 29 31 33
0.244191 0.124630 0.554172 34 36 39
0.242389 0.122236 0.543537 101 108 108
0.244801 0.122001 0.542488 77 79 79
0.248031 0.122174 0.543255 71 73 71
0.251269 0.122347 0.544024 74 70 69
-0.003650 0.161554 0.701712 179 150 147
0.000071 0.154317 0.670303 189 147 136
0.003503 0.149011 0.647270 194 147 133
0.006799 0.146016 0.634271 171 130 119
0.010012 0.143820 0.624738 165 129 117
0.013131 0.141698 0.615526 158 123 113
0.016161 0.139644 0.606614 158 122 110
0.019096 0.137595 0.597718 162 122 108
0.021947 0.135610 0.589101 165 120 107
0.024727 0.133735 0.580959 168 120 104
0.027429 0.131900 0.572995 169 119 102
0.030057 0.130114 0.565242 166 117 100
0.032621 0.128394 0.557778 164 116 98
0.035121 0.126733 0.550566 160 114 98
0.037558 0.125118 0.543555 157 115 99
0.040078 0.123989 0.538654 159 119 104
0.042664 0.123202 0.535238 84 65 62
0.045377 0.122856 0.533732 44 33 34
0.048166 0.122743 0.533241 87 81 82
0.051022 0.122806 0.533514 74 76 73
0.053888 0.122886 0.533858 75 77 74
0.233144 0.160507 0.696995 27 33 32
0.237484 0.160942 0.698878 12 14 16
0.242073 0.161529 0.701425 13 15 19
0.245827 0.161551 0.701515 45 48 49
0.248796 0.161062 0.699394 54 57 57
0.251585 0.160474 0.696836 50 53 53
0.253927 0.159621 0.693133 42 45 45
0.255657 0.158412 0.687888 25 29 31
0.256914 0.156950 0.681539 23 26 28
0.257678 0.155230 0.674074 19 22 25
0.257919 0.153246 0.665466 18 20 23
0.257954 0.151196 0.656567 16 20 22
0.258057 0.149238 0.648073 17 18 22
0.257930 0.147202 0.639235 18 20 22
0.257329 0.144951 0.629468 20 23 25
0.257043 0.142933 0.620709 23 25 28
0.255751 0.140413 0.609775 25 26 29
0.253734 0.137564 0.597410 27 29 33
0.248330 0.132969 0.577472 28 29 34
0.242429 0.128223 0.556881 32 34 36
0.238696 0.124725 0.541704 90 93 93
0.240875 0.124366 0.540142 80 81 81
0.243981 0.124489 0.540673 74 74 73
0.247219 0.124675 0.541478 73 70 68
0.251711 0.125482 0.544981 114 75 73
0.000071 0.158754 0.673891 189 144 134
0.003513 0.152927 0.649175 188 140 124
0.006812 0.149714 0.635543 179 135 123
0.010037 0.147535 0.626299 164 129 117
0.013187 0.145616 0.618159 159 122 111
0.016249 0.143678 0.609937 160 121 109
0.019209 0.141633 0.601261 162 120 105
0.022081 0.139619 0.592721 166 119 103
0.024886 0.137733 0.584719 167 119 103
0.027619 0.135909 0.576981 168 119 101
0.030282 0.134141 0.569480 166 117 100
0.032889 0.132467 0.562377 163 116 98
0.035436 0.130850 0.555520 159 116 100
0.037917 0.129255 0.548751 156 116 100
0.040366 0.127788 0.542527 153 115 99
0.042868 0.126672 0.537791 150 117 106
0.045424 0.125845 0.534285 105 84 76
0.048079 0.125374 0.532283 42 31 32
0.050808 0.125138 0.531281 75 71 72
0.053583 0.125035 0.530841 77 77 73
0.056482 0.125215 0.531605 74 76 72
0.059595 0.125832 0.534217 73 75 71
0.232157 0.163546 0.694047 24 28 28
0.236698 0.164141 0.696567 13 16 17
0.241222 0.164706 0.698962 14 16 17
0.244930 0.164706 0.698956 42 44 45
0.247815 0.164159 0.696638 50 53 54
0.250529 0.163517 0.693911 48 51 52
0.252788 0.162601 0.690024 38 41 42
0.254454 0.161335 0.684653 25 29 31
0.255633 0.159800 0.678142 23 25 28
0.256251 0.157961 0.670344 19 23 25
0.256586 0.156001 0.662029 18 20 23
0.256709 0.153966 0.653398 16 20 22
0.256826 0.151982 0.644984 17 18 22
0.256435 0.149753 0.635531 19 21 25
0.255819 0.147453 0.625774 20 23 26
0.254386 0.144746 0.614296 25 26 29
0.251957 0.141548 0.600733 28 29 32
0.248214 0.137699 0.584415 30 32 36
0.239840 0.131407 0.557735 37 38 42
0.235306 0.127348 0.540523 86 89 90
0.237215 0.126835 0.538345 81 84 84
0.240114 0.126858 0.538438 74 74 72
0.243548 0.127159 0.539715 73 73 71
0.247251 0.127592 0.541549 80 56 60
0.000071 0.163528 0.678716 191 142 130
0.003533 0.157318 0.652962 187 139 123
0.006847 0.153908 0.638818 192 143 128
0.010074 0.151457 0.628652 167 125 114
0.013246 0.149597 0.620936 160 120 108
0.016340 0.147772 0.613364 160 120 105
0.019331 0.145783 0.605115 164 119 104
0.022232 0.143774 0.596782 164 118 102
0.025061 0.141856 0.588825 166 118 101
0.027820 0.140012 0.581176 165 117 99
0.030513 0.138237 0.573815 164 116 98
0.033147 0.136545 0.566795 160 116 99
0.035719 0.134896 0.559956 158 118 101
0.038244 0.133338 0.553492 156 117 100
0.040715 0.131827 0.547226 153 116 100
0.043174 0.130481 0.541642 149 115 100
0.045637 0.129314 0.536799 146 113 97
0.048154 0.128426 0.533117 137 107 96
0.050758 0.127860 0.530766 53 40 42
0.053435 0.127526 0.529379 53 51 51
0.056242 0.127521 0.529355 78 81 78
0.059112 0.127651 0.529892 74 77 73
0.062038 0.127885 0.530863 74 77 74
0.066492 0.131116 0.544256 80 84 77
0.231213 0.166584 0.691226 22 26 28
0.235914 0.167317 0.694263 13 17 17
0.240390 0.167870 0.696552 13 17 17
0.244087 0.167871 0.696553 39 42 42
0.246940 0.167298 0.694178 48 50 51
0.249589 0.166607 0.691311 45 47 48
0.251750 0.165615 0.687194 39 41 42
0.253327 0.164272 0.681624 27 29 31
0.254435 0.162667 0.674965 23 25 28
0.254992 0.160758 0.667051 20 23 25
0.255365 0.158788 0.658880 18 20 23
0.255505 0.156728 0.650335 17 20 22
0.255245 0.154480 0.641015 18 20 23
0.254356 0.151916 0.630382 20 22 25
0.252475 0.148833 0.617598 24 26 29
0.249736 0.145329 0.603069 28 31 34
0.245219 0.140892 0.584671 28 29 33
0.235554 0.133643 0.554616 33 36 39
0.231278 0.129594 0.537831 93 97 97
0.233332 0.129151 0.535991 78 82 82
0.236022 0.129067 0.535640 71 73 73
0.239222 0.129260 0.536438 71 71 71
0.242674 0.129583 0.537778 74 56 55
0.000071 0.168523 0.684231 193 142 130
0.003561 0.162081 0.658093 191 140 124
0.006875 0.157989 0.641491 186 136 119
0.010105 0.155310 0.630620 179 131 116
0.013296 0.153502 0.623284 165 119 105
0.016419 0.151793 0.616349 166 120 106
0.019441 0.149873 0.608558 165 119 103
0.022370 0.147887 0.600496 164 117 101
0.025220 0.145931 0.592560 163 117 100
0.028003 0.144071 0.585012 162 116 100
0.030731 0.142323 0.577919 160 115 99
0.033397 0.140635 0.571069 158 117 100
0.036003 0.138992 0.564403 157 117 101
0.038574 0.137479 0.558262 154 117 101
0.041086 0.135989 0.552216 153 116 101
0.043544 0.134526 0.546279 150 114 99
0.046005 0.133256 0.541126 147 112 96
0.048434 0.132049 0.536229 145 110 95
0.050917 0.131114 0.532431 151 116 101
0.053474 0.130458 0.529770 83 64 55
0.056120 0.130074 0.528210 38 33 37
0.058869 0.129953 0.527717 68 70 67
0.061728 0.130077 0.528216 75 77 75
0.064576 0.130167 0.528581 74 77 74
0.067666 0.130717 0.530812 74 78 75
0.230224 0.169559 0.688271 27 28 29
0.235028 0.170394 0.691656 14 18 19
0.239445 0.170927 0.693818 12 16 16
0.243010 0.170845 0.693480 40 43 44
0.245823 0.170244 0.691042 44 47 48
0.248419 0.169512 0.688071 43 46 48
0.250573 0.168505 0.683983 37 39 40
0.252097 0.167108 0.678316 28 29 32
0.253180 0.165462 0.671638 24 26 28
0.253852 0.163597 0.664070 21 23 25
0.254320 0.161653 0.656184 19 21 23
0.253618 0.159028 0.645534 19 21 22
0.252244 0.156057 0.633480 20 22 25
0.249918 0.152582 0.619387 21 23 25
0.229808 0.134966 0.547937 48 49 53
0.226814 0.131541 0.534043 96 100 104
0.229430 0.131416 0.533535 74 77 76
0.232427 0.131510 0.533913 70 72 72
0.235546 0.131670 0.534560 68 68 67
0.238719 0.131856 0.535312 68 59 59
0.000071 0.173489 0.689395 194 141 128
0.003591 0.167050 0.663823 192 138 123
0.006918 0.162441 0.645522 185 133 117
0.010148 0.159372 0.633334 191 140 123
0.013339 0.157357 0.625332 173 123 106
0.016474 0.155616 0.618415 169 121 104
0.019534 0.153868 0.611474 166 119 102
0.022496 0.151953 0.603868 163 118 102
0.025373 0.150016 0.596174 162 117 101
0.028181 0.148143 0.588739 160 115 100
0.030934 0.146384 0.581751 157 116 101
0.033624 0.144672 0.574951 156 117 102
0.036260 0.143033 0.568442 155 116 102
0.038856 0.141499 0.562349 152 116 101
0.041415 0.140059 0.556630 150 114 99
0.043930 0.138674 0.551127 148 113 98
0.046386 0.137284 0.545610 147 111 96
0.048837 0.136045 0.540686 146 111 95
0.051294 0.134959 0.536373 148 111 95
0.053719 0.133908 0.532200 149 111 94
0.056205 0.133106 0.529013 123 96 83
0.058805 0.132638 0.527154 56 46 41
0.061466 0.132342 0.525977 42 45 42
0.064253 0.132334 0.525943 74 78 76
0.067143 0.132529 0.526713 77 79 76
0.070034 0.132710 0.527433 71 76 72
0.073054 0.133113 0.529030 71 76 73
0.229380 0.172611 0.685750 28 29 31
0.234198 0.173485 0.689216 15 18 19
0.238502 0.173956 0.691086 12 16 16
0.241912 0.173771 0.690349 42 45 46
0.244749 0.173186 0.688024 41 45 46
0.247320 0.172433 0.685031 40 44 46
0.249514 0.171442 0.681093 33 36 37
0.250945 0.169962 0.675216 27 29 31
0.251988 0.168265 0.668478 24 26 28
0.252719 0.166409 0.661109 22 23 25
0.252250 0.163824 0.650846 20 22 23
0.246561 0.155856 0.619213 21 25 25
0.221476 0.134603 0.534844 65 67 69
0.223092 0.133869 0.531928 87 92 92
0.225470 0.133605 0.530879 68 73 73
0.228303 0.133615 0.530915 68 70 70
0.231771 0.133991 0.532408 65 66 66
0.234906 0.134168 0.533108 68 63 62
0.000071 0.178295 0.693721 194 141 127
0.003624 0.172170 0.669904 189 136 120
0.006971 0.167186 0.650526 187 134 119
0.010213 0.163803 0.637369 181 129 112
0.013391 0.161335 0.627773 186 136 119
0.016518 0.159364 0.620108 169 121 103
0.019608 0.157747 0.613819 166 119 103
0.022608 0.155966 0.606892 162 119 103
0.025520 0.154099 0.599632 157 116 102
0.028356 0.152237 0.592391 156 116 103
0.031131 0.150454 0.585459 155 116 102
0.033839 0.148699 0.578632 153 116 102
0.036499 0.147042 0.572187 152 115 101
0.039120 0.145495 0.566174 151 116 101
0.041696 0.144015 0.560418 150 114 99
0.044242 0.142634 0.555048 148 113 98
0.046814 0.141503 0.550648 148 112 97
0.049289 0.140231 0.545700 148 112 95
0.051712 0.138959 0.540752 148 112 94
0.054092 0.137710 0.535897 147 110 92
0.056437 0.136502 0.531197 143 110 88
0.058921 0.135730 0.528195 144 118 98
0.061470 0.135170 0.526016 91 74 64
0.064087 0.134803 0.524589 38 33 34
0.066794 0.134647 0.523981 62 62 61
0.069611 0.134718 0.524253 75 77 75
0.072448 0.134820 0.524646 73 77 73
0.075132 0.134641 0.523949 73 77 74
0.077964 0.134728 0.524286 70 75 71
0.224159 0.175049 0.680950 25 26 28
0.228706 0.175767 0.683737 29 29 32
0.233625 0.176743 0.687531 15 18 19
0.237843 0.177168 0.689178 15 17 19
0.241057 0.176842 0.687910 39 42 43
0.243821 0.176202 0.685417 39 43 45
0.246372 0.175428 0.682407 39 42 45
0.248540 0.174407 0.678436 31 34 36
0.250095 0.172991 0.672932 26 28 32
0.250856 0.171074 0.665476 24 26 29
0.250552 0.168493 0.655442 22 23 25
0.217241 0.138388 0.538420 46 50 51
0.217061 0.136476 0.530990 83 86 87
0.219351 0.136148 0.529713 77 79 81
0.222041 0.136075 0.529425 65 70 69
0.225211 0.136293 0.530271 68 69 68
0.228255 0.136430 0.530804 64 64 62
0.231634 0.136763 0.532093 71 64 65
0.000071 0.183099 0.697861 193 139 124
0.003656 0.177346 0.675949 188 137 121
0.007033 0.172188 0.656303 184 132 116
0.010277 0.168272 0.641386 181 130 112
0.013458 0.165534 0.630957 182 131 113
0.016588 0.163375 0.622733 176 126 110
0.019683 0.161649 0.616157 166 118 102
0.022717 0.159986 0.609823 158 117 100
0.025667 0.158220 0.603095 156 116 102
0.028532 0.156381 0.596087 154 115 102
0.031335 0.154598 0.589297 153 115 102
0.034074 0.152858 0.582665 153 115 102
0.036773 0.151237 0.576490 150 114 101
0.039425 0.149689 0.570595 149 115 100
0.042027 0.148184 0.564860 148 114 99
0.044588 0.146746 0.559383 148 112 98
0.047123 0.145408 0.554287 149 111 94
0.049643 0.144184 0.549621 149 111 94
0.052174 0.143123 0.545580 149 111 94
0.054585 0.141863 0.540780 147 112 92
0.056941 0.140594 0.535943 143 111 90
0.059310 0.139475 0.531681 143 112 89
0.061713 0.138534 0.528096 143 115 93
0.064174 0.137801 0.525304 136 109 91
0.066753 0.137372 0.523666 74 60 53
0.069382 0.137073 0.522527 35 28 28
0.072048 0.136870 0.521751 57 57 58
0.074811 0.136859 0.521708 74 78 75
0.077598 0.136892 0.521833 71 76 73
0.080351 0.136864 0.521723 71 78 74
0.083315 0.137186 0.522947 71 79 74
0.086741 0.138224 0.526898 96 99 93
0.223772 0.178389 0.679777 27 29 31
0.228187 0.179022 0.682185 29 31 33
0.233032 0.179969 0.685788 17 20 22
0.236951 0.180182 0.686594 19 21 22
0.239926 0.179681 0.684685 37 40 42
0.242579 0.178957 0.681927 34 38 39
0.244988 0.178077 0.678573 35 38 39
0.246900 0.176866 0.673961 29 32 34
0.247883 0.175034 0.666983 26 29 32
0.247467 0.172278 0.656488 23 26 28
0.210832 0.138930 0.529505 71 73 74
0.213093 0.138572 0.528142 80 82 83
0.215877 0.138561 0.528096 70 73 73
0.218823 0.138651 0.528439 70 71 71
0.221614 0.138643 0.528407 67 68 66
0.224575 0.138741 0.528775 57 52 50
0.228055 0.139152 0.530341 89 85 81
0.000071 0.187950 0.702014 193 140 124
0.003684 0.182365 0.681166 187 137 119
0.007089 0.177113 0.661562 185 135 117
0.010344 0.172837 0.645599 185 134 116
0.013530 0.169824 0.634352 178 126 109
0.016662 0.167465 0.625548 187 138 119
0.019763 0.165629 0.618692 167 118 101
0.022822 0.164011 0.612650 157 117 101
0.025809 0.162351 0.606451 155 116 102
0.028710 0.160568 0.599797 153 115 103
0.031541 0.158798 0.593190 150 114 102
0.034305 0.157039 0.586620 151 115 103
0.037035 0.155428 0.580607 148 114 101
0.039721 0.153895 0.574883 148 114 99
0.042351 0.152381 0.569231 148 114 99
0.044939 0.150923 0.563788 148 112 98
0.047488 0.149530 0.558586 149 110 94
0.050030 0.148276 0.553904 148 110 93
0.052566 0.147146 0.549685 148 110 92
0.055108 0.146150 0.545965 147 111 91
0.057565 0.145039 0.541817 144 112 91
0.059873 0.143676 0.536728 142 111 91
0.062271 0.142643 0.532871 141 111 91
0.064617 0.141587 0.528929 141 108 88
0.066984 0.140663 0.525479 147 112 92
0.069483 0.140078 0.523295 136 103 86
0.072012 0.139597 0.521498 74 54 49
0.074567 0.139200 0.520015 38 29 26
0.077263 0.139084 0.519580 53 55 54
0.080011 0.139068 0.519519 71 79 77
0.082812 0.139141 0.519789 71 77 74
0.085580 0.139157 0.519848 71 75 71
0.088595 0.139562 0.521355 74 77 74
0.091420 0.139650 0.521684 80 82 78
0.223163 0.181535 0.677926 29 31 33
0.227756 0.182333 0.680900 26 28 29
0.232470 0.183201 0.684136 17 18 22
0.235908 0.183051 0.683576 26 28 29
0.238587 0.182326 0.680867 34 36 38
0.240810 0.181279 0.676957 36 38 40
0.242600 0.179941 0.671963 34 37 38
0.203813 0.140799 0.525899 70 73 74
0.206535 0.140753 0.525723 78 85 84
0.209506 0.140874 0.526175 68 72 71
0.212289 0.140868 0.526150 67 69 69
0.215330 0.141032 0.526759 67 67 67
0.218395 0.141206 0.527407 60 60 60
0.221584 0.141455 0.528336 65 52 50
0.225050 0.141873 0.529894 137 102 97
0.000071 0.192859 0.706216 199 155 135
0.003713 0.187490 0.686568 188 142 124
0.007150 0.182217 0.667270 186 137 119
0.010432 0.177810 0.651141 182 131 113
0.013627 0.174465 0.638900 179 129 111
0.016752 0.171744 0.628942 173 122 104
0.019847 0.169664 0.621328 187 139 121
0.022927 0.168066 0.615479 156 114 98
0.025948 0.166494 0.609724 155 115 102
0.028889 0.164811 0.603563 150 114 103
0.031753 0.163066 0.597178 151 115 103
0.034539 0.161272 0.590612 149 115 102
0.037288 0.159624 0.584579 147 113 100
0.039995 0.158061 0.578859 148 114 101
0.042648 0.156521 0.573223 148 114 99
0.045261 0.155050 0.567836 148 112 98
0.047837 0.153643 0.562686 149 110 96
0.050392 0.152338 0.557909 148 110 93
0.052935 0.151145 0.553543 148 110 91
0.055445 0.149986 0.549302 149 111 91
0.057914 0.148840 0.545105 145 112 92
0.060372 0.147774 0.541203 142 111 91
0.062817 0.146775 0.537546 141 110 91
0.065198 0.145720 0.533685 141 109 89
0.067484 0.144549 0.529397 144 109 89
0.069845 0.143626 0.526019 145 105 87
0.072224 0.142809 0.523030 148 107 89
0.074692 0.142224 0.520887 131 95 81
0.077268 0.141878 0.519618 80 60 51
0.079863 0.141590 0.518562 35 28 31
0.082553 0.141482 0.518167 46 44 46
0.085355 0.141569 0.518482 63 65 63
0.088158 0.141652 0.518782 74 77 75
0.090816 0.141504 0.518240 74 75 72
0.093532 0.141452 0.518048 73 76 72
0.096457 0.141711 0.518993 68 74 71
0.099531 0.142168 0.520664 75 79 76
0.218604 0.184357 0.674965 28 29 32
0.222523 0.184637 0.675986 32 34 36
0.227302 0.185610 0.679545 20 22 23
0.231249 0.185884 0.680544 18 20 22
0.234494 0.185594 0.679481 30 32 34
0.237102 0.184816 0.676631 32 34 36
0.195595 0.143731 0.526322 64 69 68
0.197331 0.142964 0.523514 80 83 84
0.199629 0.142621 0.522257 75 82 82
0.202501 0.142692 0.522517 68 74 74
0.205460 0.142821 0.522988 65 71 71
0.208567 0.143049 0.523819 63 68 67
0.211257 0.142988 0.523595 61 63 63
0.214648 0.143398 0.525091 53 51 50
0.218527 0.144119 0.527727 106 82 74
0.222865 0.145121 0.531390 156 116 105
0.003740 0.192584 0.691647 176 132 113
0.007208 0.187310 0.672718 185 137 118
0.010516 0.182766 0.656409 182 131 113
0.013723 0.179149 0.643427 181 130 111
0.016861 0.176250 0.633020 176 124 107
0.019951 0.173904 0.624598 173 123 105
0.023030 0.172141 0.618272 179 135 117
0.026079 0.170620 0.612808 152 113 100
0.029059 0.169035 0.607120 149 113 102
0.031961 0.167358 0.601100 150 115 102
0.034779 0.165582 0.594725 148 114 101
0.037552 0.163911 0.588725 148 114 101
0.040284 0.162327 0.583038 148 114 101
0.042964 0.160777 0.577475 147 113 98
0.045599 0.159273 0.572074 148 112 98
0.048193 0.157825 0.566877 149 109 95
0.050761 0.156468 0.562004 148 109 92
0.053311 0.155206 0.557476 148 109 91
0.055828 0.153987 0.553098 148 110 91
0.058323 0.152833 0.548957 145 112 92
0.060824 0.151804 0.545261 142 111 90
0.063299 0.150806 0.541677 141 110 91
0.065703 0.149732 0.537822 143 110 89
0.068074 0.148676 0.534030 144 107 89
0.070450 0.147715 0.530579 145 106 88
0.072729 0.146632 0.526692 145 105 87
0.075064 0.145739 0.523484 146 104 86
0.077512 0.145119 0.521261 147 103 87
0.080036 0.144681 0.519685 136 97 86
0.082632 0.144398 0.518669 92 66 61
0.085245 0.144161 0.517816 49 34 36
0.087947 0.144085 0.517543 38 32 35
0.090596 0.143931 0.516987 52 48 51
0.093224 0.143752 0.516344 71 72 72
0.095958 0.143744 0.516312 71 78 77
0.098925 0.144074 0.517496 71 75 73
0.101690 0.144101 0.517589 73 76 74
0.104440 0.144105 0.517604 74 77 74
0.107429 0.144430 0.518768 73 77 72
0.110891 0.145360 0.522104 88 91 85
0.214123 0.187187 0.672147 28 28 29
0.217717 0.187210 0.672227 30 32 34
0.222327 0.188093 0.675391 32 34 35
0.225898 0.188082 0.675350 19 21 22
0.186159 0.145723 0.523357 63 66 66
0.187560 0.144660 0.519544 74 78 77
0.190158 0.144539 0.519106 77 80 78
0.193217 0.144767 0.519924 73 79 75
0.196016 0.144797 0.520029 65 69 69
0.198784 0.144803 0.520048 65 68 67
0.201498 0.144770 0.519929 63 67 66
0.204558 0.144984 0.520693 57 60 60
0.207621 0.145194 0.521445 60 56 56
0.211183 0.145742 0.523411 101 94 89
0.215411 0.146731 0.526958 149 132 117
0.221046 0.148642 0.533810 152 128 111
0.003770 0.197919 0.697385 172 126 109
0.007271 0.192612 0.678699 182 134 116
0.010612 0.187977 0.662375 184 132 113
0.013833 0.184068 0.648609 178 124 107
0.016992 0.181048 0.637974 182 129 111
0.020097 0.178552 0.629182 171 121 103
0.023165 0.176482 0.621893 169 121 104
0.026211 0.174784 0.615913 170 130 114
0.029221 0.173251 0.610513 154 116 104
0.032169 0.171686 0.605001 152 116 104
0.035028 0.169979 0.598988 149 113 101
0.037829 0.168296 0.593060 147 111 99
0.040579 0.166666 0.587319 147 112 100
0.043279 0.165071 0.581702 148 112 98
0.045937 0.163544 0.576321 148 111 96
0.048555 0.162071 0.571135 148 109 94
0.051146 0.160690 0.566269 147 108 91
0.053714 0.159392 0.561697 147 108 91
0.056250 0.158139 0.557286 147 110 92
0.058767 0.156961 0.553136 145 111 90
0.061290 0.155913 0.549442 141 109 90
0.063798 0.154921 0.545951 141 110 91
0.066245 0.153873 0.542256 143 110 90
0.068680 0.152887 0.538784 145 107 89
0.071128 0.152008 0.535687 145 106 87
0.073545 0.151132 0.532603 146 105 87
0.075829 0.150057 0.528815 147 103 86
0.078107 0.149049 0.525264 146 102 86
0.080494 0.148311 0.522663 145 101 85
0.082943 0.147730 0.520618 145 101 85
0.085461 0.147308 0.519130 147 103 91
0.088044 0.147022 0.518120 112 81 73
0.090667 0.146815 0.517392 71 57 54
0.093253 0.146564 0.516506 37 29 26
0.095939 0.146481 0.516210 42 40 40
0.098671 0.146469 0.516169 48 47 49
0.101423 0.146488 0.516231 65 67 65
0.104163 0.146488 0.516231 74 76 76
0.106931 0.146528 0.516369 71 74 72
0.109642 0.146488 0.516228 71 74 72
0.112363 0.146464 0.516141 71 75 72
0.115215 0.146607 0.516643 73 75 72
0.118091 0.146774 0.517229 71 74 72
0.121356 0.147407 0.519455 74 78 76
0.124083 0.147372 0.519330 88 92 87
0.209764 0.190071 0.669623 36 35 42
0.213315 0.190068 0.669610 45 46 48
0.173252 0.147000 0.517992 62 65 66
0.175868 0.146889 0.517598 73 77 77
0.178473 0.146773 0.517187 74 78 77
0.181314 0.146851 0.517460 75 80 78
0.184354 0.147085 0.518283 73 76 74
0.187134 0.147109 0.518364 70 74 71
0.189763 0.147014 0.518030 65 70 66
0.192497 0.147003 0.517988 64 68 64
0.195267 0.147019 0.518043 60 64 59
0.198147 0.147116 0.518384 52 55 53
0.200864 0.147091 0.518295 68 64 60
0.204397 0.147657 0.520285 110 102 91
0.208627 0.148705 0.523971 149 133 117
0.214076 0.150583 0.530581 153 135 119
0.220850 0.153333 0.540261 147 128 111
0.227358 0.155830 0.549049 147 125 110
0.007331 0.197882 0.684345 182 131 114
0.010706 0.193229 0.668263 181 126 110
0.013946 0.189079 0.653917 184 130 113
0.017115 0.185806 0.642606 176 123 106
0.020233 0.183159 0.633455 176 124 109
0.023305 0.180904 0.625661 169 119 101
0.026341 0.178968 0.618967 168 123 109
0.029353 0.177320 0.613270 168 128 114
0.032338 0.175849 0.608186 153 116 104
0.035247 0.174274 0.602742 149 112 100
0.038085 0.172639 0.597089 146 110 98
0.040865 0.171011 0.591461 148 110 98
0.043594 0.169415 0.585943 149 111 97
0.046280 0.167876 0.580624 149 110 96
0.048922 0.166381 0.575455 149 108 92
0.051536 0.164974 0.570590 149 108 92
0.054118 0.163622 0.565918 147 108 91
0.056671 0.162333 0.561460 147 109 91
0.059204 0.161117 0.557257 145 110 90
0.061746 0.160037 0.553525 141 109 90
0.064279 0.159036 0.550062 140 109 90
0.066753 0.157981 0.546416 144 109 91
0.069227 0.157016 0.543078 144 107 88
0.071707 0.156139 0.540047 145 106 87
0.074161 0.155276 0.537062 145 104 86
0.076582 0.154411 0.534070 146 102 85
0.078990 0.153582 0.531203 146 102 85
0.081386 0.152785 0.528450 145 101 84
0.083732 0.151954 0.525576 144 100 83
0.086074 0.151168 0.522858 144 100 83
0.088553 0.150663 0.521113 141 101 84
0.091047 0.150216 0.519564 143 104 87
0.093532 0.149779 0.518053 138 102 87
0.096085 0.149474 0.516998 108 82 70
0.098676 0.149242 0.516195 71 54 51
0.101324 0.149108 0.515729 37 29 26
0.103966 0.148972 0.515260 36 32 31
0.106560 0.148776 0.514579 42 42 41
0.109263 0.148738 0.514445 55 56 54
0.111939 0.148665 0.514193 64 69 65
0.114632 0.148620 0.514034 67 69 65
0.117378 0.148643 0.514112 71 74 71
0.120465 0.149086 0.515643 68 72 70
0.123139 0.149010 0.515379 68 73 71
0.125807 0.148931 0.515102 70 74 73
0.128581 0.148978 0.515263 68 73 71
0.131388 0.149061 0.515548 70 74 73
0.134081 0.149013 0.515381 68 73 73
0.136855 0.149056 0.515527 65 74 72
0.139652 0.149120 0.515749 64 72 69
0.142511 0.149249 0.516191 71 77 74
0.145263 0.149262 0.516233 71 78 75
0.148087 0.149346 0.516525 73 79 75
0.150818 0.149337 0.516490 70 76 72
0.153594 0.149371 0.516605 70 75 71
0.156184 0.149226 0.516104 74 80 75
0.158688 0.149006 0.515340 70 77 75
0.161306 0.148898 0.514966 75 81 79
0.163834 0.148712 0.514321 74 81 79
0.166560 0.148708 0.514308 73 79 78
0.169527 0.148917 0.515028 71 76 75
0.172340 0.148987 0.515266 71 74 75
0.175314 0.149191 0.515971 68 74 72
0.178194 0.149310 0.516379 65 71 70
0.181053 0.149408 0.516716 70 74 73
0.183799 0.149411 0.516726 70 72 70
0.186438 0.149328 0.516438 61 62 59
0.189215 0.149357 0.516534 53 54 50
0.191948 0.149351 0.516512 65 65 59
0.195095 0.149663 0.517589 87 84 74
0.198502 0.150162 0.519313 132 120 105
0.202542 0.151121 0.522624 148 133 116
0.207435 0.152682 0.528017 153 134 115
0.212580 0.154385 0.533898 148 130 112
0.218277 0.156439 0.540993 144 125 108
0.224446 0.158773 0.549057 154 138 120
0.007375 0.202750 0.688423 181 128 112
0.010787 0.198313 0.673365 179 123 108
0.014063 0.194202 0.659413 182 126 112
0.017242 0.190655 0.647377 176 122 106
0.020361 0.187727 0.637442 175 122 106
0.023443 0.185347 0.629363 175 123 108
0.026467 0.183162 0.621947 164 118 103
0.029465 0.181296 0.615613 169 124 110
0.032475 0.179870 0.610776 166 124 112
0.035436 0.178459 0.605985 151 112 98
0.038314 0.176894 0.600674 148 108 96
0.041124 0.175285 0.595211 148 108 95
0.043881 0.173694 0.589811 150 109 96
0.046593 0.172147 0.584561 151 109 95
0.049257 0.170626 0.579397 150 107 91
0.051889 0.169181 0.574495 150 108 90
0.054483 0.167782 0.569745 149 108 90
0.057049 0.166445 0.565208 147 108 89
0.059593 0.165182 0.560919 145 108 89
0.062151 0.164075 0.557162 142 109 90
0.064699 0.163043 0.553658 141 109 91
0.067196 0.161980 0.550050 143 109 90
0.069697 0.161011 0.546763 143 107 87
0.072200 0.160127 0.543759 144 104 85
0.074691 0.159284 0.540899 144 103 85
0.077151 0.158442 0.538042 145 102 85
0.079615 0.157665 0.535403 145 101 84
0.082089 0.156962 0.533016 145 101 84
0.084595 0.156367 0.530994 145 101 84
0.087069 0.155750 0.528901 144 100 84
0.089535 0.155158 0.526892 143 100 83
0.091917 0.154463 0.524530 143 101 85
0.094284 0.153782 0.522218 142 102 86
0.096660 0.153156 0.520092 139 100 83
0.099109 0.152676 0.518463 140 100 84
0.101619 0.152313 0.517230 137 99 87
0.104190 0.152060 0.516371 119 86 75
0.106726 0.151769 0.515379 89 62 57
0.109249 0.151475 0.514381 64 43 41
0.111870 0.151327 0.513878 42 28 28
0.114466 0.151154 0.513288 39 29 28
0.117098 0.151036 0.512888 41 39 39
0.119778 0.150983 0.512705 46 43 45
0.122448 0.150920 0.512491 54 55 54
0.125101 0.150839 0.512215 61 63 62
0.127854 0.150881 0.512355 67 70 68
0.130610 0.150923 0.512497 68 71 72
0.133245 0.150827 0.512169 68 72 73
0.136009 0.150878 0.512340 68 74 74
0.138831 0.150991 0.512721 68 76 74
0.141657 0.151103 0.513099 68 72 70
0.144238 0.150954 0.512593 68 74 71
0.147239 0.151242 0.513569 70 74 69
0.149910 0.151187 0.513381 68 73 68
0.152587 0.151141 0.513221 68 73 68
0.155364 0.151193 0.513396 71 74 70
0.158043 0.151149 0.513246 68 74 70
0.160598 0.150991 0.512707 71 75 72
0.163312 0.150984 0.512683 71 76 74
0.166046 0.150997 0.512724 70 75 73
0.169227 0.151408 0.514120 67 70 69
0.172080 0.151518 0.514489 64 67 68
0.175025 0.151705 0.515121 53 57 59
0.177984 0.151896 0.515770 53 57 55
0.180871 0.152023 0.516197 60 60 57
0.183756 0.152143 0.516604 75 71 69
0.186645 0.152264 0.517013 92 88 82
0.190114 0.152848 0.518990 134 115 104
0.193722 0.153525 0.521285 149 130 114
0.197816 0.154563 0.524805 156 136 116
0.201868 0.155540 0.528117 151 132 109
0.206096 0.156624 0.531793 148 129 108
0.210711 0.157968 0.536353 144 124 105
0.215707 0.159560 0.541749 147 130 110
0.003828 0.212368 0.708187 184 133 116
0.007425 0.207858 0.693156 182 128 112
0.010885 0.203761 0.679498 179 123 109
0.014199 0.199645 0.665781 179 123 108
0.017399 0.195895 0.653282 182 128 113
0.020523 0.192675 0.642549 173 120 104
0.023616 0.190119 0.634029 173 122 107
0.026651 0.187794 0.626281 171 123 106
0.029650 0.185755 0.619483 162 117 102
0.032639 0.184068 0.613861 163 119 104
0.035614 0.182617 0.609023 167 124 111
0.038535 0.181156 0.604153 150 107 94
0.041380 0.179588 0.598925 151 109 95
0.044173 0.178033 0.593741 152 108 94
0.046919 0.176506 0.588652 153 107 92
0.049613 0.174988 0.583589 152 106 90
0.052268 0.173521 0.578701 151 107 89
0.054887 0.172102 0.573970 150 108 90
0.057479 0.170750 0.569463 148 107 90
0.060050 0.169476 0.565216 146 108 91
0.062625 0.168334 0.561409 142 108 89
0.065189 0.167267 0.557852 143 109 90
0.067718 0.166208 0.554320 143 108 89
0.070245 0.165232 0.551068 142 106 87
0.072767 0.164323 0.548037 142 104 86
0.075284 0.163473 0.545202 143 103 86
0.077774 0.162628 0.542385 144 102 85
0.080273 0.161862 0.539831 145 102 84
0.082756 0.161119 0.537353 145 101 84
0.085249 0.160442 0.535095 144 100 83
0.087761 0.159846 0.533108 144 100 83
0.090295 0.159324 0.531367 142 100 84
0.092817 0.158814 0.529664 144 100 85
0.095268 0.158216 0.527670 144 100 84
0.097738 0.157682 0.525889 141 100 83
0.100112 0.157028 0.523708 139 98 82
0.102483 0.156404 0.521630 139 98 82
0.104905 0.155890 0.519914 139 97 82
0.107336 0.155415 0.518329 139 97 82
0.109776 0.154976 0.516865 141 99 86
0.112267 0.154628 0.515705 135 96 87
0.114799 0.154353 0.514786 118 84 76
0.117312 0.154065 0.513826 106 77 69
0.119860 0.153835 0.513056 86 57 59
0.122490 0.153719 0.512668 60 42 44
0.125093 0.153575 0.512186 40 28 28
0.127745 0.153495 0.511918 34 28 28
0.130482 0.153519 0.511996 32 26 29
0.133133 0.153442 0.511739 34 32 35
0.135780 0.153365 0.511481 32 32 35
0.138437 0.153301 0.511266 32 34 36
0.141166 0.153319 0.511324 38 42 43
0.143843 0.153280 0.511192 33 37 39
0.146596 0.153322 0.511331 40 45 45
0.149321 0.153334 0.511369 42 46 45
0.152214 0.153514 0.511967 48 52 48
0.155074 0.153656 0.512440 52 54 49
0.157863 0.153723 0.512662 53 54 51
0.160642 0.153780 0.512849 51 54 51
0.163406 0.153819 0.512978 54 57 54
0.166199 0.153885 0.513196 62 66 60
0.169326 0.154253 0.514421 70 68 61
0.172357 0.154523 0.515320 84 80 72
0.175416 0.154810 0.516271 109 100 89
0.178962 0.155511 0.518607 131 116 102
0.182313 0.156023 0.520312 145 125 111
0.185857 0.156684 0.522513 152 131 117
0.189478 0.157389 0.524859 154 135 118
0.193296 0.158235 0.527676 153 130 113
0.197135 0.159073 0.530468 149 128 111
0.201007 0.159915 0.533270 147 125 109
0.204927 0.160771 0.536120 142 122 102
0.209144 0.161833 0.539656 149 130 110
0.003844 0.217131 0.711358 185 132 115
0.007473 0.212957 0.697691 184 125 111
0.010968 0.208987 0.684691 182 123 109
0.014325 0.205025 0.671719 181 122 108
0.017559 0.201236 0.659309 179 121 107
0.020694 0.197756 0.647916 179 123 108
0.023797 0.194999 0.638888 171 118 103
0.026842 0.192517 0.630759 171 121 106
0.029838 0.190279 0.623431 167 118 102
0.032812 0.188354 0.617125 158 112 96
0.035778 0.186740 0.611840 166 119 103
0.038710 0.185230 0.606893 170 123 107
0.041599 0.183765 0.602094 157 109 95
0.044434 0.182284 0.597247 156 109 93
0.047225 0.180834 0.592498 154 107 91
0.049958 0.179355 0.587651 154 106 90
0.052640 0.177879 0.582819 152 106 88
0.055286 0.176451 0.578141 152 106 90
0.057906 0.175094 0.573697 149 107 89
0.060504 0.173812 0.569498 147 107 91
0.063104 0.172653 0.565703 143 107 89
0.065699 0.171590 0.562221 143 107 89
0.068271 0.170560 0.558848 143 106 87
0.070831 0.169589 0.555667 141 106 87
0.073361 0.168624 0.552506 142 105 86
0.075890 0.167733 0.549585 142 104 86
0.078408 0.166883 0.546803 142 104 87
0.080932 0.166108 0.544262 143 104 86
0.083440 0.165354 0.541792 143 102 86
0.085960 0.164672 0.539559 142 101 83
0.088487 0.164048 0.537516 142 101 84
0.091025 0.163483 0.535663 143 100 85
0.093581 0.162983 0.534026 144 100 85
0.096116 0.162478 0.532369 143 99 84
0.098692 0.162068 0.531026 141 100 84
0.101205 0.161580 0.529428 139 98 82
0.103609 0.160949 0.527359 139 97 81
0.106016 0.160357 0.525419 140 95 83
0.108407 0.159771 0.523499 139 94 82
0.110746 0.159140 0.521431 137 95 82
0.113169 0.158657 0.519849 137 95 84
0.115544 0.158131 0.518126 137 96 84
0.117909 0.157617 0.516440 136 95 85
0.120401 0.157292 0.515375 135 95 85
0.122991 0.157105 0.514763 136 96 90
0.125565 0.156909 0.514119 133 96 90
0.128151 0.156734 0.513545 122 92 84
0.130808 0.156652 0.513276 118 91 84
0.133414 0.156514 0.512820 110 86 80
0.136019 0.156379 0.512380 103 80 76
0.138623 0.156250 0.511954 93 75 74
0.141284 0.156188 0.511750 87 72 73
0.144048 0.156241 0.511921 90 73 68
0.146802 0.156281 0.512050 99 83 76
0.149500 0.156260 0.511981 96 88 83
0.152477 0.156528 0.512855 107 97 87
0.155369 0.156699 0.513415 120 106 95
0.158153 0.156758 0.513607 126 110 99
0.161019 0.156895 0.514052 128 112 100
0.163974 0.157112 0.514762 131 117 102
0.167117 0.157501 0.516033 135 121 106
0.170818 0.158394 0.518954 145 125 110
0.174185 0.158953 0.520783 147 126 109
0.177542 0.159487 0.522528 151 130 113
0.181110 0.160191 0.524830 152 131 114
0.184681 0.160875 0.527070 150 129 112
0.188299 0.161580 0.529376 150 129 111
0.191881 0.162234 0.531514 150 128 109
0.195712 0.163077 0.534271 147 123 107
0.199506 0.163864 0.536847 141 121 104
0.203277 0.164612 0.539292 151 133 115
0.003868 0.222351 0.715893 185 133 116
0.007526 0.218232 0.702638 184 124 111
0.011053 0.214324 0.690060 181 122 110
0.014438 0.210285 0.677063 179 121 109
0.017702 0.206435 0.664673 178 120 107
0.020862 0.202859 0.653167 175 120 106
0.023976 0.199924 0.643721 176 122 106
0.027038 0.197336 0.635390 169 117 102
0.030047 0.194975 0.627795 170 120 105
0.033014 0.192845 0.620938 165 116 100
0.035966 0.191018 0.615059 160 112 95
0.038878 0.189303 0.609538 162 112 97
0.041780 0.187806 0.604719 173 125 110
0.044663 0.186442 0.600330 158 109 93
0.047503 0.185094 0.595991 158 108 93
0.050285 0.183701 0.591507 155 107 89
0.053005 0.182258 0.586863 154 106 88
0.055681 0.180833 0.582276 152 106 90
0.058331 0.179477 0.577910 150 106 89
0.060951 0.178171 0.573706 149 106 90
0.063564 0.176968 0.569835 146 106 87
0.066184 0.175893 0.566376 145 106 89
0.068786 0.174865 0.563066 144 106 88
0.071370 0.173880 0.559894 143 105 88
0.073917 0.172887 0.556699 142 105 88
0.076467 0.171978 0.553770 142 105 87
0.079018 0.171137 0.551064 142 104 87
0.081565 0.170348 0.548523 142 104 87
0.084105 0.169599 0.546111 143 104 87
0.086660 0.168930 0.543958 142 102 85
0.089221 0.168315 0.541977 141 102 85
0.091787 0.167747 0.540149 142 101 85
0.094355 0.167217 0.538444 142 101 86
0.096913 0.166702 0.536785 141 99 85
0.099501 0.166266 0.535379 140 98 84
0.102091 0.165858 0.534064 139 98 82
0.104580 0.165311 0.532302 141 97 82
0.107082 0.164814 0.530702 140 95 83
0.109577 0.164332 0.529150 140 95 83
0.111977 0.163735 0.527228 137 95 82
0.114374 0.163162 0.525384 137 95 83
0.116802 0.162660 0.523766 138 95 83
0.119140 0.162059 0.521833 137 95 83
0.121593 0.161638 0.520477 136 94 83
0.124139 0.161358 0.519572 134 94 85
0.126695 0.161100 0.518743 133 94 84
0.129263 0.160870 0.518000 129 95 86
0.131852 0.160676 0.517374 128 95 89
0.134402 0.160442 0.516621 124 95 88
0.137027 0.160306 0.516179 124 92 86
0.139765 0.160304 0.516172 123 92 86
0.142476 0.160272 0.516068 125 93 85
0.145144 0.160194 0.515815 126 96 85
0.147890 0.160203 0.515845 135 106 93
0.150761 0.160345 0.516299 140 115 100
0.153708 0.160562 0.516994 143 119 103
0.156734 0.160851 0.517924 145 120 103
0.159835 0.161207 0.519067 145 121 105
0.162967 0.161582 0.520272 146 122 106
0.166106 0.161951 0.521457 145 123 107
0.169311 0.162370 0.522804 147 125 109
0.172747 0.162995 0.524813 149 128 111
0.176075 0.163500 0.526434 150 129 112
0.179470 0.164050 0.528201 150 129 112
0.183079 0.164775 0.530534 149 129 111
0.186680 0.165472 0.532774 147 125 109
0.190304 0.166168 0.535012 143 122 104
0.193919 0.166837 0.537160 150 130 111
0.197421 0.167389 0.538936 164 145 127
0.007569 0.223290 0.706730 185 123 111
0.011130 0.219537 0.694858 179 121 109
0.014557 0.215671 0.682627 179 121 108
0.017861 0.211895 0.670680 176 120 105
0.021053 0.208253 0.659161 175 120 105
0.024166 0.204984 0.648818 173 120 104
0.027250 0.202318 0.640383 172 119 103
0.030271 0.199822 0.632488 166 114 98
0.033245 0.197546 0.625287 168 118 101
0.036198 0.195568 0.619027 165 114 97
0.039105 0.193695 0.613101 160 111 94
0.041991 0.192010 0.607771 160 110 93
0.044878 0.190574 0.603227 173 123 107
0.047765 0.189324 0.599272 158 108 91
0.050598 0.188036 0.595194 157 107 90
0.053374 0.186696 0.590954 155 106 89
0.056091 0.185310 0.586570 153 105 89
0.058768 0.183943 0.582244 152 105 89
0.061425 0.182655 0.578168 150 105 88
0.064071 0.181459 0.574384 148 104 87
0.066717 0.180370 0.570936 146 105 87
0.069332 0.179295 0.567536 146 105 87
0.071930 0.178269 0.564291 144 105 86
0.074502 0.177262 0.561102 140 107 88
0.077071 0.176326 0.558141 139 107 89
0.079647 0.175476 0.555451 138 106 90
0.082223 0.174685 0.552946 139 105 89
0.084783 0.173917 0.550518 141 103 87
0.087344 0.173200 0.548247 141 102 85
0.089912 0.172544 0.546172 141 102 85
0.092492 0.171953 0.544300 141 102 86
0.095063 0.171380 0.542484 141 100 85
0.097640 0.170851 0.540811 141 100 84
0.100265 0.170434 0.539492 140 98 85
0.102889 0.170038 0.538237 139 97 84
0.105473 0.169600 0.536849 139 97 84
0.108088 0.169234 0.535689 138 96 83
0.110718 0.168909 0.534661 138 96 83
0.113271 0.168486 0.533321 137 95 82
0.115768 0.168001 0.531787 137 95 82
0.118306 0.167599 0.530512 139 94 83
0.120847 0.167219 0.529309 137 95 85
0.123361 0.166819 0.528042 134 95 84
0.125888 0.166456 0.526892 132 95 86
0.128466 0.166172 0.525994 131 96 86
0.131026 0.165880 0.525067 128 95 87
0.133642 0.165668 0.524396 126 95 88
0.136223 0.165422 0.523617 124 93 86
0.138762 0.165137 0.522713 123 94 86
0.141364 0.164936 0.522076 124 94 86
0.144086 0.164880 0.521898 126 94 84
0.146868 0.164894 0.521941 128 97 86
0.149683 0.164944 0.522096 139 109 95
0.152619 0.165123 0.522663 142 117 101
0.155654 0.165400 0.523537 143 119 103
0.158758 0.165741 0.524612 146 122 105
0.161854 0.166061 0.525623 147 123 105
0.164995 0.166416 0.526745 149 124 109
0.168171 0.166794 0.527938 151 126 111
0.171331 0.167144 0.529043 151 128 112
0.174619 0.167605 0.530500 153 129 111
0.177896 0.168042 0.531880 148 125 107
0.181228 0.168516 0.533376 142 120 102
0.184733 0.169134 0.535329 158 139 121
0.007624 0.228726 0.711860 184 123 110
0.011215 0.224974 0.700189 181 122 108
0.014683 0.221237 0.688563 179 120 106
0.018018 0.217379 0.676563 178 119 105
0.021221 0.213480 0.664434 176 118 104
0.024341 0.209975 0.653530 173 117 102
0.027439 0.207174 0.644815 173 119 103
0.030480 0.204617 0.636860 169 117 101
0.033472 0.202269 0.629557 166 113 97
0.036441 0.200223 0.623191 168 116 100
0.039370 0.198316 0.617258 168 116 100
0.042266 0.196548 0.611759 160 108 92
0.045135 0.194915 0.606677 159 107 91
0.048008 0.193520 0.602337 170 120 103
0.050867 0.192241 0.598356 160 111 94
0.053690 0.190988 0.594457 155 105 88
0.056458 0.189685 0.590404 154 106 88
0.059182 0.188383 0.586351 153 105 89
0.061872 0.187105 0.582375 151 105 87
0.064540 0.185887 0.578586 149 105 88
0.067212 0.184792 0.575178 147 105 88
0.069846 0.183690 0.571748 146 105 87
0.072463 0.182638 0.568475 144 105 88
0.075054 0.181606 0.565263 140 106 89
0.077651 0.180668 0.562344 136 107 89
0.080257 0.179819 0.559704 136 107 90
0.082865 0.179036 0.557265 137 105 89
0.085469 0.178297 0.554968 137 104 88
0.088059 0.177582 0.552741 139 101 87
0.090646 0.176904 0.550631 141 102 88
0.093242 0.176287 0.548710 141 101 87
0.095834 0.175700 0.546882 140 100 86
0.098453 0.175196 0.545315 139 100 86
0.101117 0.174798 0.544074 138 99 85
0.103784 0.174428 0.542923 138 99 85
0.106429 0.174041 0.541717 137 98 84
0.109094 0.173707 0.540675 137 97 84
0.111749 0.173374 0.539638 138 96 84
0.114367 0.173002 0.538479 137 95 82
0.116935 0.172573 0.537145 137 95 82
0.119550 0.172234 0.536090 139 94 83
0.122185 0.171938 0.535166 137 95 85
0.124820 0.171656 0.534287 134 94 85
0.127420 0.171339 0.533299 131 96 86
0.130061 0.171090 0.532526 130 95 86
0.132737 0.170897 0.531923 126 95 88
0.135345 0.170626 0.531077 124 95 88
0.137916 0.170320 0.530126 121 93 85
0.140472 0.170009 0.529155 122 94 86
0.143036 0.169719 0.528253 125 95 88
0.145712 0.169570 0.527788 128 97 88
0.148499 0.169555 0.527739 132 101 90
0.151374 0.169637 0.527994 141 113 98
0.154376 0.169857 0.528677 144 119 103
0.157403 0.170097 0.529422 147 122 106
0.160471 0.170372 0.530273 149 124 109
0.163515 0.170612 0.531019 151 124 109
0.166614 0.170900 0.531913 149 124 109
0.169725 0.171191 0.532815 143 119 103
0.172881 0.171517 0.533827 152 131 115
0.176040 0.171835 0.534817 170 153 138
0.011276 0.229975 0.704013 179 120 107
0.014784 0.226481 0.693323 179 120 106
0.018153 0.222674 0.681674 178 119 105
0.021383 0.218704 0.669525 175 118 103
0.024528 0.215123 0.658569 173 117 102
0.027630 0.212101 0.649321 172 116 101
0.030673 0.209346 0.640890 170 115 100
0.033683 0.206944 0.633540 169 115 99
0.036668 0.204836 0.627089 165 111 95
0.039621 0.202913 0.621205 165 112 96
0.042539 0.201118 0.615713 171 117 101
0.045417 0.199409 0.610482 159 107 91
0.048278 0.197854 0.605722 158 107 90
0.051128 0.196451 0.601428 163 113 96
0.053969 0.195183 0.597548 168 120 102
0.056779 0.193948 0.593768 153 105 87
0.059560 0.192749 0.590099 153 105 87
0.062302 0.191551 0.586431 152 105 89
0.065003 0.190345 0.582741 150 104 88
0.067701 0.189240 0.579359 148 104 87
0.070360 0.188128 0.575955 147 104 87
0.072998 0.187054 0.572669 144 106 89
0.075597 0.185971 0.569355 140 106 89
0.078209 0.185002 0.566387 137 107 91
0.080844 0.184156 0.563799 136 108 92
0.083485 0.183384 0.561434 135 107 91
0.086125 0.182663 0.559228 135 105 89
0.088748 0.181957 0.557065 136 104 89
0.091361 0.181275 0.554978 137 104 89
0.093973 0.180633 0.553012 139 102 88
0.096594 0.180048 0.551221 139 102 89
0.099248 0.179557 0.549717 137 100 86
0.101944 0.179168 0.548525 137 100 86
0.104644 0.178807 0.547422 136 99 85
0.107312 0.178413 0.546213 136 99 85
0.110022 0.178106 0.545274 136 97 84
0.112701 0.177767 0.544235 136 96 83
0.115364 0.177421 0.543173 139 94 83
0.118027 0.177091 0.542162 139 94 83
0.120694 0.176783 0.541220 138 93 82
0.123340 0.176460 0.540229 137 93 83
0.125994 0.176161 0.539314 135 94 84
0.128664 0.175898 0.538507 130 95 86
0.131319 0.175627 0.537677 126 95 88
0.133993 0.175392 0.536957 125 95 88
0.136630 0.175119 0.536121 122 94 87
0.139316 0.174919 0.535505 119 90 84
0.141983 0.174703 0.534845 122 93 86
0.144528 0.174349 0.533761 124 96 88
0.147066 0.174000 0.532691 128 99 89
0.149754 0.173840 0.532199 134 105 92
0.152551 0.173808 0.532099 135 107 92
0.155457 0.173900 0.532381 130 106 90
0.158349 0.173974 0.532603 147 123 107
0.161304 0.174112 0.533025 163 145 127
0.164295 0.174285 0.533553 187 173 157
0.014901 0.232017 0.698806 181 121 108
0.018314 0.228338 0.687729 179 119 106
0.021583 0.224373 0.675793 173 118 103
0.024742 0.220562 0.664321 173 117 102
0.027842 0.217238 0.654314 172 116 101
0.030884 0.214247 0.645308 169 115 99
0.033909 0.211751 0.637794 169 115 99
0.036915 0.209599 0.631313 170 116 100
0.039883 0.207604 0.625308 164 110 94
0.042815 0.205746 0.619714 164 110 94
0.045718 0.204024 0.614530 173 121 105
0.048594 0.202417 0.609690 160 106 90
0.051444 0.200909 0.605150 157 106 89
0.054285 0.199548 0.601052 154 104 87
0.057105 0.198263 0.597182 169 121 103
0.059912 0.197071 0.593592 155 107 89
0.062699 0.195932 0.590164 153 105 87
0.065455 0.194813 0.586792 150 104 88
0.068198 0.193758 0.583615 149 104 88
0.070894 0.192667 0.580331 148 104 88
0.073559 0.191585 0.577071 144 105 88
0.076180 0.190482 0.573751 136 106 89
0.078798 0.189453 0.570653 135 108 91
0.081431 0.188537 0.567894 134 108 91
0.084092 0.187749 0.565521 134 106 91
0.086759 0.187028 0.563349 133 106 91
0.089398 0.186298 0.561149 134 106 91
0.092023 0.185584 0.558998 135 106 91
0.094648 0.184917 0.556990 136 104 89
0.097291 0.184323 0.555202 134 102 87
0.099968 0.183827 0.553706 135 101 86
0.102704 0.183465 0.552614 135 101 86
0.105428 0.183102 0.551520 134 101 86
0.108116 0.182698 0.550304 133 100 85
0.110859 0.182407 0.549425 136 97 84
0.113563 0.182066 0.548397 136 96 83
0.116268 0.181745 0.547431 138 93 82
0.118968 0.181433 0.546488 138 93 82
0.121687 0.181162 0.545671 138 93 82
0.124385 0.180874 0.544803 136 93 82
0.127067 0.180577 0.543907 134 93 85
0.129762 0.180311 0.543106 128 95 87
0.132431 0.180021 0.542230 124 94 88
0.135111 0.179757 0.541435 123 94 88
0.137804 0.179522 0.540727 120 92 87
0.140522 0.179329 0.540143 117 92 85
0.143176 0.179063 0.539342 119 93 86
0.145656 0.178594 0.537928 120 95 88
0.148041 0.178028 0.536225 128 99 91
0.150524 0.177600 0.534934 137 113 102
0.018460 0.233868 0.693197 179 119 106
0.021782 0.230096 0.682020 179 118 105
0.024980 0.226282 0.670721 176 117 103
0.028113 0.222891 0.660675 173 116 101
0.031174 0.219756 0.651387 169 113 98
0.034194 0.216979 0.643158 168 113 98
0.037185 0.214539 0.635930 167 113 97
0.040149 0.212364 0.629486 173 120 104
0.043092 0.210423 0.623733 163 109 93
0.046018 0.208680 0.618570 159 107 91
0.048917 0.207053 0.613748 169 117 101
0.051785 0.205506 0.609165 155 105 88
0.054637 0.204085 0.604953 154 104 87
0.057458 0.202707 0.600868 154 106 88
0.060256 0.201400 0.596997 158 110 94
0.063057 0.200232 0.593535 167 119 105
0.065842 0.199130 0.590268 151 103 87
0.068634 0.198144 0.587346 150 104 88
0.071388 0.197143 0.584379 148 103 87
0.074103 0.196119 0.581345 144 105 89
0.076777 0.195073 0.578245 138 104 89
0.079423 0.194039 0.575181 133 105 89
0.082061 0.193064 0.572292 134 108 93
0.084721 0.192208 0.569752 132 107 91
0.087390 0.191431 0.567450 132 107 91
0.090047 0.190679 0.565222 133 107 91
0.092702 0.189972 0.563127 134 106 91
0.095366 0.189328 0.561216 133 104 89
0.098049 0.188759 0.559529 132 104 87
0.100772 0.188297 0.558161 131 102 87
0.103538 0.187941 0.557105 132 102 87
0.106286 0.187573 0.556012 131 102 89
0.109010 0.187182 0.554853 132 100 87
0.111786 0.186902 0.554020 134 98 84
0.114520 0.186565 0.553021 136 95 83
0.117279 0.186285 0.552190 138 93 82
0.120023 0.185996 0.551333 139 92 82
0.122771 0.185727 0.550534 139 92 82
0.125502 0.185445 0.549698 139 92 82
0.128209 0.185141 0.548796 135 93 85
0.130924 0.184861 0.547965 126 93 87
0.133611 0.184556 0.547059 122 94 88
0.136307 0.184276 0.546228 120 95 89
0.138997 0.183999 0.545408 116 91 87
0.141664 0.183704 0.544533 115 92 88
0.144238 0.183302 0.543340 115 95 89
0.146579 0.182627 0.541338 119 96 90
0.148725 0.181738 0.538704 116 89 82
0.018621 0.239670 0.699285 184 123 110
0.021983 0.235919 0.688346 182 122 109
0.025210 0.231990 0.676887 178 119 105
0.028361 0.228437 0.666526 173 114 100
0.031446 0.225196 0.657073 170 114 99
0.034486 0.222308 0.648650 169 113 98
0.037479 0.219674 0.640968 166 111 95
0.040441 0.217311 0.634076 164 110 94
0.043387 0.215230 0.628008 172 118 102
0.046319 0.213383 0.622619 162 109 93
0.049237 0.211718 0.617764 159 107 91
0.052134 0.210178 0.613270 162 112 95
0.055018 0.208771 0.609165 167 119 101
0.057870 0.207405 0.605181 153 105 87
0.060688 0.206067 0.601279 152 106 88
0.063463 0.204725 0.597363 151 105 89
0.066233 0.203493 0.593771 158 112 96
0.069027 0.202446 0.590714 158 113 97
0.071818 0.201479 0.587895 147 103 86
0.074580 0.200517 0.585088 144 104 89
0.077309 0.199546 0.582253 139 105 89
0.079997 0.198547 0.579340 132 104 87
0.082665 0.197576 0.576506 132 105 88
0.085344 0.196696 0.573940 130 105 88
0.088029 0.195894 0.571600 131 107 90
0.090719 0.195153 0.569438 131 107 91
0.093414 0.194471 0.567449 129 105 89
0.096131 0.193877 0.565714 129 104 88
0.098865 0.193353 0.564185 128 104 88
0.101630 0.192917 0.562912 128 103 87
0.104427 0.192567 0.561888 128 102 87
0.107211 0.192211 0.560849 129 101 86
0.109980 0.191849 0.559791 129 101 86
0.112796 0.191585 0.559022 134 97 84
0.115566 0.191260 0.558073 136 95 82
0.118371 0.191006 0.557331 138 93 81
0.121168 0.190753 0.556591 139 92 81
0.123957 0.190500 0.555851 137 92 81
0.126731 0.190236 0.555081 138 91 82
0.129460 0.189918 0.554151 134 91 84
0.132184 0.189606 0.553240 128 93 87
0.134884 0.189275 0.552274 122 94 88
0.137570 0.188938 0.551288 119 94 89
0.140221 0.188569 0.550211 113 90 86
0.142809 0.188131 0.548934 113 92 88
0.145245 0.187514 0.547133 114 94 91
0.147252 0.186379 0.543824 116 96 91
0.022162 0.241564 0.693965 179 117 105
0.025432 0.237694 0.682852 176 115 102
0.028620 0.234132 0.672625 173 113 102
0.031731 0.230793 0.663035 172 113 99
0.034802 0.227858 0.654609 170 111 97
0.037795 0.224992 0.646379 167 111 96
0.040752 0.222409 0.638960 164 110 94
0.043691 0.220126 0.632404 164 110 94
0.046617 0.218111 0.626617 171 117 101
0.049545 0.216376 0.621635 162 108 92
0.052465 0.214821 0.617168 157 107 92
0.055372 0.213400 0.613088 155 107 91
0.058262 0.212075 0.609281 160 115 99
0.061119 0.210777 0.605552 150 106 91
0.063915 0.209408 0.601622 150 105 92
0.066675 0.208056 0.597739 148 104 90
0.069444 0.206854 0.594286 149 105 89
0.072222 0.205781 0.591203 162 118 101
0.075030 0.204883 0.588623 153 113 98
0.077811 0.203982 0.586034 138 105 89
0.080551 0.203049 0.583354 133 105 88
0.083263 0.202116 0.580675 129 105 87
0.085977 0.201256 0.578203 129 105 89
0.088692 0.200454 0.575900 128 104 88
0.091401 0.199695 0.573719 130 106 90
0.094117 0.199000 0.571722 125 102 88
0.096857 0.198398 0.569991 128 103 90
0.099624 0.197885 0.568518 126 102 89
0.102437 0.197490 0.567382 124 101 85
0.105267 0.197151 0.566407 124 99 86
0.108108 0.196850 0.565542 126 98 85
0.110916 0.196507 0.564557 129 98 84
0.113760 0.196245 0.563803 133 95 82
0.116550 0.195904 0.562822 136 94 81
0.119352 0.195601 0.561950 139 92 81
0.122169 0.195337 0.561191 139 92 81
0.124976 0.195070 0.560422 138 91 81
0.127764 0.194786 0.559605 136 91 81
0.130507 0.194448 0.558634 133 91 81
0.133234 0.194101 0.557637 128 91 85
0.135942 0.193742 0.556604 121 92 88
0.138606 0.193338 0.555443 118 93 89
0.141227 0.192892 0.554159 112 88 85
0.143734 0.192311 0.552491 112 91 89
0.146066 0.191523 0.550228 114 93 91
0.147892 0.190117 0.546189 126 106 105
0.025680 0.243716 0.689537 176 115 103
0.028909 0.240137 0.679415 173 113 100
0.032057 0.236754 0.669847 173 112 99
0.035121 0.233486 0.660606 172 111 98
0.038149 0.230595 0.652429 167 111 96
0.041118 0.227858 0.644689 166 110 97
0.044053 0.225372 0.637659 164 110 95
0.046980 0.223199 0.631513 162 108 92
0.049910 0.221325 0.626212 163 111 97
0.052841 0.219693 0.621596 162 112 97
0.055759 0.218203 0.617381 155 107 93
0.058664 0.216827 0.613489 153 107 93
0.061550 0.215534 0.609830 154 113 98
0.064399 0.214242 0.606175 157 116 103
0.067206 0.212943 0.602502 145 103 90
0.069996 0.211708 0.599009 146 102 90
0.072738 0.210444 0.595433 145 104 88
0.075513 0.209375 0.592407 144 104 89
0.078323 0.208487 0.589897 150 114 98
0.081098 0.207576 0.587319 150 119 103
0.083864 0.206711 0.584871 126 103 86
0.086631 0.205909 0.582601 129 105 89
0.089396 0.205159 0.580478 131 107 91
0.092145 0.204420 0.578390 126 103 87
0.094886 0.203717 0.576398 125 102 86
0.097650 0.203102 0.574660 128 104 88
0.100463 0.202624 0.573304 128 103 90
0.103325 0.202270 0.572302 123 98 85
0.106172 0.201907 0.571276 122 97 84
0.109033 0.201591 0.570381 123 95 83
0.111862 0.201236 0.569375 129 94 81
0.114714 0.200937 0.568529 135 95 82
0.117520 0.200577 0.567510 138 92 81
0.120339 0.200256 0.566599 138 91 80
0.123180 0.199986 0.565834 139 90 79
0.125985 0.199672 0.564946 136 90 79
0.128776 0.199351 0.564037 136 89 81
0.131535 0.198996 0.563031 132 88 79
0.134279 0.198635 0.562008 126 90 82
0.137014 0.198276 0.560993 120 92 87
0.139718 0.197890 0.559899 117 92 89
0.142358 0.197430 0.558596 111 89 87
0.144885 0.196836 0.556916 111 90 89
0.147121 0.195877 0.554202 111 91 90
0.148791 0.194217 0.549507 106 86 85
0.029244 0.246609 0.687303 176 113 103
0.032386 0.242815 0.676736 173 112 101
0.035465 0.239354 0.667093 172 111 100
0.038486 0.236166 0.658212 169 110 98
0.041467 0.233282 0.650177 165 109 96
0.044416 0.230673 0.642908 163 109 94
0.047344 0.228336 0.636398 162 108 94
0.050289 0.226388 0.630970 160 107 93
0.053236 0.224692 0.626244 157 107 92
0.056169 0.223140 0.621919 166 119 108
0.059087 0.221703 0.617915 151 109 97
0.061990 0.220364 0.614184 144 106 93
0.064863 0.219060 0.610550 146 107 95
0.067698 0.217754 0.606911 152 112 99
0.070523 0.216538 0.603522 153 112 97
0.073324 0.215358 0.600234 142 103 86
0.076102 0.214210 0.597035 144 104 89
0.078871 0.213129 0.594024 141 106 91
0.081637 0.212124 0.591222 137 107 91
0.084411 0.211214 0.588686 136 110 93
0.087185 0.210367 0.586325 151 123 103
0.089967 0.209599 0.584184 133 107 89
0.092751 0.208886 0.582197 125 99 81
0.095531 0.208211 0.580316 124 100 85
0.098339 0.207636 0.578713 124 104 87
0.101175 0.207154 0.577368 126 103 87
0.104042 0.206763 0.576277 123 100 84
0.106910 0.206395 0.575252 122 96 81
0.109790 0.206070 0.574344 123 93 82
0.112654 0.205733 0.573404 130 92 81
0.115536 0.205446 0.572603 134 93 81
0.118379 0.205107 0.571658 137 90 79
0.121229 0.204796 0.570789 137 90 79
0.124107 0.204548 0.570097 137 90 79
0.126933 0.204225 0.569197 135 88 78
0.129758 0.203918 0.568340 134 87 79
0.132594 0.203641 0.567567 132 87 79
0.135389 0.203315 0.566657 126 87 80
0.138182 0.203000 0.565779 121 90 85
0.140964 0.202682 0.564892 115 89 86
0.143660 0.202257 0.563707 111 88 87
0.146197 0.201629 0.561955 109 88 87
0.148520 0.200738 0.559471 105 85 84
0.150806 0.199832 0.556949 106 86 85
0.153007 0.198852 0.554215 105 85 86
0.032692 0.248772 0.683134 172 111 102
0.035820 0.245361 0.673770 172 112 101
0.038852 0.241974 0.664474 170 111 99
0.041836 0.238872 0.655957 167 111 98
0.044813 0.236214 0.648663 165 109 95
0.047761 0.233791 0.642011 163 109 95
0.050702 0.231661 0.636164 160 107 93
0.053661 0.229871 0.631250 157 107 94
0.056609 0.228248 0.626794 152 106 96
0.059544 0.226758 0.622702 155 115 104
0.062473 0.225401 0.618979 154 118 106
0.065378 0.224099 0.615401 141 106 94
0.068226 0.222731 0.611647 143 103 91
0.071069 0.221475 0.608199 144 104 90
0.073922 0.220358 0.605132 150 110 96
0.076747 0.219251 0.602093 151 112 98
0.079536 0.218137 0.599034 138 102 87
0.082312 0.217074 0.596114 138 106 91
0.085089 0.216090 0.593413 136 108 91
0.087832 0.215096 0.590682 135 107 90
0.090588 0.214200 0.588222 129 101 84
0.093340 0.213353 0.585895 140 110 88
0.096101 0.212581 0.583776 154 123 100
0.098937 0.212019 0.582231 129 104 87
0.101832 0.211614 0.581120 112 90 74
0.104731 0.211241 0.580096 124 100 84
0.107614 0.210857 0.579040 126 98 83
0.110518 0.210534 0.578151 126 94 81
0.113414 0.210215 0.577274 132 92 79
0.116335 0.209958 0.576566 136 91 80
0.119205 0.209623 0.575646 137 90 79
0.122079 0.209312 0.574792 136 89 78
0.125005 0.209105 0.574221 135 88 79
0.127862 0.208793 0.573363 133 87 78
0.130719 0.208497 0.572549 132 87 78
0.133623 0.208286 0.571970 130 86 76
0.136497 0.208041 0.571295 126 86 78
0.139384 0.207824 0.570697 121 88 83
0.142267 0.207612 0.570114 116 90 86
0.145036 0.207245 0.569106 110 87 86
0.147677 0.206714 0.567647 106 85 84
0.150216 0.206064 0.565863 107 87 86
0.152842 0.205556 0.564468 107 87 86
0.155436 0.205026 0.563012 107 87 88
0.157741 0.204142 0.560584 107 86 87
0.036230 0.251824 0.681487 172 112 102
0.039265 0.248147 0.671541 170 111 101
0.042217 0.244595 0.661933 169 110 99
0.045198 0.241752 0.654242 166 111 98
0.048167 0.239249 0.647471 163 109 96
0.051113 0.236976 0.641320 162 108 95
0.054070 0.235035 0.636071 157 108 93
0.057014 0.233264 0.631279 151 109 96
0.059949 0.231662 0.626943 147 107 98
0.062898 0.230273 0.623185 143 108 98
0.065815 0.228915 0.619512 155 120 109
0.068691 0.227552 0.615823 146 110 98
0.071553 0.226266 0.612344 139 101 89
0.074428 0.225130 0.609271 143 104 90
0.077279 0.224022 0.606270 142 103 90
0.080089 0.222888 0.603202 146 110 96
0.082900 0.221843 0.600375 141 110 95
0.085689 0.220818 0.597600 136 106 92
0.088436 0.219762 0.594743 129 99 84
0.091180 0.218773 0.592067 129 99 83
0.093949 0.217906 0.589720 126 101 84
0.096764 0.217199 0.587809 122 98 82
0.099636 0.216660 0.586347 123 99 83
0.102527 0.216195 0.585089 131 105 89
0.105431 0.215782 0.583971 146 118 100
0.108349 0.215422 0.582995 143 112 95
0.111253 0.215055 0.582001 134 95 82
0.114150 0.214693 0.581020 121 81 68
0.117093 0.214436 0.580324 134 89 78
0.120004 0.214134 0.579505 133 88 77
0.122906 0.213832 0.578687 133 88 77
0.125838 0.213595 0.578045 132 87 78
0.128663 0.213193 0.576956 132 86 77
0.131472 0.212784 0.575849 130 85 76
0.134371 0.212536 0.575175 131 86 77
0.137280 0.212314 0.574573 128 86 76
0.140183 0.212092 0.573973 124 87 82
0.143109 0.211914 0.573490 118 88 83
0.146048 0.211762 0.573077 112 87 85
0.148976 0.211601 0.572640 109 87 86
0.151945 0.211504 0.572375 108 87 87
0.155035 0.211574 0.572565 110 90 91
0.158104 0.211615 0.572674 110 90 91
0.160814 0.211183 0.571502 112 88 91
0.091600 0.121377 0.518282 74 78 80
0.086893 0.119647 0.520116 73 76 78
0.082036 0.118239 0.521870 73 74 78
0.077335 0.116454 0.523723 67 68 71
0.072802 0.114277 0.525678 63 65 68
0.068281 0.112067 0.527642 61 64 63
0.063384 0.110664 0.529404 61 64 62
0.058760 0.108651 0.531322 58 60 59
0.054336 0.106205 0.533348 62 67 66
0.050054 0.103465 0.535447 61 65 66
0.045657 0.100966 0.537486 63 66 68
0.041124 0.098745 0.539457 70 70 72
0.036428 0.096843 0.541352 73 72 72
0.122211 0.130749 0.512906 87 95 100
0.117524 0.129126 0.514701 80 90 93
0.112825 0.127509 0.516496 64 75 81
0.108154 0.125803 0.518318 60 71 76
0.103431 0.124201 0.520114 54 63 69
0.098456 0.123175 0.521766 52 59 63
0.093554 0.121941 0.523475 47 53 57
0.088650 0.120678 0.525195 44 50 53
0.083783 0.119298 0.526948 45 49 52
0.079009 0.117681 0.528763 44 48 49
0.074342 0.115804 0.530645 43 45 47
0.069810 0.113612 0.532607 44 48 48
0.065021 0.111974 0.534434 44 47 47
0.060437 0.109873 0.536376 42 46 46
0.056079 0.107287 0.538436 38 44 46
0.051906 0.104316 0.540589 35 41 44
0.047594 0.101647 0.542668 39 43 46
0.043260 0.099025 0.544735 40 44 47
0.039097 0.096064 0.546882 40 42 47
0.034816 0.093351 0.548969 41 43 47
0.030445 0.090818 0.551013 45 48 50
0.026284 0.087882 0.553150 52 53 54
0.021999 0.085194 0.555228 61 62 63
0.017515 0.082889 0.557219 68 69 69
0.144796 0.132288 0.512344 100 108 110
0.140356 0.130194 0.514249 83 95 100
0.135215 0.129944 0.515675 74 84 90
0.129323 0.131589 0.516617 70 79 85
0.124173 0.131210 0.518091 65 75 82
0.119338 0.129975 0.519791 58 70 76
0.114499 0.128717 0.521499 50 62 70
0.109246 0.128446 0.522962 47 59 65
0.104479 0.126932 0.524744 46 57 63
0.099391 0.126162 0.526342 44 51 56
0.094449 0.125002 0.528043 42 49 53
0.089575 0.123650 0.529794 40 47 49
0.084754 0.122145 0.531587 39 46 48
0.080027 0.120401 0.533440 44 48 51
0.075361 0.118502 0.535334 40 44 45
0.070712 0.116549 0.537242 39 43 44
0.065847 0.115055 0.539042 40 44 45
0.061260 0.112937 0.540994 37 43 43
0.056793 0.110555 0.543008 38 42 45
0.052502 0.107803 0.545110 35 42 44
0.048251 0.104974 0.547229 36 40 43
0.044085 0.101979 0.549385 34 38 41
0.040045 0.098745 0.551595 34 36 40
0.036039 0.095459 0.553814 33 35 39
0.032085 0.092092 0.556048 34 36 40
0.028537 0.087957 0.558452 34 36 40
0.024605 0.084602 0.560677 35 37 41
0.020443 0.081705 0.562797 36 38 42
0.016260 0.078857 0.564905 40 42 44
0.013137 0.074050 0.567439 49 53 54
0.009194 0.070804 0.569628 60 65 62
0.004753 0.068480 0.571615 71 73 72
0.162952 0.130593 0.513976 100 110 110
0.158298 0.129273 0.515666 88 99 104
0.153474 0.128392 0.517244 73 85 91
0.147091 0.131740 0.517739 70 81 87
0.141871 0.131779 0.519097 63 75 81
0.136469 0.132227 0.520358 63 74 81
0.130995 0.132782 0.521600 60 72 78
0.125846 0.132413 0.523084 56 68 74
0.120667 0.132059 0.524570 52 64 70
0.115521 0.131564 0.526097 49 61 68
0.110544 0.130593 0.527747 47 57 63
0.105690 0.129284 0.529485 42 52 58
0.100607 0.128494 0.531100 40 48 53
0.095652 0.127354 0.532805 41 47 52
0.090746 0.126064 0.534550 37 43 48
0.085902 0.124598 0.536341 36 43 45
0.081210 0.122759 0.538223 38 42 45
0.076548 0.120839 0.540127 38 42 45
0.071835 0.119015 0.542010 37 41 44
0.067029 0.117377 0.543851 37 41 42
0.062348 0.115449 0.545763 37 41 42
0.057761 0.113305 0.547725 38 42 45
0.053366 0.110748 0.549784 37 41 44
0.049123 0.107876 0.551913 36 39 43
0.044986 0.104798 0.554088 32 36 39
0.040920 0.101589 0.556290 32 36 39
0.036962 0.098182 0.558534 32 34 38
0.033167 0.094475 0.560841 30 32 36
0.029400 0.090744 0.563149 30 32 36
0.025699 0.086915 0.565475 30 32 36
0.022121 0.082885 0.567839 31 33 37
0.018607 0.078771 0.570216 31 33 37
0.015513 0.073915 0.572745 31 32 36
0.011787 0.070280 0.575008 34 36 37
0.008056 0.066680 0.577260 39 39 41
0.005290 0.061373 0.579862 55 54 54
0.001150 0.058574 0.581939 74 71 72
0.179251 0.133423 0.514404 97 99 105
0.174645 0.132102 0.516088 101 104 112
0.169510 0.132300 0.517383 77 85 91
0.164502 0.132052 0.518799 64 76 81
0.159552 0.131573 0.520281 61 72 81
0.153660 0.133673 0.521114 60 71 80
0.147952 0.135133 0.522122 60 71 79
0.142553 0.135634 0.523382 61 73 79
0.137210 0.135903 0.524707 60 72 78
0.131967 0.135826 0.526127 58 69 78
0.126838 0.135385 0.527642 53 65 72
0.121673 0.134982 0.529155 50 61 70
0.116582 0.134332 0.530733 45 56 65
0.111593 0.133376 0.532391 42 52 59
0.106612 0.132361 0.534068 38 48 54
0.101561 0.131474 0.535718 35 44 49
0.096676 0.130148 0.537477 35 40 45
0.091828 0.128705 0.539268 35 39 42
0.086970 0.127256 0.541063 34 37 40
0.082236 0.125494 0.542933 32 37 40
0.077527 0.123660 0.544823 32 36 39
0.072784 0.121883 0.546702 32 35 39
0.067950 0.120288 0.548541 32 36 39
0.063249 0.118383 0.550453 32 36 39
0.058679 0.116180 0.552434 33 37 40
0.054242 0.113688 0.554480 33 35 39
0.049935 0.110924 0.556587 34 36 40
0.045797 0.107819 0.558767 32 35 38
0.041752 0.104539 0.560984 30 32 36
0.037846 0.101000 0.563254 30 32 36
0.033964 0.097437 0.565526 30 32 36
0.030305 0.093465 0.567881 29 31 35
0.026761 0.089304 0.570271 29 31 35
0.023321 0.084985 0.572689 30 32 36
0.019972 0.080537 0.575127 29 31 35
0.016732 0.075935 0.577591 29 29 34
0.013482 0.071400 0.580033 27 29 33
0.010684 0.066089 0.582626 27 29 32
0.008693 0.059383 0.585490 28 29 32
0.005110 0.055623 0.587751 31 32 35
0.002857 0.049545 0.590466 53 55 54
-0.001167 0.046644 0.592545 68 71 70
0.191561 0.132533 0.517116 91 95 101
0.186962 0.131341 0.518759 92 99 101
0.182135 0.130805 0.520239 68 75 79
0.176561 0.132452 0.521170 63 69 78
0.171140 0.133522 0.522258 56 66 73
0.165658 0.134662 0.523338 56 66 73
0.160145 0.135781 0.524434 56 67 76
0.154686 0.136641 0.525605 55 68 77
0.149087 0.137792 0.526713 58 70 76
0.143846 0.137854 0.528098 57 68 75
0.138438 0.138297 0.529398 54 65 72
0.133109 0.138443 0.530778 51 63 71
0.127931 0.138119 0.532280 48 60 67
0.122681 0.137921 0.533757 45 55 62
0.117512 0.137453 0.535305 37 45 52
0.112447 0.136667 0.536935 33 41 45
0.107390 0.135816 0.538584 27 32 37
0.102277 0.135057 0.540217 25 29 34
0.097350 0.133803 0.541970 22 26 28
0.092474 0.132394 0.543763 22 26 28
0.087577 0.131008 0.545553 20 23 26
0.082777 0.129367 0.547405 20 23 25
0.077997 0.127657 0.549274 21 25 28
0.073250 0.125856 0.551167 20 23 26
0.068458 0.124134 0.553044 21 23 26
0.063791 0.122120 0.554988 20 23 25
0.059271 0.119777 0.557006 19 21 25
0.054893 0.117127 0.559090 20 22 25
0.050661 0.114174 0.561240 20 22 25
0.046564 0.110953 0.563445 21 23 26
0.042539 0.107602 0.565675 22 23 28
0.038651 0.103995 0.567957 23 25 28
0.034911 0.100119 0.570291 22 23 28
0.031373 0.095879 0.572695 23 25 28
0.027938 0.091481 0.575127 25 26 29
0.024439 0.087254 0.577517 27 28 32
0.020957 0.083036 0.579899 27 28 32
0.017573 0.078675 0.582304 27 29 33
0.014839 0.073151 0.584934 26 28 32
0.012432 0.067098 0.587657 25 26 31
0.009817 0.061507 0.590277 23 25 28
0.008011 0.054537 0.593154 22 23 28
0.005739 0.048500 0.595836 21 23 25
0.003775 0.042007 0.598591 31 33 37
0.000415 0.038027 0.600859 63 66 66
-0.004691 0.037077 0.602555 74 76 74
0.203774 0.131413 0.519851 78 81 84
0.199204 0.130287 0.521471 90 96 96
0.193841 0.131641 0.522469 61 64 70
0.188937 0.131437 0.523868 50 56 63
0.183260 0.133535 0.524698 49 56 63
0.177479 0.135808 0.525499 50 57 65
0.171942 0.137207 0.526528 51 61 68
0.166589 0.137950 0.527729 53 63 70
0.161128 0.138905 0.528887 53 65 73
0.155611 0.139918 0.530041 52 64 70
0.150093 0.140831 0.531230 52 63 69
0.144871 0.140827 0.532648 48 59 66
0.139442 0.141313 0.533956 41 52 58
0.134069 0.141564 0.535329 30 40 46
0.128814 0.141426 0.536801 28 33 39
0.123502 0.141367 0.538262 24 28 32
0.118349 0.140837 0.539840 20 23 26
0.113306 0.139971 0.541500 21 23 25
0.108256 0.139081 0.543171 20 23 25
0.103122 0.138350 0.544811 21 23 26
0.098142 0.137199 0.546551 20 23 25
0.093215 0.135887 0.548331 19 23 25
0.088282 0.134557 0.550119 20 23 26
0.083460 0.132938 0.551975 20 23 25
0.078651 0.131267 0.553844 21 23 26
0.073935 0.129364 0.555767 21 23 26
0.069188 0.127515 0.557680 22 23 28
0.064576 0.125353 0.559662 21 23 25
0.060082 0.122925 0.561702 20 22 25
0.055687 0.120285 0.563787 20 22 25
0.051504 0.117199 0.565965 20 22 25
0.047438 0.113884 0.568189 19 21 25
0.043383 0.110567 0.570410 19 21 25
0.039410 0.107104 0.572659 19 21 25
0.035676 0.103184 0.574997 18 20 23
0.032091 0.099004 0.577383 18 20 23
0.028644 0.094593 0.579809 19 20 23
0.025263 0.090104 0.582244 20 21 25
0.021967 0.085498 0.584695 22 22 25
0.018843 0.080621 0.587192 22 23 28
0.015964 0.075341 0.589758 22 23 28
0.013244 0.069835 0.592357 23 23 28
0.010862 0.063784 0.595049 22 23 26
0.008712 0.057400 0.597791 20 22 25
0.007147 0.050063 0.600696 21 23 26
0.005827 0.042409 0.603642 23 23 25
0.004587 0.034736 0.606572 25 26 29
0.001811 0.029829 0.608984 54 59 58
-0.002835 0.028162 0.610808 74 80 78
0.211621 0.128085 0.524437 92 94 98
0.206088 0.130281 0.525223 62 67 70
0.201016 0.130833 0.526429 43 47 52
0.195436 0.132908 0.527268 43 49 54
0.189830 0.134919 0.528135 45 51 58
0.184216 0.136812 0.529043 46 53 59
0.178597 0.138585 0.529993 46 53 60
0.173017 0.140111 0.531015 47 57 64
0.167561 0.141146 0.532166 47 57 64
0.162022 0.142315 0.533295 44 56 62
0.156455 0.143456 0.534441 38 48 53
0.150979 0.144231 0.535684 29 37 40
0.145726 0.144293 0.537103 23 29 31
0.140276 0.144817 0.538423 19 26 28
0.134905 0.145044 0.539820 18 23 25
0.129581 0.145064 0.541272 19 23 25
0.124215 0.145125 0.542723 21 23 25
0.119042 0.144617 0.544310 21 23 26
0.113991 0.143743 0.545986 20 23 25
0.069822 0.131137 0.562291 20 22 25
0.065224 0.128912 0.564293 21 23 25
0.060753 0.126402 0.566354 22 22 25
0.056346 0.123754 0.568444 21 21 25
0.052122 0.120721 0.570612 20 22 25
0.048049 0.117386 0.572839 19 21 25
0.040047 0.110483 0.577331 19 21 25
0.036321 0.106510 0.579675 19 21 25
0.032685 0.102396 0.582042 20 20 23
0.029178 0.098067 0.584445 20 20 23
0.025817 0.093498 0.586888 19 18 22
0.022602 0.088698 0.589367 18 18 22
0.019607 0.083537 0.591907 18 18 22
0.016824 0.078042 0.594500 18 20 22
0.014366 0.072015 0.597181 20 21 25
0.012035 0.065840 0.599876 19 20 23
0.009799 0.059579 0.602574 19 21 25
0.008030 0.052572 0.605392 19 21 25
0.006528 0.045199 0.608259 21 21 25
0.006155 0.035963 0.611437 20 22 25
0.005319 0.027684 0.614423 22 23 26
0.002450 0.023018 0.616763 49 54 54
-0.001661 0.020503 0.618727 75 79 81
0.219193 0.125371 0.528819 83 86 86
0.213700 0.127647 0.529594 46 49 52
0.207680 0.131521 0.529991 41 45 49
0.202079 0.133817 0.530790 39 43 49
0.196531 0.135785 0.531681 38 44 49
0.190908 0.137849 0.532561 39 46 51
0.185178 0.140102 0.533410 41 48 53
0.179532 0.141945 0.534369 41 47 54
0.173931 0.143522 0.535403 41 47 53
0.168457 0.144596 0.536567 32 39 44
0.162947 0.145664 0.537743 24 29 34
0.157411 0.146701 0.538936 23 26 28
0.151952 0.147415 0.540214 21 26 28
0.146611 0.147706 0.541598 21 23 25
0.141097 0.148389 0.542901 20 23 26
0.135683 0.148706 0.544296 20 23 26
0.130311 0.148833 0.545742 20 23 26
0.124901 0.148982 0.547192 20 23 25
0.119728 0.148447 0.548800 20 22 25
0.114693 0.147502 0.550504 21 23 25
0.033188 0.105994 0.586689 21 21 25
0.029673 0.101641 0.589090 21 21 25
0.026309 0.097037 0.591532 18 18 22
0.023156 0.092075 0.594032 18 18 22
0.020174 0.086848 0.596572 18 20 23
0.017433 0.081231 0.599173 17 18 22
0.015086 0.074956 0.601881 16 18 22
0.012994 0.068299 0.604643 16 18 22
0.011143 0.061303 0.607450 17 18 22
0.009445 0.054139 0.610270 18 18 22
0.007999 0.046635 0.613131 19 21 25
0.007091 0.038303 0.616115 18 20 23
0.006282 0.029934 0.619083 20 22 25
0.005980 0.020830 0.622152 22 23 28
0.003404 0.015745 0.624533 56 57 60
-0.000747 0.013365 0.626463 77 83 81
0.231601 0.122035 0.531978 74 76 78
0.226856 0.122032 0.533306 73 74 78
0.221059 0.125594 0.533778 40 42 45
0.214742 0.130727 0.533889 36 41 44
0.208984 0.133730 0.534530 34 41 44
0.203356 0.136124 0.535332 33 40 45
0.197645 0.138629 0.536122 34 40 45
0.191976 0.140837 0.536995 34 40 45
0.186312 0.142880 0.537920 33 39 44
0.180635 0.144819 0.538882 27 32 34
0.175004 0.146483 0.539921 21 25 28
0.169459 0.147758 0.541060 21 25 26
0.163928 0.148879 0.542246 21 23 28
0.158387 0.149917 0.543461 20 23 25
0.152883 0.150746 0.544734 20 22 23
0.147491 0.151161 0.546109 19 23 23
0.141903 0.152031 0.547391 20 22 25
0.136440 0.152460 0.548781 20 22 25
0.131054 0.152599 0.550243 20 22 25
0.125653 0.152702 0.551721 20 23 25
0.120472 0.152159 0.553346 21 23 26
0.023429 0.096021 0.598622 20 20 23
0.020494 0.090655 0.601176 17 18 22
0.017837 0.084831 0.603799 17 18 22
0.015531 0.078429 0.606511 16 18 22
0.013615 0.071398 0.609317 16 17 20
0.011977 0.063965 0.612175 17 17 19
0.010607 0.056166 0.615077 18 18 20
0.009526 0.047974 0.618024 18 20 22
0.008595 0.039651 0.620971 20 20 23
0.007389 0.031945 0.623797 19 21 25
0.006826 0.023249 0.626762 20 22 25
0.006158 0.014878 0.629651 25 26 28
0.004893 0.007647 0.632339 74 79 72
0.000343 0.006012 0.634140 74 76 73
0.239488 0.117342 0.536741 70 74 71
0.234444 0.118626 0.537758 68 74 72
0.228840 0.121773 0.538342 32 36 41
0.222075 0.128778 0.538028 30 37 41
0.216241 0.132266 0.538569 31 38 40
0.210475 0.135323 0.539227 31 37 40
0.204705 0.138211 0.539940 30 36 41
0.198847 0.141210 0.540643 29 35 40
0.193102 0.143667 0.541486 24 29 35
0.187393 0.145850 0.542406 20 26 28
0.181671 0.147926 0.543363 20 23 26
0.176015 0.149656 0.544412 19 23 25
0.170448 0.150989 0.545562 20 23 26
0.164875 0.152222 0.546745 20 22 25
0.159287 0.153384 0.547955 19 21 23
0.153726 0.154357 0.549218 19 21 25
0.148272 0.154926 0.550579 19 21 25
0.142658 0.155845 0.551873 19 22 22
0.137183 0.156286 0.553281 20 22 23
0.131797 0.156398 0.554767 20 22 23
0.126403 0.156456 0.556273 21 23 25
0.121194 0.155958 0.557904 21 23 26
0.023733 0.099935 0.603251 17 18 22
0.020875 0.094372 0.605827 17 18 22
0.018287 0.088368 0.608466 17 18 22
0.016027 0.081830 0.611183 16 18 22
0.014211 0.074564 0.614005 15 17 20
0.012682 0.066881 0.616878 16 17 19
0.011455 0.058774 0.619801 17 17 19
0.010508 0.050297 0.622763 16 18 22
0.009865 0.041420 0.625765 17 18 22
0.008851 0.033342 0.628619 17 18 22
0.008765 0.023785 0.631680 19 21 25
0.009250 0.013412 0.634839 21 23 26
0.009286 0.003982 0.637825 39 43 44
0.006842 -0.001129 0.640140 77 82 79
0.246927 0.113923 0.541140 67 73 70
0.242236 0.114112 0.542420 71 74 70
0.236303 0.118739 0.542667 32 39 40
0.229766 0.125282 0.542487 31 38 40
0.223502 0.130546 0.542629 30 37 40
0.217551 0.134465 0.543102 29 35 40
0.211769 0.137595 0.543774 27 33 38
0.205976 0.140574 0.544497 25 31 36
0.200096 0.143657 0.545211 21 26 32
0.194256 0.146430 0.546011 19 25 29
0.188462 0.148885 0.546898 18 25 26
0.182684 0.151132 0.547845 19 23 25
0.176985 0.152987 0.548891 18 22 22
0.171385 0.154405 0.550046 18 22 23
0.165767 0.155758 0.551227 18 22 25
0.160132 0.157041 0.552435 18 22 25
0.154523 0.158134 0.553694 19 21 25
0.149033 0.158781 0.555059 19 21 22
0.143430 0.159648 0.556387 20 22 23
0.137949 0.160079 0.557817 20 22 23
0.132578 0.160129 0.559335 20 23 23
0.127175 0.160187 0.560859 21 23 25
0.121930 0.159754 0.562492 21 23 25
0.116750 0.159097 0.564176 22 23 25
0.024123 0.103708 0.607937 17 18 22
0.021317 0.097997 0.610524 17 18 22
0.018792 0.091824 0.613175 17 18 22
0.016574 0.085158 0.615893 16 18 20
0.014763 0.077832 0.618701 16 18 20
0.013298 0.069981 0.621574 15 17 19
0.012129 0.061715 0.624492 15 17 19
0.011225 0.053109 0.627441 15 17 20
0.010823 0.043751 0.630482 16 18 22
0.010316 0.034736 0.633445 17 18 22
0.010880 0.024009 0.636639 17 18 22
0.011333 0.013664 0.639744 18 20 23
0.013883 -0.000073 0.643312 25 26 29
0.012073 -0.006209 0.645747 75 80 76
0.249509 0.111163 0.546659 73 79 78
0.244693 0.111905 0.547819 37 41 43
0.237689 0.120578 0.547171 32 36 39
0.231215 0.126940 0.547080 29 36 38
0.224897 0.132439 0.547210 28 33 36
0.218893 0.136573 0.547670 26 32 35
0.213026 0.140013 0.548303 22 29 31
0.207176 0.143193 0.549011 21 25 28
0.201213 0.146561 0.549694 17 23 28
0.195311 0.149536 0.550481 18 22 22
0.189504 0.152032 0.551387 18 22 25
0.183709 0.154330 0.552351 18 22 25
0.177979 0.156272 0.553406 18 21 23
0.172324 0.157849 0.554551 17 21 22
0.166645 0.159368 0.555721 18 22 25
0.160977 0.160730 0.556936 17 21 23
0.155328 0.161920 0.558199 18 22 25
0.149781 0.162705 0.559556 20 22 25
0.144178 0.163550 0.560912 20 22 25
0.138691 0.163973 0.562363 20 22 23
0.133306 0.164034 0.563898 21 23 25
0.127916 0.164030 0.565453 22 23 25
0.122670 0.163573 0.567106 23 25 26
0.117467 0.162945 0.568799 22 23 25
0.112244 0.162314 0.570499 22 23 25
0.106979 0.161737 0.572194 23 25 26
0.021821 0.101526 0.615267 17 18 22
0.019287 0.095322 0.617906 17 18 22
0.017064 0.088616 0.620610 17 18 20
0.015264 0.081217 0.623405 17 18 20
0.013823 0.073267 0.626266 17 18 20
0.012678 0.064905 0.629168 17 18 22
0.011799 0.056198 0.632100 16 18 20
0.011447 0.046692 0.635125 17 18 20
0.011093 0.037355 0.638100 16 18 22
0.012207 0.025606 0.641392 16 18 22
0.013020 0.014593 0.644546 20 20 23
0.017237 -0.002047 0.648449 22 23 26
0.017326 -0.011381 0.651294 71 75 71
0.012775 -0.012794 0.653041 80 79 75
0.257616 0.104612 0.551673 67 71 68
0.252774 0.105720 0.552748 47 54 54
0.246568 0.111847 0.552701 31 35 38
0.239061 0.122481 0.551670 29 35 37
0.232579 0.128919 0.551609 27 34 36
0.226249 0.134501 0.551763 26 29 33
0.220236 0.138693 0.552246 23 28 29
0.214263 0.142518 0.552828 20 25 26
0.208302 0.146085 0.553484 19 23 25
0.202307 0.149567 0.554176 17 21 22
0.196356 0.152706 0.554959 17 21 22
0.190554 0.155182 0.555899 18 20 22
0.184719 0.157604 0.556865 18 20 22
0.178926 0.159735 0.557907 19 21 22
0.173188 0.161550 0.559028 18 22 23
0.167477 0.163149 0.560207 17 21 23
0.161808 0.164495 0.561450 18 22 25
0.156145 0.165706 0.562733 19 23 23
0.150581 0.166519 0.564107 20 22 25
0.144970 0.167364 0.565484 20 22 25
0.139471 0.167798 0.566954 21 23 25
0.134055 0.167916 0.568495 21 23 25
0.128674 0.167863 0.570078 22 23 25
0.123412 0.167419 0.571745 22 23 25
0.118173 0.166855 0.573440 22 23 25
0.112934 0.166236 0.575153 22 23 25
0.107643 0.165694 0.576857 22 23 25
0.025003 0.111138 0.617422 18 20 23
0.022239 0.105248 0.620009 18 20 23
0.019674 0.099055 0.622629 18 20 22
0.017404 0.092386 0.625308 17 18 20
0.015577 0.084981 0.628080 17 18 20
0.014110 0.077021 0.630915 18 18 20
0.013000 0.068533 0.633806 17 18 20
0.012185 0.059649 0.636731 17 17 19
0.011789 0.050160 0.639717 18 18 19
0.015065 0.014901 0.649430 21 21 25
0.020925 -0.004624 0.653631 21 23 25
0.022353 -0.016226 0.656725 68 72 69
0.018321 -0.018441 0.658569 84 81 80
0.260833 0.099105 0.557701 71 75 72
0.255873 0.100820 0.558649 34 38 41
0.248455 0.111725 0.557586 30 34 37
0.240327 0.124790 0.556089 28 32 35
0.234023 0.130618 0.556209 26 32 34
0.227624 0.136494 0.556343 24 29 31
0.221586 0.140800 0.556837 18 23 25
0.215489 0.145081 0.557356 17 23 25
0.209401 0.149099 0.557950 18 22 25
0.203367 0.152717 0.558648 18 20 22
0.197379 0.155979 0.559438 17 21 22
0.191553 0.158526 0.560393 18 20 22
0.185675 0.161078 0.561362 19 21 22
0.179841 0.163327 0.562408 19 21 22
0.174067 0.165239 0.563537 18 22 23
0.168340 0.166871 0.564735 19 21 22
0.162665 0.168217 0.566003 20 22 25
0.157005 0.169401 0.567314 20 23 25
0.151413 0.170276 0.568698 21 23 25
0.145775 0.171177 0.570087 21 23 26
0.140235 0.171700 0.571561 21 23 25
0.134794 0.171860 0.573112 21 23 25
0.129400 0.171814 0.574712 22 23 25
0.124125 0.171374 0.576393 22 23 25
0.118857 0.170856 0.578096 22 23 25
0.113611 0.170224 0.579826 22 23 25
0.108316 0.169663 0.581550 22 23 25
0.025538 0.114704 0.622232 18 20 23
0.022767 0.108780 0.624809 18 20 23
0.020145 0.102649 0.627404 18 20 22
0.017803 0.096067 0.630050 17 18 20
0.015921 0.088711 0.632791 17 18 20
0.014407 0.080782 0.635595 18 18 20
0.013346 0.072141 0.638477 17 18 19
0.012559 0.063144 0.641385 17 18 19
0.013486 0.031249 0.650600 19 18 22
0.017716 0.014142 0.654445 20 20 23
0.025125 -0.008118 0.658888 25 25 28
0.027324 -0.021028 0.662082 71 74 73
0.022984 -0.022658 0.663843 80 75 76
0.267939 0.095812 0.561853 67 70 73
0.263631 0.095169 0.563320 58 62 62
0.258119 0.099162 0.563788 30 33 36
0.250303 0.111740 0.562431 27 31 34
0.241834 0.126220 0.560711 24 29 33
0.235575 0.131931 0.560899 23 28 31
0.229032 0.138381 0.560955 20 25 28
0.222857 0.143209 0.561376 18 22 25
0.216665 0.147841 0.561860 17 21 23
0.210534 0.152022 0.562457 18 20 23
0.204455 0.155800 0.563157 17 21 23
0.198409 0.159257 0.563940 16 20 22
0.192571 0.161843 0.564917 18 20 22
0.186656 0.164506 0.565894 18 20 23
0.180801 0.166813 0.566957 20 22 25
0.175015 0.168752 0.568108 21 22 25
0.169276 0.170406 0.569328 21 23 26
0.163576 0.171813 0.570608 20 22 25
0.157893 0.173049 0.571934 20 22 25
0.152279 0.173966 0.573332 21 23 26
0.146634 0.174869 0.574743 20 22 25
0.141060 0.175468 0.576223 22 23 25
0.135596 0.175665 0.577786 22 23 26
0.130204 0.175587 0.579410 21 23 25
0.124899 0.175202 0.581097 22 23 25
0.119605 0.174725 0.582808 21 23 25
0.020625 0.106252 0.632206 18 20 22
0.018230 0.099721 0.634827 17 18 20
0.016183 0.092625 0.637509 17 18 20
0.014670 0.084632 0.640295 17 18 19
0.013665 0.075824 0.643168 17 18 19
0.013035 0.066476 0.646088 17 18 19
0.013058 0.045957 0.652081 18 18 22
0.014732 0.033017 0.655367 19 18 22
0.030359 -0.013448 0.664315 27 26 31
0.032768 -0.026696 0.667473 78 81 78
0.027098 -0.025993 0.668951 75 65 64
0.271134 0.090063 0.567808 68 71 74
0.266650 0.090266 0.569093 48 50 52
0.260823 0.095660 0.569290 29 32 36
0.251688 0.113524 0.566895 25 31 34
0.243512 0.127005 0.565471 23 29 32
0.237045 0.133552 0.565528 19 26 28
0.230346 0.140627 0.565503 19 23 25
0.224003 0.146084 0.565836 17 21 23
0.217731 0.151016 0.566298 17 21 23
0.211597 0.155212 0.566930 17 18 22
0.205484 0.159113 0.567641 18 20 23
0.199394 0.162717 0.568431 18 20 22
0.193571 0.165246 0.569449 19 21 22
0.187645 0.167938 0.570451 20 22 23
0.181784 0.170258 0.571541 20 22 25
0.175974 0.172260 0.572706 21 23 25
0.170213 0.173971 0.573941 21 23 25
0.164502 0.175396 0.575243 21 23 25
0.158774 0.176747 0.576571 21 23 25
0.153145 0.177691 0.577987 22 23 28
0.147476 0.178640 0.579413 21 23 26
0.141856 0.179349 0.580893 21 23 26
0.136383 0.179548 0.582476 22 23 28
0.131007 0.179396 0.584131 22 23 28
0.125707 0.178969 0.585841 21 23 26
0.120381 0.178550 0.587558 21 23 25
0.016396 0.096658 0.642244 17 18 20
0.013155 0.060085 0.653723 19 18 22
0.038133 -0.023263 0.670185 40 41 44
0.038105 -0.032241 0.672773 86 88 84
0.031963 -0.030646 0.674155 87 59 58
0.274114 0.085088 0.573532 71 74 75
0.269676 0.085240 0.574832 48 50 53
0.263754 0.091186 0.574945 29 33 37
0.253109 0.115182 0.571393 23 29 32
0.245163 0.127893 0.570209 21 28 29
0.238496 0.135256 0.570147 19 25 26
0.231687 0.142790 0.570081 19 23 25
0.225186 0.148855 0.570335 18 21 25
0.218878 0.153932 0.570810 18 20 23
0.212701 0.158294 0.571448 18 20 23
0.206540 0.162364 0.572163 19 21 22
0.200437 0.166018 0.572977 18 20 22
0.194611 0.168551 0.574025 20 22 23
0.188680 0.171256 0.575055 20 22 23
0.182816 0.173579 0.576173 21 23 26
0.177004 0.175581 0.577366 21 23 25
0.171226 0.177334 0.578620 22 23 25
0.165506 0.178773 0.579943 21 23 25
0.159748 0.180204 0.581281 21 23 26
0.154066 0.181285 0.582695 22 23 28
0.148348 0.182360 0.584121 21 23 25
0.142688 0.183162 0.585607 21 23 26
0.137198 0.183383 0.587205 22 23 28
0.013794 0.063100 0.658480 17 18 22
0.044946 -0.031497 0.675755 75 76 78
0.042795 -0.036726 0.677881 81 83 82
0.276926 0.080720 0.579072 71 75 75
0.272626 0.080432 0.580465 50 53 54
0.266817 0.086102 0.580667 30 34 38
0.255598 0.112666 0.576730 25 29 32
0.246927 0.128341 0.575032 22 26 28
0.239588 0.138324 0.574506 19 23 26
0.232856 0.145605 0.574544 19 23 25
0.195657 0.171867 0.578623 20 22 23
0.189701 0.174652 0.579669 21 23 25
0.183767 0.177192 0.580777 21 23 25
0.177949 0.179199 0.581997 21 23 25
0.172176 0.180923 0.583282 21 23 25
0.166439 0.182400 0.584624 21 23 25
0.160662 0.183872 0.585980 21 23 25
0.154958 0.185002 0.587408 22 23 25
0.149218 0.186122 0.588850 21 23 25
0.014750 0.076072 0.660406 17 18 22
0.014794 0.065469 0.663331 18 20 23
0.045731 -0.020052 0.677588 43 43 47
0.050953 -0.038398 0.681079 89 88 91
0.045790 -0.038311 0.682631 68 61 49
0.279742 0.076243 0.584579 70 77 75
0.275683 0.075089 0.586144 57 60 61
0.270206 0.079610 0.586601 33 36 39
0.260545 0.100391 0.583924 25 29 33
0.249113 0.127149 0.580166 21 25 28
0.241249 0.139262 0.579294 20 22 25
0.234254 0.147600 0.579181 18 22 25
0.173136 0.184513 0.587971 22 23 26
0.167385 0.186018 0.589333 21 23 25
0.161584 0.187547 0.590705 22 23 25
0.155846 0.188759 0.592143 21 23 26
0.016135 0.077786 0.665389 18 20 23
0.059185 -0.040361 0.684269 86 85 87
0.055117 -0.042115 0.686000 78 71 75
0.047395 -0.037491 0.687121 170 131 114
0.282539 0.071760 0.590031 70 77 75
0.278963 0.068726 0.591954 68 74 73
0.274614 0.068864 0.593270 34 38 41
0.264957 0.090034 0.590620 26 31 34
0.251819 0.123896 0.585664 23 25 28
0.243281 0.138777 0.584346 20 22 25
0.174133 0.188021 0.592701 21 23 25
0.168368 0.189558 0.594083 20 22 25
0.067943 -0.043448 0.687528 80 81 82
0.064062 -0.045459 0.689272 86 84 86
0.057246 -0.042259 0.690538 116 92 83
0.047776 -0.034524 0.691417 181 140 121
0.282387 0.061639 0.597824 71 77 75
0.278257 0.061059 0.599273 49 53 52
0.269807 0.077745 0.597553 29 33 35
0.255100 0.118316 0.591542 23 25 26
0.245674 0.136879 0.589637 22 23 25
0.237652 0.149348 0.588889 21 23 25
0.075931 -0.045315 0.690629 78 81 78
0.072581 -0.048237 0.692445 86 88 84
0.065885 -0.045099 0.693725 91 75 67
0.057445 -0.038971 0.694768 186 148 128
0.047049 -0.029581 0.695571 181 142 123
0.285020 0.057750 0.603032 68 69 70
0.281727 0.053826 0.605083 73 76 72
0.275015 0.063795 0.604648 38 41 42
0.249051 0.131108 0.595578 21 23 25
0.239905 0.148105 0.594109 21 23 23
0.232473 0.157966 0.593929 21 23 23
0.083850 -0.047220 0.693695 81 82 82
0.080266 -0.049662 0.695458 86 86 84
0.073992 -0.047159 0.696801 91 78 69
0.066437 -0.042440 0.697981 187 152 132
0.056616 -0.033816 0.698876 186 148 127
0.286691 0.057869 0.607484 57 40 35
0.284769 0.048241 0.610522 73 77 71
0.281410 0.044771 0.612468 68 75 70
0.272051 0.065332 0.610281 30 35 35
0.241492 0.149388 0.598879 21 25 23
0.234229 0.158698 0.598856 21 23 23
0.227122 0.166999 0.599036 21 23 23
0.091784 -0.049321 0.696742 89 89 90
0.087743 -0.050844 0.698416 74 75 71
0.081609 -0.048476 0.699780 122 103 92
0.074712 -0.044804 0.701059 198 165 143
0.066061 -0.038072 0.702127 193 159 135
0.055928 -0.028874 0.703049 192 157 134
0.286779 0.046877 0.615177 51 39 33
0.284738 0.038028 0.618018 71 78 73
0.281131 0.035750 0.619743 68 75 72
0.270356 0.061789 0.616791 28 32 31
0.228920 0.167657 0.604026 21 23 23
0.101516 -0.045745 0.697741 80 77 79
0.099502 -0.051176 0.699731 91 89 88
0.095200 -0.052130 0.701353 71 67 65
0.089162 -0.049816 0.702728 158 134 116
0.082504 -0.046446 0.704042 199 163 142
0.074791 -0.041248 0.705246 200 165 142
0.065544 -0.033411 0.706293 202 171 146
0.055649 -0.024636 0.707317 204 174 152
0.047153 -0.018618 0.708570 247 242 229
0.287215 0.052131 0.618719 124 92 78
0.286365 0.038204 0.622361 56 45 36
0.284213 0.030032 0.625036 64 70 67
0.280523 0.028224 0.626672 74 79 76
0.273094 0.041000 0.626001 46 48 47
0.111706 -0.052723 0.701123 88 89 89
0.107354 -0.053464 0.702717 74 70 68
0.102083 -0.052442 0.704184 93 82 76
0.096201 -0.050315 0.705582 187 156 137
0.089402 -0.046539 0.706881 195 160 138
0.081989 -0.041747 0.708133 199 164 140
0.073731 -0.035544 0.709319 201 169 144
0.064566 -0.027867 0.710444 201 172 149
0.056676 -0.022742 0.711770 241 233 222
0.050917 -0.021615 0.713371 237 233 223
0.046278 -0.022555 0.715106 235 233 223
0.041721 -0.023668 0.716857 236 236 225
0.035488 -0.021895 0.718455 238 239 227
0.286696 0.061521 0.621646 120 85 68
0.286644 0.043998 0.625809 132 95 77
0.285793 0.030356 0.629316 83 64 50
0.283306 0.023732 0.631699 44 45 44
0.279852 0.021089 0.633457 77 80 77
0.275031 0.023747 0.634409 71 72 69
0.123193 -0.053190 0.702410 88 97 91
0.118747 -0.053632 0.703973 70 68 66
0.113828 -0.053163 0.705475 74 65 61
0.108429 -0.051799 0.706923 168 138 123
0.102367 -0.049219 0.708301 192 156 133
0.095782 -0.045735 0.709636 193 156 133
0.088740 -0.041509 0.710946 196 163 139
0.081029 -0.036169 0.712212 200 167 143
0.073080 -0.030559 0.713491 200 171 148
0.065285 -0.025418 0.714832 239 233 222
0.060136 -0.025282 0.716488 238 236 225
0.055309 -0.025782 0.718190 238 236 225
0.050712 -0.026734 0.719922 238 236 226
0.046450 -0.028302 0.721692 236 234 224
0.041540 -0.028757 0.723409 236 236 226
0.037900 -0.031440 0.725238 241 240 232
0.286202 0.070952 0.624653 111 76 58
0.286394 0.052095 0.628955 124 90 70
0.285617 0.037910 0.632496 131 94 75
0.284420 0.025901 0.635673 129 97 82
0.281725 0.020223 0.637879 46 35 31
0.278413 0.017081 0.639702 52 55 52
0.274586 0.015947 0.641231 78 81 80
0.269408 0.019838 0.642043 77 74 75
0.134006 -0.052564 0.703596 83 90 82
0.129557 -0.052894 0.705145 49 57 51
0.125278 -0.053623 0.706729 67 59 53
0.120058 -0.052454 0.708185 160 131 113
0.114515 -0.050713 0.709615 185 151 129
0.108369 -0.047858 0.710988 184 149 126
0.101887 -0.044464 0.712346 189 153 130
0.095145 -0.040693 0.713703 193 159 135
0.088112 -0.036505 0.715060 199 164 141
0.080986 -0.032289 0.716442 199 174 155
0.074441 -0.029319 0.717919 238 233 222
0.069040 -0.028594 0.719538 237 236 225
0.064571 -0.029648 0.721260 239 236 228
0.060234 -0.030967 0.723000 243 240 232
0.055910 -0.032330 0.724746 243 242 232
0.051553 -0.033654 0.726494 241 240 232
0.047882 -0.036198 0.728297 243 242 235
0.043451 -0.037417 0.730045 245 243 235
0.040094 -0.040496 0.731869 243 242 235
0.033588 -0.038223 0.733495 246 243 235
0.286021 0.060837 0.632079 123 89 69
0.285098 0.047001 0.635520 128 91 72
0.283982 0.034422 0.638742 135 98 80
0.282270 0.024634 0.641529 140 103 86
0.279794 0.018137 0.643826 119 89 75
0.276931 0.013301 0.645877 41 29 26
0.273690 0.009995 0.647707 49 46 44
0.269776 0.009229 0.649186 74 77 74
0.265833 0.008524 0.650661 75 82 79
0.149284 -0.052075 0.703269 84 85 80
0.145238 -0.053131 0.704857 58 56 55
0.140976 -0.053741 0.706418 52 45 38
0.136190 -0.053271 0.707908 84 67 53
0.131320 -0.052684 0.709400 160 123 100
0.126013 -0.051251 0.710846 178 137 114
0.120306 -0.049083 0.712259 179 141 118
0.114395 -0.046606 0.713670 185 147 124
0.108156 -0.043580 0.715067 187 151 128
0.101628 -0.040108 0.716458 194 158 135
0.094892 -0.036364 0.717858 195 160 136
0.088367 -0.033169 0.719311 207 185 165
0.082300 -0.030977 0.720839 233 228 217
0.077238 -0.030788 0.722485 237 236 225
0.072818 -0.031853 0.724201 240 239 229
0.068740 -0.033574 0.725951 245 242 234
0.064549 -0.035098 0.727695 245 245 236
0.060611 -0.037095 0.729461 246 245 236
0.056670 -0.039089 0.731227 245 245 236
0.052429 -0.040557 0.732975 246 247 238
0.048967 -0.043398 0.734773 243 242 235
0.044447 -0.044403 0.736508 243 242 235
0.040646 -0.046657 0.738287 243 242 235
0.285705 0.069465 0.635300 117 84 67
0.285106 0.054021 0.638921 125 91 72
0.283867 0.041737 0.642057 136 101 83
0.282149 0.031785 0.644838 137 99 82
0.280250 0.022852 0.647455 136 98 81
0.277805 0.016301 0.649728 140 102 85
0.275140 0.010754 0.651852 131 96 82
0.272098 0.006747 0.653763 58 40 32
0.268873 0.003483 0.655571 31 26 28
0.265178 0.001955 0.657152 48 47 47
0.261608 -0.000031 0.658793 74 76 73
0.257583 -0.000440 0.660237 81 83 84
0.163126 -0.038366 0.700415 84 88 82
0.161352 -0.044715 0.702418 63 73 66
0.159716 -0.051267 0.704419 47 49 45
0.154930 -0.050561 0.705873 44 37 35
0.151037 -0.051922 0.707484 68 51 42
0.146670 -0.052255 0.709027 146 111 91
0.141883 -0.051718 0.710518 168 125 102
0.136977 -0.050989 0.712008 165 122 99
0.131540 -0.049202 0.713442 166 123 99
0.125965 -0.047225 0.714880 176 135 109
0.120030 -0.044604 0.716296 181 143 118
0.113938 -0.041778 0.717721 186 149 126
0.107781 -0.038941 0.719164 192 155 131
0.101494 -0.035968 0.720621 196 161 137
0.095375 -0.033448 0.722122 213 193 175
0.089833 -0.032164 0.723703 227 224 212
0.085041 -0.032403 0.725368 234 230 219
0.080769 -0.033675 0.727087 236 234 224
0.076841 -0.035611 0.728837 240 239 230
0.072976 -0.037670 0.730593 243 242 235
0.069030 -0.039581 0.732344 245 245 236
0.065146 -0.041612 0.734101 246 245 238
0.061317 -0.043741 0.735861 245 247 238
0.057350 -0.045627 0.737613 246 247 241
0.053308 -0.047389 0.739363 246 247 241
0.049203 -0.049051 0.741112 245 245 238
0.044900 -0.050383 0.742855 237 239 230
0.285967 0.075731 0.638924 68 51 49
0.285282 0.060427 0.642466 119 91 75
0.283972 0.048245 0.645546 130 95 77
0.282106 0.038717 0.648240 137 100 82
0.280080 0.030120 0.650788 137 99 80
0.277891 0.022410 0.653198 136 98 79
0.275645 0.015133 0.655534 137 98 78
0.272958 0.009707 0.657619 139 98 78
0.270125 0.004951 0.659610 142 105 85
0.267101 0.000984 0.661494 109 85 71
0.263822 -0.002004 0.663253 45 31 26
0.260447 -0.004619 0.664964 32 29 28
0.257084 -0.007257 0.666675 28 31 31
0.253562 -0.009335 0.668320 36 42 42
0.249719 -0.010343 0.669842 60 65 62
0.245678 -0.010742 0.671299 71 77 75
0.195609 -0.038022 0.694188 87 90 88
0.191995 -0.039882 0.695817 83 85 83
0.188079 -0.040976 0.697382 77 78 75
0.184379 -0.042639 0.698997 71 74 68
0.180517 -0.043911 0.700583 46 51 44
0.176549 -0.044944 0.702152 40 39 35
0.172639 -0.046142 0.703738 37 34 28
0.168657 -0.047192 0.705317 51 37 28
0.164818 -0.048602 0.706924 102 73 61
0.160683 -0.049345 0.708488 153 118 103
0.156274 -0.049498 0.710017 168 129 103
0.151480 -0.048833 0.711500 167 123 100
0.146797 -0.048485 0.713013 165 122 97
0.141837 -0.047593 0.714503 165 122 97
0.136827 -0.046667 0.716003 165 122 97
0.131376 -0.044875 0.717465 167 123 99
0.125756 -0.042826 0.718928 173 132 107
0.119797 -0.040175 0.720377 181 144 119
0.113821 -0.037607 0.721849 186 149 127
0.108007 -0.035484 0.723362 184 148 125
0.102357 -0.033792 0.724913 218 203 188
0.097400 -0.033564 0.726546 230 224 212
0.092807 -0.034106 0.728221 231 229 217
0.088613 -0.035456 0.729936 236 234 223
0.084605 -0.037179 0.731669 239 239 228
0.080705 -0.039115 0.733411 243 242 232
0.076867 -0.041171 0.735158 243 242 236
0.073083 -0.043328 0.736909 245 247 240
0.069335 -0.045550 0.738661 246 247 242
0.065470 -0.047561 0.740407 250 249 241
0.061485 -0.049358 0.742148 248 249 242
0.057580 -0.051306 0.743894 247 249 242
0.053220 -0.052466 0.745624 245 245 236
0.048273 -0.052639 0.747341 226 227 219
0.286524 0.080799 0.642761 46 33 34
0.285727 0.065778 0.646207 53 49 42
0.284151 0.054536 0.649121 106 86 68
0.282344 0.044598 0.651838 124 91 71
0.280240 0.036162 0.654340 134 98 80
0.277971 0.028623 0.656709 138 100 81
0.275577 0.021775 0.658975 136 98 78
0.273181 0.015116 0.661202 137 98 79
0.270629 0.009209 0.663323 137 98 77
0.267781 0.004524 0.665287 139 99 78
0.264673 0.000867 0.667122 140 100 77
0.261520 -0.002572 0.668928 143 104 82
0.258270 -0.005625 0.670685 137 100 82
0.254971 -0.008477 0.672415 113 83 67
0.251663 -0.011264 0.674136 64 53 43
0.248488 -0.014463 0.675898 36 26 20
0.244804 -0.015979 0.677479 34 23 22
0.240762 -0.016374 0.678945 31 28 25
0.236941 -0.017509 0.680492 30 29 23
0.233293 -0.019205 0.682098 33 32 28
0.229897 -0.021669 0.683781 38 38 32
0.226536 -0.024225 0.685471 38 39 34
0.223264 -0.027022 0.687181 36 39 35
0.219822 -0.029303 0.688841 37 41 36
0.216125 -0.030854 0.690433 34 37 34
0.212625 -0.032967 0.692077 34 36 33
0.208987 -0.034694 0.693686 34 34 28
0.205358 -0.036456 0.695300 32 28 23
0.201709 -0.038170 0.696910 35 29 25
0.198108 -0.040018 0.698533 37 28 25
0.194188 -0.041042 0.700090 40 28 23
0.190078 -0.041608 0.701616 54 35 26
0.185977 -0.042236 0.703152 80 62 53
0.181855 -0.042849 0.704692 126 95 80
0.177722 -0.043474 0.706238 158 119 98
0.173594 -0.044152 0.707793 162 120 96
0.169421 -0.044755 0.709348 158 117 92
0.165137 -0.045138 0.710894 160 118 93
0.160707 -0.045224 0.712428 163 120 95
0.156169 -0.045113 0.713958 166 121 97
0.151465 -0.044684 0.715476 166 123 98
0.146520 -0.043782 0.716978 167 122 98
0.141374 -0.042516 0.718471 166 121 97
0.136116 -0.041089 0.719968 166 122 97
0.130677 -0.039366 0.721465 167 123 99
0.125124 -0.037496 0.722970 172 130 105
0.119630 -0.035849 0.724501 179 141 118
0.114448 -0.034940 0.726082 182 146 125
0.109683 -0.034954 0.727716 215 208 198
0.105237 -0.035664 0.729387 225 224 213
0.100977 -0.036777 0.731079 231 229 219
0.096826 -0.038130 0.732785 235 233 221
0.092769 -0.039680 0.734501 237 236 225
0.088698 -0.041219 0.736218 243 242 232
0.084714 -0.042938 0.737944 246 245 236
0.080840 -0.044870 0.739678 246 247 238
0.077037 -0.046937 0.741416 247 249 242
0.073331 -0.049184 0.743158 252 253 247
0.069599 -0.051380 0.744899 251 253 246
0.065617 -0.053127 0.746630 248 249 242
0.061583 -0.054792 0.748362 241 245 238
0.056394 -0.054451 0.750066 233 236 228
0.050341 -0.052676 0.751761 205 198 192
0.286364 0.070379 0.650086 60 54 52
0.284844 0.058748 0.653009 52 46 44
0.282827 0.049550 0.655601 77 59 50
0.280555 0.041663 0.658011 128 95 75
0.278252 0.034127 0.660360 125 90 70
0.275697 0.027777 0.662550 133 95 76
0.273082 0.021821 0.664680 138 99 78
0.270545 0.015721 0.666813 137 98 77
0.267844 0.010371 0.668848 137 99 79
0.264948 0.005845 0.670780 140 100 78
0.261957 0.001748 0.672657 140 100 78
0.258842 -0.001845 0.674472 140 100 78
0.255584 -0.004892 0.676224 140 102 79
0.252331 -0.007919 0.677970 142 104 81
0.249061 -0.010856 0.679704 142 104 81
0.245806 -0.013807 0.681435 143 105 83
0.242066 -0.015178 0.683008 150 111 89
0.238274 -0.016407 0.684569 152 117 97
0.234571 -0.017934 0.686161 149 112 90
0.231006 -0.019895 0.687796 146 110 90
0.227570 -0.022245 0.689465 138 104 85
0.224234 -0.024875 0.691159 140 104 87
0.220783 -0.027153 0.692819 136 100 83
0.217076 -0.028692 0.694415 138 102 85
0.213445 -0.030457 0.696031 142 104 87
0.209862 -0.032363 0.697660 142 104 87
0.206411 -0.034630 0.699318 150 112 92
0.202609 -0.035944 0.700900 152 113 92
0.198787 -0.037226 0.702483 154 112 90
0.194866 -0.038272 0.704051 155 112 91
0.190722 -0.038769 0.705583 152 109 87
0.186592 -0.039344 0.707126 154 111 89
0.182385 -0.039765 0.708665 155 112 88
0.178161 -0.040191 0.710209 155 112 87
0.173890 -0.040545 0.711756 156 113 88
0.169490 -0.040633 0.713292 159 116 91
0.164901 -0.040330 0.714812 163 118 94
0.160281 -0.040015 0.716341 164 119 95
0.155605 -0.039636 0.717876 165 121 95
0.150747 -0.038905 0.719401 168 123 98
0.145835 -0.038126 0.720935 167 122 98
0.140725 -0.036983 0.722462 166 121 97
0.135506 -0.035684 0.723994 167 122 98
0.130204 -0.034293 0.725536 169 124 100
0.125071 -0.033351 0.727113 168 128 103
0.120389 -0.033434 0.728745 167 142 122
0.116355 -0.034910 0.730441 209 206 194
0.112726 -0.037231 0.732171 223 222 214
0.109070 -0.039494 0.733899 230 228 218
0.105174 -0.041271 0.735609 232 230 220
0.101144 -0.042791 0.737313 236 236 225
0.097050 -0.044202 0.739016 236 236 225
0.092939 -0.045594 0.740721 241 240 232
0.088963 -0.047261 0.742436 243 245 236
0.084986 -0.048938 0.744154 251 251 246
0.081118 -0.050825 0.745877 253 253 250
0.077359 -0.052918 0.747606 253 253 250
0.073749 -0.055282 0.749338 251 253 246
0.069502 -0.056496 0.751054 239 242 236
0.063788 -0.055130 0.752743 232 233 226
0.057926 -0.053585 0.754446 204 201 191
0.286944 0.075293 0.653966 26 18 19
0.285733 0.062189 0.657022 58 52 52
0.283669 0.053076 0.659573 51 47 45
0.281323 0.045389 0.661935 43 36 31
0.278827 0.038523 0.664184 100 76 65
0.276113 0.032700 0.666299 124 91 72
0.273443 0.026846 0.668405 129 92 72
0.270743 0.021251 0.670469 134 95 74
0.267954 0.016115 0.672472 136 97 76
0.265065 0.011458 0.674413 138 99 78
0.262079 0.007240 0.676300 139 101 78
0.258961 0.003565 0.678123 139 101 78
0.255764 0.000221 0.679908 141 103 80
0.252525 -0.002933 0.681669 142 104 81
0.249368 -0.006325 0.683449 143 105 82
0.246063 -0.009180 0.685173 143 105 82
0.242524 -0.011259 0.686821 142 104 81
0.238942 -0.013195 0.688457 142 104 81
0.235233 -0.014738 0.690057 144 104 82
0.231557 -0.016400 0.691669 145 104 82
0.228045 -0.018562 0.693326 143 102 80
0.224601 -0.020924 0.694999 142 101 80
0.221086 -0.023066 0.696652 142 101 80
0.217506 -0.025015 0.698289 142 102 80
0.213912 -0.026926 0.699923 142 102 79
0.210231 -0.028600 0.701540 143 103 79
0.206604 -0.030429 0.703169 145 104 80
0.202700 -0.031513 0.704745 145 105 81
0.198786 -0.032601 0.706325 149 106 83
0.194756 -0.033406 0.707889 148 108 85
0.190621 -0.033977 0.709441 149 109 85
0.186466 -0.034536 0.710999 153 110 85
0.182163 -0.034763 0.712541 154 111 88
0.177794 -0.034877 0.714084 156 112 88
0.173435 -0.035069 0.715638 157 112 88
0.168985 -0.035092 0.717190 160 115 91
0.164457 -0.034983 0.718743 163 118 94
0.159717 -0.034435 0.720282 163 120 95
0.154882 -0.033737 0.721823 166 121 97
0.150073 -0.033171 0.723381 167 122 98
0.145195 -0.032519 0.724946 167 122 98
0.140233 -0.031750 0.726518 166 121 97
0.135115 -0.030712 0.728089 169 123 100
0.130031 -0.029829 0.729679 169 126 101
0.125351 -0.029885 0.731318 166 125 102
0.121381 -0.031494 0.733023 169 150 138
0.118299 -0.034966 0.734793 179 173 161
0.115195 -0.038359 0.736555 193 192 181
0.112120 -0.041778 0.738312 212 211 201
0.108666 -0.044402 0.740041 224 224 213
0.105060 -0.046711 0.741759 231 232 220
0.101119 -0.048359 0.743461 233 232 224
0.097014 -0.049699 0.745158 237 236 228
0.093093 -0.051410 0.746866 243 245 236
0.089147 -0.053081 0.748575 251 251 246
0.085165 -0.054696 0.750284 251 251 248
0.081334 -0.056600 0.751999 241 242 238
0.077178 -0.057916 0.753709 248 249 244
0.073458 -0.060034 0.755429 221 220 214
0.065726 -0.055005 0.757107 198 192 185
0.287074 0.082237 0.657650 50 37 39
0.286609 0.065726 0.661051 33 26 28
0.284662 0.056010 0.663638 52 44 41
0.282362 0.048049 0.666005 52 45 41
0.279815 0.041317 0.668218 46 40 36
0.276989 0.035865 0.670278 38 31 26
0.274079 0.030871 0.672277 100 79 69
0.271263 0.025630 0.674292 129 96 78
0.268356 0.020847 0.676249 133 94 73
0.265393 0.016369 0.678166 137 98 77
0.262387 0.012134 0.680050 139 101 78
0.259270 0.008373 0.681880 140 102 79
0.256107 0.004831 0.683684 141 103 80
0.252900 0.001494 0.685463 142 104 81
0.249601 -0.001491 0.687204 143 104 83
0.246140 -0.003911 0.688892 143 105 82
0.242658 -0.006246 0.690571 142 104 82
0.239072 -0.008239 0.692219 143 103 81
0.235353 -0.009815 0.693832 144 104 82
0.231572 -0.011215 0.695432 144 103 81
0.228050 -0.013421 0.697099 142 102 80
0.224541 -0.015657 0.698768 144 102 80
0.220921 -0.017562 0.700410 144 101 80
0.217360 -0.019639 0.702066 143 102 80
0.213790 -0.021688 0.703720 144 102 80
0.210186 -0.023641 0.705366 145 102 81
0.206472 -0.025289 0.706992 146 103 80
0.202568 -0.026433 0.708585 146 106 82
0.198660 -0.027592 0.710182 148 105 82
0.194622 -0.028431 0.711762 150 107 84
0.190455 -0.028970 0.713329 151 108 85
0.186197 -0.029316 0.714890 153 110 86
0.181813 -0.029391 0.716441 155 110 86
0.177403 -0.029454 0.718000 155 112 88
0.173013 -0.029624 0.719572 156 112 89
0.168460 -0.029449 0.721134 159 114 90
0.163971 -0.029488 0.722716 162 117 93
0.159290 -0.029127 0.724286 163 120 95
0.154659 -0.028950 0.725875 166 121 97
0.149929 -0.028601 0.727466 168 123 99
0.145032 -0.027942 0.729053 167 122 98
0.140067 -0.027199 0.730648 166 121 97
0.135009 -0.026325 0.732250 169 123 100
0.130029 -0.025699 0.733873 168 125 102
0.125533 -0.026183 0.735545 162 123 99
0.121789 -0.028304 0.737273 159 139 127
0.118881 -0.032177 0.739052 159 146 136
0.116382 -0.036851 0.740845 163 151 139
0.113603 -0.040890 0.742611 170 162 149
0.110614 -0.044456 0.744358 184 179 168
0.107414 -0.047566 0.746090 199 198 186
0.103879 -0.049988 0.747804 213 214 202
0.100124 -0.051975 0.749510 221 224 213
0.096303 -0.053839 0.751215 226 227 219
0.092370 -0.055493 0.752919 227 228 220
0.088534 -0.057340 0.754626 225 227 218
0.084613 -0.059034 0.756333 214 214 205
0.080672 -0.060702 0.758041 199 195 186
0.074148 -0.057700 0.759740 188 184 178
0.286640 0.091772 0.661109 96 80 82
0.287018 0.071322 0.664881 68 55 57
0.285510 0.059591 0.667654 60 49 47
0.283282 0.051233 0.670038 40 31 29
0.280765 0.044293 0.672253 50 47 45
0.278021 0.038450 0.674339 42 39 37
0.275088 0.033488 0.676323 40 37 36
0.272079 0.028928 0.678258 41 39 36
0.269020 0.024650 0.680156 70 57 47
0.265904 0.020665 0.682018 124 97 75
0.262750 0.016890 0.683854 132 99 77
0.259547 0.013351 0.685662 136 98 78
0.256304 0.010004 0.687448 139 101 80
0.253033 0.006799 0.689216 141 102 81
0.249701 0.003843 0.690958 142 103 82
0.246195 0.001496 0.692646 143 103 81
0.242558 -0.000415 0.694296 143 103 81
0.238939 -0.002384 0.695951 143 103 81
0.235244 -0.004118 0.697588 143 103 81
0.231518 -0.005762 0.699219 144 103 81
0.227883 -0.007698 0.700873 143 102 81
0.224272 -0.009706 0.702533 142 101 81
0.220703 -0.011841 0.704202 144 101 80
0.217109 -0.013898 0.705866 144 101 80
0.213519 -0.015965 0.707529 144 101 80
0.209853 -0.017817 0.709179 144 102 79
0.206113 -0.019468 0.710816 146 103 80
0.202184 -0.020613 0.712423 145 105 81
0.198216 -0.021678 0.714029 146 106 82
0.194095 -0.022363 0.715617 148 107 83
0.189806 -0.022648 0.717187 151 108 85
0.185437 -0.022778 0.718756 152 109 84
0.181163 -0.023201 0.720347 152 109 86
0.176838 -0.023543 0.721941 154 111 88
0.172497 -0.023893 0.723542 155 112 89
0.168134 -0.024238 0.725150 158 114 91
0.163715 -0.024494 0.726761 162 117 95
0.159117 -0.024373 0.728363 164 119 95
0.154571 -0.024432 0.729981 166 121 97
0.149922 -0.024310 0.731601 168 123 99
0.145072 -0.023787 0.733215 167 122 98
0.140147 -0.023163 0.734837 165 121 97
0.135137 -0.022420 0.736466 168 124 100
0.130172 -0.021852 0.738112 170 126 104
0.125623 -0.022251 0.739796 154 114 93
0.121684 -0.023995 0.741521 156 135 125
0.118485 -0.027308 0.743284 154 138 128
0.116108 -0.032299 0.745078 155 140 129
0.113783 -0.037327 0.746860 157 146 136
0.110967 -0.041285 0.748611 158 147 137
0.107975 -0.044844 0.750348 165 154 144
0.104725 -0.047855 0.752072 172 165 153
0.101255 -0.050415 0.753788 182 176 165
0.097688 -0.052776 0.755499 186 181 170
0.094126 -0.055138 0.757209 185 178 168
0.090495 -0.057364 0.758918 184 176 166
0.085810 -0.057622 0.760623 184 174 166
0.080186 -0.056194 0.762338 189 181 178
0.286742 0.079977 0.668440 95 79 82
0.286039 0.064577 0.671554 101 89 88
0.284124 0.054777 0.674058 62 47 49
0.281686 0.047424 0.676294 49 46 44
0.279014 0.041215 0.678400 30 29 25
0.276112 0.036073 0.680390 30 29 29
0.272971 0.031972 0.682272 37 38 36
0.269841 0.027905 0.684143 41 44 42
0.266596 0.024339 0.685962 42 43 41
0.263316 0.020959 0.687759 44 39 40
0.260021 0.017682 0.689543 75 62 54
0.256686 0.014588 0.691306 105 81 65
0.253360 0.011501 0.693065 129 95 76
0.249917 0.008847 0.694785 142 103 83
0.246467 0.006237 0.696499 143 103 81
0.242831 0.004261 0.698162 143 103 81
0.239217 0.002211 0.699831 143 103 81
0.235543 0.000351 0.701485 145 102 79
0.231839 -0.001418 0.703134 143 102 81
0.228139 -0.003209 0.704785 142 101 81
0.224436 -0.004998 0.706437 141 101 80
0.220779 -0.006934 0.708100 141 100 79
0.217088 -0.008770 0.709756 143 99 79
0.213383 -0.010573 0.711411 144 101 80
0.209611 -0.012190 0.713056 144 102 80
0.205812 -0.013746 0.714699 143 103 79
0.201865 -0.014908 0.716321 145 102 79
0.197834 -0.015869 0.717936 146 103 79
0.193647 -0.016445 0.719534 146 105 79
0.189432 -0.016988 0.721137 147 107 83
0.185234 -0.017620 0.722750 149 107 83
0.181016 -0.018239 0.724368 151 108 84
0.176744 -0.018763 0.725987 153 110 87
0.172468 -0.019320 0.727614 155 112 89
0.168148 -0.019810 0.729245 157 113 93
0.163745 -0.020144 0.730875 160 118 99
0.159188 -0.020156 0.732501 169 129 116
0.154656 -0.020284 0.734140 169 144 133
0.150054 -0.020302 0.735782 167 122 98
0.145236 -0.019881 0.737420 167 122 98
0.140315 -0.019291 0.739064 165 120 97
0.135325 -0.018618 0.740717 166 121 97
0.130295 -0.017928 0.742381 165 122 99
0.125606 -0.018053 0.744074 151 112 91
0.121346 -0.019149 0.745796 158 131 119
0.117317 -0.020761 0.747531 153 131 120
0.114006 -0.023888 0.749292 124 104 94
0.111408 -0.028460 0.751067 89 90 99
0.108900 -0.033154 0.752834 131 122 115
0.106345 -0.037690 0.754587 152 140 128
0.103476 -0.041542 0.756326 160 146 134
0.100347 -0.044841 0.758054 159 148 138
0.096865 -0.047424 0.759775 165 152 142
0.092487 -0.048277 0.761493 172 154 145
0.088835 -0.050536 0.763214 185 157 146
0.286391 0.089092 0.672032 74 53 55
0.286281 0.070865 0.675368 101 91 92
0.284717 0.059415 0.678001 92 81 83
0.282446 0.051255 0.680292 71 67 68
0.279875 0.044545 0.682429 46 45 45
0.277023 0.039132 0.684432 41 39 42
0.273893 0.034931 0.686316 22 17 20
0.270694 0.031072 0.688162 19 15 19
0.267396 0.027654 0.689965 19 17 19
0.264048 0.024467 0.691744 22 18 22
0.260686 0.021372 0.693511 28 26 25
0.257235 0.018632 0.695245 33 31 32
0.253799 0.015863 0.696980 42 37 37
0.250417 0.012939 0.698724 84 66 52
0.246900 0.010494 0.700428 143 103 81
0.243226 0.008587 0.702093 142 102 80
0.239623 0.006440 0.703775 143 103 81
0.235995 0.004380 0.705450 142 102 80
0.232309 0.002503 0.707113 142 101 81
0.228550 0.000845 0.708763 142 102 81
0.224738 -0.000660 0.710404 141 100 80
0.221018 -0.002462 0.712066 141 100 80
0.217230 -0.004066 0.713717 140 100 79
0.213402 -0.005573 0.715363 141 101 80
0.209576 -0.007097 0.717013 142 102 80
0.205767 -0.008686 0.718668 143 103 81
0.201837 -0.009954 0.720309 143 103 82
0.197782 -0.010905 0.721937 143 104 82
0.193723 -0.011873 0.723570 145 106 83
0.189557 -0.012593 0.725196 143 106 87
0.185399 -0.013371 0.726830 140 104 85
0.181226 -0.014146 0.728468 138 103 87
0.176969 -0.014746 0.730106 128 99 85
0.172672 -0.015286 0.731746 98 83 82
0.168286 -0.015649 0.733387 93 87 96
0.163879 -0.016010 0.735035 86 78 92
0.159398 -0.016237 0.736685 90 83 97
0.154863 -0.016390 0.738341 121 109 115
0.150301 -0.016529 0.740004 164 120 96
0.145528 -0.016236 0.741665 167 122 98
0.140619 -0.015696 0.743330 165 120 96
0.135610 -0.015002 0.745004 164 119 95
0.130518 -0.014197 0.746686 160 120 96
0.125677 -0.014015 0.748392 151 109 88
0.121054 -0.014364 0.750115 143 105 87
0.116389 -0.014668 0.751845 144 105 89
0.111526 -0.014602 0.753580 138 111 101
0.106169 -0.013567 0.755316 182 180 169
0.100420 -0.011807 0.757062 122 112 100
0.094284 -0.009360 0.758823 147 132 117
0.088211 -0.007154 0.760605 157 142 124
0.082812 -0.006386 0.762405 130 118 108
0.081302 -0.013275 0.764193 172 153 146
0.286135 0.097929 0.675732 81 57 57
0.286292 0.078244 0.679136 71 46 52
0.285136 0.064852 0.681908 106 95 99
0.282989 0.056034 0.684236 93 90 93
0.280523 0.048785 0.686403 94 101 100
0.277761 0.042918 0.688433 71 73 75
0.274726 0.038272 0.690349 51 46 49
0.271531 0.034339 0.692197 22 17 20
0.268177 0.031072 0.693985 19 14 19
0.264739 0.028164 0.695740 22 15 19
0.261291 0.025325 0.697487 23 16 20
0.257774 0.022760 0.699211 28 22 25
0.254287 0.020106 0.700940 32 25 25
0.250884 0.017186 0.702685 33 25 25
0.247406 0.014551 0.704407 142 104 83
0.243724 0.012616 0.706080 144 100 81
0.240051 0.010647 0.707755 142 102 80
0.236386 0.008648 0.709433 142 102 80
0.232785 0.006445 0.711123 144 102 84
0.228956 0.004959 0.712770 145 110 104
0.224933 0.004049 0.714386 129 104 103
0.221165 0.002335 0.716052 112 89 87
0.217337 0.000787 0.717709 109 88 85
0.213473 -0.000670 0.719364 95 79 72
0.209627 -0.002199 0.721024 90 74 65
0.205842 -0.003915 0.722696 84 68 58
0.201876 -0.005134 0.724346 73 57 51
0.197890 -0.006327 0.725998 65 57 50
0.193893 -0.007513 0.727653 62 56 49
0.189805 -0.008484 0.729303 61 57 54
0.185739 -0.009543 0.730961 47 48 57
0.181595 -0.010430 0.732617 50 53 63
0.177335 -0.011054 0.734268 52 57 71
0.173007 -0.011546 0.735921 63 71 87
0.168573 -0.011821 0.737574 70 77 95
0.164141 -0.012150 0.739236 80 85 102
0.159695 -0.012494 0.740906 91 89 105
0.155148 -0.012646 0.742578 109 95 110
0.150619 -0.012892 0.744261 168 123 102
0.145867 -0.012669 0.745942 167 121 97
0.140976 -0.012194 0.747628 164 119 95
0.135940 -0.011457 0.749321 160 116 92
0.130780 -0.010521 0.751024 155 112 90
0.125777 -0.010007 0.752744 149 107 87
0.120870 -0.009771 0.754479 145 106 85
0.115965 -0.009599 0.756224 146 107 88
0.110863 -0.009071 0.757977 140 112 101
0.105211 -0.007461 0.759740 196 186 174
0.098857 -0.004501 0.761519 106 99 77
0.092141 -0.000931 0.763322 145 128 98
0.084736 0.003882 0.765156 160 145 117
0.076947 0.009284 0.767026 159 149 140
0.067570 0.017614 0.768955 178 160 154
0.060321 0.021567 0.770884 171 133 124
0.286060 0.106093 0.679571 100 69 70
0.286184 0.086254 0.682913 71 47 51
0.285356 0.071218 0.685782 67 46 46
0.283426 0.061321 0.688176 70 61 63
0.281053 0.053562 0.690366 104 112 110
0.278291 0.047590 0.692393 74 87 89
0.275359 0.042443 0.694342 87 84 84
0.272169 0.038412 0.696194 46 34 36
0.268777 0.035223 0.697975 35 28 32
0.265309 0.032360 0.699729 35 28 31
0.261823 0.029592 0.701473 34 26 28
0.258260 0.027124 0.703194 35 28 28
0.254744 0.024510 0.704923 36 26 28
0.251311 0.021624 0.706668 36 23 23
0.247830 0.018931 0.708397 122 90 73
0.244145 0.016945 0.710080 141 100 78
0.240457 0.014968 0.711763 143 99 80
0.236819 0.012826 0.713456 144 100 81
0.233180 0.010688 0.715148 140 98 81
0.229360 0.009121 0.716809 119 89 88
0.225319 0.008222 0.718437 83 79 87
0.221476 0.006684 0.720101 84 81 88
0.217621 0.005165 0.721766 86 84 86
0.213771 0.003614 0.723435 71 74 70
0.209861 0.002223 0.725099 75 79 66
0.205990 0.000701 0.726771 74 80 58
0.202082 -0.000735 0.728442 74 81 60
0.198106 -0.002003 0.730108 74 80 60
0.194203 -0.003492 0.731786 70 71 59
0.190243 -0.004847 0.733462 88 96 71
0.186201 -0.006004 0.735134 47 48 56
0.182098 -0.007028 0.736805 50 53 63
0.177826 -0.007647 0.738469 54 60 71
0.173500 -0.008174 0.740137 65 73 81
0.169047 -0.008426 0.741804 73 79 95
0.164526 -0.008561 0.743476 94 93 107
0.160030 -0.008812 0.745159 109 98 104
0.155438 -0.008882 0.746846 103 95 110
0.150847 -0.009012 0.748543 164 123 108
0.146102 -0.008833 0.750243 168 121 99
0.141213 -0.008386 0.751950 164 119 97
0.136155 -0.007623 0.753665 159 114 92
0.130944 -0.006594 0.755390 149 106 85
0.125856 -0.005920 0.757130 147 104 84
0.120775 -0.005333 0.758883 145 104 84
0.115691 -0.004809 0.760648 147 106 86
0.110562 -0.004258 0.762425 138 107 96
0.104948 -0.002760 0.764217 195 182 170
0.098700 -0.000041 0.766031 134 108 63
0.091807 0.003878 0.767877 156 140 115
0.084245 0.008993 0.769762 173 161 149
0.076439 0.014417 0.771683 171 161 154
0.067641 0.021607 0.773664 162 151 143
0.057830 0.030539 0.775718 169 134 124
0.044137 0.046666 0.777959 194 142 127
0.286258 0.093581 0.686818 70 48 49
0.285541 0.077821 0.689692 68 48 49
0.283825 0.066846 0.692141 63 47 48
0.281510 0.058704 0.694341 39 44 49
0.278802 0.052398 0.696381 46 55 59
0.275990 0.046672 0.698364 90 92 91
0.272813 0.042509 0.700221 45 35 35
0.269389 0.039374 0.701999 41 32 35
0.265876 0.036612 0.703748 40 29 34
0.262342 0.033953 0.705488 38 28 31
0.258766 0.031470 0.707214 37 26 28
0.255266 0.028729 0.708954 38 26 26
0.251836 0.025768 0.710705 33 21 22
0.248302 0.023196 0.712430 91 65 59
0.244628 0.021117 0.714126 141 97 78
0.240923 0.019138 0.715815 142 98 79
0.237316 0.016838 0.717522 143 99 80
0.233755 0.014400 0.719235 139 97 80
0.229932 0.012797 0.720906 149 114 111
0.225914 0.011787 0.722550 81 81 88
0.222018 0.010374 0.724217 84 85 89
0.218130 0.008912 0.725888 83 84 87
0.214263 0.007368 0.727565 74 78 77
0.210375 0.005872 0.729242 68 72 69
0.206463 0.004428 0.730919 52 59 56
0.202516 0.003063 0.732596 49 57 54
0.198546 0.001739 0.734275 56 65 60
0.194653 0.000183 0.735964 53 60 62
0.190769 -0.001412 0.737655 42 49 54
0.186779 -0.002739 0.739342 77 78 66
0.182664 -0.003760 0.741024 78 81 65
0.178372 -0.004356 0.742700 78 84 66
0.174025 -0.004854 0.744380 88 91 70
0.169533 -0.005032 0.746061 106 100 93
0.164946 -0.005028 0.747746 158 140 120
0.160419 -0.005229 0.749444 139 116 97
0.155806 -0.005276 0.751147 143 131 134
0.151182 -0.005351 0.752859 162 123 110
0.146418 -0.005154 0.754578 164 119 97
0.141526 -0.004724 0.756305 164 119 97
0.136463 -0.003970 0.758041 158 113 91
0.131247 -0.002950 0.759789 149 105 84
0.126115 -0.002199 0.761551 146 103 82
0.120892 -0.001323 0.763326 144 103 83
0.115658 -0.000500 0.765114 145 103 83
0.110472 0.000142 0.766913 135 102 89
0.104864 0.001602 0.768732 167 146 136
0.098554 0.004434 0.770583 146 82 59
0.091705 0.008246 0.772469 179 160 150
0.084280 0.013080 0.774397 173 163 154
0.076204 0.019044 0.776378 167 160 153
0.067212 0.026620 0.778428 155 147 138
0.057092 0.036162 0.780566 176 144 136
0.044934 0.049358 0.782849 193 144 132
0.286446 0.100511 0.690817 71 53 53
0.285832 0.084062 0.693686 68 48 49
0.284139 0.072804 0.696121 65 48 48
0.281897 0.064209 0.698333 43 49 52
0.279258 0.057493 0.700389 37 43 48
0.276548 0.051247 0.702396 43 39 43
0.273403 0.046871 0.704264 49 40 43
0.269993 0.043607 0.706051 41 32 37
0.266454 0.040875 0.707801 41 31 35
0.262882 0.038291 0.709539 39 29 31
0.259297 0.035773 0.711271 38 26 28
0.255795 0.032975 0.713018 38 26 26
0.252354 0.029986 0.714772 34 22 22
0.248774 0.027512 0.716496 61 41 39
0.245074 0.025457 0.718196 138 97 79
0.241382 0.023377 0.719898 141 98 78
0.237816 0.020884 0.721619 142 98 79
0.234328 0.018155 0.723350 141 98 80
0.230601 0.016205 0.725043 167 133 130
0.226501 0.015414 0.726689 86 88 94
0.222573 0.014058 0.728362 94 97 100
0.218690 0.012541 0.730044 89 94 96
0.214830 0.010938 0.731731 86 89 86
0.210935 0.009423 0.733417 80 79 69
0.207047 0.007871 0.735106 80 84 70
0.203051 0.006611 0.736789 62 65 54
0.199051 0.005334 0.738475 89 87 59
0.195196 0.003638 0.740176 52 59 63
0.191319 0.001986 0.741877 45 52 57
0.187304 0.000693 0.743572 74 76 62
0.183191 -0.000365 0.745265 86 90 85
0.178899 -0.000986 0.746955 83 86 85
0.174534 -0.001463 0.748649 65 68 72
0.170052 -0.001691 0.750345 122 116 100
0.165447 -0.001666 0.752047 111 85 58
0.160847 -0.001712 0.753758 106 75 51
0.156191 -0.001678 0.755477 154 134 124
0.151568 -0.001783 0.757206 160 119 98
0.146795 -0.001589 0.758943 164 119 99
0.141884 -0.001136 0.760689 164 119 99
0.136830 -0.000424 0.762447 157 112 91
0.131601 0.000609 0.764218 149 104 84
0.126372 0.001558 0.766003 145 102 82
0.121000 0.002740 0.767802 145 101 82
0.115613 0.003869 0.769616 144 100 81
0.110289 0.004779 0.771442 143 104 88
0.104674 0.006226 0.773290 176 156 144
0.098395 0.008972 0.775174 162 129 119
0.091532 0.012798 0.777102 179 163 154
0.084177 0.017479 0.779074 173 162 154
0.076091 0.023461 0.781108 155 148 141
0.067006 0.031229 0.783226 175 166 157
0.056744 0.041066 0.785447 178 149 142
0.045341 0.052823 0.787782 193 143 133
0.286917 0.106275 0.694960 71 59 56
0.286199 0.090064 0.697750 68 49 50
0.284493 0.078679 0.700158 64 48 47
0.282225 0.070038 0.702349 46 52 54
0.279608 0.063095 0.704405 41 48 50
0.276928 0.056603 0.706416 48 45 49
0.273848 0.051864 0.708302 47 40 44
0.270495 0.048287 0.710110 42 34 39
0.266968 0.045434 0.711870 42 32 36
0.263388 0.042810 0.713615 41 29 32
0.259818 0.040166 0.715358 40 26 29
0.256322 0.037277 0.717113 40 26 28
0.252856 0.034307 0.718868 38 26 26
0.249268 0.031799 0.720598 51 35 34
0.245540 0.029782 0.722303 137 98 81
0.241883 0.027522 0.724019 139 97 77
0.238359 0.024834 0.725753 142 98 79
0.234961 0.021753 0.727500 143 99 81
0.231298 0.019555 0.729209 167 125 119
0.227175 0.018807 0.730864 74 90 83
0.223205 0.017542 0.732543 61 92 81
0.219303 0.016044 0.734232 67 91 84
0.215422 0.014465 0.735926 94 100 99
0.211484 0.013039 0.737618 81 79 79
0.207568 0.011529 0.739314 98 91 88
0.203576 0.010219 0.741008 117 104 97
0.199638 0.008734 0.742709 117 101 97
0.195823 0.006890 0.744420 65 67 70
0.191903 0.005325 0.746126 51 57 67
0.187882 0.004016 0.747831 80 101 120
0.183720 0.003059 0.749533 67 102 135
0.179437 0.002383 0.751236 67 82 104
0.175059 0.001914 0.752943 93 108 121
0.170536 0.001764 0.754655 129 124 113
0.165960 0.001694 0.756374 153 123 97
0.161325 0.001711 0.758101 169 130 107
0.156595 0.001902 0.759836 158 122 105
0.151895 0.001958 0.761582 160 118 97
0.147049 0.002299 0.763338 163 118 98
0.142098 0.002818 0.765105 162 117 96
0.137064 0.003459 0.766884 157 112 90
0.131867 0.004397 0.768678 150 105 83
0.126583 0.005446 0.770486 146 102 81
0.121116 0.006818 0.772313 149 106 85
0.115597 0.008213 0.774156 151 109 88
0.110184 0.009286 0.776010 153 115 96
0.104544 0.010760 0.777885 178 159 149
0.098266 0.013483 0.779805 165 147 139
0.091523 0.017046 0.781767 173 156 148
0.084323 0.021403 0.783777 154 143 135
0.076388 0.027085 0.785855 176 168 162
0.067298 0.034879 0.788035 173 163 155
0.056934 0.044945 0.790337 171 143 138
0.045559 0.056682 0.792756 192 145 137
0.287255 0.112724 0.699106 68 57 55
0.286505 0.096418 0.701842 71 52 53
0.284712 0.085221 0.704201 67 47 47
0.282557 0.075929 0.706410 47 54 56
0.279960 0.068766 0.708465 39 44 47
0.277258 0.062230 0.710465 50 44 50
0.274199 0.057293 0.712358 49 41 51
0.270916 0.053347 0.714186 42 34 41
0.267443 0.050199 0.715966 43 32 37
0.263880 0.047434 0.717722 41 29 32
0.260321 0.044677 0.719476 40 28 31
0.256846 0.041637 0.721240 40 28 29
0.253377 0.038613 0.723000 39 26 28
0.249764 0.036125 0.724733 44 31 32
0.246043 0.034023 0.726448 136 98 85
0.242401 0.031656 0.728174 139 97 76
0.238906 0.028809 0.729917 141 97 78
0.235553 0.025525 0.731672 141 97 79
0.231916 0.023191 0.733391 142 101 87
0.227836 0.022272 0.735064 74 90 83
0.223791 0.021205 0.736746 31 76 60
0.219848 0.019789 0.738441 36 72 57
0.215957 0.018201 0.740144 94 90 87
0.212006 0.016773 0.741844 107 89 84
0.208069 0.015282 0.743549 71 41 31
0.204067 0.013961 0.745253 109 75 60
0.200140 0.012404 0.746964 70 40 33
0.196319 0.010537 0.748682 115 100 95
0.192407 0.008910 0.750398 61 59 71
0.188303 0.007791 0.752110 27 54 86
0.184140 0.006801 0.753824 34 77 126
0.179897 0.005987 0.755542 29 76 130
0.175502 0.005533 0.757263 104 105 111
0.171015 0.005263 0.758991 149 114 94
0.166415 0.005228 0.760726 152 115 90
0.161711 0.005393 0.762471 158 114 93
0.156918 0.005712 0.764225 159 115 96
0.152111 0.005997 0.765990 160 117 96
0.147170 0.006535 0.767767 160 118 97
0.142199 0.007072 0.769556 160 117 95
0.137211 0.007575 0.771355 158 114 91
0.132062 0.008376 0.773171 154 109 87
0.126796 0.009364 0.775003 154 109 87
0.121274 0.010837 0.776858 155 112 91
0.115648 0.012446 0.778731 155 112 90
0.110178 0.013617 0.780612 158 117 99
0.104516 0.015112 0.782516 167 151 145
0.098217 0.017861 0.784471 153 136 128
0.091436 0.021491 0.786475 160 145 136
0.084222 0.025866 0.788529 178 166 158
0.076205 0.031710 0.790664 176 164 159
0.067159 0.039422 0.792906 157 146 140
0.056973 0.049152 0.795272 179 146 142
0.045323 0.061459 0.797800 187 143 138
0.287551 0.119462 0.703288 71 65 63
0.286834 0.102761 0.705988 61 43 44
0.285082 0.091199 0.708334 67 46 47
0.282985 0.081495 0.710540 48 56 55
0.280325 0.074458 0.712571 43 44 48
0.277629 0.067766 0.714566 52 44 49
0.274613 0.062544 0.716468 49 41 51
0.271394 0.058245 0.718313 44 36 43
0.267961 0.054860 0.720106 42 33 37
0.264419 0.051937 0.721873 41 29 32
0.260867 0.049080 0.723634 40 28 29
0.257400 0.045942 0.725404 40 28 28
0.253919 0.042891 0.727167 39 26 28
0.250286 0.040411 0.728904 38 28 32
0.246544 0.038324 0.730626 129 96 84
0.242855 0.036053 0.732353 138 96 77
0.239350 0.033176 0.734100 141 97 78
0.236037 0.029688 0.735862 141 97 79
0.232428 0.027212 0.737590 142 98 80
0.228459 0.025892 0.739286 133 107 95
0.224406 0.024810 0.740979 106 107 97
0.220409 0.023525 0.742680 112 105 96
0.216482 0.022001 0.744389 139 97 83
0.212522 0.020558 0.746100 133 91 77
0.208564 0.019090 0.747813 115 74 61
0.204545 0.017775 0.749527 116 73 58
0.200586 0.016269 0.751246 122 80 63
0.196732 0.014448 0.752971 122 88 72
0.192818 0.012786 0.754695 116 83 70
0.188764 0.011491 0.756420 108 94 96
0.184566 0.010562 0.758146 94 91 106
0.180252 0.009901 0.759876 115 99 106
0.175771 0.009637 0.761612 146 104 87
0.171242 0.009440 0.763357 153 110 89
0.166609 0.009453 0.765110 155 112 90
0.161874 0.009661 0.766874 156 113 92
0.157021 0.010095 0.768650 158 115 94
0.152160 0.010477 0.770436 158 114 95
0.147209 0.011005 0.772235 157 114 94
0.142278 0.011413 0.774044 157 114 92
0.137330 0.011792 0.775863 164 121 99
0.132212 0.012493 0.777700 158 114 92
0.126965 0.013413 0.779555 159 114 92
0.121356 0.015059 0.781440 159 114 92
0.115634 0.016856 0.783347 160 115 93
0.110096 0.018147 0.785257 160 120 99
0.104423 0.019642 0.787189 159 142 137
0.098056 0.022514 0.789184 151 131 127
0.091252 0.026175 0.791229 176 157 150
0.084016 0.030583 0.793330 173 159 150
0.076022 0.036374 0.795516 159 147 142
0.067070 0.043900 0.797813 154 142 140
0.057197 0.053023 0.800227 179 152 148
0.046316 0.063852 0.802775 188 145 141
0.287129 0.109356 0.710174 67 46 46
0.285500 0.097049 0.712524 67 45 46
0.283346 0.087427 0.714697 61 44 45
0.280823 0.079670 0.716749 56 43 48
0.278088 0.073015 0.718727 54 42 47
0.275129 0.067450 0.720638 46 36 44
0.271930 0.062977 0.722487 45 35 42
0.268527 0.059391 0.724289 45 35 39
0.265003 0.056322 0.726065 41 29 29
0.261463 0.053351 0.727834 39 28 28
0.257992 0.050156 0.729607 40 29 28
0.254476 0.047163 0.731369 40 28 29
0.250834 0.044651 0.733112 32 23 28
0.247068 0.042588 0.734839 94 73 64
0.243320 0.040463 0.736568 137 95 76
0.239734 0.037791 0.738312 139 97 76
0.236386 0.034351 0.740073 141 97 78
0.232816 0.031676 0.741811 141 97 79
0.228976 0.029890 0.743528 140 98 79
0.225013 0.028479 0.745238 140 97 78
0.221010 0.027173 0.746950 141 97 78
0.217044 0.025729 0.748666 140 96 78
0.213043 0.024365 0.750385 140 96 78
0.209037 0.022996 0.752106 137 93 77
0.204999 0.021698 0.753830 129 85 68
0.200990 0.020290 0.755558 132 88 71
0.197033 0.018714 0.757289 143 100 80
0.193036 0.017237 0.759022 144 100 79
0.188930 0.016035 0.760758 145 102 81
0.184702 0.015139 0.762498 147 101 82
0.180275 0.014734 0.764245 148 104 84
0.175819 0.014356 0.765998 150 106 86
0.171315 0.014053 0.767760 152 109 88
0.166700 0.013979 0.769532 152 109 86
0.162001 0.014058 0.771315 152 108 87
0.157199 0.014332 0.773109 155 112 91
0.152379 0.014581 0.774914 159 116 95
0.147468 0.014983 0.776732 164 120 100
0.142561 0.015307 0.778560 163 120 97
0.137596 0.015700 0.780400 159 115 93
0.132447 0.016449 0.782260 160 116 94
0.127167 0.017419 0.784139 162 116 93
0.121493 0.019192 0.786056 164 117 95
0.115733 0.021052 0.787993 163 118 96
0.110138 0.022446 0.789934 165 122 102
0.104451 0.023946 0.791894 159 144 137
0.098051 0.026873 0.793926 164 145 137
0.091183 0.030654 0.796016 168 146 141
0.083787 0.035385 0.798175 156 140 138
0.075828 0.041098 0.800411 151 133 131
0.066962 0.048452 0.802763 163 151 151
0.057341 0.057083 0.805224 173 148 145
0.046234 0.068389 0.807876 188 146 143
0.287740 0.114611 0.714485 74 49 47
0.285891 0.103104 0.716753 65 44 45
0.283676 0.093575 0.718894 62 43 44
0.281151 0.085674 0.720934 57 41 44
0.278526 0.078423 0.722925 55 41 45
0.275648 0.072407 0.724846 48 37 44
0.272490 0.067671 0.726701 46 34 41
0.269137 0.063800 0.728514 46 34 38
0.265642 0.060547 0.730298 41 29 32
0.262113 0.057466 0.732072 39 29 28
0.258624 0.054270 0.733846 40 29 29
0.255069 0.051357 0.735608 39 29 29
0.251403 0.048868 0.737354 35 28 28
0.247631 0.046767 0.739089 64 51 44
0.243789 0.044907 0.740818 134 94 74
0.240073 0.042613 0.742557 137 96 76
0.236617 0.039455 0.744314 139 96 77
0.233022 0.036789 0.746057 138 96 77
0.229240 0.034745 0.747788 140 97 77
0.225360 0.033011 0.749514 140 96 77
0.221435 0.031407 0.751241 141 97 78
0.217497 0.029826 0.752969 141 97 78
0.213496 0.028416 0.754698 140 96 77
0.209474 0.027049 0.756430 140 97 77
0.205436 0.025707 0.758164 140 96 76
0.201402 0.024330 0.759902 140 96 77
0.197369 0.022924 0.761643 141 98 77
0.193285 0.021643 0.763387 142 98 77
0.189140 0.020502 0.765135 144 100 78
0.184896 0.019602 0.766888 144 99 79
0.180493 0.019092 0.768651 147 102 82
0.176049 0.018643 0.770420 151 106 86
0.171583 0.018201 0.772197 154 109 89
0.166992 0.018033 0.773986 158 113 91
0.162316 0.018023 0.775785 164 119 98
0.157561 0.018148 0.777596 160 116 96
0.152750 0.018350 0.779419 159 114 94
0.147827 0.018756 0.781257 159 114 94
0.142876 0.019159 0.783106 159 115 94
0.137858 0.019652 0.784969 160 116 94
0.132659 0.020492 0.786855 160 116 94
0.127318 0.021577 0.788762 164 118 95
0.121628 0.023363 0.790708 166 119 97
0.115848 0.025248 0.792675 166 120 98
0.110211 0.026711 0.794645 162 119 99
0.104467 0.028310 0.796637 164 149 144
0.098014 0.031335 0.798709 167 142 137
0.091011 0.035390 0.800853 158 133 132
0.083517 0.040314 0.803069 165 132 132
0.075583 0.045964 0.805355 155 130 128
0.066777 0.053196 0.807762 160 147 147
0.057086 0.061977 0.810300 173 146 143
0.045843 0.073574 0.813054 187 148 145
0.287773 0.122589 0.718713 115 76 70
0.286381 0.108804 0.721048 70 43 42
0.284097 0.099416 0.723156 60 41 43
0.281653 0.091014 0.725197 55 42 43
0.279011 0.083703 0.727173 57 41 43
0.276211 0.077250 0.729098 52 38 42
0.273096 0.072241 0.730957 50 36 42
0.269726 0.068355 0.732769 46 35 36
0.266269 0.064874 0.734561 44 34 34
0.262750 0.061679 0.736341 41 31 31
0.259251 0.058452 0.738116 42 32 31
0.255686 0.055509 0.739881 40 29 31
0.252006 0.053010 0.741632 37 29 28
0.248226 0.050880 0.743373 46 37 36
0.244321 0.049186 0.745107 134 95 77
0.240529 0.047088 0.746849 136 95 75
0.237009 0.044076 0.748605 135 94 74
0.233379 0.041460 0.750352 139 96 76
0.229558 0.039480 0.752090 140 97 78
0.225685 0.037664 0.753826 136 92 73
0.221809 0.035846 0.755565 140 96 77
0.217915 0.034073 0.757304 138 94 75
0.213957 0.032486 0.759044 139 94 75
0.209958 0.031004 0.760786 143 99 79
0.205915 0.029632 0.762531 143 100 79
0.201852 0.028295 0.764279 144 100 80
0.197792 0.026925 0.766030 145 102 81
0.193652 0.025760 0.767785 150 105 85
0.189463 0.024699 0.769546 154 109 89
0.185201 0.023807 0.771313 158 113 93
0.180827 0.023179 0.773089 159 114 94
0.176428 0.022572 0.774872 155 110 89
0.171984 0.022040 0.776663 153 108 86
0.167408 0.021803 0.778466 153 108 86
0.162732 0.021764 0.780283 156 111 89
0.157975 0.021868 0.782112 157 112 92
0.153139 0.022105 0.783954 158 113 93
0.148196 0.022535 0.785813 158 113 93
0.143211 0.022995 0.787684 160 115 95
0.138167 0.023523 0.789569 172 126 107
0.132955 0.024372 0.791477 166 120 99
0.127604 0.025457 0.793408 165 119 96
0.121902 0.027255 0.795383 166 120 97
0.116051 0.029280 0.797385 167 120 99
0.110343 0.030880 0.799388 167 123 104
0.104433 0.032821 0.801424 148 140 138
0.097859 0.036089 0.803545 140 118 120
0.090881 0.040074 0.805729 168 136 135
0.083473 0.044806 0.807982 165 130 129
0.075386 0.050771 0.810337 179 152 150
0.066503 0.058163 0.812815 158 129 128
0.056706 0.067163 0.815438 184 149 145
0.285860 0.119159 0.725209 123 83 75
0.284482 0.105501 0.727457 68 47 45
0.282066 0.096818 0.729487 51 42 43
0.279411 0.089420 0.731449 53 39 41
0.276528 0.083180 0.733355 54 38 40
0.273434 0.077958 0.735216 51 37 39
0.270147 0.073634 0.737040 47 35 36
0.266759 0.069787 0.738844 45 34 34
0.263305 0.066262 0.740633 42 32 31
0.259817 0.062914 0.742413 39 29 28
0.256261 0.059866 0.744182 39 29 29
0.252578 0.057311 0.745939 39 29 28
0.248733 0.055353 0.747685 42 33 34
0.244853 0.053508 0.749429 131 95 78
0.241040 0.051424 0.751178 135 93 72
0.237508 0.048389 0.752936 138 94 75
0.233877 0.045714 0.754688 140 96 77
0.230042 0.043724 0.756434 142 98 79
0.226159 0.041886 0.758179 142 98 79
0.222295 0.039975 0.759926 144 100 81
0.218407 0.038135 0.761673 145 100 82
0.214447 0.036507 0.763422 145 99 81
0.210447 0.034982 0.765174 146 101 81
0.206408 0.033554 0.766928 144 100 79
0.202346 0.032172 0.768686 144 101 80
0.198274 0.030798 0.770447 143 100 77
0.194096 0.029699 0.772215 144 100 78
0.189879 0.028676 0.773988 145 100 79
0.185606 0.027775 0.775769 148 101 80
0.181226 0.027128 0.777559 149 103 82
0.176828 0.026485 0.779355 151 105 83
0.172373 0.025947 0.781161 153 107 83
0.167791 0.025692 0.782980 153 107 83
0.163094 0.025677 0.784815 154 109 87
0.158324 0.025783 0.786663 154 109 88
0.153470 0.026037 0.788525 159 114 93
0.148528 0.026438 0.790403 162 117 96
0.143562 0.026826 0.792292 165 120 100
0.138547 0.027259 0.794194 160 115 94
0.133362 0.028024 0.796122 163 117 95
0.128015 0.029082 0.798076 164 117 95
0.122251 0.031006 0.800084 166 119 97
0.116307 0.033228 0.802125 168 121 99
0.110508 0.035010 0.804164 169 123 104
0.104461 0.037233 0.806245 130 106 110
0.097895 0.040467 0.808402 173 140 139
0.090801 0.044689 0.810641 179 145 143
0.083305 0.049597 0.812951 173 139 138
0.075201 0.055593 0.815363 166 132 131
0.066188 0.063253 0.817920 173 134 133
0.056469 0.072102 0.820604 187 139 131
0.284501 0.113304 0.731754 120 87 79
0.282499 0.102615 0.733825 91 69 64
0.279900 0.094831 0.735782 51 34 37
0.277088 0.088171 0.737688 48 32 33
0.273916 0.083164 0.739536 52 34 37
0.270623 0.078763 0.741359 47 33 34
0.267243 0.074789 0.743165 44 32 33
0.263868 0.070867 0.744962 42 33 32
0.260339 0.067599 0.746742 38 28 28
0.256785 0.064462 0.748515 38 28 28
0.253110 0.061810 0.750278 39 29 28
0.249263 0.059793 0.752033 40 32 32
0.245372 0.057928 0.753786 129 94 79
0.241552 0.055808 0.755542 135 91 72
0.238001 0.052771 0.757303 137 93 74
0.234368 0.050036 0.759059 137 93 74
0.230562 0.047896 0.760812 137 93 74
0.226707 0.045911 0.762565 137 93 74
0.222838 0.043969 0.764319 138 94 75
0.218935 0.042127 0.766074 139 95 76
0.214963 0.040486 0.767832 140 94 76
0.210969 0.038901 0.769593 141 96 76
0.206916 0.037471 0.771357 141 96 76
0.202830 0.036118 0.773126 140 97 75
0.198758 0.034698 0.774897 142 99 76
0.194578 0.033566 0.776675 143 100 77
0.190347 0.032545 0.778461 145 100 78
0.186045 0.031688 0.780255 146 100 78
0.181664 0.031006 0.782058 148 101 79
0.177264 0.030333 0.783868 149 101 80
0.172798 0.029791 0.785688 156 109 85
0.168234 0.029460 0.787522 156 110 87
0.163530 0.029433 0.789374 160 115 92
0.158738 0.029569 0.791241 160 116 94
0.153864 0.029845 0.793123 158 113 91
0.148928 0.030207 0.795020 159 115 94
0.143942 0.030617 0.796930 160 116 95
0.138904 0.031082 0.798854 160 116 95
0.133723 0.031813 0.800802 160 114 92
0.128337 0.032943 0.802783 165 118 97
0.122467 0.035094 0.804831 167 120 98
0.116457 0.037447 0.806911 168 121 100
0.110606 0.039323 0.808984 168 121 104
0.104453 0.041762 0.811110 178 143 140
0.097806 0.045153 0.813314 175 142 141
0.090548 0.049715 0.815619 165 132 131
0.082953 0.054819 0.817990 171 136 136
0.075002 0.060483 0.820434 168 129 128
0.066047 0.068026 0.823047 184 136 131
0.056335 0.076870 0.825801 191 134 125
0.281938 0.112879 0.738099 124 89 76
0.280048 0.101793 0.740123 118 84 71
0.277431 0.094148 0.742039 77 47 40
0.274395 0.088455 0.743896 38 21 19
0.271289 0.083186 0.745732 40 26 26
0.267919 0.079091 0.747537 45 33 32
0.264464 0.075404 0.749329 45 33 32
0.260881 0.072263 0.751109 41 29 28
0.257319 0.069080 0.752885 40 29 28
0.253654 0.066318 0.754654 41 29 29
0.249724 0.064537 0.756414 41 31 32
0.245831 0.062614 0.758177 107 74 65
0.242016 0.060409 0.759941 134 90 71
0.238462 0.057310 0.761704 135 91 72
0.234832 0.054499 0.763464 136 92 73
0.231044 0.052236 0.765224 137 93 74
0.227192 0.050188 0.766985 134 90 71
0.223323 0.048189 0.768746 135 90 72
0.219420 0.046295 0.770509 135 90 71
0.215435 0.044647 0.772276 138 93 73
0.211429 0.043045 0.774046 139 94 74
0.207374 0.041577 0.775820 138 93 73
0.203281 0.040197 0.777599 142 97 76
0.199205 0.038746 0.779380 146 101 79
0.195034 0.037544 0.781169 148 103 81
0.190822 0.036433 0.782964 152 107 85
0.186502 0.035586 0.784771 153 108 85
0.182109 0.034904 0.786589 158 111 87
0.177701 0.034216 0.788413 158 111 88
0.173242 0.033622 0.790246 154 107 84
0.168661 0.033302 0.792096 153 108 84
0.163968 0.033218 0.793964 155 110 87
0.159194 0.033283 0.795846 155 110 88
0.154297 0.033591 0.797749 156 112 89
0.149338 0.033983 0.799667 158 114 92
0.144309 0.034475 0.801601 160 116 94
0.139232 0.035006 0.803549 171 124 104
0.134016 0.035796 0.805523 165 119 97
0.128565 0.037054 0.807535 166 119 98
0.122633 0.039331 0.809621 167 120 99
0.116571 0.041784 0.811738 168 121 101
0.110682 0.043724 0.813846 168 121 105
0.104378 0.046475 0.816025 166 130 128
0.097683 0.049954 0.818274 160 126 127
0.090368 0.054627 0.820632 173 140 140
0.082817 0.059624 0.823045 163 125 125
0.074897 0.065214 0.825537 185 134 128
0.065907 0.072834 0.828218 186 133 124
0.056063 0.081960 0.831064 199 138 131
0.279878 0.129967 0.742325 118 83 70
0.278690 0.115413 0.744400 140 100 83
0.276998 0.103515 0.746384 129 87 67
0.274582 0.095034 0.748281 119 83 66
0.271704 0.088693 0.750126 95 65 53
0.268530 0.083706 0.751940 77 51 44
0.265143 0.079666 0.753735 67 42 38
0.261678 0.076000 0.755520 61 38 34
0.258117 0.072754 0.757297 67 43 38
0.254282 0.070568 0.759066 67 40 36
0.250245 0.069118 0.760835 86 56 49
0.246338 0.067181 0.762605 129 88 72
0.242533 0.064874 0.764376 134 89 70
0.238968 0.061744 0.766142 134 90 71
0.235337 0.058873 0.767905 135 91 72
0.231569 0.056482 0.769670 138 94 75
0.227716 0.054382 0.771438 141 97 78
0.223839 0.052355 0.773206 140 95 77
0.219914 0.050476 0.774978 143 97 79
0.215899 0.048872 0.776755 144 98 79
0.211888 0.047238 0.778534 145 100 80
0.207837 0.045708 0.780317 145 100 80
0.203751 0.044261 0.782105 144 99 79
0.199675 0.042765 0.783894 144 99 77
0.195514 0.041494 0.785693 144 99 77
0.191302 0.040340 0.787499 146 101 77
0.186982 0.039458 0.789318 146 101 77
0.182571 0.038789 0.791151 150 103 79
0.178148 0.038109 0.792989 152 105 81
0.173685 0.037489 0.794836 152 105 82
0.169090 0.037175 0.796702 151 106 82
0.164394 0.037067 0.798586 148 103 81
0.159600 0.037153 0.800488 153 109 88
0.154674 0.037509 0.802413 158 114 93
0.149708 0.037890 0.804350 160 116 94
0.144661 0.038399 0.806306 162 118 95
0.139548 0.038994 0.808279 160 117 94
0.134280 0.039881 0.810281 162 117 95
0.128755 0.041290 0.812329 165 118 97
0.122764 0.043684 0.814453 166 119 99
0.116652 0.046233 0.816610 167 120 101
0.110683 0.048330 0.818758 167 122 108
0.104365 0.051093 0.820973 155 119 117
0.097616 0.054672 0.823269 164 129 127
0.090359 0.059207 0.825663 162 123 122
0.082740 0.064342 0.828136 176 133 126
0.074500 0.070605 0.830731 181 130 121
0.065446 0.078353 0.833488 187 135 128
0.055454 0.087786 0.836433 195 134 130
0.287388 0.124475 0.745264 42 33 33
0.283839 0.120330 0.747124 46 36 35
0.279881 0.118054 0.748952 83 56 47
0.276074 0.115136 0.750787 138 98 77
0.273965 0.105090 0.752688 131 88 66
0.271452 0.097030 0.754543 120 77 59
0.268619 0.090493 0.756367 124 80 63
0.265458 0.085428 0.758168 132 85 69
0.262130 0.081125 0.759956 134 86 70
0.258568 0.077792 0.761736 134 86 69
0.254621 0.075950 0.763514 134 86 69
0.250724 0.073909 0.765293 135 88 71
0.246883 0.071664 0.767071 138 91 73
0.243097 0.069225 0.768846 133 87 69
0.239464 0.066264 0.770616 134 89 70
0.235814 0.063390 0.772383 135 90 71
0.232058 0.060897 0.774153 135 91 72
0.228215 0.058703 0.775926 136 91 72
0.224319 0.056682 0.777702 136 90 72
0.220383 0.054785 0.779482 137 91 73
0.216399 0.053030 0.781265 138 92 74
0.212399 0.051311 0.783052 138 93 74
0.208343 0.049748 0.784844 139 94 74
0.204244 0.048298 0.786642 141 96 75
0.200176 0.046734 0.788440 141 96 74
0.196010 0.045434 0.790249 142 97 75
0.191772 0.044316 0.792068 145 99 76
0.187449 0.043403 0.793899 145 99 75
0.183035 0.042705 0.795744 146 99 75
0.178585 0.042061 0.797598 148 101 77
0.174085 0.041508 0.799463 157 110 88
0.169488 0.041164 0.801345 155 110 87
0.164760 0.041109 0.803249 158 113 91
0.159921 0.041278 0.805173 157 114 93
0.154976 0.041649 0.807120 156 113 90
0.149982 0.042072 0.809080 158 115 94
0.144896 0.042647 0.811062 159 116 94
0.139712 0.043384 0.813065 160 117 94
0.134377 0.044404 0.815100 162 117 95
0.128772 0.045974 0.817186 164 117 96
0.122777 0.048351 0.819343 165 118 99
0.116699 0.050797 0.821526 166 119 101
0.110643 0.053069 0.823719 165 121 108
0.104329 0.055800 0.825967 167 133 131
0.097626 0.059261 0.828295 175 139 136
0.090189 0.064175 0.830764 172 131 125
0.082255 0.069979 0.833340 176 129 119
0.073548 0.077222 0.836075 179 131 122
0.064816 0.084273 0.838841 179 126 123
0.294031 0.122542 0.748099 30 25 28
0.290762 0.117148 0.749960 37 34 37
0.286917 0.114502 0.751779 26 23 25
0.283111 0.111699 0.753598 37 29 29
0.278397 0.112855 0.755388 73 46 40
0.274324 0.111158 0.757204 141 100 80
0.271296 0.105085 0.759035 122 77 59
0.268261 0.099198 0.760851 123 77 60
0.265097 0.093967 0.762653 130 82 66
0.261824 0.089286 0.764444 131 83 67
0.258458 0.085056 0.766228 131 83 67
0.254932 0.081504 0.768008 131 83 65
0.251220 0.078697 0.769790 130 82 65
0.247454 0.076104 0.771571 140 92 74
0.243644 0.073686 0.773353 134 88 70
0.239946 0.070885 0.775128 135 89 71
0.236273 0.068019 0.776899 136 90 72
0.232537 0.065391 0.778672 136 91 73
0.228706 0.063097 0.780451 137 92 73
0.224803 0.061040 0.782234 136 90 72
0.220890 0.059014 0.784019 137 92 72
0.216924 0.057150 0.785808 139 93 75
0.212899 0.055461 0.787604 141 95 77
0.208839 0.053862 0.789405 142 97 77
0.204751 0.052331 0.791211 147 102 80
0.200647 0.050829 0.793021 149 104 83
0.196461 0.049544 0.794842 151 106 84
0.192226 0.048373 0.796671 153 106 82
0.187899 0.047432 0.798514 154 106 82
0.183471 0.046734 0.800374 155 108 85
0.179008 0.046090 0.802243 155 108 85
0.174500 0.045522 0.804122 152 105 83
0.169862 0.045253 0.806024 152 107 85
0.165104 0.045243 0.807949 153 108 86
0.160261 0.045393 0.809892 153 110 88
0.155300 0.045773 0.811859 156 113 89
0.150256 0.046293 0.813847 157 114 92
0.145126 0.046946 0.815855 159 116 94
0.139876 0.047816 0.817891 160 116 94
0.134475 0.048964 0.819960 163 116 94
0.128820 0.050625 0.822080 163 117 96
0.122862 0.052891 0.824262 166 119 100
0.116863 0.055132 0.826464 164 119 101
0.110710 0.057603 0.828704 163 120 107
0.104207 0.060740 0.831020 169 138 136
0.097236 0.064777 0.833435 167 125 121
0.089735 0.069811 0.835964 170 129 120
0.081590 0.076056 0.838633 175 129 120
0.073094 0.082830 0.841391 176 130 125
0.296004 0.121588 0.752685 42 37 38
0.292431 0.117630 0.754515 35 31 32
0.288836 0.113844 0.756338 38 37 38
0.284855 0.111849 0.758148 44 41 42
0.280673 0.110731 0.759957 130 128 117
0.275592 0.113414 0.761771 80 53 42
0.271530 0.111622 0.763594 134 87 70
0.268340 0.106230 0.765405 122 75 59
0.265126 0.101057 0.767204 130 82 66
0.261954 0.095839 0.768991 130 82 66
0.258653 0.091229 0.770772 132 82 66
0.255211 0.087253 0.772550 131 82 65
0.251651 0.083781 0.774329 132 82 65
0.247970 0.080800 0.776111 143 94 76
0.244206 0.078146 0.777895 132 86 68
0.240494 0.075327 0.779674 133 87 69
0.236796 0.072481 0.781449 135 89 71
0.233073 0.069743 0.783225 135 89 71
0.229244 0.067381 0.785008 137 91 73
0.225351 0.065236 0.786796 138 92 74
0.221450 0.063118 0.788585 140 94 75
0.217478 0.061221 0.790382 142 94 76
0.213440 0.059523 0.792187 140 94 74
0.209377 0.057888 0.793996 141 96 76
0.205281 0.056338 0.795811 138 93 72
0.201164 0.054828 0.797631 143 98 76
0.196981 0.053490 0.799460 143 98 76
0.192744 0.052286 0.801300 147 100 77
0.188393 0.051374 0.803157 149 101 78
0.183950 0.050683 0.805032 150 103 81
0.179459 0.050082 0.806917 151 104 82
0.174904 0.049605 0.808817 151 105 83
0.170227 0.049406 0.810740 152 107 85
0.165454 0.049401 0.812683 152 107 85
0.160595 0.049558 0.814647 152 109 86
0.155603 0.049988 0.816638 153 112 89
0.150516 0.050584 0.818653 156 113 90
0.145339 0.051327 0.820690 158 115 92
0.140027 0.052318 0.822758 160 116 93
0.134594 0.053513 0.824857 163 116 95
0.128912 0.055209 0.827009 164 116 96
0.122995 0.057355 0.829214 164 116 98
0.117002 0.059559 0.831445 166 119 102
0.110715 0.062318 0.833743 164 120 106
0.104014 0.065884 0.836132 163 122 111
0.096801 0.070441 0.838636 165 124 119
0.089229 0.075612 0.841228 168 126 121
0.081295 0.081378 0.843911 169 125 123
0.297293 0.123894 0.757237 42 35 36
0.293898 0.119049 0.759064 44 37 39
0.290362 0.114969 0.760880 32 29 31
0.286504 0.112422 0.762690 87 91 90
0.282469 0.110667 0.764502 57 56 51
0.278024 0.110663 0.766324 32 22 20
0.272166 0.116549 0.768197 139 95 82
0.268659 0.112368 0.770010 120 73 58
0.265391 0.107288 0.771806 129 81 66
0.262247 0.101827 0.773586 129 81 65
0.259001 0.096889 0.775360 131 81 65
0.255605 0.092631 0.777135 131 81 64
0.252094 0.088883 0.778911 132 82 65
0.248453 0.085670 0.780692 143 95 76
0.244742 0.082750 0.782475 134 86 68
0.241033 0.079851 0.784257 133 87 69
0.237334 0.076941 0.786034 133 87 69
0.233609 0.074143 0.787813 134 88 70
0.229759 0.071791 0.789602 134 88 70
0.225858 0.069615 0.791397 135 89 71
0.221957 0.067436 0.793192 136 90 72
0.217985 0.065486 0.794995 138 92 72
0.213947 0.063738 0.796808 139 93 73
0.209865 0.062110 0.798627 140 94 74
0.205731 0.060627 0.800455 140 94 73
0.201606 0.059093 0.802284 140 95 73
0.197412 0.057740 0.804125 143 97 75
0.193180 0.056473 0.805973 146 99 77
0.188839 0.055491 0.807841 147 100 78
0.184383 0.054799 0.809730 149 101 79
0.179856 0.054257 0.811634 150 102 81
0.175255 0.053870 0.813555 151 104 82
0.170563 0.053672 0.815496 151 106 85
0.165775 0.053674 0.817459 152 107 86
0.160900 0.053837 0.819443 153 110 87
0.155899 0.054259 0.821455 153 111 89
0.150755 0.054968 0.823500 156 114 91
0.145497 0.055881 0.825573 158 114 92
0.140128 0.056981 0.827675 160 114 92
0.134667 0.058214 0.829804 162 115 94
0.128937 0.059998 0.831992 163 114 95
0.122978 0.062214 0.834236 164 116 98
0.116862 0.064678 0.836522 167 119 102
0.110412 0.067788 0.838886 167 121 107
0.103537 0.071722 0.841351 164 121 110
0.096232 0.076458 0.843920 164 123 115
0.088895 0.081080 0.846512 169 128 127
0.298466 0.126783 0.761802 47 29 28
0.295141 0.121543 0.763619 39 32 34
0.291679 0.117068 0.765428 41 38 39
0.287962 0.113849 0.767235 27 22 22
0.283915 0.112142 0.769050 25 18 19
0.279469 0.112151 0.770884 41 29 31
0.273251 0.119629 0.772817 95 59 57
0.268972 0.118610 0.774669 118 71 58
0.265754 0.113199 0.776456 126 79 66
0.262631 0.107533 0.778226 128 80 65
0.259445 0.102246 0.779989 130 80 65
0.256098 0.097697 0.781756 131 81 65
0.252616 0.093752 0.783528 131 81 65
0.248977 0.090452 0.785310 142 92 75
0.245265 0.087457 0.787096 132 84 67
0.241533 0.084565 0.788881 132 86 68
0.237827 0.081608 0.790662 132 86 68
0.234105 0.078732 0.792442 132 87 69
0.230273 0.076254 0.794234 134 88 70
0.226346 0.074102 0.796037 133 89 70
0.222400 0.072013 0.797843 135 89 71
0.218403 0.070085 0.799657 136 91 71
0.214361 0.068289 0.801477 138 92 72
0.210264 0.066653 0.803307 140 93 73
0.206113 0.065168 0.805146 141 94 74
0.202003 0.063533 0.806981 141 94 73
0.197785 0.062204 0.808835 143 97 75
0.193526 0.060968 0.810697 145 98 76
0.189157 0.060021 0.812581 146 99 77
0.184681 0.059336 0.814487 148 99 78
0.180142 0.058784 0.816407 149 102 80
0.175531 0.058382 0.818344 149 102 80
0.170867 0.058068 0.820296 149 104 84
0.166047 0.058117 0.822281 150 106 85
0.161138 0.058332 0.824289 151 108 87
0.156106 0.058798 0.826327 153 109 88
0.150933 0.059550 0.828398 156 112 89
0.145649 0.060495 0.830499 159 113 91
0.140260 0.061611 0.832629 160 113 91
0.134799 0.062814 0.834781 163 114 93
0.129027 0.064671 0.837006 163 114 95
0.123018 0.066982 0.839290 165 114 97
0.116778 0.069711 0.841634 167 117 101
0.110152 0.073204 0.844073 166 119 105
0.103036 0.077664 0.846632 163 118 109
0.095756 0.082317 0.849242 162 120 115
0.296068 0.125576 0.768201 27 10 13
0.292776 0.120216 0.769996 26 20 23
0.289077 0.116861 0.771801 46 39 40
0.284954 0.115453 0.773627 38 28 29
0.280265 0.116498 0.775492 43 29 34
0.273780 0.125133 0.777498 87 53 51
0.269202 0.125293 0.779388 120 73 63
0.266094 0.119288 0.781159 124 76 66
0.263001 0.113369 0.782916 128 79 67
0.259849 0.107829 0.784668 130 80 65
0.256539 0.103029 0.786426 130 80 66
0.253112 0.098776 0.788189 130 80 65
0.249515 0.095237 0.789966 138 88 71
0.245805 0.092158 0.791753 135 86 69
0.242023 0.089373 0.793547 131 85 68
0.238281 0.086468 0.795334 130 85 69
0.234533 0.083609 0.797120 131 87 70
0.230695 0.081081 0.798916 132 87 70
0.226770 0.078856 0.800725 133 88 70
0.222801 0.076778 0.802540 134 88 70
0.218790 0.074830 0.804362 135 89 71
0.214725 0.073051 0.806193 136 90 72
0.210609 0.071415 0.808034 139 92 72
0.206465 0.069849 0.809881 141 94 73
0.202354 0.068163 0.811724 142 95 73
0.198127 0.066806 0.813589 144 97 74
0.193832 0.065626 0.815468 144 97 75
0.189412 0.064774 0.817373 145 98 76
0.184920 0.064089 0.819294 147 99 77
0.180395 0.063448 0.821226 147 100 79
0.175825 0.062888 0.823170 148 101 80
0.171187 0.062460 0.825131 146 101 81
0.166367 0.062473 0.827133 148 103 82
0.161434 0.062717 0.829164 150 106 84
0.156363 0.063251 0.831229 153 108 86
0.151174 0.064010 0.833325 156 111 89
0.145844 0.065040 0.835457 159 112 90
0.140452 0.066135 0.837611 160 112 91
0.134932 0.067450 0.839800 164 111 91
0.129063 0.069516 0.842074 164 112 94
0.122932 0.072092 0.844417 165 112 94
0.116668 0.074851 0.846800 165 113 97
0.109593 0.079369 0.849380 165 115 102
0.102657 0.083383 0.851942 158 106 98
0.293544 0.124961 0.774608 50 29 32
0.289908 0.121220 0.776409 49 44 48
0.285721 0.120038 0.778249 47 33 36
0.280556 0.123141 0.780178 73 46 52
0.273365 0.134808 0.782315 113 71 66
0.269517 0.131712 0.784157 117 71 61
0.266481 0.125265 0.785909 120 74 65
0.263334 0.119439 0.787661 126 79 67
0.260201 0.113693 0.789400 128 80 66
0.256937 0.108601 0.791146 129 79 66
0.253555 0.104069 0.792900 129 79 65
0.249979 0.100356 0.794673 133 83 68
0.246281 0.097152 0.796460 138 89 72
0.242475 0.094378 0.798260 131 85 69
0.238685 0.091565 0.800056 131 85 69
0.234909 0.088723 0.801847 130 86 69
0.231048 0.086198 0.803651 131 87 70
0.227118 0.083920 0.805466 131 87 70
0.223130 0.081836 0.807290 134 88 70
0.219120 0.079817 0.809119 135 89 71
0.215059 0.077958 0.810957 136 90 70
0.210943 0.076262 0.812805 139 92 72
0.206818 0.074579 0.814657 140 93 72
0.202712 0.072818 0.816507 141 94 72
0.198460 0.071485 0.818385 143 96 75
0.194091 0.070468 0.820289 143 96 75
0.189652 0.069621 0.822210 144 97 76
0.185143 0.068933 0.824147 145 98 77
0.180621 0.068237 0.826092 146 99 79
0.176075 0.067559 0.828044 146 100 80
0.171479 0.066974 0.830011 145 100 79
0.166685 0.066873 0.832024 147 102 82
0.161747 0.067096 0.834074 149 105 85
0.156696 0.067543 0.836153 152 107 85
0.151552 0.068157 0.838260 154 108 85
0.146297 0.068969 0.840398 158 109 88
0.140915 0.070014 0.842572 160 110 90
0.135269 0.071623 0.844814 163 110 90
0.129141 0.074304 0.847178 163 110 91
0.122817 0.077320 0.849598 164 110 93
0.115878 0.081657 0.852178 162 106 92
0.107413 0.089399 0.855141 155 98 88
0.271383 0.151484 0.787405 114 66 62
0.269266 0.140639 0.789051 117 70 65
0.266650 0.132237 0.790739 120 75 66
0.263622 0.125772 0.792464 124 78 67
0.260468 0.119978 0.794196 125 78 67
0.257276 0.114477 0.795924 128 79 67
0.253897 0.109822 0.797672 128 79 63
0.250374 0.105805 0.799435 128 78 64
0.246755 0.102216 0.801210 141 92 76
0.242910 0.099503 0.803018 131 85 69
0.239078 0.096759 0.804823 130 85 68
0.235253 0.094014 0.806626 129 87 70
0.231352 0.091550 0.808441 129 86 70
0.227399 0.089269 0.810264 131 86 69
0.223430 0.087045 0.812091 132 86 70
0.219468 0.084801 0.813916 133 87 70
0.215443 0.082760 0.815754 134 88 70
0.211343 0.080953 0.817607 136 89 71
0.207220 0.079203 0.819465 138 91 71
0.203135 0.077322 0.821317 138 92 72
0.198860 0.076007 0.823209 139 94 73
0.194412 0.075179 0.825140 142 95 76
0.189959 0.074323 0.827076 143 96 75
0.185451 0.073584 0.829026 144 97 76
0.180926 0.072847 0.830983 143 97 77
0.176358 0.072184 0.832953 143 98 78
0.171781 0.071501 0.834929 145 100 80
0.166995 0.071339 0.836956 147 102 82
0.162050 0.071544 0.839025 148 103 84
0.157047 0.071831 0.841112 152 105 84
0.151934 0.072327 0.843231 153 106 85
0.146695 0.073072 0.845386 155 106 87
0.141220 0.074327 0.847605 159 108 89
0.135287 0.076629 0.849944 159 105 87
0.128911 0.079892 0.852402 158 101 87
0.122479 0.083137 0.854885 147 85 77
0.267340 0.156940 0.794272 113 64 60
0.266572 0.140354 0.795668 122 74 69
0.263631 0.133351 0.797368 124 77 66
0.260601 0.126894 0.799070 126 78 67
0.257376 0.121378 0.800793 126 78 67
0.254070 0.116306 0.802523 128 78 65
0.250630 0.111857 0.804269 129 79 66
0.247158 0.107606 0.806016 141 91 76
0.243256 0.105018 0.807838 131 83 69
0.239437 0.102144 0.809643 129 85 70
0.235567 0.099472 0.811456 129 85 71
0.231657 0.096959 0.813277 129 85 70
0.227740 0.094476 0.815098 129 85 70
0.223800 0.092082 0.816923 129 85 69
0.219864 0.089679 0.818748 131 86 70
0.215842 0.087562 0.820590 132 86 68
0.211734 0.085719 0.822451 133 87 69
0.207581 0.084006 0.824322 134 88 70
0.203471 0.082141 0.826186 135 90 70
0.199208 0.080732 0.828084 137 91 73
0.194741 0.079912 0.830032 138 92 73
0.190253 0.079107 0.831986 138 94 73
0.185721 0.078387 0.833955 139 94 74
0.181222 0.077528 0.835918 140 96 75
0.176627 0.076893 0.837907 141 98 77
0.172002 0.076298 0.839907 144 99 79
0.167253 0.075990 0.841941 144 99 79
0.162312 0.076142 0.844026 145 100 80
0.157278 0.076472 0.846139 149 101 81
0.152123 0.077044 0.848288 151 102 82
0.146770 0.078046 0.850493 154 101 84
0.140930 0.080196 0.852831 155 99 84
0.134396 0.083963 0.855358 144 85 74
0.263201 0.142870 0.802419 108 59 52
0.260428 0.135158 0.804062 123 75 65
0.257383 0.128754 0.805743 128 79 68
0.254057 0.123613 0.807469 126 76 63
0.250731 0.118580 0.809188 128 78 65
0.247202 0.114425 0.810942 132 82 68
0.243446 0.111182 0.812738 125 81 68
0.239654 0.108109 0.814540 128 83 69
0.235771 0.105390 0.816359 125 83 70
0.231879 0.102724 0.818180 124 83 70
0.227975 0.100109 0.820001 125 84 69
0.224047 0.097594 0.821828 129 85 70
0.220128 0.095055 0.823652 129 84 70
0.216104 0.092870 0.825500 130 84 67
0.211945 0.091122 0.827379 131 85 67
0.207725 0.089549 0.829274 132 86 68
0.203606 0.087641 0.831146 135 87 69
0.199368 0.086087 0.833048 134 88 70
0.194969 0.085000 0.834990 136 90 72
0.190577 0.083854 0.836933 136 92 73
0.186131 0.082832 0.838892 136 92 73
0.181655 0.081857 0.840860 137 94 73
0.177128 0.080992 0.842844 138 94 75
0.172551 0.080223 0.844844 140 96 75
0.167845 0.079762 0.846880 141 96 76
0.162779 0.080230 0.849015 143 96 77
0.157509 0.081162 0.851209 144 95 78
0.152005 0.082616 0.853472 144 92 78
0.145954 0.085385 0.855889 139 83 73
0.254313 0.129950 0.812425 104 62 51
0.250898 0.125142 0.814155 128 78 65
0.247283 0.121191 0.815923 123 76 62
0.243648 0.117380 0.817692 124 78 66
0.239905 0.114025 0.819484 122 78 66
0.236070 0.111041 0.821294 123 79 67
0.232081 0.108627 0.823139 124 80 68
0.228127 0.106099 0.824976 125 81 69
0.224168 0.103599 0.826814 125 82 69
0.220192 0.101162 0.828655 125 81 66
0.216078 0.099189 0.830530 129 82 67
0.211868 0.097521 0.832430 129 83 67
0.207636 0.095902 0.834337 129 83 67
0.203553 0.093793 0.836206 130 84 68
0.199371 0.091986 0.838101 132 85 67
0.195000 0.090740 0.840047 131 87 68
0.190605 0.089535 0.842001 132 88 69
0.186056 0.088750 0.843999 129 90 70
0.181594 0.087668 0.845975 126 90 70
0.177078 0.086704 0.847968 128 93 76
0.171828 0.087767 0.850166 124 91 76
0.166860 0.087946 0.852290 119 89 78
0.243194 0.126137 0.822865 83 53 47
0.240002 0.120583 0.824520 107 68 60
0.236026 0.118008 0.826367 123 80 69
0.232230 0.114793 0.828167 123 79 68
0.228236 0.112314 0.830018 123 79 68
0.224143 0.110181 0.831893 123 78 67
0.220072 0.107966 0.833763 125 79 68
0.215983 0.105812 0.835638 125 79 67
0.211963 0.103430 0.837495 125 80 66
0.207883 0.101244 0.839368 125 78 63
0.203639 0.099574 0.841286 129 81 66
0.199749 0.096782 0.843106 126 81 65
0.195906 0.093862 0.844913 125 85 69
0.218558 0.119612 0.839332 71 29 22
0.214978 0.115568 0.841070 74 34 25
0.211457 0.111388 0.842789 73 34 28
0.207206 0.109641 0.844717 70 29 25
0.239659 -0.034564 0.683123 67 67 66
0.242344 -0.032101 0.681002 68 69 67
0.245231 -0.029592 0.679078 68 69 66
0.248118 -0.027080 0.677147 65 69 66
0.250608 -0.024656 0.674827 68 71 68
0.253314 -0.022182 0.672713 71 75 73
0.255895 -0.019736 0.670477 71 76 73
0.257987 -0.017405 0.667781 71 75 72
0.260761 -0.014914 0.665726 74 76 77
0.267988 -0.009513 0.663143 74 72 72
0.221578 -0.044010 0.692156 65 67 65
0.224372 -0.041536 0.690187 64 65 63
0.227600 -0.038969 0.688659 60 61 61
0.230503 -0.036467 0.686785 53 55 56
0.233294 -0.033986 0.684791 50 51 52
0.236711 -0.031365 0.683421 44 46 47
0.239486 -0.028882 0.681395 39 43 43
0.242606 -0.026318 0.679706 38 41 42
0.245455 -0.023813 0.677740 36 38 41
0.248319 -0.021302 0.675783 35 37 39
0.251180 -0.018789 0.673817 33 35 38
0.253762 -0.016341 0.671580 33 35 38
0.256159 -0.013937 0.669166 32 34 36
0.258844 -0.011464 0.667024 27 29 29
0.261480 -0.009001 0.664834 31 35 35
0.263754 -0.006628 0.662307 33 36 36
0.267199 -0.003959 0.660855 33 36 36
0.269754 -0.001513 0.658581 36 37 37
0.272232 0.000913 0.656237 57 57 56
0.273975 0.003144 0.653239 70 70 68
0.275841 0.005404 0.650360 92 91 88
0.278848 0.007969 0.648492 104 103 100
0.281905 0.010549 0.646658 80 79 77
0.284448 0.012992 0.644374 62 64 63
0.209541 -0.048378 0.697509 56 57 54
0.212457 -0.045888 0.695700 50 49 49
0.215551 -0.043359 0.694071 43 44 42
0.218997 -0.040751 0.692802 40 41 40
0.222542 -0.038115 0.691618 37 39 37
0.225873 -0.035518 0.690195 36 38 38
0.228970 -0.032967 0.688516 36 37 38
0.231979 -0.030432 0.686738 33 35 37
0.235144 -0.027858 0.685107 31 34 36
0.238264 -0.025290 0.683420 31 34 37
0.241553 -0.022678 0.681891 31 33 37
0.244618 -0.020114 0.680128 31 34 36
0.247624 -0.017561 0.678297 32 34 36
0.250435 -0.015052 0.676270 30 32 34
0.253148 -0.012566 0.674143 29 31 33
0.255698 -0.010118 0.671860 28 29 34
0.258230 -0.007676 0.669557 26 29 31
0.260898 -0.005198 0.667382 26 29 29
0.263507 -0.002734 0.665149 25 28 28
0.266027 -0.000294 0.662833 25 26 28
0.268184 0.002051 0.660186 23 26 28
0.270080 0.004324 0.657309 20 23 23
0.271707 0.006520 0.654200 26 29 29
0.273279 0.008696 0.651055 27 29 28
0.275301 0.010991 0.648321 30 32 32
0.277307 0.013279 0.645580 31 33 33
0.279728 0.015681 0.643206 48 50 50
0.280688 0.017666 0.639578 78 80 79
0.283206 0.020092 0.637299 98 98 95
0.285867 0.022559 0.635140 84 83 81
0.192629 -0.055586 0.702280 56 57 57
0.195686 -0.053088 0.700691 53 54 55
0.199400 -0.050455 0.699816 38 42 41
0.203273 -0.047780 0.699092 33 36 37
0.206952 -0.045135 0.698131 28 31 31
0.210646 -0.042479 0.697164 33 34 35
0.214260 -0.039831 0.696088 31 34 34
0.218243 -0.037095 0.695381 31 34 34
0.221653 -0.034475 0.694047 31 34 34
0.224729 -0.031924 0.692349 30 33 33
0.227726 -0.029387 0.690558 31 33 35
0.231277 -0.026719 0.689327 29 31 33
0.234613 -0.024094 0.687858 28 32 35
0.237970 -0.021459 0.686396 27 31 33
0.241260 -0.018834 0.684852 27 31 34
0.244322 -0.016260 0.683069 28 31 33
0.247221 -0.013723 0.681118 28 31 33
0.250206 -0.011161 0.679244 27 29 31
0.253172 -0.008602 0.677344 26 28 31
0.255893 -0.006103 0.675202 25 28 28
0.258436 -0.003648 0.672888 23 26 28
0.260959 -0.001199 0.670555 23 25 26
0.263331 0.001210 0.668081 23 26 26
0.265625 0.003597 0.665537 21 23 25
0.267911 0.005981 0.662991 20 23 25
0.269969 0.008301 0.660240 20 23 25
0.271676 0.010520 0.657180 21 23 25
0.273162 0.012673 0.653934 20 23 26
0.274622 0.014813 0.650682 23 26 28
0.275915 0.016899 0.647298 23 26 28
0.276813 0.018863 0.643588 23 26 28
0.278454 0.021036 0.640544 25 29 32
0.280198 0.023235 0.637600 28 31 33
0.281812 0.025390 0.634557 33 36 37
0.283516 0.027568 0.631602 51 54 53
0.285628 0.029865 0.628999 78 82 79
0.287845 0.032192 0.626487 87 90 87
0.289099 0.034221 0.623190 57 59 59
0.180888 -0.057950 0.702504 54 57 55
0.184946 -0.055272 0.702115 43 46 46
0.189036 -0.052576 0.701732 31 33 34
0.193228 -0.049847 0.701430 27 29 32
0.197094 -0.047172 0.700733 27 29 31
0.202404 -0.044184 0.701600 27 29 31
0.206809 -0.041369 0.701425 27 29 31
0.210610 -0.038673 0.700559 27 29 31
0.214434 -0.035962 0.699694 28 29 32
0.217913 -0.033319 0.698436 28 29 32
0.221191 -0.030715 0.696948 27 29 31
0.224309 -0.028144 0.695277 27 29 31
0.227764 -0.025489 0.693947 26 28 29
0.231104 -0.022855 0.692481 26 28 29
0.234541 -0.020192 0.691100 26 29 32
0.237974 -0.017524 0.689698 25 29 31
0.241382 -0.014856 0.688255 23 29 29
0.244530 -0.012248 0.686539 24 28 28
0.247629 -0.009649 0.684764 25 29 29
0.250702 -0.007052 0.682953 23 28 28
0.253671 -0.004479 0.681033 23 26 28
0.256524 -0.001934 0.678994 23 25 26
0.259146 0.000551 0.676729 22 26 26
0.261525 0.002971 0.674234 22 25 25
0.263846 0.005375 0.671686 21 25 25
0.265998 0.007731 0.668985 20 23 25
0.268083 0.010066 0.666228 19 21 22
0.270108 0.012381 0.663423 19 22 23
0.272055 0.014671 0.660556 19 23 23
0.273797 0.016899 0.657513 20 23 25
0.275545 0.019124 0.654487 20 23 25
0.276700 0.021172 0.650949 21 25 28
0.277593 0.023134 0.647203 21 25 28
0.278472 0.025082 0.643468 21 25 28
0.279595 0.027096 0.639967 22 26 28
0.280674 0.029088 0.636450 23 26 29
0.281628 0.031035 0.632846 26 29 33
0.283279 0.033189 0.629850 27 29 32
0.284602 0.035235 0.626592 32 34 36
0.284723 0.036898 0.622360 57 57 58
0.286808 0.039171 0.619766 84 84 83
0.289805 0.041735 0.617918 71 74 72
0.174439 -0.057409 0.703632 44 48 47
0.178488 -0.054732 0.703277 30 32 34
0.182713 -0.052009 0.703091 27 29 32
0.186916 -0.049276 0.702845 24 26 28
0.191682 -0.046412 0.703199 24 26 28
0.196474 -0.043526 0.703538 24 26 28
0.201173 -0.040643 0.703729 25 26 28
0.205282 -0.037876 0.703228 26 28 29
0.209104 -0.035162 0.702384 25 26 28
0.212916 -0.032440 0.701505 25 26 28
0.216362 -0.029795 0.700208 24 26 28
0.219855 -0.027131 0.698945 24 26 28
0.223491 -0.024428 0.697814 25 28 28
0.227036 -0.021739 0.696567 24 26 28
0.230521 -0.019057 0.695240 24 26 26
0.234174 -0.016328 0.694068 23 26 26
0.237651 -0.013635 0.692698 22 26 26
0.240993 -0.010971 0.691175 22 26 28
0.244256 -0.008322 0.689558 22 26 26
0.247527 -0.005666 0.687937 23 26 26
0.250672 -0.003039 0.686180 21 25 25
0.253705 -0.000438 0.684303 21 25 25
0.256586 0.002124 0.682271 22 23 25
0.259234 0.004626 0.680010 20 23 25
0.261578 0.007043 0.677459 20 23 25
0.263871 0.009445 0.674862 20 23 25
0.265997 0.011799 0.672115 19 23 23
0.268052 0.014130 0.669306 19 21 22
0.270078 0.016449 0.666480 19 21 22
0.271983 0.018731 0.663552 19 23 23
0.273609 0.020926 0.660380 19 23 23
0.275143 0.023090 0.657141 19 23 23
0.276533 0.025204 0.653788 20 23 25
0.277902 0.027306 0.650435 20 23 25
0.279190 0.029377 0.647028 20 23 26
0.280457 0.031434 0.643622 20 23 26
0.281300 0.033353 0.639869 22 23 28
0.281874 0.035179 0.635912 22 25 28
0.282859 0.037124 0.632329 24 26 29
0.284098 0.039142 0.628982 25 26 29
0.284937 0.041025 0.625319 27 28 28
0.284806 0.042585 0.620883 30 32 33
0.286227 0.044639 0.617748 40 43 41
0.288400 0.046934 0.615236 62 65 63
0.289520 0.048879 0.611883 75 77 76
0.292121 0.051312 0.609726 58 62 60
0.162289 -0.061734 0.708120 60 60 57
0.163658 -0.059598 0.704647 50 51 51
0.167438 -0.056989 0.704052 32 34 36
0.172292 -0.054151 0.704693 26 28 29
0.176999 -0.051325 0.705113 25 26 28
0.181640 -0.048497 0.705410 23 25 26
0.186147 -0.045681 0.705510 22 23 25
0.190659 -0.042850 0.705575 22 23 25
0.195306 -0.039973 0.705752 23 25 26
0.199839 -0.037107 0.705760 23 25 26
0.203946 -0.034324 0.705256 23 25 26
0.207926 -0.031559 0.704584 24 26 28
0.211896 -0.028787 0.703871 23 25 26
0.215594 -0.026069 0.702838 23 25 26
0.219251 -0.023353 0.701740 23 25 26
0.222961 -0.020617 0.700676 22 23 25
0.226605 -0.017889 0.699522 21 25 25
0.230110 -0.015188 0.698202 21 25 25
0.233748 -0.012448 0.697002 20 23 25
0.237194 -0.009749 0.695587 20 23 25
0.240531 -0.007074 0.694045 20 23 25
0.243817 -0.004407 0.692438 21 25 25
0.247152 -0.001722 0.690866 21 25 25
0.250384 0.000940 0.689180 21 23 25
0.253428 0.003554 0.687297 20 23 25
0.256284 0.006119 0.685223 20 25 25
0.258937 0.008629 0.682949 20 23 23
0.261308 0.011060 0.680403 19 23 23
0.263650 0.013481 0.677833 19 23 22
0.265898 0.015874 0.675178 20 22 23
0.268029 0.018231 0.672419 19 21 22
0.270014 0.020543 0.669532 19 21 22
0.271884 0.022817 0.666548 18 22 22
0.273524 0.025017 0.663366 18 22 22
0.275017 0.027168 0.660065 18 22 22
0.276431 0.029290 0.656710 18 22 22
0.277811 0.031394 0.653342 19 23 23
0.279005 0.033433 0.649827 19 23 25
0.280058 0.035421 0.646210 21 23 26
0.280898 0.037334 0.642431 19 23 25
0.281633 0.039204 0.638588 21 23 26
0.282488 0.041103 0.634871 22 23 26
0.283392 0.043010 0.631220 23 25 26
0.284195 0.044875 0.627507 24 26 28
0.284373 0.046524 0.623301 25 29 29
0.285020 0.048318 0.619512 24 29 28
0.285126 0.049921 0.615310 29 33 33
0.285670 0.051660 0.611493 34 39 39
0.286917 0.053629 0.608264 63 66 65
0.288891 0.055842 0.605628 77 78 77
0.291602 0.058307 0.603576 60 60 60
0.154791 -0.061412 0.707806 52 57 54
0.157059 -0.059111 0.705433 39 43 40
0.161539 -0.056361 0.705724 26 28 29
0.166920 -0.053409 0.707048 24 26 28
0.171865 -0.050526 0.707792 23 25 26
0.176832 -0.047620 0.708513 22 23 25
0.181378 -0.044788 0.708692 22 23 25
0.185780 -0.041972 0.708662 21 23 25
0.190152 -0.039149 0.708561 21 23 25
0.194639 -0.036286 0.708552 22 23 25
0.199157 -0.033402 0.708538 21 23 25
0.203376 -0.030575 0.708152 21 23 25
0.207508 -0.027756 0.707638 22 23 25
0.211617 -0.024931 0.707067 21 23 25
0.215489 -0.022154 0.706209 21 23 25
0.219218 -0.019404 0.705173 21 23 23
0.222938 -0.016648 0.704105 20 22 23
0.226616 -0.013895 0.702969 21 23 23
0.230135 -0.011175 0.701648 21 23 25
0.233720 -0.008432 0.700376 21 23 25
0.237115 -0.005733 0.698891 21 25 23
0.240451 -0.003044 0.697330 21 25 25
0.243703 -0.000373 0.695671 22 25 25
0.246989 0.002312 0.694034 21 25 25
0.250209 0.004982 0.692318 21 25 25
0.253226 0.007600 0.690392 21 26 25
0.256036 0.010162 0.688255 21 26 25
0.258677 0.012676 0.685949 22 26 25
0.261082 0.015122 0.683416 21 26 25
0.263427 0.017550 0.680828 21 25 23
0.265674 0.019948 0.678151 21 23 25
0.267803 0.022308 0.675369 22 23 25
0.269752 0.024611 0.672426 21 23 25
0.271569 0.026871 0.669371 20 23 22
0.273219 0.029075 0.666175 20 22 23
0.274763 0.031241 0.662898 20 23 25
0.276246 0.033382 0.659581 18 22 22
0.277646 0.035491 0.656206 18 22 22
0.278863 0.037536 0.652688 19 23 23
0.279929 0.039525 0.649057 19 22 22
0.280800 0.041443 0.645279 21 23 25
0.281550 0.043312 0.641421 21 23 25
0.282185 0.045134 0.637491 22 23 26
0.282823 0.046947 0.633590 23 25 26
0.283496 0.048763 0.629747 22 23 25
0.284051 0.050529 0.625831 22 25 25
0.284470 0.052239 0.621831 23 28 28
0.284837 0.053920 0.617817 24 26 28
0.284841 0.055466 0.613539 27 31 32
0.284841 0.056997 0.609291 32 34 36
0.284533 0.058410 0.604832 35 37 39
0.286086 0.060464 0.601880 71 72 72
0.288043 0.062657 0.599256 75 76 76
0.290955 0.065189 0.597380 60 61 61
0.145283 -0.063350 0.710067 60 62 62
0.147212 -0.061126 0.707293 50 53 53
0.150553 -0.058618 0.706271 30 34 34
0.155459 -0.055778 0.707138 26 28 28
0.161050 -0.052775 0.708781 22 23 25
0.166639 -0.049748 0.710354 21 23 25
0.171612 -0.046833 0.711129 21 23 25
0.176257 -0.043971 0.711464 19 22 23
0.180769 -0.041124 0.711600 20 22 23
0.185173 -0.038286 0.711567 20 23 23
0.189594 -0.035431 0.711516 21 23 25
0.194137 -0.032533 0.711565 20 23 23
0.198778 -0.029597 0.711685 20 22 22
0.203185 -0.026704 0.711500 20 22 23
0.207422 -0.023839 0.711090 20 23 22
0.211607 -0.020975 0.710590 21 23 25
0.215538 -0.018165 0.709781 21 23 25
0.219295 -0.015390 0.708758 20 23 22
0.222984 -0.012624 0.707639 20 22 23
0.226605 -0.009869 0.706426 22 25 25
0.230087 -0.007144 0.705048 21 23 23
0.233585 -0.004408 0.703670 21 23 22
0.236917 -0.001712 0.702102 21 23 23
0.240207 0.000977 0.700478 22 25 25
0.243421 0.003650 0.698763 22 25 25
0.246652 0.006331 0.697054 22 25 25
0.249778 0.008987 0.695229 22 25 25
0.252769 0.011607 0.693260 23 26 25
0.255560 0.014171 0.691088 24 26 26
0.258200 0.016692 0.688763 23 26 25
0.260645 0.019155 0.686250 23 26 25
0.262982 0.021586 0.683636 24 26 28
0.265186 0.023974 0.680899 21 26 23
0.267272 0.026324 0.678056 24 26 28
0.269208 0.028625 0.675081 24 26 28
0.271012 0.030882 0.671994 23 26 26
0.272688 0.033093 0.668801 24 26 26
0.274286 0.035275 0.665551 23 26 28
0.275799 0.037425 0.662240 20 23 25
0.277235 0.039543 0.658875 20 23 25
0.278507 0.041603 0.655382 19 23 23
0.279641 0.043610 0.651787 20 22 23
0.280539 0.045531 0.648007 20 22 23
0.281341 0.047412 0.644168 20 22 23
0.281935 0.049214 0.640177 20 22 25
0.282478 0.050988 0.636171 21 23 25
0.283040 0.052759 0.632209 21 23 25
0.283449 0.054467 0.628147 21 23 25
0.283860 0.056164 0.624117 22 26 26
0.284199 0.057827 0.620057 24 26 28
0.284557 0.059485 0.616043 24 28 28
0.284755 0.061076 0.611929 26 29 31
0.284385 0.062454 0.607392 30 32 34
0.284338 0.063933 0.603149 33 36 38
0.283756 0.065207 0.598520 43 44 47
0.285376 0.067268 0.595650 77 80 79
0.287203 0.069401 0.592951 65 68 65
0.137192 -0.063175 0.708776 63 63 62
0.139998 -0.060787 0.707138 51 52 53
0.144513 -0.058041 0.707628 27 29 31
0.149618 -0.055154 0.708801 22 23 25
0.155505 -0.052079 0.710878 21 23 25
0.161260 -0.049006 0.712718 20 22 25
0.166503 -0.046022 0.713869 20 21 25
0.171094 -0.043165 0.714180 20 22 23
0.175493 -0.040337 0.714219 19 22 23
0.180091 -0.037447 0.714452 19 21 22
0.184817 -0.034512 0.714792 19 21 22
0.189533 -0.031564 0.715073 19 21 22
0.194233 -0.028604 0.715291 19 21 22
0.198927 -0.025629 0.715460 19 21 22
0.203349 -0.022708 0.715278 19 21 22
0.207595 -0.019819 0.714864 20 22 25
0.211769 -0.016937 0.714336 20 23 23
0.215717 -0.014102 0.713530 21 23 25
0.219487 -0.011306 0.712502 20 23 22
0.223189 -0.008519 0.711378 20 23 22
0.226803 -0.005749 0.710139 20 23 22
0.230251 -0.003017 0.708705 20 23 22
0.233713 -0.000276 0.707269 21 23 23
0.237041 0.002433 0.705678 21 23 23
0.240300 0.005127 0.704001 21 23 23
0.243461 0.007798 0.702212 22 23 23
0.246629 0.010474 0.700421 22 25 25
0.249677 0.013119 0.698497 23 26 25
0.252626 0.015737 0.696468 23 26 25
0.255385 0.018301 0.694243 23 26 25
0.257995 0.020821 0.691870 23 26 25
0.260439 0.023290 0.689334 24 26 26
0.262760 0.025720 0.686682 23 26 25
0.264966 0.028114 0.683925 22 26 25
0.267054 0.030468 0.681062 24 26 28
0.268964 0.032763 0.678040 24 26 28
0.270766 0.035020 0.674928 24 26 28
0.272460 0.037238 0.671729 25 28 28
0.274054 0.039419 0.668451 24 28 28
0.275570 0.041568 0.665118 24 26 28
0.277028 0.043693 0.661750 24 26 28
0.278301 0.045750 0.658233 22 26 26
0.279447 0.047758 0.654623 22 26 28
0.280380 0.049686 0.650848 21 23 25
0.281193 0.051565 0.646992 19 22 23
0.281748 0.053347 0.642940 19 21 22
0.282222 0.055090 0.638848 19 21 22
0.282742 0.056838 0.634824 20 22 23
0.282965 0.058472 0.630580 21 23 25
0.283182 0.060093 0.626364 22 23 25
0.283345 0.061682 0.622136 22 25 25
0.283612 0.063298 0.618025 23 26 28
0.283817 0.064880 0.613897 25 28 29
0.283901 0.066407 0.609701 26 29 33
0.283603 0.067783 0.605233 29 32 36
0.282925 0.069005 0.600504 32 33 38
0.282401 0.070270 0.595937 37 39 41
0.283181 0.072007 0.592424 54 59 60
0.283523 0.073572 0.588595 78 82 83
0.284704 0.075445 0.585435 60 63 64
0.130204 -0.062800 0.708785 64 65 64
0.133391 -0.060340 0.707668 53 54 54
0.137444 -0.057691 0.707633 31 32 34
0.142894 -0.054728 0.709317 23 25 26
0.149794 -0.051425 0.712743 21 23 25
0.155717 -0.048305 0.714861 19 21 22
0.161100 -0.045280 0.716242 19 21 22
0.166024 -0.042340 0.717002 19 21 22
0.170562 -0.039471 0.717244 18 20 22
0.175030 -0.036604 0.717360 18 21 22
0.179730 -0.033666 0.717708 18 20 22
0.184721 -0.030642 0.718351 19 21 22
0.189485 -0.027656 0.718679 19 21 22
0.194219 -0.024662 0.718928 18 20 22
0.198948 -0.021654 0.719126 19 21 22
0.203395 -0.018703 0.718961 19 21 22
0.207661 -0.015787 0.718554 20 23 22
0.211782 -0.012897 0.717954 20 23 22
0.215709 -0.010049 0.717107 20 22 23
0.219454 -0.007242 0.716036 19 22 22
0.223145 -0.004441 0.714884 19 22 22
0.226766 -0.001653 0.713635 20 23 22
0.230213 0.001093 0.712182 20 23 22
0.233680 0.003851 0.710733 20 23 22
0.236999 0.006571 0.709114 20 23 22
0.240241 0.009273 0.707400 21 23 23
0.243377 0.011949 0.705566 21 23 23
0.246506 0.014626 0.703716 21 23 25
0.249546 0.017279 0.701765 21 23 23
0.252462 0.019897 0.699682 22 25 23
0.255191 0.022460 0.697407 22 25 25
0.257766 0.024977 0.694979 22 25 25
0.260202 0.027450 0.692415 22 25 25
0.262490 0.029875 0.689710 23 26 25
0.264680 0.032267 0.686915 22 26 25
0.266809 0.034638 0.684070 24 26 26
0.268756 0.036947 0.681059 24 26 26
0.270585 0.039214 0.677949 25 28 26
0.272310 0.041442 0.674754 25 28 28
0.273921 0.043628 0.671467 25 28 26
0.275434 0.045777 0.668107 25 26 28
0.276865 0.047891 0.664689 26 28 28
0.278148 0.049949 0.661156 25 26 28
0.279286 0.051951 0.657513 24 26 28
0.280198 0.053867 0.653692 22 23 25
0.281001 0.055737 0.649802 21 23 25
0.281533 0.057503 0.645702 20 22 23
0.281977 0.059227 0.641557 20 22 23
0.282468 0.060957 0.637482 18 20 22
0.282618 0.062555 0.633148 18 20 22
0.282704 0.064118 0.628796 19 21 22
0.282690 0.065633 0.624395 20 22 23
0.282782 0.067174 0.620117 21 23 25
0.282751 0.068658 0.615773 22 25 26
0.282566 0.070073 0.611339 23 26 28
0.282217 0.071414 0.606811 26 29 32
0.281795 0.072714 0.602263 28 32 35
0.281215 0.073940 0.597630 30 35 37
0.280940 0.075269 0.593276 34 38 41
0.280066 0.076356 0.588495 42 46 47
0.280702 0.078008 0.584918 75 81 80
0.281414 0.079682 0.581422 67 71 71
0.126196 -0.060033 0.707361 56 57 56
0.130153 -0.057406 0.707263 29 29 32
0.135675 -0.054425 0.709127 24 25 28
0.142829 -0.051057 0.712986 21 23 25
0.148243 -0.048045 0.714557 21 21 22
0.155246 -0.044646 0.718037 20 20 22
0.160485 -0.041625 0.719240 19 20 22
0.165426 -0.038654 0.720020 18 20 22
0.170094 -0.035731 0.720416 18 20 20
0.174787 -0.032786 0.720794 18 20 22
0.179733 -0.029762 0.721428 18 20 22
0.184767 -0.026698 0.722114 18 20 22
0.189551 -0.023681 0.722456 18 20 22
0.194282 -0.020661 0.722690 18 20 22
0.198975 -0.017637 0.722835 18 21 20
0.203415 -0.014665 0.722649 19 21 22
0.207723 -0.011715 0.722277 19 21 22
0.211862 -0.008800 0.721680 18 20 22
0.215793 -0.005932 0.720821 19 21 22
0.219516 -0.003113 0.719708 19 22 22
0.223198 -0.000298 0.718528 19 22 22
0.226813 0.002506 0.717255 19 22 22
0.230263 0.005268 0.715786 19 22 22
0.233715 0.008036 0.714302 19 22 22
0.237027 0.010768 0.712655 20 23 22
0.240271 0.013484 0.710924 20 22 22
0.243400 0.016169 0.709061 21 23 22
0.246483 0.018844 0.707143 21 23 23
0.249472 0.021493 0.705120 21 23 23
0.252347 0.024109 0.702976 23 23 22
0.255067 0.026677 0.700671 22 25 25
0.257628 0.029196 0.698206 22 25 25
0.260055 0.031673 0.695612 23 26 25
0.262306 0.034091 0.692847 22 25 25
0.264446 0.036471 0.689982 22 25 25
0.266556 0.038839 0.687095 23 26 25
0.268510 0.041152 0.684068 23 26 25
0.270356 0.043426 0.680950 24 26 26
0.272124 0.045670 0.677772 24 26 26
0.273754 0.047862 0.674478 24 26 26
0.275218 0.049992 0.671047 25 28 28
0.276569 0.052078 0.667532 25 28 28
0.277802 0.054116 0.663929 25 28 28
0.278910 0.056103 0.660235 24 26 28
0.279797 0.058005 0.656366 23 25 26
0.280612 0.059872 0.652461 23 25 26
0.281178 0.061642 0.648365 22 23 25
0.281639 0.063363 0.644206 22 23 25
0.282098 0.065073 0.640079 20 22 23
0.282220 0.066650 0.635694 19 21 22
0.282276 0.068191 0.631289 18 20 22
0.282165 0.069657 0.626780 20 20 22
0.282055 0.071112 0.622310 18 22 22
0.281831 0.072510 0.617783 19 22 23
0.281512 0.073860 0.613217 21 23 25
0.281005 0.075126 0.608539 24 26 28
0.280691 0.076450 0.604055 25 28 31
0.280569 0.077836 0.599764 28 31 35
0.279888 0.078993 0.595066 31 35 38
0.278605 0.079902 0.589942 33 38 40
0.277750 0.080962 0.585199 36 43 45
0.277875 0.082392 0.581250 65 69 71
0.278610 0.084053 0.577794 74 79 79
0.280937 0.086341 0.575559 53 57 60
0.119305 -0.059679 0.707358 57 57 56
0.122852 -0.057145 0.706781 37 38 39
0.128070 -0.054228 0.708342 25 26 28
0.135092 -0.050881 0.712158 23 23 25
0.141653 -0.047604 0.715279 20 22 23
0.148488 -0.044231 0.718653 20 21 22
0.154370 -0.041052 0.720736 19 18 22
0.159838 -0.037948 0.722229 17 18 20
0.164971 -0.034903 0.723244 17 18 20
0.169772 -0.031923 0.723795 17 18 20
0.174603 -0.028917 0.724335 18 20 22
0.179606 -0.025851 0.725030 18 20 22
0.184644 -0.022759 0.725714 17 21 22
0.189462 -0.019706 0.726088 17 18 20
0.194194 -0.016661 0.726313 18 20 22
0.198872 -0.013615 0.726431 18 20 22
0.203310 -0.010620 0.726231 18 20 22
0.207626 -0.007647 0.725855 18 20 22
0.211768 -0.004710 0.725248 18 20 22
0.215710 -0.001820 0.724387 19 21 22
0.219479 0.001029 0.723307 18 21 22
0.223194 0.003870 0.722146 19 22 22
0.226819 0.006692 0.720864 20 22 22
0.230288 0.009475 0.719396 21 21 22
0.233719 0.012251 0.717871 20 22 22
0.237035 0.014998 0.716208 19 22 22
0.240285 0.017729 0.714463 20 23 22
0.243422 0.020429 0.712589 21 23 23
0.246483 0.023109 0.710626 20 23 23
0.249440 0.025759 0.708550 20 23 22
0.252287 0.028375 0.706354 22 23 23
0.254986 0.030945 0.704007 22 25 25
0.257533 0.033467 0.701506 22 25 23
0.259934 0.035941 0.698861 21 23 23
0.262171 0.038359 0.696061 22 25 25
0.264277 0.040732 0.693138 22 25 25
0.266349 0.043091 0.690192 23 26 25
0.268295 0.045404 0.687133 23 26 25
0.270154 0.047683 0.684003 24 26 26
0.271909 0.049923 0.680788 24 26 26
0.273517 0.052107 0.677450 24 26 26
0.274957 0.054227 0.673971 24 26 26
0.276240 0.056286 0.670368 24 26 26
0.277407 0.058298 0.666681 24 26 26
0.278489 0.060271 0.662938 24 26 28
0.279346 0.062155 0.659018 24 26 28
0.280098 0.063993 0.655032 23 25 26
0.280628 0.065741 0.650878 22 23 25
0.281108 0.067460 0.646711 23 25 26
0.281538 0.069150 0.642532 20 23 25
0.281628 0.070703 0.638094 20 22 23
0.281637 0.072214 0.633623 20 22 23
0.281470 0.073646 0.629041 20 22 23
0.281248 0.075044 0.624452 19 21 22
0.280917 0.076387 0.619813 17 21 22
0.280494 0.077682 0.615137 18 22 22
0.279908 0.078899 0.610371 22 23 25
0.279396 0.080131 0.605706 24 26 28
0.279005 0.081397 0.601180 26 28 31
0.278589 0.082640 0.596673 28 32 35
0.277740 0.083698 0.591865 31 35 38
0.276774 0.084694 0.587011 32 39 41
0.276128 0.085804 0.582449 36 43 45
0.275107 0.086749 0.577641 56 62 65
0.275961 0.088437 0.574297 84 86 90
0.278308 0.090727 0.572095 52 57 59
0.112632 -0.059296 0.707560 68 67 65
0.115921 -0.056822 0.706686 44 45 45
0.120257 -0.054102 0.707170 25 26 28
0.126692 -0.050882 0.710347 24 23 25
0.133890 -0.047452 0.714416 22 23 25
0.140822 -0.044048 0.718034 20 21 22
0.147311 -0.040718 0.720986 19 20 22
0.153336 -0.037472 0.723261 17 18 20
0.159082 -0.034269 0.725109 17 18 20
0.164476 -0.031131 0.726448 17 18 20
0.169579 -0.028047 0.727367 17 18 20
0.174550 -0.024978 0.728069 17 20 19
0.179556 -0.021883 0.728761 17 18 20
0.184571 -0.018768 0.729409 16 20 20
0.189401 -0.015685 0.729788 18 20 22
0.194136 -0.012613 0.730006 17 18 20
0.198825 -0.009539 0.730126 18 20 22
0.203251 -0.006525 0.729901 18 20 22
0.207563 -0.003530 0.729506 18 20 22
0.211703 -0.000574 0.728882 18 20 22
0.215680 0.002345 0.728045 18 20 22
0.219502 0.005227 0.727007 18 20 22
0.223255 0.008097 0.725870 19 22 22
0.226922 0.010949 0.724616 19 22 22
0.230388 0.013745 0.723124 21 21 22
0.233794 0.016529 0.721550 19 21 22
0.237091 0.019284 0.719846 19 21 22
0.240360 0.022034 0.718101 20 23 22
0.243469 0.024737 0.716175 20 23 22
0.246520 0.027425 0.714180 20 23 22
0.249481 0.030087 0.712085 20 23 22
0.252271 0.032694 0.709810 20 23 22
0.254923 0.035258 0.707392 21 23 25
0.257427 0.037772 0.704825 21 23 23
0.259779 0.040235 0.702108 21 23 23
0.262031 0.042663 0.699298 22 25 25
0.264129 0.045036 0.696343 23 26 26
0.266200 0.047398 0.693372 22 25 25
0.268126 0.049706 0.690269 23 26 25
0.269997 0.051991 0.687126 24 26 26
0.271726 0.054222 0.683862 24 26 26
0.273320 0.056401 0.680484 24 26 26
0.274798 0.058533 0.677015 25 28 28
0.276067 0.060584 0.673373 25 26 28
0.277229 0.062590 0.669654 25 26 25
0.278227 0.064528 0.665808 24 26 26
0.278983 0.066369 0.661771 24 26 28
0.279621 0.068158 0.657656 23 26 26
0.280069 0.069866 0.653404 22 23 25
0.280550 0.071576 0.649212 22 23 25
0.280964 0.073250 0.644994 22 23 25
0.281084 0.074802 0.640554 21 23 25
0.281054 0.076285 0.636024 22 23 25
0.280847 0.077688 0.631381 20 22 23
0.280569 0.079050 0.626718 20 22 23
0.280127 0.080335 0.621959 18 20 22
0.279626 0.081583 0.617194 17 21 22
0.279039 0.082782 0.612401 21 23 25
0.278390 0.083944 0.607602 22 23 25
0.277799 0.085113 0.602892 23 25 26
0.277054 0.086207 0.598102 26 29 32
0.276320 0.087292 0.593365 29 33 36
0.275713 0.088413 0.588769 29 36 38
0.274933 0.089450 0.584081 33 40 42
0.273449 0.090185 0.578894 34 42 44
0.272071 0.090946 0.573840 44 52 54
0.273155 0.092709 0.570694 81 89 91
0.275374 0.094939 0.568414 55 60 62
0.105466 -0.059039 0.707009 71 71 69
0.108630 -0.056599 0.706016 58 59 59
0.112541 -0.053980 0.706003 28 29 32
0.118287 -0.050916 0.708385 22 23 25
0.125513 -0.047472 0.712630 22 22 23
0.132653 -0.044012 0.716650 21 21 22
0.139599 -0.040564 0.720310 18 20 22
0.146229 -0.037161 0.723461 17 18 20
0.152611 -0.033789 0.726203 17 18 20
0.158558 -0.030502 0.728309 16 18 19
0.164108 -0.027292 0.729844 17 18 20
0.169346 -0.024144 0.730927 17 18 20
0.174430 -0.021017 0.731760 17 18 20
0.179461 -0.017887 0.732474 17 18 20
0.184480 -0.014742 0.733121 17 18 19
0.189313 -0.011632 0.733493 17 18 20
0.194018 -0.008543 0.733667 17 18 20
0.198686 -0.005450 0.733752 18 20 22
0.203107 -0.002414 0.733508 17 18 20
0.207436 0.000607 0.733120 18 20 22
0.211591 0.003589 0.732500 18 20 22
0.215621 0.006542 0.731705 18 20 22
0.219446 0.009443 0.730654 18 20 22
0.223200 0.012331 0.729501 18 21 22
0.226874 0.015201 0.728237 18 20 22
0.230370 0.018021 0.726758 18 20 22
0.233814 0.020831 0.725206 19 21 22
0.237137 0.023608 0.723509 18 21 22
0.240451 0.026385 0.721790 19 22 22
0.243508 0.029084 0.719787 20 22 22
0.246521 0.031771 0.717731 20 22 23
0.249446 0.034431 0.715577 20 22 23
0.252202 0.037036 0.713243 20 22 25
0.254832 0.039600 0.710779 21 23 25
0.257314 0.042113 0.708166 21 23 22
0.259680 0.044586 0.705440 22 23 25
0.261884 0.047002 0.702557 22 25 25
0.263966 0.049373 0.699562 24 26 26
0.266011 0.051728 0.696541 24 26 26
0.267915 0.054030 0.693393 24 26 26
0.269770 0.056311 0.690210 23 26 25
0.271471 0.058532 0.686893 25 28 28
0.273033 0.060698 0.683461 25 28 28
0.274491 0.062821 0.679948 24 26 26
0.275754 0.064866 0.676274 25 26 26
0.276893 0.066859 0.672508 23 25 25
0.277835 0.068771 0.668584 23 25 26
0.278541 0.070586 0.664474 23 25 25
0.279137 0.072350 0.660295 23 26 25
0.279559 0.074039 0.655993 22 23 25
0.279994 0.075721 0.651735 22 23 25
0.280327 0.077354 0.647420 21 23 25
0.280413 0.078881 0.642925 21 23 25
0.280356 0.080340 0.638344 21 23 25
0.280061 0.081693 0.633599 20 22 23
0.279708 0.083010 0.628848 20 22 23
0.279206 0.084255 0.624013 20 22 23
0.278652 0.085464 0.619179 20 22 23
0.278041 0.086637 0.614342 19 21 22
0.277292 0.087739 0.609435 20 22 23
0.276572 0.088839 0.604598 21 23 25
0.275652 0.089843 0.599645 22 25 26
0.274796 0.090857 0.594790 25 29 32
0.274091 0.091919 0.590099 28 33 36
0.273213 0.092895 0.585314 30 37 39
0.272210 0.093805 0.580478 32 39 41
0.270679 0.094479 0.575284 30 38 40
0.269577 0.095317 0.570467 45 53 55
0.270027 0.096796 0.566863 77 83 85
0.272019 0.098922 0.564434 52 57 59
0.100927 -0.056495 0.704670 67 67 66
0.104085 -0.054058 0.703705 40 42 44
0.109420 -0.051092 0.705649 25 26 28
0.116701 -0.047630 0.710118 22 23 25
0.124009 -0.044122 0.714505 22 22 25
0.131203 -0.040606 0.718625 21 21 23
0.138314 -0.037075 0.722526 18 20 22
0.145274 -0.033548 0.726122 17 18 19
0.151855 -0.030087 0.729132 18 18 20
0.157874 -0.026745 0.731338 16 18 19
0.163504 -0.023483 0.732978 16 18 19
0.168893 -0.020264 0.734247 16 18 19
0.174122 -0.017069 0.735256 17 18 20
0.179203 -0.013896 0.736027 17 18 20
0.184261 -0.010713 0.736715 16 18 19
0.189120 -0.007569 0.737110 16 18 19
0.193814 -0.004458 0.737261 17 18 20
0.198496 -0.001336 0.737353 17 18 20
0.202954 0.001734 0.737140 19 20 22
0.207299 0.004781 0.736758 19 20 22
0.211456 0.007784 0.736125 17 18 20
0.215495 0.010760 0.735327 18 20 22
0.219369 0.013693 0.734314 18 20 22
0.223139 0.016603 0.733160 17 20 20
0.226809 0.019488 0.731874 18 20 22
0.230362 0.022342 0.730438 19 21 22
0.233827 0.025173 0.728889 19 21 22
0.237134 0.027957 0.727154 19 22 22
0.240390 0.030729 0.725352 19 22 22
0.243508 0.033459 0.723393 20 23 22
0.246478 0.036143 0.721268 19 22 22
0.249363 0.038799 0.719049 20 23 22
0.252135 0.041418 0.716710 20 23 23
0.254758 0.043987 0.714215 20 22 22
0.257210 0.046496 0.711548 21 23 23
0.259590 0.048980 0.708811 22 25 25
0.261764 0.051389 0.705874 22 25 25
0.263825 0.053755 0.702832 24 26 26
0.265863 0.056110 0.699779 23 25 25
0.267807 0.058428 0.696644 24 26 28
0.269659 0.060709 0.693432 24 26 26
0.271312 0.062912 0.690043 25 28 28
0.272846 0.065067 0.686558 24 26 25
0.274288 0.067182 0.683003 24 26 25
0.275546 0.069222 0.679297 23 26 25
0.276643 0.071195 0.675465 23 25 25
0.277591 0.073103 0.671519 23 26 25
0.278283 0.074905 0.667368 23 26 25
0.278839 0.076645 0.663124 22 25 25
0.279239 0.078315 0.658773 22 25 25
0.279618 0.079967 0.654437 22 25 25
0.279802 0.081531 0.649964 21 23 23
0.279787 0.083005 0.645353 21 23 23
0.279695 0.084436 0.640715 21 23 23
0.279303 0.085735 0.635860 20 23 23
0.278834 0.086990 0.630982 20 23 22
0.278249 0.088183 0.626052 20 22 23
0.277634 0.089350 0.621141 20 22 23
0.276955 0.090477 0.616223 20 22 23
0.276116 0.091523 0.611218 18 20 22
0.275319 0.092572 0.606295 19 21 22
0.274332 0.093527 0.601265 19 22 22
0.273383 0.094482 0.596312 22 25 28
0.272475 0.095439 0.591439 26 29 32
0.271499 0.096354 0.586559 26 33 35
0.270469 0.097230 0.581683 28 36 38
0.269268 0.098019 0.576721 29 37 39
0.268329 0.098905 0.572007 30 40 41
0.266768 0.099509 0.566867 43 52 53
0.266422 0.100621 0.562689 77 86 88
0.268751 0.102882 0.560534 54 56 58
0.094475 -0.056121 0.704937 78 77 76
0.095940 -0.054094 0.701676 61 61 61
0.100486 -0.051322 0.702649 29 31 33
0.107326 -0.047963 0.706675 25 26 31
0.115132 -0.044326 0.711888 22 23 25
0.122681 -0.040712 0.716629 20 22 23
0.129883 -0.037150 0.720788 19 20 22
0.137219 -0.033516 0.725008 17 18 20
0.144385 -0.029892 0.728895 17 18 20
0.151040 -0.026371 0.732016 16 18 19
0.157156 -0.022968 0.734354 17 18 20
0.162872 -0.019649 0.736107 17 18 20
0.168335 -0.016379 0.737471 17 18 20
0.173650 -0.013131 0.738586 16 18 19
0.178793 -0.009913 0.739428 17 18 20
0.183905 -0.006685 0.740177 16 18 19
0.188814 -0.003501 0.740627 16 18 19
0.193536 -0.000356 0.740802 17 18 20
0.198234 0.002795 0.740905 17 18 20
0.202710 0.005893 0.740702 17 18 20
0.207042 0.008958 0.740292 18 20 22
0.211220 0.011987 0.739670 17 18 20
0.215259 0.014982 0.738857 18 20 22
0.219116 0.017928 0.737809 17 20 19
0.222895 0.020857 0.736649 17 20 19
0.226556 0.023755 0.735336 18 20 22
0.230113 0.026625 0.733888 18 20 22
0.233568 0.029466 0.732310 18 20 22
0.236910 0.032275 0.730593 19 21 22
0.240280 0.035098 0.728894 19 21 22
0.243397 0.037839 0.726913 19 22 22
0.246320 0.040516 0.724717 19 22 22
0.249196 0.043178 0.722467 21 23 25
0.251923 0.045790 0.720058 21 23 25
0.254467 0.048338 0.717459 21 23 25
0.256930 0.050856 0.714780 21 23 25
0.259269 0.053330 0.711979 22 23 25
0.261503 0.055763 0.709078 22 25 25
0.263581 0.058138 0.706029 23 25 25
0.265584 0.060483 0.702917 23 26 25
0.267520 0.062799 0.699749 24 26 26
0.269322 0.065062 0.696464 25 28 28
0.270955 0.067257 0.693031 25 28 26
0.272470 0.069402 0.689502 24 26 26
0.273886 0.071505 0.685898 23 26 25
0.275144 0.073540 0.682166 23 26 25
0.276190 0.075487 0.678258 24 26 25
0.277101 0.077375 0.674253 22 25 25
0.277773 0.079161 0.670056 22 25 23
0.278337 0.080895 0.665792 23 26 25
0.278726 0.082550 0.661404 22 25 25
0.279069 0.084176 0.657008 21 23 25
0.279224 0.085716 0.652481 21 23 25
0.279169 0.087160 0.647807 21 23 25
0.279027 0.088557 0.643098 21 23 25
0.278593 0.089823 0.638179 21 23 25
0.278098 0.091050 0.633251 20 23 22
0.277449 0.092199 0.628238 20 23 23
0.276758 0.093316 0.623236 19 21 22
0.276010 0.094395 0.618234 20 22 23
0.275107 0.095395 0.613151 19 21 22
0.274226 0.096389 0.608133 18 20 22
0.273173 0.097295 0.603024 18 20 22
0.272112 0.098182 0.597958 18 21 23
0.270937 0.099005 0.592850 22 23 28
0.269618 0.099751 0.587679 24 29 32
0.268489 0.100562 0.582706 26 33 35
0.267310 0.101336 0.577744 27 34 36
0.266444 0.102231 0.573069 27 35 38
0.265037 0.102876 0.568025 30 40 42
0.262958 0.103211 0.562526 40 51 52
0.263097 0.104505 0.558742 80 83 89
0.264851 0.106505 0.556183 54 56 58
0.088820 -0.053912 0.700931 78 77 76
0.091724 -0.051547 0.699703 50 50 50
0.097290 -0.048505 0.702125 29 31 33
0.105445 -0.044774 0.707995 25 26 28
0.113465 -0.041033 0.713541 21 23 25
0.121278 -0.037304 0.718672 20 22 23
0.128717 -0.033634 0.723175 18 20 22
0.136209 -0.029912 0.727628 17 18 22
0.143478 -0.026214 0.731671 17 18 20
0.150189 -0.022637 0.734880 17 18 20
0.156397 -0.019172 0.737348 17 18 22
0.162205 -0.015794 0.739222 17 18 20
0.167732 -0.012475 0.740669 17 18 20
0.173114 -0.009177 0.741867 16 18 19
0.178257 -0.005930 0.742708 16 18 19
0.183348 -0.002682 0.743429 16 18 19
0.188243 0.000525 0.743856 16 18 19
0.192989 0.003701 0.744055 17 18 20
0.197687 0.006876 0.744150 17 18 20
0.202175 0.010000 0.743954 17 18 20
0.206556 0.013102 0.743593 17 18 20
0.210748 0.016154 0.742975 17 18 20
0.214778 0.019165 0.742139 17 20 19
0.218635 0.022127 0.741078 17 20 19
0.222456 0.025086 0.739952 17 20 19
0.226119 0.027999 0.738625 17 20 19
0.229892 0.030956 0.737401 17 20 19
0.233340 0.033809 0.735796 18 20 20
0.236790 0.036667 0.734179 18 20 22
0.240037 0.039461 0.732327 18 20 22
0.243131 0.042204 0.730300 18 21 20
0.246074 0.044898 0.728104 20 23 22
0.248926 0.047560 0.725807 21 23 23
0.251678 0.050189 0.723403 22 23 25
0.254317 0.052776 0.720879 21 23 25
0.256777 0.055300 0.718173 22 23 25
0.259169 0.057797 0.715401 22 23 25
0.261371 0.060223 0.712442 22 23 25
0.263472 0.062609 0.709391 23 26 25
0.265479 0.064957 0.706255 23 26 25
0.267398 0.067268 0.703045 24 26 26
0.268936 0.069431 0.699475 25 28 28
0.270539 0.071613 0.695987 25 28 26
0.272026 0.073746 0.692406 24 26 26
0.273386 0.075823 0.688723 23 26 25
0.274660 0.077861 0.684981 23 26 25
0.275694 0.079797 0.681037 23 26 25
0.276585 0.081669 0.676986 22 25 23
0.277274 0.083453 0.672777 22 25 23
0.277837 0.085177 0.668485 22 25 23
0.278215 0.086816 0.664058 22 25 25
0.278539 0.088423 0.659617 21 23 25
0.278683 0.089946 0.655052 21 23 25
0.278609 0.091369 0.650332 21 23 25
0.278441 0.092740 0.645571 20 22 23
0.278001 0.093986 0.640617 20 22 23
0.277465 0.095179 0.635625 20 22 22
0.276776 0.096293 0.630549 20 23 22
0.276027 0.097367 0.625469 19 22 22
0.275191 0.098390 0.620365 19 21 22
0.274251 0.099354 0.615223 18 20 22
0.273306 0.100299 0.610126 18 20 22
0.272169 0.101148 0.604921 18 20 22
0.270954 0.101947 0.599705 17 18 20
0.269535 0.102642 0.594378 16 21 23
0.268166 0.103342 0.589143 21 25 28
0.266598 0.103938 0.583803 23 29 32
0.265239 0.104610 0.578681 25 32 34
0.264016 0.105325 0.573716 27 34 36
0.262622 0.105950 0.568667 28 37 41
0.260696 0.106322 0.563265 30 39 43
0.259060 0.106806 0.558137 47 54 58
0.259443 0.108182 0.554566 78 83 86
0.262016 0.110539 0.552636 56 57 61
0.082346 -0.053592 0.700995 86 87 85
0.083735 -0.051616 0.697667 74 74 73
0.087665 -0.048992 0.697916 37 37 39
0.094416 -0.045620 0.702031 29 31 33
0.103161 -0.041684 0.708772 25 26 28
0.111879 -0.037707 0.715318 21 23 25
0.120062 -0.033827 0.720985 20 22 23
0.127632 -0.030073 0.725693 19 21 23
0.135245 -0.026270 0.730333 18 20 22
0.142581 -0.022507 0.734487 17 18 20
0.149367 -0.018867 0.737810 17 18 22
0.155696 -0.015329 0.740445 17 18 20
0.161630 -0.011881 0.742486 17 18 20
0.167247 -0.008502 0.744049 17 18 22
0.172716 -0.005148 0.745356 17 18 20
0.177891 -0.001862 0.746233 16 18 19
0.182992 0.001418 0.746960 16 18 19
0.187871 0.004646 0.747361 16 18 19
0.192617 0.007847 0.747551 16 18 19
0.197273 0.011034 0.747588 16 18 19
0.201732 0.014171 0.747347 15 17 19
0.206126 0.017298 0.746991 17 18 20
0.210336 0.020377 0.746383 17 18 20
0.214400 0.023417 0.745573 17 18 20
0.218308 0.026413 0.744555 17 20 19
0.222163 0.029400 0.743452 17 20 19
0.226097 0.032421 0.742413 18 20 20
0.229662 0.035323 0.740938 17 18 22
0.233164 0.038209 0.739374 18 21 20
0.236489 0.041037 0.737601 18 21 22
0.239738 0.043843 0.735731 18 21 22
0.242821 0.046593 0.733671 18 21 22
0.245764 0.049296 0.731455 20 22 22
0.248638 0.051975 0.729160 20 23 22
0.251405 0.054616 0.726749 21 23 23
0.254047 0.057211 0.724206 21 23 25
0.256494 0.059735 0.721462 22 23 25
0.258882 0.062235 0.718663 22 23 25
0.261061 0.064656 0.715656 21 23 25
0.263127 0.067030 0.712544 22 23 25
0.265114 0.069372 0.709364 22 25 25
0.267025 0.071681 0.706121 23 25 26
0.268815 0.073939 0.702772 23 26 26
0.270373 0.076102 0.699213 24 26 26
0.271868 0.078235 0.695611 24 26 25
0.272984 0.080213 0.691667 23 26 25
0.274226 0.082234 0.687868 24 26 26
0.275246 0.084158 0.683883 23 26 25
0.276129 0.086020 0.679797 22 25 22
0.276830 0.087799 0.675571 22 25 23
0.277367 0.089503 0.671227 22 25 23
0.277726 0.091123 0.666754 21 23 23
0.278033 0.092712 0.662269 21 23 25
0.278097 0.094189 0.657604 20 22 23
0.278008 0.095590 0.652842 21 23 25
0.277837 0.096945 0.648050 21 23 23
0.277392 0.098172 0.643061 20 22 23
0.276808 0.099326 0.637997 19 21 22
0.276070 0.100400 0.632850 20 23 22
0.275250 0.101425 0.627681 18 21 20
0.274289 0.102373 0.622442 19 21 22
0.273251 0.103274 0.617191 19 21 22
0.272248 0.104173 0.612020 18 20 22
0.271057 0.104976 0.606745 18 20 22
0.269764 0.105717 0.601439 17 18 20
0.268250 0.106345 0.596008 17 18 20
0.266663 0.106924 0.590575 18 22 22
0.264754 0.107343 0.584943 22 26 28
0.263161 0.107885 0.579617 23 29 32
0.261791 0.108510 0.574519 25 32 34
0.260229 0.109033 0.569324 27 34 37
0.258836 0.109616 0.564311 29 36 41
0.257124 0.110039 0.559106 32 40 44
0.255219 0.110357 0.553811 53 59 62
0.256528 0.112133 0.550956 68 75 80
0.259476 0.114660 0.549321 54 59 60
0.077147 -0.051354 0.697487 86 85 84
0.078570 -0.049388 0.694238 74 72 73
0.083371 -0.046530 0.695764 32 34 37
0.091278 -0.042814 0.701558 29 29 31
0.100919 -0.038581 0.709608 27 26 28
0.110432 -0.034327 0.717299 23 25 26
0.118985 -0.030290 0.723509 20 22 23
0.126613 -0.026471 0.728324 19 21 22
0.134239 -0.022614 0.733009 18 20 22
0.141603 -0.018796 0.737224 17 18 22
0.148466 -0.015091 0.740666 16 18 19
0.154924 -0.011477 0.743482 17 18 20
0.161018 -0.007945 0.745736 17 18 22
0.166712 -0.004510 0.747400 17 18 20
0.172203 -0.001117 0.748734 17 18 20
0.177415 0.002209 0.749654 16 18 19
0.182521 0.005519 0.750384 16 18 19
0.187395 0.008771 0.750772 16 18 19
0.192144 0.011999 0.750960 16 18 19
0.196801 0.015210 0.750989 16 18 19
0.201251 0.018366 0.750728 16 18 19
0.205649 0.021516 0.750366 16 18 19
0.209908 0.024631 0.749804 16 18 19
0.214041 0.027713 0.749061 16 18 19
0.218055 0.030763 0.748152 16 18 19
0.222155 0.033852 0.747312 17 18 20
0.225821 0.036798 0.745951 19 18 20
0.229383 0.039713 0.744454 18 20 20
0.232885 0.042613 0.742872 18 20 22
0.236228 0.045460 0.741098 17 18 20
0.239474 0.048277 0.739205 18 20 20
0.242540 0.051031 0.737107 18 21 20
0.245471 0.053738 0.734855 19 22 22
0.248335 0.056422 0.732528 20 23 22
0.251089 0.059066 0.730081 21 23 23
0.253723 0.061665 0.727507 20 22 23
0.256182 0.064197 0.724752 20 22 23
0.258530 0.066687 0.721887 21 23 25
0.260758 0.069128 0.718906 21 23 25
0.262808 0.071499 0.715752 21 23 25
0.264774 0.073833 0.712527 21 23 25
0.266668 0.076136 0.709241 21 23 25
0.268440 0.078386 0.705849 23 25 25
0.270030 0.080560 0.702294 23 25 26
0.271495 0.082678 0.698636 23 26 25
0.272689 0.084682 0.694739 22 23 25
0.273827 0.086655 0.690813 21 23 25
0.274824 0.088564 0.686778 22 25 25
0.275691 0.090411 0.682649 21 23 22
0.276360 0.092168 0.678366 21 23 22
0.276867 0.093849 0.673965 22 23 25
0.277238 0.095463 0.669473 22 25 23
0.277536 0.097036 0.664952 21 23 23
0.277492 0.098453 0.660159 21 23 23
0.277381 0.099830 0.655349 21 23 25
0.277186 0.101159 0.650506 20 22 23
0.276706 0.102353 0.645456 20 23 23
0.276076 0.103469 0.640323 20 23 22
0.275275 0.104496 0.635092 19 22 22
0.274397 0.105475 0.629844 19 22 22
0.273371 0.106374 0.624522 18 20 22
0.272230 0.107207 0.619156 18 20 22
0.271125 0.108039 0.613873 18 20 22
0.269826 0.108770 0.608482 17 18 20
0.268437 0.109445 0.603072 18 20 22
0.266868 0.110023 0.597571 18 20 22
0.265181 0.110530 0.592032 18 20 22
0.263363 0.110961 0.586446 18 22 22
0.261304 0.111265 0.580729 20 23 25
0.259739 0.111776 0.575460 24 28 29
0.257911 0.112150 0.570040 26 31 34
0.256247 0.112582 0.564803 27 34 37
0.255046 0.113212 0.559970 28 35 38
0.252666 0.113281 0.554298 30 37 42
0.251629 0.113957 0.549690 65 73 78
0.253495 0.115977 0.547273 60 66 67
0.257176 0.118848 0.546194 55 61 60
0.072616 -0.048990 0.694886 83 84 84
0.074470 -0.046923 0.692275 68 67 68
0.079276 -0.044048 0.693857 34 34 36
0.088750 -0.039853 0.701929 27 29 31
0.099165 -0.035338 0.711126 24 25 26
0.109185 -0.030874 0.719573 21 23 25
0.118033 -0.026694 0.726228 20 22 25
0.125797 -0.022784 0.731255 19 21 22
0.133405 -0.018882 0.735942 18 20 23
0.140736 -0.015026 0.740135 17 18 22
0.147621 -0.011270 0.743625 16 18 19
0.154198 -0.007579 0.746608 17 18 20
0.160479 -0.003952 0.749113 17 18 20
0.166256 -0.000458 0.750884 17 18 20
0.171758 0.002971 0.752233 16 18 19
0.177007 0.006338 0.753196 16 18 19
0.182105 0.009674 0.753911 16 18 19
0.186973 0.012951 0.754285 16 18 19
0.191720 0.016203 0.754462 16 18 19
0.196375 0.019437 0.754480 16 18 19
0.200823 0.022615 0.754206 16 18 19
0.205242 0.025794 0.753858 16 18 19
0.209531 0.028940 0.753320 15 17 19
0.213950 0.032140 0.752899 16 18 19
0.217949 0.035205 0.751954 17 18 19
0.221836 0.038238 0.750852 17 18 19
0.225509 0.041202 0.749483 16 18 19
0.229062 0.044128 0.747957 16 18 19
0.232564 0.047042 0.746356 17 18 20
0.235901 0.049899 0.744556 18 20 20
0.239136 0.052723 0.742631 18 20 22
0.242237 0.055500 0.740550 19 22 22
0.245169 0.058216 0.738277 19 22 22
0.248059 0.060918 0.735957 19 22 22
0.250819 0.063572 0.733493 20 23 22
0.253453 0.066177 0.730896 21 23 25
0.255900 0.068710 0.728103 21 23 25
0.258246 0.071203 0.725212 21 23 25
0.260495 0.073655 0.722228 21 23 25
0.262511 0.076014 0.719013 21 23 25
0.264445 0.078337 0.715729 21 23 25
0.266311 0.080628 0.712388 21 23 25
0.267990 0.082840 0.708878 22 23 25
0.269538 0.084994 0.705256 23 25 25
0.270996 0.087106 0.701566 22 25 25
0.272332 0.089162 0.697779 22 23 25
0.273277 0.091050 0.693639 21 23 23
0.274264 0.092947 0.689568 22 25 25
0.275102 0.094774 0.685384 21 23 23
0.275760 0.096517 0.681062 21 23 23
0.276234 0.098172 0.676602 22 25 25
0.276643 0.099790 0.672117 22 25 25
0.276912 0.101338 0.667541 21 23 23
0.276762 0.102695 0.662623 21 23 23
0.276629 0.104047 0.657764 21 23 25
0.276350 0.105323 0.652818 20 22 23
0.275824 0.106478 0.647699 19 21 22
0.275164 0.107561 0.642511 19 22 22
0.274301 0.108540 0.637197 19 22 22
0.273430 0.109500 0.631926 19 22 22
0.272421 0.110384 0.626591 18 20 22
0.271275 0.111192 0.621191 18 20 22
0.270065 0.111954 0.615792 18 20 22
0.268673 0.112619 0.610296 18 20 22
0.267203 0.113232 0.604792 17 18 20
0.265571 0.113754 0.599213 17 18 20
0.263869 0.114228 0.593635 17 18 20
0.261980 0.114598 0.587966 17 18 20
0.259774 0.114804 0.582106 18 22 22
0.258040 0.115210 0.576680 21 25 25
0.256038 0.115475 0.571102 25 29 31
0.254052 0.115729 0.565596 25 31 33
0.252519 0.116178 0.560494 27 34 36
0.250628 0.116444 0.555173 28 35 37
0.248267 0.116470 0.549556 35 42 44
0.248743 0.117826 0.546110 74 82 83
0.250670 0.119866 0.543759 53 61 60
0.067875 -0.046724 0.691937 81 84 84
0.070070 -0.044574 0.689845 61 61 63
0.075577 -0.041486 0.692481 33 35 39
0.086164 -0.036912 0.702212 27 29 33
0.099181 -0.031568 0.715135 22 23 26
0.109030 -0.027079 0.723384 21 23 25
0.117177 -0.023043 0.729106 20 22 23
0.125096 -0.019033 0.734372 19 21 23
0.132741 -0.015068 0.739133 19 21 25
0.140081 -0.011160 0.743359 18 20 22
0.146930 -0.007372 0.746816 16 18 19
0.153480 -0.003648 0.749776 17 18 20
0.159838 0.000043 0.752392 17 18 20
0.165690 0.003596 0.754263 16 18 19
0.171249 0.007075 0.755686 16 18 19
0.176559 0.010492 0.756724 16 18 19
0.181671 0.013862 0.757451 16 18 19
0.186557 0.017171 0.757841 16 18 19
0.191300 0.020447 0.758004 16 18 19
0.195927 0.023696 0.757980 16 18 19
0.200378 0.026897 0.757697 16 18 19
0.204807 0.030101 0.757351 16 18 19
0.209373 0.033365 0.757130 15 17 19
0.213526 0.036494 0.756382 16 18 19
0.217552 0.039586 0.755454 16 18 19
0.221473 0.042648 0.754377 16 18 19
0.225137 0.045624 0.752978 17 18 20
0.228676 0.048559 0.751419 17 18 20
0.232187 0.051489 0.749810 16 18 19
0.235520 0.054357 0.747986 17 18 20
0.238727 0.057182 0.746011 18 20 22
0.241820 0.059966 0.743901 19 21 22
0.244781 0.062702 0.741638 20 22 23
0.247684 0.065417 0.739310 20 22 23
0.250426 0.068070 0.736805 20 22 23
0.253069 0.070684 0.734194 20 22 23
0.255523 0.073225 0.731386 21 23 25
0.257853 0.075714 0.728453 21 23 25
0.260093 0.078166 0.725435 21 23 25
0.262123 0.080531 0.722210 21 23 25
0.264023 0.082840 0.718865 21 23 25
0.265826 0.085105 0.715436 21 23 25
0.267489 0.087309 0.711883 22 23 25
0.268996 0.089443 0.708195 21 23 23
0.270421 0.091537 0.704446 21 23 25
0.271745 0.093582 0.700621 21 23 23
0.272907 0.095554 0.696662 21 23 23
0.273751 0.097383 0.692426 21 23 23
0.274461 0.099147 0.688092 21 23 23
0.275113 0.100877 0.683737 21 23 23
0.275582 0.102519 0.679244 21 23 23
0.275929 0.104098 0.674673 21 23 23
0.276163 0.105617 0.670036 21 23 23
0.275988 0.106947 0.665067 20 23 22
0.275779 0.108249 0.660110 20 22 22
0.275418 0.109471 0.655062 19 22 22
0.274849 0.110588 0.649877 19 21 22
0.274134 0.111626 0.644612 19 21 23
0.273277 0.112586 0.639274 18 21 22
0.272335 0.113492 0.633914 18 21 22
0.271291 0.114337 0.628520 18 20 22
0.270133 0.115115 0.623082 18 20 22
0.268853 0.115821 0.617597 18 20 22
0.267400 0.116432 0.612022 18 20 22
0.265859 0.116986 0.606433 17 18 20
0.264195 0.117466 0.600800 17 18 20
0.262463 0.117898 0.595171 17 18 20
0.260518 0.118213 0.589431 17 18 20
0.258199 0.118335 0.583454 16 20 20
0.256250 0.118612 0.577834 19 23 23
0.254043 0.118749 0.572073 21 26 26
0.251841 0.118871 0.566378 23 29 31
0.250124 0.119205 0.561118 23 29 32
0.248208 0.119428 0.555761 26 33 35
0.245695 0.119348 0.550010 29 36 38
0.244598 0.119932 0.545381 46 54 56
0.245980 0.121703 0.542637 62 70 69
0.248064 0.123811 0.540419 54 60 60
0.063232 -0.044474 0.689081 83 85 84
0.065681 -0.042261 0.687389 58 57 60
0.071736 -0.038991 0.690872 34 36 40
0.083180 -0.034094 0.701924 28 29 34
0.097632 -0.028226 0.716980 23 25 26
0.107938 -0.023528 0.725929 21 23 25
0.116175 -0.019408 0.731810 20 22 25
0.124233 -0.015302 0.737299 19 21 25
0.131942 -0.011265 0.742174 18 20 22
0.139352 -0.007286 0.746516 18 20 20
0.146252 -0.003437 0.750057 17 18 20
0.152792 0.000326 0.753016 16 18 19
0.159182 0.004067 0.755683 16 18 19
0.165100 0.007677 0.757647 16 18 19
0.170715 0.011208 0.759142 16 18 19
0.176060 0.014667 0.760222 16 18 19
0.181179 0.018067 0.760954 16 18 19
0.186106 0.021417 0.761388 16 18 19
0.190856 0.024720 0.761553 16 18 19
0.195507 0.028002 0.761547 16 18 19
0.200187 0.031306 0.761534 16 18 19
0.204696 0.034562 0.761270 16 18 19
0.208970 0.037745 0.760687 16 18 19
0.213142 0.040900 0.759946 16 18 19
0.217171 0.044012 0.759007 17 18 20
0.221083 0.047088 0.757904 17 18 20
0.224716 0.050067 0.756452 17 18 20
0.228244 0.053012 0.754862 18 20 22
0.231753 0.055955 0.753233 17 18 20
0.235091 0.058837 0.751397 18 20 22
0.238307 0.061675 0.749411 19 21 22
0.241387 0.064464 0.747265 19 22 22
0.244344 0.067207 0.744978 20 23 22
0.247238 0.069926 0.742617 20 22 23
0.249996 0.072592 0.740107 20 22 23
0.252624 0.075207 0.737459 20 22 23
0.255104 0.077761 0.734654 21 23 25
0.257450 0.080260 0.731714 22 23 25
0.259675 0.082708 0.728655 22 23 25
0.261696 0.085070 0.725396 21 23 25
0.263560 0.087364 0.721987 21 23 25
0.265301 0.089602 0.718470 22 23 25
0.266965 0.091804 0.714892 21 23 25
0.268427 0.093915 0.711132 21 23 23
0.269802 0.095983 0.707307 21 23 25
0.271116 0.098019 0.703446 21 23 25
0.272280 0.099985 0.699464 21 23 25
0.273235 0.101853 0.695306 21 23 23
0.274040 0.103648 0.691034 21 23 25
0.274472 0.105272 0.686439 20 23 22
0.274839 0.106857 0.681822 19 22 22
0.275118 0.108393 0.677160 20 23 22
0.275274 0.109864 0.672424 20 23 22
0.275144 0.111196 0.667466 20 23 22
0.274882 0.112458 0.662433 19 22 22
0.274532 0.113666 0.657366 19 22 22
0.273923 0.114745 0.652115 19 21 22
0.273133 0.115728 0.646754 20 22 23
0.272306 0.116679 0.641413 19 21 22
0.271366 0.117563 0.636025 19 21 22
0.270190 0.118324 0.630488 19 21 22
0.268928 0.119030 0.624934 18 20 22
0.267598 0.119688 0.619378 18 20 22
0.266101 0.120252 0.613739 17 20 22
0.264483 0.120743 0.608058 16 18 20
0.262808 0.121190 0.602389 17 18 20
0.260996 0.121555 0.596669 17 18 20
0.258982 0.121808 0.590846 16 18 19
0.256760 0.121943 0.584919 17 18 20
0.254391 0.121990 0.578940 17 20 20
0.251944 0.121980 0.572966 19 23 23
0.249574 0.121988 0.567119 21 26 28
0.247731 0.122233 0.561744 22 29 31
0.245642 0.122341 0.556236 23 29 32
0.243484 0.122399 0.550736 25 32 34
0.241262 0.122409 0.545247 27 35 37
0.240149 0.122946 0.540644 74 80 83
0.241616 0.124742 0.537993 56 62 64
0.242597 0.126295 0.534996 57 61 60
0.058909 -0.042174 0.686649 81 84 82
0.061299 -0.039984 0.684902 55 55 57
0.067693 -0.036584 0.688942 36 36 40
0.080302 -0.031255 0.701776 28 29 34
0.095946 -0.024911 0.718648 24 26 28
0.106644 -0.020016 0.728215 22 23 25
0.115030 -0.015793 0.734343 21 23 26
0.123276 -0.011571 0.740128 20 22 25
0.131133 -0.007434 0.745232 18 20 22
0.138576 -0.003394 0.749643 18 20 22
0.145518 0.000514 0.753257 17 18 20
0.152104 0.004333 0.756289 17 18 20
0.158539 0.008130 0.759027 17 18 20
0.164480 0.011783 0.761025 16 18 19
0.170099 0.015349 0.762527 16 18 19
0.175496 0.018856 0.763672 16 18 19
0.180646 0.022296 0.764440 17 18 19
0.185596 0.025681 0.764898 18 18 19
0.190372 0.029019 0.765087 18 18 19
0.195296 0.032423 0.765412 18 18 19
0.199773 0.035679 0.765137 16 18 19
0.204158 0.038912 0.764711 17 20 19
0.208421 0.042111 0.764101 17 18 20
0.212609 0.045291 0.763368 17 18 20
0.216610 0.048410 0.762382 17 18 20
0.220509 0.051497 0.761248 18 20 22
0.224139 0.054490 0.759778 18 20 22
0.227645 0.057440 0.758145 18 20 22
0.231123 0.060383 0.756465 19 21 22
0.234468 0.063279 0.754618 20 22 23
0.237687 0.066129 0.752617 20 22 23
0.240764 0.068925 0.750450 21 23 25
0.243755 0.071689 0.748181 21 23 25
0.246684 0.074430 0.745839 21 23 25
0.249449 0.077105 0.743315 20 23 23
0.252043 0.079711 0.740606 20 22 23
0.254549 0.082280 0.737808 22 23 25
0.256880 0.084776 0.734829 22 23 25
0.259070 0.087211 0.731710 22 23 25
0.261088 0.089572 0.728422 22 23 25
0.262950 0.091863 0.724987 22 23 25
0.264681 0.094095 0.721433 23 25 26
0.266293 0.096271 0.717778 22 25 25
0.267738 0.098370 0.713975 22 23 25
0.269110 0.100432 0.710122 21 23 25
0.270399 0.102451 0.706210 21 23 25
0.271577 0.104415 0.702215 21 23 23
0.272509 0.106265 0.698007 21 23 23
0.273288 0.108038 0.693682 20 23 23
0.273873 0.109717 0.689205 20 23 22
0.274323 0.111326 0.684636 20 23 22
0.274289 0.112709 0.679651 19 22 22
0.274384 0.114138 0.674829 19 21 22
0.274212 0.115434 0.669804 19 22 22
0.273901 0.116655 0.664697 20 22 22
0.273507 0.117824 0.659561 19 22 22
0.272841 0.118856 0.654230 18 21 22
0.272032 0.119808 0.648824 18 22 22
0.271133 0.120703 0.643391 20 22 22
0.270195 0.121565 0.637977 19 22 22
0.269009 0.122297 0.632402 18 20 22
0.267667 0.122939 0.626750 18 20 22
0.266267 0.123538 0.621107 18 20 22
0.264741 0.124061 0.615416 17 20 20
0.263078 0.124502 0.609669 16 20 20
0.261350 0.124896 0.603930 17 18 20
0.259459 0.125194 0.598117 17 18 20
0.257357 0.125373 0.592196 16 18 19
0.255051 0.125435 0.586175 16 18 19
0.252603 0.125410 0.580107 17 18 20
0.250046 0.125312 0.574021 18 20 22
0.247511 0.125206 0.568020 20 23 26
0.245389 0.125284 0.562408 22 26 28
0.243352 0.125386 0.556922 21 28 29
0.240900 0.125267 0.551177 22 29 31
0.238538 0.125174 0.545565 24 31 36
0.235721 0.124837 0.539674 34 41 46
0.236250 0.126154 0.536337 62 70 70
0.237978 0.128068 0.533905 56 60 58
0.054308 -0.039996 0.683763 83 83 81
0.056766 -0.037793 0.682149 57 57 58
0.063269 -0.034329 0.686421 35 35 39
0.077756 -0.028322 0.702096 29 31 34
0.093978 -0.021673 0.719927 24 26 28
0.105043 -0.016582 0.730087 22 23 26
0.113730 -0.012204 0.736684 21 23 25
0.122130 -0.007874 0.742720 19 21 23
0.130144 -0.003632 0.748074 18 20 22
0.137615 0.000467 0.752548 18 18 20
0.144585 0.004430 0.756220 18 18 20
0.151278 0.008328 0.759411 18 18 19
0.157737 0.012172 0.762192 18 18 19
0.163695 0.015868 0.764220 17 17 19
0.169336 0.019474 0.765753 17 17 19
0.174738 0.023015 0.766908 16 18 19
0.179878 0.026478 0.767661 16 18 19
0.184804 0.029881 0.768085 17 18 19
0.189863 0.033347 0.768625 17 18 19
0.194548 0.036689 0.768644 17 18 20
0.199028 0.039968 0.768365 18 20 22
0.203386 0.043212 0.767898 18 20 22
0.207598 0.046411 0.767217 18 20 22
0.211762 0.049600 0.766445 18 20 22
0.215730 0.052723 0.765409 19 21 22
0.219626 0.055825 0.764261 20 22 23
0.223270 0.058836 0.762793 20 22 23
0.226747 0.061787 0.761113 19 21 22
0.230220 0.064740 0.759412 21 23 25
0.233569 0.067648 0.757556 22 23 25
0.236816 0.070518 0.755572 23 23 25
0.239935 0.073340 0.753433 23 23 25
0.242956 0.076124 0.751180 23 25 26
0.245889 0.078872 0.748824 22 23 25
0.248630 0.081544 0.746255 23 26 26
0.251216 0.084150 0.743518 23 25 26
0.253733 0.086727 0.740711 23 25 26
0.256048 0.089218 0.737693 24 26 28
0.258222 0.091647 0.734535 24 26 28
0.260261 0.094016 0.731247 24 26 28
0.262132 0.096309 0.727798 24 26 28
0.263866 0.098538 0.724224 23 26 25
0.265471 0.100707 0.720537 24 26 26
0.266907 0.102797 0.716699 24 26 26
0.268299 0.104862 0.712841 23 25 26
0.269575 0.106868 0.708891 22 23 25
0.270724 0.108812 0.704841 21 23 25
0.271636 0.110643 0.700588 19 22 22
0.272414 0.112406 0.696236 21 23 23
0.272994 0.114070 0.691727 20 23 22
0.273422 0.115656 0.687109 19 22 22
0.273683 0.117156 0.682372 19 21 22
0.273434 0.118412 0.677198 19 22 22
0.273208 0.119666 0.672094 19 22 22
0.272835 0.120839 0.666901 18 21 22
0.272363 0.121953 0.661667 18 20 22
0.271659 0.122945 0.656272 18 21 22
0.270820 0.123859 0.650810 18 21 22
0.269834 0.124690 0.645272 19 21 22
0.268807 0.125486 0.639752 18 20 22
0.267646 0.126204 0.634172 18 20 22
0.266304 0.126820 0.628491 18 20 22
0.264863 0.127372 0.622785 18 20 22
0.263309 0.127853 0.617043 17 18 20
0.261616 0.128251 0.611244 17 18 20
0.259823 0.128583 0.605422 17 18 20
0.257870 0.128821 0.599532 17 18 20
0.255709 0.128939 0.593535 16 18 19
0.253362 0.128948 0.587454 16 18 19
0.250805 0.128834 0.581271 17 18 20
0.248153 0.128654 0.575083 16 20 20
0.245516 0.128463 0.568978 17 21 22
0.243125 0.128375 0.563133 19 23 25
0.240860 0.128331 0.557451 21 25 26
0.238269 0.128107 0.551581 22 26 28
0.236050 0.128051 0.546060 23 29 32
0.232864 0.127491 0.539871 24 31 34
0.231984 0.128080 0.535477 68 75 75
0.232628 0.129433 0.532254 58 62 59
0.233679 0.130990 0.529350 61 55 56
0.051182 -0.038843 0.688326 120 117 113
0.049578 -0.037903 0.680635 83 83 81
0.052149 -0.035671 0.679227 63 63 64
0.057739 -0.032469 0.682235 34 34 37
0.073653 -0.025898 0.700148 28 29 32
0.091991 -0.018433 0.721186 25 25 28
0.103571 -0.013091 0.732159 23 23 25
0.112551 -0.008552 0.739217 22 22 25
0.121078 -0.004121 0.745471 21 21 23
0.129206 0.000216 0.751015 19 18 22
0.136781 0.004401 0.755657 19 18 20
0.143803 0.008428 0.759418 19 18 20
0.150468 0.012360 0.762588 18 18 19
0.156923 0.016244 0.765374 18 18 19
0.162928 0.019992 0.767471 17 17 19
0.168604 0.023644 0.769055 16 18 20
0.173963 0.027200 0.770153 16 18 19
0.179076 0.030682 0.770870 16 18 19
0.184251 0.034203 0.771609 17 18 19
0.189025 0.037590 0.771783 17 18 20
0.193718 0.040959 0.771807 19 21 22
0.198208 0.044263 0.771533 19 21 22
0.202540 0.047517 0.771025 21 23 25
0.206670 0.050703 0.770234 21 23 25
0.210750 0.053878 0.769353 21 23 25
0.214665 0.056996 0.768243 22 23 25
0.218562 0.060114 0.767087 24 26 28
0.222226 0.063146 0.765631 24 26 28
0.225713 0.066111 0.763949 24 25 26
0.229202 0.069082 0.762254 27 29 31
0.232539 0.071996 0.760370 26 28 28
0.235795 0.074878 0.758380 28 29 31
0.238926 0.077713 0.756241 28 29 31
0.241942 0.080502 0.753966 28 31 32
0.244888 0.083263 0.751608 29 31 33
0.247670 0.085956 0.749066 29 31 33
0.250282 0.088577 0.746339 28 29 32
0.252801 0.091157 0.743514 28 29 32
0.255132 0.093656 0.740493 27 29 31
0.257282 0.096075 0.737288 26 28 29
0.259306 0.098436 0.733963 28 29 32
0.261203 0.100738 0.730518 27 29 31
0.262994 0.102989 0.726979 26 29 28
0.264627 0.105166 0.723297 25 28 28
0.266066 0.107251 0.719437 26 28 28
0.267444 0.109304 0.715540 24 26 26
0.268707 0.111297 0.711551 23 25 26
0.269825 0.113219 0.707446 22 23 25
0.270720 0.115032 0.703149 21 23 25
0.271523 0.116795 0.698794 21 23 25
0.272127 0.118458 0.694281 20 22 23
0.272522 0.120015 0.689603 19 22 22
0.272747 0.121484 0.684803 18 21 20
0.272497 0.122720 0.679598 18 21 20
0.272216 0.123930 0.674413 19 22 22
0.271787 0.125057 0.669139 18 21 22
0.271268 0.126128 0.663832 19 21 22
0.270543 0.127087 0.658389 18 20 22
0.269626 0.127941 0.652827 17 21 22
0.268498 0.128680 0.647133 18 20 22
0.267377 0.129406 0.641502 18 20 22
0.266244 0.130111 0.635919 18 20 22
0.264888 0.130693 0.630199 17 18 20
0.263421 0.131204 0.624442 17 18 20
0.261839 0.131643 0.618648 17 18 20
0.260070 0.131974 0.612757 17 20 19
0.258219 0.132248 0.606860 19 21 20
0.256234 0.132438 0.600916 17 20 19
0.253966 0.132470 0.594804 16 18 19
0.251577 0.132424 0.588661 15 17 19
0.249207 0.132368 0.582603 16 18 19
0.246212 0.131980 0.576112 17 18 20
0.243526 0.131728 0.569942 17 18 20
0.240992 0.131532 0.563961 18 20 22
0.238373 0.131276 0.557983 19 23 25
0.235540 0.130892 0.551906 20 26 28
0.232938 0.130607 0.546076 21 28 29
0.229960 0.130112 0.540027 23 29 31
0.227569 0.129899 0.534489 43 50 51
0.227914 0.131083 0.531051 60 64 61
0.228661 0.132469 0.527934 60 57 56
0.045122 -0.035770 0.677866 83 84 82
0.047552 -0.033587 0.676284 74 74 73
0.052264 -0.030652 0.678062 36 37 39
0.067707 -0.024121 0.695471 29 31 33
0.089950 -0.015204 0.722374 23 23 28
0.102429 -0.009468 0.734725 22 22 25
0.112052 -0.004644 0.742743 21 21 23
0.120307 -0.000244 0.748645 20 20 22
0.128553 0.004193 0.754386 19 18 20
0.136168 0.008446 0.759106 19 18 20
0.143194 0.012522 0.762889 18 18 19
0.149776 0.016467 0.765956 18 18 19
0.156163 0.020368 0.768662 18 18 19
0.162153 0.024149 0.770746 18 18 19
0.167775 0.027814 0.772262 16 18 22
0.173094 0.031385 0.773308 17 18 20
0.178439 0.034983 0.774326 17 18 20
0.183345 0.038431 0.774716 19 21 22
0.188102 0.041835 0.774864 20 22 22
0.192798 0.045228 0.774886 21 23 25
0.197287 0.048553 0.774606 21 23 25
0.201588 0.051815 0.774051 23 25 26
0.205695 0.055010 0.773222 25 28 28
0.209697 0.058171 0.772237 27 29 31
0.213551 0.061280 0.771044 29 32 33
0.217400 0.064393 0.769821 30 32 34
0.221008 0.067414 0.768287 33 35 37
0.224478 0.070384 0.766575 34 37 38
0.227938 0.073354 0.764834 37 39 40
0.231266 0.076272 0.762928 40 42 44
0.234509 0.079159 0.760912 42 44 45
0.237633 0.081997 0.758752 44 47 47
0.240667 0.084800 0.756483 46 49 50
0.243604 0.087563 0.754101 44 46 48
0.246416 0.090273 0.751578 42 44 46
0.249057 0.092909 0.748865 42 44 46
0.251630 0.095515 0.746083 41 44 45
0.254001 0.098032 0.743086 38 42 43
0.256181 0.100463 0.739894 34 38 38
0.258216 0.102827 0.736559 35 37 38
0.260138 0.105138 0.733119 33 35 34
0.261964 0.107401 0.729595 31 34 34
0.263637 0.109591 0.725930 29 32 32
0.265148 0.111703 0.722120 29 31 32
0.266507 0.113739 0.718179 26 29 29
0.267725 0.115705 0.714120 24 26 28
0.268846 0.117619 0.709991 24 26 28
0.269735 0.119419 0.705663 22 23 25
0.270553 0.121178 0.701297 20 23 25
0.271138 0.122819 0.696737 20 23 22
0.271531 0.124361 0.692030 19 22 22
0.271748 0.125810 0.687195 18 21 20
0.271733 0.127138 0.682181 18 21 19
0.271200 0.128209 0.676728 18 21 19
0.270712 0.129287 0.671369 19 21 22
0.270125 0.130304 0.665970 17 21 22
0.269340 0.131212 0.660443 17 21 22
0.268356 0.132009 0.654790 16 20 20
0.267170 0.132694 0.649015 17 18 20
0.266005 0.133372 0.643316 17 18 20
0.264827 0.134029 0.637665 18 20 22
0.263430 0.134562 0.631880 17 18 20
0.261942 0.135036 0.626078 17 18 20
0.260321 0.135426 0.620222 17 18 20
0.258479 0.135690 0.614241 17 20 19
0.256550 0.135894 0.608252 17 20 20
0.254537 0.136037 0.602256 16 18 19
0.252202 0.136002 0.596062 16 18 19
0.249742 0.135884 0.589833 17 18 19
0.247301 0.135758 0.583692 16 18 19
0.244264 0.135309 0.577139 16 18 19
0.241457 0.134957 0.570847 17 18 20
0.238908 0.134719 0.564831 17 18 20
0.236069 0.134313 0.558656 17 23 23
0.232940 0.133738 0.552328 20 23 26
0.229983 0.133233 0.546206 21 26 28
0.226750 0.132564 0.539945 22 26 29
0.223674 0.131958 0.533876 29 33 36
0.223502 0.132855 0.530054 61 66 65
0.224126 0.134161 0.526854 60 60 58
0.041237 -0.033490 0.675915 83 84 81
0.043301 -0.031434 0.673810 75 76 75
0.047972 -0.028495 0.675584 35 37 39
0.062634 -0.022114 0.692004 29 31 35
0.087393 -0.012147 0.722818 22 23 28
0.101417 -0.005776 0.737503 22 22 23
0.111631 -0.000670 0.746420 21 21 22
0.120019 0.003839 0.752540 19 18 22
0.128266 0.008338 0.758306 20 20 22
0.135752 0.012598 0.762864 18 18 19
0.142664 0.016681 0.766504 18 18 19
0.149197 0.020652 0.769514 18 18 19
0.155530 0.024575 0.772155 19 18 20
0.161456 0.028368 0.774158 19 18 20
0.166991 0.032034 0.775560 18 20 22
0.172448 0.035689 0.776789 18 20 22
0.177519 0.039212 0.777447 19 21 22
0.182429 0.042686 0.777839 21 23 25
0.187176 0.046111 0.777970 23 25 26
0.191852 0.049520 0.777963 25 26 28
0.196314 0.052856 0.777643 28 29 32
0.200524 0.056101 0.776967 29 31 33
0.204533 0.059273 0.776008 30 33 34
0.208416 0.062401 0.774867 35 38 38
0.212167 0.065482 0.773542 38 40 40
0.215897 0.068560 0.772168 39 42 42
0.219450 0.071570 0.770562 45 48 48
0.222867 0.074527 0.768779 50 52 53
0.226191 0.077449 0.766872 52 55 56
0.229395 0.080322 0.764813 58 60 61
0.232547 0.083177 0.762687 62 64 65
0.235601 0.085991 0.760440 68 70 70
0.238618 0.088790 0.758146 70 74 73
0.241591 0.091572 0.755798 74 77 77
0.244444 0.094302 0.753312 75 79 79
0.247140 0.096964 0.750652 73 76 77
0.249836 0.099625 0.747993 71 76 77
0.252365 0.102212 0.745155 67 72 73
0.254704 0.104712 0.742117 56 63 61
0.256823 0.107111 0.738855 54 57 57
0.258823 0.109453 0.735479 53 54 54
0.260688 0.111730 0.731975 46 46 47
0.262405 0.113935 0.728335 39 41 43
0.263961 0.116061 0.724550 35 37 39
0.265349 0.118103 0.720614 32 34 36
0.266577 0.120065 0.716543 30 32 34
0.267706 0.121974 0.712398 27 29 31
0.268633 0.123780 0.708082 25 26 28
0.269445 0.125524 0.703685 22 26 26
0.270009 0.127142 0.699078 21 23 25
0.270418 0.128676 0.694359 20 22 23
0.270630 0.130107 0.689491 19 22 22
0.270660 0.131439 0.684492 18 21 22
0.270151 0.132499 0.679031 18 21 20
0.269632 0.133541 0.673612 18 21 20
0.268946 0.134487 0.668091 17 21 20
0.268075 0.135329 0.662455 16 20 20
0.267010 0.136061 0.656699 16 20 20
0.265766 0.136690 0.650841 17 18 20
0.264550 0.137317 0.645069 17 18 20
0.263288 0.137905 0.639315 16 20 20
0.261833 0.138381 0.633451 17 20 19
0.260284 0.138793 0.627568 17 18 20
0.258628 0.139136 0.621655 17 18 20
0.256749 0.139350 0.615616 17 18 20
0.254717 0.139468 0.609512 17 18 20
0.252691 0.139573 0.603480 17 18 20
0.250287 0.139466 0.597201 17 18 20
0.247837 0.139318 0.590954 17 18 20
0.245433 0.139175 0.584816 16 18 19
0.242259 0.138615 0.578125 17 18 20
0.239345 0.138170 0.571720 16 18 19
0.236719 0.137855 0.565620 16 18 19
0.233664 0.137298 0.559251 17 20 22
0.230371 0.136596 0.552771 18 22 25
0.227178 0.135927 0.546446 20 23 25
0.223684 0.135079 0.539965 22 25 26
0.220379 0.134311 0.533705 25 28 29
0.219477 0.134800 0.529331 60 64 64
0.220943 0.136541 0.526765 57 60 59
0.037918 -0.031049 0.674792 83 83 80
0.039297 -0.029235 0.671667 77 78 76
0.044213 -0.026193 0.673859 40 41 41
0.056858 -0.020408 0.687437 30 32 36
0.082928 -0.009771 0.720454 23 25 28
0.101910 -0.001515 0.742502 22 22 25
0.111141 0.003319 0.750038 18 20 22
0.120200 0.008136 0.757147 18 18 22
0.128023 0.012541 0.762332 18 20 22
0.135384 0.016809 0.766731 18 18 19
0.142083 0.020860 0.770087 18 18 19
0.148532 0.024843 0.772992 19 20 22
0.154752 0.028764 0.775488 19 18 20
0.160536 0.032539 0.777305 21 21 22
0.166215 0.036293 0.778904 19 21 22
0.171341 0.039849 0.779694 20 22 23
0.176382 0.043387 0.780313 21 23 25
0.181258 0.046874 0.780662 24 26 28
0.185930 0.050292 0.780695 28 29 32
0.190497 0.053679 0.780546 31 33 35
0.194843 0.056988 0.780076 35 37 39
0.198946 0.060206 0.779262 38 41 41
0.202813 0.063334 0.778125 42 45 45
0.206517 0.066402 0.776760 46 47 48
0.210082 0.069416 0.775204 48 51 50
0.213626 0.072426 0.773604 51 54 54
0.217065 0.075396 0.771862 53 56 56
0.220372 0.078313 0.769947 57 60 60
0.223532 0.081170 0.767848 61 63 64
0.226574 0.083978 0.765601 65 67 68
0.229641 0.086799 0.763379 71 74 74
0.232532 0.089544 0.760949 78 81 80
0.235411 0.092284 0.758501 83 86 85
0.238394 0.095071 0.756169 88 92 90
0.241317 0.097832 0.753766 94 97 95
0.244110 0.100536 0.751216 99 102 100
0.246950 0.103260 0.748716 100 103 103
0.249757 0.105971 0.746181 99 103 102
0.252361 0.108589 0.743425 96 101 101
0.254678 0.111074 0.740364 94 98 98
0.256887 0.113508 0.737199 87 89 90
0.258910 0.115852 0.733848 75 75 79
0.260749 0.118107 0.730318 60 62 66
0.262405 0.120273 0.726619 49 51 55
0.263949 0.122381 0.722823 44 48 50
0.265251 0.124368 0.718804 38 40 42
0.266396 0.126274 0.714653 32 34 36
0.267357 0.128085 0.710347 28 31 32
0.268163 0.129814 0.705920 26 29 29
0.268765 0.131436 0.701325 24 26 28
0.269205 0.132970 0.696610 22 23 25
0.269405 0.134378 0.691703 20 22 23
0.269479 0.135713 0.686719 20 22 22
0.269280 0.136903 0.681519 18 22 22
0.268546 0.137817 0.675866 18 20 20
0.267783 0.138702 0.670243 17 18 20
0.266809 0.139469 0.664482 16 20 20
0.265671 0.140138 0.658628 16 20 20
0.264370 0.140710 0.652688 17 18 20
0.263087 0.141275 0.646826 16 18 20
0.261759 0.141802 0.640985 16 20 20
0.260218 0.142205 0.635018 16 20 20
0.258564 0.142534 0.629014 17 18 20
0.256831 0.142807 0.623008 15 18 19
0.254912 0.142967 0.616906 16 18 19
0.252806 0.143014 0.610712 17 18 20
0.250700 0.143043 0.604588 17 18 20
0.248247 0.142875 0.598240 16 18 19
0.245755 0.142668 0.591933 16 18 19
0.243306 0.142465 0.585734 16 18 19
0.240108 0.141851 0.578995 16 18 19
0.237024 0.141276 0.572428 16 18 19
0.234158 0.140797 0.566113 16 18 19
0.230941 0.140113 0.559593 17 18 20
0.227583 0.139333 0.553040 18 20 22
0.224231 0.138538 0.546571 18 23 23
0.220466 0.137500 0.539861 21 25 26
0.216779 0.136484 0.533292 23 26 28
0.215174 0.136569 0.528381 50 55 55
0.216220 0.138073 0.525511 58 61 61
0.218689 0.140346 0.523715 64 54 53
0.035087 -0.028459 0.674394 83 83 80
0.035519 -0.026991 0.669828 78 79 78
0.039283 -0.024340 0.670336 57 57 58
0.049956 -0.019177 0.681117 31 33 37
0.100531 0.002112 0.744816 19 21 25
0.110236 0.007191 0.753093 18 20 23
0.119558 0.012176 0.760624 18 20 22
0.127314 0.016612 0.765739 17 18 20
0.134638 0.020919 0.770108 17 18 22
0.141229 0.024973 0.773327 19 20 22
0.147545 0.028946 0.776060 20 21 22
0.153659 0.032864 0.778423 20 22 23
0.159293 0.036615 0.780044 22 22 23
0.164802 0.040334 0.781423 22 23 25
0.169796 0.043865 0.782043 24 26 28
0.174747 0.047392 0.782549 26 28 29
0.179462 0.050836 0.782691 30 32 34
0.183897 0.054178 0.782420 35 37 39
0.188347 0.057536 0.782129 38 40 42
0.192562 0.060806 0.781497 41 44 44
0.196557 0.063993 0.780553 44 47 45
0.200196 0.067037 0.779134 46 49 49
0.203693 0.070025 0.777517 49 51 51
0.207021 0.072945 0.775675 50 52 52
0.210243 0.075823 0.773692 52 54 54
0.213419 0.078683 0.771643 54 57 57
0.216570 0.081535 0.769555 58 61 60
0.219629 0.084348 0.767349 62 65 65
0.222508 0.087084 0.764924 70 72 72
0.225575 0.089904 0.762717 75 77 77
0.228385 0.092610 0.760206 81 84 82
0.231132 0.095289 0.757622 90 91 89
0.234152 0.098090 0.755349 94 97 94
0.237225 0.100917 0.753130 99 102 99
0.240079 0.103646 0.750660 106 109 106
0.242992 0.106402 0.748254 108 111 109
0.246043 0.109222 0.745996 110 113 111
0.248993 0.111997 0.743624 110 113 112
0.251596 0.114611 0.740874 110 113 111
0.254045 0.117152 0.737963 108 111 110
0.256363 0.119629 0.734920 103 106 106
0.258494 0.122016 0.731689 95 98 99
0.260290 0.124240 0.728121 84 86 89
0.262083 0.126458 0.724568 68 72 74
0.263605 0.128542 0.720757 55 59 60
0.264802 0.130462 0.716639 49 53 54
0.265796 0.132277 0.712345 41 44 46
0.266640 0.134011 0.707932 33 37 38
0.267350 0.135671 0.703421 29 31 33
0.267862 0.137225 0.698751 25 28 29
0.268091 0.138630 0.693847 23 25 25
0.268202 0.139965 0.688870 21 23 25
0.268076 0.141171 0.683712 19 22 22
0.267502 0.142140 0.678179 17 21 22
0.266615 0.142939 0.672407 17 18 20
0.265583 0.143650 0.666560 16 20 20
0.264379 0.144259 0.660614 16 20 20
0.263043 0.144784 0.654610 15 18 19
0.261686 0.145283 0.648651 16 20 20
0.260265 0.145734 0.642697 16 20 20
0.258614 0.146050 0.636602 17 18 20
0.256928 0.146332 0.630542 16 20 20
0.255121 0.146534 0.624443 16 18 19
0.253120 0.146618 0.618242 16 18 19
0.250960 0.146603 0.611975 17 18 20
0.248800 0.146569 0.605776 16 18 19
0.246260 0.146318 0.599329 16 18 19
0.243624 0.145997 0.592875 16 18 19
0.241157 0.145748 0.586636 16 18 19
0.237882 0.145050 0.579806 16 18 19
0.234645 0.144352 0.573088 16 18 20
0.231661 0.143770 0.566655 16 18 19
0.228373 0.143005 0.560055 17 20 22
0.224855 0.142096 0.553353 18 21 22
0.221272 0.141132 0.546681 19 22 23
0.217219 0.139891 0.539726 21 23 25
0.212797 0.138428 0.532574 21 25 26
0.210646 0.138183 0.527242 35 41 43
0.210946 0.139267 0.523820 58 61 61
0.212989 0.141302 0.521727 60 56 57
0.032176 -0.025912 0.673857 102 94 88
0.031668 -0.024806 0.667843 80 79 78
0.033638 -0.022806 0.665668 74 73 73
0.042550 -0.018226 0.673939 33 35 38
0.095289 0.004298 0.741451 19 21 25
0.109913 0.011318 0.757033 20 21 25
0.118286 0.016010 0.763226 20 20 22
0.126340 0.020617 0.768804 20 20 22
0.133374 0.024861 0.772784 20 20 22
0.139870 0.028920 0.775889 20 20 22
0.146115 0.032905 0.778543 22 22 23
0.152128 0.036820 0.780781 22 23 25
0.157841 0.040634 0.782524 25 25 26
0.162813 0.044165 0.783183 27 26 28
0.167544 0.047611 0.783460 30 29 32
0.172236 0.051054 0.783635 33 36 37
0.176639 0.054387 0.783379 36 38 40
0.180920 0.057681 0.782924 37 39 41
0.185161 0.060966 0.782378 42 44 45
0.189079 0.064122 0.781383 43 45 46
0.192806 0.067203 0.780115 44 47 46
0.196137 0.070120 0.778324 48 51 51
0.199067 0.072865 0.776019 51 52 52
0.201933 0.075584 0.773631 45 47 47
0.204922 0.078357 0.771390 42 43 44
0.207922 0.081136 0.769158 41 42 42
0.210646 0.083794 0.766586 49 51 49
0.213251 0.086398 0.763873 64 66 62
0.215896 0.089020 0.761211 74 75 72
0.218717 0.091721 0.758757 80 81 78
0.221639 0.094469 0.756419 88 89 85
0.224758 0.097307 0.754305 86 87 83
0.227904 0.100160 0.752214 84 86 82
0.231056 0.103018 0.750122 81 82 78
0.234056 0.105807 0.747851 83 84 81
0.237174 0.108652 0.745706 97 100 98
0.240543 0.111618 0.743831 115 117 115
0.243646 0.114460 0.741653 118 120 117
0.246449 0.117162 0.739143 114 117 115
0.249128 0.119804 0.736500 111 114 113
0.251674 0.122382 0.733715 109 112 112
0.254125 0.124913 0.730836 106 109 109
0.256460 0.127387 0.727840 101 105 103
0.258749 0.129837 0.724806 96 100 98
0.260743 0.132139 0.721476 86 90 89
0.262326 0.134236 0.717741 74 76 77
0.263649 0.136200 0.713765 63 64 65
0.264692 0.138018 0.709535 48 50 51
0.265604 0.139764 0.705205 41 43 44
0.266266 0.141377 0.700662 33 35 36
0.266597 0.142815 0.695831 26 28 29
0.266734 0.144144 0.690854 23 25 26
0.266705 0.145379 0.685762 21 23 25
0.266310 0.146416 0.680369 18 22 22
0.265316 0.147134 0.674465 19 21 22
0.264206 0.147778 0.668513 16 20 20
0.262994 0.148354 0.662528 15 18 19
0.261625 0.148833 0.656463 15 18 19
0.260175 0.149254 0.650389 16 18 19
0.258665 0.149629 0.644325 16 18 19
0.256917 0.149862 0.638114 15 18 19
0.255168 0.150079 0.631971 16 18 19
0.253251 0.150190 0.625746 17 18 20
0.251179 0.150202 0.619456 16 18 19
0.248988 0.150135 0.613135 16 18 19
0.246770 0.150035 0.606861 17 18 20
0.244117 0.149685 0.600290 17 18 20
0.241386 0.149274 0.593730 17 18 20
0.238511 0.148767 0.587127 17 18 20
0.235466 0.148150 0.580462 16 18 19
0.232204 0.147395 0.573699 16 18 20
0.229154 0.146736 0.567188 16 18 19
0.225817 0.145900 0.560525 17 18 20
0.222210 0.144897 0.553727 17 20 22
0.218423 0.143776 0.546872 20 22 25
0.214237 0.142413 0.539789 21 23 25
0.209210 0.140565 0.532146 22 26 26
0.206086 0.139745 0.526060 25 32 35
0.205961 0.140574 0.522323 61 65 65
0.208466 0.142861 0.520595 60 60 60
0.031868 -0.022413 0.677360 171 148 142
0.028285 -0.022479 0.666544 78 77 77
0.029642 -0.020716 0.663449 78 77 78
0.033261 -0.018096 0.663800 50 50 52
0.107539 0.014684 0.757997 21 21 23
0.116211 0.019552 0.764682 21 21 22
0.124618 0.024356 0.770819 22 22 23
0.131670 0.028653 0.774857 22 22 23
0.138083 0.032720 0.777870 23 23 25
0.144141 0.036666 0.780283 24 23 25
0.150178 0.040625 0.782579 26 26 28
0.155385 0.044261 0.783642 28 28 29
0.160127 0.047719 0.784003 33 33 34
0.164611 0.051081 0.783964 36 36 38
0.169046 0.054433 0.783814 36 39 39
0.173219 0.057684 0.783274 38 41 41
0.177260 0.060886 0.782523 38 41 42
0.181183 0.064046 0.781587 41 44 44
0.184709 0.067039 0.780107 42 45 45
0.187886 0.069884 0.778162 33 35 35
0.190974 0.072693 0.776092 29 29 28
0.193955 0.075456 0.773880 60 57 57
0.196925 0.078216 0.771649 97 97 92
0.199763 0.080917 0.769248 108 107 99
0.202541 0.083592 0.766772 113 113 104
0.205108 0.086172 0.764039 115 115 105
0.207776 0.088797 0.761431 117 117 107
0.210495 0.091445 0.758885 118 118 110
0.213230 0.094100 0.756357 120 119 111
0.216123 0.096828 0.754016 123 122 114
0.219097 0.099596 0.751765 125 123 116
0.221916 0.102291 0.749329 129 126 120
0.224657 0.104951 0.746805 131 130 122
0.227480 0.107649 0.744372 134 133 125
0.230288 0.110340 0.741920 135 135 127
0.232911 0.112943 0.739262 137 134 129
0.235688 0.115621 0.736776 121 120 114
0.238899 0.118508 0.734762 91 92 88
0.242179 0.121431 0.732812 93 95 93
0.245421 0.124338 0.730813 109 113 111
0.248704 0.127268 0.728847 108 111 110
0.251691 0.130053 0.726559 102 107 104
0.254501 0.132752 0.724082 99 104 101
0.256984 0.135289 0.721266 95 100 98
0.258989 0.137585 0.717966 91 94 94
0.260591 0.139676 0.714269 86 89 89
0.262054 0.141691 0.710454 77 77 78
0.263294 0.143588 0.706439 65 67 66
0.264184 0.145301 0.702105 52 53 54
0.264721 0.146825 0.697455 39 40 42
0.264951 0.148183 0.692547 32 34 35
0.265011 0.149443 0.687517 26 29 29
0.264710 0.150505 0.682188 21 25 25
0.264065 0.151377 0.676583 20 23 23
0.262703 0.151861 0.670362 17 21 22
0.261461 0.152392 0.664319 17 21 20
0.260057 0.152823 0.658191 16 18 19
0.258550 0.153184 0.652035 16 18 19
0.256986 0.153498 0.645893 15 18 19
0.255139 0.153646 0.639564 16 18 19
0.253242 0.153750 0.633259 16 18 19
0.251219 0.153770 0.626914 17 18 20
0.249101 0.153722 0.620557 16 18 19
0.246858 0.153590 0.614164 16 18 19
0.244528 0.153393 0.607768 17 18 20
0.241881 0.153006 0.601175 16 18 19
0.239124 0.152541 0.594567 17 18 20
0.236315 0.152030 0.587993 17 18 19
0.232981 0.151211 0.581061 16 18 19
0.229724 0.150415 0.574276 16 18 19
0.226530 0.149634 0.567625 16 18 19
0.223128 0.148718 0.560885 17 18 20
0.219484 0.147649 0.554034 18 20 22
0.215610 0.146431 0.547085 19 21 23
0.211377 0.144992 0.539941 20 23 25
0.205616 0.142675 0.531700 22 26 26
0.202009 0.141542 0.525228 19 26 28
0.201625 0.142205 0.521297 70 73 73
0.203886 0.144353 0.519401 60 60 60
0.032819 -0.018396 0.682881 179 155 148
0.025260 -0.020039 0.665774 74 65 66
0.025705 -0.018641 0.661279 77 77 78
0.027988 -0.016535 0.659635 74 73 74
0.035642 -0.012305 0.666102 24 25 28
0.104536 0.017801 0.758031 22 22 23
0.115234 0.023549 0.767763 22 22 23
0.122632 0.028004 0.772468 23 23 25
0.129912 0.032441 0.776870 25 23 25
0.135897 0.036370 0.779296 25 25 26
0.141660 0.040228 0.781321 27 26 28
0.147323 0.044064 0.783121 28 28 29
0.152316 0.047634 0.783913 33 33 35
0.156909 0.051047 0.784094 35 35 38
0.161205 0.054343 0.783820 36 36 38
0.165347 0.057583 0.783298 36 39 39
0.169306 0.060752 0.782496 37 40 40
0.173099 0.063855 0.781442 34 37 37
0.176649 0.066857 0.780043 24 26 25
0.179859 0.069713 0.778180 33 36 33
0.183057 0.072566 0.776290 93 92 84
0.185901 0.075262 0.773936 107 105 97
0.188640 0.077912 0.771445 111 110 100
0.191361 0.080554 0.768933 112 110 100
0.194055 0.083183 0.766385 115 114 103
0.196723 0.085800 0.763807 116 116 104
0.199375 0.088409 0.761209 117 116 106
0.202156 0.091078 0.758771 118 117 109
0.204902 0.093731 0.756288 120 119 109
0.207731 0.096424 0.753903 121 121 112
0.210516 0.099096 0.751464 124 123 115
0.213290 0.101763 0.749011 126 124 117
0.216058 0.104427 0.746550 130 126 119
0.218848 0.107103 0.744113 135 133 125
0.221672 0.109795 0.741712 137 134 126
0.224477 0.112478 0.739289 139 136 128
0.227148 0.115097 0.736715 141 138 131
0.229850 0.117731 0.734175 141 138 130
0.232590 0.120382 0.731677 141 140 133
0.235310 0.123025 0.729158 138 138 130
0.238103 0.125703 0.726716 122 123 120
0.240953 0.128410 0.724335 83 86 83
0.244368 0.131402 0.722549 92 95 91
0.247970 0.134492 0.720946 100 105 102
0.251414 0.137505 0.719162 96 101 99
0.254018 0.140093 0.716500 93 98 96
0.256396 0.142566 0.713609 90 96 95
0.258591 0.144943 0.710540 91 96 95
0.260316 0.147076 0.707008 88 92 91
0.261605 0.148979 0.703061 80 80 80
0.262520 0.150682 0.698770 63 61 63
0.263056 0.152180 0.694141 49 50 49
0.263173 0.153449 0.689144 35 38 39
0.262938 0.154523 0.683853 26 29 29
0.262406 0.155428 0.678330 23 26 28
0.261160 0.155943 0.672187 19 23 22
0.259872 0.156420 0.666071 17 21 20
0.258405 0.156786 0.659853 16 21 20
0.256837 0.157082 0.653611 16 20 20
0.255199 0.157324 0.647372 16 20 20
0.253252 0.157384 0.640922 16 18 19
0.251241 0.157391 0.634488 16 18 19
0.249184 0.157357 0.628085 16 18 19
0.246995 0.157235 0.621638 16 18 19
0.244610 0.156987 0.615094 16 18 19
0.242173 0.156693 0.608580 16 18 19
0.239568 0.156289 0.601997 17 20 19
0.236794 0.155774 0.595348 17 18 20
0.233947 0.155200 0.588716 17 18 20
0.230553 0.154303 0.581707 16 18 19
0.227206 0.153412 0.574821 16 18 19
0.223855 0.152500 0.568017 15 18 19
0.220362 0.151487 0.561179 17 20 20
0.216602 0.150306 0.554211 18 20 22
0.212624 0.148981 0.547157 20 22 23
0.208218 0.147392 0.539852 20 22 23
0.201750 0.144611 0.531029 22 26 26
0.197180 0.142882 0.523798 28 34 35
0.196931 0.143598 0.519978 63 68 67
0.199093 0.145686 0.518025 61 61 61
0.035711 -0.013554 0.691542 176 149 144
0.023922 -0.016951 0.667626 148 123 121
0.022164 -0.016446 0.659683 75 73 74
0.023465 -0.014737 0.656553 77 77 77
0.027752 -0.011823 0.657991 48 49 49
0.112126 0.026694 0.767724 23 23 25
0.120180 0.031470 0.773446 25 23 26
0.127610 0.036017 0.778111 27 26 28
0.133445 0.039918 0.780352 28 26 28
0.138912 0.043681 0.781981 30 29 32
0.144174 0.047373 0.783245 33 33 35
0.148918 0.050856 0.783717 35 35 37
0.153341 0.054212 0.783689 36 36 38
0.157501 0.057462 0.783255 36 36 38
0.161496 0.060648 0.782558 33 33 35
0.165236 0.063728 0.781486 23 23 25
0.168700 0.066691 0.780019 26 26 28
0.171812 0.069498 0.778067 99 98 91
0.174817 0.072260 0.775965 111 109 97
0.177658 0.074948 0.773642 110 109 96
0.180297 0.077544 0.771056 107 108 96
0.182879 0.080114 0.768400 111 110 99
0.188050 0.085254 0.763103 115 114 103
0.190726 0.087866 0.760571 116 116 105
0.193422 0.090487 0.758064 117 117 107
0.196258 0.093175 0.755727 119 117 109
0.199099 0.095866 0.753394 120 118 110
0.201965 0.098569 0.751087 121 121 112
0.204756 0.101237 0.748688 123 123 114
0.207493 0.103880 0.746224 126 124 116
0.210192 0.106504 0.743715 130 128 119
0.212943 0.109153 0.741266 134 131 123
0.215756 0.111833 0.738886 138 135 127
0.218580 0.114519 0.736517 140 138 127
0.221447 0.117228 0.734194 142 139 131
0.224310 0.119935 0.731863 144 141 132
0.227156 0.122633 0.729510 143 140 133
0.230101 0.125383 0.727263 141 138 131
0.232919 0.128070 0.724874 137 134 126
0.235705 0.130740 0.722447 141 140 131
0.238464 0.133397 0.719991 137 137 129
0.241246 0.136067 0.717558 91 93 88
0.244072 0.138759 0.715170 74 78 76
0.247378 0.141700 0.713277 92 97 95
0.250629 0.144615 0.711316 94 99 97
0.253963 0.147575 0.709430 93 98 97
0.255923 0.149819 0.706147 93 96 96
0.257894 0.152065 0.702887 92 95 96
0.259457 0.154092 0.699237 89 90 92
0.260516 0.155848 0.695112 71 72 75
0.261062 0.157325 0.690516 50 55 56
0.261051 0.158495 0.685419 35 39 39
0.260623 0.159431 0.679970 27 31 32
0.259464 0.159961 0.673880 23 28 26
0.258220 0.160431 0.667775 20 23 23
0.256711 0.160742 0.661487 16 20 20
0.255086 0.160975 0.655161 16 20 20
0.253341 0.161125 0.648794 17 18 20
0.251287 0.161091 0.642218 16 18 20
0.249167 0.161002 0.635657 16 18 19
0.247045 0.160896 0.629168 16 18 19
0.244793 0.160701 0.622638 16 18 19
0.242297 0.160353 0.615970 17 18 20
0.239756 0.159962 0.609339 16 18 19
0.237142 0.159512 0.602724 17 18 20
0.234322 0.158929 0.596009 17 18 20
0.231407 0.158274 0.589294 17 18 20
0.228022 0.157336 0.582265 16 18 19
0.224592 0.156353 0.575285 16 18 19
0.221212 0.155379 0.568432 16 18 19
0.217587 0.154245 0.561463 18 20 22
0.213612 0.152892 0.554296 18 20 22
0.209430 0.151399 0.547054 19 21 22
0.204560 0.149491 0.539359 21 23 25
0.197573 0.146342 0.530100 22 25 25
0.192160 0.144070 0.522197 32 36 37
0.192015 0.144823 0.518465 64 69 65
0.194037 0.146827 0.516424 64 64 63
0.039102 -0.008406 0.701114 179 147 142
0.026469 -0.012270 0.675623 192 151 140
0.019341 -0.013985 0.659179 73 57 55
0.019794 -0.012636 0.654738 78 76 77
0.021653 -0.010714 0.652500 77 75 74
0.118434 0.035241 0.775470 26 26 28
0.124993 0.039464 0.778899 28 28 29
0.131069 0.043502 0.781520 31 29 33
0.135765 0.046957 0.782068 32 32 34
0.140707 0.050533 0.782908 34 34 36
0.145391 0.054008 0.783326 35 35 37
0.149702 0.057328 0.783168 34 34 35
0.153699 0.060518 0.782535 26 26 28
0.157513 0.063631 0.781617 22 23 23
0.161005 0.066605 0.780233 53 54 52
0.163595 0.069170 0.777616 103 104 93
0.166286 0.071781 0.775136 106 107 94
0.169034 0.074419 0.772732 108 107 94
0.171744 0.077039 0.770276 109 108 95
0.174321 0.079597 0.767646 111 111 99
0.176944 0.082176 0.765079 111 111 99
0.179489 0.084718 0.762414 114 113 102
0.182111 0.087296 0.759850 115 114 103
0.184864 0.089936 0.757450 116 116 104
0.187639 0.092588 0.755077 117 116 106
0.190496 0.095279 0.752801 118 117 108
0.193352 0.097971 0.750520 120 120 111
0.196198 0.100659 0.748223 122 122 113
0.199031 0.103341 0.745909 124 123 115
0.201797 0.105991 0.743511 128 126 118
0.204509 0.108614 0.741048 132 130 122
0.207237 0.111245 0.738603 134 133 124
0.210042 0.113916 0.736246 139 136 128
0.212854 0.116590 0.733896 141 139 130
0.215713 0.119289 0.731595 143 140 132
0.218559 0.121981 0.729276 143 140 132
0.221388 0.124666 0.726936 144 141 132
0.224280 0.127384 0.724661 141 140 131
0.227134 0.130083 0.722342 141 138 130
0.230043 0.132812 0.720079 138 136 126
0.232996 0.135564 0.717859 136 134 125
0.235757 0.138216 0.715429 132 131 120
0.238492 0.140857 0.712973 133 133 124
0.241201 0.143483 0.710487 81 83 78
0.244159 0.146240 0.708258 83 86 83
0.247367 0.149132 0.706282 94 99 96
0.250351 0.151906 0.704069 94 99 97
0.253210 0.154614 0.701723 95 100 99
0.255407 0.156969 0.698716 96 99 100
0.257066 0.159031 0.695186 92 97 98
0.258244 0.160829 0.691202 80 83 86
0.258739 0.162251 0.686582 57 57 63
0.258660 0.163351 0.681447 38 41 42
0.257637 0.163925 0.675459 28 33 32
0.256446 0.164393 0.669375 22 26 26
0.254921 0.164662 0.663041 18 22 22
0.253314 0.164870 0.656702 17 20 22
0.251476 0.164935 0.650219 16 20 20
0.249392 0.164847 0.643585 15 18 19
0.247174 0.164667 0.636905 15 18 19
0.244949 0.164465 0.630294 15 18 19
0.242580 0.164166 0.623633 16 18 19
0.239984 0.163721 0.616847 16 18 19
0.237305 0.163211 0.610070 16 18 19
0.234603 0.162671 0.603352 16 18 19
0.231746 0.162024 0.596581 17 18 20
0.228662 0.161230 0.589698 17 18 20
0.225350 0.160287 0.582705 16 18 19
0.221806 0.159191 0.575604 16 18 19
0.218368 0.158137 0.568679 17 18 20
0.214583 0.156863 0.561554 18 20 22
0.210505 0.155400 0.554280 19 21 22
0.206066 0.153706 0.546808 20 22 23
0.200506 0.151338 0.538538 21 23 25
0.192706 0.147639 0.528608 23 25 26
0.186967 0.145113 0.520434 38 43 43
0.187019 0.145959 0.516867 62 67 62
0.189530 0.148244 0.515221 68 67 65
0.042871 -0.002983 0.711423 181 148 140
0.029341 -0.007356 0.684245 182 143 130
0.018047 -0.010898 0.661064 159 123 109
0.016792 -0.010285 0.653930 71 68 66
0.017682 -0.008781 0.650208 77 74 72
0.020556 -0.006432 0.649553 67 65 64
0.121539 0.042543 0.778455 31 29 32
0.128109 0.046833 0.781842 33 32 34
0.132692 0.050257 0.782252 33 33 35
0.137109 0.053619 0.782369 34 34 36
0.141673 0.057057 0.782647 33 34 35
0.145850 0.060330 0.782332 25 26 25
0.149595 0.063413 0.781376 24 25 25
0.152859 0.066280 0.779727 78 80 73
0.155357 0.068794 0.777017 101 102 90
0.157814 0.071288 0.774256 105 105 93
0.160619 0.073944 0.771967 107 105 97
0.163288 0.076537 0.769495 109 108 97
0.165776 0.079044 0.766783 111 110 99
0.168305 0.081569 0.764130 110 110 98
0.171090 0.084217 0.761811 111 110 99
0.173594 0.086729 0.759128 113 112 101
0.176331 0.089354 0.756746 114 113 102
0.179188 0.092039 0.754513 116 115 104
0.181768 0.094587 0.751931 116 117 105
0.184596 0.097258 0.749656 118 119 107
0.187570 0.100003 0.747557 120 121 111
0.190565 0.102759 0.745477 122 122 113
0.193421 0.105447 0.743221 125 123 116
0.196248 0.108121 0.740928 128 126 118
0.198995 0.110756 0.738537 130 129 120
0.201686 0.113362 0.736080 136 135 126
0.204462 0.116012 0.733719 141 138 130
0.207244 0.118666 0.731364 144 141 133
0.210130 0.121373 0.729125 146 143 135
0.212977 0.124062 0.726838 145 142 134
0.215855 0.126767 0.724581 143 141 130
0.218666 0.129438 0.722248 140 137 129
0.221396 0.132067 0.719821 140 137 129
0.224214 0.134743 0.717489 138 137 128
0.227091 0.137450 0.715220 137 136 127
0.230055 0.140205 0.713038 134 133 124
0.233060 0.142983 0.710895 132 132 120
0.235855 0.145650 0.708526 128 128 115
0.238292 0.148124 0.705782 131 132 122
0.240866 0.150672 0.703184 38 43 40
0.244033 0.153540 0.701193 100 105 102
0.247723 0.156694 0.699723 97 101 100
0.250566 0.159391 0.697385 97 100 101
0.252885 0.161801 0.694523 98 100 102
0.254619 0.163889 0.691091 90 92 95
0.255807 0.165672 0.687144 83 85 88
0.256338 0.167086 0.682585 56 61 61
0.255653 0.167816 0.676897 41 44 44
0.254454 0.168248 0.670777 28 32 32
0.253031 0.168541 0.664512 22 26 25
0.251462 0.168736 0.658178 18 20 22
0.249576 0.168738 0.651620 17 20 22
0.247475 0.168602 0.644938 16 18 19
0.245175 0.168337 0.638153 16 18 19
0.242857 0.168044 0.631429 16 18 19
0.240356 0.167630 0.624619 15 17 19
0.237553 0.167026 0.617623 16 18 19
0.234711 0.166380 0.610675 16 18 19
0.231960 0.165769 0.603890 16 18 19
0.229085 0.165068 0.597078 16 18 19
0.225952 0.164201 0.590127 16 18 19
0.222580 0.163176 0.583059 16 18 19
0.218869 0.161935 0.575792 16 18 19
0.215221 0.160710 0.568669 17 18 20
0.211296 0.159305 0.561406 17 18 20
0.207006 0.157664 0.553936 18 20 22
0.202954 0.156142 0.546755 20 22 23
0.195263 0.152455 0.536745 22 23 25
0.186304 0.147986 0.525871 26 29 31
0.181587 0.145997 0.518496 53 57 57
0.182120 0.147108 0.515319 62 65 63
0.185048 0.149641 0.514017 70 69 65
0.045746 0.002191 0.720431 185 145 134
0.032024 -0.002415 0.692682 186 142 127
0.019384 -0.006662 0.667136 173 129 109
0.014894 -0.007475 0.654836 87 72 61
0.014824 -0.006401 0.649604 77 74 71
0.016392 -0.004621 0.646960 77 74 75
0.019684 -0.002080 0.646957 50 48 51
0.118664 0.045866 0.778853 32 29 33
0.124364 0.049800 0.781007 33 32 35
0.129488 0.053489 0.782237 33 32 34
0.133709 0.056777 0.782098 30 29 32
0.137972 0.060093 0.781974 24 23 25
0.141928 0.063275 0.781374 23 23 23
0.145202 0.066145 0.779783 86 88 81
0.147763 0.068681 0.777187 102 101 90
0.150047 0.071085 0.774212 104 102 93
0.152392 0.073516 0.771330 106 104 96
0.155317 0.076224 0.769238 107 106 95
0.157845 0.078742 0.766608 108 107 96
0.160362 0.081254 0.763967 107 108 96
0.162895 0.083773 0.761351 109 110 99
0.165538 0.086345 0.758880 111 112 101
0.168090 0.088872 0.756293 113 112 101
0.170674 0.091415 0.753748 113 114 102
0.173430 0.094043 0.751423 115 114 103
0.176204 0.096681 0.749119 116 117 105
0.178979 0.099319 0.746812 117 117 107
0.181875 0.102020 0.744652 120 120 109
0.184922 0.104798 0.742670 121 121 111
0.187859 0.107523 0.740548 124 123 115
0.190654 0.110175 0.738248 128 126 118
0.193354 0.112780 0.735833 132 131 122
0.196060 0.115387 0.733424 136 135 126
0.198800 0.118013 0.731054 142 139 131
0.201592 0.120666 0.728742 145 142 134
0.204529 0.123396 0.726593 147 145 134
0.207459 0.126123 0.724432 145 144 135
0.210313 0.128811 0.722178 143 142 133
0.213074 0.131451 0.719818 142 141 132
0.215808 0.134077 0.717425 139 138 129
0.218587 0.136727 0.715080 138 137 128
0.221355 0.139371 0.712721 135 134 125
0.224218 0.142068 0.710463 133 132 123
0.227202 0.144830 0.708329 132 131 122
0.230110 0.147553 0.706110 130 129 120
0.232870 0.150196 0.703730 128 126 118
0.235243 0.152627 0.700948 129 130 119
0.237554 0.155022 0.698107 68 70 67
0.240589 0.157817 0.696011 81 84 84
0.244333 0.161005 0.694624 98 100 101
0.247732 0.164006 0.692872 96 98 100
0.250123 0.166447 0.690108 92 94 96
0.251983 0.168590 0.686826 90 91 92
0.253193 0.170364 0.682926 77 79 79
0.253180 0.171444 0.677871 56 59 58
0.252257 0.172000 0.671992 38 42 41
0.250984 0.172344 0.665842 28 31 31
0.249495 0.172550 0.659554 21 23 25
0.247621 0.172522 0.652977 19 22 22
0.245476 0.172323 0.646224 16 20 20
0.243160 0.172008 0.639392 16 18 19
0.240824 0.171665 0.632622 16 18 19
0.238194 0.171136 0.625666 16 18 19
0.235236 0.170397 0.618500 16 18 19
0.232308 0.169658 0.611448 16 18 19
0.229450 0.168942 0.604542 16 18 19
0.226229 0.167995 0.597404 17 18 20
0.223209 0.167148 0.590526 16 18 19
0.219772 0.166037 0.583376 17 18 20
0.215935 0.164671 0.575976 17 18 20
0.212198 0.163344 0.568754 17 18 20
0.208056 0.161758 0.561287 18 20 22
0.203762 0.160061 0.553790 19 21 23
0.198412 0.157713 0.545530 21 23 25
0.188764 0.152772 0.533912 21 23 25
0.178958 0.147700 0.522340 20 23 25
0.176242 0.146851 0.516558 78 83 80
0.177740 0.148525 0.514154 63 66 64
0.181319 0.151454 0.513378 80 80 75
0.047282 0.006895 0.727382 189 144 132
0.033810 0.002238 0.699786 188 143 127
0.021207 -0.002138 0.674067 173 129 109
0.014313 -0.004076 0.657828 179 137 111
0.012504 -0.003797 0.649827 67 62 59
0.013380 -0.002335 0.646105 77 74 73
0.015395 -0.000362 0.644170 75 74 75
0.120843 0.052850 0.780479 33 31 35
0.125881 0.056522 0.781622 31 29 32
0.130116 0.059830 0.781531 26 26 28
0.133756 0.062865 0.780540 25 26 25
0.137119 0.065773 0.779130 74 73 67
0.139887 0.068400 0.776859 104 103 92
0.142220 0.070819 0.773977 104 101 92
0.144594 0.073255 0.771160 104 102 94
0.147200 0.075802 0.768668 106 104 96
0.149990 0.078440 0.766426 106 107 95
0.152620 0.081001 0.763967 106 107 95
0.155138 0.083505 0.761357 107 108 96
0.157633 0.085997 0.758720 109 110 98
0.160212 0.088530 0.756197 112 111 100
0.162719 0.091027 0.753582 112 113 101
0.165241 0.093531 0.750989 111 112 100
0.167893 0.096101 0.748564 114 114 105
0.170612 0.098704 0.746223 114 114 105
0.173353 0.101320 0.743910 117 117 108
0.176303 0.104044 0.741851 118 118 109
0.179224 0.106754 0.739751 121 121 112
0.182122 0.109454 0.737616 124 123 115
0.185023 0.112156 0.735479 128 126 118
0.187820 0.114805 0.733213 130 129 120
0.190583 0.117436 0.730902 136 135 126
0.193266 0.120026 0.728494 142 140 131
0.195927 0.122605 0.726062 147 142 135
0.198903 0.125351 0.723992 145 144 136
0.201843 0.128080 0.721873 144 143 134
0.204709 0.130770 0.719664 143 142 133
0.207473 0.133406 0.717337 142 139 131
0.210140 0.135990 0.714900 139 138 129
0.212824 0.138583 0.712480 139 138 129
0.215579 0.141215 0.710139 135 134 125
0.218520 0.143950 0.707996 133 132 123
0.221403 0.146654 0.705785 131 130 121
0.224369 0.149404 0.703658 130 130 118
0.227283 0.152127 0.701470 129 129 117
0.230119 0.154808 0.699196 126 125 117
0.232445 0.157205 0.696392 125 124 116
0.234306 0.159338 0.693116 92 94 89
0.236719 0.161780 0.690417 55 57 57
0.241343 0.165470 0.689946 96 99 100
0.245099 0.168675 0.688575 92 95 96
0.247728 0.171244 0.686070 87 90 91
0.249515 0.173332 0.682741 83 84 84
0.250177 0.174773 0.678334 68 72 72
0.249617 0.175505 0.672786 50 53 53
0.248688 0.176014 0.666941 35 38 37
0.247227 0.176202 0.660654 25 28 28
0.245426 0.176178 0.654116 20 22 23
0.243298 0.175949 0.647350 17 18 20
0.240994 0.175601 0.640499 16 18 19
0.238575 0.175169 0.633624 16 18 19
0.235863 0.174548 0.626563 16 18 19
0.232773 0.173687 0.619250 16 18 19
0.229711 0.172824 0.612050 16 18 19
0.226742 0.171997 0.605019 16 18 19
0.223380 0.170919 0.597732 16 18 19
0.220127 0.169887 0.590629 16 18 19
0.216569 0.168655 0.583351 17 18 20
0.212747 0.167246 0.575940 17 18 20
0.208938 0.165825 0.568634 17 18 20
0.204936 0.164269 0.561259 18 20 22
0.199467 0.161808 0.552766 19 21 23
0.193316 0.158912 0.543830 21 23 25
0.181133 0.152334 0.530120 22 26 26
0.172410 0.147815 0.519404 29 33 34
0.171606 0.148085 0.515155 65 69 67
0.173496 0.149990 0.513077 64 67 65
0.180648 0.155113 0.515119 141 138 128
0.047529 0.011110 0.732313 193 144 133
0.034755 0.006603 0.705621 192 143 125
0.022770 0.002355 0.680672 178 131 111
0.014633 -0.000234 0.662290 175 130 108
0.010960 -0.000843 0.651267 160 122 104
0.010570 0.000025 0.645548 68 65 63
0.011622 0.001548 0.642132 74 73 72
0.014289 0.003819 0.641220 77 74 77
0.116569 0.055523 0.778813 32 29 34
0.122226 0.059512 0.780916 27 25 29
0.126312 0.062762 0.780638 27 26 28
0.129139 0.065411 0.778497 47 48 47
0.131506 0.067836 0.775690 105 104 93
0.134043 0.070343 0.773131 105 101 91
0.136517 0.072819 0.770486 103 102 92
0.139122 0.075359 0.768029 105 104 94
0.141748 0.077908 0.765599 106 105 94
0.144611 0.080577 0.763496 106 107 95
0.147314 0.083167 0.761168 107 108 96
0.149864 0.085679 0.758633 109 110 98
0.152337 0.088153 0.755999 108 108 99
0.154853 0.090647 0.753424 109 110 98
0.157299 0.093104 0.750760 111 110 99
0.159784 0.095581 0.748151 112 111 103
0.162379 0.098114 0.745686 112 112 103
0.165002 0.100663 0.743259 114 114 105
0.167639 0.103217 0.740847 115 115 106
0.170397 0.105836 0.738588 117 117 108
0.173125 0.108440 0.736287 119 119 110
0.175804 0.111018 0.733925 122 122 113
0.178570 0.113642 0.731666 128 126 118
0.181305 0.116251 0.729368 132 131 122
0.184303 0.119002 0.727380 136 135 126
0.187219 0.121709 0.725287 142 140 131
0.190178 0.124442 0.723239 146 145 136
0.193244 0.127234 0.721308 148 145 137
0.195914 0.129812 0.718912 146 145 136
0.199112 0.132679 0.717117 144 143 134
0.201656 0.135189 0.714572 140 139 130
0.204361 0.137787 0.712209 140 139 131
0.207155 0.140435 0.709943 138 137 128
0.209932 0.143075 0.707656 136 135 126
0.212831 0.145782 0.705499 134 133 124
0.215684 0.148466 0.703286 131 130 121
0.218420 0.151084 0.700945 129 128 119
0.221271 0.153767 0.698723 129 128 119
0.224261 0.156530 0.696643 129 128 119
0.227002 0.159153 0.694297 125 124 116
0.229407 0.161585 0.691605 123 123 115
0.231232 0.163684 0.688322 97 99 92
0.233630 0.166109 0.685635 37 40 40
0.238209 0.169788 0.685142 91 93 94
0.241919 0.172973 0.683749 84 87 87
0.244934 0.175760 0.681653 81 84 84
0.246363 0.177625 0.678000 75 78 78
0.246460 0.178710 0.673079 62 65 65
0.246013 0.179468 0.667680 41 44 43
0.244660 0.179684 0.661473 31 33 35
0.242971 0.179688 0.655016 23 25 28
0.240919 0.179464 0.648293 20 22 25
0.238591 0.179061 0.641392 17 18 20
0.236043 0.178510 0.634369 17 18 20
0.233229 0.177784 0.627189 17 18 20
0.229988 0.176785 0.619709 16 18 19
0.226725 0.175754 0.612303 16 18 19
0.223641 0.174812 0.605147 16 18 19
0.220142 0.173602 0.597715 17 18 20
0.216674 0.172392 0.590402 16 18 19
0.213024 0.171053 0.583023 17 18 20
0.209230 0.169608 0.575615 17 18 20
0.205361 0.168098 0.568237 17 18 20
0.201046 0.166297 0.560579 19 21 22
0.194967 0.163398 0.551553 20 22 23
0.187350 0.159531 0.541386 21 23 25
0.172750 0.151347 0.525664 24 28 28
0.166978 0.148545 0.517329 52 57 57
0.167194 0.149416 0.513910 62 67 64
0.170054 0.151916 0.512617 65 68 66
0.044273 0.013785 0.731519 195 144 132
0.035241 0.010827 0.710782 192 143 124
0.024658 0.007080 0.687891 179 133 111
0.016714 0.004481 0.669636 173 129 107
0.011278 0.002995 0.655679 173 130 108
0.008413 0.002677 0.645999 129 104 91
0.008838 0.003891 0.641598 71 67 68
0.010136 0.005513 0.638590 77 74 77
0.012194 0.007495 0.636767 74 72 77
0.117603 0.062008 0.778751 29 26 32
0.121715 0.065281 0.778554 37 35 37
0.124479 0.067894 0.776349 99 97 91
0.126257 0.070019 0.772717 103 102 91
0.128806 0.072524 0.770210 103 102 91
0.131409 0.075056 0.767781 105 104 93
0.133897 0.077530 0.765190 105 104 93
0.136503 0.080063 0.762767 106 105 94
0.139315 0.082702 0.760629 107 106 95
0.142031 0.085292 0.758354 107 107 98
0.144583 0.087798 0.755854 108 108 99
0.147000 0.090234 0.753174 108 108 99
0.149478 0.092701 0.750582 109 110 98
0.151892 0.095133 0.747908 110 108 100
0.154371 0.097599 0.745322 112 110 102
0.156916 0.100099 0.742827 111 111 102
0.159402 0.102568 0.740256 113 113 104
0.161900 0.105042 0.737704 115 115 106
0.164471 0.107555 0.735245 116 116 107
0.166582 0.109820 0.732215 120 120 111
0.168827 0.112156 0.729363 122 122 113
0.170939 0.114417 0.726354 126 124 117
0.173085 0.116696 0.723399 132 129 121
0.176260 0.119534 0.721688 140 138 130
0.179499 0.122410 0.720040 145 143 134
0.182602 0.125214 0.718218 149 147 138
0.186044 0.128208 0.716781 149 148 139
0.189816 0.131388 0.715708 147 146 138
0.193229 0.134374 0.714200 144 143 134
0.196520 0.137294 0.712535 142 141 132
0.198741 0.139616 0.709653 139 138 129
0.201586 0.142289 0.707476 138 137 128
0.204287 0.144880 0.705135 135 134 125
0.207205 0.147595 0.703029 134 133 124
0.210063 0.150278 0.700852 132 131 122
0.212827 0.152907 0.698571 129 128 119
0.215665 0.155579 0.696364 128 126 118
0.218571 0.158291 0.694226 126 125 117
0.221483 0.161008 0.692089 124 123 115
0.224237 0.163635 0.689783 122 123 112
0.226804 0.166153 0.687282 121 121 113
0.228853 0.168370 0.684254 86 88 82
0.231555 0.170965 0.681896 31 33 37
0.235261 0.174150 0.680542 81 84 85
0.239660 0.177746 0.679856 80 81 82
0.241773 0.180000 0.676890 74 77 76
0.242746 0.181577 0.672824 65 68 68
0.242787 0.182596 0.667888 50 54 53
0.241891 0.183048 0.662099 36 38 40
0.240410 0.183139 0.655817 27 29 31
0.238460 0.182936 0.649164 21 23 26
0.236161 0.182507 0.642260 18 20 23
0.233534 0.181865 0.635136 17 18 22
0.230582 0.181010 0.627800 16 18 20
0.227190 0.179871 0.620154 16 18 19
0.223738 0.178676 0.612550 16 18 19
0.220603 0.177655 0.605324 16 18 19
0.216936 0.176291 0.597717 16 20 20
0.213377 0.174975 0.590301 17 18 20
0.209622 0.173519 0.582808 17 18 20
0.205657 0.171916 0.575230 17 18 20
0.201865 0.170400 0.567896 18 20 22
0.196675 0.168001 0.559476 18 21 22
0.189710 0.164481 0.549685 19 23 23
0.177193 0.157487 0.535435 21 23 25
0.164023 0.150042 0.520867 26 29 31
0.161198 0.149005 0.514941 73 75 73
0.163128 0.150926 0.512921 61 65 63
0.166824 0.153953 0.512314 77 78 71
0.042174 0.016981 0.732631 193 143 129
0.034694 0.014627 0.714307 193 144 125
0.025885 0.011583 0.694131 182 135 113
0.018610 0.009201 0.676782 176 129 105
0.012557 0.007349 0.661687 173 128 104
0.008217 0.006274 0.649560 176 131 107
0.006710 0.006538 0.642077 114 84 72
0.007337 0.007823 0.638018 67 63 66
0.008928 0.009574 0.635487 74 72 74
0.010782 0.011453 0.633369 74 72 74
0.116299 0.067346 0.775216 51 48 49
0.119249 0.070048 0.773325 105 101 92
0.121668 0.072482 0.770652 104 102 91
0.123423 0.074576 0.767026 103 102 91
0.126200 0.077190 0.764882 105 104 93
0.128864 0.079747 0.762574 106 105 94
0.131450 0.082264 0.760154 106 105 94
0.134119 0.084824 0.757850 106 107 95
0.136799 0.087390 0.755560 107 107 97
0.139357 0.089892 0.753100 107 107 96
0.141765 0.092316 0.750441 107 107 98
0.144192 0.094747 0.747810 108 108 99
0.146578 0.097157 0.745130 109 107 99
0.149051 0.099611 0.742568 111 109 101
0.151511 0.102059 0.739994 111 111 102
0.153869 0.104451 0.737291 112 112 103
0.155978 0.106706 0.734275 113 113 105
0.157570 0.108677 0.730616 114 114 106
0.158964 0.110535 0.726734 110 110 102
0.160398 0.112410 0.722928 116 116 107
0.161721 0.114219 0.719012 156 155 146
0.163108 0.116058 0.715201 173 172 164
0.165418 0.118405 0.712532 171 170 162
0.168519 0.121193 0.710814 159 158 149
0.172385 0.124411 0.709991 147 147 138
0.176865 0.127982 0.709862 152 151 143
0.181429 0.131606 0.709789 149 148 140
0.186141 0.135324 0.709845 144 143 135
0.190292 0.138731 0.709215 141 142 132
0.193486 0.141598 0.707470 139 139 130
0.196026 0.144092 0.704977 138 137 129
0.198774 0.146706 0.702718 136 135 127
0.201651 0.149395 0.700598 133 132 124
0.204447 0.152038 0.698384 131 131 121
0.207236 0.154677 0.696159 128 129 119
0.210069 0.157343 0.693978 126 125 117
0.213039 0.160090 0.691938 124 123 115
0.215990 0.162827 0.689871 124 123 115
0.218828 0.165499 0.687680 123 123 114
0.221611 0.168139 0.685427 120 120 111
0.224261 0.170701 0.683035 119 119 111
0.226360 0.172936 0.680083 64 67 62
0.228832 0.175391 0.677516 33 35 38
0.232993 0.178854 0.676636 73 75 75
0.236766 0.182091 0.675346 68 71 71
0.238541 0.184132 0.672077 63 66 66
0.239123 0.185450 0.667664 55 60 57
0.238831 0.186235 0.662446 41 43 45
0.237696 0.186498 0.656473 31 33 35
0.235907 0.186352 0.649946 25 26 31
0.233651 0.185908 0.643056 20 22 23
0.230959 0.185182 0.635843 18 20 22
0.227934 0.184234 0.628409 17 18 20
0.224414 0.182965 0.620616 16 18 19
0.220839 0.181643 0.612871 16 18 19
0.217596 0.180507 0.605522 16 18 19
0.213753 0.178981 0.597732 17 18 20
0.210133 0.177575 0.590237 16 20 20
0.206231 0.175975 0.582591 17 18 20
0.202297 0.174336 0.575017 18 20 22
0.197466 0.172118 0.566770 19 21 22
0.191212 0.168987 0.557427 21 23 25
0.182729 0.164432 0.546340 21 23 25
0.165060 0.154067 0.527760 21 26 25
0.155499 0.148756 0.516174 56 60 59
0.156820 0.150289 0.513665 61 67 64
0.159268 0.152534 0.512081 63 65 62
0.166509 0.157823 0.514344 182 179 168
0.041029 0.020640 0.735348 194 141 127
0.033362 0.018089 0.716574 201 152 133
0.025887 0.015569 0.698440 184 137 113
0.019613 0.013577 0.682572 175 130 106
0.014349 0.012029 0.668600 173 129 105
0.009255 0.010523 0.655134 173 129 105
0.006193 0.009983 0.645101 176 132 106
0.005414 0.010555 0.638802 109 86 77
0.005748 0.011670 0.634314 68 64 65
0.007414 0.013449 0.631923 77 75 74
0.009104 0.015238 0.629578 77 75 76
0.113650 0.071956 0.769701 102 101 90
0.116222 0.074460 0.767291 103 102 91
0.119000 0.077071 0.765181 104 102 94
0.121223 0.079392 0.762267 105 104 93
0.123742 0.081867 0.759784 105 106 94
0.126332 0.084380 0.757404 105 105 95
0.128949 0.086907 0.755060 107 105 96
0.131619 0.089463 0.752790 106 107 95
0.134232 0.091987 0.750438 108 106 98
0.136644 0.094405 0.747813 107 107 98
0.139051 0.096818 0.745185 107 107 98
0.141414 0.099207 0.742503 108 108 99
0.143858 0.101639 0.739934 109 109 100
0.146290 0.104064 0.737353 111 111 102
0.148365 0.106291 0.734311 111 111 102
0.149709 0.108112 0.730344 104 104 96
0.150944 0.109867 0.726266 86 86 78
0.151933 0.111478 0.721909 162 163 154
0.152942 0.113094 0.717614 179 180 170
0.172206 0.131234 0.702804 144 144 136
0.177586 0.135344 0.703722 145 144 136
0.183465 0.139753 0.705154 143 140 133
0.187133 0.142893 0.703997 139 138 130
0.190143 0.145653 0.702073 137 136 128
0.193045 0.148351 0.700020 133 134 125
0.195952 0.151055 0.697967 132 131 122
0.198773 0.153708 0.695812 129 128 120
0.201672 0.156409 0.693737 128 126 118
0.204578 0.159114 0.691665 126 125 117
0.207603 0.161892 0.689714 124 123 115
0.210582 0.164644 0.687706 123 123 114
0.213471 0.167343 0.685596 122 122 113
0.216328 0.170024 0.683447 120 120 111
0.219090 0.172649 0.681196 119 119 110
0.221661 0.175160 0.678746 119 119 109
0.223972 0.177513 0.676033 31 33 34
0.227300 0.180482 0.674347 34 35 40
0.231316 0.183871 0.673333 60 62 64
0.233987 0.186445 0.670967 58 62 62
0.235201 0.188129 0.667176 54 57 58
0.235349 0.189155 0.662378 46 48 50
0.234663 0.189660 0.656822 34 37 41
0.233143 0.189640 0.650529 27 29 33
0.230985 0.189214 0.643706 22 25 25
0.228228 0.188401 0.636403 19 21 22
0.225129 0.187358 0.628872 17 18 20
0.221583 0.186020 0.621024 16 18 19
0.217941 0.184603 0.613189 16 18 19
0.214324 0.183183 0.605476 16 18 19
0.210576 0.181662 0.597744 17 18 20
0.206833 0.180126 0.590116 17 18 20
0.202659 0.178299 0.582206 17 18 20
0.198134 0.176232 0.574095 18 20 22
0.192415 0.173388 0.565063 20 22 23
0.184537 0.169150 0.554312 20 23 25
0.173154 0.162654 0.540753 23 26 28
0.154021 0.151177 0.520906 34 39 39
0.150433 0.149571 0.514291 65 68 65
0.152944 0.151857 0.512781 63 66 64
0.156788 0.154998 0.512351 75 77 70
0.039838 0.024305 0.738021 198 144 130
0.031749 0.021434 0.718394 193 145 125
0.024982 0.019157 0.701300 186 139 115
0.019528 0.017481 0.686653 175 130 106
0.015383 0.016418 0.674379 173 129 105
0.011223 0.015311 0.662277 173 128 104
0.007052 0.014162 0.650356 173 128 104
0.004523 0.013817 0.641218 179 134 114
0.003849 0.014399 0.635118 111 90 84
0.004254 0.015523 0.630769 68 65 63
0.005776 0.017218 0.628179 77 76 75
0.007407 0.018968 0.625769 77 75 74
0.110787 0.076383 0.763889 103 101 93
0.113486 0.078947 0.761703 106 104 96
0.116761 0.081820 0.760349 105 103 95
0.119270 0.084284 0.757876 106 105 94
0.121451 0.086572 0.754941 107 105 97
0.123932 0.089019 0.752436 107 105 97
0.126665 0.091604 0.750285 106 106 97
0.129334 0.094155 0.748042 107 105 97
0.131726 0.096554 0.745417 106 106 97
0.134121 0.098953 0.742801 107 107 98
0.136460 0.101321 0.740114 107 107 98
0.139003 0.103802 0.737704 109 109 101
0.141296 0.106142 0.734965 110 110 102
0.142858 0.108071 0.731279 105 105 97
0.143841 0.109670 0.726869 99 99 91
0.144855 0.111279 0.722536 112 114 105
0.145942 0.112923 0.718332 182 182 173
0.168956 0.135204 0.697423 121 121 113
0.174934 0.139692 0.699058 142 139 132
0.180239 0.143797 0.699849 138 139 130
0.184124 0.147071 0.698967 136 135 127
0.187338 0.149952 0.697303 132 131 122
0.190344 0.152711 0.695393 130 129 121
0.193247 0.155410 0.693361 129 128 120
0.196243 0.158166 0.691425 125 126 118
0.199257 0.160935 0.689499 125 124 117
0.202296 0.163720 0.687592 124 123 116
0.205291 0.166480 0.685629 122 123 114
0.208258 0.169225 0.683629 121 122 112
0.211152 0.171926 0.681545 121 121 112
0.213958 0.174575 0.679364 119 119 110
0.216776 0.177232 0.677192 118 118 110
0.219384 0.179761 0.674801 104 105 98
0.222466 0.182582 0.672889 20 22 25
0.225754 0.185531 0.671173 39 43 44
0.229205 0.188584 0.669608 53 57 57
0.231171 0.190718 0.666567 50 55 54
0.231812 0.192026 0.662247 45 47 49
0.231482 0.192722 0.657023 38 40 42
0.230142 0.192777 0.650884 30 32 36
0.228164 0.192421 0.644208 27 26 31
0.225304 0.191496 0.636780 20 22 25
0.222237 0.190423 0.629251 18 20 22
0.218795 0.189097 0.621469 16 18 19
0.215113 0.187601 0.613566 16 18 19
0.211348 0.186033 0.605689 16 18 19
0.207459 0.184369 0.597802 17 18 20
0.203569 0.182684 0.590016 18 20 22
0.198977 0.180533 0.581711 18 20 22
0.193440 0.177756 0.572691 19 21 22
0.187230 0.174525 0.563211 21 23 25
0.176337 0.168257 0.549844 22 25 25
0.152632 0.153693 0.525782 25 29 29
0.144297 0.148985 0.515073 71 74 71
0.146159 0.150851 0.513042 62 65 61
0.149759 0.153842 0.512451 62 65 60
0.157848 0.159758 0.515521 186 185 174
0.038456 0.027901 0.740396 195 143 129
0.030515 0.024987 0.720870 193 144 125
0.023802 0.022635 0.703736 188 143 120
0.018857 0.021135 0.689819 178 131 107
0.015710 0.020516 0.679074 173 129 105
0.012605 0.019890 0.668569 176 129 105
0.008792 0.018866 0.657093 175 129 106
0.005164 0.017905 0.646096 175 130 110
0.003122 0.017746 0.637769 181 137 117
0.002393 0.018257 0.631614 122 95 88
0.002868 0.019393 0.627400 62 59 57
0.004247 0.021002 0.624614 78 77 77
0.005975 0.022795 0.622375 75 74 73
0.008135 0.024818 0.620790 74 73 68
0.108508 0.081051 0.758957 106 104 96
0.111710 0.083885 0.757535 105 106 94
0.114089 0.086272 0.754908 106 104 96
0.116604 0.088733 0.752481 107 105 97
0.119206 0.091241 0.750176 109 106 99
0.121957 0.093833 0.748081 106 106 97
0.124705 0.096424 0.745976 108 106 98
0.127069 0.098800 0.743337 107 105 97
0.129390 0.101152 0.740645 106 106 97
0.131819 0.103563 0.738105 107 107 98
0.134201 0.105948 0.735504 108 108 100
0.136236 0.108134 0.732449 109 107 99
0.137631 0.109952 0.728564 100 98 89
0.138741 0.111601 0.724337 92 91 84
0.139672 0.113142 0.719915 160 160 151
0.146758 0.121199 0.706777 186 187 178
0.149049 0.123510 0.704176 185 186 176
0.151331 0.125815 0.701568 184 185 175
0.168202 0.140592 0.694971 100 101 93
0.174265 0.145169 0.696700 134 134 125
0.178272 0.148523 0.696003 133 132 124
0.181703 0.151535 0.694623 130 129 121
0.184900 0.154409 0.692963 128 126 119
0.187885 0.157156 0.691053 125 124 116
0.190963 0.159961 0.689237 124 123 115
0.193994 0.162740 0.687360 123 123 115
0.197019 0.165516 0.685466 122 122 113
0.200024 0.168281 0.683543 121 123 114
0.203036 0.171053 0.681619 120 121 112
0.206066 0.173837 0.679705 120 120 111
0.209015 0.176572 0.677698 119 120 110
0.211841 0.179232 0.675557 118 118 108
0.214663 0.181890 0.673407 117 117 108
0.217720 0.184697 0.671492 45 46 46
0.220669 0.187437 0.669459 17 20 23
0.224281 0.190594 0.668081 48 51 51
0.226737 0.193027 0.665541 49 52 52
0.227970 0.194688 0.661806 44 48 48
0.228122 0.195661 0.657044 40 42 44
0.226923 0.195769 0.651024 32 34 38
0.225003 0.195408 0.644382 26 28 29
0.222211 0.194477 0.636994 23 25 26
0.219207 0.193394 0.629496 19 21 22
0.216011 0.192172 0.621914 17 18 20
0.212159 0.190511 0.613824 16 18 19
0.208336 0.188851 0.605864 16 18 19
0.204578 0.187215 0.598066 17 18 20
0.199792 0.184896 0.589449 17 18 20
0.194206 0.182038 0.580237 18 20 22
0.189238 0.179559 0.571695 20 22 23
0.153877 0.157966 0.533002 27 29 31
0.138287 0.148452 0.515912 62 66 66
0.139963 0.150191 0.513735 62 65 62
0.142866 0.152735 0.512595 62 65 62
0.148625 0.157158 0.513820 114 114 107
0.037566 0.031774 0.743643 193 142 130
0.029629 0.028745 0.723967 193 142 126
0.023135 0.026407 0.707063 191 142 121
0.018239 0.024852 0.693110 182 136 111
0.015141 0.024202 0.682355 176 130 107
0.012740 0.023891 0.672911 176 129 107
0.009843 0.023292 0.662808 175 129 107
0.006746 0.022558 0.652542 179 133 113
0.003987 0.021977 0.642976 179 134 116
0.002177 0.021883 0.635047 185 139 119
0.001668 0.022473 0.629258 151 114 100
0.001725 0.023357 0.624416 64 55 53
0.003142 0.024976 0.621706 77 72 72
0.004645 0.026639 0.619144 77 74 73
0.007489 0.029039 0.618601 75 74 73
0.108299 0.087864 0.751001 107 105 97
0.111460 0.090679 0.749548 107 105 97
0.114520 0.093441 0.747933 108 106 98
0.117207 0.095993 0.745777 107 107 98
0.119974 0.098592 0.743728 108 106 98
0.122582 0.101101 0.741455 108 107 98
0.124778 0.103374 0.738613 106 106 97
0.126982 0.105650 0.735791 107 107 98
0.129274 0.107976 0.733097 107 107 99
0.131209 0.110093 0.729931 107 105 97
0.132524 0.111847 0.725962 138 136 123
0.133810 0.113579 0.721984 48 48 42
0.144238 0.125481 0.702097 186 187 177
0.162400 0.141974 0.691911 122 123 115
0.169066 0.146949 0.694402 115 117 110
0.173281 0.150439 0.693983 131 130 122
0.176529 0.153344 0.692426 128 126 119
0.179754 0.156235 0.690827 125 125 118
0.182803 0.159021 0.689018 124 123 115
0.185842 0.161803 0.687189 123 123 114
0.188869 0.164579 0.685335 122 122 113
0.191873 0.167343 0.683448 121 123 112
0.194905 0.170125 0.681581 121 122 111
0.197964 0.172925 0.679735 119 120 110
0.201035 0.175735 0.677891 118 119 109
0.204037 0.178503 0.675965 117 117 108
0.206858 0.181158 0.673842 116 116 107
0.209822 0.183906 0.671864 115 115 107
0.212808 0.186667 0.669899 107 107 100
0.215540 0.189269 0.667669 19 22 25
0.219339 0.192551 0.666508 27 28 26
0.222123 0.195189 0.664315 45 48 48
0.223736 0.197077 0.660964 43 45 46
0.224156 0.198198 0.656464 38 40 42
0.223089 0.198354 0.650562 33 35 37
0.221192 0.197965 0.643927 26 28 32
0.218566 0.197091 0.636676 25 25 26
0.215964 0.196217 0.629535 20 22 23
0.213139 0.195184 0.622274 18 20 22
0.209455 0.193577 0.614308 17 18 20
0.205794 0.191966 0.606464 17 18 20
0.200966 0.189575 0.597662 17 18 20
0.195905 0.187011 0.588767 18 20 22
0.190313 0.184078 0.579521 19 21 22
0.182416 0.179605 0.568362 22 23 25
0.148451 0.157922 0.534519 26 29 29
0.132251 0.147874 0.516679 58 60 61
0.133390 0.149253 0.514051 63 64 64
0.136392 0.151864 0.513025 61 63 60
0.140606 0.155285 0.513009 77 76 71
0.036978 0.035842 0.747452 193 142 131
0.028945 0.032645 0.727446 193 143 126
0.022540 0.030254 0.710552 191 142 121
0.017725 0.028663 0.696618 189 141 120
0.014488 0.027881 0.685538 181 134 110
0.012140 0.027550 0.676098 179 132 110
0.009690 0.027138 0.666638 179 133 111
0.007314 0.026742 0.657442 182 135 114
0.005032 0.026375 0.648539 182 136 114
0.002766 0.025993 0.639796 185 138 118
0.001138 0.025942 0.632184 184 136 115
0.000681 0.026523 0.626501 176 130 113
0.000709 0.027362 0.621635 77 62 59
0.002039 0.028922 0.618811 73 69 69
0.003851 0.030749 0.616731 77 76 75
0.005515 0.032492 0.614434 78 77 75
0.010010 0.035842 0.616333 83 80 77
0.111868 0.097766 0.742591 109 107 99
0.115078 0.100618 0.741207 109 107 99
0.117688 0.103124 0.738968 110 108 100
0.120144 0.105539 0.736511 109 107 99
0.122538 0.107919 0.733974 109 109 100
0.124509 0.110049 0.730865 110 108 100
0.126218 0.112022 0.727417 110 108 100
0.127574 0.113783 0.723522 170 168 154
0.129019 0.115591 0.719772 42 43 35
0.130267 0.117277 0.715791 86 88 81
0.134966 0.122882 0.705245 187 189 179
0.137287 0.125198 0.702723 187 187 178
0.139557 0.127484 0.700143 179 181 171
0.141890 0.129807 0.697645 185 186 176
0.144333 0.132196 0.695285 187 187 178
0.146779 0.134587 0.692931 187 187 178
0.149069 0.136882 0.690390 185 186 176
0.152362 0.139794 0.689048 184 184 175
0.157482 0.143839 0.689845 78 78 70
0.163864 0.148674 0.692062 91 94 87
0.168440 0.152401 0.692102 129 129 121
0.171530 0.155209 0.690391 125 126 118
0.174674 0.158054 0.688732 123 124 116
0.180740 0.163609 0.685126 121 123 113
0.183801 0.166406 0.683339 122 122 113
0.186793 0.169162 0.681466 121 122 112
0.189832 0.171949 0.679635 120 121 112
0.192920 0.174768 0.677847 119 119 110
0.195952 0.177555 0.675990 117 118 106
0.198954 0.180323 0.674091 117 117 108
0.201903 0.183058 0.672127 116 116 107
0.204918 0.185838 0.670226 113 114 105
0.208009 0.188667 0.668393 111 112 103
0.210680 0.191228 0.666123 31 29 32
0.214403 0.194469 0.664914 21 21 22
0.217215 0.197123 0.662771 36 39 39
0.219182 0.199229 0.659785 41 43 45
0.220002 0.200586 0.655683 38 40 42
0.219200 0.200881 0.650032 34 36 38
0.217386 0.200503 0.643461 28 29 32
0.215138 0.199828 0.636553 23 25 26
0.212837 0.199105 0.629677 21 23 25
0.210304 0.198214 0.622665 21 21 22
0.207106 0.196871 0.615119 20 20 22
0.202621 0.194661 0.606481 18 18 20
0.197465 0.191987 0.597344 18 20 22
0.134623 0.152259 0.528527 24 26 29
0.126110 0.147196 0.517302 52 54 58
0.126688 0.148190 0.514188 61 62 63
0.129518 0.150691 0.513049 62 63 62
0.133399 0.153900 0.512797 52 52 49
0.142550 0.160662 0.516996 166 159 147
0.036330 0.039922 0.751205 192 143 133
0.028144 0.036521 0.730767 192 142 126
0.021666 0.033989 0.713608 191 142 121
0.017038 0.032421 0.699876 193 144 123
0.013946 0.031658 0.688944 185 136 115
0.011721 0.031345 0.679624 182 134 113
0.009435 0.030975 0.670348 182 136 114
0.007250 0.030638 0.661380 184 137 117
0.005255 0.030385 0.652852 185 138 117
0.003424 0.030204 0.644716 185 138 117
0.001430 0.029910 0.636442 184 137 115
-0.000038 0.029895 0.629115 182 135 113
-0.000747 0.030295 0.623067 185 139 117
-0.000231 0.031383 0.618979 110 84 74
0.000923 0.032830 0.615901 60 52 52
0.002298 0.034401 0.613181 75 72 74
0.003864 0.036080 0.610762 77 75 75
0.005937 0.038051 0.609102 77 74 73
0.111816 0.104516 0.735059 110 108 100
0.114941 0.107322 0.733579 111 109 101
0.117764 0.109951 0.731665 111 110 102
0.119963 0.112207 0.728892 113 111 103
0.121486 0.114055 0.725210 112 113 101
0.123181 0.116003 0.721786 172 166 152
0.124940 0.117986 0.718466 71 71 63
0.126441 0.119810 0.714826 75 80 71
0.127709 0.121487 0.710907 97 104 93
0.137732 0.132083 0.696330 188 190 180
0.140191 0.134479 0.694010 187 189 179
0.142451 0.136751 0.691445 187 189 179
0.153399 0.146179 0.688735 60 57 50
0.159217 0.150696 0.690334 97 97 89
0.163629 0.154337 0.690221 125 124 117
0.166840 0.157224 0.688679 123 124 117
0.169874 0.160000 0.686920 123 123 116
0.172848 0.162740 0.685082 121 122 114
0.175817 0.165479 0.683229 120 121 113
0.178895 0.168288 0.681488 120 120 111
0.181885 0.171043 0.679639 118 120 110
0.184903 0.173818 0.677813 118 120 110
0.187950 0.176613 0.676008 118 118 109
0.190941 0.179373 0.674132 116 116 107
0.193895 0.182110 0.672208 115 115 106
0.196884 0.184872 0.670314 115 115 106
0.199939 0.187678 0.668480 114 114 105
0.203214 0.190629 0.666864 113 113 103
0.206063 0.193303 0.664797 80 80 74
0.209676 0.196480 0.663502 20 23 23
0.212309 0.199016 0.661200 21 23 25
0.214570 0.201307 0.658525 38 40 42
0.215853 0.202951 0.654889 36 38 40
0.215446 0.203472 0.649617 34 36 38
0.213900 0.203230 0.643293 29 31 33
0.211774 0.202591 0.636482 25 26 29
0.209753 0.202009 0.629852 22 23 25
0.206902 0.200860 0.622516 21 22 23
0.203316 0.199205 0.614582 20 20 22
0.198612 0.196783 0.605714 18 20 22
0.123935 0.148567 0.525113 32 34 36
0.119025 0.145850 0.517025 60 62 64
0.120270 0.147280 0.514509 60 61 63
0.122656 0.149483 0.513008 58 59 60
0.126327 0.152560 0.512620 44 45 43
0.134190 0.158495 0.515824 146 140 131
0.035469 0.043927 0.754631 189 144 136
0.027255 0.040386 0.733977 192 142 127
0.020791 0.037759 0.716700 189 140 122
0.016274 0.036173 0.703043 192 142 121
0.013405 0.035475 0.692394 187 137 116
0.011171 0.035108 0.682977 186 136 115
0.008984 0.034746 0.673782 185 138 116
0.006916 0.034429 0.664924 184 138 118
0.005143 0.034259 0.656679 184 139 119
0.003577 0.034188 0.648890 182 138 118
0.002123 0.034165 0.641393 184 137 115
0.000527 0.034041 0.633781 182 136 114
-0.000624 0.034159 0.626973 182 135 113
-0.000977 0.034728 0.621494 182 136 113
-0.000893 0.035542 0.616754 156 119 107
0.000038 0.036845 0.613352 74 61 59
0.001321 0.038351 0.610507 67 59 60
0.002873 0.040014 0.608082 83 75 76
0.004106 0.041485 0.605200 78 75 74
0.007028 0.043962 0.604799 77 73 71
0.111757 0.111185 0.727602 113 112 104
0.114763 0.113923 0.725982 115 114 105
0.116744 0.116035 0.722950 116 117 107
0.118726 0.118146 0.719933 117 117 104
0.120600 0.120188 0.716785 173 170 154
0.136225 0.136841 0.692926 188 192 182
0.155266 0.153121 0.689399 100 100 91
0.159273 0.156519 0.688841 123 124 116
0.162396 0.159353 0.687221 122 122 114
0.165288 0.162040 0.685321 122 122 113
0.168148 0.164708 0.683378 120 120 111
0.171075 0.167420 0.681503 120 120 111
0.174110 0.170203 0.679741 118 121 108
0.177096 0.172957 0.677914 118 118 109
0.180067 0.175701 0.676060 118 118 109
0.183025 0.178439 0.674184 118 118 109
0.185852 0.181093 0.672158 115 115 106
0.188692 0.183756 0.670139 115 115 106
0.191716 0.186541 0.668310 115 115 105
0.194741 0.189328 0.666473 113 113 104
0.198040 0.192298 0.664912 112 112 103
0.201554 0.195413 0.663558 104 105 94
0.205143 0.198581 0.662263 21 23 25
0.207366 0.200841 0.659563 16 18 19
0.209527 0.203058 0.656807 35 37 39
0.211136 0.204905 0.653510 34 36 38
0.211318 0.205791 0.648821 34 36 38
0.210545 0.206029 0.643241 30 32 34
0.208669 0.205515 0.636653 26 26 29
0.205739 0.204276 0.629129 22 23 25
0.202650 0.202914 0.621548 20 22 23
0.115586 0.146369 0.523665 44 46 47
0.112817 0.145056 0.517463 61 65 66
0.113705 0.146233 0.514633 58 62 63
0.116337 0.148604 0.513377 54 57 59
0.119786 0.151539 0.512834 42 43 43
0.126705 0.156866 0.515307 117 109 103
0.141014 0.167302 0.524118 123 112 102
0.034754 0.048055 0.758360 191 147 137
0.026476 0.044350 0.737418 192 142 126
0.020318 0.041793 0.720527 194 143 127
0.015763 0.040106 0.706684 192 141 122
0.012855 0.039328 0.695874 189 139 120
0.010627 0.038916 0.686381 187 137 118
0.008488 0.038532 0.677184 186 138 118
0.006493 0.038211 0.668367 184 139 119
0.004806 0.038049 0.660187 185 141 120
0.003382 0.038022 0.652554 182 139 118
0.002160 0.038098 0.645357 182 138 118
0.001046 0.038222 0.638435 182 136 114
0.000186 0.038481 0.632008 182 136 113
-0.000713 0.038704 0.625610 181 133 110
-0.001224 0.039145 0.619897 181 132 109
-0.001082 0.039967 0.615255 181 135 113
-0.000756 0.040891 0.610945 126 91 78
0.000011 0.042075 0.607342 78 57 56
0.001301 0.043570 0.604548 78 73 69
0.002798 0.045189 0.602078 83 80 76
0.004397 0.046868 0.599768 77 76 70
0.006736 0.048999 0.598533 77 74 71
0.109104 0.115295 0.722384 115 115 106
0.111794 0.117837 0.720361 119 117 109
0.113872 0.119997 0.717501 121 120 109
0.116212 0.122321 0.715005 154 152 136
0.132468 0.139305 0.692078 100 104 96
0.135433 0.142021 0.690415 101 103 95
0.151245 0.155473 0.688361 111 111 102
0.154872 0.158636 0.687380 124 123 115
0.157884 0.161400 0.685654 123 123 114
0.160705 0.164041 0.683697 121 121 112
0.163475 0.166650 0.681674 120 120 111
0.166381 0.169349 0.679800 119 119 110
0.169398 0.172122 0.678043 118 119 109
0.172407 0.174892 0.676267 118 118 109
0.175387 0.177644 0.674449 117 117 108
0.178267 0.180331 0.672511 117 117 108
0.180976 0.182906 0.670380 115 115 106
0.183690 0.185484 0.668251 114 114 105
0.186641 0.188221 0.666371 113 114 104
0.189613 0.190973 0.664505 112 112 103
0.193110 0.194080 0.663181 110 110 101
0.197335 0.197680 0.662595 108 109 100
0.201154 0.201011 0.661558 30 33 34
0.203212 0.203154 0.658701 18 20 22
0.205009 0.205119 0.655589 26 28 29
0.206436 0.206831 0.652122 32 34 36
0.206865 0.207861 0.647683 34 35 37
0.206854 0.208584 0.642850 32 33 35
0.204683 0.207825 0.635957 27 28 29
0.105994 0.143247 0.520939 55 60 59
0.105935 0.143762 0.517218 58 62 62
0.107746 0.145566 0.515241 56 59 61
0.110133 0.147770 0.513789 49 51 55
0.113691 0.150789 0.513381 51 52 50
0.119559 0.155419 0.515002 110 111 107
0.130602 0.163669 0.521121 129 116 110
0.034052 0.052233 0.762159 191 146 137
0.025590 0.048292 0.740714 193 143 127
0.019683 0.045778 0.724121 193 142 124
0.015362 0.044147 0.710563 192 140 122
0.012408 0.043283 0.699573 189 139 121
0.010136 0.042795 0.689918 187 139 119
0.008066 0.042403 0.680753 186 139 119
0.006114 0.042061 0.671926 182 139 118
0.004443 0.041867 0.663696 182 141 119
0.003060 0.041827 0.656059 179 139 117
0.001947 0.041933 0.648971 182 138 117
0.001019 0.042135 0.642277 182 137 115
0.000331 0.042469 0.636058 182 136 113
-0.000110 0.042939 0.630309 181 134 110
-0.000313 0.043545 0.625005 181 132 109
-0.000940 0.043881 0.619117 179 132 108
-0.001223 0.044417 0.613830 176 129 106
-0.001205 0.045129 0.609064 178 134 112
-0.000832 0.046052 0.604883 117 86 71
0.000292 0.047434 0.601858 62 50 45
0.001751 0.049020 0.599347 71 69 64
0.003069 0.050517 0.596646 78 76 71
0.004690 0.052201 0.594396 74 73 70
0.007009 0.054322 0.593148 74 73 72
0.106241 0.119204 0.716894 123 121 113
0.108736 0.121619 0.714641 122 123 112
0.111784 0.124387 0.713136 124 123 112
0.113594 0.126365 0.709953 155 155 139
0.115867 0.128638 0.707405 172 170 153
0.117907 0.130761 0.704553 90 92 82
0.119672 0.132704 0.701352 83 84 74
0.121074 0.134410 0.697699 146 145 131
0.123230 0.136601 0.695039 145 147 131
0.126021 0.139204 0.693192 103 109 97
0.128912 0.141875 0.691463 86 90 80
0.132278 0.144856 0.690315 71 74 64
0.135780 0.147931 0.689314 103 105 94
0.139298 0.151019 0.688310 156 154 141
0.147098 0.157710 0.687146 123 123 115
0.150303 0.160602 0.685690 124 123 115
0.156013 0.165929 0.681915 121 121 112
0.158661 0.168455 0.679775 119 119 110
0.161466 0.171087 0.677812 119 119 110
0.164485 0.173863 0.676087 118 118 109
0.167551 0.176673 0.674402 117 117 108
0.170632 0.179494 0.672724 117 117 108
0.173463 0.182148 0.670757 117 116 108
0.176129 0.184692 0.668603 115 115 106
0.178866 0.187284 0.666523 114 114 105
0.181843 0.190040 0.664696 113 113 104
0.184992 0.192914 0.663044 112 111 101
0.188514 0.196045 0.661773 110 110 101
0.192640 0.199591 0.661113 110 110 101
0.196799 0.203164 0.660457 37 38 39
0.199199 0.205535 0.657964 20 21 22
0.200792 0.207350 0.654654 22 22 23
0.201955 0.208867 0.650928 33 33 37
0.202243 0.209777 0.646353 32 33 37
0.096642 0.139664 0.521964 49 52 50
0.097492 0.140796 0.519086 63 65 63
0.099336 0.142619 0.517158 58 60 59
0.101514 0.144676 0.515541 57 57 58
0.104563 0.147345 0.514722 40 38 38
0.108106 0.150364 0.514336 77 59 56
0.114007 0.155047 0.516052 129 122 112
0.122534 0.161591 0.520054 121 122 114
0.131137 0.168205 0.524017 116 105 97
0.032980 0.056238 0.765342 192 147 137
0.024505 0.052155 0.743698 196 145 129
0.018715 0.049609 0.727176 193 141 123
0.014436 0.047923 0.713575 193 140 122
0.011809 0.047193 0.703058 189 140 121
0.009526 0.046645 0.693296 187 139 121
0.007561 0.046268 0.684227 182 140 119
0.005699 0.045934 0.675471 179 139 118
0.004098 0.045739 0.667279 179 140 119
0.002801 0.045714 0.659712 179 139 117
0.001808 0.045858 0.652748 179 139 117
0.001033 0.046122 0.646235 181 136 115
0.000471 0.046505 0.640150 182 135 112
0.000170 0.047038 0.634559 182 133 110
-0.000001 0.047642 0.629245 181 132 109
-0.000091 0.048288 0.624123 179 131 108
-0.000347 0.048819 0.618808 179 132 107
-0.001186 0.048976 0.612676 176 132 108
-0.001430 0.049496 0.607521 178 133 108
-0.001158 0.050333 0.603199 164 124 106
-0.000390 0.051477 0.599657 96 77 65
0.000654 0.052792 0.596551 57 50 48
0.002054 0.054331 0.593985 74 70 68
0.003368 0.055812 0.591310 77 73 72
0.004340 0.057072 0.588168 78 76 76
0.006692 0.059216 0.586990 74 74 72
0.008187 0.060809 0.584608 83 83 78
0.105624 0.125287 0.708866 122 123 114
0.108774 0.128123 0.707538 133 134 123
0.111358 0.130593 0.705432 133 133 118
0.113851 0.133004 0.703204 173 172 154
0.116283 0.135374 0.700893 181 180 163
0.117758 0.137115 0.697338 171 170 150
0.120260 0.139530 0.695131 149 149 131
0.123117 0.142180 0.693377 122 122 106
0.125960 0.144822 0.691595 122 121 106
0.129427 0.147880 0.690587 160 158 142
0.132845 0.150909 0.689494 176 174 162
0.136273 0.153947 0.688392 141 141 128
0.139829 0.157075 0.687424 126 129 118
0.143278 0.160133 0.686302 125 126 117
0.146410 0.162982 0.684778 124 123 115
0.149146 0.165566 0.682771 123 123 114
0.152036 0.168254 0.680939 120 120 111
0.154704 0.170794 0.678839 119 119 110
0.157297 0.173283 0.676651 118 118 109
0.160294 0.176047 0.674921 118 118 109
0.163599 0.179023 0.673528 117 117 108
0.166688 0.181854 0.671878 116 117 107
0.169422 0.184443 0.669819 115 115 106
0.172154 0.187031 0.667755 113 113 104
0.174798 0.189560 0.665589 113 113 104
0.177534 0.192152 0.663520 113 113 104
0.180677 0.195026 0.661882 112 111 102
0.184412 0.198312 0.660861 109 109 100
0.188333 0.201729 0.660012 110 110 101
0.191717 0.204777 0.658575 36 36 37
0.194578 0.207465 0.656582 19 18 20
0.196253 0.209325 0.653369 20 20 22
0.088930 0.137189 0.524434 54 56 55
0.089032 0.137783 0.520820 60 63 61
0.090841 0.139578 0.518878 57 60 58
0.092922 0.141565 0.517198 57 57 57
0.095596 0.143973 0.516073 47 46 45
0.098508 0.146551 0.515159 49 41 36
0.102668 0.150019 0.515383 119 85 78
0.109854 0.155646 0.518344 144 105 94
0.121352 0.164362 0.525135 121 111 101
0.031633 0.060115 0.768068 193 149 138
0.023454 0.056071 0.746780 193 143 127
0.017677 0.053432 0.730143 193 142 125
0.013611 0.051795 0.716804 191 140 122
0.011086 0.051068 0.706371 188 139 122
0.008927 0.050544 0.696738 185 139 121
0.007110 0.050209 0.687837 181 140 121
0.005351 0.049892 0.679173 179 140 119
0.003785 0.049677 0.670963 179 140 119
0.002500 0.049620 0.663341 178 140 118
0.001581 0.049777 0.656431 179 139 117
0.000902 0.050070 0.650007 179 136 115
0.000382 0.050452 0.643928 182 135 112
0.000130 0.050992 0.638357 181 133 109
0.000042 0.051626 0.633115 179 132 107
0.000029 0.052299 0.628055 179 133 107
0.000035 0.052976 0.623088 179 134 107
-0.000036 0.053595 0.618064 179 133 107
-0.000559 0.053916 0.612415 175 131 106
-0.001082 0.054227 0.606841 173 129 106
-0.000966 0.054940 0.602287 172 129 106
-0.000465 0.055896 0.598353 165 125 107
0.000013 0.056832 0.594427 106 81 70
0.000884 0.058018 0.591108 64 54 53
0.002044 0.059388 0.588232 60 52 53
0.003573 0.060997 0.585897 74 71 70
0.004916 0.062483 0.583314 80 79 76
0.006987 0.064446 0.581756 77 76 74
0.008128 0.065796 0.578915 75 75 70
0.107479 0.133671 0.698731 136 137 126
0.110701 0.136562 0.697515 160 160 146
0.113448 0.139138 0.695657 176 176 161
0.116415 0.141862 0.694077 166 165 151
0.119676 0.144785 0.692862 160 159 145
0.122151 0.147182 0.690627 156 153 139
0.125619 0.150249 0.689644 142 141 130
0.129030 0.153282 0.688565 131 131 121
0.132574 0.156407 0.687630 133 132 123
0.136072 0.159505 0.686614 129 130 120
0.139269 0.162400 0.685206 125 126 117
0.142055 0.165017 0.683288 124 124 115
0.144622 0.167485 0.681101 123 123 114
0.147477 0.170151 0.679253 121 121 112
0.150191 0.172721 0.677231 119 119 110
0.152807 0.175224 0.675091 118 118 109
0.155845 0.178019 0.673432 118 118 109
0.159067 0.180943 0.671973 116 116 107
0.161985 0.183658 0.670153 115 115 106
0.164863 0.186347 0.668281 115 115 106
0.167498 0.188867 0.666131 114 114 105
0.170010 0.191302 0.663843 113 113 104
0.172628 0.193811 0.661669 112 112 103
0.183418 0.203405 0.658243 108 107 100
0.186738 0.206414 0.656768 36 36 37
0.079659 0.133581 0.525256 58 62 62
0.081071 0.135091 0.522929 61 63 61
0.083330 0.137202 0.521445 58 61 59
0.085454 0.139219 0.519824 57 59 57
0.087260 0.141009 0.517892 47 47 45
0.090024 0.143484 0.516879 41 35 31
0.093432 0.146425 0.516463 92 70 62
0.098270 0.150397 0.517365 149 111 98
0.106016 0.156470 0.520925 142 100 90
0.116332 0.164411 0.526757 142 104 94
0.030908 0.064403 0.771962 191 147 138
0.022478 0.060070 0.750036 193 143 128
0.016547 0.057232 0.732981 194 144 128
0.012937 0.055799 0.720340 188 139 122
0.010319 0.054956 0.709650 187 140 123
0.008320 0.054479 0.700208 182 139 120
0.006634 0.054179 0.691451 179 139 120
0.004933 0.053853 0.682804 178 140 119
0.003412 0.053623 0.674592 179 140 119
0.002145 0.053538 0.666927 179 140 119
0.001278 0.053694 0.660034 179 138 117
0.000648 0.053989 0.653628 181 136 115
0.000147 0.054355 0.647518 181 134 112
-0.000100 0.054873 0.641898 179 133 108
-0.000204 0.055475 0.636577 179 133 106
-0.000215 0.056128 0.631469 179 133 106
-0.000132 0.056834 0.626570 178 134 107
-0.000035 0.057541 0.621752 179 134 107
0.000079 0.058252 0.617017 178 133 106
-0.000056 0.058793 0.611961 175 130 106
-0.000448 0.059156 0.606584 173 128 104
-0.000502 0.059734 0.601777 170 125 104
-0.000256 0.060502 0.597466 172 129 106
0.000271 0.061451 0.593614 168 131 110
0.000692 0.062324 0.589647 130 99 84
0.001671 0.063563 0.586516 78 62 55
0.002979 0.065019 0.583877 50 43 43
0.004301 0.066482 0.581274 63 59 59
0.005939 0.068155 0.579123 73 69 67
0.007788 0.069970 0.577271 81 79 77
0.010039 0.072055 0.575965 75 75 72
0.011112 0.073345 0.573065 77 76 73
0.113154 0.145265 0.688340 136 134 124
0.117073 0.148644 0.688006 143 141 131
0.120735 0.151852 0.687310 142 141 134
0.124360 0.155038 0.686538 140 139 131
0.128194 0.158372 0.686000 133 133 124
0.131636 0.161439 0.684944 129 130 121
0.134473 0.164090 0.683124 126 128 118
0.136987 0.166518 0.680904 122 123 114
0.139325 0.168824 0.678471 122 123 114
0.141769 0.171204 0.676167 121 121 112
0.144325 0.173661 0.673996 119 119 110
0.152874 0.181654 0.668481 117 117 108
0.069581 0.128854 0.528854 63 63 64
0.071233 0.130530 0.526777 62 63 63
0.073297 0.132501 0.525125 60 61 60
0.075478 0.134557 0.523588 57 60 58
0.078016 0.136871 0.522403 50 52 50
0.080153 0.138897 0.520809 42 39 37
0.082468 0.141053 0.519388 43 31 28
0.085167 0.143487 0.518332 88 63 56
0.088769 0.146580 0.518133 133 100 87
0.095303 0.151809 0.520700 135 97 84
0.102329 0.157407 0.523654 141 101 88
0.112442 0.165270 0.529411 145 101 90
0.124718 0.174732 0.537036 145 104 95
0.030807 0.069129 0.777057 191 148 143
0.021631 0.064187 0.753567 195 146 132
0.015216 0.060937 0.735492 193 143 126
0.011726 0.059505 0.722964 195 147 129
0.009404 0.058789 0.712709 187 140 122
0.007664 0.058426 0.703638 181 139 119
0.006148 0.058188 0.695095 178 139 120
0.004511 0.057856 0.686474 178 140 119
0.003031 0.057610 0.678254 179 140 119
0.001796 0.057506 0.670569 179 140 119
0.000944 0.057637 0.663632 179 136 116
0.000346 0.057922 0.657215 182 135 113
-0.000135 0.058272 0.651076 181 134 111
-0.000381 0.058767 0.645400 179 132 108
-0.000483 0.059346 0.640027 178 131 106
-0.000474 0.059991 0.634899 178 132 105
-0.000379 0.060684 0.629968 178 132 108
-0.000232 0.061405 0.625179 176 133 106
-0.000094 0.062113 0.620433 176 132 106
0.000027 0.062802 0.615715 175 130 104
0.000136 0.063476 0.611036 173 128 104
0.000339 0.064207 0.606552 172 128 105
0.000546 0.064934 0.602126 170 126 104
0.000573 0.065533 0.597485 169 128 105
0.000606 0.066130 0.592910 169 125 105
0.001126 0.067050 0.589084 169 125 106
0.001917 0.068150 0.585685 156 117 99
0.002781 0.069295 0.582418 116 86 73
0.004293 0.070880 0.580085 77 57 49
0.005940 0.072556 0.577947 50 43 39
0.007226 0.073983 0.575322 60 55 53
0.008473 0.075381 0.572662 68 65 63
0.009988 0.076963 0.570379 74 73 71
0.012158 0.078995 0.568976 80 79 77
0.013798 0.080661 0.566867 77 75 73
0.015836 0.082603 0.565285 74 73 70
0.017533 0.084308 0.563259 75 74 71
0.019252 0.086028 0.561266 77 76 73
0.021183 0.087895 0.559546 83 83 79
0.052648 0.117229 0.540323 81 82 79
0.053798 0.118542 0.537687 74 76 73
0.055033 0.119914 0.535160 68 69 67
0.056588 0.121515 0.532992 64 66 64
0.058503 0.123375 0.531217 64 66 62
0.060703 0.125442 0.529745 62 62 61
0.062968 0.127556 0.528336 60 62 61
0.065154 0.129615 0.526838 56 57 58
0.067939 0.132110 0.525954 52 52 52
0.070552 0.134481 0.524877 44 42 41
0.073065 0.136782 0.523686 33 28 28
0.075776 0.139227 0.522682 49 39 36
0.078613 0.141768 0.521790 96 70 60
0.081642 0.144452 0.521071 135 98 84
0.085579 0.147805 0.521220 138 98 84
0.092031 0.153014 0.523769 136 95 82
0.100346 0.159607 0.528028 141 98 87
0.110518 0.167584 0.533940 144 101 90
0.120390 0.175357 0.539428 147 102 93
0.130139 0.183056 0.544666 147 105 95
0.030754 0.073951 0.782311 194 151 147
0.021180 0.068602 0.757873 193 145 129
0.014182 0.064862 0.738574 191 141 124
0.010410 0.063172 0.725430 195 148 130
0.008334 0.062558 0.715531 187 142 124
0.006820 0.062292 0.706780 181 142 123
0.005505 0.062139 0.698511 176 139 120
0.004020 0.061861 0.690074 176 139 120
0.002643 0.061638 0.681951 179 141 120
0.001470 0.061536 0.674295 179 137 117
0.000664 0.061663 0.667369 182 136 114
0.000076 0.061924 0.660901 182 135 113
-0.000410 0.062241 0.654691 182 133 110
-0.000661 0.062707 0.648949 179 133 109
-0.000765 0.063262 0.643518 179 133 106
-0.000746 0.063891 0.638353 176 131 104
-0.000628 0.064578 0.633407 176 131 107
-0.000457 0.065296 0.628605 176 132 105
-0.000266 0.066020 0.623892 175 131 104
-0.000015 0.066777 0.619324 173 129 105
0.000240 0.067532 0.614817 175 130 106
0.000546 0.068316 0.610437 172 129 104
0.000913 0.069135 0.606197 172 128 105
0.001336 0.069987 0.602087 170 125 104
0.001538 0.070681 0.597697 168 124 104
0.001284 0.071056 0.592699 169 123 103
0.001589 0.071809 0.588561 167 123 101
0.002366 0.072885 0.585139 167 122 101
0.003270 0.074045 0.581926 169 123 104
0.004690 0.075561 0.579457 156 115 97
0.006039 0.077026 0.576906 125 92 78
0.007027 0.078237 0.573875 91 69 60
0.008176 0.079558 0.571087 62 50 45
0.009812 0.081218 0.568969 49 42 39
0.011672 0.083036 0.567156 54 48 47
0.013432 0.084783 0.565213 62 57 56
0.014878 0.086307 0.562864 68 64 63
0.016312 0.087821 0.560509 68 66 65
0.018048 0.089549 0.558553 75 75 73
0.019979 0.091416 0.556848 77 76 74
0.022074 0.093398 0.555346 75 75 73
0.024189 0.095397 0.553865 74 72 70
0.026171 0.097300 0.552215 74 73 70
0.028233 0.099261 0.550660 71 70 67
0.030504 0.101373 0.549355 71 69 65
0.032816 0.103514 0.548088 70 70 66
0.034897 0.105491 0.546541 68 68 64
0.036922 0.107427 0.544922 68 67 65
0.039144 0.109507 0.543531 68 69 66
0.041260 0.111510 0.542010 68 68 66
0.043170 0.113365 0.540250 65 66 65
0.045347 0.115413 0.538791 65 66 65
0.047730 0.117613 0.537558 65 66 64
0.049887 0.119649 0.536065 64 65 63
0.051545 0.121320 0.534017 61 61 60
0.053681 0.123341 0.532495 58 57 56
0.055919 0.125437 0.531078 52 51 50
0.058144 0.127524 0.529641 46 42 43
0.060444 0.129668 0.528277 38 33 35
0.063248 0.132184 0.527435 36 29 29
0.066183 0.134798 0.526712 57 46 47
0.069267 0.137525 0.526123 87 71 69
0.072171 0.140121 0.525328 120 92 84
0.075290 0.142879 0.524733 138 101 89
0.078946 0.146039 0.524653 135 95 81
0.083563 0.149916 0.525496 137 95 83
0.089717 0.154945 0.527803 137 95 83
0.097506 0.161202 0.531627 139 97 84
0.107214 0.168904 0.537201 144 99 88
0.119788 0.178767 0.545382 146 101 92
0.129562 0.186554 0.550722 150 105 96
0.030419 0.078656 0.787114 191 147 141
0.020901 0.073183 0.762556 191 142 128
0.013820 0.069266 0.742926 193 144 127
0.009453 0.067104 0.728576 187 139 122
0.007121 0.066264 0.718130 193 147 129
0.005765 0.066055 0.709586 181 142 123
0.004731 0.066046 0.701741 179 141 122
0.003502 0.065893 0.693673 178 140 119
0.002276 0.065728 0.685734 181 140 120
0.001188 0.065643 0.678147 179 136 117
0.000409 0.065754 0.671194 182 136 115
-0.000173 0.065987 0.664670 182 134 113
-0.000640 0.066289 0.658428 182 133 111
-0.000887 0.066730 0.652631 181 132 109
-0.000998 0.067255 0.647131 178 132 105
-0.001019 0.067835 0.641848 175 131 104
-0.000928 0.068483 0.636807 175 130 106
-0.000732 0.069198 0.631995 175 130 106
-0.000498 0.069932 0.627299 175 131 105
-0.000213 0.070695 0.622737 173 129 105
0.000094 0.071467 0.618262 173 129 105
0.000511 0.072310 0.614004 173 128 104
0.000992 0.073192 0.609887 172 126 104
0.001460 0.074060 0.605796 171 125 104
0.001928 0.074923 0.601749 170 124 103
0.002235 0.075669 0.597510 169 123 102
0.002673 0.076501 0.593508 168 123 102
0.003154 0.077358 0.589607 167 122 100
0.003637 0.078214 0.585752 166 121 99
0.004422 0.079277 0.582357 165 120 98
0.005537 0.080573 0.579453 164 119 97
0.006647 0.081861 0.576562 160 118 96
0.007822 0.083194 0.573781 160 120 99
0.009239 0.084697 0.571345 144 109 89
0.010508 0.086094 0.568725 119 94 81
0.012080 0.087706 0.566522 98 76 67
0.013388 0.089127 0.563981 74 56 49
0.014640 0.090506 0.561382 60 42 38
0.016249 0.092140 0.559257 48 36 35
0.018020 0.093892 0.557347 45 39 37
0.019702 0.095578 0.555326 46 40 40
0.021466 0.097323 0.553414 47 43 43
0.023535 0.099289 0.551881 51 48 49
0.025675 0.101308 0.550432 52 50 50
0.027785 0.103305 0.548941 53 51 50
0.030108 0.105459 0.547701 54 51 52
0.032297 0.107515 0.546290 55 52 53
0.034390 0.109502 0.544761 53 50 52
0.036599 0.111575 0.543364 50 48 50
0.038749 0.113605 0.541890 50 47 49
0.040801 0.115563 0.540300 45 42 44
0.042897 0.117555 0.538756 43 40 42
0.045420 0.119862 0.537689 42 36 40
0.047463 0.121815 0.536073 36 29 32
0.049755 0.123954 0.534730 38 29 31
0.052069 0.126109 0.533403 46 37 36
0.054581 0.128413 0.532284 64 51 47
0.057111 0.130732 0.531170 86 64 55
0.059655 0.133062 0.530060 105 84 76
0.062484 0.135607 0.529239 126 101 93
0.065582 0.138355 0.528682 131 102 93
0.069033 0.141370 0.528468 129 98 88
0.072674 0.144532 0.528420 132 98 84
0.076744 0.148019 0.528776 134 96 84
0.081692 0.152171 0.529978 135 95 82
0.088209 0.157512 0.532692 137 96 83
0.095985 0.163814 0.536570 139 95 84
0.104229 0.170480 0.540799 142 98 86
0.114401 0.178619 0.546792 145 99 89
0.125445 0.187435 0.553478 148 101 93
0.134696 0.194908 0.558297 152 105 96
0.029633 0.083120 0.791131 194 144 136
0.020586 0.077801 0.767239 193 143 129
0.013515 0.073764 0.747443 191 140 124
0.008706 0.071215 0.732146 192 143 126
0.005960 0.070036 0.720854 182 137 119
0.004532 0.069731 0.712110 193 154 134
0.003729 0.069837 0.704609 178 139 120
0.002831 0.069866 0.697052 179 140 119
0.001857 0.069831 0.689474 181 138 119
0.000961 0.069838 0.682142 181 136 117
0.000241 0.069955 0.675218 182 135 113
-0.000317 0.070173 0.668665 182 134 113
-0.000792 0.070439 0.662342 182 133 110
-0.001070 0.070832 0.656431 179 131 108
-0.001195 0.071323 0.650851 176 130 106
-0.001237 0.071864 0.645475 173 130 104
-0.001206 0.072449 0.640286 173 129 105
-0.001017 0.073138 0.635412 175 130 106
-0.000773 0.073859 0.630682 173 129 105
-0.000478 0.074610 0.626089 173 129 105
-0.000169 0.075365 0.621568 173 128 104
0.000275 0.076211 0.617307 172 128 103
0.000824 0.077125 0.613250 172 125 104
0.001381 0.078041 0.609249 170 124 103
0.001996 0.078994 0.605376 169 123 102
0.002533 0.079886 0.601426 169 123 102
0.003189 0.080860 0.597692 168 123 101
0.004012 0.081949 0.594235 167 122 99
0.004869 0.083059 0.590857 166 121 99
0.005752 0.084185 0.587546 165 120 98
0.006612 0.085291 0.584232 164 119 98
0.007299 0.086270 0.580708 162 119 96
0.008211 0.087407 0.577525 160 117 93
0.009429 0.088763 0.574784 159 116 93
0.010564 0.090058 0.571950 158 116 94
0.011872 0.091475 0.569366 157 117 94
0.013231 0.092929 0.566865 156 115 92
0.014498 0.094314 0.564257 156 114 95
0.016010 0.095877 0.561983 147 108 90
0.017601 0.097497 0.559820 137 100 84
0.019243 0.099153 0.557728 130 94 79
0.020771 0.100725 0.555500 116 85 71
0.022690 0.102584 0.553768 106 80 65
0.024723 0.104528 0.552176 97 73 62
0.026760 0.106475 0.550586 92 71 62
0.029016 0.108585 0.549257 87 68 59
0.031096 0.110565 0.547710 86 67 59
0.033163 0.112535 0.546143 87 68 61
0.035379 0.114617 0.544748 90 71 64
0.037507 0.116634 0.543243 93 71 63
0.039803 0.118778 0.541928 104 77 65
0.042072 0.120901 0.540573 111 84 70
0.044398 0.123069 0.539276 119 89 74
0.046741 0.125250 0.537988 128 93 77
0.049278 0.127578 0.536908 137 100 86
0.051668 0.129797 0.535653 140 101 87
0.054228 0.132145 0.534574 142 103 85
0.056902 0.134580 0.533605 137 100 85
0.059682 0.137098 0.532735 134 100 89
0.062795 0.139869 0.532202 132 101 90
0.066631 0.143192 0.532408 130 99 90
0.071157 0.147043 0.533296 129 98 89
0.075976 0.151121 0.534436 133 97 85
0.080977 0.155345 0.535710 134 97 85
0.086949 0.160315 0.537912 136 97 85
0.094273 0.166325 0.541397 138 98 86
0.101646 0.172384 0.544834 141 96 85
0.109463 0.178794 0.548610 143 97 86
0.120057 0.187344 0.554997 147 100 91
0.130670 0.195925 0.561250 149 101 93
0.029258 0.087915 0.795985 196 144 135
0.020540 0.082663 0.772492 193 141 127
0.013304 0.078385 0.752199 189 138 122
0.007967 0.075377 0.735779 193 145 127
0.005152 0.074083 0.724256 179 133 116
0.003487 0.073565 0.715002 175 134 116
0.002474 0.073486 0.707060 191 151 133
0.001839 0.073658 0.699906 176 138 118
0.001229 0.073838 0.692900 182 137 118
0.000616 0.074005 0.685989 182 136 117
0.000072 0.074210 0.679295 182 135 113
-0.000486 0.074395 0.672671 182 134 112
-0.000982 0.074615 0.666245 182 133 110
-0.001267 0.074975 0.660259 179 131 107
-0.001378 0.075450 0.654639 176 130 106
-0.001392 0.075987 0.649253 176 130 106
-0.001350 0.076557 0.644025 173 129 105
-0.001134 0.077244 0.639139 173 129 105
-0.000862 0.077966 0.634402 173 128 104
-0.000549 0.078710 0.629784 175 128 104
-0.000220 0.079461 0.625245 173 126 105
0.000214 0.080283 0.620921 172 126 104
0.000783 0.081197 0.616849 172 124 103
0.001388 0.082133 0.612874 170 124 103
0.002061 0.083113 0.609042 169 123 102
0.002725 0.084084 0.605236 169 123 102
0.003498 0.085130 0.601627 169 123 101
0.004382 0.086253 0.598213 167 121 99
0.005347 0.087432 0.594946 166 121 98
0.006312 0.088608 0.591706 165 120 98
0.007375 0.089854 0.588633 163 118 96
0.008315 0.091007 0.585412 163 118 94
0.009302 0.092191 0.582282 160 116 93
0.010451 0.093493 0.579400 160 117 93
0.011558 0.094761 0.576482 159 116 93
0.012778 0.096111 0.573737 157 115 91
0.014125 0.097553 0.571178 156 113 91
0.015546 0.099049 0.568732 156 112 92
0.017096 0.100639 0.566465 154 110 91
0.018629 0.102216 0.564188 153 109 89
0.020198 0.103819 0.561965 151 110 90
0.021708 0.105376 0.559676 150 110 90
0.023312 0.107003 0.557513 150 112 91
0.025032 0.108717 0.555503 147 108 88
0.026892 0.110535 0.553670 147 108 88
0.028952 0.112503 0.552082 147 108 87
0.031141 0.114569 0.550646 146 108 87
0.033313 0.116623 0.549184 146 106 87
0.035413 0.118623 0.547630 145 105 85
0.037732 0.120790 0.546329 144 104 84
0.040223 0.123088 0.545221 144 104 83
0.042508 0.125230 0.543862 142 103 83
0.044909 0.127462 0.542627 141 102 82
0.047673 0.129971 0.541793 140 101 81
0.050370 0.132431 0.540866 140 101 82
0.052801 0.134689 0.539628 142 101 83
0.055581 0.137216 0.538764 142 100 82
0.058823 0.140098 0.538386 139 99 85
0.062265 0.143135 0.538197 135 101 87
0.066012 0.146411 0.538305 133 100 89
0.070581 0.150322 0.539248 131 100 90
0.075483 0.154495 0.540490 130 97 89
0.080522 0.158779 0.541818 132 97 86
0.085731 0.163200 0.543261 135 98 87
0.091732 0.168241 0.545454 137 99 88
0.098697 0.174034 0.548546 139 99 89
0.105853 0.179985 0.551737 142 98 88
0.114579 0.187163 0.556394 145 98 89
0.123541 0.194538 0.561161 149 101 93
0.135999 0.204643 0.569212 152 104 97
0.028861 0.092756 0.800866 195 143 133
0.020392 0.087523 0.777626 195 140 127
0.013158 0.083114 0.757144 198 146 131
0.007556 0.079815 0.740071 187 138 121
0.004442 0.078241 0.727884 193 147 130
0.002608 0.077552 0.718233 176 135 117
0.001421 0.077308 0.709905 182 139 121
0.000603 0.077312 0.702361 192 149 130
0.000216 0.077613 0.695690 182 135 116
-0.000057 0.077986 0.689311 182 136 116
-0.000335 0.078348 0.683014 182 134 113
-0.000748 0.078604 0.676570 182 134 112
-0.001184 0.078835 0.670178 182 132 110
-0.001472 0.079164 0.664123 179 130 106
-0.001589 0.079608 0.658432 176 129 106
-0.001583 0.080135 0.653019 176 129 106
-0.001527 0.080692 0.647758 176 129 105
-0.001294 0.081370 0.642846 176 129 105
-0.000979 0.082102 0.638125 175 129 105
-0.000641 0.082847 0.633496 175 128 104
-0.000281 0.083601 0.628954 175 128 106
0.000167 0.084416 0.624602 173 126 105
0.000750 0.085324 0.620503 170 124 103
0.001381 0.086265 0.616523 169 123 102
0.002062 0.087238 0.612659 169 123 102
0.002802 0.088251 0.608922 168 123 101
0.003652 0.089341 0.605382 170 123 101
0.004594 0.090497 0.602011 168 122 100
0.005635 0.091724 0.598812 165 120 98
0.006651 0.092929 0.595603 164 120 97
0.007676 0.094138 0.592433 163 118 94
0.008693 0.095340 0.589280 162 118 92
0.009765 0.096579 0.586227 160 116 92
0.010947 0.097899 0.583350 159 116 92
0.012206 0.099275 0.580599 159 116 93
0.013513 0.100685 0.577930 158 115 92
0.014869 0.102131 0.575344 158 113 91
0.016358 0.103675 0.572948 156 113 92
0.017804 0.105185 0.570507 154 111 91
0.019273 0.106712 0.568108 154 110 91
0.020899 0.108357 0.565924 151 110 90
0.022587 0.110049 0.563826 149 110 91
0.024317 0.111771 0.561786 149 110 91
0.026196 0.113607 0.559938 147 108 87
0.028177 0.115521 0.558218 146 107 88
0.030250 0.117504 0.556610 146 107 86
0.032389 0.119539 0.555078 145 106 87
0.034582 0.121616 0.553606 146 105 85
0.036774 0.123692 0.552127 145 104 84
0.039123 0.125889 0.550828 144 105 84
0.041778 0.128323 0.549878 144 105 84
0.044484 0.130798 0.548972 142 103 82
0.047136 0.133233 0.547988 142 103 82
0.049885 0.135743 0.547097 140 101 80
0.052640 0.138260 0.546197 141 102 82
0.055413 0.140794 0.545301 142 101 83
0.058601 0.143650 0.544846 142 100 82
0.062152 0.146791 0.544765 139 99 85
0.065896 0.150085 0.544861 136 100 88
0.069746 0.153465 0.545036 133 99 89
0.073986 0.157152 0.545588 131 98 89
0.078695 0.161210 0.546592 130 97 88
0.083757 0.165549 0.547913 131 98 89
0.089208 0.170197 0.549578 133 100 90
0.095202 0.175278 0.551735 137 100 91
0.101636 0.180711 0.554266 138 98 91
0.109626 0.187373 0.558283 140 99 91
0.117907 0.194275 0.562482 146 101 93
0.129490 0.203786 0.569835 152 103 95
0.143439 0.215177 0.579338 151 105 98
0.028299 0.097544 0.805499 199 144 134
0.020139 0.092375 0.782634 194 140 126
0.013060 0.087942 0.762249 191 138 123
0.007184 0.084336 0.744495 191 141 124
0.003710 0.082430 0.731519 181 132 115
0.001773 0.081612 0.721588 187 144 127
0.000439 0.081214 0.712913 182 137 119
-0.000545 0.081058 0.705004 182 138 118
-0.001033 0.081251 0.698094 194 149 129
-0.001110 0.081734 0.692008 182 134 113
-0.001043 0.082316 0.686258 182 134 112
-0.001095 0.082803 0.680375 182 133 112
-0.001408 0.083091 0.674125 182 132 111
-0.001658 0.083419 0.668069 179 130 108
-0.001793 0.083824 0.662287 176 129 106
-0.001775 0.084334 0.656834 176 128 105
-0.001704 0.084877 0.651538 176 126 104
-0.001468 0.085536 0.646577 175 128 104
-0.001146 0.086254 0.641814 176 126 104
-0.000801 0.086984 0.637145 175 128 104
-0.000407 0.087745 0.632608 173 126 105
0.000078 0.088569 0.628263 172 125 104
0.000673 0.089472 0.624138 171 124 105
0.001328 0.090414 0.620147 169 123 103
0.002030 0.091389 0.616270 168 123 102
0.002822 0.092427 0.612566 168 123 101
0.003707 0.093533 0.609038 169 122 101
0.004700 0.094717 0.605699 169 122 101
0.005792 0.095973 0.602534 165 120 97
0.006807 0.097168 0.599284 163 118 95
0.007804 0.098348 0.596034 163 118 95
0.008805 0.099528 0.592818 162 117 93
0.009920 0.100792 0.589790 160 115 92
0.011090 0.102096 0.586859 160 115 93
0.012389 0.103497 0.584127 160 115 93
0.013804 0.104984 0.581571 158 114 91
0.015215 0.106467 0.579022 157 113 91
0.016720 0.108022 0.576615 156 112 91
0.018231 0.109579 0.574226 155 112 91
0.019713 0.111114 0.571810 154 110 90
0.021414 0.112815 0.569690 151 110 90
0.023186 0.114571 0.567666 150 111 90
0.024993 0.116354 0.565693 149 110 90
0.026902 0.118215 0.563850 148 109 88
0.028896 0.120142 0.562114 146 108 87
0.030974 0.122134 0.560481 145 106 85
0.033136 0.124192 0.558948 145 106 86
0.035429 0.126352 0.557569 146 105 85
0.037740 0.128527 0.556203 145 104 84
0.040182 0.130805 0.554985 144 105 84
0.042913 0.133309 0.554097 144 105 84
0.045607 0.135785 0.553148 144 104 83
0.048304 0.138266 0.552186 142 102 82
0.051119 0.140841 0.551344 142 101 81
0.053956 0.143434 0.550508 142 101 82
0.056941 0.146146 0.549821 142 101 82
0.060247 0.149112 0.549471 143 99 82
0.063840 0.152306 0.549409 140 99 84
0.067693 0.155708 0.549598 137 98 86
0.071730 0.159259 0.549949 135 99 87
0.076175 0.163136 0.550698 133 99 89
0.081144 0.167432 0.551954 131 97 88
0.086429 0.171983 0.553486 133 99 91
0.091807 0.176614 0.555051 134 101 94
0.097904 0.181822 0.557295 133 99 96
0.104925 0.187771 0.560409 130 100 96
0.112724 0.194346 0.564219 132 103 103
0.121997 0.202105 0.569404 145 102 94
0.134122 0.212150 0.577299 151 102 96
0.028416 0.102885 0.811520 198 145 138
0.020129 0.097471 0.788184 195 141 127
0.013349 0.093120 0.768168 192 138 122
0.007291 0.089267 0.749887 192 141 125
0.003390 0.086967 0.735973 185 136 119
0.001195 0.085901 0.725461 184 139 122
-0.000263 0.085364 0.716472 187 142 124
-0.001372 0.085072 0.708258 182 134 115
-0.001994 0.085131 0.701045 184 136 115
-0.002174 0.085508 0.694721 198 149 128
-0.002163 0.086019 0.688818 181 131 109
-0.001867 0.086736 0.683491 182 132 111
-0.001788 0.087286 0.677858 182 131 111
-0.001820 0.087747 0.672109 179 129 107
-0.001930 0.088142 0.666305 178 129 106
-0.001962 0.088589 0.660706 176 126 104
-0.001921 0.089085 0.655303 176 126 104
-0.001702 0.089709 0.650258 173 126 103
-0.001353 0.090427 0.645487 175 125 103
-0.000935 0.091191 0.640882 175 128 105
-0.000459 0.091995 0.636424 173 125 104
0.000061 0.092829 0.632085 172 125 105
0.000661 0.093719 0.627918 170 124 105
0.001337 0.094663 0.623913 169 123 104
0.002035 0.095620 0.619983 168 123 103
0.002830 0.096647 0.616239 168 123 103
0.003733 0.097755 0.612694 168 121 101
0.004734 0.098935 0.609327 167 120 100
0.005827 0.100183 0.606124 165 119 97
0.006861 0.101383 0.602861 163 118 96
0.007889 0.102577 0.599618 162 117 96
0.008888 0.103746 0.596360 160 116 93
0.010012 0.105009 0.593305 160 115 92
0.011209 0.106327 0.590376 160 115 93
0.012504 0.107719 0.587604 159 114 92
0.013931 0.109211 0.585031 157 113 91
0.015411 0.110744 0.582543 157 113 91
0.016965 0.112333 0.580168 156 113 92
0.018487 0.113897 0.577762 155 112 91
0.020017 0.115465 0.575376 153 110 90
0.021824 0.117249 0.573363 151 110 90
0.023667 0.119062 0.571401 148 109 88
0.025530 0.120889 0.569467 148 109 88
0.027485 0.122788 0.567651 148 109 88
0.029502 0.124737 0.565914 146 107 86
0.031589 0.126741 0.564264 145 106 85
0.033764 0.128813 0.562717 145 106 86
0.036119 0.131029 0.561386 145 104 84
0.038481 0.133251 0.560054 145 104 84
0.040944 0.135553 0.558834 145 104 84
0.043686 0.138077 0.557934 144 104 83
0.046407 0.140586 0.556992 144 103 83
0.049150 0.143115 0.556059 141 101 80
0.052003 0.145732 0.555236 142 101 81
0.054973 0.148443 0.554528 142 101 81
0.058098 0.151280 0.553974 142 101 81
0.061493 0.154334 0.553699 143 99 83
0.065187 0.157629 0.553727 141 99 84
0.069149 0.161142 0.554015 139 99 86
0.073421 0.164906 0.554601 136 98 87
0.078015 0.168931 0.555488 136 99 89
0.083089 0.173345 0.556838 135 99 91
0.088425 0.177976 0.558406 134 101 93
0.093906 0.182728 0.560061 133 102 96
0.100303 0.188222 0.562603 126 97 94
0.107642 0.194482 0.566033 123 101 100
0.116119 0.201668 0.570525 128 104 105
0.126743 0.210596 0.577071 144 100 97
0.020091 0.102620 0.793760 195 140 127
0.013569 0.098329 0.774040 192 138 122
0.007569 0.094398 0.755682 188 137 121
0.003250 0.091699 0.740831 188 139 123
0.000761 0.090350 0.729657 185 137 119
-0.000796 0.089687 0.720392 187 139 122
-0.002013 0.089269 0.711898 188 140 122
-0.002756 0.089197 0.704391 182 133 113
-0.003038 0.089465 0.697822 184 134 113
-0.003182 0.089830 0.691589 199 148 127
-0.002927 0.090491 0.686142 178 128 108
-0.002523 0.091261 0.681023 182 131 110
-0.002221 0.091947 0.675793 179 129 108
-0.002176 0.092432 0.670190 179 128 107
-0.002174 0.092878 0.664588 176 125 104
-0.002151 0.093336 0.659095 175 125 103
-0.001954 0.093920 0.653959 173 125 103
-0.001609 0.094613 0.649127 175 125 103
-0.001176 0.095369 0.644496 173 125 105
-0.000656 0.096189 0.640059 173 125 105
-0.000089 0.097040 0.635744 170 124 105
0.000556 0.097948 0.631601 169 125 105
0.001251 0.098891 0.627579 168 123 103
0.001993 0.099868 0.623670 168 123 103
0.002838 0.100921 0.619959 167 123 103
0.003741 0.102016 0.616369 166 121 101
0.004752 0.103194 0.612976 167 120 97
0.005852 0.104438 0.609743 164 119 96
0.006905 0.105644 0.606469 164 118 94
0.007979 0.106863 0.603252 162 116 93
0.009018 0.108053 0.600010 160 116 92
0.010162 0.109324 0.596946 160 115 91
0.011373 0.110645 0.593999 160 115 93
0.012681 0.112041 0.591208 158 113 91
0.014135 0.113551 0.588637 157 112 90
0.015679 0.115130 0.586203 155 112 91
0.017259 0.116738 0.583830 155 112 91
0.018808 0.118319 0.581425 154 110 90
0.020385 0.119922 0.579069 153 109 90
0.022237 0.121743 0.577084 151 110 90
0.024115 0.123584 0.575136 148 109 88
0.026030 0.125454 0.573238 147 108 87
0.028038 0.127398 0.571459 146 108 88
0.030068 0.129360 0.569708 146 107 86
0.032206 0.131408 0.568091 145 106 86
0.034433 0.133528 0.566581 144 105 85
0.036836 0.135789 0.565281 145 105 84
0.039237 0.138049 0.563968 144 105 84
0.041769 0.140415 0.562803 144 103 83
0.044572 0.143000 0.561950 144 103 83
0.047345 0.145562 0.561043 143 102 82
0.050199 0.148190 0.560213 141 100 81
0.053170 0.150915 0.559500 142 100 81
0.056288 0.153759 0.558935 143 101 82
0.059527 0.156703 0.558483 142 100 81
0.063071 0.159896 0.558350 142 99 83
0.066889 0.163314 0.558491 140 99 84
0.070972 0.166949 0.558888 139 99 86
0.075307 0.170792 0.559519 138 99 88
0.079953 0.174890 0.560440 138 99 88
0.085163 0.179451 0.561917 137 99 91
0.090551 0.184162 0.563520 133 101 97
0.096114 0.189021 0.565244 133 105 100
0.102768 0.194773 0.568040 122 97 95
0.110490 0.201405 0.571858 122 102 104
0.119537 0.209126 0.576930 124 103 104
0.130883 0.218736 0.584210 139 100 97
0.020017 0.107818 0.799348 195 139 129
0.013560 0.103444 0.779557 192 137 123
0.007821 0.099590 0.761513 191 137 121
0.003128 0.096510 0.745792 188 136 120
0.000355 0.094876 0.733965 193 144 127
-0.001338 0.094056 0.724351 182 133 116
-0.002517 0.093617 0.715837 187 137 119
-0.003290 0.093482 0.708198 191 141 122
-0.003677 0.093636 0.701370 182 132 114
-0.003996 0.093834 0.694762 182 133 112
-0.004016 0.094257 0.688775 192 141 121
-0.003715 0.094923 0.683430 184 133 113
-0.003095 0.095831 0.678706 179 128 106
-0.002724 0.096542 0.673611 179 128 106
-0.002465 0.097161 0.668388 176 124 104
-0.002380 0.097639 0.662938 175 124 103
-0.002165 0.098214 0.657774 173 124 104
-0.001844 0.098866 0.652849 173 124 104
-0.001421 0.099595 0.648150 173 124 106
-0.000893 0.100401 0.643674 172 124 105
-0.000286 0.101266 0.639376 170 124 105
0.000424 0.102209 0.635288 168 123 105
0.001137 0.103150 0.631246 167 123 105
0.001911 0.104137 0.627342 167 123 104
0.002788 0.105202 0.623636 166 122 103
0.003709 0.106300 0.620032 166 121 100
0.004753 0.107492 0.616645 166 120 99
0.005853 0.108727 0.613372 165 118 96
0.006914 0.109928 0.610068 164 117 95
0.007982 0.111133 0.606803 163 117 93
0.009061 0.112346 0.603582 160 116 93
0.010250 0.113643 0.600542 160 115 91
0.011510 0.114997 0.597628 159 114 92
0.012870 0.116428 0.594874 158 113 91
0.014379 0.117977 0.592344 156 112 90
0.015955 0.119579 0.589920 155 112 91
0.017556 0.121200 0.587540 154 111 91
0.019138 0.122806 0.585146 153 110 91
0.020730 0.124418 0.582775 152 110 90
0.022633 0.126280 0.580826 150 110 90
0.024556 0.128159 0.578906 148 109 88
0.026491 0.130047 0.577003 147 108 87
0.028511 0.132004 0.575210 145 107 88
0.030574 0.133995 0.573471 144 106 86
0.032727 0.136060 0.571844 145 106 87
0.035059 0.138269 0.570436 144 105 86
0.037525 0.140589 0.569186 144 105 84
0.039974 0.142895 0.567904 144 104 84
0.042559 0.145313 0.566777 144 103 83
0.045397 0.147938 0.565939 144 102 82
0.048224 0.150555 0.565070 143 101 83
0.051160 0.153263 0.564312 141 100 82
0.054224 0.156077 0.563682 142 100 81
0.057467 0.159039 0.563236 144 100 83
0.060794 0.162072 0.562860 143 99 82
0.064449 0.165376 0.562829 142 98 83
0.068361 0.168893 0.563051 140 98 84
0.072474 0.172578 0.563459 141 98 86
0.076876 0.176504 0.564144 141 99 87
0.081571 0.180673 0.565099 141 99 87
0.086912 0.185379 0.566702 139 99 88
0.092402 0.190213 0.568399 133 101 95
0.098226 0.195327 0.570383 130 103 102
0.104765 0.201038 0.573048 120 97 98
0.113084 0.208225 0.577484 119 101 104
0.122812 0.216586 0.583259 124 102 104
0.136251 0.228029 0.592692 151 111 109
0.020175 0.113272 0.805480 196 138 130
0.013575 0.108654 0.785200 193 137 124
0.008219 0.104977 0.767715 192 136 123
0.003675 0.101909 0.752107 189 136 120
0.000253 0.099697 0.738908 187 135 119
-0.001695 0.098621 0.728709 191 139 123
-0.002981 0.098051 0.719906 182 131 114
-0.003765 0.097865 0.712165 186 135 117
-0.004130 0.098000 0.705305 195 143 125
-0.004439 0.098172 0.698644 184 131 112
-0.004655 0.098410 0.692241 182 130 110
-0.004512 0.098926 0.686563 187 136 115
-0.004127 0.099629 0.681382 198 147 125
-0.003574 0.100459 0.676555 176 124 105
-0.002942 0.101348 0.671920 176 125 106
-0.002646 0.101967 0.666769 175 123 104
-0.002410 0.102534 0.661583 173 124 104
-0.002046 0.103198 0.656674 173 123 103
-0.001582 0.103938 0.651988 173 124 105
-0.001022 0.104752 0.647513 172 124 105
-0.000402 0.105609 0.643185 170 124 105
0.000322 0.106546 0.639070 169 124 106
0.001059 0.107491 0.635019 167 123 105
0.001830 0.108460 0.631063 166 122 103
0.002697 0.109504 0.627296 165 121 102
0.003647 0.110613 0.623693 164 120 101
0.004685 0.111789 0.620256 164 119 99
0.005795 0.113022 0.616958 164 118 96
0.006877 0.114229 0.613644 164 117 95
0.007988 0.115459 0.610403 163 116 94
0.009101 0.116689 0.607192 160 115 93
0.010319 0.118002 0.604157 159 114 92
0.011660 0.119413 0.601319 159 114 92
0.013080 0.120887 0.598613 157 112 92
0.014635 0.122470 0.596113 155 112 91
0.016248 0.124099 0.593704 155 112 91
0.017885 0.125747 0.591339 154 110 91
0.019499 0.127376 0.588953 154 110 91
0.021149 0.129032 0.586625 151 110 90
0.023171 0.130993 0.584802 148 109 88
0.025110 0.132886 0.582870 148 109 90
0.027009 0.134746 0.580886 146 108 87
0.029044 0.136718 0.579081 145 107 88
0.031149 0.138747 0.577366 145 107 88
0.033395 0.140892 0.575827 144 105 86
0.035789 0.143159 0.574467 143 104 85
0.038297 0.145522 0.573241 144 104 84
0.040787 0.147869 0.571979 145 103 83
0.043433 0.150347 0.570899 144 101 82
0.046289 0.152999 0.570057 144 101 82
0.049158 0.155663 0.569212 143 101 82
0.052151 0.158430 0.568494 142 100 82
0.055300 0.161329 0.567938 143 101 83
0.058668 0.164411 0.567613 143 100 83
0.062127 0.167570 0.567363 143 100 83
0.065887 0.170983 0.567427 143 99 83
0.069818 0.174539 0.567648 142 98 85
0.074079 0.178372 0.568199 143 98 86
0.078508 0.182349 0.568891 142 100 88
0.083197 0.186546 0.569820 142 100 88
0.088510 0.191266 0.571376 140 100 89
0.094169 0.196282 0.573242 134 100 93
0.100282 0.201680 0.575522 128 101 100
0.107402 0.207927 0.578790 119 98 99
0.116238 0.215616 0.583763 120 101 104
0.126707 0.224683 0.590307 133 111 112
0.013769 0.114084 0.791284 193 137 125
0.008668 0.110491 0.774109 192 136 123
0.003833 0.107091 0.757766 187 134 118
0.000108 0.104553 0.743844 187 134 118
-0.001959 0.103320 0.733305 187 136 120
-0.003360 0.102607 0.724190 191 139 122
-0.004240 0.102302 0.716189 184 132 114
-0.004598 0.102405 0.709264 186 133 115
-0.004845 0.102591 0.702643 196 144 126
-0.005011 0.102837 0.696263 181 129 110
-0.005000 0.103219 0.690284 179 129 109
-0.004889 0.103677 0.684565 181 128 108
-0.004538 0.104323 0.679336 193 143 123
-0.003915 0.105184 0.674642 181 130 110
-0.003308 0.106030 0.669977 173 122 102
-0.002779 0.106809 0.665234 173 123 103
-0.002280 0.107559 0.660495 173 123 103
-0.001728 0.108349 0.655902 172 123 103
-0.001108 0.109192 0.651472 170 123 106
-0.000449 0.110063 0.647155 170 123 106
0.000314 0.111015 0.643052 168 123 105
0.001063 0.111954 0.638970 166 122 103
0.001841 0.112913 0.634975 165 122 103
0.002697 0.113934 0.631145 165 121 102
0.003617 0.115005 0.627449 164 119 101
0.004643 0.116160 0.623952 164 119 99
0.005787 0.117410 0.620664 162 117 95
0.006916 0.118647 0.617380 163 117 95
0.008072 0.119903 0.614164 163 116 94
0.009223 0.121154 0.610966 160 115 93
0.010484 0.122494 0.607953 159 114 93
0.011869 0.123934 0.605142 158 113 93
0.013335 0.125441 0.602463 156 111 93
0.014947 0.127067 0.600006 155 111 92
0.016610 0.128734 0.597630 154 111 92
0.018291 0.130416 0.595291 152 111 91
0.020020 0.132137 0.593025 150 109 90
0.021797 0.133897 0.590832 149 109 88
0.023827 0.135867 0.588985 148 109 88
0.025856 0.137836 0.587137 147 108 89
0.027829 0.139759 0.585215 145 107 88
0.029881 0.141747 0.583396 145 107 88
0.032033 0.143819 0.581706 144 106 87
0.034358 0.146035 0.580234 144 105 86
0.036720 0.148283 0.578801 143 104 85
0.039229 0.150654 0.577544 144 103 85
0.041753 0.153038 0.576294 146 102 85
0.044463 0.155579 0.575261 144 102 84
0.047367 0.158283 0.574449 145 101 84
0.050285 0.161001 0.573634 143 100 83
0.053335 0.163830 0.572956 144 101 83
0.056582 0.166826 0.572488 143 100 84
0.060000 0.169968 0.572194 142 101 85
0.063549 0.173221 0.572022 142 101 85
0.067349 0.176689 0.572107 142 99 84
0.071308 0.180293 0.572335 142 99 84
0.075507 0.184101 0.572794 143 98 86
0.079942 0.188111 0.573472 143 99 87
0.084767 0.192454 0.574533 143 100 88
0.090282 0.197384 0.576296 141 98 88
0.096198 0.202658 0.578425 137 98 93
0.103033 0.208715 0.581468 129 101 100
0.110507 0.215319 0.585099 124 103 103
0.119532 0.223244 0.590264 128 109 111
0.129820 0.232250 0.596618 141 111 111
0.014177 0.119771 0.797884 193 137 126
0.008979 0.115986 0.780330 191 135 122
0.003754 0.112159 0.763046 188 135 119
-0.000011 0.109498 0.748899 187 134 118
-0.002372 0.107962 0.737684 186 133 117
-0.003766 0.107201 0.728485 184 132 116
-0.004667 0.106832 0.720357 188 138 120
-0.005112 0.106827 0.713195 182 131 113
-0.005319 0.107011 0.706575 182 130 112
-0.005417 0.107279 0.700248 194 143 125
-0.005392 0.107642 0.694229 176 124 105
-0.005288 0.108065 0.688430 178 126 107
-0.005072 0.108576 0.682908 178 126 107
-0.004673 0.109232 0.677773 182 132 112
-0.004023 0.110092 0.673135 199 149 129
-0.003343 0.110973 0.668600 173 122 102
-0.002655 0.111858 0.664131 172 123 102
-0.001944 0.112759 0.659751 171 122 101
-0.001223 0.113666 0.655435 170 123 104
-0.000488 0.114581 0.651189 169 123 105
0.000332 0.115565 0.647128 167 123 104
0.001147 0.116541 0.643100 166 122 103
0.001961 0.117515 0.639112 165 122 103
0.002799 0.118505 0.635202 165 121 102
0.003665 0.119518 0.631375 164 119 101
0.004654 0.120630 0.627775 164 119 99
0.005787 0.121861 0.624428 162 117 96
0.006958 0.123122 0.621166 163 116 94
0.008150 0.124398 0.617961 163 116 94
0.009336 0.125668 0.614774 160 114 94
0.010660 0.127052 0.611814 158 114 94
0.012074 0.128511 0.609006 157 113 94
0.013575 0.130041 0.606339 156 112 93
0.015243 0.131711 0.603924 154 112 92
0.016963 0.133423 0.601593 152 112 91
0.018713 0.135161 0.599314 151 110 90
0.020539 0.136961 0.597145 149 108 90
0.022402 0.138793 0.595033 148 109 90
0.024473 0.140800 0.593207 147 109 90
0.026578 0.142835 0.591425 145 107 88
0.028656 0.144848 0.589605 145 107 88
0.030761 0.146884 0.587821 145 107 88
0.032938 0.148980 0.586126 144 106 87
0.035250 0.151191 0.584603 144 105 86
0.037643 0.153471 0.583176 143 104 85
0.040183 0.155877 0.581926 146 102 85
0.042757 0.158312 0.580707 143 102 84
0.045529 0.160915 0.579721 145 101 84
0.048488 0.163679 0.578946 142 101 83
0.051460 0.166454 0.578166 143 100 83
0.054519 0.169305 0.577469 144 100 83
0.057783 0.172332 0.576994 143 100 83
0.061220 0.175508 0.576697 142 101 85
0.064796 0.178804 0.576531 141 100 84
0.068721 0.182401 0.576737 140 100 86
0.072721 0.186063 0.576988 141 101 87
0.076768 0.189768 0.577252 144 100 88
0.081201 0.193805 0.577908 143 98 86
0.086160 0.198295 0.579103 144 99 88
0.091855 0.203419 0.581052 140 97 87
0.098409 0.209285 0.583868 138 97 90
0.105598 0.215700 0.587283 133 102 98
0.113733 0.222932 0.591611 125 104 105
0.122628 0.230823 0.596629 126 104 105
0.014634 0.125593 0.804686 195 134 128
0.009165 0.121465 0.786395 191 135 124
0.004284 0.117805 0.769603 188 135 122
0.000219 0.114803 0.754710 187 133 120
-0.002471 0.112924 0.742730 186 134 118
-0.004253 0.111786 0.732686 184 133 116
-0.005227 0.111310 0.724332 186 136 118
-0.005704 0.111239 0.717035 191 139 123
-0.005866 0.111425 0.710428 179 128 111
-0.005878 0.111730 0.704187 179 129 111
-0.005804 0.112103 0.698191 187 136 117
-0.005676 0.112517 0.692371 187 136 116
-0.005481 0.112982 0.686748 178 126 107
-0.005229 0.113491 0.681297 176 125 106
-0.004794 0.114151 0.676235 176 125 106
-0.004180 0.114956 0.671542 179 131 112
-0.003370 0.115923 0.667236 200 152 133
-0.002461 0.116972 0.663145 166 117 98
-0.001588 0.117988 0.659036 167 122 102
-0.000739 0.118981 0.654929 167 121 103
0.000158 0.120012 0.650944 166 122 103
0.001047 0.121035 0.646987 165 123 104
0.001943 0.122061 0.643081 166 122 103
0.002840 0.123087 0.639217 165 121 102
0.003729 0.124103 0.635377 165 122 101
0.004691 0.125179 0.631688 163 119 98
0.005763 0.126348 0.628203 164 117 97
0.006952 0.127613 0.624927 164 117 95
0.008183 0.128913 0.621740 160 115 94
0.009402 0.130201 0.618561 160 115 95
0.010772 0.131616 0.615629 158 114 93
0.012181 0.133064 0.612774 157 113 94
0.013691 0.134597 0.610084 155 112 93
0.015383 0.136283 0.607669 154 113 93
0.017140 0.138025 0.605357 151 110 92
0.018951 0.139812 0.603127 150 109 91
0.020841 0.141667 0.601015 149 108 88
0.022738 0.143527 0.598916 147 108 89
0.024854 0.145574 0.597119 146 107 88
0.027085 0.147720 0.595476 146 107 88
0.029189 0.149758 0.593658 144 107 88
0.031307 0.151807 0.591857 143 108 88
0.033558 0.153970 0.590228 143 107 87
0.035907 0.156219 0.588722 143 105 86
0.038346 0.158544 0.587323 143 104 85
0.040922 0.160988 0.586089 144 103 85
0.043524 0.163455 0.584875 143 102 84
0.046332 0.166101 0.583905 143 101 84
0.049352 0.168929 0.583179 142 101 83
0.052427 0.171806 0.582498 143 101 83
0.055561 0.174735 0.581864 142 101 85
0.058861 0.177810 0.581407 142 101 84
0.062356 0.181053 0.581152 142 101 86
0.066000 0.184428 0.581042 140 101 87
0.069892 0.188019 0.581186 141 101 87
0.073837 0.191658 0.581353 142 102 89
0.077848 0.195355 0.581554 143 101 89
0.082293 0.199431 0.582206 143 98 87
0.087392 0.204078 0.583545 142 95 85
0.093472 0.209578 0.585912 142 98 89
0.100677 0.216060 0.589437 143 99 91
0.108440 0.223032 0.593467 136 99 96
0.117504 0.231141 0.598790 128 104 105
0.010251 0.127788 0.794359 186 135 129
0.005334 0.123983 0.777292 182 137 128
0.001282 0.120892 0.762239 182 135 124
-0.001872 0.118546 0.749205 182 135 123
-0.004108 0.116964 0.738162 182 134 119
-0.005546 0.116046 0.728822 182 134 118
-0.006211 0.115776 0.721089 182 133 115
-0.006444 0.115865 0.714274 193 146 128
-0.006433 0.116158 0.708010 176 125 109
-0.006306 0.116543 0.702042 178 129 109
-0.006132 0.116966 0.696242 178 129 108
-0.005907 0.117429 0.690610 193 143 123
-0.005562 0.117990 0.685262 173 123 103
-0.005197 0.118565 0.680018 175 123 105
-0.004811 0.119155 0.674878 173 123 105
-0.004187 0.119945 0.670208 170 121 100
-0.003320 0.120941 0.666004 176 128 107
-0.002291 0.122072 0.662115 195 149 129
-0.001279 0.123187 0.658238 163 117 99
-0.000275 0.124294 0.654386 160 117 98
0.000701 0.125375 0.650526 160 120 100
0.001674 0.126452 0.646700 164 120 101
0.002677 0.127553 0.642958 164 120 101
0.003689 0.128660 0.639267 165 119 101
0.004735 0.129794 0.635663 163 118 98
0.005801 0.130944 0.632123 164 117 97
0.006974 0.132186 0.628780 164 117 97
0.008248 0.133513 0.625616 160 115 95
0.009482 0.134804 0.622417 160 114 95
0.010874 0.136230 0.619477 158 114 95
0.012328 0.137710 0.616650 156 113 94
0.013877 0.139270 0.613977 154 113 93
0.015601 0.140981 0.611572 153 112 92
0.017390 0.142749 0.609270 150 111 91
0.019223 0.144553 0.607037 150 110 91
0.021128 0.146420 0.604910 149 108 90
0.023101 0.148346 0.602884 147 108 89
0.025289 0.150458 0.601153 146 107 88
0.027531 0.152617 0.599493 145 107 88
0.029648 0.154668 0.597659 145 107 88
0.031814 0.156761 0.595890 142 107 87
0.034122 0.158979 0.594305 143 107 89
0.036465 0.161227 0.592759 144 106 88
0.038906 0.163561 0.591333 144 105 86
0.041509 0.166036 0.590105 142 103 84
0.044191 0.168582 0.588966 143 102 84
0.047108 0.171332 0.588105 142 101 85
0.050212 0.174248 0.587457 141 102 85
0.053380 0.177220 0.586863 142 101 84
0.056543 0.180189 0.586239 141 101 85
0.059827 0.183265 0.585735 141 103 86
0.063363 0.186564 0.585506 139 101 85
0.067006 0.189957 0.585371 140 101 87
0.070797 0.193482 0.585376 140 102 89
0.074658 0.197070 0.585424 139 100 87
0.078644 0.200769 0.585578 139 97 84
0.083166 0.204941 0.586304 143 98 87
0.088668 0.209977 0.588086 151 104 93
0.095213 0.215933 0.590966 141 94 85
0.102775 0.222788 0.594883 142 97 88
0.111707 0.230855 0.600193 140 99 94
0.121369 0.239570 0.606158 128 105 112
0.012080 0.134864 0.803950 178 136 134
0.006607 0.130466 0.785548 179 138 132
0.002658 0.127363 0.770508 176 134 127
-0.000476 0.124948 0.757338 176 134 124
-0.003249 0.122833 0.745099 178 133 121
-0.005362 0.121279 0.734341 179 133 120
-0.006466 0.120586 0.725675 181 133 118
-0.006943 0.120428 0.718324 179 132 116
-0.006980 0.120645 0.711899 194 147 130
-0.006801 0.121045 0.705962 178 128 111
-0.006619 0.121444 0.700110 176 126 109
-0.006357 0.121909 0.694480 178 126 109
-0.005977 0.122474 0.689136 182 131 111
-0.005571 0.123059 0.683905 194 144 126
-0.005111 0.123687 0.678834 172 121 101
-0.004607 0.124352 0.673902 171 122 103
-0.003971 0.125129 0.669255 170 121 102
-0.003103 0.126105 0.665052 168 121 101
-0.002116 0.127183 0.661095 171 124 107
-0.001024 0.128351 0.657350 193 149 130
0.000018 0.129474 0.653560 176 136 116
0.001084 0.130616 0.649845 151 110 90
0.002209 0.131808 0.646259 160 118 98
0.003380 0.133040 0.642779 162 117 99
0.004626 0.134336 0.639449 162 117 97
0.005852 0.135613 0.636113 164 117 96
0.007122 0.136928 0.632875 163 116 96
0.008438 0.138282 0.629731 160 115 95
0.009756 0.139636 0.626614 158 113 95
0.011192 0.141094 0.623698 158 113 95
0.012684 0.142599 0.620882 157 113 94
0.014262 0.144179 0.618211 154 112 93
0.016011 0.145909 0.615802 152 111 94
0.017790 0.147666 0.613447 150 111 92
0.019571 0.149423 0.611103 149 110 91
0.021444 0.151261 0.608896 147 108 89
0.023447 0.153213 0.606876 146 107 88
0.025636 0.155329 0.605116 146 107 88
0.027862 0.157478 0.603402 146 107 88
0.029981 0.159533 0.601539 145 107 88
0.032216 0.161689 0.599831 144 106 87
0.034553 0.163937 0.598255 143 105 86
0.036977 0.166262 0.596786 143 105 86
0.039475 0.168652 0.595404 142 104 86
0.042135 0.171186 0.594221 141 103 84
0.044910 0.173822 0.593171 142 103 84
0.047945 0.176689 0.592432 141 102 85
0.051118 0.179680 0.591845 141 103 86
0.054344 0.182718 0.591296 141 103 86
0.057509 0.185704 0.590646 141 103 86
0.060758 0.188764 0.590072 141 102 87
0.064257 0.192048 0.589774 138 103 87
0.067760 0.195337 0.589450 137 102 87
0.071372 0.198724 0.589223 133 98 84
0.074982 0.202110 0.588959 137 99 85
0.078964 0.205829 0.589095 154 113 101
0.083412 0.209964 0.589726 145 98 88
0.089930 0.215945 0.592665 142 94 84
0.097341 0.222724 0.596517 145 96 86
0.106427 0.231002 0.602129 147 98 90
0.115371 0.239159 0.607438 148 100 96
0.007258 0.136532 0.792682 179 138 136
0.003580 0.133561 0.778001 175 134 129
0.000683 0.131266 0.765132 175 135 125
-0.002105 0.129058 0.752702 173 132 120
-0.004612 0.127089 0.741035 178 133 121
-0.006243 0.125881 0.731242 178 133 121
-0.007116 0.125333 0.723047 178 133 120
-0.007420 0.125281 0.716043 178 133 118
-0.007389 0.125519 0.709762 185 137 120
-0.007148 0.125940 0.703955 182 133 116
-0.006869 0.126390 0.698293 176 125 108
-0.006467 0.126948 0.692928 176 125 108
-0.006021 0.127541 0.687708 176 124 106
-0.005563 0.128143 0.682577 188 138 119
-0.005007 0.128830 0.677680 187 137 117
-0.004254 0.129688 0.673180 167 118 99
-0.003481 0.130563 0.668765 167 120 100
-0.002732 0.131414 0.664359 165 119 101
-0.001752 0.132468 0.660386 162 118 99
-0.000716 0.133570 0.656546 162 118 99
0.000338 0.134687 0.652774 176 132 113
0.001465 0.135868 0.649156 192 148 129
0.002760 0.137197 0.645840 170 124 105
0.004148 0.138607 0.642698 154 109 89
0.005548 0.140028 0.639600 159 112 92
0.006968 0.141465 0.636554 158 114 93
0.008398 0.142910 0.633546 158 114 94
0.009823 0.144350 0.630551 156 112 93
0.011359 0.145889 0.627744 156 112 93
0.012959 0.147483 0.625049 156 112 93
0.014627 0.149138 0.622470 153 112 94
0.016413 0.150898 0.620075 151 112 93
0.018226 0.152681 0.617729 150 111 92
0.020025 0.154452 0.615371 149 108 90
0.021905 0.156295 0.613136 149 108 90
0.023848 0.158194 0.610995 147 107 88
0.025993 0.160274 0.609140 146 107 88
0.028236 0.162441 0.607418 145 107 88
0.030374 0.164514 0.605549 145 107 88
0.032617 0.166681 0.603819 144 106 87
0.034966 0.168944 0.602229 144 106 87
0.037402 0.171285 0.600745 143 105 86
0.039919 0.173699 0.599361 141 103 86
0.042636 0.176292 0.598225 141 103 84
0.045448 0.178971 0.597194 141 103 86
0.048521 0.181885 0.596479 142 104 87
0.051723 0.184916 0.595904 137 104 87
0.054977 0.187995 0.595367 138 104 88
0.058146 0.190998 0.594697 138 104 89
0.061297 0.193985 0.593980 133 99 83
0.064672 0.197176 0.593512 137 104 88
0.068084 0.200400 0.593058 148 116 101
0.071532 0.203658 0.592619 152 118 105
0.075236 0.207148 0.592453 136 97 86
0.079618 0.211249 0.593042 142 98 86
0.085118 0.216362 0.594877 143 96 86
0.091992 0.222716 0.598214 148 99 89
0.100908 0.230917 0.603767 147 97 87
0.109675 0.238989 0.609008 149 98 91
0.121503 0.249830 0.617520 155 102 98
0.008029 0.142810 0.800172 175 133 132
0.004084 0.139501 0.784773 176 136 131
0.001437 0.137342 0.772243 176 135 127
-0.001151 0.135228 0.760049 172 131 123
-0.003484 0.133337 0.748568 176 135 125
-0.005455 0.131764 0.737982 176 135 124
-0.006724 0.130812 0.728914 176 133 121
-0.007434 0.130358 0.721050 176 132 120
-0.007629 0.130360 0.714266 176 130 116
-0.007485 0.130662 0.708207 176 126 110
-0.007178 0.131109 0.702529 193 143 126
-0.006794 0.131622 0.697066 171 120 102
-0.006388 0.132154 0.691713 175 123 106
-0.005903 0.132754 0.686569 173 122 104
-0.005325 0.133437 0.681652 172 121 103
-0.004535 0.134307 0.677161 185 136 117
-0.003731 0.135189 0.672746 186 138 120
-0.002912 0.136083 0.668405 160 115 97
-0.001991 0.137068 0.664282 160 116 97
-0.001021 0.138095 0.660285 160 117 98
0.000009 0.139176 0.656427 160 116 97
0.001091 0.140302 0.652692 160 116 97
0.002265 0.141511 0.649141 162 117 97
0.003564 0.142830 0.645820 170 124 105
0.004974 0.144250 0.642703 194 148 128
0.006534 0.145805 0.639842 179 135 115
0.008040 0.147310 0.636918 154 109 90
0.009606 0.148868 0.634102 150 106 87
0.011282 0.150527 0.631472 150 106 87
0.013013 0.152234 0.628937 152 108 90
0.014790 0.153983 0.626483 150 110 93
0.016676 0.155829 0.624198 149 110 91
0.018566 0.157680 0.621927 148 109 92
0.020439 0.159514 0.619636 147 108 89
0.022394 0.161423 0.617469 148 107 89
0.024416 0.163393 0.615403 149 105 88
0.026621 0.165529 0.613594 147 106 88
0.028830 0.167668 0.611788 147 106 88
0.030907 0.169688 0.609799 145 104 86
0.033127 0.171838 0.608005 144 105 86
0.035445 0.174076 0.606339 144 105 86
0.037858 0.176401 0.604794 142 104 87
0.040381 0.178827 0.603388 141 103 84
0.043119 0.181448 0.602251 141 103 84
0.045904 0.184113 0.601160 141 104 86
0.048917 0.186986 0.600345 135 101 82
0.052094 0.190009 0.599715 133 101 85
0.055312 0.193070 0.599112 136 104 88
0.058427 0.196037 0.598354 151 119 103
0.061528 0.198992 0.597554 152 122 105
0.064908 0.202203 0.597073 135 107 89
0.068295 0.205421 0.596572 130 102 85
0.071973 0.208906 0.596391 130 98 85
0.076172 0.212866 0.596794 138 99 86
0.081235 0.217619 0.598168 144 99 87
0.087598 0.223561 0.600992 146 98 87
0.095471 0.230885 0.605464 146 97 87
0.105068 0.239790 0.611784 152 98 92
0.114983 0.248991 0.618303 156 99 94
0.004900 0.145825 0.792284 179 136 131
0.002555 0.143855 0.780195 175 134 128
0.000065 0.141749 0.768032 173 133 127
-0.002186 0.139856 0.756553 175 134 126
-0.004256 0.138124 0.745625 175 135 125
-0.005807 0.136858 0.735881 175 135 124
-0.006783 0.136114 0.727393 173 133 122
-0.007282 0.135800 0.719938 175 129 118
-0.007427 0.135807 0.713255 175 128 112
-0.007295 0.136065 0.707179 176 128 110
-0.007032 0.136439 0.701424 179 128 112
-0.006677 0.136897 0.695915 193 143 125
-0.006176 0.137485 0.690736 173 122 104
-0.005561 0.138176 0.685823 172 121 103
-0.004795 0.139005 0.681234 170 121 102
-0.003950 0.139903 0.676833 165 117 99
-0.003084 0.140821 0.672518 173 125 108
-0.002094 0.141851 0.668460 188 145 126
-0.001063 0.142917 0.664514 163 117 99
-0.000001 0.144011 0.660657 156 111 92
0.001088 0.145129 0.656883 160 115 95
0.002228 0.146292 0.653227 162 115 95
0.003453 0.147533 0.649741 160 114 94
0.004755 0.148844 0.646409 159 113 94
0.006072 0.150168 0.643129 155 110 91
0.007538 0.151629 0.640107 154 110 91
0.009148 0.153221 0.637327 157 115 95
0.010913 0.154955 0.634801 173 133 113
0.012704 0.156712 0.632326 186 144 126
0.014558 0.158528 0.629955 182 142 124
0.016533 0.160454 0.627772 169 130 111
0.018489 0.162362 0.625564 153 114 97
0.020390 0.164221 0.623283 145 106 88
0.022394 0.166174 0.621155 142 101 83
0.024475 0.168197 0.619140 141 97 80
0.026654 0.170311 0.617266 142 98 81
0.028855 0.172445 0.615419 142 98 81
0.031003 0.174531 0.613498 139 98 80
0.033241 0.176698 0.611699 136 95 77
0.035576 0.178956 0.610028 147 108 89
0.038016 0.181311 0.608493 148 109 90
0.040607 0.183805 0.607150 157 118 99
0.043348 0.186438 0.605993 165 126 110
0.046078 0.189061 0.604805 166 131 113
0.049059 0.191916 0.603926 148 116 99
0.052240 0.194957 0.603283 135 105 88
0.055432 0.198008 0.602628 133 103 87
0.058566 0.201006 0.601874 134 104 88
0.061838 0.204133 0.601267 132 103 85
0.065408 0.207535 0.601000 133 105 88
0.069049 0.211004 0.600788 134 105 88
0.073261 0.215002 0.601230 142 107 93
0.078059 0.219543 0.602325 143 101 89
0.083749 0.224911 0.604417 144 96 86
0.090978 0.231706 0.608234 146 97 87
0.099833 0.240010 0.613830 150 97 89
0.109169 0.248763 0.619831 153 98 90
0.003261 0.150111 0.787442 178 133 129
0.000898 0.148040 0.775376 173 131 125
-0.001205 0.146207 0.764038 176 136 130
-0.003329 0.144351 0.752855 175 134 126
-0.004941 0.142966 0.742857 173 133 125
-0.006086 0.142011 0.733923 172 131 121
-0.006902 0.141359 0.725759 172 131 119
-0.007214 0.141172 0.718669 175 129 113
-0.007326 0.141169 0.712055 176 125 111
-0.007343 0.141253 0.705711 176 124 109
-0.007134 0.141545 0.699868 176 124 108
-0.006713 0.142033 0.694485 182 131 113
-0.006047 0.142747 0.689607 187 137 121
-0.005259 0.143574 0.685004 169 121 103
-0.004354 0.144508 0.680656 165 119 101
-0.003405 0.145483 0.676432 165 119 101
-0.002347 0.146558 0.672440 160 115 97
-0.001220 0.147697 0.668605 160 114 96
-0.000099 0.148830 0.664797 179 133 113
0.001074 0.150010 0.661111 187 140 120
0.002281 0.151222 0.657516 163 116 96
0.003520 0.152463 0.654005 158 113 93
0.004801 0.153743 0.650591 155 111 92
0.006156 0.155091 0.647324 155 111 92
0.007579 0.156502 0.644189 154 112 93
0.009063 0.157969 0.641172 152 111 92
0.010648 0.159530 0.638332 152 111 91
0.012380 0.161229 0.635733 147 106 88
0.014142 0.162955 0.633193 146 105 87
0.015998 0.164768 0.630803 146 105 87
0.017912 0.166637 0.628509 145 106 89
0.019847 0.168524 0.626251 144 103 85
0.021894 0.170515 0.624160 146 105 87
0.024006 0.172567 0.622166 150 106 89
0.026280 0.174772 0.620404 150 106 89
0.028555 0.176976 0.618637 151 107 90
0.030751 0.179107 0.616756 147 103 86
0.033077 0.181359 0.615054 147 104 87
0.035498 0.183701 0.613476 142 98 81
0.038002 0.186120 0.612002 141 100 82
0.040733 0.188752 0.610824 142 103 84
0.043545 0.191460 0.609737 142 103 85
0.046303 0.194118 0.608560 137 101 86
0.049334 0.197031 0.607724 132 101 85
0.052525 0.200094 0.607071 132 103 87
0.055864 0.203297 0.606582 134 106 89
0.059170 0.206470 0.606022 131 103 86
0.062667 0.209822 0.605673 135 107 90
0.066544 0.213530 0.605762 142 114 97
0.070411 0.217230 0.605799 136 107 90
0.075114 0.221714 0.606812 139 103 89
0.080405 0.226750 0.608474 139 97 85
0.086585 0.232622 0.611127 147 98 88
0.094734 0.240343 0.616013 147 98 88
0.104345 0.249437 0.622476 152 97 89
0.115456 0.259943 0.630512 156 99 92
0.004382 0.156869 0.795653 179 128 126
0.001451 0.154181 0.782270 175 130 127
-0.000465 0.152446 0.771157 176 135 130
-0.002386 0.150706 0.760230 175 135 129
-0.004069 0.149187 0.749953 172 133 125
-0.005325 0.148070 0.740678 171 130 121
-0.006305 0.147211 0.732082 171 130 118
-0.006783 0.146826 0.724575 173 129 115
-0.007054 0.146634 0.717569 176 125 111
-0.007336 0.146432 0.710649 176 123 108
-0.007441 0.146394 0.704153 176 123 108
-0.007226 0.146658 0.698329 173 123 107
-0.006718 0.147199 0.693112 171 121 104
-0.005896 0.148035 0.688516 176 126 110
-0.004875 0.149059 0.684325 187 142 124
-0.003834 0.150102 0.680212 160 117 98
-0.002682 0.151249 0.676333 159 113 95
-0.001472 0.152450 0.672591 162 114 96
-0.000286 0.153629 0.668843 163 116 96
0.000940 0.154844 0.665197 160 113 93
0.002171 0.156064 0.661593 163 116 96
0.003455 0.157334 0.658107 167 122 102
0.004820 0.158681 0.654784 185 140 121
0.006262 0.160100 0.651609 173 129 110
0.007796 0.161606 0.648604 153 111 92
0.009342 0.163123 0.645638 148 107 89
0.010912 0.164662 0.642729 151 110 92
0.012555 0.166271 0.639951 150 109 91
0.014277 0.167954 0.637308 148 107 89
0.016068 0.169703 0.634783 148 107 89
0.017924 0.171513 0.632365 151 107 90
0.019866 0.173404 0.630084 149 105 88
0.021989 0.175467 0.628071 149 103 87
0.024168 0.177583 0.626141 149 103 87
0.026449 0.179796 0.624356 149 103 87
0.028790 0.182065 0.622651 151 103 87
0.031105 0.184310 0.620905 148 102 86
0.033542 0.186671 0.619324 148 102 86
0.036086 0.189133 0.617882 148 102 86
0.038692 0.191655 0.616514 146 102 86
0.041385 0.194259 0.615251 144 103 85
0.044155 0.196936 0.614076 143 103 85
0.047017 0.199701 0.613008 137 102 86
0.050093 0.202669 0.612201 134 103 87
0.053374 0.205833 0.611638 141 112 95
0.056827 0.209159 0.611267 151 122 106
0.060254 0.212461 0.610831 136 107 91
0.063839 0.215914 0.610563 130 102 85
0.067802 0.219726 0.610733 131 103 86
0.072204 0.223956 0.611404 134 102 87
0.077406 0.228946 0.613001 142 100 88
0.083385 0.234676 0.615470 146 100 90
0.090671 0.241649 0.619421 146 97 86
0.099646 0.250227 0.625262 149 97 88
0.110643 0.260730 0.633333 153 99 91
0.002019 0.160442 0.789304 181 128 128
-0.000039 0.158496 0.777760 178 135 133
-0.001719 0.156911 0.767170 173 133 127
-0.003174 0.155542 0.757206 172 131 123
-0.004226 0.154560 0.748196 171 131 120
-0.005201 0.153650 0.739482 170 128 118
-0.005867 0.153037 0.731497 173 126 113
-0.006295 0.152653 0.724087 173 126 111
-0.006652 0.152335 0.716922 175 124 109
-0.007099 0.151931 0.709697 173 122 106
-0.007136 0.151920 0.703330 173 122 106
-0.006785 0.152283 0.697757 172 122 105
-0.006166 0.152901 0.692735 171 121 104
-0.005305 0.153752 0.688204 168 120 102
-0.004342 0.154701 0.683903 170 122 106
-0.003150 0.155870 0.680047 185 139 121
-0.001810 0.157181 0.676482 170 120 103
-0.000516 0.158449 0.672871 160 112 93
0.000812 0.159747 0.669348 162 114 94
0.002063 0.160972 0.665728 160 112 94
0.003379 0.162260 0.662248 158 112 94
0.004694 0.163546 0.658796 155 111 92
0.006141 0.164959 0.655585 154 110 93
0.007751 0.166529 0.652660 156 114 96
0.009345 0.168083 0.649727 157 116 98
0.011040 0.169735 0.646972 170 129 111
0.012797 0.171446 0.644327 176 136 118
0.014642 0.173241 0.641830 175 134 116
0.016522 0.175070 0.639397 166 124 107
0.018421 0.176917 0.636999 160 117 100
0.020400 0.178842 0.634730 156 110 92
0.022469 0.180853 0.632598 153 107 89
0.024680 0.183000 0.630676 149 103 87
0.026986 0.185239 0.628889 149 101 85
0.029359 0.187543 0.627194 150 102 86
0.031730 0.189844 0.625489 153 107 91
0.034132 0.192176 0.623823 153 107 91
0.036673 0.194641 0.622342 162 116 102
0.039275 0.197164 0.620935 165 121 106
0.042009 0.199815 0.619695 163 119 104
0.044855 0.202574 0.618592 155 114 100
0.047779 0.205408 0.617574 145 109 94
0.050877 0.208409 0.616766 134 102 86
0.054239 0.211665 0.616280 135 105 89
0.057809 0.215122 0.616033 135 105 89
0.061353 0.218553 0.615718 131 101 85
0.065171 0.222248 0.615717 134 103 87
0.069334 0.226275 0.616110 142 108 93
0.074014 0.230801 0.617100 143 104 91
0.079707 0.236302 0.619278 141 97 85
0.086700 0.243055 0.622961 144 97 86
0.095754 0.251794 0.629025 147 98 88
0.105446 0.261148 0.635694 150 99 90
0.119414 0.274621 0.647264 153 102 93
0.001341 0.165580 0.786405 176 131 131
-0.000794 0.163478 0.774741 172 131 127
-0.002051 0.162236 0.765029 171 129 122
-0.003247 0.161052 0.755598 173 129 121
-0.004220 0.160088 0.746758 171 125 116
-0.004886 0.159424 0.738653 171 123 113
-0.005421 0.158888 0.730924 175 126 113
-0.005842 0.158463 0.723530 175 126 109
-0.006291 0.158011 0.716193 173 123 106
-0.006455 0.157839 0.709495 173 123 106
-0.006322 0.157956 0.703436 171 121 104
-0.005902 0.158354 0.697977 170 120 103
-0.005256 0.158973 0.692993 170 120 103
-0.004493 0.159706 0.688277 164 117 99
-0.003519 0.160646 0.683986 164 116 98
-0.002229 0.161894 0.680287 165 115 98
-0.000836 0.163242 0.676799 173 123 105
0.000644 0.164677 0.673489 185 136 117
0.002098 0.166085 0.670160 170 121 103
0.003572 0.167514 0.666891 152 106 88
0.005018 0.168914 0.663601 154 109 90
0.006450 0.170301 0.660314 150 108 90
0.007934 0.171739 0.657136 151 110 91
0.009516 0.173273 0.654138 152 111 93
0.011271 0.174976 0.651433 150 109 91
0.012995 0.176649 0.648694 149 108 90
0.014821 0.178421 0.646125 147 106 88
0.016740 0.180284 0.643710 147 103 86
0.018674 0.182161 0.641326 149 105 88
0.020688 0.184118 0.639070 148 102 84
0.022766 0.186136 0.636913 153 105 87
0.024980 0.188287 0.634958 152 104 86
0.027276 0.190518 0.633121 150 102 84
0.029681 0.192856 0.631439 151 103 87
0.032101 0.195208 0.629771 150 102 86
0.034542 0.197581 0.628125 147 99 83
0.037140 0.200106 0.626690 147 101 87
0.039817 0.202709 0.625355 146 100 86
0.042609 0.205425 0.624163 146 101 87
0.045534 0.208270 0.623135 144 103 88
0.048566 0.211218 0.622230 140 102 88
0.051775 0.214340 0.621539 137 104 88
0.055217 0.217690 0.621130 135 104 89
0.058859 0.221235 0.620948 137 105 90
0.062563 0.224840 0.620809 149 116 101
0.066778 0.228944 0.621287 138 104 89
0.071375 0.233420 0.622198 137 100 87
0.076585 0.238494 0.623820 142 99 87
0.083189 0.244928 0.627100 144 97 87
0.091463 0.252992 0.632329 146 97 86
0.102032 0.263295 0.640209 149 98 88
0.110919 0.271956 0.645866 153 103 92
0.128977 0.289565 0.662321 142 104 91
0.000590 0.170622 0.783364 170 125 128
-0.001309 0.168674 0.772210 173 125 119
-0.002485 0.167448 0.762686 173 125 117
-0.003492 0.166391 0.753652 169 123 113
-0.004084 0.165747 0.745571 171 123 114
-0.004661 0.165119 0.737647 173 125 112
-0.005113 0.164617 0.730084 175 126 111
-0.005482 0.164197 0.722791 175 123 109
-0.005651 0.163977 0.715980 173 121 105
-0.005638 0.163940 0.709604 171 121 104
-0.005330 0.164196 0.703857 171 119 103
-0.004779 0.164694 0.698622 169 119 102
-0.004130 0.165290 0.693629 167 119 101
-0.003282 0.166083 0.689047 165 116 99
-0.002223 0.167086 0.684885 166 116 99
-0.001058 0.168195 0.680950 165 114 96
0.000348 0.169544 0.677467 163 113 95
0.001853 0.170991 0.674179 159 111 93
0.003462 0.172542 0.671091 160 114 96
0.005067 0.174088 0.668018 172 125 108
0.006680 0.175643 0.664978 178 134 117
0.008248 0.177153 0.661887 164 122 104
0.009872 0.178719 0.658906 152 111 94
0.011615 0.180403 0.656133 152 111 95
0.013325 0.182055 0.653325 150 108 91
0.015136 0.183807 0.650689 149 105 88
0.017003 0.185614 0.648150 149 105 86
0.018943 0.187493 0.645733 151 104 86
0.021005 0.189495 0.643510 153 105 87
0.023116 0.191544 0.641362 153 105 87
0.025329 0.193694 0.639368 152 104 86
0.027633 0.195934 0.637506 150 102 84
0.030087 0.198324 0.635860 148 100 84
0.032535 0.200707 0.634196 147 101 85
0.035068 0.203174 0.632646 147 101 85
0.037694 0.205733 0.631218 148 102 88
0.040408 0.208379 0.629899 147 102 89
0.043250 0.211151 0.628743 140 95 82
0.046283 0.214113 0.627831 149 108 93
0.049456 0.217214 0.627086 156 117 103
0.052724 0.220407 0.626442 152 116 101
0.056197 0.223803 0.626041 142 107 93
0.059984 0.227510 0.626021 135 101 86
0.064017 0.231460 0.626281 137 100 87
0.068687 0.236039 0.627315 140 101 89
0.074114 0.241367 0.629253 143 98 87
0.080375 0.247519 0.632165 144 97 87
0.087911 0.254930 0.636572 146 97 86
0.097050 0.263926 0.642837 149 98 88
0.105698 0.272434 0.648336 152 101 91
0.117170 0.283734 0.657115 156 113 94
-0.001598 0.174084 0.770138 176 124 118
-0.002501 0.173070 0.761176 175 124 117
-0.003104 0.172362 0.752949 173 124 116
-0.003780 0.171582 0.744710 173 125 113
-0.004412 0.170848 0.736686 173 125 109
-0.004975 0.170186 0.728918 173 122 108
-0.005231 0.169835 0.721845 173 121 105
-0.005241 0.169734 0.715334 173 121 105
-0.004962 0.169927 0.709448 173 120 104
-0.004407 0.170400 0.704142 171 119 103
-0.003745 0.170981 0.699096 169 117 101
-0.002888 0.171760 0.694459 169 117 101
-0.001884 0.172689 0.690135 167 115 99
-0.000789 0.173709 0.686014 167 113 97
0.000450 0.174876 0.682185 164 112 96
0.001842 0.176196 0.678651 160 112 94
0.003250 0.177534 0.675177 159 111 93
0.004747 0.178962 0.671880 157 111 93
0.006425 0.180572 0.668905 155 110 93
0.008153 0.182233 0.666033 154 108 94
0.009823 0.183836 0.663083 156 112 97
0.011572 0.185519 0.660279 155 112 96
0.013382 0.187263 0.657585 160 118 102
0.015232 0.189047 0.654968 169 124 108
0.017123 0.190874 0.652427 173 130 113
0.019157 0.192844 0.650114 173 126 109
0.021324 0.194947 0.648010 175 126 109
0.023492 0.197053 0.645909 169 121 103
0.025716 0.199214 0.643891 166 118 100
0.028080 0.201516 0.642081 166 118 100
0.030539 0.203913 0.640405 166 118 102
0.032998 0.206311 0.638721 167 120 104
0.035502 0.208752 0.637093 162 117 105
0.038194 0.211384 0.635725 155 110 99
0.040963 0.214091 0.634450 151 106 94
0.043841 0.216908 0.633311 146 104 91
0.047063 0.220071 0.632629 143 101 88
0.050385 0.223333 0.632055 143 103 90
0.053708 0.226595 0.631451 143 104 91
0.057473 0.230301 0.631411 142 103 90
0.061659 0.234429 0.631886 139 98 85
0.066206 0.238918 0.632784 141 99 87
0.071586 0.244240 0.634703 143 98 88
0.077861 0.250458 0.637691 145 98 88
0.084804 0.257346 0.641430 146 98 88
0.092940 0.265426 0.646555 149 97 87
0.100281 0.272708 0.650547 152 100 91
0.111874 0.284247 0.659667 154 107 92
-0.002579 0.178772 0.766684 179 121 116
-0.002561 0.178648 0.759578 176 123 117
-0.003082 0.177972 0.751524 173 125 114
-0.003651 0.177249 0.743506 175 124 111
-0.004222 0.176527 0.735608 176 122 107
-0.004600 0.176005 0.728199 176 122 106
-0.004687 0.175784 0.721447 175 121 105
-0.004355 0.175995 0.715567 173 120 104
-0.003865 0.176371 0.710057 171 119 103
-0.003137 0.176992 0.705051 171 118 102
-0.002311 0.177714 0.700279 170 116 100
-0.001326 0.178601 0.695847 167 116 98
-0.000244 0.179588 0.691634 167 113 97
0.000971 0.180712 0.687696 166 112 96
0.002352 0.182008 0.684082 163 113 96
0.003756 0.183327 0.680538 160 111 94
0.005139 0.184626 0.676990 159 111 93
0.006659 0.186065 0.673700 157 110 94
0.008272 0.187599 0.670588 156 110 95
0.009981 0.189232 0.667654 156 110 94
0.011732 0.190909 0.664806 154 108 93
0.013543 0.192648 0.662070 154 108 92
0.015424 0.194458 0.659458 154 107 91
0.017420 0.196385 0.657037 154 107 90
0.019504 0.198403 0.654759 153 105 87
0.021726 0.200562 0.652698 153 105 88
0.024035 0.202809 0.650768 155 106 88
0.026357 0.205070 0.648857 153 103 87
0.028759 0.207412 0.647061 150 102 86
0.031220 0.209814 0.645345 150 102 86
0.033687 0.212222 0.643632 149 102 88
0.036240 0.214718 0.642036 147 102 89
0.038989 0.217413 0.640711 144 102 90
0.041906 0.220278 0.639608 143 102 90
0.044946 0.223269 0.638658 142 101 90
0.048319 0.226598 0.638147 142 102 90
0.051760 0.229995 0.637699 141 101 90
0.055421 0.233616 0.637516 141 101 90
0.059504 0.237664 0.637863 141 100 88
0.064079 0.242213 0.638818 144 99 90
0.069170 0.247284 0.640393 144 99 89
0.075046 0.253151 0.642920 147 98 89
0.081618 0.259724 0.646255 148 98 89
0.088852 0.266966 0.650330 150 98 89
0.095788 0.273904 0.653904 151 99 90
0.104173 0.282309 0.659185 152 100 91
-0.002264 0.184599 0.758685 176 121 112
-0.002787 0.183870 0.750633 173 122 110
-0.003376 0.183074 0.742581 176 122 106
-0.003913 0.182337 0.734756 175 122 105
-0.004178 0.181886 0.727564 173 122 104
-0.003902 0.182004 0.721491 173 121 105
-0.003196 0.182572 0.716295 171 119 103
-0.002456 0.183176 0.711225 171 118 102
-0.001632 0.183871 0.706371 169 117 100
-0.000673 0.184708 0.701815 167 116 98
0.000386 0.185650 0.697488 168 114 98
0.001555 0.186707 0.693398 164 112 96
0.002906 0.187955 0.689666 163 111 95
0.004312 0.189261 0.686062 162 112 95
0.005706 0.190556 0.682470 160 112 94
0.007214 0.191970 0.679099 159 111 94
0.008835 0.193502 0.675943 159 111 95
0.010586 0.195170 0.673023 157 110 94
0.012379 0.196880 0.670187 156 108 92
0.014216 0.198639 0.667439 156 108 92
0.016107 0.200452 0.664789 155 107 91
0.018114 0.202386 0.662335 155 106 90
0.020180 0.204382 0.659980 154 104 87
0.022394 0.206532 0.657861 154 104 87
0.024720 0.208797 0.655912 153 103 86
0.027077 0.211094 0.654008 152 102 87
0.029526 0.213485 0.652237 151 102 86
0.032063 0.215969 0.650593 149 101 85
0.034642 0.218495 0.649000 148 101 87
0.037287 0.221089 0.647493 147 102 89
0.040143 0.223901 0.646279 142 102 90
0.043215 0.226935 0.645355 140 100 90
0.046433 0.230119 0.644612 140 99 89
0.049998 0.233661 0.644328 140 100 92
0.053618 0.237258 0.644084 141 101 92
0.057559 0.241186 0.644241 140 100 90
0.061910 0.245535 0.644909 141 100 89
0.066701 0.250336 0.646114 144 99 90
0.072208 0.255872 0.648201 147 99 91
0.078591 0.262309 0.651358 148 97 90
0.084949 0.268717 0.654377 152 98 90
0.091797 0.275627 0.657926 153 98 90
0.098737 0.282627 0.661478 158 103 95
-0.002441 0.190058 0.756856 175 117 108
-0.002436 0.189839 0.749848 175 121 105
-0.002642 0.189398 0.742538 175 121 105
-0.002901 0.188906 0.735239 173 122 104
-0.002855 0.188740 0.728622 173 122 104
-0.002403 0.189009 0.722858 171 121 104
-0.001723 0.189521 0.717590 171 120 103
-0.000961 0.190122 0.712538 170 118 100
-0.000087 0.190843 0.707749 167 116 98
0.000915 0.191703 0.703246 168 114 98
0.002015 0.192668 0.698966 167 113 97
0.003352 0.193883 0.695143 164 112 96
0.004787 0.195205 0.691527 163 112 95
0.006221 0.196526 0.687940 162 111 95
0.007765 0.197963 0.684569 160 111 96
0.009437 0.199537 0.681439 159 110 94
0.011214 0.201222 0.678504 158 110 94
0.013028 0.202947 0.675648 157 108 92
0.014917 0.204752 0.672929 157 107 92
0.016840 0.206591 0.670275 156 106 91
0.018852 0.208525 0.667776 157 105 89
0.020918 0.210517 0.665370 156 104 89
0.023136 0.212669 0.663207 154 102 87
0.025435 0.214905 0.661170 154 103 87
0.027789 0.217199 0.659215 152 102 87
0.030275 0.219632 0.657457 152 100 86
0.032888 0.222197 0.655882 150 101 87
0.035551 0.224815 0.654371 148 101 89
0.038310 0.227533 0.652988 146 103 92
0.041354 0.230549 0.652004 142 102 92
0.044586 0.233761 0.651266 139 100 93
0.047968 0.237130 0.650715 137 100 94
0.051797 0.240964 0.650760 137 102 97
0.055582 0.244751 0.650701 139 103 98
0.059807 0.248997 0.651208 139 101 97
0.064578 0.253812 0.652407 139 100 94
0.070086 0.259394 0.654535 141 99 93
0.076168 0.265573 0.657347 145 98 91
0.081899 0.271382 0.659593 149 96 90
0.088744 0.278351 0.663215 153 96 91
0.097185 0.286979 0.668791 155 96 91
-0.000638 0.197385 0.751869 168 118 103
-0.001971 0.195682 0.742368 171 122 104
-0.001386 0.196054 0.736668 173 123 106
-0.001256 0.195938 0.730186 166 117 100
-0.000857 0.196116 0.724299 168 118 100
-0.000232 0.196539 0.718905 168 120 101
0.000558 0.197144 0.713882 166 116 98
0.001496 0.197909 0.709184 167 113 97
0.002541 0.198793 0.704732 167 113 97
0.003883 0.199995 0.700850 166 112 96
0.005302 0.201283 0.697139 165 112 96
0.006749 0.202602 0.693511 164 111 95
0.008319 0.204053 0.690122 162 110 95
0.010025 0.205652 0.686990 160 110 95
0.011779 0.207302 0.683959 159 109 94
0.013562 0.208984 0.680994 159 108 93
0.015506 0.210839 0.678311 159 106 92
0.017489 0.212736 0.675702 158 105 91
0.019499 0.214663 0.673147 159 105 90
0.021575 0.216660 0.670705 157 104 89
0.023824 0.218842 0.668542 155 103 87
0.026137 0.221092 0.666479 153 101 87
0.028545 0.223444 0.664561 153 101 87
0.031173 0.226029 0.662974 152 100 86
0.033887 0.228705 0.661506 151 101 87
0.036635 0.231418 0.660075 150 102 89
0.039541 0.234297 0.658862 147 103 93
0.042742 0.237489 0.658063 142 102 94
0.046108 0.240855 0.657474 138 102 96
0.049633 0.244389 0.657084 136 101 96
0.053468 0.248250 0.657097 134 102 98
0.057691 0.252521 0.657610 137 104 100
0.062543 0.257457 0.658944 135 102 99
0.067611 0.262619 0.660507 134 102 99
0.073294 0.268428 0.662830 136 99 96
0.079705 0.275006 0.666045 139 95 94
0.087137 0.282658 0.670515 148 93 92
-0.000295 0.203091 0.744114 160 121 104
-0.000270 0.202817 0.737326 160 117 99
0.000468 0.203328 0.731971 163 116 97
0.001015 0.203633 0.726331 165 118 98
0.001721 0.204115 0.721056 166 116 97
0.002556 0.204740 0.716079 165 113 97
0.003387 0.205364 0.711156 166 113 97
0.004525 0.206326 0.706837 166 112 96
0.005968 0.207622 0.703100 166 112 96
0.007397 0.208904 0.699370 165 111 95
0.009077 0.210461 0.696107 164 110 94
0.010860 0.212131 0.693042 164 110 94
0.012612 0.213768 0.689943 162 108 94
0.014392 0.215436 0.686912 160 108 93
0.016317 0.217262 0.684137 160 107 91
0.018296 0.219147 0.681463 159 106 91
0.020312 0.221074 0.678861 159 105 91
0.022405 0.223084 0.676391 158 104 90
0.024671 0.225281 0.674203 158 104 89
0.027042 0.227592 0.672179 157 103 89
0.029555 0.230057 0.670373 154 102 88
0.032283 0.232753 0.668890 153 101 87
0.035090 0.235534 0.667514 151 101 88
0.037971 0.238395 0.666234 150 101 89
0.041015 0.241430 0.665178 146 102 93
0.044265 0.244685 0.664403 143 102 95
0.047625 0.248059 0.663761 137 103 98
0.051605 0.252098 0.663982 136 104 99
0.055941 0.256517 0.664663 135 104 101
0.060366 0.261031 0.665413 136 105 105
0.065385 0.266179 0.666935 131 103 103
0.070670 0.271610 0.668751 129 102 104
0.077522 0.278717 0.672635 119 99 105
0.087133 0.288779 0.680142 112 95 107
0.002034 0.210942 0.740219 155 115 97
0.002144 0.210725 0.733651 159 115 95
0.002767 0.211080 0.728122 162 116 96
0.003516 0.211581 0.722898 165 113 97
0.004280 0.212101 0.717765 165 112 96
0.005412 0.213031 0.713352 165 111 95
0.006698 0.214135 0.709262 165 111 95
0.008030 0.215291 0.705290 165 111 95
0.009528 0.216634 0.701646 165 110 94
0.011288 0.218266 0.698482 164 109 94
0.013163 0.220028 0.695535 163 109 93
0.015017 0.221766 0.692568 162 108 93
0.016945 0.223587 0.689741 160 106 92
0.018930 0.225471 0.687022 160 107 93
0.020910 0.227350 0.684306 159 105 91
0.023098 0.229459 0.681938 159 105 91
0.025505 0.231808 0.679922 158 104 90
0.028032 0.234289 0.678093 158 104 90
0.030629 0.236846 0.676367 155 103 89
0.033384 0.239575 0.674875 156 102 88
0.036330 0.242513 0.673663 153 101 91
0.039420 0.245608 0.672649 151 102 91
0.042612 0.248813 0.671764 149 102 93
0.046017 0.252250 0.671170 145 103 96
0.049836 0.256137 0.671151 137 104 100
0.054045 0.260447 0.671654 136 105 105
0.058469 0.264989 0.672412 137 108 106
0.063391 0.270071 0.673820 129 102 108
0.069203 0.276118 0.676410 118 97 109
0.004441 0.218501 0.729757 154 110 90
0.005252 0.219042 0.724617 162 113 95
0.006407 0.219973 0.720162 167 115 98
0.007751 0.221119 0.716092 164 110 94
0.009188 0.222372 0.712226 164 108 94
0.010554 0.223548 0.708272 166 107 93
0.012487 0.225361 0.705335 165 108 93
0.014475 0.227238 0.702509 164 108 94
0.016476 0.229129 0.699719 163 107 94
0.018435 0.230974 0.696870 160 106 93
0.020429 0.232859 0.694094 160 105 92
0.022345 0.234656 0.691200 160 106 92
0.024472 0.236692 0.688666 159 105 91
0.026873 0.239031 0.686578 158 104 91
0.029427 0.241542 0.684734 158 104 92
0.032172 0.244265 0.683181 158 104 91
0.035147 0.247242 0.681975 157 103 91
0.038274 0.250388 0.680982 155 101 92
0.041465 0.253602 0.680062 154 102 93
0.044640 0.256798 0.679094 151 103 95
0.048221 0.260442 0.678705 144 105 99
0.052219 0.264546 0.678898 136 107 107
0.056667 0.269145 0.679700 128 103 108
0.062657 0.275444 0.682675 109 92 100
0.013221 0.232451 0.717889 162 100 90
0.014690 0.233723 0.714042 165 103 93
0.016242 0.235091 0.710373 165 104 95
0.018603 0.237380 0.708115 164 104 95
0.020325 0.238945 0.704779 163 104 94
0.022299 0.240796 0.701888 163 103 94
0.024390 0.242780 0.699204 162 104 94
0.026650 0.244957 0.696808 160 103 94
0.028924 0.247150 0.694438 160 103 94
0.031318 0.249479 0.692263 160 103 95
0.033455 0.251517 0.689681 159 100 93
0.036501 0.254581 0.688533 159 101 94
0.039818 0.257948 0.687783 155 99 91
0.043293 0.261492 0.687247 149 95 90
0.047468 0.265821 0.687741 131 93 93
