ply
format ascii 1.0
element vertex 7311
property float x
property float y
property float z
property uchar red
property uchar green
property uchar blue
end_header
0.267572 -0.265148 1.040227 61 59 51
0.271943 -0.265458 1.041440 53 52 45
0.275729 -0.265195 1.040409 46 45 39
0.279830 -0.265238 1.040579 45 45 38
0.284514 -0.265824 1.042881 39 39 32
0.288639 -0.265879 1.043097 42 41 35
0.292477 -0.265672 1.042286 39 39 31
0.296328 -0.265482 1.041540 46 45 39
0.300514 -0.265594 1.041978 48 47 41
0.304642 -0.265652 1.042206 51 50 44
0.308659 -0.265613 1.042054 59 60 53
0.312912 -0.265775 1.042692 68 69 63
0.316937 -0.265742 1.042563 85 86 80
0.321276 -0.265970 1.043457 87 88 82
0.325274 -0.265913 1.043233 104 104 98
0.329370 -0.265937 1.043327 105 106 100
0.337596 -0.266010 1.043615 99 100 94
0.232667 -0.258329 1.029310 83 79 72
0.237530 -0.259258 1.033013 73 67 61
0.241950 -0.259680 1.034693 49 46 41
0.246321 -0.260036 1.036116 38 34 30
0.250447 -0.260127 1.036477 33 32 25
0.254752 -0.260398 1.037557 28 29 21
0.258529 -0.260128 1.036483 34 35 28
0.262696 -0.260255 1.036987 32 31 26
0.266875 -0.260388 1.037519 30 30 26
0.271215 -0.260672 1.038650 29 29 25
0.275787 -0.261168 1.040628 33 33 29
0.279901 -0.261221 1.040843 33 33 29
0.284369 -0.261599 1.042347 30 30 26
0.288651 -0.261798 1.043141 34 33 30
0.292773 -0.261848 1.043341 31 31 27
0.296834 -0.261842 1.043319 32 32 28
0.300946 -0.261882 1.043477 32 32 28
0.305299 -0.262127 1.044455 30 32 30
0.309455 -0.262199 1.044742 31 33 31
0.313538 -0.262207 1.044776 33 33 31
0.317537 -0.262147 1.044536 30 31 29
0.321532 -0.262085 1.044288 28 29 26
0.325377 -0.261903 1.043564 36 36 32
0.329255 -0.261752 1.042963 36 36 32
0.333046 -0.261537 1.042106 39 37 34
0.336883 -0.261362 1.041410 39 41 34
0.340795 -0.261249 1.040961 69 70 63
0.344579 -0.261042 1.040134 93 96 88
0.348259 -0.260762 1.039018 121 127 119
0.352262 -0.260727 1.038880 114 116 109
0.356039 -0.260527 1.038086 102 107 97
0.359897 -0.260391 1.037544 89 91 83
0.363648 -0.260181 1.036707 73 72 67
0.367597 -0.260116 1.036449 50 46 44
0.374361 -0.259205 1.032818 45 41 39
0.224522 -0.254154 1.028756 61 60 54
0.229033 -0.254712 1.031013 40 39 33
0.233471 -0.255170 1.032867 28 26 23
0.237980 -0.255688 1.034968 28 26 23
0.242408 -0.256104 1.036652 30 29 25
0.246595 -0.256256 1.037268 30 30 26
0.250591 -0.256208 1.037074 32 32 28
0.254632 -0.256206 1.037065 35 36 32
0.258469 -0.256002 1.036242 39 41 37
0.262617 -0.256109 1.036675 47 47 43
0.266820 -0.256264 1.037303 60 61 56
0.271124 -0.256510 1.038301 64 63 59
0.275659 -0.256965 1.040142 71 69 66
0.279848 -0.257089 1.040643 75 73 69
0.284256 -0.257407 1.041933 76 75 69
0.288538 -0.257603 1.042729 79 77 70
0.292785 -0.257764 1.043382 82 79 72
0.296978 -0.257873 1.043823 85 84 76
0.301005 -0.257838 1.043679 75 74 66
0.305275 -0.258009 1.044372 72 73 66
0.309422 -0.258072 1.044629 64 65 59
0.313452 -0.258037 1.044489 52 53 48
0.317390 -0.257929 1.044051 48 51 44
0.321280 -0.257785 1.043468 50 50 43
0.325150 -0.257628 1.042834 46 47 40
0.328988 -0.257451 1.042117 41 42 36
0.332764 -0.257230 1.041221 38 39 32
0.336512 -0.256993 1.040261 31 32 26
0.340382 -0.256853 1.039697 30 32 27
0.344077 -0.256586 1.038617 35 36 32
0.347688 -0.256264 1.037314 33 37 31
0.351656 -0.256209 1.037091 45 49 42
0.355672 -0.256190 1.037016 65 70 60
0.359531 -0.256060 1.036487 102 106 96
0.363442 -0.255969 1.036118 137 140 130
0.367400 -0.255913 1.035892 119 118 110
0.370970 -0.255590 1.034587 99 98 89
0.374490 -0.255241 1.033172 84 83 74
0.382135 -0.254968 1.032067 38 36 32
0.206256 -0.247449 1.017769 78 78 69
0.210449 -0.247714 1.018863 85 84 78
0.214627 -0.247953 1.019844 49 48 41
0.219054 -0.248466 1.021955 27 26 21
0.223532 -0.249016 1.024219 24 22 21
0.228054 -0.249595 1.026605 24 23 21
0.232475 -0.250046 1.028460 28 27 24
0.236797 -0.250377 1.029824 37 36 31
0.241299 -0.250884 1.031909 41 39 35
0.245686 -0.251256 1.033441 57 55 52
0.250023 -0.251567 1.034719 69 70 64
0.254275 -0.251784 1.035612 88 89 83
0.258364 -0.251835 1.035823 87 88 82
0.262593 -0.252018 1.036577 88 87 81
0.266781 -0.252158 1.037153 90 89 81
0.271147 -0.252458 1.038389 89 88 79
0.275652 -0.252878 1.040116 89 88 79
0.279844 -0.253002 1.040627 89 88 80
0.284130 -0.253206 1.041469 91 90 81
0.288316 -0.253318 1.041928 92 90 81
0.292542 -0.253460 1.042514 95 93 85
0.296760 -0.253592 1.043057 97 95 86
0.300916 -0.253668 1.043372 94 92 84
0.305098 -0.253763 1.043764 94 93 84
0.309251 -0.253833 1.044051 93 92 83
0.313199 -0.253734 1.043646 96 96 88
0.317201 -0.253682 1.043429 102 103 93
0.321078 -0.253531 1.042811 99 98 90
0.324874 -0.253322 1.041949 98 97 89
0.328738 -0.253170 1.041324 99 99 90
0.332467 -0.252919 1.040293 88 87 81
0.336224 -0.252694 1.039369 73 74 67
0.340073 -0.252545 1.038754 58 59 52
0.343883 -0.252369 1.038032 47 48 44
0.347442 -0.252016 1.036579 44 47 42
0.351296 -0.251882 1.036030 36 39 34
0.355144 -0.251748 1.035475 28 30 26
0.358988 -0.251612 1.034920 39 38 34
0.362645 -0.251351 1.033846 43 41 38
0.366425 -0.251180 1.033141 53 53 46
0.370099 -0.250941 1.032157 102 104 92
0.373605 -0.250594 1.030730 152 153 138
0.377108 -0.250252 1.029326 140 141 130
0.380802 -0.250044 1.028468 100 99 90
0.384064 -0.249558 1.026471 77 76 70
0.387938 -0.249477 1.026137 51 49 44
0.200475 -0.241274 1.008645 85 79 71
0.205401 -0.242447 1.013553 47 47 38
0.209770 -0.242931 1.015576 27 26 20
0.214247 -0.243521 1.018042 24 22 18
0.218850 -0.244228 1.021001 25 23 22
0.223369 -0.244819 1.023473 29 27 26
0.227873 -0.245373 1.025791 39 37 35
0.232235 -0.245758 1.027400 52 51 47
0.236607 -0.246139 1.028994 87 86 80
0.241135 -0.246668 1.031208 90 89 82
0.245483 -0.246998 1.032589 82 81 74
0.249808 -0.247295 1.033829 84 84 75
0.254014 -0.247466 1.034546 85 86 78
0.258238 -0.247650 1.035317 85 86 79
0.262571 -0.247930 1.036489 88 87 79
0.266889 -0.248189 1.037572 88 87 78
0.271258 -0.248486 1.038813 91 90 81
0.275775 -0.248908 1.040581 98 97 88
0.279929 -0.248994 1.040942 93 92 83
0.284208 -0.249189 1.041756 94 93 84
0.288363 -0.249270 1.042096 106 105 96
0.292553 -0.249379 1.042554 99 98 89
0.296784 -0.249519 1.043140 105 102 94
0.300942 -0.249596 1.043459 108 105 97
0.305083 -0.249656 1.043711 105 102 94
0.309195 -0.249691 1.043860 106 105 96
0.313143 -0.249595 1.043457 108 108 98
0.317188 -0.249577 1.043384 105 106 94
0.321098 -0.249455 1.042874 105 104 95
0.324914 -0.249264 1.042077 104 103 94
0.328707 -0.249060 1.041224 103 103 92
0.332444 -0.248820 1.040218 103 102 93
0.336200 -0.248599 1.039296 102 100 92
0.340002 -0.248417 1.038534 104 102 96
0.343731 -0.248187 1.037573 112 111 106
0.347370 -0.247898 1.036364 98 99 92
0.351096 -0.247676 1.035438 84 84 80
0.354866 -0.247491 1.034663 62 61 57
0.358564 -0.247260 1.033697 53 51 47
0.362243 -0.247021 1.032699 42 40 37
0.365902 -0.246774 1.031668 36 34 31
0.369636 -0.246582 1.030867 34 33 26
0.373081 -0.246204 1.029286 44 43 35
0.376529 -0.245836 1.027746 54 53 48
0.380046 -0.245520 1.026426 102 101 95
0.383627 -0.245252 1.025304 150 149 141
0.387095 -0.244917 1.023904 121 120 112
0.390224 -0.244378 1.021649 89 87 84
0.393922 -0.244201 1.020912 60 59 58
0.192096 -0.236681 1.005941 84 79 71
0.195937 -0.236585 1.005535 69 65 59
0.200142 -0.236923 1.006971 31 29 23
0.205364 -0.238427 1.013367 26 26 22
0.209812 -0.238995 1.015781 25 25 21
0.214433 -0.239733 1.018922 30 30 26
0.218989 -0.240375 1.021652 46 44 42
0.223319 -0.240749 1.023241 67 64 61
0.227767 -0.241236 1.025312 80 77 72
0.232141 -0.241628 1.026980 80 77 70
0.236431 -0.241922 1.028231 84 79 73
0.240887 -0.242372 1.030144 84 84 78
0.245188 -0.242654 1.031345 78 77 71
0.249571 -0.243008 1.032851 74 73 68
0.253851 -0.243251 1.033882 68 67 62
0.258164 -0.243517 1.035017 61 60 56
0.262620 -0.243909 1.036681 49 48 45
0.267086 -0.244298 1.038337 45 45 43
0.271416 -0.244552 1.039418 39 38 37
0.275853 -0.244894 1.040874 38 36 33
0.280087 -0.245049 1.041531 36 34 32
0.284380 -0.245249 1.042384 33 32 27
0.288547 -0.245338 1.042761 33 31 28
0.292700 -0.245412 1.043074 31 30 26
0.296910 -0.245531 1.043583 34 33 28
0.301101 -0.245632 1.044012 39 37 32
0.305236 -0.245684 1.044234 40 41 34
0.309335 -0.245707 1.044333 47 50 41
0.313325 -0.245644 1.044065 56 59 49
0.317455 -0.245690 1.044262 65 67 57
0.321323 -0.245535 1.043604 91 91 80
0.325196 -0.245388 1.042979 101 101 91
0.328953 -0.245159 1.042004 108 107 99
0.332747 -0.244961 1.041165 126 122 109
0.336541 -0.244769 1.040350 133 127 115
0.340328 -0.244577 1.039530 118 113 103
0.343985 -0.244296 1.038337 115 113 103
0.347647 -0.244026 1.037190 109 107 99
0.351249 -0.243720 1.035890 109 107 99
0.354869 -0.243433 1.034671 113 112 103
0.358584 -0.243218 1.033755 128 127 118
0.362364 -0.243050 1.033043 105 104 96
0.366088 -0.242850 1.032191 75 74 67
0.369664 -0.242556 1.030942 45 43 35
0.373211 -0.242250 1.029642 41 40 33
0.376711 -0.241921 1.028243 33 32 26
0.380261 -0.241629 1.027004 37 36 30
0.383668 -0.241255 1.025412 44 43 35
0.387089 -0.240896 1.023888 71 70 62
0.390346 -0.240445 1.021968 144 144 135
0.393607 -0.240004 1.020095 133 133 125
0.396954 -0.239624 1.018480 92 92 88
0.400651 -0.239461 1.017787 66 65 64
0.403596 -0.238856 1.015217 38 36 37
0.187226 -0.231561 1.000867 75 76 67
0.191357 -0.231840 1.002074 51 50 44
0.195498 -0.232118 1.003278 25 25 22
0.199923 -0.232717 1.005867 28 28 24
0.205105 -0.234156 1.012089 30 30 28
0.209612 -0.234785 1.014811 52 51 47
0.214322 -0.235613 1.018394 75 74 67
0.218856 -0.236222 1.021026 75 72 67
0.223270 -0.236682 1.023017 76 70 65
0.227755 -0.237201 1.025258 86 81 75
0.232214 -0.237674 1.027305 68 65 59
0.236589 -0.238046 1.028916 54 53 50
0.241160 -0.238601 1.031313 34 34 31
0.245488 -0.238900 1.032609 21 21 19
0.249976 -0.239342 1.034522 23 23 23
0.254288 -0.239606 1.035662 22 22 21
0.258626 -0.239885 1.036868 24 24 24
0.263079 -0.240261 1.038493 25 25 25
0.267521 -0.240615 1.040026 27 27 25
0.271876 -0.240881 1.041179 26 26 24
0.276302 -0.241202 1.042564 29 27 26
0.280478 -0.241298 1.042983 28 28 26
0.284751 -0.241475 1.043745 28 28 26
0.288883 -0.241528 1.043975 28 28 26
0.292965 -0.241538 1.044020 27 27 23
0.297156 -0.241636 1.044446 28 28 24
0.301329 -0.241718 1.044802 28 28 25
0.305403 -0.241719 1.044807 29 29 27
0.309510 -0.241746 1.044922 30 30 28
0.313471 -0.241659 1.044548 30 30 28
0.317514 -0.241638 1.044456 28 28 26
0.321339 -0.241453 1.043656 29 30 27
0.325159 -0.241268 1.042859 29 31 28
0.328961 -0.241076 1.042029 32 32 28
0.332776 -0.240897 1.041256 42 42 36
0.336560 -0.240701 1.040406 55 53 46
0.340325 -0.240496 1.039522 94 90 81
0.343891 -0.240156 1.038053 117 113 103
0.347623 -0.239940 1.037117 136 133 124
0.351167 -0.239600 1.035647 136 132 124
0.354783 -0.239315 1.034419 125 120 109
0.358401 -0.239040 1.033227 115 114 102
0.362208 -0.238894 1.032598 111 111 100
0.365894 -0.238673 1.031643 121 120 110
0.369545 -0.238434 1.030609 125 125 113
0.372990 -0.238069 1.029032 108 109 97
0.376469 -0.237733 1.027579 64 63 56
0.379857 -0.237348 1.025913 50 49 43
0.383269 -0.236985 1.024344 36 35 28
0.386621 -0.236593 1.022649 38 37 32
0.390001 -0.236226 1.021062 44 42 39
0.393225 -0.235773 1.019106 57 58 51
0.396237 -0.235203 1.016641 136 136 128
0.399339 -0.234697 1.014455 132 134 125
0.402724 -0.234366 1.013023 93 92 87
0.406588 -0.234317 1.012812 65 64 60
0.178606 -0.226599 0.996311 75 75 73
0.182646 -0.226792 0.997164 71 70 67
0.186857 -0.227186 0.998898 41 39 37
0.191198 -0.227719 1.001240 22 24 23
0.195526 -0.228215 1.003422 20 24 22
0.200068 -0.228936 1.006595 38 40 37
0.205019 -0.230089 1.011667 64 64 61
0.209546 -0.230731 1.014492 68 66 63
0.214227 -0.231515 1.017942 71 70 64
0.218858 -0.232219 1.021038 65 63 58
0.223409 -0.232814 1.023656 55 53 50
0.228014 -0.233443 1.026422 29 28 25
0.232583 -0.234014 1.028937 21 22 18
0.237119 -0.234533 1.031220 20 21 21
0.241762 -0.235139 1.033886 20 20 19
0.246178 -0.235508 1.035508 22 22 22
0.250643 -0.235912 1.037285 22 22 23
0.254948 -0.236154 1.038351 24 24 23
0.259303 -0.236434 1.039582 24 24 24
0.263755 -0.236792 1.041160 26 26 26
0.268207 -0.237141 1.042694 25 25 23
0.272566 -0.237397 1.043821 26 26 24
0.276960 -0.237676 1.045047 28 26 25
0.281114 -0.237744 1.045347 27 27 25
0.285363 -0.237889 1.045985 27 27 25
0.289456 -0.237902 1.046044 27 27 25
0.293598 -0.237954 1.046275 26 26 22
0.297746 -0.238010 1.046519 26 26 24
0.301950 -0.238108 1.046951 27 27 25
0.305982 -0.238070 1.046786 27 27 25
0.310022 -0.238039 1.046648 26 26 24
0.313921 -0.237902 1.046047 26 26 24
0.317978 -0.237887 1.045981 26 26 24
0.321848 -0.237734 1.045308 27 27 25
0.325675 -0.237553 1.044516 28 29 27
0.329469 -0.237353 1.043635 30 30 26
0.333361 -0.237228 1.043087 30 30 26
0.337016 -0.236940 1.041817 28 29 26
0.340695 -0.236674 1.040650 29 31 29
0.344239 -0.236322 1.039103 32 33 30
0.347877 -0.236043 1.037874 36 36 31
0.351495 -0.235756 1.036612 54 53 45
0.355064 -0.235444 1.035240 90 90 79
0.358687 -0.235173 1.034049 132 132 122
0.362259 -0.234876 1.032744 146 145 136
0.365913 -0.234637 1.031694 132 132 122
0.369469 -0.234342 1.030397 118 116 107
0.372974 -0.234022 1.028988 109 109 96
0.376326 -0.233612 1.027188 123 122 113
0.379728 -0.233243 1.025563 118 118 109
0.383006 -0.232806 1.023640 84 83 75
0.386369 -0.232429 1.021984 51 49 45
0.389839 -0.232123 1.020638 43 41 37
0.393077 -0.231687 1.018720 35 35 32
0.395961 -0.231053 1.015933 41 40 36
0.399111 -0.230585 1.013875 47 45 39
0.402322 -0.230161 1.012011 122 121 114
0.405689 -0.229834 1.010571 134 136 128
0.409088 -0.229531 1.009240 93 93 87
0.413317 -0.229695 1.009960 62 59 58
0.178014 -0.221952 0.993008 73 72 69
0.182188 -0.222321 0.994663 44 43 40
0.186411 -0.222735 0.996513 25 23 22
0.190799 -0.223323 0.999148 24 26 24
0.195220 -0.223927 1.001852 46 49 45
0.199830 -0.224719 1.005396 61 63 59
0.204842 -0.225925 1.010793 59 61 57
0.209402 -0.226594 1.013791 63 62 59
0.214184 -0.227476 1.017738 41 40 36
0.218835 -0.228189 1.020929 23 23 19
0.223544 -0.228936 1.024273 20 20 19
0.228263 -0.229666 1.027542 20 20 19
0.232919 -0.230309 1.030423 20 20 18
0.237451 -0.230809 1.032662 20 20 20
0.242161 -0.231464 1.035591 21 21 21
0.246595 -0.231838 1.037264 22 21 22
0.251186 -0.232344 1.039531 22 22 22
0.255559 -0.232636 1.040839 23 23 21
0.259935 -0.232922 1.042118 24 24 22
0.264430 -0.233303 1.043825 24 24 23
0.268942 -0.233688 1.045549 24 24 22
0.273204 -0.233847 1.046262 25 25 23
0.277558 -0.234080 1.047304 25 25 23
0.281693 -0.234123 1.047500 27 25 24
0.285984 -0.234293 1.048261 27 25 23
0.290056 -0.234282 1.048210 26 25 23
0.294213 -0.234338 1.048464 25 25 23
0.298356 -0.234383 1.048662 25 25 23
0.302532 -0.234452 1.048971 26 26 24
0.306532 -0.234383 1.048666 26 26 24
0.310499 -0.234292 1.048260 25 25 23
0.314327 -0.234100 1.047399 25 25 23
0.318320 -0.234034 1.047104 27 27 25
0.322198 -0.233887 1.046445 27 27 25
0.326066 -0.233735 1.045768 27 27 25
0.329918 -0.233576 1.045058 28 28 26
0.333823 -0.233458 1.044530 28 28 24
0.337503 -0.233188 1.043321 29 29 25
0.341069 -0.232846 1.041790 30 30 26
0.344560 -0.232462 1.040073 30 30 26
0.348281 -0.232240 1.039078 29 29 25
0.351728 -0.231842 1.037299 29 29 25
0.355332 -0.231556 1.036018 29 29 25
0.358867 -0.231232 1.034569 36 36 32
0.362500 -0.230977 1.033428 45 45 39
0.366029 -0.230663 1.032021 91 90 81
0.369597 -0.230379 1.030754 135 132 124
0.372991 -0.229995 1.029033 159 157 148
0.376451 -0.229659 1.027529 134 132 124
0.379677 -0.229189 1.025425 114 113 105
0.383114 -0.228854 1.023930 115 118 106
0.386389 -0.228431 1.022034 132 133 124
0.389896 -0.228152 1.020787 87 89 82
0.393126 -0.227718 1.018846 56 54 49
0.396001 -0.227090 1.016034 44 40 38
0.399004 -0.226546 1.013601 39 37 34
0.402063 -0.226045 1.011359 42 41 36
0.405161 -0.225575 1.009256 57 57 51
0.408421 -0.225204 1.007593 127 128 120
0.412121 -0.225079 1.007038 113 117 113
0.169319 -0.216835 0.987445 74 72 69
0.173378 -0.217098 0.988644 92 87 83
0.177660 -0.217622 0.991034 48 45 42
0.181923 -0.218101 0.993216 26 23 23
0.186098 -0.218457 0.994838 30 28 26
0.190412 -0.218958 0.997120 52 54 54
0.194895 -0.219630 1.000182 58 60 58
0.199660 -0.220587 1.004542 59 59 57
0.204698 -0.221802 1.010080 45 45 43
0.209345 -0.222556 1.013517 26 26 24
0.214303 -0.223607 1.018303 17 17 16
0.219125 -0.224481 1.022284 17 19 19
0.223891 -0.225266 1.025862 19 19 16
0.228704 -0.226070 1.029528 19 19 17
0.233411 -0.226744 1.032597 19 19 19
0.238092 -0.227370 1.035452 19 19 17
0.242852 -0.228050 1.038547 20 20 20
0.247353 -0.228467 1.040451 21 21 21
0.252190 -0.229177 1.043683 22 22 20
0.256553 -0.229440 1.044885 23 23 22
0.261072 -0.229832 1.046672 22 22 20
0.265513 -0.230146 1.048100 22 22 20
0.269976 -0.230467 1.049566 22 22 20
0.274203 -0.230582 1.050088 23 23 21
0.278311 -0.230594 1.050145 24 24 22
0.282243 -0.230463 1.049546 25 25 23
0.286760 -0.230805 1.051105 26 24 23
0.290797 -0.230757 1.050888 24 24 22
0.294989 -0.230832 1.051230 25 25 23
0.299123 -0.230860 1.051360 24 24 22
0.303195 -0.230840 1.051268 25 24 22
0.307229 -0.230792 1.051051 25 25 23
0.311244 -0.230731 1.050774 25 25 23
0.315001 -0.230484 1.049646 25 25 23
0.319028 -0.230437 1.049433 26 26 24
0.322863 -0.230254 1.048602 27 26 25
0.326800 -0.230149 1.048121 26 26 24
0.330658 -0.229990 1.047400 26 26 24
0.334542 -0.229854 1.046780 26 26 22
0.338238 -0.229593 1.045591 26 27 23
0.341885 -0.229305 1.044282 26 28 24
0.345343 -0.228900 1.042435 28 28 24
0.348964 -0.228610 1.041114 28 28 24
0.352400 -0.228207 1.039280 28 28 24
0.355846 -0.227820 1.037515 29 29 25
0.359367 -0.227489 1.036010 31 31 27
0.362823 -0.227125 1.034350 33 33 29
0.366301 -0.226782 1.032788 33 33 30
0.369703 -0.226400 1.031050 35 35 29
0.373068 -0.226004 1.029245 61 60 53
0.376338 -0.225560 1.027221 104 103 95
0.379721 -0.225191 1.025543 152 156 147
0.383067 -0.224809 1.023803 144 147 137
0.386406 -0.224431 1.022080 112 116 105
0.389910 -0.224155 1.020822 111 115 105
0.393224 -0.223777 1.019101 132 132 123
0.396096 -0.223157 1.016277 87 86 78
0.399064 -0.222603 1.013754 58 57 51
0.402027 -0.222057 1.011268 42 42 38
0.405103 -0.221583 1.009110 28 29 23
0.408130 -0.221093 1.006876 43 45 38
0.411389 -0.220736 1.005250 70 69 64
0.414888 -0.220513 1.004233 143 139 133
0.418982 -0.220607 1.004665 105 101 94
0.422180 -0.220233 1.002959 71 68 65
0.425267 -0.219808 1.001024 41 39 36
0.168577 -0.212027 0.983114 82 78 77
0.172827 -0.212542 0.985502 61 57 55
0.177164 -0.213137 0.988266 31 29 27
0.181536 -0.213749 0.991102 29 27 26
0.185781 -0.214188 0.993142 50 51 49
0.190174 -0.214778 0.995878 55 59 58
0.194726 -0.215519 0.999317 51 53 52
0.199468 -0.216437 1.003575 30 31 29
0.204621 -0.217757 1.009698 22 21 20
0.209372 -0.218608 1.013648 18 18 18
0.214486 -0.219799 1.019173 18 18 17
0.219432 -0.220778 1.023712 16 18 17
0.224292 -0.221637 1.027700 18 18 17
0.229152 -0.222466 1.031543 18 18 17
0.234034 -0.223286 1.035352 19 19 18
0.238700 -0.223877 1.038094 20 20 19
0.243560 -0.224627 1.041574 20 20 20
0.248072 -0.225037 1.043473 21 21 21
0.252946 -0.225757 1.046814 21 21 19
0.257420 -0.226102 1.048415 22 22 20
0.261948 -0.226483 1.050184 22 22 21
0.266364 -0.226758 1.051459 22 22 20
0.270837 -0.227071 1.052912 23 23 21
0.275043 -0.227155 1.053304 23 23 21
0.279096 -0.227113 1.053107 23 23 21
0.283053 -0.226993 1.052554 24 24 22
0.287550 -0.227305 1.054000 25 25 23
0.291684 -0.227325 1.054095 25 25 23
0.295844 -0.227364 1.054275 25 25 23
0.300029 -0.227421 1.054541 24 24 22
0.304076 -0.227374 1.054323 24 24 22
0.308225 -0.227403 1.054456 25 25 23
0.312216 -0.227316 1.054056 25 25 23
0.316027 -0.227102 1.053062 26 25 23
0.320013 -0.227018 1.052671 26 26 24
0.323760 -0.226768 1.051514 26 25 24
0.327655 -0.226628 1.050863 26 26 24
0.331495 -0.226452 1.050051 25 25 23
0.335341 -0.226286 1.049278 25 25 22
0.339006 -0.226003 1.047966 25 27 23
0.342713 -0.225754 1.046812 25 27 23
0.346163 -0.225343 1.044908 27 27 23
0.349803 -0.225065 1.043616 27 27 23
0.353123 -0.224590 1.041413 28 28 24
0.356500 -0.224160 1.039423 27 28 24
0.359886 -0.223747 1.037504 28 30 26
0.363265 -0.223338 1.035609 30 30 25
0.366583 -0.222901 1.033581 30 31 26
0.369954 -0.222505 1.031747 31 31 27
0.373185 -0.222035 1.029568 33 33 29
0.376516 -0.221634 1.027705 34 34 29
0.379763 -0.221192 1.025655 47 47 41
0.383218 -0.220879 1.024206 95 98 86
0.386487 -0.220467 1.022292 156 159 144
0.390007 -0.220204 1.021076 147 149 136
0.393307 -0.219824 1.019313 118 120 107
0.396234 -0.219246 1.016631 115 117 105
0.399222 -0.218712 1.014153 119 120 111
0.402142 -0.218152 1.011556 82 84 75
0.405031 -0.217586 1.008930 47 49 43
0.407884 -0.217011 1.006267 35 36 32
0.411075 -0.216626 1.004481 35 35 32
0.414298 -0.216265 1.002806 44 41 39
0.417890 -0.216101 1.002045 115 112 108
0.421161 -0.215776 1.000537 121 122 111
0.424551 -0.215517 0.999338 93 94 86
0.159407 -0.206224 0.973917 69 64 64
0.163546 -0.206656 0.975962 79 75 73
0.168153 -0.207647 0.980642 71 67 65
0.172440 -0.208207 0.983290 44 40 38
0.176794 -0.208822 0.986198 28 26 24
0.181262 -0.209543 0.989603 50 48 45
0.185613 -0.210102 0.992243 55 55 52
0.190142 -0.210835 0.995707 44 46 44
0.194693 -0.211562 0.999146 26 27 26
0.199502 -0.212535 1.003744 18 18 16
0.204888 -0.214074 1.011016 17 18 18
0.209871 -0.215142 1.016060 18 18 18
0.244561 -0.221446 1.045852 20 20 20
0.249108 -0.221865 1.047830 20 20 20
0.253909 -0.222492 1.050795 21 21 19
0.280049 -0.223741 1.056701 23 23 21
0.284012 -0.223618 1.056120 23 23 21
0.288585 -0.223972 1.057793 24 24 22
0.292588 -0.223880 1.057358 25 25 23
0.296750 -0.223911 1.057502 24 24 22
0.300726 -0.223802 1.056989 25 25 23
0.305011 -0.223923 1.057562 24 24 22
0.309057 -0.223868 1.057301 24 24 22
0.313089 -0.223804 1.057000 24 24 22
0.316922 -0.223602 1.056045 25 25 23
0.321074 -0.223626 1.056161 26 26 24
0.324870 -0.223406 1.055121 25 25 23
0.328575 -0.223129 1.053813 24 24 22
0.332382 -0.222927 1.052861 25 25 23
0.336215 -0.222747 1.052011 26 26 24
0.339852 -0.222444 1.050581 26 27 23
0.343521 -0.222169 1.049278 25 27 23
0.346968 -0.221758 1.047337 27 27 23
0.350589 -0.221466 1.045960 26 27 23
0.353881 -0.220976 1.043646 27 27 23
0.357120 -0.220464 1.041228 26 28 24
0.360429 -0.220007 1.039070 26 29 24
0.363730 -0.219555 1.036932 28 28 24
0.367004 -0.219097 1.034767 28 28 24
0.370284 -0.218652 1.032669 30 30 26
0.373521 -0.218192 1.030493 30 30 26
0.376786 -0.217757 1.028441 32 32 28
0.380026 -0.217318 1.026366 33 33 29
0.383323 -0.216920 1.024485 33 34 29
0.386520 -0.216474 1.022378 40 42 34
0.389839 -0.216105 1.020636 76 78 67
0.393078 -0.215699 1.018719 145 144 133
0.395953 -0.215104 1.015907 145 142 131
0.399047 -0.214639 1.013709 116 116 104
0.402055 -0.214137 1.011337 119 119 107
0.405055 -0.213640 1.008991 117 118 108
0.407864 -0.213053 1.006217 67 68 60
0.410997 -0.212645 1.004290 47 48 41
0.414102 -0.212230 1.002329 33 33 31
0.417378 -0.211910 1.000817 33 33 31
0.420541 -0.211539 0.999065 64 64 58
0.423450 -0.211048 0.996745 133 133 123
0.427328 -0.211044 0.996729 99 101 87
0.431448 -0.211159 0.997272 69 71 61
0.158847 -0.201692 0.970495 76 72 70
0.162940 -0.202076 0.972347 81 77 75
0.167537 -0.203053 0.977049 62 58 56
0.171856 -0.203658 0.979964 26 24 21
0.176324 -0.204408 0.983575 37 35 33
0.180880 -0.205227 0.987519 53 51 50
0.185368 -0.205937 0.990935 46 45 43
0.189946 -0.206715 0.994683 25 26 26
0.194558 -0.207498 0.998454 19 19 18
0.199423 -0.208514 1.003345 18 18 17
0.205058 -0.210282 1.011856 18 18 17
0.210258 -0.211545 1.017936 18 18 16
0.235881 -0.216859 1.043519 19 19 17
0.240640 -0.217483 1.046528 19 19 18
0.245592 -0.218258 1.050259 19 19 19
0.250187 -0.218696 1.052368 19 19 17
0.255023 -0.219328 1.055408 20 20 18
0.259582 -0.219703 1.057217 21 21 19
0.263938 -0.219899 1.058160 21 21 19
0.272747 -0.220352 1.060339 23 23 21
0.277069 -0.220502 1.061062 23 23 21
0.281433 -0.220680 1.061921 23 23 21
0.285507 -0.220630 1.061680 23 23 21
0.290036 -0.220927 1.063113 22 24 22
0.294055 -0.220833 1.062660 24 24 22
0.298138 -0.220789 1.062448 24 24 22
0.302141 -0.220688 1.061964 25 25 23
0.306277 -0.220686 1.061953 24 24 22
0.310417 -0.220685 1.061952 24 24 22
0.314320 -0.220520 1.061154 24 24 22
0.318246 -0.220374 1.060455 25 25 23
0.322371 -0.220368 1.060426 25 25 23
0.326213 -0.220171 1.059479 25 25 23
0.329738 -0.219769 1.057541 25 25 23
0.333435 -0.219489 1.056194 24 26 24
0.337225 -0.219276 1.055172 24 26 24
0.340795 -0.218927 1.053493 24 26 22
0.344411 -0.218616 1.051996 25 27 23
0.347867 -0.218212 1.050050 26 26 22
0.351427 -0.217882 1.048460 25 27 23
0.354681 -0.217371 1.046003 25 27 23
0.357858 -0.216826 1.043379 26 28 24
0.361085 -0.216323 1.040958 28 28 26
0.364368 -0.215865 1.038752 28 28 26
0.367573 -0.215370 1.036371 28 28 26
0.370839 -0.214922 1.034215 29 29 27
0.373960 -0.214400 1.031704 29 29 25
0.377132 -0.213919 1.029386 31 31 27
0.380241 -0.213412 1.026946 31 31 29
0.383540 -0.213021 1.025065 32 32 28
0.386606 -0.212510 1.022604 34 34 30
0.389874 -0.212119 1.020725 37 38 31
0.392959 -0.211638 1.018410 38 38 31
0.395761 -0.211016 1.015415 92 89 82
0.398716 -0.210487 1.012868 143 143 133
0.401809 -0.210040 1.010717 130 132 119
0.404781 -0.209539 1.008308 114 115 102
0.407785 -0.209064 1.006021 122 121 111
0.410806 -0.208607 1.003821 97 98 91
0.413894 -0.208193 1.001827 48 48 46
0.416870 -0.207730 0.999599 37 37 35
0.419912 -0.207308 0.997569 35 35 33
0.422771 -0.206805 0.995146 49 49 44
0.426060 -0.206519 0.993769 114 116 106
0.429842 -0.206475 0.993560 101 107 92
0.154475 -0.197132 0.966807 78 74 72
0.158279 -0.197177 0.967024 83 81 78
0.162261 -0.197435 0.968291 79 76 73
0.166621 -0.198131 0.971710 46 43 40
0.170993 -0.198810 0.975040 29 27 24
0.175699 -0.199839 0.980091 51 50 47
0.180391 -0.200809 0.984851 46 45 41
0.185105 -0.201762 0.989529 28 28 25
0.189873 -0.202734 0.994298 19 19 19
0.194590 -0.203614 0.998617 18 18 17
0.199591 -0.204750 1.004190 18 18 16
0.246511 -0.214939 1.054189 19 19 19
0.291188 -0.217616 1.067334 23 23 21
0.295220 -0.217521 1.066868 23 23 21
0.299490 -0.217602 1.067266 24 24 22
0.303454 -0.217462 1.066576 24 24 22
0.307386 -0.217302 1.065796 22 24 22
0.311478 -0.217259 1.065583 24 24 22
0.315544 -0.217198 1.065287 25 25 23
0.319332 -0.216951 1.064072 25 25 23
0.323384 -0.216887 1.063758 24 24 22
0.327112 -0.216610 1.062399 25 25 23
0.330775 -0.216297 1.060867 25 25 23
0.334400 -0.215968 1.059252 26 24 23
0.338009 -0.215636 1.057623 24 26 22
0.341540 -0.215263 1.055795 25 27 22
0.345164 -0.214957 1.054295 26 26 22
0.348618 -0.214554 1.052317 25 27 23
0.352127 -0.214194 1.050548 26 26 23
0.355372 -0.213683 1.048043 26 26 22
0.358495 -0.213111 1.045236 26 26 22
0.361678 -0.212587 1.042666 26 26 24
0.364801 -0.212041 1.039985 27 27 25
0.367968 -0.211531 1.037484 28 28 26
0.371172 -0.211053 1.035143 29 29 27
0.374221 -0.210499 1.032423 28 28 26
0.377275 -0.209959 1.029775 29 29 26
0.380285 -0.209406 1.027062 28 28 28
0.383513 -0.208984 1.024992 29 29 26
0.386600 -0.208495 1.022590 29 29 25
0.389738 -0.208042 1.020368 31 31 28
0.392797 -0.207557 1.017990 32 31 28
0.395492 -0.206891 1.014725 34 34 28
0.398495 -0.206398 1.012304 45 46 39
0.401489 -0.205910 1.009911 104 105 96
0.404513 -0.205447 1.007637 137 143 131
0.407679 -0.205064 1.005759 117 121 111
0.410787 -0.204660 1.003776 113 116 108
0.413850 -0.204240 1.001719 112 112 106
0.416889 -0.203817 0.999644 66 65 58
0.419560 -0.203224 0.996733 41 40 37
0.422507 -0.202774 0.994524 34 33 31
0.425518 -0.202362 0.992505 30 33 28
0.428630 -0.202006 0.990757 110 117 103
0.432146 -0.201844 0.989964 117 119 110
0.435647 -0.201679 0.989154 85 83 77
0.154024 -0.192775 0.963982 81 79 76
0.157832 -0.192836 0.964292 85 84 81
0.161800 -0.193086 0.965541 78 76 73
0.166111 -0.193724 0.968732 35 33 30
0.170487 -0.194407 0.972152 41 39 36
0.175266 -0.195511 0.977675 46 45 43
0.180037 -0.196558 0.982915 34 34 33
0.184910 -0.197672 0.988487 19 19 20
0.189804 -0.198761 0.993936 17 17 18
0.194769 -0.199879 0.999532 18 18 17
0.199914 -0.201135 1.005816 18 18 16
0.283734 -0.214083 1.070604 20 22 20
0.292384 -0.214304 1.071715 22 24 22
0.296483 -0.214248 1.071433 23 24 22
0.300687 -0.214268 1.071532 24 25 23
0.304703 -0.214154 1.070966 24 24 22
0.308617 -0.213974 1.070064 24 24 22
0.312642 -0.213874 1.069562 24 24 22
0.316725 -0.213816 1.069274 25 25 23
0.320627 -0.213639 1.068388 25 25 23
0.324569 -0.213492 1.067655 25 25 23
0.328234 -0.213169 1.066042 25 25 23
0.331880 -0.212843 1.064410 26 25 23
0.335488 -0.212500 1.062695 26 24 23
0.339037 -0.212129 1.060838 24 26 22
0.342514 -0.211722 1.058804 26 26 22
0.346076 -0.211377 1.057079 26 26 22
0.349545 -0.210985 1.055114 24 26 22
0.352951 -0.210563 1.053006 26 26 24
0.356211 -0.210065 1.050516 25 25 23
0.359242 -0.209445 1.047413 26 26 24
0.362355 -0.208886 1.044618 25 25 23
0.365474 -0.208343 1.041901 27 27 25
0.368521 -0.207772 1.039042 28 28 26
0.371761 -0.207320 1.036785 28 28 25
0.374748 -0.206739 1.033875 28 28 26
0.377794 -0.206202 1.031191 28 28 26
0.380713 -0.205608 1.028219 28 28 26
0.383908 -0.205174 1.026046 28 28 26
0.386873 -0.204627 1.023311 29 29 27
0.390023 -0.204188 1.021115 28 28 26
0.392901 -0.203617 1.018259 29 29 26
0.395600 -0.202965 1.014999 32 32 28
0.398352 -0.202354 1.011942 32 32 28
0.401247 -0.201826 1.009301 34 37 32
0.404080 -0.201278 1.006558 63 66 59
0.407275 -0.200919 1.004763 126 125 119
0.410284 -0.200476 1.002546 130 130 121
0.413383 -0.200084 1.000586 113 114 104
0.416331 -0.199628 0.998304 126 127 116
0.419028 -0.199060 0.995467 80 79 71
0.421768 -0.198524 0.992785 44 45 39
0.424753 -0.198112 0.990721 19 26 20
0.427589 -0.197637 0.988349 36 38 34
0.430714 -0.197304 0.986684 89 90 83
0.433857 -0.196985 0.985088 118 120 112
0.149663 -0.188234 0.960111 86 86 82
0.153470 -0.188313 0.960515 89 87 84
0.157313 -0.188431 0.961119 88 86 83
0.161123 -0.188506 0.961502 74 72 69
0.165182 -0.188861 0.963314 31 29 27
0.169822 -0.189851 0.968365 49 45 43
0.174702 -0.191059 0.974530 43 41 40
0.179583 -0.192216 0.980437 20 20 18
0.184514 -0.193378 0.986366 18 18 18
0.189558 -0.194608 0.992645 18 18 18
0.321682 -0.210135 1.071901 26 26 24
0.332664 -0.209159 1.066922 25 25 23
0.336265 -0.208813 1.065157 25 25 23
0.346950 -0.207753 1.059748 27 27 23
0.350330 -0.207309 1.057483 26 26 22
0.353749 -0.206898 1.055384 25 27 24
0.356873 -0.206326 1.052467 24 26 23
0.359756 -0.205629 1.048912 25 26 24
0.362868 -0.205077 1.046095 27 27 25
0.365817 -0.204447 1.042881 27 27 24
0.369018 -0.203970 1.040444 27 27 25
0.372225 -0.203506 1.038076 29 29 27
0.375315 -0.202989 1.035438 27 27 25
0.378412 -0.202486 1.032875 27 27 25
0.381363 -0.201918 1.029974 28 28 26
0.384395 -0.201403 1.027347 28 28 26
0.387422 -0.200896 1.024761 27 27 24
0.390354 -0.200351 1.021981 27 27 24
0.393233 -0.199790 1.019117 27 27 25
0.395682 -0.199024 1.015211 29 29 27
0.398494 -0.198454 1.012302 29 29 26
0.401234 -0.197859 1.009267 31 31 28
0.403937 -0.197259 1.006203 32 30 27
0.406853 -0.196772 1.003721 39 40 35
0.409881 -0.196349 1.001559 100 101 93
0.412873 -0.195916 0.999351 138 137 128
0.415722 -0.195425 0.996844 117 116 105
0.418465 -0.194893 0.994129 114 113 104
0.421286 -0.194406 0.991648 90 92 85
0.424060 -0.193908 0.989103 45 48 43
0.427055 -0.193518 0.987115 29 29 28
0.429717 -0.192986 0.984399 42 40 37
0.432637 -0.192577 0.982316 84 82 80
0.435669 -0.192226 0.980523 120 122 115
0.439010 -0.192016 0.979451 84 80 78
0.149013 -0.183666 0.955940 90 89 85
0.152626 -0.183531 0.955235 91 91 87
0.156588 -0.183810 0.956692 97 96 90
0.160379 -0.183881 0.957061 83 81 78
0.164150 -0.183926 0.957296 32 30 27
0.169062 -0.185219 0.964027 42 40 39
0.174265 -0.186766 0.972088 35 32 32
0.179383 -0.188159 0.979342 19 19 18
0.184476 -0.189469 0.986163 18 18 18
0.189611 -0.190767 0.992922 18 18 18
0.306725 -0.207115 1.078070 25 25 23
0.314689 -0.206825 1.076564 24 24 22
0.322780 -0.206632 1.075560 25 24 22
0.330307 -0.206097 1.072774 26 26 24
0.337469 -0.205366 1.068969 25 25 23
0.348051 -0.204241 1.063111 26 26 24
0.351453 -0.203811 1.060871 26 26 24
0.354804 -0.203361 1.058532 26 27 24
0.357917 -0.202788 1.055544 27 27 25
0.360911 -0.202160 1.052279 27 27 25
0.363950 -0.201572 1.049216 27 27 24
0.366892 -0.200943 1.045941 27 27 23
0.369960 -0.200397 1.043098 28 28 25
0.373105 -0.199904 1.040532 28 28 24
0.376100 -0.199342 1.037603 28 28 24
0.379122 -0.198806 1.034813 28 28 25
0.381933 -0.198172 1.031512 27 27 24
0.384950 -0.197657 1.028829 27 27 23
0.387866 -0.197101 1.025936 27 27 23
0.390834 -0.196583 1.023237 27 27 23
0.393543 -0.195946 1.019921 28 28 24
0.395993 -0.195194 1.016006 28 28 24
0.398589 -0.194529 1.012542 28 28 24
0.401343 -0.193952 1.009541 28 28 24
0.403863 -0.193276 1.006017 31 31 27
0.406742 -0.192782 1.003446 29 29 25
0.409573 -0.192275 1.000805 37 38 33
0.412509 -0.191826 0.998471 77 78 70
0.415335 -0.191335 0.995914 141 139 125
0.417993 -0.190777 0.993007 120 119 110
0.420710 -0.190255 0.990292 115 114 106
0.423461 -0.189759 0.987706 100 100 92
0.426260 -0.189292 0.985278 48 46 43
0.428984 -0.188801 0.982719 32 28 28
0.431698 -0.188314 0.980184 37 34 33
0.434395 -0.187829 0.977657 83 82 78
0.437547 -0.187546 0.976187 121 118 114
0.148243 -0.178986 0.951000 90 90 85
0.151731 -0.178728 0.949629 94 94 89
0.155714 -0.179053 0.951354 95 94 88
0.159621 -0.179275 0.952534 85 83 80
0.163427 -0.179377 0.953078 36 33 31
0.168167 -0.180477 0.958926 43 41 40
0.173927 -0.182598 0.970202 25 24 23
0.179380 -0.184314 0.979327 19 18 19
0.348898 -0.200556 1.065696 26 26 24
0.352190 -0.200066 1.063093 27 27 24
0.355678 -0.199699 1.061139 27 27 25
0.358778 -0.199124 1.058082 27 27 24
0.379826 -0.195107 1.036733 28 28 24
0.382614 -0.194471 1.033350 27 27 23
0.385439 -0.193866 1.030134 27 27 23
0.388384 -0.193333 1.027304 27 27 23
0.391220 -0.192758 1.024246 27 27 23
0.394078 -0.192205 1.021307 27 27 23
0.396444 -0.191426 1.017164 26 26 23
0.399049 -0.190775 1.013709 27 27 25
0.401584 -0.190105 1.010146 26 26 23
0.404158 -0.189467 1.006751 29 29 25
0.406834 -0.188887 1.003672 29 29 26
0.409471 -0.188301 1.000556 29 29 26
0.412187 -0.187762 0.997690 29 29 25
0.414848 -0.187208 0.994746 51 52 47
0.417444 -0.186635 0.991703 125 129 120
0.420154 -0.186124 0.988984 119 121 112
0.422796 -0.185591 0.986153 111 110 102
0.425600 -0.185139 0.983750 105 104 98
0.428171 -0.184595 0.980856 45 44 40
0.431107 -0.184216 0.978843 35 30 30
0.433862 -0.183767 0.976457 35 31 29
0.436758 -0.183385 0.974426 93 93 87
0.440202 -0.183238 0.973643 106 108 100
0.443718 -0.183122 0.973030 71 70 66
0.147671 -0.174579 0.947330 90 90 83
0.151202 -0.174394 0.946323 95 94 88
0.155064 -0.174588 0.947382 98 97 91
0.158927 -0.174775 0.948396 72 68 64
0.162885 -0.175056 0.949921 39 36 34
0.167500 -0.176013 0.955119 41 39 38
0.353109 -0.196406 1.065866 27 26 23
0.359721 -0.195484 1.060862 27 27 23
0.366227 -0.194547 1.055777 28 28 24
0.374786 -0.192602 1.045216 28 28 24
0.377558 -0.191940 1.041623 28 28 24
0.380607 -0.191432 1.038865 28 28 24
0.383451 -0.190832 1.035608 27 27 23
0.386241 -0.190219 1.032277 27 27 23
0.389025 -0.189615 1.028998 26 26 22
0.391910 -0.189072 1.026050 26 26 22
0.394642 -0.188467 1.022767 26 26 22
0.397155 -0.187770 1.018987 26 26 22
0.399547 -0.187031 1.014974 26 26 22
0.402093 -0.186378 1.011428 26 26 25
0.404501 -0.185674 1.007605 27 27 25
0.407111 -0.185075 1.004355 27 27 25
0.409658 -0.184459 1.001012 27 27 25
0.412311 -0.183903 0.997990 27 29 27
0.414842 -0.183302 0.994731 30 32 30
0.417291 -0.182677 0.991338 43 48 40
0.419911 -0.182138 0.988410 121 126 116
0.422471 -0.181583 0.985395 122 124 115
0.425120 -0.181075 0.982639 109 109 98
0.427744 -0.180566 0.979878 105 105 98
0.430427 -0.180091 0.977298 44 41 39
0.433274 -0.179692 0.975132 35 28 29
0.436063 -0.179276 0.972875 38 36 33
0.438898 -0.178886 0.970758 114 119 108
0.442440 -0.178788 0.970227 92 97 88
0.147148 -0.170258 0.943980 91 90 84
0.150646 -0.170053 0.942843 97 96 90
0.154321 -0.170053 0.942840 104 103 95
0.158103 -0.170167 0.943476 77 76 70
0.161962 -0.170358 0.944537 42 40 37
0.166658 -0.171400 0.950318 38 36 37
0.387100 -0.186583 1.034574 27 27 23
0.389873 -0.185982 1.031241 27 27 24
0.392559 -0.185352 1.027751 26 26 22
0.395336 -0.184778 1.024565 26 26 22
0.397756 -0.184050 1.020528 27 27 24
0.400258 -0.183374 1.016778 25 25 22
0.402747 -0.182706 1.013071 25 25 23
0.405231 -0.182048 1.009421 25 25 25
0.407678 -0.181386 1.005752 26 26 24
0.410082 -0.180719 1.002048 26 26 24
0.412566 -0.180098 0.998607 28 28 24
0.415018 -0.179476 0.995153 29 29 25
0.417277 -0.178782 0.991303 26 28 24
0.419892 -0.178252 0.988364 46 49 42
0.422354 -0.177667 0.985123 129 132 123
0.424909 -0.177132 0.982151 116 117 107
0.427424 -0.176589 0.979143 106 110 102
0.430042 -0.176099 0.976422 89 92 85
0.432548 -0.175572 0.973498 44 37 36
0.435539 -0.175248 0.971705 30 27 22
0.438009 -0.174723 0.968790 41 40 35
0.441060 -0.174436 0.967201 106 111 103
0.444629 -0.174357 0.966764 86 86 81
0.146664 -0.166006 0.940869 90 89 83
0.150095 -0.165745 0.939390 95 94 88
0.153647 -0.165627 0.938720 107 106 98
0.157319 -0.165641 0.938799 86 87 79
0.161251 -0.165921 0.940388 45 44 40
0.165837 -0.166846 0.945634 38 36 35
0.382610 -0.184244 1.044330 30 28 25
0.385466 -0.183665 1.041050 28 27 24
0.388105 -0.182997 1.037258 27 27 23
0.390705 -0.182323 1.033440 27 27 23
0.393396 -0.181706 1.029939 26 26 22
0.396046 -0.181082 1.026404 26 26 22
0.398543 -0.180402 1.022545 27 27 23
0.400957 -0.179698 1.018554 26 26 24
0.403501 -0.179065 1.014967 25 25 22
0.405850 -0.178359 1.010963 24 24 21
0.408222 -0.177677 1.007094 24 24 21
0.410492 -0.176963 1.003047 25 25 23
0.412935 -0.176337 0.999498 26 26 22
0.415193 -0.175645 0.995571 26 26 22
0.417368 -0.174931 0.991520 24 26 24
0.419653 -0.174275 0.987800 27 29 25
0.421937 -0.173630 0.984148 41 43 36
0.424340 -0.173046 0.980836 134 131 123
0.426829 -0.172507 0.977779 115 116 109
0.429355 -0.171993 0.974862 105 106 98
0.431832 -0.171468 0.971886 78 77 70
0.434589 -0.171062 0.969585 34 33 28
0.437113 -0.170573 0.966809 32 31 28
0.439893 -0.170190 0.964642 43 44 39
0.442940 -0.169917 0.963090 101 105 97
0.445643 -0.169517 0.960825 79 79 74
0.146125 -0.161719 0.937415 91 90 84
0.149481 -0.161397 0.935549 95 94 88
0.152967 -0.161227 0.934564 110 109 101
0.156524 -0.161140 0.934057 98 99 90
0.160231 -0.161206 0.934441 58 59 52
0.164526 -0.161848 0.938163 38 36 35
0.399346 -0.176745 1.024605 27 26 24
0.413349 -0.172589 1.000499 25 25 21
0.415470 -0.171853 0.996236 25 25 21
0.417416 -0.171060 0.991632 23 25 23
0.419553 -0.170358 0.987564 24 26 24
0.421465 -0.169579 0.983046 29 31 29
0.423718 -0.168950 0.979398 54 56 49
0.426067 -0.168370 0.976034 129 130 123
0.428687 -0.167906 0.973344 108 109 101
0.431197 -0.167408 0.970455 108 109 99
0.433841 -0.166970 0.967914 58 57 51
0.435842 -0.166294 0.963996 32 32 29
0.438616 -0.165922 0.961839 29 29 26
0.441775 -0.165701 0.960556 96 97 89
0.445475 -0.165685 0.960462 93 94 85
0.145647 -0.157524 0.934347 92 91 85
0.148937 -0.157153 0.932146 94 93 87
0.152461 -0.157040 0.931473 109 108 100
0.155887 -0.156834 0.930254 112 113 103
0.159428 -0.156750 0.929754 75 76 67
0.163435 -0.157118 0.931940 37 37 35
0.381695 -0.177516 1.053035 29 27 24
0.413889 -0.168883 1.001805 24 24 22
0.415795 -0.168076 0.997013 23 23 21
0.417786 -0.167317 0.992512 22 24 22
0.419817 -0.166588 0.988186 22 24 22
0.421663 -0.165800 0.983508 25 27 25
0.423499 -0.165022 0.978892 26 28 26
0.425567 -0.164347 0.974887 65 68 62
0.428096 -0.163861 0.972001 116 120 107
0.430426 -0.163308 0.968720 101 101 92
0.432919 -0.162826 0.965857 103 105 96
0.434870 -0.162150 0.961845 40 42 39
0.437362 -0.161685 0.959090 26 28 27
0.440432 -0.161441 0.957637 33 33 30
0.443361 -0.161149 0.955904 99 100 92
0.145412 -0.153610 0.932837 92 91 85
0.148597 -0.153146 0.930017 97 96 88
0.152035 -0.152957 0.928872 103 104 95
0.155472 -0.152777 0.927777 123 125 112
0.158754 -0.152456 0.925825 91 92 82
0.162647 -0.152722 0.927447 45 45 41
0.417955 -0.163489 0.992912 22 23 21
0.419904 -0.162745 0.988390 24 24 22
0.421568 -0.161905 0.983286 25 25 23
0.423295 -0.161104 0.978419 26 26 23
0.425026 -0.160318 0.973647 22 27 22
0.427449 -0.159806 0.970533 96 100 91
0.429677 -0.159230 0.967032 110 112 103
0.431835 -0.158638 0.963438 98 100 91
0.433805 -0.157988 0.959489 77 79 75
0.436454 -0.157595 0.957098 30 32 31
0.439074 -0.157197 0.954684 23 25 23
0.441770 -0.156834 0.952473 77 77 70
0.444577 -0.156515 0.950536 90 90 86
0.447469 -0.156231 0.948812 65 56 55
0.148377 -0.149275 0.928638 99 98 90
0.151718 -0.149002 0.926937 103 104 95
0.155029 -0.148712 0.925131 120 120 109
0.158134 -0.148242 0.922207 114 114 105
0.161826 -0.148331 0.922762 75 74 68
0.364720 -0.172878 1.075599 27 27 23
0.371228 -0.172008 1.070188 28 28 24
0.383377 -0.169997 1.057672 28 28 24
0.420227 -0.158989 0.989148 23 23 21
0.421821 -0.158141 0.983875 23 24 21
0.423360 -0.157289 0.978567 25 25 23
0.424754 -0.156398 0.973023 25 25 22
0.426825 -0.155770 0.969114 36 37 33
0.428925 -0.155164 0.965340 107 110 103
0.430990 -0.154555 0.961552 99 101 96
0.433038 -0.153951 0.957794 97 100 94
0.435501 -0.153504 0.955007 45 47 45
0.438244 -0.153161 0.952877 24 26 25
0.440501 -0.152657 0.949736 39 39 32
0.443087 -0.152273 0.947350 90 90 86
0.446262 -0.152097 0.946254 77 73 70
0.148374 -0.145629 0.928617 101 102 93
0.151586 -0.145238 0.926125 107 106 98
0.154794 -0.144862 0.923726 114 115 104
0.157834 -0.144350 0.920459 140 140 128
0.161374 -0.144307 0.920188 98 96 88
0.165249 -0.144559 0.921795 50 51 46
0.169415 -0.145049 0.924923 21 21 22
0.351846 -0.170546 1.087644 30 30 27
0.358765 -0.169807 1.082934 29 29 25
0.422208 -0.154423 0.984777 23 23 21
0.423623 -0.153545 0.979176 22 23 20
0.424547 -0.152506 0.972549 24 24 22
0.426245 -0.151762 0.967798 26 26 24
0.428076 -0.151077 0.963429 54 57 51
0.429880 -0.150394 0.959075 100 103 96
0.431831 -0.149775 0.955123 95 97 89
0.434171 -0.149300 0.952091 75 78 71
0.436680 -0.148890 0.949476 26 28 24
0.439138 -0.148470 0.946797 28 26 24
0.441358 -0.147977 0.943653 89 91 84
0.444642 -0.147846 0.942817 80 81 74
0.148150 -0.141771 0.927217 101 101 91
0.151440 -0.141469 0.925238 108 107 99
0.154565 -0.141029 0.922362 112 111 102
0.157516 -0.140455 0.918605 132 133 120
0.160921 -0.140302 0.917603 124 125 115
0.164614 -0.140401 0.918253 79 81 74
0.168311 -0.140499 0.918897 32 32 31
0.349005 -0.166946 1.092017 32 32 28
0.352564 -0.166617 1.089861 30 30 28
0.356057 -0.166265 1.087556 30 30 27
0.359418 -0.165859 1.084905 30 30 25
0.422538 -0.150676 0.985546 22 22 20
0.423795 -0.149763 0.979571 22 22 20
0.424621 -0.148716 0.972717 24 24 22
0.425900 -0.147845 0.967013 25 25 23
0.427464 -0.147086 0.962050 33 33 31
0.428959 -0.146317 0.957019 88 91 82
0.430767 -0.145668 0.952768 92 95 86
0.432988 -0.145168 0.949496 96 99 92
0.435371 -0.144730 0.946629 33 35 31
0.437625 -0.144257 0.943534 27 25 22
0.439921 -0.143805 0.940581 58 62 55
0.442848 -0.143566 0.939013 84 85 78
0.151367 -0.137771 0.924786 108 107 99
0.154376 -0.137242 0.921235 114 113 104
0.157275 -0.136642 0.917201 120 120 108
0.160560 -0.136395 0.915546 151 152 142
0.164106 -0.136376 0.915415 114 113 106
0.167877 -0.136541 0.916525 68 67 62
0.264526 -0.163066 1.094721 32 31 27
0.269107 -0.163257 1.096002 32 32 28
0.273850 -0.163538 1.097887 33 33 29
0.278448 -0.163725 1.099145 35 35 31
0.283057 -0.163912 1.100407 36 35 32
0.287645 -0.164083 1.101551 36 36 32
0.292146 -0.164199 1.102330 37 36 32
0.296509 -0.164235 1.102579 38 36 33
0.300769 -0.164214 1.102438 39 37 34
0.305045 -0.164203 1.102363 39 37 34
0.309433 -0.164251 1.102687 40 38 34
0.313637 -0.164202 1.102355 40 40 34
0.317851 -0.164159 1.102068 40 41 34
0.322117 -0.164144 1.101966 40 39 34
0.326432 -0.164153 1.102031 39 38 34
0.330451 -0.164016 1.101111 39 38 35
0.334492 -0.163893 1.100286 39 38 34
0.338374 -0.163696 1.098964 37 37 33
0.342154 -0.163455 1.097347 37 37 33
0.345867 -0.163190 1.095562 35 35 31
0.349462 -0.162875 1.093449 34 34 30
0.353013 -0.162547 1.091249 33 33 29
0.356482 -0.162190 1.088852 31 31 27
0.359827 -0.161786 1.086137 31 31 26
0.421833 -0.147908 0.992926 22 22 20
0.424870 -0.144985 0.973287 22 22 20
0.425978 -0.144077 0.967190 22 22 20
0.426638 -0.143035 0.960191 26 26 24
0.427857 -0.142197 0.954561 60 63 57
0.429475 -0.141504 0.949909 93 96 87
0.431719 -0.141028 0.946713 86 89 82
0.434186 -0.140632 0.944053 54 56 51
0.436621 -0.140232 0.941368 25 26 22
0.438686 -0.139722 0.937940 27 32 26
0.441474 -0.139448 0.936100 85 87 80
0.151307 -0.134090 0.924422 107 106 98
0.154231 -0.133502 0.920367 112 111 102
0.157043 -0.132846 0.915844 115 115 103
0.160210 -0.132513 0.913547 126 125 116
0.163440 -0.132246 0.911701 157 154 146
0.166882 -0.132158 0.911093 109 104 97
0.264869 -0.158977 1.096139 32 33 29
0.269406 -0.159133 1.097218 35 35 31
0.274113 -0.159382 1.098939 36 36 32
0.278655 -0.159530 1.099959 38 38 34
0.283344 -0.159756 1.101521 40 38 35
0.287866 -0.159883 1.102396 41 39 36
0.292313 -0.159965 1.102960 41 39 36
0.296693 -0.160008 1.103261 43 41 38
0.300985 -0.160003 1.103228 44 42 39
0.305270 -0.159995 1.103173 44 42 39
0.309694 -0.160060 1.103617 46 45 39
0.313974 -0.160048 1.103540 45 44 38
0.318284 -0.160052 1.103567 45 44 38
0.322580 -0.160049 1.103549 46 44 41
0.326913 -0.160065 1.103657 47 47 43
0.330940 -0.159932 1.102740 46 47 42
0.334972 -0.159805 1.101863 44 44 39
0.338866 -0.159616 1.100561 42 42 38
0.342713 -0.159410 1.099139 42 42 38
0.346430 -0.159149 1.097344 39 39 35
0.350145 -0.158894 1.095582 37 37 33
0.353774 -0.158606 1.093599 37 37 33
0.357152 -0.158215 1.090899 35 35 31
0.360500 -0.157819 1.088170 34 34 30
0.363941 -0.157473 1.085781 32 32 28
0.367379 -0.157133 1.083439 32 32 28
0.426079 -0.140315 0.967418 21 21 19
0.426418 -0.139196 0.959695 22 22 20
0.427025 -0.138182 0.952705 44 44 42
0.428475 -0.137457 0.947698 85 87 80
0.430350 -0.136878 0.943709 86 89 82
0.432804 -0.136493 0.941047 62 64 60
0.435120 -0.136070 0.938131 26 28 24
0.437286 -0.135608 0.934946 27 32 26
0.439924 -0.135299 0.932811 85 88 81
0.154000 -0.129697 0.918990 114 113 103
0.156754 -0.129016 0.914161 119 119 107
0.159856 -0.128644 0.911527 124 123 113
0.162818 -0.128179 0.908229 142 138 129
0.166082 -0.127966 0.906721 152 148 140
0.169555 -0.127921 0.906398 97 96 87
0.173159 -0.127973 0.906768 45 45 41
0.265200 -0.154869 1.097511 41 42 35
0.269795 -0.155051 1.098799 45 46 39
0.274372 -0.155217 1.099980 48 49 42
0.278949 -0.155378 1.101121 49 50 43
0.283685 -0.155621 1.102847 50 51 45
0.288210 -0.155743 1.103712 53 53 47
0.292588 -0.155783 1.103996 53 52 47
0.296966 -0.155823 1.104277 52 51 46
0.301277 -0.155826 1.104299 53 52 47
0.305592 -0.155831 1.104338 56 55 49
0.310015 -0.155890 1.104757 53 52 46
0.314410 -0.155935 1.105072 55 54 48
0.318730 -0.155940 1.105115 53 53 47
0.323031 -0.155937 1.105092 51 50 44
0.327371 -0.155952 1.105199 51 52 45
0.331467 -0.155853 1.104495 50 52 45
0.335516 -0.155734 1.103652 45 48 41
0.339445 -0.155563 1.102439 47 48 41
0.343339 -0.155380 1.101147 46 47 40
0.347121 -0.155152 1.099530 45 46 39
0.350907 -0.154932 1.097967 43 43 39
0.354506 -0.154635 1.095863 40 40 36
0.358012 -0.154305 1.093523 40 40 36
0.361366 -0.153918 1.090781 39 37 34
0.364664 -0.153517 1.087937 36 34 31
0.367925 -0.153109 1.085047 36 36 32
0.426182 -0.135355 0.959164 21 21 19
0.426431 -0.134257 0.951377 25 25 23
0.427296 -0.133370 0.945089 79 78 75
0.428882 -0.132722 0.940489 86 87 80
0.430837 -0.132197 0.936770 77 79 77
0.433164 -0.131794 0.933914 27 29 27
0.435042 -0.131263 0.930148 23 28 24
0.437657 -0.130961 0.928003 81 85 77
0.441122 -0.130916 0.927685 69 69 62
0.153967 -0.126064 0.918789 105 106 96
0.156610 -0.125314 0.913321 115 116 106
0.159637 -0.124897 0.910278 121 120 110
0.162509 -0.124379 0.906507 126 124 113
0.165687 -0.124113 0.904565 151 147 138
0.168903 -0.123886 0.902910 136 135 127
0.172517 -0.123954 0.903407 93 93 85
0.265700 -0.150847 1.099578 56 56 50
0.270276 -0.151008 1.100756 56 57 50
0.274838 -0.151157 1.101846 63 64 57
0.279341 -0.151270 1.102666 64 64 56
0.284069 -0.151499 1.104337 66 67 58
0.288504 -0.151567 1.104837 75 75 66
0.292808 -0.151566 1.104828 76 77 68
0.297202 -0.151610 1.105152 75 76 67
0.301470 -0.151590 1.105005 75 76 68
0.305854 -0.151628 1.105283 77 77 70
0.310271 -0.151681 1.105671 74 76 68
0.314596 -0.151688 1.105724 73 75 67
0.318959 -0.151713 1.105906 74 75 67
0.323245 -0.151701 1.105822 68 69 62
0.327577 -0.151711 1.105896 63 65 58
0.331744 -0.151646 1.105418 60 63 56
0.335802 -0.151532 1.104593 57 60 53
0.339830 -0.151409 1.103690 50 51 44
0.343763 -0.151246 1.102506 50 51 44
0.347646 -0.151066 1.101192 50 51 44
0.351409 -0.150839 1.099538 47 47 41
0.355034 -0.150559 1.097493 46 46 42
0.358576 -0.150250 1.095246 44 44 40
0.362082 -0.149934 1.092942 43 41 38
0.365298 -0.149507 1.089828 41 39 36
0.368572 -0.149113 1.086953 39 37 34
0.371924 -0.148760 1.084375 37 37 33
0.425704 -0.130302 0.949754 23 23 21
0.426433 -0.129401 0.943180 70 69 67
0.427490 -0.128613 0.937437 86 87 80
0.429120 -0.128010 0.933035 85 87 83
0.431213 -0.127554 0.929709 26 30 27
0.433299 -0.127103 0.926420 27 31 28
0.435806 -0.126782 0.924079 89 92 85
0.439544 -0.126821 0.924365 76 75 69
0.156688 -0.121791 0.913773 112 113 103
0.159451 -0.121184 0.909216 120 119 110
0.162125 -0.120538 0.904368 124 122 111
0.165287 -0.120274 0.902384 129 126 116
0.168267 -0.119891 0.899508 155 150 141
0.171727 -0.119858 0.899266 138 134 126
0.175156 -0.119806 0.898876 99 96 87
0.265716 -0.146541 1.099642 61 60 54
0.274804 -0.146816 1.101708 68 69 62
0.279309 -0.146926 1.102538 68 70 61
0.283915 -0.147086 1.103740 74 75 66
0.288350 -0.147154 1.104248 75 76 67
0.292698 -0.147175 1.104412 76 77 68
0.297111 -0.147229 1.104815 81 82 73
0.301428 -0.147234 1.104853 81 82 73
0.305779 -0.147255 1.105010 83 84 74
0.310195 -0.147307 1.105401 82 82 72
0.314524 -0.147316 1.105470 85 85 76
0.318807 -0.147304 1.105379 83 84 75
0.323124 -0.147307 1.105407 88 89 79
0.327561 -0.147365 1.105840 85 88 78
0.331778 -0.147323 1.105528 84 87 77
0.335895 -0.147239 1.104896 80 83 73
0.339965 -0.147136 1.104127 72 73 66
0.343961 -0.147005 1.103140 63 64 57
0.347860 -0.146836 1.101870 59 60 53
0.351738 -0.146662 1.100564 54 55 48
0.355375 -0.146393 1.098546 52 52 47
0.358858 -0.146068 1.096105 49 49 45
0.362337 -0.145749 1.093712 48 46 43
0.365681 -0.145383 1.090970 46 44 41
0.368851 -0.144958 1.087776 43 42 39
0.372091 -0.144570 1.084862 41 41 37
0.375337 -0.144192 1.082027 39 37 34
0.378513 -0.143797 1.079057 38 36 33
0.424970 -0.125269 0.939943 56 56 54
0.425844 -0.124454 0.933825 88 89 82
0.426967 -0.123726 0.928353 82 84 80
0.429235 -0.123338 0.925442 29 31 29
0.431502 -0.122956 0.922577 16 28 23
0.434277 -0.122724 0.920837 85 93 84
0.438001 -0.122762 0.921119 78 77 71
0.441753 -0.122807 0.921457 44 41 36
0.156931 -0.118388 0.915190 94 91 79
0.159414 -0.117590 0.909010 116 116 104
0.161945 -0.116859 0.903361 123 121 110
0.164915 -0.116470 0.900352 127 125 114
0.167812 -0.116047 0.897075 130 128 117
0.171164 -0.115949 0.896321 147 147 135
0.174718 -0.115989 0.896629 133 132 122
0.270325 -0.142396 1.100955 73 75 68
0.274943 -0.142565 1.102263 76 78 71
0.279489 -0.142692 1.103251 80 82 75
0.284035 -0.142816 1.104205 81 84 75
0.288463 -0.142877 1.104679 82 85 76
0.292805 -0.142894 1.104814 89 90 81
0.297215 -0.142944 1.105198 90 91 82
0.301503 -0.142934 1.105125 93 93 85
0.305872 -0.142963 1.105346 90 89 81
0.310245 -0.142992 1.105578 96 95 86
0.314544 -0.142987 1.105538 99 96 88
0.318808 -0.142967 1.105384 104 101 93
0.323144 -0.142979 1.105475 94 93 84
0.327634 -0.143058 1.106085 96 97 87
0.331895 -0.143036 1.105918 95 96 86
0.335995 -0.142946 1.105224 98 99 89
0.340116 -0.142868 1.104618 95 97 88
0.344206 -0.142778 1.103926 87 90 81
0.348101 -0.142611 1.102631 80 83 74
0.352004 -0.142451 1.101397 72 75 68
0.355649 -0.142192 1.099394 62 64 57
0.359206 -0.141904 1.097170 57 58 51
0.362716 -0.141605 1.094855 57 56 52
0.366045 -0.141243 1.092054 50 48 45
0.369311 -0.140865 1.089133 49 47 44
0.372613 -0.140510 1.086383 45 46 39
0.375902 -0.140157 1.083656 42 42 36
0.379076 -0.139770 1.080662 40 40 35
0.381971 -0.139290 1.076948 37 38 31
0.423668 -0.121209 0.937064 49 49 45
0.424139 -0.120307 0.930087 86 87 80
0.425235 -0.119597 0.924589 86 88 84
0.427331 -0.119176 0.921338 29 32 27
0.429789 -0.118863 0.918913 39 49 42
0.432527 -0.118632 0.917124 72 80 71
0.436526 -0.118747 0.918018 80 81 74
0.440405 -0.118828 0.918645 44 42 36
0.159686 -0.114217 0.910555 102 101 90
0.161859 -0.113255 0.902878 123 121 110
0.164655 -0.112760 0.898933 127 125 114
0.167340 -0.112211 0.894554 127 125 114
0.170618 -0.112074 0.893458 133 133 121
0.174134 -0.112096 0.893633 146 146 134
0.177622 -0.112098 0.893653 140 139 130
0.284032 -0.138481 1.104191 62 63 56
0.292922 -0.138615 1.105257 81 82 75
0.297268 -0.138632 1.105395 81 82 75
0.301490 -0.138592 1.105079 97 98 89
0.305825 -0.138604 1.105177 101 102 93
0.310232 -0.138649 1.105531 112 111 102
0.314475 -0.138619 1.105297 109 107 99
0.318766 -0.138612 1.105237 111 108 100
0.323119 -0.138631 1.105391 108 107 98
0.327692 -0.138742 1.106280 107 107 95
0.331872 -0.138687 1.105840 115 115 103
0.336058 -0.138636 1.105432 111 111 99
0.340202 -0.138568 1.104896 107 108 96
0.344331 -0.138497 1.104324 105 106 93
0.348254 -0.138345 1.103116 102 104 93
0.352168 -0.138194 1.101908 98 100 91
0.355924 -0.137985 1.100242 90 92 83
0.359545 -0.137729 1.098202 79 81 74
0.363042 -0.137433 1.095838 66 66 59
0.366506 -0.137131 1.093429 59 59 52
0.369773 -0.136763 1.090494 52 52 45
0.373108 -0.136428 1.087824 49 50 43
0.376220 -0.136020 1.084573 47 48 41
0.379437 -0.135659 1.081691 45 45 39
0.382376 -0.135208 1.078089 42 41 35
0.385591 -0.134863 1.075336 39 38 32
0.388301 -0.134350 1.071249 36 36 31
0.391196 -0.133912 1.067753 34 33 30
0.394021 -0.133460 1.064144 34 32 29
0.407519 -0.131131 1.045564 27 26 22
0.409740 -0.130540 1.040853 25 25 23
0.422047 -0.117083 0.933478 52 52 48
0.422465 -0.116198 0.926416 89 90 83
0.423224 -0.115421 0.920215 81 83 79
0.425295 -0.115011 0.916947 32 33 33
0.427669 -0.114690 0.914381 83 90 88
0.430666 -0.114539 0.913180 74 79 72
0.434810 -0.114693 0.914408 74 73 70
0.161909 -0.109746 0.903158 109 107 96
0.164490 -0.109124 0.898032 122 119 109
0.166972 -0.108462 0.892585 126 124 113
0.170114 -0.108248 0.890822 131 131 119
0.173442 -0.108158 0.890081 133 133 121
0.176746 -0.108057 0.889248 145 145 133
0.180063 -0.107967 0.888512 147 144 135
0.292366 -0.134023 1.103155 35 37 34
0.296739 -0.134056 1.103427 35 37 34
0.300967 -0.134023 1.103159 38 39 35
0.305379 -0.134072 1.103564 38 39 34
0.309788 -0.134118 1.103945 46 46 42
0.314082 -0.134115 1.103914 53 53 48
0.318409 -0.134125 1.103997 78 76 70
0.322806 -0.134163 1.104318 108 108 99
0.327374 -0.134271 1.105207 117 117 105
0.331618 -0.134245 1.104992 126 126 114
0.335841 -0.134212 1.104717 131 131 119
0.340044 -0.134171 1.104382 118 120 107
0.344274 -0.134142 1.104143 119 121 106
0.348243 -0.134013 1.103082 115 117 103
0.352267 -0.133908 1.102218 115 114 102
0.356042 -0.133712 1.100606 109 107 96
0.359702 -0.133478 1.098682 102 102 91
0.363203 -0.133192 1.096321 94 92 81
0.366672 -0.132901 1.093924 76 81 68
0.369899 -0.132529 1.090863 65 70 57
0.373274 -0.132218 1.088307 55 56 48
0.376368 -0.131817 1.084997 50 51 44
0.379582 -0.131465 1.082104 47 47 41
0.382615 -0.131059 1.078762 44 44 38
0.385873 -0.130739 1.076121 42 41 35
0.388640 -0.130261 1.072184 38 38 33
0.391476 -0.129815 1.068517 36 36 31
0.394279 -0.129369 1.064839 35 33 30
0.396996 -0.128904 1.061008 32 32 28
0.399666 -0.128433 1.057130 30 30 26
0.420572 -0.113024 0.930214 58 58 54
0.420845 -0.112132 0.922863 87 88 81
0.421674 -0.111401 0.916843 73 75 71
0.423564 -0.110960 0.913214 33 39 34
0.426054 -0.110683 0.910927 98 116 111
0.428905 -0.110503 0.909444 70 72 66
0.433311 -0.110722 0.911254 60 61 57
0.164412 -0.105550 0.897602 110 106 96
0.166637 -0.104749 0.890792 125 124 113
0.169708 -0.104503 0.888692 128 128 116
0.172993 -0.104395 0.887776 129 129 117
0.176303 -0.104306 0.887019 136 136 124
0.179651 -0.104242 0.886474 143 143 131
0.182786 -0.104060 0.884928 157 157 145
0.300172 -0.129353 1.100245 38 38 35
0.304658 -0.129436 1.100958 38 38 34
0.309115 -0.129505 1.101547 40 40 38
0.313416 -0.129508 1.101574 39 40 38
0.317794 -0.129542 1.101865 41 41 39
0.322206 -0.129589 1.102263 36 38 36
0.326886 -0.129741 1.103559 40 42 37
0.331206 -0.129748 1.103621 64 66 60
0.335484 -0.129739 1.103543 100 101 91
0.339844 -0.129761 1.103732 128 130 115
0.344216 -0.129787 1.103954 137 137 123
0.348227 -0.129678 1.103029 138 136 124
0.352217 -0.129565 1.102061 128 128 116
0.356000 -0.129378 1.100477 121 120 111
0.359641 -0.129145 1.098494 114 113 104
0.363233 -0.128901 1.096411 109 110 100
0.366730 -0.128629 1.094096 96 99 89
0.370055 -0.128303 1.091323 90 94 80
0.373339 -0.127971 1.088497 75 76 66
0.376500 -0.127604 1.085378 62 63 54
0.379628 -0.127235 1.082233 52 53 45
0.382645 -0.126837 1.078846 47 48 41
0.385967 -0.126547 1.076384 43 44 37
0.388768 -0.126095 1.072537 41 42 35
0.391645 -0.125677 1.068977 37 38 31
0.394338 -0.125210 1.064998 35 33 30
0.396979 -0.124735 1.060961 33 33 29
0.399561 -0.124253 1.056853 31 31 27
0.402102 -0.123767 1.052720 30 30 26
0.407190 -0.122827 1.044719 28 26 23
0.409376 -0.122264 1.039927 27 25 23
0.411680 -0.121747 1.035528 24 24 22
0.418977 -0.108960 0.926686 78 79 75
0.419417 -0.108143 0.919731 84 87 80
0.420208 -0.107429 0.913655 58 60 56
0.422229 -0.107039 0.910335 64 67 62
0.424520 -0.106724 0.907648 64 69 64
0.427255 -0.106523 0.905945 72 74 70
0.431278 -0.106645 0.906978 48 50 46
0.164684 -0.102196 0.899086 156 139 130
0.166787 -0.101346 0.891596 102 100 89
0.169663 -0.100989 0.888459 124 124 112
0.172677 -0.100728 0.886153 130 128 117
0.175832 -0.100556 0.884646 135 133 122
0.178886 -0.100335 0.882700 135 135 123
0.181992 -0.100151 0.881081 143 143 131
0.185392 -0.100132 0.880915 154 154 142
0.299304 -0.124674 1.097062 38 38 34
0.303806 -0.124767 1.097878 40 41 34
0.308331 -0.124866 1.098755 39 39 35
0.312703 -0.124901 1.099066 42 42 38
0.317155 -0.124967 1.099647 42 42 38
0.321565 -0.125015 1.100069 43 45 41
0.326306 -0.125189 1.101601 41 43 39
0.330711 -0.125231 1.101971 42 45 41
0.335078 -0.125257 1.102206 26 31 26
0.339429 -0.125277 1.102382 35 41 32
0.343916 -0.125346 1.102992 75 79 69
0.347973 -0.125259 1.102225 134 134 122
0.352093 -0.125196 1.101671 157 154 142
0.355872 -0.125015 1.100078 153 152 140
0.359606 -0.124823 1.098387 140 136 127
0.363184 -0.124582 1.096265 120 118 108
0.366774 -0.124350 1.094225 115 117 108
0.370087 -0.124031 1.091417 102 105 95
0.373342 -0.123700 1.088503 95 94 85
0.376462 -0.123333 1.085266 78 77 69
0.379634 -0.122990 1.082249 65 67 59
0.382643 -0.122603 1.078840 52 53 44
0.386029 -0.122343 1.076555 48 47 41
0.388880 -0.121922 1.072845 42 43 36
0.391715 -0.121505 1.069168 40 41 34
0.394375 -0.121042 1.065096 38 39 35
0.396999 -0.120579 1.061015 34 34 30
0.399533 -0.120097 1.056777 34 34 30
0.402127 -0.119644 1.052785 34 33 29
0.404635 -0.119174 1.048649 29 29 25
0.407088 -0.118698 1.044457 29 27 24
0.409254 -0.118148 1.039617 27 25 22
0.416818 -0.104782 0.921911 89 92 86
0.417299 -0.104007 0.915086 88 90 84
0.418402 -0.103399 0.909729 45 47 43
0.420458 -0.103034 0.906517 96 98 94
0.423030 -0.102800 0.904460 71 73 69
0.425862 -0.102633 0.902991 70 72 68
0.429653 -0.102698 0.903560 44 44 42
0.172666 -0.097244 0.886094 126 125 113
0.175605 -0.096960 0.883503 133 131 120
0.178380 -0.096598 0.880204 137 133 123
0.181512 -0.096440 0.878758 140 138 127
0.184933 -0.096437 0.878736 148 145 134
0.188014 -0.096261 0.877131 162 158 146
0.191304 -0.096196 0.876541 151 148 136
0.307201 -0.120114 1.094727 42 42 38
0.316299 -0.120327 1.096680 43 43 39
0.320721 -0.120382 1.097182 44 45 41
0.325431 -0.120543 1.098647 44 46 42
0.329929 -0.120621 1.099362 45 47 43
0.334186 -0.120611 1.099270 45 47 43
0.338595 -0.120655 1.099673 46 48 42
0.343017 -0.120703 1.100108 47 49 44
0.347261 -0.120687 1.099967 45 46 41
0.351403 -0.120637 1.099512 66 65 58
0.355390 -0.120536 1.098587 124 122 112
0.359206 -0.120380 1.097165 152 150 138
0.362849 -0.120170 1.095253 143 142 132
0.366536 -0.119979 1.093514 124 124 115
0.369911 -0.119692 1.090898 113 114 104
0.373188 -0.119381 1.088055 109 108 99
0.376349 -0.119039 1.084941 100 98 90
0.379550 -0.118718 1.082009 85 84 74
0.382599 -0.118356 1.078714 71 70 62
0.385905 -0.118081 1.076208 58 58 53
0.388797 -0.117687 1.072614 47 47 41
0.391682 -0.117300 1.069078 43 44 37
0.394461 -0.116889 1.065329 43 41 37
0.396953 -0.116402 1.060891 37 35 32
0.399616 -0.115975 1.056997 36 34 31
0.402161 -0.115523 1.052873 33 33 29
0.404648 -0.115063 1.048683 30 30 26
0.407095 -0.114602 1.044473 28 28 25
0.409297 -0.114081 1.039724 27 26 24
0.411604 -0.113600 1.035335 26 26 23
0.413950 -0.100470 0.915567 92 95 90
0.414763 -0.099807 0.909525 81 83 78
0.415978 -0.099252 0.904458 94 96 92
0.418280 -0.098962 0.901820 70 72 67
0.420918 -0.098757 0.899944 78 80 75
0.424225 -0.098710 0.899520 51 53 49
0.172876 -0.093881 0.887171 97 93 82
0.175775 -0.093584 0.884361 127 125 113
0.178442 -0.093177 0.880509 137 132 122
0.181341 -0.092904 0.877929 140 135 125
0.184521 -0.092782 0.876777 142 139 129
0.187378 -0.092506 0.874160 152 150 137
0.190776 -0.092501 0.874120 162 160 147
0.194329 -0.092570 0.874773 175 174 161
0.306122 -0.115412 1.090881 43 43 39
0.315221 -0.115629 1.092941 45 45 41
0.319666 -0.115696 1.093573 44 46 42
0.324442 -0.115879 1.095305 46 47 43
0.328986 -0.115976 1.096220 47 48 44
0.333314 -0.115995 1.096401 48 50 46
0.337773 -0.116058 1.097002 49 49 45
0.342235 -0.116121 1.097598 51 51 47
0.346437 -0.116095 1.097357 50 50 46
0.350709 -0.116093 1.097341 48 48 44
0.354681 -0.115993 1.096395 49 49 43
0.358626 -0.115887 1.095393 70 69 62
0.362341 -0.115710 1.093717 120 121 111
0.366097 -0.115550 1.092204 141 142 133
0.369621 -0.115321 1.090041 129 130 121
0.372952 -0.115039 1.087366 116 115 106
0.376138 -0.114718 1.084332 108 107 98
0.379362 -0.114415 1.081472 97 96 86
0.382474 -0.114086 1.078361 85 83 75
0.385763 -0.113817 1.075812 71 71 67
0.388716 -0.113455 1.072391 52 52 48
0.391683 -0.113105 1.069079 48 48 42
0.394488 -0.112716 1.065401 44 43 37
0.397012 -0.112256 1.061046 41 39 35
0.399589 -0.111820 1.056924 38 36 33
0.402189 -0.111399 1.052945 37 35 32
0.404605 -0.110937 1.048570 32 32 28
0.407048 -0.110491 1.044351 31 29 27
0.410195 -0.096833 0.915150 95 99 95
0.410735 -0.096126 0.908456 80 83 79
0.411722 -0.095534 0.902856 66 68 64
0.413583 -0.095152 0.899250 77 79 75
0.416252 -0.094962 0.897448 76 79 72
0.419295 -0.094859 0.896474 63 66 59
0.422879 -0.094879 0.896664 41 43 39
0.184008 -0.089094 0.874340 144 140 129
0.187403 -0.089088 0.874279 149 147 134
0.190292 -0.088846 0.871903 156 154 141
0.193548 -0.088780 0.871260 159 157 144
0.331795 -0.111184 1.091404 50 53 46
0.336284 -0.111262 1.092166 52 55 48
0.340495 -0.111246 1.092017 52 55 48
0.344834 -0.111273 1.092278 54 57 50
0.349096 -0.111274 1.092293 54 55 48
0.353308 -0.111260 1.092152 52 53 46
0.357438 -0.111220 1.091763 52 51 45
0.361342 -0.111112 1.090701 48 47 41
0.365347 -0.111037 1.089967 77 79 71
0.368967 -0.110848 1.088112 132 127 121
0.372515 -0.110642 1.086090 134 131 120
0.375786 -0.110360 1.083315 115 114 105
0.379191 -0.110123 1.080985 99 98 89
0.382346 -0.109819 1.078001 95 92 84
0.385627 -0.109557 1.075431 82 84 80
0.388652 -0.109229 1.072211 64 66 62
0.391590 -0.108884 1.068825 57 55 50
0.394487 -0.108536 1.065397 47 45 42
0.397023 -0.108096 1.061075 45 43 39
0.399664 -0.107693 1.057122 41 39 36
0.402190 -0.107268 1.052947 37 36 32
0.405452 -0.092973 0.912503 66 68 66
0.405438 -0.092163 0.904538 89 91 88
0.406810 -0.091678 0.899774 81 83 79
0.408962 -0.091375 0.896802 79 81 77
0.411239 -0.091106 0.894154 76 78 74
0.414256 -0.091003 0.893145 79 79 75
0.417098 -0.090864 0.891777 46 47 43
0.420864 -0.090926 0.892392 40 40 38
0.334679 -0.106466 1.086953 57 59 52
0.338996 -0.106491 1.087212 61 64 57
0.343246 -0.106495 1.087249 64 65 58
0.347603 -0.106531 1.087620 63 64 55
0.351844 -0.106532 1.087626 59 60 53
0.356247 -0.106580 1.088124 58 57 51
0.360270 -0.106516 1.087465 54 53 47
0.364400 -0.106484 1.087139 50 50 44
0.368259 -0.106374 1.086023 57 57 51
0.371937 -0.106216 1.084405 107 106 100
0.375356 -0.105988 1.082076 128 127 118
0.378841 -0.105783 1.079987 114 112 103
0.382197 -0.105548 1.077579 102 102 93
0.385436 -0.105285 1.074899 88 90 83
0.388583 -0.105004 1.072022 77 80 73
0.391571 -0.104686 1.068772 66 64 59
0.394528 -0.104366 1.065506 54 52 48
0.397221 -0.103984 1.061605 46 45 42
0.399945 -0.103618 1.057863 41 40 36
0.400391 -0.088279 0.901114 96 97 93
0.401277 -0.087705 0.895255 80 81 77
0.403639 -0.087461 0.892760 69 71 67
0.406342 -0.087294 0.891057 78 80 76
0.409325 -0.087190 0.889991 73 75 71
0.412563 -0.087141 0.889494 47 47 44
0.415119 -0.086950 0.887545 42 42 39
0.418511 -0.086936 0.887402 38 38 36
0.363275 -0.101903 1.083783 56 57 50
0.367139 -0.101803 1.082721 49 50 43
0.371200 -0.101759 1.082256 42 45 38
0.374736 -0.101574 1.080287 85 86 77
0.378377 -0.101421 1.078662 119 117 108
0.381897 -0.101240 1.076732 110 110 101
0.385376 -0.101052 1.074731 94 96 87
0.388602 -0.100802 1.072074 87 91 82
0.394762 -0.083553 0.888445 77 77 73
0.397460 -0.083393 0.886739 70 70 66
0.400431 -0.083292 0.885665 78 79 75
0.403627 -0.083239 0.885102 76 78 74
0.406968 -0.083217 0.884867 48 46 43
0.410449 -0.083223 0.884935 43 41 40
0.361189 -0.097090 1.077560 60 60 54
0.365309 -0.097069 1.077323 58 59 52
0.369639 -0.097103 1.077703 50 51 44
0.373519 -0.097020 1.076778 47 48 41
0.377165 -0.096878 1.075207 72 73 65
0.380994 -0.096786 1.074186 124 122 114
0.388151 -0.096484 1.070827 90 93 85
0.390554 -0.079915 0.886752 64 64 60
0.392061 -0.079520 0.882365 72 72 68
0.394952 -0.079410 0.881142 90 90 86
0.398713 -0.079475 0.881864 70 70 66
0.401988 -0.079443 0.881509 50 48 45
0.405605 -0.079478 0.881903 43 42 39
0.409084 -0.079486 0.881992 39 37 36
0.384082 -0.075841 0.879845 67 66 61
0.386719 -0.075686 0.878046 87 86 83
0.389315 -0.075526 0.876185 86 86 82
0.392971 -0.075572 0.876722 63 62 58
0.396495 -0.075592 0.876958 51 49 46
0.399884 -0.075587 0.876893 45 43 40
0.403546 -0.075632 0.877425 42 40 37
0.407242 -0.075684 0.878021 39 37 36
0.379118 -0.072098 0.876298 97 96 87
0.381513 -0.071906 0.873959 85 85 78
0.384549 -0.071836 0.873117 74 75 68
0.388066 -0.071857 0.873374 63 63 58
0.391675 -0.071895 0.873830 51 49 46
0.395496 -0.071970 0.874749 47 44 41
0.399001 -0.071987 0.874957 42 40 37
0.402286 -0.071965 0.874684 39 37 36
0.405490 -0.071928 0.874242 36 33 32
0.366979 -0.068308 0.871803 88 87 79
0.369852 -0.068211 0.870566 101 95 85
0.372609 -0.068095 0.869083 95 91 81
0.376117 -0.068117 0.869360 76 75 66
0.379316 -0.068083 0.868927 70 68 60
0.382846 -0.068108 0.869252 62 61 55
0.386032 -0.068073 0.868797 54 53 47
0.389575 -0.068100 0.869146 51 48 43
0.393545 -0.068200 0.870433 47 43 41
0.397266 -0.068256 0.871152 43 39 37
0.356842 -0.064287 0.863716 95 92 84
0.360370 -0.064316 0.864104 90 87 79
0.364433 -0.064438 0.865754 87 85 77
0.367864 -0.064448 0.865887 79 76 68
0.371351 -0.064467 0.866147 75 72 64
0.374749 -0.064471 0.866198 72 69 61
0.378226 -0.064488 0.866428 66 63 56
0.381706 -0.064505 0.866661 61 58 52
0.385068 -0.064502 0.866626 54 51 46
0.388817 -0.064564 0.867453 51 47 45
0.391975 -0.064527 0.866960 45 38 40
0.395238 -0.064508 0.866705 36 24 23
0.340896 -0.060459 0.857480 101 101 92
0.344570 -0.060517 0.858308 94 94 86
0.347861 -0.060508 0.858172 91 91 82
0.351483 -0.060555 0.858848 89 87 78
0.355278 -0.060631 0.859930 86 83 75
0.359006 -0.060695 0.860834 82 79 71
0.363047 -0.060809 0.862460 80 77 69
0.366491 -0.060823 0.862654 76 73 65
0.370055 -0.060856 0.863124 72 69 61
0.373473 -0.060865 0.863248 68 65 57
0.376424 -0.060798 0.862302 65 60 53
0.380148 -0.060856 0.863124 59 56 50
0.329367 -0.056836 0.853587 99 97 86
0.333092 -0.056904 0.854608 97 95 84
0.336495 -0.056916 0.854791 95 93 82
0.339974 -0.056941 0.855160 93 91 82
0.343668 -0.057000 0.856060 89 88 79
0.347024 -0.057003 0.856106 87 86 77
0.350533 -0.057031 0.856527 86 83 75
0.354356 -0.057109 0.857698 83 80 72
0.358012 -0.057159 0.858450 78 75 67
0.362067 -0.057271 0.860133 77 74 66
0.365432 -0.057272 0.860161 73 70 62
0.369147 -0.057329 0.861006 71 67 59
0.372621 -0.057347 0.861279 68 64 55
0.375175 -0.057224 0.859438 65 59 52
0.378856 -0.057274 0.860191 49 45 38
0.325807 -0.053449 0.852979 98 98 86
0.329392 -0.053491 0.853651 96 96 84
0.333006 -0.053537 0.854387 95 94 82
0.336130 -0.053504 0.853864 93 91 80
0.339343 -0.053486 0.853573 90 86 75
0.342892 -0.053520 0.854124 88 86 75
0.346243 -0.053524 0.854180 87 84 76
0.349581 -0.053525 0.854199 85 82 74
0.353153 -0.053562 0.854788 82 77 70
0.357094 -0.053653 0.856246 81 75 68
0.361347 -0.053789 0.858422 75 72 64
0.364959 -0.053828 0.859047 74 68 60
0.325489 -0.050054 0.852145 98 96 85
0.328733 -0.050042 0.851943 96 94 83
0.332323 -0.050082 0.852634 94 91 81
0.335496 -0.050060 0.852253 94 89 79
0.338856 -0.050065 0.852347 92 87 77
0.342338 -0.050088 0.852746 90 85 75
0.345728 -0.050098 0.852908 88 84 76
0.349129 -0.050109 0.853096 85 80 73
0.352771 -0.050154 0.853861 83 77 70
0.356950 -0.050273 0.855902 73 69 61
0.361662 -0.050465 0.859169 71 63 54
0.338916 -0.046729 0.852498 93 82 75
0.204809 -0.075575 0.867923 37 40 37
0.199730 -0.078369 0.870229 43 46 41
0.196989 -0.079259 0.871450 57 58 53
0.194316 -0.080331 0.872648 67 67 62
0.231113 -0.060784 0.859333 25 25 21
0.220966 -0.066404 0.863940 24 24 22
0.218502 -0.068012 0.865066 24 24 22
0.216031 -0.069593 0.866195 23 24 22
0.213539 -0.071115 0.867332 22 22 21
0.211142 -0.072888 0.868435 22 22 22
0.208668 -0.074447 0.869564 23 24 24
0.206165 -0.075930 0.870704 26 26 27
0.203466 -0.076907 0.871912 25 25 24
0.200894 -0.078215 0.873076 26 27 26
0.198256 -0.079361 0.874263 25 27 25
0.195725 -0.080777 0.875413 23 24 22
0.193014 -0.081748 0.876626 25 27 26
0.190558 -0.083352 0.877749 24 28 26
0.254724 -0.056431 0.852231 41 43 37
0.248849 -0.056543 0.854805 23 23 19
0.243164 -0.057364 0.857318 23 23 19
0.240532 -0.058450 0.858501 23 23 19
0.237853 -0.059399 0.859702 25 25 21
0.235207 -0.060457 0.860891 24 24 20
0.232600 -0.061638 0.862067 24 24 20
0.230124 -0.063204 0.863197 25 25 21
0.227536 -0.064445 0.864366 25 25 21
0.224830 -0.065355 0.865577 28 28 24
0.222335 -0.066867 0.866714 27 27 25
0.219792 -0.068245 0.867867 26 26 24
0.217331 -0.069845 0.868992 26 26 24
0.214882 -0.071475 0.870112 26 26 24
0.212389 -0.072979 0.871248 28 28 28
0.209927 -0.074566 0.872372 28 28 28
0.207349 -0.075845 0.873538 29 29 29
0.204725 -0.077009 0.874721 26 26 24
0.202160 -0.078327 0.875882 28 27 26
0.199619 -0.079709 0.877035 28 27 25
0.197146 -0.081261 0.878163 26 25 24
0.194538 -0.082474 0.879341 26 25 24
0.192026 -0.083929 0.880483 26 28 27
0.189631 -0.085666 0.881582 25 24 23
0.187189 -0.087282 0.882699 23 25 25
0.182465 -0.090879 0.884873 25 25 25
0.180381 -0.093312 0.885857 27 26 26
0.178131 -0.095344 0.886901 30 29 28
0.175573 -0.096658 0.888060 36 38 40
0.173214 -0.098425 0.889145 55 56 58
0.208536 -0.075773 0.876366 70 73 66
0.203448 -0.078502 0.878674 62 61 57
0.261779 -0.052701 0.855685 24 24 22
0.251123 -0.056327 0.860473 39 36 31
0.245628 -0.057698 0.862930 60 58 53
0.240322 -0.059704 0.865318 82 83 74
0.229781 -0.064027 0.870071 88 89 81
0.227078 -0.064935 0.871285 85 87 78
0.224545 -0.066333 0.872434 83 86 79
0.222015 -0.067736 0.873583 83 86 78
0.219488 -0.069150 0.874731 81 84 77
0.217008 -0.070690 0.875861 82 85 78
0.214517 -0.072200 0.876994 82 85 78
0.211995 -0.073623 0.878140 82 85 77
0.209500 -0.075115 0.879276 81 84 75
0.206955 -0.076479 0.880430 81 82 75
0.204473 -0.078003 0.881560 82 83 76
0.201939 -0.079392 0.882710 82 83 76
0.199507 -0.081040 0.883821 83 82 75
0.196961 -0.082399 0.884976 85 84 77
0.189592 -0.087127 0.888336 84 82 76
0.284693 -0.047850 0.848751 97 100 93
0.279439 -0.049606 0.851116 35 35 31
0.268452 -0.051633 0.856029 31 31 27
0.246874 -0.057916 0.865721 89 90 82
0.291470 -0.047696 0.849023 90 89 82
0.288658 -0.047803 0.850278 40 45 41
0.285942 -0.048305 0.851497 27 31 27
0.283395 -0.049457 0.852649 25 29 24
0.280765 -0.050310 0.853835 25 27 23
0.278022 -0.050773 0.855064 30 31 27
0.275328 -0.051434 0.856275 38 39 35
0.272496 -0.051629 0.857541 49 50 43
0.269778 -0.052251 0.858762 61 61 55
0.266914 -0.052391 0.860041 80 80 74
0.264270 -0.053308 0.861233 86 89 83
0.259142 -0.055699 0.863555 92 95 85
0.248326 -0.058787 0.868423 83 86 78
0.303637 -0.046899 0.846846 148 153 137
0.292454 -0.047177 0.851859 20 26 25
0.287067 -0.048305 0.854284 19 25 21
0.281933 -0.050450 0.856607 37 40 31
0.276544 -0.051714 0.859035 71 74 66
0.270998 -0.052511 0.861528 99 102 93
0.307408 -0.046419 0.848405 146 139 127
0.304875 -0.047465 0.849553 108 109 95
0.302045 -0.047316 0.850825 56 57 53
0.299404 -0.047967 0.852018 29 31 30
0.296397 -0.047189 0.853366 23 26 25
0.293708 -0.047715 0.854579 20 26 24
0.290980 -0.048114 0.855810 24 28 27
0.288375 -0.049006 0.856988 34 39 34
0.285834 -0.050149 0.858140 56 60 53
0.283235 -0.051089 0.859316 86 90 79
0.280545 -0.051705 0.860532 101 105 96
0.277852 -0.052332 0.861748 100 103 94
0.275006 -0.052440 0.863029 98 100 91
0.272277 -0.052989 0.864261 94 98 89
0.266889 -0.054389 0.866696 81 83 77
0.311057 -0.045479 0.850005 125 128 119
0.308251 -0.045353 0.851273 73 79 71
0.305655 -0.046146 0.852449 20 22 21
0.300405 -0.047542 0.854828 25 25 24
0.294874 -0.047918 0.857329 37 39 37
0.292300 -0.048895 0.858496 54 62 56
0.289638 -0.049549 0.859702 94 98 90
0.317922 -0.046629 0.850136 140 140 132
0.314952 -0.045659 0.851485 110 109 102
0.312271 -0.046007 0.852702 37 38 36
0.309589 -0.046382 0.853920 27 30 30
0.307001 -0.047180 0.855095 26 26 25
0.304354 -0.047753 0.856297 26 24 24
0.301769 -0.048596 0.857471 39 39 37
0.296192 -0.048731 0.860003 98 98 89
0.290934 -0.050231 0.862391 105 107 97
0.313588 -0.046996 0.855341 26 22 25
0.326168 -0.049582 0.852793 127 126 118
0.320402 -0.048077 0.855447 31 26 25
0.315012 -0.048472 0.857914 31 30 28
0.309754 -0.049566 0.860316 80 78 73
0.304391 -0.050325 0.862767 111 115 104
0.321708 -0.049123 0.858053 31 27 26
0.148618 -0.149094 0.936591 71 70 69
0.338831 -0.048646 0.853354 167 165 157
0.336247 -0.049066 0.854543 147 144 137
0.333761 -0.049999 0.855678 103 100 95
0.328456 -0.050335 0.858126 31 29 26
0.323124 -0.050693 0.860586 45 42 36
0.150522 -0.150407 0.938888 29 28 32
0.148287 -0.152078 0.939896 73 73 71
0.146327 -0.154270 0.940769 98 102 92
0.334844 -0.050142 0.858355 30 28 27
0.346980 -0.052673 0.855816 166 169 160
0.344276 -0.052283 0.857086 145 146 136
0.341573 -0.051961 0.858355 60 62 59
0.338634 -0.050510 0.859758 29 29 27
0.336010 -0.050711 0.860978 28 28 28
0.330817 -0.051485 0.863383 66 66 61
0.325409 -0.051390 0.865908 122 125 116
0.348128 -0.053288 0.858407 146 151 143
0.342732 -0.052571 0.860955 24 26 22
0.354781 -0.055582 0.858347 168 167 162
0.351893 -0.053973 0.859755 142 143 136
0.349195 -0.053490 0.861039 61 59 59
0.346569 -0.053456 0.862276 28 28 28
0.343971 -0.053618 0.863494 28 28 29
0.338617 -0.053261 0.866024 94 94 87
0.358556 -0.056589 0.859646 167 172 160
0.355741 -0.055260 0.861022 143 144 136
0.352804 -0.053352 0.862474 63 61 57
0.350205 -0.053393 0.863702 29 25 28
0.345074 -0.053971 0.866108 43 40 43
0.362436 -0.058378 0.860843 162 161 152
0.356908 -0.056109 0.863552 61 62 60
0.354107 -0.054911 0.864927 32 30 29
0.351500 -0.054862 0.866167 32 30 31
0.348913 -0.054971 0.867391 44 42 44
0.346297 -0.054970 0.868633 101 100 95
0.340925 -0.054399 0.871204 128 131 121
0.147111 -0.176700 0.958639 126 127 118
0.363363 -0.057916 0.863511 157 159 150
0.360607 -0.056762 0.864872 85 88 81
0.358013 -0.056633 0.866114 29 30 28
0.355356 -0.056196 0.867399 32 31 30
0.352763 -0.056184 0.868636 47 45 43
0.350179 -0.056265 0.869865 104 104 100
0.347537 -0.056082 0.871132 135 136 126
0.149754 -0.179382 0.960362 108 108 103
0.369108 -0.055792 0.863945 150 152 143
0.366819 -0.057350 0.864971 165 169 159
0.364425 -0.058274 0.866076 104 101 97
0.361810 -0.057911 0.867344 33 30 29
0.359246 -0.057902 0.868573 32 31 29
0.356671 -0.057885 0.869807 45 43 42
0.354081 -0.057836 0.871049 96 97 90
0.351467 -0.057707 0.872307 135 136 129
0.348813 -0.057411 0.873591 130 131 122
0.151703 -0.180787 0.962444 95 95 91
0.370606 -0.058947 0.866156 178 177 170
0.368032 -0.058672 0.867408 116 116 108
0.365609 -0.059376 0.868539 40 36 36
0.363076 -0.059456 0.869753 32 30 31
0.360466 -0.059133 0.871024 38 36 36
0.357869 -0.058944 0.872282 76 77 71
0.355235 -0.058609 0.873565 137 138 131
0.352598 -0.058312 0.874849 130 131 122
0.349873 -0.057606 0.876193 129 130 121
0.374302 -0.060152 0.867379 176 175 168
0.371876 -0.060707 0.868522 138 134 128
0.369267 -0.060163 0.869810 49 45 43
0.366825 -0.060703 0.870961 30 28 26
0.364248 -0.060470 0.872218 36 33 33
0.361623 -0.060019 0.873510 68 68 63
0.359003 -0.059658 0.874794 133 136 128
0.356362 -0.059244 0.876092 127 130 125
0.353672 -0.058626 0.877423 129 132 124
0.350928 -0.057783 0.878793 70 71 66
0.378061 -0.061968 0.868511 158 160 151
0.375591 -0.062135 0.869700 161 158 153
0.373141 -0.062481 0.870869 75 71 68
0.370537 -0.061900 0.872165 33 30 29
0.368064 -0.062201 0.873348 36 34 31
0.365540 -0.062233 0.874570 59 56 54
0.362904 -0.061652 0.875882 134 138 129
0.360298 -0.061321 0.877164 127 132 123
0.357593 -0.060490 0.878523 128 133 125
0.354882 -0.059706 0.879882 79 80 76
0.352062 -0.058403 0.881323 30 28 31
0.381674 -0.063009 0.869732 139 137 129
0.379271 -0.063533 0.870872 174 176 167
0.376781 -0.063516 0.872086 107 103 99
0.374355 -0.063967 0.873240 36 32 31
0.371762 -0.063393 0.874538 36 33 32
0.369246 -0.063379 0.875765 51 45 44
0.364011 -0.062297 0.878379 128 132 124
0.361327 -0.061473 0.879736 124 128 120
0.358604 -0.060507 0.881121 92 95 89
0.352967 -0.057782 0.884030 24 22 21
0.382872 -0.064581 0.872078 173 171 163
0.380421 -0.064727 0.873268 134 131 123
0.377972 -0.064934 0.874453 44 37 37
0.375550 -0.065362 0.875610 37 30 31
0.372964 -0.064779 0.876913 43 36 36
0.370360 -0.064162 0.878226 88 86 79
0.367738 -0.063513 0.879550 136 138 132
0.362347 -0.061578 0.882310 102 106 96
0.386634 -0.066971 0.873092 157 152 146
0.384128 -0.066601 0.874348 166 165 158
0.381689 -0.066758 0.875536 79 77 73
0.379198 -0.066614 0.876770 34 30 30
0.376739 -0.066748 0.877968 37 32 32
0.374083 -0.065662 0.879346 66 62 57
0.371475 -0.064970 0.880674 144 147 139
0.366102 -0.062886 0.883454 116 120 112
0.360500 -0.059838 0.886411 25 25 24
0.387666 -0.067487 0.875553 176 176 168
0.382773 -0.067563 0.877961 41 39 35
0.377825 -0.067483 0.880408 48 44 40
0.372601 -0.065877 0.883099 133 135 125
0.388750 -0.068411 0.877948 158 157 147
0.383975 -0.069219 0.880253 33 33 27
0.381501 -0.069090 0.881489 39 38 33
0.378993 -0.068796 0.882753 83 85 78
0.373767 -0.067061 0.885471 121 125 114
0.385153 -0.070743 0.882550 32 34 30
0.395793 -0.070659 0.880237 152 152 143
0.391102 -0.071699 0.882494 63 63 60
0.386319 -0.072216 0.884841 41 41 38
0.381235 -0.070867 0.887491 138 140 132
0.398348 -0.076006 0.884415 174 175 164
0.392142 -0.080123 0.896002 122 126 113
0.395544 -0.084659 0.902566 95 98 89
0.412599 -0.095444 0.898245 130 133 120
0.440565 -0.142033 0.936452 17 18 11
0.440085 -0.138836 0.933862 21 22 15
0.434930 -0.120891 0.917408 20 23 16
0.440592 -0.169921 0.961628 17 19 16
0.439987 -0.166846 0.959028 12 16 13
0.439374 -0.163770 0.956423 22 26 22
0.438948 -0.160587 0.953889 29 31 27
0.438180 -0.157588 0.951215 31 33 29
0.437711 -0.154418 0.948657 32 36 31
0.437247 -0.151240 0.946097 35 38 34
0.437485 -0.147658 0.943807 45 45 41
0.436885 -0.144542 0.941184 50 50 46
0.435631 -0.141797 0.938305 52 52 47
0.435113 -0.138627 0.935708 50 51 44
0.433990 -0.135803 0.932877 49 51 47
0.433416 -0.132657 0.930253 56 58 54
0.432583 -0.129658 0.927528 58 60 56
0.432052 -0.126477 0.924914 54 56 52
0.431522 -0.123290 0.922296 49 52 47
0.430610 -0.120326 0.919534 41 44 40
0.429474 -0.117495 0.916688 34 36 32
0.428988 -0.114268 0.914077 30 34 29
0.427942 -0.111379 0.911260 26 28 24
0.426853 -0.108513 0.908427 20 24 19
0.426236 -0.105354 0.905761 7 13 7
0.424990 -0.102582 0.902870 13 15 10
0.435154 -0.163120 0.958497 85 89 83
0.434416 -0.156688 0.953484 118 121 114
0.433865 -0.146674 0.946151 118 117 107
0.433128 -0.143637 0.943478 99 98 90
0.432237 -0.140685 0.940743 103 102 94
0.431500 -0.137641 0.938065 100 99 90
0.430523 -0.134733 0.935293 95 98 91
0.429769 -0.131693 0.932604 91 95 87
0.428198 -0.122132 0.924780 101 103 95
0.427354 -0.119128 0.922045 103 104 97
0.426336 -0.116226 0.919244 109 109 104
0.425531 -0.113191 0.916520 108 108 104
0.423997 -0.110602 0.913527 109 108 104
0.422928 -0.107727 0.910705 99 99 96
0.416972 -0.093721 0.896363 21 20 18
0.415311 -0.091220 0.893332 17 16 13
0.413323 -0.088933 0.890190 18 18 14
0.411691 -0.086420 0.887174 24 24 20
0.433869 -0.194628 0.984962 23 21 19
0.434438 -0.190995 0.982918 25 22 20
0.434219 -0.187762 0.980525 33 31 27
0.432720 -0.181838 0.975269 49 48 44
0.432611 -0.175150 0.970591 111 112 107
0.432505 -0.168425 0.965890 106 109 102
0.431852 -0.165381 0.963281 100 104 94
0.431458 -0.162188 0.960777 93 98 88
0.431087 -0.158976 0.958277 99 104 94
0.430789 -0.155716 0.955803 103 108 98
0.430823 -0.152261 0.953458 115 120 110
0.430488 -0.149007 0.950958 121 125 115
0.430407 -0.145601 0.948555 126 127 118
0.429664 -0.142568 0.945883 126 125 119
0.428624 -0.139703 0.943092 127 126 120
0.428061 -0.136557 0.940486 126 125 119
0.426892 -0.133763 0.937641 123 126 120
0.426332 -0.130608 0.935030 121 126 120
0.425784 -0.127440 0.932421 117 121 117
0.425288 -0.124236 0.929828 116 118 113
0.424488 -0.121210 0.927115 113 114 109
0.423653 -0.118201 0.924387 108 110 105
0.422614 -0.115313 0.921581 102 106 98
0.421778 -0.112299 0.918849 97 98 90
0.420319 -0.109668 0.915885 92 93 86
0.419295 -0.106766 0.913081 88 91 84
0.418601 -0.103657 0.910396 86 89 81
0.417128 -0.101034 0.907427 80 82 73
0.415662 -0.098408 0.904462 90 92 85
0.414321 -0.095704 0.901542 89 89 84
0.412816 -0.093105 0.898565 78 78 74
0.411041 -0.090684 0.895495 56 56 53
0.409475 -0.088131 0.892501 37 37 35
0.407838 -0.085626 0.889483 26 26 23
0.405818 -0.083377 0.886337 18 19 12
0.403884 -0.081076 0.883225 18 19 12
0.430078 -0.190417 0.984851 55 56 49
0.429917 -0.187155 0.982490 93 95 87
0.429195 -0.184184 0.979881 105 107 102
0.428757 -0.181057 0.977391 99 102 95
0.428444 -0.174479 0.972641 103 105 103
0.428426 -0.171102 0.970316 113 116 112
0.427207 -0.161569 0.962820 155 156 148
0.424992 -0.138736 0.945428 37 38 32
0.424298 -0.135667 0.942775 42 42 36
0.419860 -0.117335 0.926689 59 60 54
0.418973 -0.114356 0.923943 80 80 72
0.417883 -0.111500 0.921119 100 98 90
0.416610 -0.108756 0.918226 118 117 108
0.414761 -0.102830 0.912696 113 112 104
0.413392 -0.100145 0.909766 104 103 95
0.412864 -0.096925 0.907141 97 97 91
0.411584 -0.094181 0.904242 91 91 87
0.410255 -0.091469 0.901326 85 85 81
0.408273 -0.089182 0.898179 83 83 79
0.406541 -0.086737 0.895124 84 84 80
0.404620 -0.084420 0.892006 85 85 81
0.402690 -0.082115 0.888889 60 61 54
0.400671 -0.079874 0.885745 38 40 36
0.398967 -0.077428 0.882712 26 27 24
0.396780 -0.075313 0.879518 16 16 12
0.394649 -0.073165 0.876349 16 17 10
0.392951 -0.070731 0.873328 26 27 22
0.421160 -0.215305 1.000473 28 27 23
0.422735 -0.207961 0.996728 24 25 19
0.423854 -0.200794 0.992739 40 42 38
0.425392 -0.196682 0.991170 77 78 74
0.425818 -0.193133 0.989092 98 102 94
0.426262 -0.189561 0.987013 94 99 89
0.426387 -0.186147 0.984785 94 101 90
0.425791 -0.183109 0.982235 110 112 105
0.425779 -0.179751 0.979935 131 132 125
0.425372 -0.176599 0.977459 148 147 138
0.425355 -0.173227 0.975146 129 130 121
0.425468 -0.169776 0.972883 91 90 82
0.425165 -0.166543 0.970436 55 56 47
0.424693 -0.163399 0.967912 37 37 31
0.424612 -0.160029 0.965549 33 34 28
0.424162 -0.156859 0.963026 28 28 24
0.424132 -0.143093 0.953614 20 22 18
0.423090 -0.136756 0.948456 23 23 19
0.420666 -0.124221 0.937961 21 21 17
0.420039 -0.121087 0.935320 22 22 18
0.419153 -0.118106 0.932576 23 23 19
0.418093 -0.115230 0.929763 21 21 17
0.416970 -0.112391 0.926925 20 20 16
0.415786 -0.109588 0.924064 19 19 15
0.414179 -0.107051 0.921042 21 21 17
0.412853 -0.104338 0.918128 23 23 19
0.411677 -0.101531 0.915269 24 24 22
0.410231 -0.098896 0.912311 33 33 31
0.409156 -0.096023 0.909489 46 46 42
0.408042 -0.093175 0.906652 72 70 67
0.406348 -0.090703 0.903606 84 82 79
0.404693 -0.088208 0.900575 94 92 89
0.402516 -0.086060 0.897362 87 87 83
0.400720 -0.083667 0.894288 82 82 78
0.398353 -0.081658 0.891018 80 81 74
0.396337 -0.079424 0.887875 75 77 73
0.394156 -0.077306 0.884680 64 66 62
0.392288 -0.074985 0.881596 44 46 42
0.390072 -0.072906 0.878399 25 27 25
0.387910 -0.070797 0.875225 13 16 15
0.385195 -0.069077 0.871872 12 15 10
0.383148 -0.066906 0.868748 18 20 17
0.405992 -0.094776 0.912033 18 18 16
0.404255 -0.092333 0.908968 18 18 15
0.402395 -0.089973 0.905862 20 20 17
0.400421 -0.087693 0.902717 24 24 22
0.398030 -0.085695 0.899427 36 38 35
0.396150 -0.083365 0.896325 65 66 62
0.394026 -0.081205 0.893139 80 82 75
0.391742 -0.079159 0.889903 76 78 74
0.387909 -0.074591 0.883702 76 79 74
0.383756 -0.070267 0.877406 46 50 45
0.381078 -0.068531 0.874063 23 26 23
0.378960 -0.066418 0.870915 14 16 16
0.376256 -0.064723 0.867577 14 15 16
0.373608 -0.063000 0.864267 26 25 24
0.410208 -0.221823 1.007465 22 22 20
0.412553 -0.214146 1.004172 44 46 39
0.418723 -0.191156 0.993621 85 85 75
0.420264 -0.183638 0.989782 29 30 23
0.408397 -0.097082 0.921511 18 18 16
0.404400 -0.092510 0.915163 18 18 16
0.402327 -0.090282 0.911968 19 19 17
0.399869 -0.088313 0.908636 18 18 16
0.397523 -0.086279 0.905351 19 19 17
0.394799 -0.084506 0.901934 19 19 17
0.392609 -0.082388 0.898718 17 18 15
0.389969 -0.080580 0.895347 21 24 18
0.387450 -0.078701 0.892026 35 37 33
0.385093 -0.076722 0.888769 57 57 53
0.383034 -0.074549 0.885622 74 74 69
0.381060 -0.072323 0.882510 81 81 74
0.379079 -0.070108 0.879398 77 77 73
0.376441 -0.068357 0.876068 66 67 63
0.374403 -0.066198 0.872947 40 40 37
0.371504 -0.064653 0.869543 12 15 13
0.368738 -0.063027 0.866192 12 14 12
0.364369 -0.062559 0.862323 17 15 14
0.361452 -0.061074 0.858945 52 48 44
0.406534 -0.220942 1.009571 38 39 34
0.380877 -0.076232 0.890907 18 18 16
0.378242 -0.074463 0.887557 32 32 29
0.376047 -0.072401 0.884369 50 48 45
0.373601 -0.070521 0.881098 72 70 67
0.365863 -0.065228 0.871193 51 51 47
0.363221 -0.063531 0.867885 24 25 23
0.359262 -0.062792 0.864146 14 14 12
0.356611 -0.061131 0.860855 13 13 11
0.392929 -0.237832 1.015438 20 20 20
0.397048 -0.229426 1.013177 28 30 26
0.401849 -0.220579 1.011182 93 94 85
0.375817 -0.072750 0.890323 17 17 15
0.372903 -0.071191 0.886874 14 14 12
0.369966 -0.069662 0.883426 23 23 19
0.367109 -0.068090 0.880016 48 47 43
0.364647 -0.066251 0.876752 64 62 58
0.361618 -0.064828 0.873300 76 76 70
0.359082 -0.063066 0.870026 66 66 61
0.355491 -0.062077 0.866403 31 30 28
0.351921 -0.061093 0.862801 16 16 14
0.349426 -0.059342 0.859569 12 12 9
0.346183 -0.058153 0.856098 29 28 23
0.383145 -0.243676 1.022458 26 27 21
0.384823 -0.236540 1.019093 38 38 36
0.336918 -0.058091 0.859976 16 16 16
0.332957 -0.057488 0.856270 13 11 12
0.329927 -0.056208 0.852888 40 38 35
0.375878 -0.242003 1.026455 40 40 35
0.335484 -0.265007 1.040055 67 64 58
0.283165 -0.271334 1.040468 52 50 47
0.271586 -0.266517 1.037452 57 56 50
0.265657 -0.267162 1.037663 64 62 57
0.268242 -0.259880 1.035570 45 44 39
0.260418 -0.267457 1.038260 39 37 34
0.254523 -0.268125 1.038429 32 30 29
0.254139 -0.262495 1.034601 68 66 63
0.249156 -0.268528 1.038891 31 29 26
0.246590 -0.264124 1.033742 46 44 41
0.240036 -0.265232 1.033450 35 33 31
0.235605 -0.265176 1.034445 36 34 31
0.234315 -0.260102 1.030117 47 45 42
0.228535 -0.260845 1.030262 40 38 35
0.224636 -0.260526 1.031559 40 38 35
0.220581 -0.257088 1.025523 45 43 40
0.215221 -0.251861 1.022407 50 48 45
0.211050 -0.251753 1.023510 48 46 43
0.208188 -0.247672 1.018242 56 54 51
0.204864 -0.247073 1.019867 52 50 47
0.204315 -0.244498 1.017792 59 58 52
0.203515 -0.242075 1.015556 65 64 58
0.201051 -0.246783 1.021172 51 49 46
0.200143 -0.244434 1.018874 55 53 50
0.199054 -0.242197 1.016461 61 60 54
0.158850 -0.165937 0.946977 148 147 141
0.157601 -0.160743 0.942676 152 151 144
0.164230 -0.195422 0.974939 126 125 118
0.163784 -0.192738 0.972925 128 127 121
0.162643 -0.190562 0.970492 129 128 122
0.161018 -0.188747 0.967772 129 128 122
0.159854 -0.186593 0.965328 130 129 123
0.157790 -0.182089 0.960597 132 131 125
0.156071 -0.177320 0.956067 136 135 129
0.155842 -0.174446 0.954165 138 137 131
0.155493 -0.171658 0.952190 140 139 133
0.155569 -0.168531 0.950455 142 141 135
0.155369 -0.165610 0.948556 143 142 136
0.154419 -0.160183 0.944433 145 144 136
0.153298 -0.154872 0.940203 145 144 137
0.162711 -0.199637 0.981119 124 123 115
0.160349 -0.195358 0.976212 128 127 119
0.158827 -0.190461 0.971813 129 128 122
0.156642 -0.186053 0.967014 130 129 123
0.161096 -0.203910 0.987215 108 105 99
0.158870 -0.199542 0.982395 120 118 111
0.157822 -0.197311 0.980026 129 126 119
0.156828 -0.195041 0.977689 125 123 116
0.156079 -0.192589 0.975503 126 124 116
0.155161 -0.190260 0.973211 129 128 121
0.154094 -0.188043 0.970830 125 124 118
0.153013 -0.185836 0.968440 126 125 119
0.150956 -0.181344 0.963723 118 117 111
0.150502 -0.178654 0.961707 115 114 108
0.150051 -0.175956 0.959690 115 112 105
0.150172 -0.172807 0.958006 107 103 96
0.150025 -0.169857 0.956159 102 99 92
0.150281 -0.163492 0.952770 122 113 107
0.152493 -0.189318 0.975210 137 117 108
0.150046 -0.185124 0.970256 143 130 120
0.185667 -0.047069 1.020690 101 142 138
0.184853 -0.044131 1.018211 92 136 135
0.182714 -0.056939 1.028856 196 126 124
0.182301 -0.053654 1.026659 196 130 134
0.377219 -0.249424 1.031523 103 104 97
0.381781 -0.244440 1.026198 93 90 85
0.356794 -0.257673 1.037063 105 108 95
0.360360 -0.255375 1.036128 89 89 80
0.364421 -0.253135 1.035828 69 68 63
0.367756 -0.250788 1.034553 42 42 37
0.371071 -0.248431 1.033241 39 39 35
0.373814 -0.245999 1.031178 39 39 35
0.376147 -0.243516 1.028586 35 34 31
0.378794 -0.241071 1.026397 33 32 27
0.381776 -0.238662 1.024630 31 32 25
0.384690 -0.236241 1.022769 31 32 25
0.387753 -0.233833 1.021089 30 31 24
0.390355 -0.231376 1.018829 32 33 26
0.392962 -0.228918 1.016573 32 33 27
0.395724 -0.226473 1.014504 34 32 29
0.398373 -0.224017 1.012296 36 34 31
0.400790 -0.221540 1.009803 35 33 30
0.403242 -0.219067 1.007355 35 33 30
0.405791 -0.216602 1.005023 34 32 29
0.408695 -0.214163 1.003114 34 32 29
0.411393 -0.211706 1.000956 34 33 29
0.413389 -0.209202 0.997969 35 35 31
0.415990 -0.206739 0.995697 33 33 29
0.419120 -0.204308 0.994039 35 34 30
0.338032 -0.266014 1.044387 70 70 66
0.344091 -0.261313 1.041206 102 102 93
0.347135 -0.258958 1.039623 63 64 56
0.350506 -0.256645 1.038469 44 45 39
0.353541 -0.254279 1.036852 35 37 33
0.357285 -0.252003 1.036166 33 33 29
0.361429 -0.249769 1.035988 32 32 28
0.364829 -0.247428 1.034808 28 28 24
0.367937 -0.245044 1.033233 36 35 29
0.370819 -0.242630 1.031356 39 40 33
0.373190 -0.240154 1.028815 40 41 34
0.376128 -0.237741 1.027001 37 37 33
0.379088 -0.235328 1.025210 54 54 50
0.382123 -0.232919 1.023506 60 60 55
0.385171 -0.230507 1.021810 62 63 56
0.387775 -0.228049 1.019551 77 78 71
0.390328 -0.225586 1.017229 91 91 85
0.392952 -0.223128 1.014992 86 85 79
0.395473 -0.220662 1.012629 95 93 90
0.398058 -0.218200 1.010343 92 90 86
0.400380 -0.215718 1.007738 98 96 93
0.402831 -0.213246 1.005291 83 82 76
0.405746 -0.210807 1.003399 86 87 80
0.408326 -0.208344 1.001105 80 81 74
0.410541 -0.205857 0.998377 69 69 63
0.413082 -0.203391 0.996038 55 55 49
0.415672 -0.200928 0.993754 54 55 48
0.418509 -0.198478 0.991756 46 46 40
0.422046 -0.196059 0.990562 36 38 34
0.425403 -0.193625 0.989147 36 38 34
0.431379 -0.188711 0.985445 33 34 32
0.333143 -0.262372 1.041856 67 70 63
0.336712 -0.260112 1.041036 28 30 24
0.340197 -0.257831 1.040083 32 33 27
0.343545 -0.255523 1.038926 29 29 25
0.346941 -0.253214 1.037820 26 26 22
0.350396 -0.250905 1.036776 32 32 28
0.353835 -0.248586 1.035697 39 39 35
0.358000 -0.246351 1.035563 46 46 42
0.361305 -0.243999 1.034271 63 62 59
0.364455 -0.241621 1.032762 89 87 84
0.367405 -0.239216 1.030984 97 98 92
0.370192 -0.236790 1.028985 93 95 88
0.373231 -0.234388 1.027309 102 102 95
0.376192 -0.231974 1.025522 99 100 93
0.379245 -0.229565 1.023846 98 99 92
0.382452 -0.227167 1.022356 97 97 88
0.385170 -0.224720 1.020242 95 96 87
0.387878 -0.222270 1.018114 93 94 85
0.390420 -0.219805 1.015776 93 95 86
0.392696 -0.217319 1.013110 96 98 91
0.395146 -0.214847 1.010661 90 93 86
0.397251 -0.212351 1.007793 96 98 91
0.399519 -0.209869 1.005129 99 101 92
0.402093 -0.207409 1.002836 97 97 88
0.404564 -0.204943 1.000418 89 90 81
0.406674 -0.202455 0.997574 95 95 86
0.409369 -0.200002 0.995424 101 101 92
0.411783 -0.197534 0.992944 103 103 94
0.414507 -0.195081 0.990825 111 111 103
0.417262 -0.192628 0.988739 117 118 109
0.420046 -0.190175 0.986684 104 105 98
0.422758 -0.187717 0.984542 85 86 80
0.425305 -0.185252 0.982210 68 68 64
0.321327 -0.263265 1.041121 43 44 38
0.325679 -0.261149 1.041460 34 35 29
0.329722 -0.258970 1.041336 24 27 22
0.333419 -0.256728 1.040707 22 23 19
0.337268 -0.254498 1.040266 35 36 29
0.340695 -0.252198 1.039225 45 45 40
0.344230 -0.249904 1.038315 63 63 58
0.347651 -0.247588 1.037235 81 82 76
0.351003 -0.245255 1.036045 92 93 85
0.355078 -0.243003 1.035805 92 93 85
0.358411 -0.240651 1.034556 90 90 82
0.361480 -0.238263 1.032947 87 85 79
0.364577 -0.235874 1.031367 95 95 88
0.367520 -0.233464 1.029575 97 96 89
0.370635 -0.231068 1.028000 109 106 101
0.373647 -0.228657 1.026282 110 111 104
0.376641 -0.226241 1.024534 116 115 109
0.379755 -0.223831 1.022930 132 129 122
0.382551 -0.221390 1.020917 136 133 126
0.385233 -0.218938 1.018756 135 133 125
0.387958 -0.216487 1.016646 131 130 122
0.390301 -0.214006 1.014061 129 128 120
0.392759 -0.211535 1.011621 130 129 121
0.394839 -0.209038 1.008719 138 137 129
0.397182 -0.206562 1.006143 145 144 136
0.399674 -0.204096 1.003749 141 142 133
0.402042 -0.201623 1.001207 145 147 137
0.404262 -0.199143 0.998491 147 149 136
0.406862 -0.196684 0.996228 143 142 127
0.409258 -0.194215 0.993726 138 139 123
0.411924 -0.191758 0.991539 125 125 110
0.414589 -0.189300 0.989350 112 113 103
0.417151 -0.186838 0.987040 102 103 94
0.419729 -0.184376 0.984748 99 100 91
0.421960 -0.181903 0.982059 98 99 90
0.424911 -0.179451 0.980189 101 99 93
0.427229 -0.176981 0.977601 105 104 98
0.429316 -0.174509 0.974756 93 92 86
0.431115 -0.172034 0.971596 63 63 57
0.312041 -0.264532 1.043796 39 39 35
0.314919 -0.262199 1.042100 25 26 23
0.318217 -0.259926 1.040991 22 24 23
0.322827 -0.257843 1.041709 27 29 25
0.326615 -0.255622 1.041241 39 40 36
0.330116 -0.253349 1.040354 57 57 53
0.333752 -0.251087 1.039634 82 81 74
0.337042 -0.248768 1.038420 87 86 79
0.340439 -0.246457 1.037338 89 88 80
0.343878 -0.244144 1.036298 89 88 80
0.347328 -0.241824 1.035256 91 90 82
0.351456 -0.239576 1.035105 97 96 88
0.354843 -0.237231 1.033943 109 107 99
0.358309 -0.234888 1.032869 113 111 103
0.361549 -0.232513 1.031484 100 98 90
0.364738 -0.230128 1.030020 79 79 71
0.367926 -0.227737 1.028544 62 62 56
0.371091 -0.225339 1.027027 46 49 43
0.374039 -0.222916 1.025223 41 42 37
0.377183 -0.220507 1.023660 33 35 30
0.379990 -0.218065 1.021663 32 35 29
0.382802 -0.215622 1.019666 30 32 28
0.385462 -0.213165 1.017475 29 31 27
0.387897 -0.210692 1.015004 33 35 31
0.390506 -0.208230 1.012747 34 36 30
0.392803 -0.205748 1.010108 33 35 29
0.395290 -0.203279 1.007701 36 35 30
0.397880 -0.200816 1.005421 38 39 33
0.400279 -0.198342 1.002910 36 37 31
0.402711 -0.195871 1.000440 40 40 35
0.405198 -0.193403 0.998037 41 41 36
0.407355 -0.190921 0.995244 51 50 45
0.410039 -0.188463 0.993075 70 70 64
0.412630 -0.185999 0.990795 90 93 85
0.414908 -0.183525 0.988152 109 112 102
0.417067 -0.181050 0.985374 123 127 116
0.419100 -0.178573 0.982455 126 127 118
0.421597 -0.176110 0.980074 119 120 110
0.423917 -0.173644 0.977491 107 108 99
0.425896 -0.171174 0.974528 95 96 87
0.427970 -0.168708 0.971677 97 98 88
0.430988 -0.166254 0.969883 101 102 94
0.433214 -0.163792 0.967207 89 90 83
0.436140 -0.161333 0.965304 62 63 58
0.437380 -0.158873 0.961552 39 41 34
0.302063 -0.265668 1.045371 39 38 34
0.305466 -0.263433 1.044470 25 25 24
0.308972 -0.261206 1.043698 24 24 22
0.311871 -0.258876 1.042040 36 37 35
0.315621 -0.256670 1.041582 45 45 42
0.320097 -0.254558 1.042126 68 68 63
0.323866 -0.252329 1.041643 79 80 71
0.327279 -0.250041 1.040641 83 84 74
0.331008 -0.247787 1.040059 88 87 78
0.334344 -0.245472 1.038917 87 86 76
0.337851 -0.243171 1.037992 100 99 90
0.341401 -0.240867 1.037109 99 98 90
0.344968 -0.238556 1.036230 83 83 76
0.349115 -0.236302 1.036114 48 49 42
0.352570 -0.233960 1.035044 35 36 29
0.356039 -0.231611 1.033978 32 32 29
0.359404 -0.229245 1.032761 30 32 30
0.362585 -0.226854 1.031287 26 28 25
0.365861 -0.224467 1.029926 27 27 24
0.369005 -0.222062 1.028382 26 27 24
0.372128 -0.219651 1.026800 26 28 24
0.375204 -0.217231 1.025150 25 27 23
0.378068 -0.214790 1.023222 28 30 26
0.380765 -0.212335 1.021076 27 29 25
0.383496 -0.209880 1.018971 28 29 25
0.385982 -0.207408 1.016557 29 31 27
0.388703 -0.204951 1.014435 29 30 26
0.391197 -0.202478 1.012030 29 30 26
0.393716 -0.200008 1.009657 29 29 25
0.396453 -0.197549 1.007549 30 30 26
0.398715 -0.195065 1.004863 31 31 27
0.401236 -0.192594 1.002491 32 32 28
0.403479 -0.190113 0.999789 32 32 29
0.405773 -0.187634 0.997150 32 32 28
0.408404 -0.185170 0.994912 30 30 26
0.410812 -0.182697 0.992412 31 31 27
0.413220 -0.180225 0.989913 33 34 31
0.415405 -0.177749 0.987156 38 39 35
0.417222 -0.175267 0.983981 42 42 37
0.419424 -0.172796 0.981257 59 60 55
0.421588 -0.170327 0.978493 93 93 88
0.423156 -0.167854 0.975060 126 124 118
0.425317 -0.165391 0.972307 127 129 117
0.427921 -0.162933 0.970054 100 101 91
0.429904 -0.160474 0.967108 93 93 85
0.432881 -0.158016 0.965268 91 94 85
0.434078 -0.155563 0.961469 97 99 91
0.435038 -0.153121 0.957428 74 76 70
0.436383 -0.150685 0.953825 40 43 38
0.299817 -0.262484 1.046446 24 23 23
0.302633 -0.260151 1.044694 29 29 27
0.306031 -0.257904 1.043777 45 45 43
0.309429 -0.255648 1.042842 71 71 68
0.313277 -0.253450 1.042532 79 80 75
0.317853 -0.251343 1.043230 79 80 73
0.321501 -0.249091 1.042583 83 83 75
0.325236 -0.246840 1.042036 89 88 80
0.329165 -0.244604 1.041737 92 91 82
0.332963 -0.242340 1.041232 66 65 58
0.336676 -0.240054 1.040587 45 44 39
0.348400 -0.233202 1.039317 23 25 23
0.351715 -0.230834 1.038051 24 26 24
0.355178 -0.228474 1.036969 26 28 26
0.358554 -0.226098 1.035757 23 27 24
0.377240 -0.211589 1.026183 24 26 22
0.382664 -0.206664 1.021903 28 28 24
0.414414 -0.174453 0.989730 29 30 28
0.418483 -0.169495 0.983860 33 35 33
0.420479 -0.167021 0.980892 31 33 31
0.422241 -0.164548 0.977665 32 36 30
0.424001 -0.162080 0.974445 39 43 38
0.426380 -0.159617 0.971931 75 78 71
0.430416 -0.154699 0.966107 114 117 108
0.433728 -0.149802 0.959518 91 91 87
0.434893 -0.147369 0.955704 99 100 91
0.436482 -0.144937 0.952368 80 79 76
0.437200 -0.142529 0.948107 42 41 39
0.288734 -0.263426 1.046234 24 23 23
0.293046 -0.261353 1.046741 23 22 26
0.296610 -0.259146 1.046111 41 41 41
0.299644 -0.256848 1.044687 64 64 62
0.303434 -0.254657 1.044350 78 79 72
0.306928 -0.252412 1.043561 77 78 70
0.310924 -0.250228 1.043473 80 81 72
0.315360 -0.248091 1.043983 87 88 79
0.319272 -0.245869 1.043717 72 73 67
0.323018 -0.243613 1.043191 41 41 38
0.327126 -0.241391 1.043149 26 26 24
0.331008 -0.239129 1.042765 25 25 22
0.334950 -0.236862 1.042438 27 27 25
0.338856 -0.234579 1.042037 24 26 24
0.342707 -0.232280 1.041539 24 26 24
0.346960 -0.230011 1.041561 23 25 23
0.350433 -0.227650 1.040503 23 25 23
0.354013 -0.225292 1.039573 24 24 22
0.357485 -0.222915 1.038481 23 25 23
0.364180 -0.218120 1.035923 23 25 23
0.373298 -0.210812 1.030795 26 26 24
0.375929 -0.208340 1.028546 25 25 23
0.378553 -0.205867 1.026286 25 25 22
0.381272 -0.203399 1.024145 25 25 22
0.384015 -0.200931 1.022031 26 26 24
0.386792 -0.198463 1.019956 28 28 26
0.391696 -0.193492 1.014994 26 26 24
0.396395 -0.188515 1.009785 26 26 24
0.401193 -0.183546 1.004707 28 28 26
0.417200 -0.166177 0.986086 29 29 28
0.419040 -0.163700 0.982926 29 29 25
0.420447 -0.161225 0.979282 27 29 25
0.422198 -0.158758 0.976044 26 28 26
0.424174 -0.156295 0.973069 29 32 31
0.425617 -0.153840 0.969505 33 35 31
0.427502 -0.151386 0.966448 49 51 46
0.428989 -0.148942 0.962958 98 100 94
0.430507 -0.146504 0.959516 111 112 105
0.431592 -0.144081 0.955614 97 98 90
0.432667 -0.141666 0.951720 92 91 85
0.433549 -0.139266 0.947635 91 89 86
0.434352 -0.136878 0.943487 74 71 68
0.435766 -0.134480 0.940014 36 38 36
0.289910 -0.258035 1.046486 44 44 43
0.293513 -0.255831 1.045930 68 69 65
0.296961 -0.253595 1.045122 74 75 71
0.300609 -0.251378 1.044589 74 77 70
0.304209 -0.249145 1.043964 84 87 79
0.312907 -0.244845 1.044794 39 39 35
0.423547 -0.152957 0.975998 28 29 26
0.426800 -0.148044 0.969258 26 28 25
0.427896 -0.145605 0.965317 27 29 26
0.429583 -0.143163 0.962048 39 41 38
0.430109 -0.140754 0.957514 82 83 74
0.431040 -0.138347 0.953449 101 101 93
0.431562 -0.135962 0.948961 93 91 85
0.432041 -0.133590 0.944452 89 86 79
0.433329 -0.131201 0.940837 74 76 73
0.433885 -0.128848 0.936456 47 48 45
0.434388 -0.126509 0.932045 30 28 29
0.273174 -0.260812 1.043470 23 24 24
0.278575 -0.258941 1.045740 34 35 34
0.282696 -0.256843 1.046031 55 57 55
0.286527 -0.254684 1.045855 80 80 76
0.290527 -0.252539 1.045903 72 73 69
0.294115 -0.250320 1.045315 74 76 72
0.297936 -0.248124 1.045046 65 66 62
0.305645 -0.243704 1.044530 27 28 27
0.310475 -0.241601 1.045636 23 23 21
0.422622 -0.149605 0.978607 25 27 23
0.423689 -0.147153 0.974583 25 27 23
0.425130 -0.144703 0.970999 25 27 25
0.426255 -0.142267 0.967077 24 26 24
0.427172 -0.139846 0.962943 24 26 24
0.427892 -0.137440 0.958613 27 29 25
0.428310 -0.135054 0.953977 38 39 37
0.428947 -0.132674 0.949606 82 82 77
0.429008 -0.130327 0.944636 95 91 85
0.429649 -0.127972 0.940323 80 82 78
0.429730 -0.125651 0.935433 80 81 77
0.430481 -0.123314 0.931288 60 59 57
0.431397 -0.120979 0.927338 34 30 32
0.269466 -0.257432 1.042257 34 34 31
0.275025 -0.255579 1.044803 63 64 60
0.279459 -0.253525 1.045588 70 69 63
0.283488 -0.251393 1.045726 72 71 63
0.287662 -0.249268 1.046052 68 69 61
0.424823 -0.138916 0.969080 24 26 24
0.425445 -0.136507 0.964603 24 26 24
0.426145 -0.131743 0.955125 24 26 24
0.426383 -0.129386 0.950306 28 28 24
0.426064 -0.127066 0.944913 47 47 43
0.425998 -0.124751 0.939829 84 85 81
0.425648 -0.122466 0.934473 82 83 79
0.426274 -0.120147 0.930197 76 76 72
0.427386 -0.117813 0.926460 65 66 61
0.429227 -0.115446 0.923508 36 35 33
0.257247 -0.258137 1.039736 24 23 22
0.265902 -0.254087 1.041249 65 65 60
0.276131 -0.250201 1.044997 67 68 61
0.280282 -0.248083 1.045339 56 54 51
0.284665 -0.245982 1.045997 34 33 31
0.293001 -0.241673 1.046562 21 21 19
0.424067 -0.137934 0.977086 23 25 23
0.424534 -0.135518 0.972382 22 24 22
0.424696 -0.133126 0.967365 21 23 21
0.424849 -0.130749 0.962370 22 24 22
0.424614 -0.128402 0.956977 25 25 23
0.424580 -0.126064 0.951843 25 25 23
0.423866 -0.123772 0.946000 26 26 24
0.423552 -0.121481 0.940633 33 33 30
0.422447 -0.119248 0.934450 66 67 61
0.422576 -0.116967 0.929637 80 81 75
0.423378 -0.114661 0.925571 75 78 71
0.424744 -0.112329 0.922123 63 63 59
0.424922 -0.110081 0.917440 33 35 33
0.425795 -0.107799 0.913512 22 28 22
0.252860 -0.254676 1.037371 30 29 28
0.272490 -0.246840 1.043916 45 46 40
0.421510 -0.120484 0.946918 24 24 22
0.420645 -0.118234 0.940937 25 25 23
0.419257 -0.116035 0.934432 30 30 27
0.418794 -0.113802 0.928976 53 54 50
0.418958 -0.111548 0.924228 72 75 68
0.419803 -0.109261 0.920234 73 74 69
0.419638 -0.107054 0.915193 62 62 59
0.420629 -0.104779 0.911400 29 36 31
0.421772 -0.102501 0.907784 30 32 28
0.423080 -0.100217 0.904356 80 78 76
0.241365 -0.255470 1.035632 23 23 21
0.249128 -0.251337 1.036006 54 54 50
0.259081 -0.247473 1.039658 63 65 61
0.269593 -0.243593 1.043958 19 21 19
0.278971 -0.239463 1.046317 20 21 20
0.420230 -0.117134 0.949021 22 24 22
0.419168 -0.114907 0.942800 24 24 22
0.417415 -0.112744 0.935876 26 26 24
0.416392 -0.110559 0.929795 28 28 26
0.415610 -0.108379 0.924020 52 54 50
0.415873 -0.106143 0.919403 74 75 69
0.415202 -0.103990 0.913822 72 72 69
0.415941 -0.101746 0.909770 49 52 49
0.416715 -0.099509 0.905775 28 32 27
0.417265 -0.097300 0.901569 43 47 42
0.416394 -0.109393 0.938222 21 23 21
0.414786 -0.107260 0.931480 23 25 22
0.413256 -0.105146 0.924877 25 29 25
0.412722 -0.102980 0.919394 54 57 53
0.411585 -0.100878 0.913307 67 68 66
0.411947 -0.098676 0.908856 64 66 64
0.412065 -0.096506 0.904172 44 47 42
0.412042 -0.094362 0.899371 30 36 30
0.412490 -0.092189 0.895091 68 67 64
0.413790 -0.089948 0.891717 77 75 72
0.233092 -0.248706 1.031438 23 24 22
0.242051 -0.244753 1.033832 61 60 55
0.413690 -0.103915 0.933730 20 22 20
0.411646 -0.101854 0.926542 18 24 20
0.410503 -0.099748 0.920384 23 27 24
0.408472 -0.097736 0.913322 65 67 65
0.408192 -0.095600 0.908182 63 65 63
0.407458 -0.093519 0.902596 59 61 57
0.406988 -0.091433 0.897328 27 33 28
0.406637 -0.089351 0.892221 50 50 46
0.407468 -0.087171 0.888377 70 68 65
0.410690 -0.098502 0.928926 19 23 20
0.408895 -0.096462 0.922037 20 24 21
0.406051 -0.094539 0.914075 33 36 33
0.404647 -0.092516 0.907721 63 65 63
0.402987 -0.090540 0.901145 63 63 59
0.402171 -0.088505 0.895512 46 48 44
0.401390 -0.086485 0.889957 39 38 35
0.402191 -0.084323 0.886092 63 61 58
0.404395 -0.082022 0.883702 84 81 79
0.406441 -0.093243 0.922779 21 23 21
0.401340 -0.089420 0.907505 61 63 61
0.398950 -0.087536 0.900138 60 59 54
0.397693 -0.085565 0.894035 59 59 53
0.396312 -0.083628 0.887846 37 37 33
0.397220 -0.081468 0.884104 57 55 52
0.399254 -0.079194 0.881552 82 80 77
0.402116 -0.076829 0.879861 49 47 44
0.394756 -0.084563 0.898950 58 58 52
0.390619 -0.080861 0.885062 38 38 34
0.391520 -0.078718 0.881327 54 52 49
0.393259 -0.076488 0.878487 82 80 77
0.395596 -0.074192 0.876274 53 51 48
0.216272 -0.235340 1.022267 55 55 51
0.388338 -0.079786 0.890597 56 57 50
0.386064 -0.077996 0.883457 38 38 34
0.386576 -0.075911 0.879318 51 49 46
0.387760 -0.073757 0.875910 85 83 80
0.389255 -0.071571 0.872839 54 52 49
0.210768 -0.231871 1.017757 49 51 49
0.381103 -0.075200 0.881400 41 41 37
0.381279 -0.073171 0.876914 49 49 45
0.382400 -0.071037 0.873452 84 84 80
0.383465 -0.068918 0.869946 59 57 54
0.195995 -0.232263 1.009591 39 39 37
0.205827 -0.228506 1.014128 46 48 46
0.376028 -0.072441 0.879197 44 43 39
0.376009 -0.070454 0.874512 55 55 51
0.376982 -0.068353 0.870906 82 82 78
0.378424 -0.066199 0.867811 56 54 51
0.190999 -0.228918 1.005721 44 44 42
0.195228 -0.226964 1.006920 39 39 37
0.200188 -0.225081 1.009293 46 47 45
0.370334 -0.069786 0.876305 41 40 37
0.370365 -0.067813 0.871683 68 68 64
0.371084 -0.065761 0.867823 82 81 77
0.372669 -0.063602 0.864898 56 53 51
0.186103 -0.225614 1.001977 59 59 56
0.190146 -0.223639 1.002908 36 36 35
0.194802 -0.221719 1.004825 46 46 44
0.365251 -0.067082 0.874042 41 39 36
0.365170 -0.065143 0.869308 80 78 75
0.366084 -0.063080 0.865668 68 66 63
0.367888 -0.060900 0.862990 57 53 51
0.178825 -0.224501 1.000021 62 62 62
0.181246 -0.222340 0.998252 61 61 60
0.184781 -0.220309 0.998368 40 40 39
0.189091 -0.218352 0.999757 53 53 51
0.193478 -0.216384 1.001229 32 32 32
0.359056 -0.064557 0.870546 55 53 50
0.358948 -0.062643 0.865799 84 81 79
0.360282 -0.060538 0.862628 67 64 61
0.362075 -0.058371 0.859958 58 54 52
0.174587 -0.221318 0.997289 57 57 57
0.176722 -0.219133 0.995054 66 66 64
0.180042 -0.217081 0.994840 57 57 56
0.183835 -0.215069 0.995402 46 46 44
0.354303 -0.061864 0.868589 74 72 69
0.354327 -0.059950 0.863988 81 78 76
0.355554 -0.057871 0.860712 64 61 59
0.357046 -0.055759 0.857735 57 52 50
0.170113 -0.218128 0.994112 56 56 56
0.172360 -0.215966 0.992095 66 66 64
0.175337 -0.213882 0.991328 65 65 63
0.178351 -0.211794 0.990605 48 48 46
0.181308 -0.209693 0.989770 41 41 39
0.347697 -0.059466 0.864579 86 84 81
0.348548 -0.057451 0.860897 75 71 69
0.350290 -0.055309 0.858197 63 59 57
0.165610 -0.214958 0.990845 59 57 58
0.167786 -0.212799 0.988732 62 62 62
0.170600 -0.210705 0.987718 70 70 68
0.173218 -0.208586 0.986354 60 60 58
0.175287 -0.206413 0.984049 42 42 40
0.178847 -0.204371 0.984261 29 29 27
0.342674 -0.056870 0.862270 82 79 72
0.343742 -0.054837 0.858836 73 70 65
0.163010 -0.209636 0.984974 64 62 62
0.165693 -0.207538 0.983769 70 68 67
0.167982 -0.205399 0.981873 79 79 77
0.169470 -0.203190 0.978611 55 55 54
0.172629 -0.201125 0.978196 39 39 38
0.393080 -0.102896 1.063162 66 67 60
0.397391 -0.097747 1.056811 55 56 52
0.401236 -0.092652 1.049904 51 52 48
0.404437 -0.087639 1.042237 48 48 44
0.333757 -0.058627 0.864861 83 81 72
0.336527 -0.054477 0.858694 79 76 69
0.338286 -0.052350 0.856039 70 67 63
0.340165 -0.050206 0.853522 67 60 59
0.158658 -0.206541 0.981912 64 61 63
0.160841 -0.204405 0.979867 69 67 66
0.163257 -0.202289 0.978223 75 75 73
0.164329 -0.200061 0.974269 85 85 82
0.167043 -0.197969 0.973138 57 57 54
0.386378 -0.104497 1.070780 102 101 92
0.329570 -0.054088 0.858778 85 82 74
0.332185 -0.051831 0.857083 77 74 67
0.334395 -0.049638 0.854937 71 68 63
0.155844 -0.201288 0.975664 70 68 67
0.158101 -0.199170 0.973780 75 75 71
0.159194 -0.196963 0.969886 84 82 79
0.161581 -0.194859 0.968233 86 84 81
0.382892 -0.101020 1.070563 111 108 100
0.396244 -0.085567 1.052029 84 81 77
0.321896 -0.053825 0.857998 87 81 74
0.328014 -0.049177 0.855643 77 74 67
0.151627 -0.198263 0.972782 75 73 72
0.153937 -0.196158 0.971014 79 77 74
0.154407 -0.193922 0.966055 84 82 79
0.156464 -0.191807 0.963866 90 88 85
0.161171 -0.187612 0.960502 72 70 67
0.320325 -0.048945 0.854834 82 76 69
0.150015 -0.190935 0.962863 85 83 80
0.152029 -0.188828 0.960625 89 87 84
0.154280 -0.186735 0.958798 95 94 88
0.155995 -0.184613 0.956052 97 95 92
0.146946 -0.188051 0.961951 87 84 82
0.148964 -0.185949 0.959728 88 87 84
0.150827 -0.183839 0.957241 95 93 90
0.152400 -0.181719 0.954262 100 100 96
0.153638 -0.179590 0.950725 101 101 97
0.155759 -0.177502 0.948705 95 95 91
0.147855 -0.180980 0.956497 97 95 92
0.149745 -0.178879 0.954070 101 101 97
0.151178 -0.176764 0.950865 105 105 101
0.152890 -0.174664 0.948151 110 109 103
0.145069 -0.178136 0.956063 96 95 91
0.146946 -0.176039 0.953618 102 102 98
0.148351 -0.173930 0.950367 106 106 102
0.149959 -0.171832 0.947479 114 113 107
0.152091 -0.169751 0.945493 119 118 112
0.153820 -0.167662 0.942827 122 121 114
0.145988 -0.171115 0.950660 105 105 101
0.147584 -0.169021 0.947748 113 112 106
0.149457 -0.166936 0.945325 120 119 113
0.151161 -0.164851 0.942618 124 122 115
0.152255 -0.162765 0.938893 132 131 123
0.153608 -0.160689 0.935624 129 128 121
0.155477 -0.158619 0.933230 119 117 110
0.142791 -0.168286 0.949499 100 99 95
0.144185 -0.166197 0.946246 113 112 106
0.145880 -0.164117 0.943527 119 118 112
0.147686 -0.162041 0.941006 124 122 114
0.148846 -0.159967 0.937400 127 126 118
0.150487 -0.157900 0.934623 136 135 127
0.152022 -0.155837 0.931681 141 140 132
0.153574 -0.153779 0.928779 142 141 133
0.144029 -0.159246 0.939061 127 122 115
0.145342 -0.157183 0.935722 129 124 118
0.147134 -0.155123 0.933213 132 129 122
0.149402 -0.153059 0.931511 136 133 126
0.151025 -0.151006 0.928729 137 135 128
0.152535 -0.148958 0.925770 138 136 129
0.153908 -0.146919 0.922598 140 139 131
0.142319 -0.154410 0.934846 129 119 114
0.143931 -0.152358 0.932038 132 125 119
0.145861 -0.150304 0.929777 132 128 121
0.147695 -0.148254 0.927361 137 134 127
0.149430 -0.146209 0.924785 136 133 126
0.151031 -0.144170 0.921996 138 135 128
0.154755 -0.140086 0.917302 136 135 126
0.147843 -0.141442 0.920863 134 131 124
0.150122 -0.139387 0.919212 136 133 126
0.151595 -0.137367 0.916234 135 133 124
0.153396 -0.135336 0.913806 136 133 125
0.157291 -0.131263 0.909436 140 134 127
0.159119 -0.129236 0.907065 141 136 129
0.233696 -0.067744 0.868928 108 106 95
0.143980 -0.140714 0.924045 97 89 80
0.145921 -0.138672 0.921829 120 114 107
0.148135 -0.136618 0.920069 131 125 119
0.149607 -0.134601 0.917083 132 127 121
0.151093 -0.132588 0.914134 135 130 124
0.152834 -0.130565 0.911613 135 131 124
0.154487 -0.128550 0.908957 138 132 126
0.156284 -0.126529 0.906541 140 134 127
0.158009 -0.124515 0.904016 143 137 130
0.160127 -0.122475 0.902121 147 141 134
0.173481 -0.110163 0.891724 175 169 160
0.176027 -0.108076 0.890464 174 169 159
0.178512 -0.105991 0.889105 176 171 161
0.183110 -0.101855 0.885810 176 170 160
0.148924 -0.129834 0.914681 119 114 108
0.150471 -0.127826 0.911838 128 123 116
0.152046 -0.125820 0.909055 134 128 121
0.153731 -0.123810 0.906460 136 131 125
0.155688 -0.121782 0.904309 139 135 128
0.157759 -0.119745 0.902342 143 137 130
0.160336 -0.117667 0.901177 145 142 135
0.162665 -0.115606 0.899610 150 144 138
0.164758 -0.113565 0.897669 154 148 141
0.167023 -0.111508 0.895996 160 154 147
0.169499 -0.109429 0.894644 158 152 145
0.171659 -0.107379 0.892801 164 159 151
0.174073 -0.105301 0.891341 166 161 151
0.176524 -0.103217 0.889931 165 160 150
0.178693 -0.101163 0.888091 168 163 153
0.180881 -0.099105 0.886278 166 161 151
0.182449 -0.097122 0.883544 163 158 148
0.184599 -0.095070 0.881678 160 155 145
0.186457 -0.093055 0.879382 161 156 146
0.188566 -0.091008 0.877456 158 153 143
0.191000 -0.088918 0.875998 154 148 138
0.193186 -0.086860 0.874177 150 144 135
0.196169 -0.084689 0.873490 144 138 128
0.198940 -0.082542 0.872485 141 133 124
0.201908 -0.080363 0.871746 140 131 122
0.204581 -0.078222 0.870578 132 126 116
0.207156 -0.076092 0.869264 128 122 112
0.209817 -0.073945 0.868061 122 118 107
0.212737 -0.071754 0.867201 118 114 104
0.216132 -0.069481 0.866974 113 108 99
0.220022 -0.067117 0.867392 109 104 95
0.226923 -0.062507 0.866964 101 96 86
0.146824 -0.128989 0.920778 175 146 133
0.147636 -0.127022 0.916685 179 152 144
0.149204 -0.125012 0.913864 160 142 131
0.150304 -0.123041 0.910290 116 102 93
0.152030 -0.121028 0.907754 101 96 87
0.153657 -0.119027 0.905066 105 102 95
0.155611 -0.117000 0.902911 125 120 114
0.157836 -0.114950 0.901189 133 130 123
0.160048 -0.112900 0.899445 139 133 127
0.162127 -0.110863 0.897488 146 140 133
0.164373 -0.108808 0.895792 149 143 136
0.166777 -0.106736 0.894335 151 145 138
0.168914 -0.104690 0.892463 157 151 143
0.171236 -0.102623 0.890873 160 154 144
0.173722 -0.100535 0.889525 161 156 146
0.175992 -0.098471 0.887845 161 156 146
0.178242 -0.096407 0.886130 162 157 147
0.179932 -0.094413 0.883579 158 153 143
0.182087 -0.092361 0.881724 155 150 140
0.183902 -0.090354 0.879367 155 150 140
0.186109 -0.088296 0.877589 152 146 136
0.188396 -0.086225 0.875923 145 140 130
0.190641 -0.084159 0.874193 143 137 127
0.193338 -0.082027 0.873106 145 138 128
0.195873 -0.079914 0.871778 139 129 120
0.198777 -0.077742 0.870962 136 125 117
0.201358 -0.075615 0.869678 130 121 112
0.203733 -0.073518 0.868099 124 115 106
0.206451 -0.071363 0.866990 118 110 101
0.208583 -0.069301 0.865062 111 103 94
0.211764 -0.067062 0.864568 99 90 81
0.215871 -0.064658 0.865312 89 82 72
0.219339 -0.062353 0.865159 79 69 60
0.148712 -0.125943 0.928138 122 82 68
0.149549 -0.122064 0.918569 116 74 61
0.150500 -0.120101 0.914714 134 96 84
0.151659 -0.118129 0.911224 173 144 135
0.152983 -0.116150 0.908022 215 196 185
0.154308 -0.114177 0.904838 228 216 206
0.155856 -0.112188 0.902027 210 193 185
0.157635 -0.110180 0.899594 127 117 109
0.159576 -0.108158 0.897424 109 100 92
0.161444 -0.106144 0.895141 110 104 93
0.163734 -0.104085 0.893518 110 104 93
0.165860 -0.102044 0.891639 115 108 99
0.168365 -0.099957 0.890341 122 113 106
0.170925 -0.097861 0.889117 134 124 117
0.173230 -0.095793 0.887496 134 124 116
0.175606 -0.093715 0.885979 137 127 119
0.177539 -0.091692 0.883795 135 129 119
0.179963 -0.089605 0.882341 137 127 121
0.182185 -0.087543 0.880584 137 128 122
0.184735 -0.085434 0.879304 135 125 117
0.187583 -0.083278 0.878448 124 116 107
0.189857 -0.081202 0.876750 124 114 105
0.192322 -0.079097 0.875321 117 102 95
0.194681 -0.077005 0.873733 109 92 86
0.197288 -0.074872 0.872493 105 86 79
0.199750 -0.072760 0.871039 98 78 71
0.201866 -0.070702 0.869094 111 91 83
0.204259 -0.068597 0.867534 116 95 87
0.206234 -0.066562 0.865391 128 108 101
0.209340 -0.064331 0.864803 144 124 117
0.151895 -0.122750 0.937753 126 85 70
0.151639 -0.118941 0.926214 124 83 67
0.152081 -0.117012 0.921463 123 79 67
0.153003 -0.115054 0.917536 123 77 66
0.153728 -0.113123 0.913313 118 75 62
0.154736 -0.111174 0.909579 106 67 54
0.155898 -0.109218 0.906115 111 72 60
0.157431 -0.107230 0.903265 120 92 84
0.158686 -0.105276 0.899985 139 121 114
0.160314 -0.103287 0.897309 158 140 135
0.162072 -0.101285 0.894846 172 154 149
0.164214 -0.099239 0.892987 181 163 157
0.166528 -0.097172 0.891392 198 174 167
0.168966 -0.095088 0.889982 206 173 166
0.171503 -0.092987 0.888715 205 173 168
0.174058 -0.090882 0.887468 208 176 171
0.176036 -0.088852 0.885342 201 175 168
0.178576 -0.086744 0.884058 197 174 168
0.180789 -0.084680 0.882282 195 174 169
0.183488 -0.082544 0.881217 181 167 159
0.186202 -0.080401 0.880163 162 150 145
0.188423 -0.078330 0.878381 168 152 146
0.190803 -0.076233 0.876825 169 148 140
0.193344 -0.074108 0.875495 161 134 127
0.196232 -0.071924 0.874652 159 127 120
0.198985 -0.069757 0.873602 143 111 102
0.201120 -0.067691 0.871671 111 82 74
0.203732 -0.065542 0.870405 92 61 55
0.205670 -0.063509 0.868195 83 53 48
0.208951 -0.061236 0.867841 81 51 45
0.155253 -0.119478 0.947757 127 86 70
0.154488 -0.115698 0.935203 128 84 67
0.155735 -0.111801 0.926192 126 80 67
0.156257 -0.109880 0.921573 125 79 66
0.157105 -0.107938 0.917517 123 80 67
0.158247 -0.105973 0.913965 124 80 68
0.159178 -0.104039 0.910095 125 82 70
0.160032 -0.102122 0.906127 127 83 71
0.161316 -0.100163 0.902867 122 80 68
0.163018 -0.098159 0.900280 126 83 72
0.164629 -0.096169 0.897560 126 83 73
0.166766 -0.094114 0.895667 126 82 73
0.169215 -0.092018 0.894251 127 81 71
0.171715 -0.089912 0.892907 121 76 66
0.174276 -0.087794 0.891649 129 83 73
0.176342 -0.085744 0.889632 129 84 74
0.179035 -0.083603 0.888556 125 81 72
0.181574 -0.081480 0.887239 119 78 69
0.184112 -0.079355 0.885913 114 77 67
0.186675 -0.077223 0.884614 110 77 66
0.188841 -0.075151 0.882727 111 74 65
0.191049 -0.073073 0.880899 109 70 60
0.193537 -0.070946 0.879473 110 69 60
0.158377 -0.118115 0.963258 128 86 68
0.157919 -0.116198 0.956682 130 86 69
0.156857 -0.114356 0.949148 131 87 70
0.157134 -0.112412 0.943937 131 86 69
0.157322 -0.110492 0.938620 130 84 68
0.157839 -0.108553 0.933893 130 82 68
0.158338 -0.106628 0.929174 128 80 66
0.159167 -0.104680 0.925029 130 82 68
0.160047 -0.102735 0.920996 130 82 68
0.161037 -0.100786 0.917168 132 83 71
0.161834 -0.098869 0.913056 131 84 73
0.163244 -0.096885 0.909948 131 85 74
0.164933 -0.094871 0.907294 129 86 74
0.166478 -0.092878 0.904424 131 86 75
0.168454 -0.090831 0.902237 132 87 76
0.170837 -0.088728 0.900683 133 88 76
0.172857 -0.086674 0.898565 133 88 76
0.175203 -0.084574 0.896947 134 89 78
0.177247 -0.082518 0.894866 133 89 78
0.180074 -0.080341 0.893966 131 89 78
0.182717 -0.078189 0.892777 128 88 75
0.185531 -0.076006 0.891831 127 87 74
0.188186 -0.073844 0.890637 122 83 71
0.190444 -0.071745 0.888849 117 77 66
0.192431 -0.069691 0.886664 116 75 64
0.160202 -0.112892 0.965041 131 87 69
0.160595 -0.105181 0.942755 133 85 69
0.161020 -0.103256 0.937842 132 84 70
0.161656 -0.101319 0.933315 133 85 71
0.162281 -0.099395 0.928804 131 84 73
0.163211 -0.097445 0.924820 132 86 74
0.165490 -0.093516 0.917603 132 87 76
0.167340 -0.091466 0.915155 132 88 79
0.169075 -0.089434 0.912531 132 87 78
0.170824 -0.087403 0.909936 133 88 79
0.172724 -0.085353 0.907586 130 87 76
0.174714 -0.083290 0.905380 131 89 77
0.177006 -0.081183 0.903639 131 89 78
0.179102 -0.079105 0.901595 132 90 78
0.181772 -0.076936 0.900423 130 90 79
0.184688 -0.074723 0.899610 129 89 76
0.187772 -0.072477 0.899032 127 88 75
0.162337 -0.111507 0.979162 131 84 68
0.161080 -0.107728 0.965196 135 89 73
0.161450 -0.103857 0.954239 135 87 71
0.162257 -0.101872 0.949870 135 87 71
0.162859 -0.099922 0.945193 136 88 74
0.163632 -0.097963 0.940833 136 88 74
0.164211 -0.096039 0.936188 134 87 76
0.165260 -0.094066 0.932342 133 87 76
0.166224 -0.092112 0.928384 135 88 78
0.167273 -0.090155 0.924587 134 89 78
0.168966 -0.088115 0.921842 132 90 80
0.170633 -0.086082 0.919068 132 90 80
0.172370 -0.084042 0.916412 133 88 79
0.174159 -0.081996 0.913847 131 89 78
0.176004 -0.079945 0.911375 131 89 78
0.178362 -0.077814 0.909703 132 90 79
0.180472 -0.075722 0.907645 132 91 78
0.183416 -0.073493 0.906857 130 90 79
0.163089 -0.104343 0.973162 137 89 73
0.163133 -0.102412 0.967351 137 89 73
0.168526 -0.088636 0.936331 135 90 81
0.171160 -0.084632 0.929505 133 91 81
0.174376 -0.080563 0.923674 133 91 81
0.176136 -0.078510 0.921016 132 90 80
0.178061 -0.076433 0.918624 132 90 80
0.164236 -0.101003 0.979719 138 88 73
0.164409 -0.099057 0.974068 139 89 74
0.164313 -0.097160 0.968007 139 89 76
0.165106 -0.095168 0.963505 139 89 76
0.170001 -0.085224 0.943001 136 91 82
0.171245 -0.083222 0.939412 135 92 85
0.172607 -0.081209 0.936036 133 92 84
0.173936 -0.079207 0.932624 132 91 83
0.175622 -0.077153 0.929798 133 92 84
0.177494 -0.075072 0.927275 133 91 82
0.182020 -0.070783 0.923470 134 92 81
0.166465 -0.099431 0.994294 138 87 73
0.165806 -0.097567 0.987073 139 87 73
0.165888 -0.095631 0.981200 140 89 73
0.166703 -0.091721 0.970715 140 90 77
0.171657 -0.081737 0.950034 136 92 84
0.174383 -0.077687 0.943160 132 92 87
0.177515 -0.073591 0.937010 132 91 83
0.167879 -0.095959 1.001520 142 88 77
0.167031 -0.094124 0.993897 143 89 76
0.167347 -0.092158 0.988366 143 89 75
0.167291 -0.090258 0.982243 142 90 77
0.168053 -0.088259 0.977573 141 90 79
0.175833 -0.074167 0.949822 133 93 88
0.177271 -0.072130 0.946486 133 93 86
0.182189 -0.098891 1.057677 137 107 111
0.173231 -0.095890 1.028469 143 86 78
0.169736 -0.092380 1.009602 144 88 77
0.168889 -0.090549 1.001899 143 89 77
0.168822 -0.088633 0.995631 144 90 78
0.168787 -0.086731 0.989477 144 91 79
0.169347 -0.084758 0.984399 143 90 81
0.170338 -0.082732 0.980099 142 91 81
0.171496 -0.080690 0.976111 140 93 84
0.172720 -0.078646 0.972260 138 92 86
0.173839 -0.076626 0.968258 135 92 85
0.175116 -0.074587 0.964544 134 93 87
0.176475 -0.072542 0.960985 135 95 91
0.178059 -0.070465 0.957816 134 94 90
0.179587 -0.068401 0.954571 134 94 87
0.183083 -0.095295 1.064512 120 114 132
0.171933 -0.088697 1.018367 147 90 82
0.170569 -0.085018 1.003444 145 89 80
0.170108 -0.083180 0.996476 146 91 81
0.170841 -0.081178 0.991639 144 91 82
0.173022 -0.077093 0.983293 138 92 82
0.175336 -0.073020 0.975282 135 92 85
0.176666 -0.070965 0.971604 134 94 89
0.178171 -0.068886 0.968237 135 94 90
0.179787 -0.066793 0.965069 137 96 92
0.181484 -0.064689 0.962050 138 96 91
0.179661 -0.088142 1.050170 148 102 97
0.176964 -0.086518 1.038753 152 95 87
0.174948 -0.084833 1.028683 148 91 83
0.173474 -0.083100 1.019682 146 91 82
0.173084 -0.081230 1.012687 145 90 81
0.172814 -0.079362 1.005969 145 90 81
0.173264 -0.077397 1.000562 144 91 83
0.174124 -0.075379 0.995910 143 92 83
0.175083 -0.073354 0.991461 142 93 84
0.176324 -0.071290 0.987523 140 92 84
0.177495 -0.069247 0.983493 137 92 86
0.178787 -0.067189 0.979689 137 94 87
0.180367 -0.065086 0.976390 136 95 88
0.181966 -0.062984 0.973138 138 97 90
0.183685 -0.060865 0.970097 139 96 90
0.180506 -0.084497 1.056872 139 134 162
0.179399 -0.082657 1.048238 122 106 125
0.178016 -0.080887 1.039199 129 99 111
0.176482 -0.079169 1.029986 126 93 100
0.175826 -0.077340 1.022426 132 93 96
0.175394 -0.075497 1.015335 143 92 85
0.175843 -0.073526 1.009849 145 92 84
0.176259 -0.071575 1.004352 147 92 84
0.177110 -0.069562 0.999651 144 92 86
0.178150 -0.067526 0.995308 143 93 86
0.179268 -0.065484 0.991128 141 93 85
0.180429 -0.063443 0.987047 139 92 86
0.181941 -0.061344 0.983582 137 94 87
0.183616 -0.059218 0.980404 138 96 88
0.185525 -0.057051 0.977628 138 96 88
0.179531 -0.077114 1.047019 101 110 135
0.179065 -0.075233 1.039634 105 102 123
0.178849 -0.073333 1.032764 111 100 113
0.178349 -0.071500 1.025458 133 99 99
0.178601 -0.069557 1.019543 146 93 85
0.178709 -0.067655 1.013429 148 93 85
0.179354 -0.065671 1.008299 147 92 84
0.180433 -0.063620 1.003956 145 92 86
0.181723 -0.061537 1.000001 144 93 84
0.183030 -0.059459 0.996101 144 94 84
0.184610 -0.057334 0.992685 142 94 86
0.186249 -0.055202 0.989385 141 96 87
0.188040 -0.053044 0.986353 141 95 88
0.179662 -0.069635 1.039252 88 91 108
0.179706 -0.067713 1.032845 122 112 123
0.180291 -0.065710 1.027450 144 98 99
0.180907 -0.063715 1.022154 153 93 87
0.181802 -0.061679 1.017387 150 92 85
0.183036 -0.059589 1.013242 149 92 87
0.184365 -0.057488 1.009285 144 93 84
0.185586 -0.055416 1.005169 144 94 84
0.187195 -0.053273 1.001739 141 94 84
0.188515 -0.051195 0.997838 141 94 86
0.190082 -0.049071 0.994373 140 95 86
0.180386 -0.062107 1.032605 119 91 105
0.181914 -0.059939 1.028868 146 86 84
0.183421 -0.057782 1.025116 159 98 96
0.184960 -0.055624 1.021441 150 94 88
0.186466 -0.053479 1.017728 145 95 86
0.187992 -0.051336 1.014073 142 94 84
0.189275 -0.049250 1.010021 136 97 87
0.190711 -0.047138 1.006254 132 100 90
0.191923 -0.045082 1.002133 130 100 89
0.193063 -0.043048 0.997918 125 99 88
0.182655 -0.054312 1.028725 147 85 84
0.184246 -0.052143 1.025112 122 65 63
0.185949 -0.049957 1.021713 131 95 88
0.187721 -0.047761 1.018449 135 116 105
0.189124 -0.045648 1.014568 112 106 97
0.190501 -0.043548 1.010666 114 110 98
0.192209 -0.041381 1.007345 112 109 97
0.185802 -0.044518 1.020012 88 114 101
0.187478 -0.042349 1.016585 51 75 75
0.189457 -0.040117 1.013692 61 77 70
0.191371 -0.037902 1.010700 76 92 85
0.193095 -0.035735 1.007398 103 112 105
0.186450 -0.225220 0.997972 17 17 19
0.188933 -0.227348 1.000973 17 17 19
0.194408 -0.231101 1.004736 18 17 19
0.197007 -0.233135 1.007290 20 18 20
0.199570 -0.235219 1.010046 17 15 18
0.201982 -0.237488 1.013577 12 11 13
0.204770 -0.239338 1.015309 11 11 13
0.207442 -0.241329 1.017629 13 14 16
0.210206 -0.243217 1.019507 19 19 21
0.213326 -0.244663 1.019542 23 22 24
0.216430 -0.246113 1.019609 25 23 25
0.219622 -0.247432 1.019153 29 27 30
0.222317 -0.249392 1.021348 35 32 35
0.225176 -0.251135 1.022654 40 37 40
0.227631 -0.253440 1.026233 46 46 46
0.166259 -0.203044 0.971382 55 56 56
0.168429 -0.205316 0.975293 36 35 36
0.171001 -0.207265 0.977636 22 22 22
0.173710 -0.209101 0.979440 14 16 16
0.176369 -0.210984 0.981456 12 14 14
0.179017 -0.212882 0.983535 15 17 17
0.181428 -0.215007 0.986650 21 23 23
0.183416 -0.217548 0.991650 21 23 23
0.185998 -0.219544 0.994125 17 19 19
0.188355 -0.221774 0.997642 18 20 20
0.190859 -0.223872 1.000544 18 21 20
0.193577 -0.225762 1.002496 23 26 25
0.196215 -0.227741 1.004842 24 27 26
0.198792 -0.229794 1.007497 26 28 27
0.201424 -0.231796 1.009921 24 27 26
0.203824 -0.234072 1.013516 21 23 23
0.206699 -0.235818 1.014806 19 21 21
0.209419 -0.237744 1.016866 18 20 20
0.212288 -0.239497 1.018183 20 22 20
0.215294 -0.241075 1.018768 18 20 18
0.218248 -0.242709 1.019597 20 22 20
0.221200 -0.244338 1.020412 20 22 21
0.223962 -0.246211 1.022251 22 25 25
0.226765 -0.248031 1.023870 22 24 25
0.229493 -0.249958 1.025923 24 25 26
0.231989 -0.252221 1.029343 25 24 26
0.234712 -0.254174 1.031484 27 25 28
0.237659 -0.255799 1.032299 28 25 28
0.163171 -0.195710 0.965953 38 35 36
0.165117 -0.198121 0.970658 22 21 22
0.167575 -0.200145 0.973414 15 15 15
0.169822 -0.202354 0.977049 21 23 23
0.172417 -0.204287 0.979321 21 23 23
0.175218 -0.206047 0.980756 23 25 24
0.177863 -0.207944 0.982844 25 29 26
0.180441 -0.209908 0.985238 29 33 29
0.182856 -0.212030 0.988360 35 39 34
0.184964 -0.214458 0.992882 39 42 38
0.187461 -0.216536 0.995749 41 45 40
0.189862 -0.218724 0.999098 46 49 44
0.192431 -0.220758 1.001725 55 57 54
0.195138 -0.222661 1.003741 59 61 57
0.197736 -0.224683 1.006286 64 66 63
0.200335 -0.226715 1.008860 61 63 59
0.203006 -0.228677 1.011112 63 65 61
0.205502 -0.230844 1.014260 68 70 66
0.208346 -0.232626 1.015700 66 69 65
0.211114 -0.234497 1.017528 64 68 63
0.214030 -0.236191 1.018591 66 70 63
0.216987 -0.237829 1.019417 59 64 57
0.219861 -0.239566 1.020674 57 61 56
0.222608 -0.241462 1.022613 47 51 46
0.225366 -0.243349 1.024505 45 48 45
0.228090 -0.245286 1.026601 37 40 37
0.230814 -0.247228 1.028714 34 36 34
0.233570 -0.249132 1.030664 30 32 31
0.236300 -0.251078 1.032781 27 29 27
0.239163 -0.252833 1.034110 25 27 25
0.242145 -0.254403 1.034688 31 33 32
0.244853 -0.256389 1.036965 28 30 30
0.247640 -0.258259 1.038760 29 29 29
0.154703 -0.184834 0.957177 83 77 79
0.157446 -0.186597 0.958704 57 54 56
0.160012 -0.188490 0.960906 34 30 34
0.162549 -0.190411 0.963236 21 18 21
0.164948 -0.192446 0.966127 22 20 22
0.166967 -0.194793 0.970567 22 21 22
0.169475 -0.196770 0.973116 18 18 17
0.171770 -0.198931 0.976561 25 29 26
0.174389 -0.200837 0.978724 35 39 34
0.177023 -0.202735 0.980839 41 45 40
0.179633 -0.204660 0.983074 51 54 50
0.182188 -0.206640 0.985563 59 62 58
0.184577 -0.208781 0.988808 55 58 55
0.186686 -0.211202 0.993348 55 57 55
0.189214 -0.213247 0.996083 59 61 59
0.191578 -0.215466 0.999611 64 66 64
0.194186 -0.217459 1.002064 65 67 65
0.196872 -0.219381 1.004179 66 68 66
0.199460 -0.221411 1.006775 65 67 65
0.202067 -0.223431 1.009315 64 66 64
0.204730 -0.225400 1.011612 65 67 65
0.207243 -0.227544 1.014683 64 66 64
0.210065 -0.229350 1.016230 65 67 65
0.212763 -0.231301 1.018418 67 69 67
0.215655 -0.233026 1.019608 67 69 65
0.218593 -0.234692 1.020540 67 70 65
0.221434 -0.236471 1.021975 68 70 65
0.224207 -0.238338 1.023785 71 73 68
0.226934 -0.240267 1.025860 73 76 69
0.229663 -0.242200 1.027948 77 80 73
0.232446 -0.244065 1.029737 78 82 76
0.235274 -0.245868 1.031268 76 80 75
0.238119 -0.247646 1.032693 72 76 71
0.240903 -0.249513 1.034488 60 62 60
0.243890 -0.251074 1.035018 40 42 40
0.246619 -0.253025 1.037160 32 33 31
0.249390 -0.254917 1.039052 35 35 33
0.252291 -0.256599 1.040094 24 25 23
0.255329 -0.258041 1.040171 32 33 32
0.154040 -0.179619 0.954713 71 71 69
0.156570 -0.181524 0.957015 48 43 47
0.159139 -0.183408 0.959189 18 17 19
0.161756 -0.185262 0.961199 15 17 18
0.164319 -0.187160 0.963428 16 19 20
0.166701 -0.189203 0.966394 21 23 25
0.168927 -0.191380 0.970018 30 31 33
0.171495 -0.193302 0.972320 44 47 45
0.173889 -0.195373 0.975352 50 53 49
0.176431 -0.197333 0.977812 51 55 51
0.179002 -0.199277 0.980178 53 55 53
0.181526 -0.201269 0.982767 55 57 55
0.186352 -0.205485 0.989016 54 56 55
0.188458 -0.207900 0.993586 60 62 62
0.190954 -0.209973 0.996474 61 63 63
0.193268 -0.212234 1.000238 56 58 58
0.195876 -0.214225 1.002698 49 51 51
0.198419 -0.216292 1.005496 48 50 50
0.201037 -0.218292 1.007970 49 51 51
0.203619 -0.220339 1.010648 47 49 49
0.206302 -0.222289 1.012866 49 51 51
0.208810 -0.224439 1.015981 48 50 50
0.211626 -0.226255 1.017570 51 53 53
0.214250 -0.228296 1.020165 53 55 55
0.217133 -0.230037 1.021414 66 68 66
0.219970 -0.231832 1.022902 80 82 80
0.222840 -0.233585 1.024209 78 80 78
0.225666 -0.235391 1.025749 82 84 81
0.228415 -0.237298 1.027731 76 78 74
0.231142 -0.239240 1.029853 75 77 73
0.233994 -0.241015 1.031257 71 73 69
0.236863 -0.242766 1.032559 69 71 67
0.239825 -0.244378 1.033272 70 72 68
0.242659 -0.246171 1.034762 73 75 71
0.245600 -0.247799 1.035561 78 80 75
0.248357 -0.249706 1.037528 84 86 80
0.251175 -0.251520 1.039109 77 74 72
0.254120 -0.253125 1.039827 64 61 59
0.257033 -0.254774 1.040737 50 48 46
0.259880 -0.256527 1.042076 38 37 35
0.262846 -0.258067 1.042557 29 29 27
0.265867 -0.259490 1.042580 28 27 26
0.268902 -0.260865 1.042429 26 24 25
0.274505 -0.264474 1.045577 31 33 29
0.151913 -0.171843 0.946141 73 80 74
0.154085 -0.173954 0.949665 62 66 63
0.156240 -0.176092 0.953304 32 31 33
0.158620 -0.178091 0.956151 20 19 21
0.161198 -0.179961 0.958274 9 14 14
0.163668 -0.181914 0.960837 12 16 17
0.166034 -0.183952 0.963830 30 32 34
0.168478 -0.185944 0.966555 40 44 44
0.170649 -0.188157 0.970413 47 53 51
0.173248 -0.190052 0.972587 43 50 48
0.175598 -0.192153 0.975812 46 48 46
0.178167 -0.194088 0.978160 45 47 46
0.180655 -0.196099 0.980881 42 44 44
0.183135 -0.198127 0.983667 35 37 37
0.185532 -0.200240 0.986858 29 31 31
0.187928 -0.202369 0.990098 26 28 28
0.190046 -0.204769 0.994645 17 19 19
0.192518 -0.206864 0.997660 12 14 14
0.194780 -0.209174 1.001694 9 11 11
0.197305 -0.211250 1.004565 11 13 13
0.199842 -0.213325 1.007420 9 11 11
0.202443 -0.215348 1.010007 8 10 10
0.205009 -0.217418 1.012798 8 10 10
0.207683 -0.219382 1.015084 12 14 14
0.210220 -0.221507 1.018099 14 16 16
0.212988 -0.223384 1.019959 14 16 16
0.215609 -0.225434 1.022601 13 15 15
0.218465 -0.227218 1.024023 15 17 15
0.221336 -0.228982 1.025360 18 20 18
0.224238 -0.230704 1.026515 21 23 21
0.227090 -0.232487 1.027942 32 34 32
0.229946 -0.234261 1.029332 42 44 42
0.232720 -0.236144 1.031202 54 56 54
0.235553 -0.237950 1.032732 60 70 63
0.238446 -0.239672 1.033898 85 99 88
0.241440 -0.241243 1.034422 79 92 79
0.244312 -0.242981 1.035672 71 81 68
0.247200 -0.244692 1.036813 73 80 69
0.250015 -0.246512 1.038414 79 83 74
0.252901 -0.248217 1.039537 84 85 78
0.255872 -0.249779 1.040066 86 86 80
0.258789 -0.251416 1.040923 84 83 77
0.261654 -0.253137 1.042127 87 85 81
0.264597 -0.254713 1.042745 78 75 72
0.267526 -0.256302 1.043428 56 54 51
0.270572 -0.257657 1.043173 34 36 33
0.273513 -0.259191 1.043657 29 28 25
0.276386 -0.260843 1.044626 20 22 21
0.279366 -0.262269 1.044702 17 23 23
0.282351 -0.263660 1.044656 19 25 21
0.152755 -0.165757 0.938319 78 84 78
0.154387 -0.168176 0.943721 59 64 59
0.156408 -0.170369 0.947779 30 30 31
0.158305 -0.172665 0.952371 21 19 22
0.160576 -0.174730 0.955622 20 20 22
0.163002 -0.176700 0.958320 30 30 32
0.165346 -0.178738 0.961369 45 43 45
0.167644 -0.180822 0.964642 49 46 49
0.169996 -0.182881 0.967748 45 43 46
0.172211 -0.185058 0.971453 39 39 41
0.174735 -0.187011 0.973943 33 33 35
0.176989 -0.189189 0.977593 27 25 27
0.208940 -0.216605 1.017965 14 16 16
0.211530 -0.218680 1.020753 13 15 15
0.214353 -0.220504 1.022359 14 16 16
0.222668 -0.226169 1.028044 16 18 18
0.225632 -0.227826 1.028881 13 15 15
0.228503 -0.229593 1.030224 14 16 15
0.231352 -0.231386 1.031688 16 18 17
0.234215 -0.233159 1.033060 14 16 14
0.237084 -0.234922 1.034393 14 18 16
0.239939 -0.236702 1.035805 14 20 17
0.242919 -0.238301 1.036426 20 29 24
0.245886 -0.239908 1.037099 45 57 51
0.248870 -0.241478 1.037619 54 67 59
0.251794 -0.243127 1.038493 64 75 66
0.254736 -0.244741 1.039221 80 82 75
0.257694 -0.246318 1.039806 80 82 73
0.260649 -0.247886 1.040365 85 86 75
0.263509 -0.249606 1.041574 82 84 69
0.266421 -0.251230 1.042383 83 85 72
0.269354 -0.252803 1.042994 90 90 81
0.272329 -0.254284 1.043237 83 83 75
0.275266 -0.255821 1.043725 61 60 54
0.278175 -0.257398 1.044382 42 42 36
0.281144 -0.258839 1.044505 32 34 29
0.284118 -0.260246 1.044509 21 27 24
0.287171 -0.261455 1.043737 19 23 22
0.290089 -0.262934 1.044064 21 22 21
0.152887 -0.160187 0.933123 75 84 78
0.155042 -0.162241 0.936546 62 65 61
0.156728 -0.164606 0.941745 27 25 27
0.158642 -0.166853 0.946188 22 19 22
0.160417 -0.169214 0.951234 23 22 24
0.162543 -0.171366 0.955028 43 42 44
0.164822 -0.173430 0.958290 50 49 51
0.167180 -0.175452 0.961288 40 39 41
0.169416 -0.177575 0.964812 42 39 42
0.171755 -0.179638 0.967973 33 32 34
0.173903 -0.181858 0.971962 26 23 26
0.176344 -0.183873 0.974805 16 13 16
0.178480 -0.186141 0.978971 12 9 12
0.180934 -0.188173 0.981848 14 11 14
0.183289 -0.190299 0.985197 11 8 11
0.185612 -0.192469 0.988740 13 11 13
0.187872 -0.194710 0.992621 13 14 16
0.192348 -0.199296 1.000794 14 15 17
0.201993 -0.208073 1.014736 14 15 17
0.204627 -0.210086 1.017267 12 13 15
0.207293 -0.212076 1.019670 11 13 13
0.210026 -0.214004 1.021762 13 15 15
0.212678 -0.216024 1.024292 12 14 14
0.215468 -0.217900 1.026119 12 14 14
0.218078 -0.219985 1.028926 11 13 13
0.220978 -0.221743 1.030191 12 14 14
0.223895 -0.223476 1.031346 16 18 18
0.226831 -0.225182 1.032381 12 14 14
0.229756 -0.226897 1.033461 12 14 14
0.232631 -0.228671 1.034817 15 17 17
0.235542 -0.230394 1.035949 19 21 21
0.238489 -0.232064 1.036849 14 16 16
0.241422 -0.233745 1.037805 17 19 19
0.244423 -0.235323 1.038309 19 21 21
0.247413 -0.236903 1.038839 20 22 22
0.250422 -0.238442 1.039207 12 15 13
0.253368 -0.240063 1.039941 18 22 19
0.256351 -0.241616 1.040394 32 35 32
0.259326 -0.243168 1.040854 49 53 50
0.262319 -0.244675 1.041139 68 70 65
0.265232 -0.246304 1.041952 98 98 89
0.268206 -0.247816 1.042282 93 92 85
0.271167 -0.249332 1.042646 88 89 80
0.274171 -0.250752 1.042621 88 90 81
0.277126 -0.252243 1.042913 91 92 82
0.280081 -0.253718 1.043151 104 103 95
0.283021 -0.255202 1.043441 86 86 78
0.286034 -0.256513 1.043039 53 53 46
0.289057 -0.257770 1.042445 37 37 32
0.292008 -0.259159 1.042404 29 31 29
0.294925 -0.260599 1.042583 22 23 24
0.297933 -0.261796 1.041813 26 23 27
0.150403 -0.152922 0.926288 78 76 74
0.152972 -0.154698 0.928141 81 91 84
0.155101 -0.156740 0.931595 62 70 64
0.157234 -0.158794 0.935084 30 29 30
0.159083 -0.161041 0.939678 18 15 18
0.161061 -0.163229 0.943869 22 21 23
0.162666 -0.165682 0.949551 41 40 42
0.164694 -0.167885 0.953707 38 37 39
0.166894 -0.169991 0.957265 37 35 37
0.169124 -0.172093 0.960757 34 31 34
0.171320 -0.174235 0.964442 22 19 22
0.173591 -0.176340 0.967881 16 13 16
0.175542 -0.178700 0.972690 12 9 12
0.177879 -0.180792 0.975982 13 10 13
0.236948 -0.227520 1.038408 15 17 17
0.240015 -0.229037 1.038588 15 17 17
0.242959 -0.230711 1.039493 16 18 18
0.245995 -0.232244 1.039776 17 19 19
0.248968 -0.233854 1.040421 18 20 20
0.251960 -0.235426 1.040907 14 16 16
0.254953 -0.236982 1.041337 19 21 21
0.257923 -0.238560 1.041877 20 18 20
0.260887 -0.240136 1.042422 20 18 20
0.263890 -0.241632 1.042632 21 20 20
0.266886 -0.243123 1.042839 20 22 21
0.269918 -0.244531 1.042711 42 44 43
0.272892 -0.246024 1.042958 80 79 77
0.275915 -0.247405 1.042750 104 104 100
0.278923 -0.248790 1.042581 100 101 94
0.281893 -0.250226 1.042644 86 88 79
0.284879 -0.251605 1.042491 90 92 83
0.287841 -0.253013 1.042471 96 95 87
0.290865 -0.254257 1.041804 89 90 81
0.293763 -0.255753 1.042182 61 63 54
0.296631 -0.257300 1.042783 39 40 35
0.299490 -0.258853 1.043417 29 30 32
0.302464 -0.260102 1.042846 21 21 29
0.305363 -0.261510 1.042928 19 16 22
0.308290 -0.262816 1.042622 11 15 12
0.311392 -0.263594 1.040257 69 77 70
0.152915 -0.149339 0.923706 93 98 88
0.155471 -0.151110 0.925570 66 76 64
0.157432 -0.153234 0.929607 33 36 35
0.159449 -0.155343 0.933506 16 13 16
0.161186 -0.157644 0.938515 29 28 30
0.163122 -0.159845 0.942860 34 33 35
0.164708 -0.162294 0.948621 37 36 38
0.166659 -0.164536 0.953080 36 35 37
0.168632 -0.166786 0.957531 21 23 25
0.170775 -0.168942 0.961381 13 18 18
0.172761 -0.171227 0.965930 5 10 10
0.174889 -0.173435 0.969983 10 11 13
0.176696 -0.175900 0.975438 9 10 12
0.178952 -0.178058 0.979112 10 10 12
0.238282 -0.224738 1.041347 12 14 14
0.241372 -0.226239 1.041414 14 16 16
0.244389 -0.227822 1.041883 13 15 15
0.247466 -0.229308 1.041919 12 14 14
0.250488 -0.230857 1.042260 6 8 8
0.253500 -0.232405 1.042615 14 16 16
0.256514 -0.233935 1.042909 20 22 22
0.259513 -0.235474 1.043255 16 19 18
0.262471 -0.237063 1.043838 18 20 21
0.265519 -0.238490 1.043721 23 26 27
0.268539 -0.239942 1.043736 18 22 19
0.271615 -0.241275 1.043253 14 19 16
0.274629 -0.242692 1.043159 18 22 19
0.277668 -0.244040 1.042787 21 22 20
0.280701 -0.245372 1.042372 55 53 52
0.283701 -0.246740 1.042131 93 93 89
0.286677 -0.248133 1.042018 104 104 98
0.289652 -0.249500 1.041817 92 94 85
0.292628 -0.250839 1.041517 88 89 80
0.295571 -0.252223 1.041427 85 85 76
0.298447 -0.253741 1.041901 95 95 85
0.301345 -0.255185 1.042088 76 76 68
0.304219 -0.256667 1.042443 34 35 31
0.307169 -0.257928 1.041922 23 23 28
0.310084 -0.259249 1.041662 23 23 30
0.313089 -0.260281 1.040270 24 24 26
0.152743 -0.144086 0.919717 94 93 89
0.155619 -0.145666 0.920391 82 83 74
0.157990 -0.147526 0.922878 53 59 50
0.159930 -0.149644 0.926969 9 12 11
0.161853 -0.151791 0.931195 20 19 21
0.163478 -0.154140 0.936612 36 35 37
0.165248 -0.156428 0.941576 37 36 38
0.166756 -0.158910 0.947649 34 33 35
0.168561 -0.161234 0.952680 17 16 18
0.248823 -0.226532 1.044847 12 14 14
0.251890 -0.228028 1.044913 13 15 15
0.254905 -0.229585 1.045278 16 18 18
0.257887 -0.231178 1.045818 16 18 18
0.260896 -0.232716 1.046128 16 19 20
0.263940 -0.234179 1.046118 17 20 23
0.266988 -0.235616 1.046011 17 19 25
0.270030 -0.237042 1.045879 17 20 22
0.273114 -0.238370 1.045336 16 20 19
0.276173 -0.239715 1.044894 17 21 18
0.279229 -0.241038 1.044380 17 21 19
0.282265 -0.242369 1.043927 11 15 13
0.285328 -0.243617 1.043142 23 26 23
0.288348 -0.244921 1.042624 43 42 41
0.291328 -0.246278 1.042355 77 77 75
0.294324 -0.247571 1.041837 99 99 96
0.297285 -0.248909 1.041531 98 99 92
0.300207 -0.250310 1.041512 99 100 92
0.303104 -0.251749 1.041664 94 94 85
0.306023 -0.253104 1.041489 100 100 91
0.308925 -0.254475 1.041399 68 69 60
0.311806 -0.255874 1.041440 31 32 28
0.314673 -0.257285 1.041544 25 29 30
0.317694 -0.258216 1.039735 15 23 21
0.320634 -0.259326 1.038677 21 22 20
0.153126 -0.138583 0.913808 76 70 69
0.155664 -0.140329 0.915626 95 100 91
0.158206 -0.142076 0.917440 74 78 69
0.160473 -0.143979 0.920269 34 35 33
0.162340 -0.146120 0.924610 13 20 18
0.164186 -0.148295 0.929103 30 29 31
0.165659 -0.150715 0.935089 35 34 36
0.167301 -0.153065 0.940545 31 30 32
0.170198 -0.158106 0.953308 12 11 13
0.247080 -0.222268 1.047881 12 14 14
0.250180 -0.223751 1.047821 13 15 15
0.253301 -0.225184 1.047555 20 22 22
0.256353 -0.226698 1.047686 17 19 19
0.259327 -0.228314 1.048310 15 17 17
0.262356 -0.229832 1.048497 13 16 17
0.265416 -0.231280 1.048383 14 16 20
0.268515 -0.232644 1.047909 15 17 25
0.271512 -0.234156 1.048127 14 16 20
0.274642 -0.235413 1.047227 17 20 20
0.277717 -0.236737 1.046656 14 17 15
0.280790 -0.238036 1.045997 12 16 13
0.283837 -0.239353 1.045448 17 21 18
0.286906 -0.240594 1.044593 18 22 20
0.289944 -0.241864 1.043897 15 19 18
0.292966 -0.243135 1.043229 16 20 17
0.295974 -0.244402 1.042570 39 40 38
0.298985 -0.245627 1.041756 69 68 67
0.301941 -0.246942 1.041355 108 108 105
0.304876 -0.248277 1.041056 104 105 99
0.307799 -0.249612 1.040782 102 104 94
0.310694 -0.250986 1.040691 99 100 90
0.313548 -0.252445 1.040967 112 113 103
0.316457 -0.253723 1.040513 51 51 45
0.319438 -0.254748 1.039053 34 36 33
0.322357 -0.255903 1.038152 25 21 25
0.325152 -0.257408 1.038688 23 20 23
0.155890 -0.134948 0.910263 98 95 90
0.158603 -0.136587 0.911404 96 89 84
0.161072 -0.138355 0.913424 62 63 62
0.163275 -0.140272 0.916435 20 20 19
0.164947 -0.142500 0.921468 25 28 27
0.166613 -0.144757 0.926613 31 30 32
0.167934 -0.147245 0.933174 32 31 33
0.169289 -0.149749 0.939738 20 19 21
0.266629 -0.228808 1.052666 17 19 19
0.269730 -0.230191 1.052227 15 17 17
0.272764 -0.231664 1.052221 18 20 20
0.275895 -0.232942 1.051358 19 21 21
0.279028 -0.234184 1.050361 19 19 19
0.282147 -0.235416 1.049355 16 18 18
0.285229 -0.236686 1.048545 17 19 19
0.288322 -0.237897 1.047507 16 18 18
0.291358 -0.239187 1.046849 17 19 19
0.294426 -0.240376 1.045779 16 18 18
0.297455 -0.241609 1.044929 12 14 14
0.300488 -0.242795 1.043909 17 20 18
0.303453 -0.244101 1.043429 34 34 32
0.306414 -0.245380 1.042864 88 90 85
0.309350 -0.246690 1.042450 108 111 104
0.312278 -0.247982 1.041985 113 115 104
0.315218 -0.249208 1.041264 99 99 88
0.318131 -0.250469 1.040716 103 102 92
0.321092 -0.251541 1.039414 102 98 92
0.323967 -0.252828 1.039023 46 44 40
0.326822 -0.254139 1.038751 32 27 29
0.329690 -0.255366 1.038161 25 18 21
0.158537 -0.131393 0.907073 106 106 97
0.161127 -0.133083 0.908609 88 81 76
0.163604 -0.134833 0.910560 46 45 45
0.165756 -0.136762 0.913728 19 22 20
0.167292 -0.139043 0.919251 31 33 33
0.168943 -0.141290 0.924448 33 32 34
0.171425 -0.146353 0.938332 10 9 11
0.267931 -0.226186 1.056359 15 17 17
0.271077 -0.227516 1.055619 17 19 19
0.274098 -0.229029 1.055757 16 17 17
0.277274 -0.230247 1.054559 18 18 18
0.280418 -0.231487 1.053499 20 20 20
0.283577 -0.232661 1.052177 18 20 20
0.286662 -0.233939 1.051356 18 20 20
0.289781 -0.235112 1.050098 14 16 16
0.292852 -0.236344 1.049132 18 20 20
0.295923 -0.237536 1.048029 16 18 18
0.298961 -0.238761 1.047099 16 18 18
0.302014 -0.239912 1.045880 17 19 19
0.305027 -0.241111 1.044900 18 20 20
0.308022 -0.242313 1.043964 19 18 17
0.310979 -0.243568 1.043285 44 43 41
0.313921 -0.244825 1.042644 91 93 89
0.316893 -0.245959 1.041502 110 113 106
0.319800 -0.247227 1.040957 113 115 104
0.322761 -0.248294 1.039595 104 106 90
0.325661 -0.249491 1.038809 108 105 96
0.328519 -0.250778 1.038420 73 70 64
0.331418 -0.251883 1.037304 35 33 32
0.334194 -0.253372 1.037788 38 27 23
0.336889 -0.255137 1.039407 26 25 28
0.158025 -0.126456 0.904365 74 68 68
0.160881 -0.128007 0.904918 114 113 105
0.163451 -0.129697 0.906493 78 74 70
0.166004 -0.131397 0.908133 40 40 40
0.168134 -0.133322 0.911354 27 29 28
0.169717 -0.135558 0.916694 31 33 33
0.171219 -0.137866 0.922443 26 25 27
0.284972 -0.229971 1.055361 18 20 20
0.291233 -0.232343 1.052810 16 18 18
0.294315 -0.233566 1.051759 17 19 19
0.297404 -0.234734 1.050493 18 20 20
0.300404 -0.236057 1.049956 15 17 17
0.303498 -0.237129 1.048329 14 16 16
0.306545 -0.238259 1.046997 14 16 16
0.309605 -0.239310 1.045356 21 21 21
0.312608 -0.240449 1.044140 26 26 26
0.315573 -0.241642 1.043185 24 22 23
0.318559 -0.242731 1.041816 51 53 52
0.321473 -0.243973 1.041136 102 106 100
0.324455 -0.244966 1.039420 130 137 126
0.327351 -0.246161 1.038601 103 107 91
0.330225 -0.247382 1.037913 103 104 90
0.333094 -0.248571 1.037118 102 99 91
0.335914 -0.249888 1.036882 44 42 38
0.338689 -0.251330 1.037178 31 26 31
0.341454 -0.252787 1.037550 18 23 32
0.344244 -0.254106 1.037375 23 22 19
0.160428 -0.123064 0.902001 87 84 82
0.163213 -0.124641 0.902766 117 111 106
0.165759 -0.126334 0.904395 71 68 67
0.168312 -0.128023 0.905999 26 27 29
0.170448 -0.129931 0.909176 28 29 31
0.172013 -0.132157 0.914577 28 30 29
0.173497 -0.134455 0.920394 12 13 13
0.286379 -0.227257 1.058514 18 20 20
0.289496 -0.228507 1.057457 16 18 18
0.292659 -0.229627 1.055835 17 19 19
0.295767 -0.230814 1.054560 18 20 20
0.298870 -0.231966 1.053166 17 19 19
0.301913 -0.233207 1.052212 19 21 21
0.305010 -0.234280 1.050537 22 24 24
0.308063 -0.235409 1.049148 17 17 17
0.311120 -0.236475 1.047517 17 19 19
0.314148 -0.237560 1.046012 16 16 16
0.317154 -0.238653 1.044576 21 21 21
0.320197 -0.239582 1.042465 21 21 21
0.323152 -0.240700 1.041217 33 34 34
0.326153 -0.241621 1.039150 77 81 77
0.329047 -0.242811 1.038278 136 144 135
0.331913 -0.244042 1.037611 123 129 114
0.334791 -0.245184 1.036592 103 107 90
0.337612 -0.246475 1.036226 121 123 107
0.340458 -0.247625 1.035297 77 74 66
0.343250 -0.248932 1.035043 32 27 26
0.346066 -0.250095 1.034216 25 21 23
0.348765 -0.251719 1.035311 27 26 23
0.159593 -0.118317 0.900459 70 63 66
0.163037 -0.119592 0.898849 97 94 92
0.165831 -0.121155 0.899531 111 108 102
0.168269 -0.122886 0.901507 75 70 67
0.170821 -0.124563 0.903074 22 23 25
0.172783 -0.126544 0.906877 31 32 34
0.174397 -0.128724 0.912081 20 24 22
0.318781 -0.235537 1.045426 17 17 17
0.321806 -0.236514 1.043471 19 19 19
0.324799 -0.237518 1.041677 20 20 20
0.327786 -0.238476 1.039725 19 20 20
0.330706 -0.239573 1.038417 45 46 46
0.333558 -0.240840 1.037879 118 123 117
0.336437 -0.241969 1.036770 137 143 132
0.339237 -0.243325 1.036661 112 115 100
0.342084 -0.244462 1.035641 117 112 100
0.344922 -0.245569 1.034524 97 92 85
0.347711 -0.246822 1.034051 36 32 30
0.350469 -0.248166 1.033974 29 24 26
0.353214 -0.249521 1.033967 25 23 22
0.161764 -0.115063 0.898894 69 65 66
0.165277 -0.116308 0.896983 96 94 89
0.168144 -0.117830 0.897357 123 122 114
0.170590 -0.119546 0.899273 67 62 61
0.173049 -0.121260 0.901154 28 29 30
0.174980 -0.123241 0.905059 32 33 35
0.176497 -0.125453 0.910635 16 19 18
0.178029 -0.127685 0.916258 14 15 15
0.320334 -0.232626 1.047203 18 18 18
0.323372 -0.233571 1.045046 19 19 19
0.326398 -0.234480 1.042776 21 21 21
0.329411 -0.235353 1.040395 24 24 23
0.332379 -0.236290 1.038340 30 30 29
0.335240 -0.237514 1.037590 33 34 34
0.338123 -0.238607 1.036293 80 81 78
0.340937 -0.239893 1.035867 141 146 136
0.343780 -0.241020 1.034778 122 124 110
0.346615 -0.242112 1.033570 111 108 97
0.349414 -0.243290 1.032757 121 118 111
0.352160 -0.244652 1.032752 36 34 26
0.354930 -0.245849 1.032069 30 26 25
0.357573 -0.247655 1.033954 24 20 22
0.360267 -0.249180 1.034666 26 27 25
0.164281 -0.111672 0.896047 63 68 67
0.167760 -0.112929 0.894190 103 102 94
0.170566 -0.114471 0.894740 130 130 119
0.172969 -0.116195 0.896776 66 63 61
0.175443 -0.117889 0.898562 32 33 35
0.177297 -0.119891 0.902741 29 31 31
0.324920 -0.230681 1.046891 20 20 18
0.327945 -0.231599 1.044598 16 16 14
0.330967 -0.232448 1.042042 24 24 22
0.333947 -0.233348 1.039767 23 23 21
0.336854 -0.234417 1.038289 28 28 26
0.339743 -0.235478 1.036814 30 29 28
0.342570 -0.236709 1.036119 64 62 61
0.345422 -0.237784 1.034767 129 132 123
0.348267 -0.238814 1.033258 144 147 135
0.351057 -0.240008 1.032491 103 106 96
0.353840 -0.241171 1.031616 122 127 109
0.356597 -0.242399 1.031047 49 50 37
0.359293 -0.243891 1.031616 33 29 28
0.362004 -0.245258 1.031673 25 22 23
0.166440 -0.108451 0.894449 68 69 69
0.169950 -0.109696 0.892423 100 99 92
0.172806 -0.111210 0.892752 135 136 124
0.175231 -0.112913 0.894676 66 63 61
0.177627 -0.114634 0.896727 34 35 37
0.179501 -0.116611 0.900819 26 28 27
0.326447 -0.227856 1.049070 19 19 17
0.329484 -0.228744 1.046576 18 18 16
0.332507 -0.229597 1.043969 24 24 22
0.335523 -0.230382 1.041106 22 22 20
0.338458 -0.231352 1.039136 21 21 19
0.341374 -0.232310 1.037151 26 26 25
0.344225 -0.233439 1.035972 24 20 24
0.347087 -0.234449 1.034302 48 45 47
0.349932 -0.235453 1.032644 112 115 106
0.352729 -0.236589 1.031597 140 145 134
0.355516 -0.237698 1.030463 108 112 99
0.358287 -0.238810 1.029375 125 130 111
0.360971 -0.240324 1.030043 63 64 51
0.363707 -0.241497 1.029262 33 29 28
0.366363 -0.243105 1.030354 28 24 25
0.369021 -0.244680 1.031315 24 25 31
0.168473 -0.105293 0.893278 73 72 68
0.171973 -0.106546 0.891245 93 93 89
0.174918 -0.108018 0.891203 142 143 134
0.177406 -0.109685 0.892867 68 67 64
0.179923 -0.111340 0.894423 34 34 34
0.181872 -0.113265 0.898203 22 22 21
0.337030 -0.227649 1.043540 21 21 19
0.339960 -0.228648 1.041636 17 17 15
0.342903 -0.229520 1.039199 22 22 21
0.345794 -0.230494 1.037276 22 19 23
0.348679 -0.231413 1.035145 17 14 17
0.351539 -0.232338 1.033085 24 22 23
0.354354 -0.233374 1.031561 104 108 103
0.357157 -0.234379 1.029938 146 154 143
0.359933 -0.235434 1.028571 110 114 100
0.362638 -0.236795 1.028572 120 125 107
0.365376 -0.237900 1.027479 69 71 57
0.368055 -0.239305 1.027709 36 29 30
0.370736 -0.240636 1.027635 32 24 29
0.373373 -0.242264 1.028842 26 25 33
0.376005 -0.243911 1.030133 50 58 60
0.170714 -0.102062 0.891317 79 76 69
0.174191 -0.103325 0.889307 84 86 85
0.177127 -0.104797 0.889258 140 142 132
0.179699 -0.106418 0.890565 72 70 68
0.182208 -0.108067 0.892117 37 35 35
0.184207 -0.109953 0.895678 23 21 22
0.335533 -0.224083 1.048819 16 16 14
0.338547 -0.224893 1.045916 18 18 16
0.341496 -0.225832 1.043673 18 18 16
0.344454 -0.226651 1.040926 23 23 22
0.347363 -0.227561 1.038648 23 18 22
0.350260 -0.228420 1.036186 24 19 23
0.353148 -0.229214 1.033480 20 16 19
0.355985 -0.230127 1.031366 6 7 9
0.358801 -0.231036 1.029274 84 92 88
0.361583 -0.232015 1.027537 137 147 138
0.364289 -0.233333 1.027334 110 115 101
0.367027 -0.234387 1.025995 121 125 107
0.369705 -0.235745 1.026013 64 65 51
0.372391 -0.236978 1.025509 36 30 31
0.375048 -0.238356 1.025652 30 23 27
0.377676 -0.239939 1.026685 24 23 28
0.173210 -0.098746 0.888369 81 78 71
0.176551 -0.100061 0.886797 86 87 88
0.179415 -0.101557 0.886970 140 144 130
0.182033 -0.103150 0.888063 90 93 79
0.184605 -0.104760 0.889325 41 39 39
0.186668 -0.106601 0.892605 25 23 23
0.354748 -0.226126 1.034035 20 17 21
0.357602 -0.226938 1.031403 19 20 22
0.360435 -0.227728 1.028728 13 16 17
0.363221 -0.228650 1.026696 74 80 75
0.365937 -0.229870 1.026039 132 142 133
0.368672 -0.230878 1.024465 111 116 102
0.371357 -0.232130 1.024011 122 127 109
0.374036 -0.233337 1.023379 64 66 52
0.376720 -0.234393 1.022111 33 27 28
0.379348 -0.235862 1.022673 28 21 25
0.381950 -0.237562 1.024240 25 23 26
0.384544 -0.239377 1.026299 76 78 80
0.175423 -0.095556 0.886423 77 79 73
0.178795 -0.096861 0.884683 85 85 86
0.181720 -0.098326 0.884575 123 126 117
0.184383 -0.099891 0.885447 104 107 95
0.186953 -0.101493 0.886675 55 54 49
0.188981 -0.103333 0.890061 21 19 19
0.356320 -0.223167 1.035187 18 18 18
0.359189 -0.223891 1.032087 21 21 21
0.362037 -0.224582 1.028889 20 20 20
0.364839 -0.225378 1.026234 21 22 23
0.367561 -0.226525 1.025223 79 85 80
0.370295 -0.227489 1.023419 126 136 128
0.372979 -0.228694 1.022733 114 117 103
0.375660 -0.229818 1.021714 115 115 98
0.378340 -0.230815 1.020163 52 49 37
0.380974 -0.232129 1.020042 36 27 28
0.383579 -0.233685 1.021001 29 22 25
0.386178 -0.235293 1.022189 26 23 26
0.177804 -0.092320 0.883810 78 80 73
0.181389 -0.093541 0.881188 85 84 84
0.184385 -0.094970 0.880740 103 106 100
0.187064 -0.096516 0.881486 138 142 128
0.189555 -0.098136 0.882963 72 71 64
0.191607 -0.099947 0.886209 30 28 28
0.360786 -0.220792 1.032521 19 19 19
0.363634 -0.221452 1.029111 20 20 20
0.366451 -0.222124 1.025822 20 20 20
0.369178 -0.223201 1.024459 27 28 28
0.371912 -0.224116 1.022393 83 88 84
0.374608 -0.225164 1.020971 129 135 128
0.377286 -0.226226 1.019650 112 110 97
0.379958 -0.227198 1.017963 115 113 97
0.382582 -0.228510 1.017828 48 40 37
0.385198 -0.229813 1.017673 31 24 27
0.387796 -0.231263 1.018189 27 22 25
0.390378 -0.232912 1.019583 28 27 29
0.179954 -0.089184 0.882022 84 85 79
0.183456 -0.090440 0.879656 85 83 79
0.186583 -0.091817 0.878656 91 92 91
0.189388 -0.093307 0.878864 135 139 124
0.191975 -0.094878 0.879911 84 84 75
0.193991 -0.096687 0.883269 39 37 36
0.362351 -0.217861 1.033752 17 17 17
0.365202 -0.218485 1.030097 18 18 18
0.368029 -0.219073 1.026335 16 16 16
0.370769 -0.220036 1.024398 24 24 24
0.373508 -0.220864 1.021878 27 28 28
0.376211 -0.221802 1.019919 93 96 93
0.378888 -0.222794 1.018247 127 129 120
0.381552 -0.223754 1.016470 116 114 100
0.384173 -0.224998 1.016016 113 108 97
0.386790 -0.226167 1.015252 39 29 32
0.389387 -0.227467 1.015100 31 25 29
0.391961 -0.229072 1.016323 24 20 23
0.394545 -0.230377 1.016221 34 37 35
0.185990 -0.087183 0.876284 82 89 80
0.189040 -0.088582 0.875511 89 94 89
0.191984 -0.090010 0.875104 113 121 109
0.194605 -0.091555 0.875953 121 121 107
0.196707 -0.093309 0.878911 54 52 46
0.372355 -0.216895 1.024428 19 19 19
0.375097 -0.217643 1.021475 25 25 25
0.377801 -0.218515 1.019161 33 34 34
0.380478 -0.219436 1.017123 104 104 101
0.383140 -0.220308 1.014902 122 121 112
0.385762 -0.221435 1.013899 119 119 103
0.388375 -0.222501 1.012649 102 91 84
0.390963 -0.223762 1.012316 30 16 16
0.393535 -0.225173 1.012683 29 22 26
0.396106 -0.226431 1.012377 23 21 23
0.398662 -0.228085 1.013857 77 82 69
0.188238 -0.084047 0.873963 81 88 78
0.191152 -0.085494 0.873676 89 96 89
0.194192 -0.086883 0.872835 101 109 104
0.196860 -0.088403 0.873451 143 149 133
0.199117 -0.090081 0.875737 85 85 72
0.371164 -0.213091 1.027933 21 21 21
0.373925 -0.213852 1.024916 17 17 17
0.376668 -0.214552 1.021664 23 23 23
0.379370 -0.215379 1.019083 24 24 24
0.382042 -0.216291 1.016954 43 45 46
0.384702 -0.217098 1.014378 115 116 112
0.387321 -0.218184 1.013157 119 119 104
0.389933 -0.219129 1.011316 128 123 105
0.392517 -0.220301 1.010561 73 58 53
0.395087 -0.221555 1.010210 33 22 30
0.397650 -0.222699 1.009376 32 27 31
0.400197 -0.224299 1.010635 18 18 17
0.402742 -0.225787 1.011393 111 121 102
0.190574 -0.080899 0.871255 81 88 77
0.193423 -0.082363 0.871168 88 95 88
0.196409 -0.083769 0.870486 95 103 98
0.199091 -0.085276 0.870995 126 134 124
0.201531 -0.086872 0.872485 113 114 94
0.203416 -0.088691 0.876325 59 58 49
0.380915 -0.212463 1.020041 24 24 24
0.383591 -0.213290 1.017452 20 20 20
0.386245 -0.214098 1.014822 60 60 61
0.388866 -0.215089 1.013111 126 121 112
0.391475 -0.215957 1.010862 118 120 99
0.394058 -0.217016 1.009554 125 115 103
0.396624 -0.218145 1.008607 42 30 31
0.399179 -0.219229 1.007483 30 23 29
0.401719 -0.220567 1.007550 28 23 29
0.404252 -0.221823 1.007266 37 45 37
0.192860 -0.077786 0.868690 86 89 80
0.195523 -0.079308 0.869298 90 95 86
0.198379 -0.080758 0.869094 93 98 93
0.200977 -0.082292 0.869916 111 116 110
0.203480 -0.083859 0.871122 154 156 139
0.205679 -0.085543 0.873613 85 85 70
0.208039 -0.087169 0.875444 30 28 24
0.379760 -0.208779 1.024020 18 18 18
0.385141 -0.210272 1.017860 25 25 25
0.387796 -0.210979 1.014680 30 30 30
0.390414 -0.211905 1.012617 85 84 84
0.393019 -0.212685 1.009898 122 124 116
0.395596 -0.213678 1.008250 115 117 101
0.398154 -0.214783 1.007165 93 85 77
0.400699 -0.215819 1.005790 27 20 23
0.403231 -0.217177 1.005950 31 25 30
0.405755 -0.218380 1.005410 28 27 30
0.194913 -0.074765 0.867010 86 84 76
0.197582 -0.076281 0.867552 88 93 84
0.200332 -0.077764 0.867741 93 98 93
0.202856 -0.079320 0.868841 101 108 103
0.205491 -0.080834 0.869462 130 135 125
0.207845 -0.082450 0.871268 122 123 104
0.210269 -0.084040 0.872780 67 66 55
0.389350 -0.207784 1.014145 21 21 21
0.391963 -0.208648 1.011729 45 39 43
0.394561 -0.209347 1.008569 106 108 101
0.397129 -0.210297 1.006679 122 126 115
0.399677 -0.211407 1.005596 120 117 105
0.402212 -0.212403 1.004001 49 40 38
0.404734 -0.213608 1.003435 30 22 27
0.407247 -0.214850 1.003070 33 25 30
0.409737 -0.215684 1.000822 44 45 43
0.412236 -0.217103 1.001330 120 119 113
0.199494 -0.073313 0.866371 85 90 80
0.202293 -0.074779 0.866323 92 98 90
0.204808 -0.076333 0.867428 96 101 96
0.207472 -0.077832 0.867893 106 110 105
0.210005 -0.079375 0.868895 148 149 134
0.212465 -0.080943 0.870210 99 96 81
0.390895 -0.204683 1.014038 19 19 19
0.393504 -0.205449 1.011083 27 22 28
0.396095 -0.206083 1.007540 73 72 73
0.398653 -0.206998 1.005436 119 123 114
0.401193 -0.208143 1.004501 119 120 108
0.403719 -0.209128 1.002820 107 98 92
0.406231 -0.210229 1.001739 34 27 30
0.408732 -0.211374 1.000901 34 26 31
0.411209 -0.212235 0.998744 32 26 30
0.413696 -0.213581 0.998912 104 107 101
0.201442 -0.070345 0.865015 85 84 76
0.204187 -0.071826 0.865153 94 95 88
0.206693 -0.073379 0.866269 94 99 94
0.209426 -0.074852 0.866403 105 107 101
0.212128 -0.076329 0.866634 126 124 113
0.214737 -0.077834 0.867247 146 145 128
0.395045 -0.202187 1.010078 16 15 16
0.397625 -0.202743 1.006079 37 30 38
0.400173 -0.203637 1.003831 92 95 89
0.402703 -0.204797 1.002949 113 116 106
0.405218 -0.205773 1.001194 129 126 114
0.407718 -0.206798 0.999720 48 37 37
0.410207 -0.207885 0.998580 35 27 32
0.412664 -0.208631 0.995839 35 27 32
0.415130 -0.209816 0.995246 49 51 48
0.417609 -0.211307 0.996129 111 113 103
0.203317 -0.067410 0.863928 70 64 57
0.206190 -0.068851 0.863493 90 91 82
0.208701 -0.070396 0.864554 96 97 91
0.211385 -0.071882 0.864853 97 100 95
0.214061 -0.073365 0.865159 115 112 106
0.216652 -0.074872 0.865814 150 153 139
0.396576 -0.199049 1.009657 19 19 19
0.399146 -0.199575 1.005425 25 18 25
0.401685 -0.200408 1.002821 66 64 65
0.404207 -0.201533 1.001739 117 120 111
0.406711 -0.202462 0.999714 114 114 100
0.409199 -0.203420 0.997878 96 86 81
0.411677 -0.204512 0.996741 34 26 30
0.414118 -0.205204 0.993691 35 27 32
0.416573 -0.206382 0.993056 29 24 27
0.419062 -0.208084 0.994964 111 114 105
0.421557 -0.209818 0.997020 88 85 80
0.208025 -0.065937 0.862509 84 81 75
0.210596 -0.067460 0.863287 92 93 86
0.213280 -0.068944 0.863549 102 102 98
0.215904 -0.070442 0.864053 106 106 99
0.218545 -0.071929 0.864450 124 123 115
0.221177 -0.073414 0.864860 161 163 147
0.223634 -0.074957 0.866057 111 101 90
0.400665 -0.196234 1.003838 18 18 18
0.403192 -0.197054 1.001121 37 30 38
0.405702 -0.198104 0.999630 97 99 94
0.408193 -0.199004 0.997424 116 118 107
0.410667 -0.199940 0.995449 120 114 106
0.413130 -0.200981 0.994039 36 28 30
0.415556 -0.201694 0.991049 26 21 25
0.418001 -0.202886 0.990471 31 27 30
0.420470 -0.204452 0.991748 108 111 106
0.422964 -0.206251 0.994155 91 88 81
0.209371 -0.063170 0.863594 74 71 68
0.212282 -0.064597 0.862895 88 89 81
0.215153 -0.066024 0.862311 96 97 91
0.217827 -0.067503 0.862552 102 105 101
0.220500 -0.068976 0.862768 112 112 103
0.223498 -0.070331 0.861447 128 129 118
0.226111 -0.071808 0.861850 158 159 143
0.402176 -0.193062 1.003060 23 23 23
0.404693 -0.193828 1.000006 27 21 27
0.407192 -0.194841 0.998289 72 71 72
0.409671 -0.195720 0.995931 123 124 115
0.412132 -0.196610 0.993686 118 116 104
0.414584 -0.197656 0.992275 53 48 47
0.416997 -0.198365 0.989213 28 25 28
0.419428 -0.199511 0.988391 32 29 32
0.421882 -0.200999 0.989297 62 67 61
0.424345 -0.202577 0.990654 92 94 85
0.216945 -0.063138 0.861403 94 95 88
0.219792 -0.064564 0.860831 99 99 93
0.222459 -0.066035 0.861027 109 110 101
0.225667 -0.067322 0.858670 116 116 107
0.228499 -0.068717 0.857980 142 144 134
0.403683 -0.189818 1.001857 22 22 22
0.406187 -0.190569 0.998659 21 20 21
0.408676 -0.191568 0.996837 36 32 36
0.411144 -0.192452 0.994458 104 107 99
0.413591 -0.193317 0.992035 116 117 105
0.416028 -0.194289 0.990221 91 84 81
0.418424 -0.194980 0.987011 31 28 31
0.420839 -0.196084 0.985963 22 19 22
0.423280 -0.197519 0.986618 34 40 36
0.425717 -0.198945 0.987236 95 99 89
0.218205 -0.060410 0.862851 79 79 71
0.221332 -0.061761 0.861000 95 95 89
0.224128 -0.063195 0.860583 110 108 100
0.227417 -0.064464 0.857801 107 106 98
0.230262 -0.065856 0.857003 120 121 111
0.233191 -0.067206 0.855734 156 159 146
0.235607 -0.068725 0.856907 145 140 126
0.308669 -0.154145 1.108536 42 43 38
0.402670 -0.186330 1.006688 18 18 18
0.405184 -0.186596 1.000708 19 19 19
0.407674 -0.187275 0.997062 22 22 22
0.410151 -0.188258 0.995112 38 34 39
0.412607 -0.189157 0.992772 91 93 91
0.415038 -0.189970 0.990030 108 111 101
0.417462 -0.190940 0.988169 114 108 104
0.419841 -0.191603 0.984765 29 26 29
0.422244 -0.192692 0.983619 16 13 16
0.424675 -0.194121 0.984250 29 32 31
0.427095 -0.195485 0.984561 103 107 97
0.222765 -0.058991 0.861656 87 87 78
0.225770 -0.060370 0.860250 106 102 91
0.229165 -0.061615 0.856913 107 104 96
0.231933 -0.063033 0.856442 110 110 101
0.234790 -0.064411 0.855484 123 124 114
0.237564 -0.065805 0.854863 162 166 151
0.310418 -0.150783 1.109352 63 60 56
0.316657 -0.153944 1.108101 44 43 37
0.406677 -0.183265 0.998893 18 18 18
0.409150 -0.183916 0.995030 15 15 15
0.411612 -0.184837 0.992708 27 25 29
0.414054 -0.185736 0.990326 83 85 87
0.416468 -0.186522 0.987398 103 107 105
0.418873 -0.187434 0.985198 117 112 106
0.421237 -0.188122 0.981869 29 25 28
0.423624 -0.189190 0.980601 17 14 17
0.426041 -0.190586 0.981080 30 30 30
0.428453 -0.191971 0.981509 107 112 103
0.223960 -0.056283 0.863414 76 61 59
0.227321 -0.057574 0.860327 96 93 79
0.230835 -0.058797 0.856370 105 101 89
0.233674 -0.060195 0.855524 109 108 99
0.236505 -0.061584 0.854647 109 107 99
0.239295 -0.062974 0.853903 121 121 112
0.312210 -0.147354 1.109652 73 73 66
0.315290 -0.149011 1.109535 68 69 60
0.318419 -0.150562 1.108657 55 54 46
0.321532 -0.152108 1.107799 46 44 42
0.324660 -0.153593 1.106552 40 37 37
0.408162 -0.179976 0.997232 13 13 13
0.410619 -0.180581 0.993035 12 12 12
0.413067 -0.181493 0.990627 25 23 27
0.415494 -0.182370 0.988078 70 71 75
0.417889 -0.183107 0.984829 99 103 101
0.420280 -0.184025 0.982630 113 109 101
0.422632 -0.184754 0.979469 35 32 34
0.425007 -0.185822 0.978179 21 18 21
0.427413 -0.187198 0.978558 22 21 23
0.429805 -0.188518 0.978655 101 107 98
0.432211 -0.189954 0.979376 90 85 81
0.225008 -0.053606 0.865878 163 147 147
0.228799 -0.054801 0.860738 73 62 54
0.232542 -0.055976 0.855628 96 91 85
0.235549 -0.057328 0.853916 104 101 93
0.238382 -0.058716 0.852971 108 107 98
0.241078 -0.060135 0.852649 113 112 104
0.243864 -0.061515 0.851809 118 118 110
0.246632 -0.062888 0.850988 177 175 161
0.314018 -0.143903 1.109746 82 84 78
0.317103 -0.145547 1.109499 76 76 63
0.320203 -0.147143 1.108917 70 68 56
0.323307 -0.148703 1.108109 60 57 48
0.326410 -0.150232 1.107128 54 48 43
0.332623 -0.153161 1.104389 43 38 39
0.412071 -0.177107 0.990167 12 12 12
0.414502 -0.178001 0.987615 19 22 23
0.416916 -0.178912 0.985221 63 65 68
0.419294 -0.179648 0.981914 94 97 94
0.421662 -0.180497 0.979303 101 103 93
0.424005 -0.181300 0.976496 47 45 44
0.426366 -0.182364 0.975172 23 24 24
0.428753 -0.183683 0.975250 18 19 21
0.431123 -0.184936 0.975001 94 99 91
0.433499 -0.186264 0.975166 81 76 71
0.230080 -0.052079 0.862096 153 133 126
0.234033 -0.053218 0.855911 71 61 55
0.237172 -0.054542 0.853513 96 94 88
0.240090 -0.055909 0.852108 105 102 92
0.242784 -0.057329 0.851755 107 107 98
0.245564 -0.058713 0.850900 115 114 105
0.248225 -0.060124 0.850598 114 115 108
0.250809 -0.061552 0.850658 172 172 158
0.315863 -0.140395 1.109354 101 102 98
0.318919 -0.142080 1.109396 93 88 78
0.322003 -0.143698 1.108940 81 77 66
0.325092 -0.145280 1.108262 74 71 60
0.328179 -0.146836 1.107425 66 59 53
0.331288 -0.148313 1.106046 56 49 44
0.334371 -0.149800 1.104819 48 41 41
0.413513 -0.173672 0.987391 13 13 13
0.415926 -0.174539 0.984645 16 19 20
0.418325 -0.175460 0.982271 58 61 64
0.420683 -0.176168 0.978755 90 94 91
0.423037 -0.177037 0.976214 90 93 83
0.425368 -0.177874 0.973557 52 53 50
0.427722 -0.178985 0.972471 17 20 18
0.430098 -0.180297 0.972521 27 29 29
0.432455 -0.181540 0.972214 96 97 89
0.434816 -0.182841 0.972239 79 74 69
0.437192 -0.184247 0.972848 52 47 43
0.231301 -0.049366 0.863751 124 101 97
0.235388 -0.050497 0.856857 142 128 119
0.238714 -0.051783 0.853499 68 65 56
0.241744 -0.053126 0.851484 97 95 89
0.244518 -0.054524 0.850686 105 102 92
0.247339 -0.055897 0.849567 106 105 97
0.249914 -0.057334 0.849675 112 107 100
0.252381 -0.058801 0.850331 117 115 106
0.254903 -0.060244 0.850658 155 156 143
0.257134 -0.061788 0.852591 167 160 153
0.317726 -0.136861 1.108673 127 130 126
0.320769 -0.138559 1.108800 101 106 91
0.323815 -0.140235 1.108785 95 90 79
0.326895 -0.141827 1.108136 83 79 68
0.329955 -0.143426 1.107598 75 70 59
0.333042 -0.144944 1.106467 70 61 55
0.336110 -0.146458 1.105384 56 48 44
0.417335 -0.171046 0.981369 13 15 17
0.419719 -0.171986 0.979070 56 59 61
0.422070 -0.172787 0.976027 90 94 91
0.424408 -0.173656 0.973449 94 97 87
0.426717 -0.174444 0.970472 43 44 41
0.429056 -0.175546 0.969323 18 21 19
0.431432 -0.176928 0.969769 36 37 37
0.433780 -0.178183 0.969522 94 96 87
0.436121 -0.179432 0.969272 85 80 76
0.438461 -0.180712 0.969211 47 40 36
0.232149 -0.046729 0.867250 104 79 70
0.236442 -0.047843 0.859304 110 89 80
0.239988 -0.049094 0.854819 134 119 110
0.243172 -0.050408 0.852000 64 63 53
0.246035 -0.051788 0.850712 90 97 87
0.248967 -0.053134 0.848971 99 105 93
0.251579 -0.054560 0.848851 103 108 98
0.254039 -0.056027 0.849516 104 111 100
0.256567 -0.057467 0.849776 113 114 106
0.259127 -0.058890 0.849815 140 140 138
0.261307 -0.060445 0.852006 173 166 163
0.319618 -0.133287 1.107571 86 87 88
0.322637 -0.135013 1.107917 129 140 134
0.325670 -0.136699 1.107969 111 123 104
0.328715 -0.138345 1.107721 96 94 77
0.331759 -0.139965 1.107317 78 80 66
0.334833 -0.141501 1.106273 78 69 59
0.337878 -0.143055 1.105448 69 57 53
0.344004 -0.145965 1.102430 41 36 40
0.416350 -0.166691 0.980813 13 13 13
0.418731 -0.167575 0.978079 14 16 17
0.421101 -0.168530 0.975834 58 61 63
0.423434 -0.169335 0.972770 93 94 94
0.425760 -0.170232 0.970313 101 105 95
0.428054 -0.171037 0.967389 36 35 34
0.430386 -0.172179 0.966454 23 27 25
0.432764 -0.173621 0.967247 46 49 48
0.435108 -0.174905 0.967166 85 87 80
0.437425 -0.176091 0.966558 76 74 68
0.439763 -0.177411 0.966725 41 32 31
0.237326 -0.045217 0.862635 102 75 69
0.241063 -0.046447 0.857168 107 85 78
0.244417 -0.047736 0.853461 130 117 112
0.247421 -0.049089 0.851419 65 62 52
0.250400 -0.050431 0.849397 92 97 88
0.253125 -0.051829 0.848647 101 102 93
0.255590 -0.053293 0.849261 101 104 95
0.258133 -0.054729 0.849413 107 107 98
0.260727 -0.056142 0.849229 112 110 102
0.263266 -0.057566 0.849311 124 124 121
0.265700 -0.059021 0.849974 165 166 149
0.268176 -0.060456 0.850363 127 122 109
0.321594 -0.129589 1.105271 31 32 33
0.324605 -0.131310 1.105581 63 68 73
0.327572 -0.133086 1.106404 130 140 129
0.330572 -0.134797 1.106688 119 130 109
0.333584 -0.136466 1.106658 101 93 81
0.336625 -0.138054 1.106007 85 80 68
0.339647 -0.139651 1.105476 75 67 60
0.342696 -0.141153 1.104238 62 56 55
0.345747 -0.142606 1.102668 52 48 49
0.417742 -0.163161 0.977054 13 13 13
0.420102 -0.164015 0.974106 19 20 21
0.422457 -0.164991 0.971959 61 64 66
0.424790 -0.165933 0.969669 92 94 94
0.427098 -0.166817 0.967093 90 94 85
0.429377 -0.167640 0.964234 34 34 32
0.431696 -0.168781 0.963281 18 22 20
0.434076 -0.170282 0.964435 69 72 71
0.436408 -0.171561 0.964326 83 85 78
0.438726 -0.172804 0.964037 64 62 56
0.441051 -0.174103 0.964086 39 29 28
0.233344 -0.041499 0.876893 109 75 67
0.241984 -0.043822 0.860342 94 65 65
0.245521 -0.045091 0.855671 100 81 73
0.248700 -0.046415 0.852694 131 117 108
0.251787 -0.047741 0.850072 68 61 52
0.254525 -0.049141 0.849225 96 95 88
0.257141 -0.050564 0.848987 98 99 90
0.259712 -0.051993 0.848956 107 102 95
0.262369 -0.053387 0.848368 108 104 96
0.264912 -0.054808 0.848387 108 106 98
0.267401 -0.056241 0.848686 116 115 106
0.269727 -0.057729 0.849950 143 144 129
0.320592 -0.124130 1.102131 43 43 41
0.323534 -0.125948 1.103306 42 42 43
0.326511 -0.127708 1.103967 26 31 34
0.329468 -0.129487 1.104828 51 58 55
0.332422 -0.131262 1.105672 139 146 135
0.335416 -0.132953 1.105810 125 125 114
0.338439 -0.134567 1.105329 100 91 80
0.341444 -0.136188 1.104967 78 76 66
0.344472 -0.137725 1.103960 68 64 61
0.347507 -0.139206 1.102553 61 57 57
0.350539 -0.140641 1.100861 46 44 42
0.353586 -0.141976 1.098443 34 34 32
0.419134 -0.159767 0.973981 13 13 13
0.421476 -0.160621 0.970981 22 23 24
0.423813 -0.161582 0.968704 61 64 65
0.426129 -0.162515 0.966328 88 91 90
0.428430 -0.163459 0.964078 70 75 66
0.430700 -0.164323 0.961413 32 32 31
0.433010 -0.165483 0.960561 24 28 26
0.435393 -0.167037 0.962052 82 87 85
0.437726 -0.168362 0.962210 82 83 76
0.440037 -0.169613 0.961958 51 48 44
0.442373 -0.170995 0.962484 36 26 25
0.242559 -0.041252 0.865360 97 69 59
0.246439 -0.042476 0.858897 86 61 50
0.249870 -0.043762 0.854570 98 77 62
0.253165 -0.045053 0.850792 133 116 101
0.256087 -0.046412 0.848906 74 65 56
0.258822 -0.047805 0.847969 91 90 83
0.261445 -0.049218 0.847589 95 96 87
0.264084 -0.050618 0.847052 103 99 93
0.266583 -0.052051 0.847286 103 103 93
0.269020 -0.053500 0.847859 104 105 96
0.271417 -0.054958 0.848653 105 108 98
0.273804 -0.056417 0.849485 124 124 113
0.276359 -0.057809 0.849220 151 146 136
0.278725 -0.059268 0.850134 116 114 103
0.280857 -0.060825 0.852608 91 86 77
0.325489 -0.122290 1.101018 43 43 43
0.328450 -0.124056 1.101752 39 38 39
0.331361 -0.125894 1.103176 27 32 32
0.334296 -0.127687 1.104196 45 63 59
0.337256 -0.129427 1.104757 126 131 121
0.340258 -0.131069 1.104489 119 118 107
0.343251 -0.132702 1.104200 96 88 77
0.346258 -0.134275 1.103444 76 70 66
0.349279 -0.135774 1.102129 67 63 61
0.352307 -0.137209 1.100355 52 51 46
0.355336 -0.138576 1.098111 39 39 37
0.418164 -0.155507 0.973816 14 12 14
0.420500 -0.156286 0.970206 15 16 18
0.422826 -0.157156 0.967260 32 34 35
0.425144 -0.158107 0.964899 71 79 71
0.427459 -0.159138 0.963090 77 86 77
0.429749 -0.160109 0.960974 46 53 43
0.431999 -0.160962 0.958203 32 35 31
0.434292 -0.162100 0.957210 51 56 56
0.436685 -0.163736 0.959222 79 83 80
0.439017 -0.165100 0.959618 63 64 57
0.441314 -0.166338 0.959294 43 41 40
0.443634 -0.167693 0.959671 33 28 30
0.243197 -0.038644 0.870133 98 68 55
0.247234 -0.039870 0.862830 93 66 55
0.250814 -0.041150 0.857698 87 61 50
0.254276 -0.042423 0.852990 79 58 44
0.257339 -0.043762 0.850309 136 117 102
0.260302 -0.045106 0.848059 78 68 58
0.262967 -0.046511 0.847405 80 77 69
0.265665 -0.047897 0.846489 91 93 84
0.268164 -0.049331 0.846690 101 99 92
0.270656 -0.050760 0.846891 103 101 93
0.273088 -0.052204 0.847426 104 104 96
0.275506 -0.053649 0.848028 104 105 96
0.278021 -0.055053 0.847960 108 110 100
0.280401 -0.056503 0.848740 132 132 121
0.282610 -0.058020 0.850668 142 140 129
0.324550 -0.116784 1.097017 44 46 44
0.327444 -0.118636 1.098594 46 46 46
0.330379 -0.120425 1.099565 41 41 41
0.333284 -0.122254 1.100938 44 44 44
0.336191 -0.124076 1.102251 35 36 35
0.339130 -0.125838 1.103021 50 67 63
0.342097 -0.127530 1.103187 125 131 120
0.345068 -0.129195 1.103151 116 115 104
0.348060 -0.130785 1.102505 85 79 71
0.351061 -0.132319 1.101436 73 67 64
0.354065 -0.133797 1.099960 61 60 53
0.357083 -0.135181 1.097774 44 44 39
0.360092 -0.136518 1.095292 33 35 30
0.363100 -0.137773 1.092240 30 31 29
0.421858 -0.152869 0.966676 16 16 17
0.424161 -0.153704 0.963462 48 50 49
0.426465 -0.154679 0.961214 68 76 67
0.428768 -0.155733 0.959535 74 83 71
0.431052 -0.156763 0.957757 34 39 33
0.433295 -0.157663 0.955228 34 40 36
0.435574 -0.158797 0.954201 67 74 71
0.437975 -0.160495 0.956635 70 72 64
0.440307 -0.161893 0.957245 58 55 51
0.442596 -0.163138 0.956952 35 32 34
0.444919 -0.164536 0.957593 27 29 29
0.251529 -0.038566 0.862126 89 60 51
0.255181 -0.039828 0.856369 82 56 47
0.258476 -0.041134 0.852384 71 48 37
0.261727 -0.042423 0.848454 133 114 100
0.264587 -0.043784 0.846633 91 77 67
0.267289 -0.045172 0.845646 79 72 64
0.269865 -0.046583 0.845337 87 89 81
0.272363 -0.048008 0.845450 96 94 87
0.274871 -0.049425 0.845456 100 99 91
0.277245 -0.050879 0.846280 101 100 92
0.279692 -0.052304 0.846600 100 102 89
0.282044 -0.053760 0.847524 106 107 97
0.284373 -0.055222 0.848593 113 114 104
0.286685 -0.056691 0.849772 139 137 126
0.289053 -0.058134 0.850539 119 117 105
0.326531 -0.113118 1.094201 48 48 46
0.329411 -0.114970 1.095837 48 48 47
0.332330 -0.116763 1.096882 49 49 48
0.335200 -0.118628 1.098654 52 52 51
0.338109 -0.120428 1.099793 50 50 49
0.341014 -0.122229 1.100958 41 41 40
0.343961 -0.123942 1.101316 63 79 76
0.346903 -0.125649 1.101648 127 133 124
0.349890 -0.127232 1.100914 105 99 89
0.352872 -0.128790 1.100015 78 74 67
0.355859 -0.130291 1.098681 64 63 55
0.358848 -0.131732 1.096913 50 51 42
0.361844 -0.133086 1.094483 39 41 34
0.364837 -0.134364 1.091523 33 33 29
0.420871 -0.148434 0.965109 15 14 16
0.423165 -0.149217 0.961427 20 20 20
0.425445 -0.150055 0.958196 61 64 60
0.427723 -0.151000 0.955741 72 78 69
0.430042 -0.152241 0.955251 58 64 56
0.432317 -0.153309 0.953702 31 34 31
0.434554 -0.154266 0.951497 51 58 56
0.436837 -0.155483 0.950981 66 74 70
0.439219 -0.157123 0.953113 71 71 64
0.441548 -0.158552 0.953936 46 42 42
0.443855 -0.159907 0.954320 32 28 30
0.251994 -0.036005 0.868019 95 59 45
0.255857 -0.037260 0.861094 90 56 42
0.259222 -0.038577 0.856725 88 53 39
0.262730 -0.039834 0.851313 64 37 30
0.265762 -0.041170 0.848478 124 103 95
0.268667 -0.042516 0.846254 111 97 91
0.271311 -0.043913 0.845509 72 59 54
0.273912 -0.045312 0.844953 87 83 76
0.276444 -0.046722 0.844773 94 94 85
0.278862 -0.048160 0.845277 99 98 90
0.281256 -0.049601 0.845910 100 100 87
0.283618 -0.051051 0.846731 100 101 85
0.285983 -0.052496 0.847512 99 100 85
0.288313 -0.053953 0.848526 115 111 100
0.290724 -0.055375 0.848944 122 117 107
0.293209 -0.056758 0.848763 131 126 114
0.295360 -0.058287 0.851060 109 104 92
0.328483 -0.109498 1.091635 52 52 50
0.331354 -0.111344 1.093267 54 54 52
0.334241 -0.113166 1.094649 53 53 48
0.337108 -0.115018 1.096335 53 54 49
0.340001 -0.116827 1.097593 51 51 46
0.342904 -0.118611 1.098629 50 50 49
0.345818 -0.120368 1.099416 43 45 43
0.348750 -0.122074 1.099745 87 99 94
0.351714 -0.123690 1.099279 107 112 104
0.354673 -0.125282 1.098650 78 90 74
0.357637 -0.126821 1.097609 67 71 60
0.360605 -0.128303 1.096134 61 62 52
0.363585 -0.129682 1.093837 46 47 39
0.366570 -0.130963 1.090796 34 37 30
0.424442 -0.145531 0.955705 43 45 46
0.426706 -0.146411 0.952721 67 72 68
0.428972 -0.147406 0.950582 69 73 66
0.431280 -0.148677 0.950306 35 38 36
0.433556 -0.149831 0.949308 35 38 38
0.435812 -0.150948 0.948107 66 72 70
0.438099 -0.152231 0.948013 65 71 64
0.440486 -0.153912 0.950454 53 50 47
0.442816 -0.155374 0.951502 35 29 31
0.445121 -0.156748 0.952011 27 26 27
0.256227 -0.034720 0.867646 91 56 44
0.259779 -0.036033 0.862239 89 52 42
0.263382 -0.037303 0.856286 90 51 42
0.266664 -0.038607 0.851989 77 42 40
0.269772 -0.039924 0.848542 90 67 62
0.272574 -0.041292 0.846819 125 112 107
0.275230 -0.042683 0.845906 75 63 58
0.277853 -0.044072 0.845120 84 77 71
0.280360 -0.045485 0.845023 91 93 84
0.282776 -0.046919 0.845479 93 90 83
0.285087 -0.048384 0.846632 96 95 87
0.287494 -0.049814 0.847100 96 96 88
0.289858 -0.051256 0.847841 102 102 93
0.292220 -0.052695 0.848573 99 99 89
0.294688 -0.054087 0.848482 109 108 96
0.297071 -0.055509 0.848991 117 112 100
0.299238 -0.057025 0.851160 119 113 101
0.301604 -0.058451 0.851768 103 97 85
0.336245 -0.109431 1.090760 55 56 49
0.341944 -0.113139 1.094331 51 52 45
0.344826 -0.114937 1.095541 53 53 49
0.347713 -0.116718 1.096601 50 50 50
0.350611 -0.118470 1.097393 50 50 47
0.353554 -0.120106 1.097109 95 101 94
0.356477 -0.121763 1.097064 106 113 94
0.359424 -0.123325 1.096200 76 81 67
0.362361 -0.124869 1.095230 61 63 54
0.365329 -0.126263 1.092980 51 53 44
0.368304 -0.127549 1.089881 40 43 37
0.423411 -0.140822 0.951817 33 35 38
0.425672 -0.141725 0.948892 61 64 63
0.427933 -0.142725 0.946710 70 70 63
0.430189 -0.143780 0.944964 50 48 43
0.432509 -0.145180 0.945578 34 35 37
0.434788 -0.146423 0.945172 80 84 81
0.437055 -0.147645 0.944658 65 73 67
0.439359 -0.149032 0.945249 54 57 51
0.441751 -0.150750 0.947978 39 34 36
0.444087 -0.152254 0.949318 30 28 29
0.252330 -0.030871 0.883487 91 55 42
0.260220 -0.033480 0.868543 91 52 41
0.263974 -0.034757 0.861715 88 52 39
0.267388 -0.036063 0.856647 85 47 38
0.270602 -0.037380 0.852566 74 42 37
0.273499 -0.038744 0.850275 64 45 40
0.276331 -0.040105 0.848263 119 105 100
0.279061 -0.041477 0.846787 86 73 68
0.281757 -0.042843 0.845425 78 68 63
0.284228 -0.044263 0.845498 85 80 75
0.286642 -0.045694 0.845912 90 88 82
0.289028 -0.047130 0.846492 94 92 84
0.291427 -0.048557 0.846943 92 92 81
0.293803 -0.049988 0.847531 95 94 83
0.296250 -0.051387 0.847544 98 98 86
0.298648 -0.052799 0.847884 99 98 89
0.300861 -0.054288 0.849663 105 104 92
0.303176 -0.055733 0.850635 117 113 100
0.305562 -0.057140 0.850982 111 110 96
0.340988 -0.107704 1.090082 56 57 50
0.343845 -0.109526 1.091588 54 56 49
0.346715 -0.111322 1.092826 53 54 47
0.349582 -0.113121 1.094102 52 52 48
0.352466 -0.114878 1.094972 44 40 38
0.355376 -0.116563 1.095157 65 63 59
0.358284 -0.118233 1.095233 102 104 87
0.361203 -0.119844 1.094797 83 92 76
0.364123 -0.121413 1.094024 60 67 60
0.367069 -0.122852 1.092108 58 58 54
0.370025 -0.124177 1.089248 47 49 47
0.426894 -0.138040 0.942614 66 70 66
0.429165 -0.139204 0.941562 60 59 51
0.431426 -0.140366 0.940551 40 38 38
0.433752 -0.141844 0.941734 62 63 62
0.436037 -0.143163 0.941841 66 72 67
0.438323 -0.144502 0.942112 61 66 61
0.440641 -0.145970 0.943256 38 38 38
0.443044 -0.147732 0.946325 33 29 31
0.445386 -0.149270 0.947909 27 25 26
0.216011 -0.018137 0.979417 134 83 71
0.221332 -0.019744 0.967678 128 78 67
0.233505 -0.022668 0.934696 121 72 61
0.267345 -0.033634 0.866106 85 48 37
0.270776 -0.034946 0.860776 88 50 40
0.273952 -0.036279 0.856817 83 50 45
0.277032 -0.037609 0.853271 65 35 27
0.279982 -0.038945 0.850385 91 74 68
0.282839 -0.040285 0.847963 118 105 100
0.285455 -0.041672 0.847058 72 60 55
0.288005 -0.043068 0.846520 78 72 67
0.290485 -0.044476 0.846407 89 86 81
0.292897 -0.045899 0.846739 93 91 79
0.295304 -0.047319 0.847068 93 92 78
0.297804 -0.048698 0.846633 94 92 77
0.300206 -0.050107 0.846894 96 95 79
0.302432 -0.051584 0.848536 98 98 84
0.304778 -0.053010 0.849198 97 98 87
0.307049 -0.054468 0.850469 98 100 84
0.309445 -0.055863 0.850642 107 106 90
0.311750 -0.057299 0.851580 104 103 87
0.314030 -0.058748 0.852732 104 104 90
0.425822 -0.133177 0.937003 56 59 54
0.428119 -0.134518 0.937200 55 58 51
0.430390 -0.135761 0.936722 45 41 41
0.432660 -0.137032 0.936480 67 65 64
0.434988 -0.138562 0.938068 64 68 62
0.437294 -0.139999 0.939013 55 60 53
0.439590 -0.141411 0.939790 43 43 45
0.441914 -0.142920 0.941231 30 31 31
0.444310 -0.144661 0.944225 32 25 28
0.446654 -0.146219 0.945972 26 20 26
0.222262 -0.016670 0.971917 132 77 66
0.233862 -0.019760 0.941772 124 72 63
0.243724 -0.022721 0.918951 112 65 54
0.267590 -0.031104 0.873975 88 49 38
0.271211 -0.032419 0.867515 90 54 41
0.274483 -0.033764 0.862992 85 49 40
0.277722 -0.035088 0.858455 80 47 38
0.280766 -0.036427 0.854987 74 43 35
0.283775 -0.037751 0.851559 67 41 33
0.286489 -0.039126 0.849993 122 107 102
0.289227 -0.040481 0.848136 98 85 80
0.291795 -0.041869 0.847390 73 64 58
0.294304 -0.043266 0.846993 85 80 70
0.296735 -0.044679 0.847110 91 89 78
0.299259 -0.046052 0.846453 93 91 79
0.301698 -0.047447 0.846380 93 92 79
0.303965 -0.048904 0.847665 94 93 78
0.306319 -0.050324 0.848212 96 95 79
0.308574 -0.051784 0.849584 93 95 81
0.310933 -0.053195 0.850033 92 96 83
0.313273 -0.054610 0.850618 99 102 87
0.315542 -0.056060 0.851829 101 101 85
0.424771 -0.128414 0.931812 62 65 58
0.427041 -0.129674 0.931417 56 58 51
0.429338 -0.131085 0.932175 46 48 40
0.431637 -0.132514 0.933065 65 64 62
0.433907 -0.133834 0.933188 62 66 59
0.436243 -0.135421 0.935228 56 55 50
0.438548 -0.136884 0.936378 42 43 44
0.440852 -0.138347 0.937534 28 31 30
0.443165 -0.139841 0.938908 23 26 25
0.445565 -0.141598 0.942072 29 22 25
0.447900 -0.143142 0.943763 24 19 25
0.218800 -0.011850 0.983308 145 83 73
0.223485 -0.013565 0.974688 138 79 69
0.229552 -0.015191 0.958345 130 76 65
0.234246 -0.016809 0.948835 126 74 63
0.243664 -0.019909 0.928471 114 65 54
0.274697 -0.031271 0.871372 85 47 35
0.277983 -0.032622 0.866613 79 44 33
0.281148 -0.033968 0.862418 81 48 38
0.284364 -0.035276 0.857639 74 45 35
0.287377 -0.036602 0.854030 67 35 28
0.290300 -0.037926 0.850868 91 68 63
0.293085 -0.039266 0.848527 125 108 105
0.295733 -0.040627 0.847060 84 74 64
0.298221 -0.042024 0.846717 76 70 58
0.300733 -0.043404 0.846098 87 85 74
0.303166 -0.044802 0.846033 89 87 76
0.305490 -0.046234 0.846818 94 89 79
0.307871 -0.047640 0.847086 93 90 78
0.310137 -0.049090 0.848318 94 94 80
0.312465 -0.050512 0.848994 94 94 79
0.314781 -0.051936 0.849745 95 95 83
0.317064 -0.053374 0.850779 96 97 85
0.319406 -0.054778 0.851226 97 97 85
0.321781 -0.056157 0.851292 95 94 83
0.323964 -0.057647 0.853289 98 97 88
0.326303 -0.059039 0.853648 101 100 91
0.423715 -0.123620 0.926065 56 58 51
0.426003 -0.125019 0.926735 54 53 49
0.428286 -0.126408 0.927349 60 60 54
0.430585 -0.127874 0.928550 68 71 64
0.432893 -0.129379 0.930051 54 56 54
0.435172 -0.130772 0.930719 52 54 52
0.437506 -0.132366 0.932860 41 38 43
0.439815 -0.133865 0.934300 29 32 30
0.442089 -0.135251 0.934927 26 27 25
0.444405 -0.136773 0.936530 24 22 24
0.220369 -0.008694 0.984383 145 85 79
0.224651 -0.010446 0.977801 139 80 68
0.230377 -0.012142 0.963158 131 77 66
0.234862 -0.013810 0.954754 129 76 64
0.243989 -0.017020 0.935987 116 67 56
0.271830 -0.027289 0.883048 87 48 37
0.275131 -0.028697 0.878490 86 47 36
0.278528 -0.030062 0.873034 85 49 36
0.281683 -0.031440 0.868970 79 46 36
0.284984 -0.032763 0.863639 77 48 38
0.288066 -0.034101 0.859592 80 47 41
0.291137 -0.035415 0.855389 75 42 35
0.294040 -0.036745 0.852207 68 34 28
0.296837 -0.038081 0.849623 92 71 65
0.299443 -0.039452 0.848369 117 105 99
0.302083 -0.040800 0.846725 79 72 61
0.304544 -0.042192 0.846413 71 63 57
0.306924 -0.043605 0.846710 85 79 72
0.309314 -0.045008 0.846861 91 84 75
0.311648 -0.046428 0.847467 91 89 78
0.313959 -0.047854 0.848250 92 90 79
0.316262 -0.049281 0.849079 92 90 79
0.318577 -0.050700 0.849766 93 92 80
0.320884 -0.052118 0.850497 91 91 79
0.323226 -0.053514 0.850842 92 92 80
0.325431 -0.054986 0.852584 92 92 80
0.327753 -0.056387 0.853082 93 92 81
0.330201 -0.057697 0.852096 94 93 83
0.424968 -0.120378 0.921874 60 60 55
0.427256 -0.121829 0.922999 64 63 59
0.429549 -0.123304 0.924317 68 68 64
0.431839 -0.124768 0.925543 57 59 55
0.434159 -0.126342 0.927611 48 49 47
0.436437 -0.127756 0.928455 37 35 39
0.438768 -0.129353 0.930667 33 30 34
0.441065 -0.130830 0.931981 31 31 28
0.443349 -0.132269 0.933009 29 24 23
0.445669 -0.133813 0.934808 28 21 23
0.222029 -0.005537 0.984985 140 79 79
0.226073 -0.007314 0.979595 141 81 70
0.231291 -0.009065 0.967570 134 77 66
0.235539 -0.010775 0.960441 132 75 65
0.240143 -0.012445 0.951003 126 72 61
0.244582 -0.014078 0.942108 121 70 60
0.272023 -0.024672 0.891833 90 51 40
0.275401 -0.026106 0.886859 89 50 39
0.278827 -0.027504 0.881289 86 49 36
0.282076 -0.028900 0.876656 82 46 36
0.285308 -0.030271 0.871890 81 47 38
0.288341 -0.031653 0.868301 81 44 39
0.291471 -0.032990 0.863772 82 47 41
0.294473 -0.034329 0.859953 79 47 40
0.297431 -0.035652 0.856231 69 42 33
0.300322 -0.036969 0.852807 64 36 28
0.303169 -0.038273 0.849512 101 83 76
0.305857 -0.039604 0.847323 127 116 109
0.308352 -0.040981 0.846624 79 66 61
0.310778 -0.042372 0.846429 74 67 60
0.313172 -0.043767 0.846449 84 83 74
0.315514 -0.045177 0.846888 86 84 75
0.317803 -0.046605 0.847787 89 86 75
0.320133 -0.048013 0.848269 89 87 76
0.322449 -0.049422 0.848840 87 87 75
0.324775 -0.050821 0.849268 90 90 78
0.326997 -0.052275 0.850771 89 89 77
0.329292 -0.053685 0.851472 86 86 74
0.331605 -0.055081 0.851931 87 87 75
0.333907 -0.056478 0.852471 90 90 78
0.336109 -0.057943 0.854191 92 92 81
0.338405 -0.059340 0.854756 91 90 80
0.421615 -0.114063 0.913670 57 60 57
0.423888 -0.115507 0.914807 66 67 62
0.426200 -0.117132 0.917418 59 62 55
0.428496 -0.118666 0.919269 65 66 61
0.430794 -0.120197 0.921081 57 58 54
0.433101 -0.121752 0.923069 43 45 39
0.435396 -0.123253 0.924621 33 31 29
0.437675 -0.124702 0.925765 30 28 25
0.439978 -0.126224 0.927463 31 30 27
0.442284 -0.127749 0.929184 26 27 22
0.223797 -0.002385 0.985013 134 72 66
0.227537 -0.004175 0.981180 141 81 75
0.232459 -0.005968 0.970666 141 77 71
0.236401 -0.007709 0.965205 130 76 63
0.240915 -0.009422 0.956231 128 75 63
0.245194 -0.011100 0.948240 125 75 63
0.253764 -0.014344 0.931119 114 67 56
0.261643 -0.017468 0.916748 105 60 49
0.272518 -0.021974 0.898811 94 54 43
0.275838 -0.023448 0.894282 90 51 42
0.279310 -0.024876 0.888453 88 51 37
0.282567 -0.026304 0.883837 85 49 37
0.285827 -0.027703 0.878929 83 49 37
0.288816 -0.029122 0.875754 84 44 36
0.291988 -0.030484 0.870985 85 44 38
0.295018 -0.031847 0.867030 83 44 40
0.298048 -0.033184 0.862821 78 44 38
0.301002 -0.034513 0.858965 78 45 40
0.304034 -0.035794 0.854205 72 40 32
0.306880 -0.037099 0.850726 67 37 33
0.309559 -0.038430 0.848459 115 86 85
0.312061 -0.039803 0.847589 126 108 105
0.314543 -0.041171 0.846794 95 82 78
0.316943 -0.042559 0.846664 75 68 62
0.319281 -0.043966 0.847061 82 76 69
0.321612 -0.045370 0.847475 85 80 74
0.323942 -0.046770 0.847845 87 85 77
0.326268 -0.048166 0.848214 87 86 77
0.328504 -0.049606 0.849513 86 86 74
0.330790 -0.051017 0.850246 90 90 78
0.333086 -0.052418 0.850830 87 86 75
0.335374 -0.053821 0.851468 86 85 74
0.337569 -0.055285 0.853236 87 86 74
0.339875 -0.056668 0.853590 88 88 76
0.342345 -0.057911 0.851650 87 87 75
0.344606 -0.059309 0.852394 88 88 75
0.418368 -0.108196 0.908738 69 73 70
0.420640 -0.109670 0.910172 60 69 64
0.422899 -0.111083 0.911072 55 63 58
0.425160 -0.112505 0.912061 60 65 60
0.427477 -0.114168 0.915065 63 65 62
0.429764 -0.115686 0.916833 51 53 47
0.432067 -0.117254 0.919000 37 39 32
0.434359 -0.118771 0.920726 32 31 28
0.436663 -0.120322 0.922716 29 29 23
0.438943 -0.121787 0.924011 26 27 20
0.441286 -0.123437 0.926746 27 31 23
0.443596 -0.124980 0.928625 25 28 23
0.229223 -0.001040 0.981580 127 69 61
0.233578 -0.002853 0.974078 137 81 75
0.237457 -0.004620 0.968951 130 79 66
0.241722 -0.006370 0.961361 125 75 62
0.245911 -0.008086 0.953876 125 77 63
0.250103 -0.009769 0.946038 121 72 61
0.254229 -0.011418 0.938252 116 69 58
0.258298 -0.013033 0.930457 114 68 56
0.262010 -0.014627 0.924561 105 63 50
0.269317 -0.017732 0.912643 99 59 46
0.272890 -0.019246 0.906767 96 57 46
0.276319 -0.020743 0.901578 90 54 43
0.279722 -0.022215 0.896281 87 50 37
0.283045 -0.023668 0.891272 86 50 36
0.286358 -0.025095 0.886050 83 47 35
0.289418 -0.026530 0.882427 84 44 36
0.295621 -0.029317 0.873830 86 46 40
0.301583 -0.032049 0.866098 86 48 43
0.307525 -0.034680 0.857484 85 48 41
0.310450 -0.035965 0.853132 70 38 32
0.313158 -0.037289 0.850464 73 46 42
0.315769 -0.038625 0.848492 119 86 89
0.318252 -0.039990 0.847569 136 109 112
0.320654 -0.041374 0.847319 108 90 88
0.323011 -0.042769 0.847451 81 69 65
0.325309 -0.044183 0.848134 83 77 70
0.327658 -0.045570 0.848222 83 77 72
0.329927 -0.046990 0.849127 88 83 78
0.332218 -0.048397 0.849768 87 85 76
0.334488 -0.049811 0.850613 86 84 73
0.336772 -0.051214 0.851258 86 84 73
0.338986 -0.052661 0.852763 86 84 73
0.341245 -0.054077 0.853685 87 87 75
0.343600 -0.055415 0.853245 86 86 74
0.345894 -0.056790 0.853556 84 84 72
0.348167 -0.058177 0.854101 85 85 73
0.350474 -0.059525 0.854050 83 83 71
0.352737 -0.060908 0.854619 84 84 73
0.354872 -0.062427 0.857324 85 84 75
0.410624 -0.099477 0.901399 73 73 69
0.412892 -0.100996 0.903309 71 71 66
0.415156 -0.102462 0.904704 70 71 65
0.417421 -0.103933 0.906149 65 65 62
0.419680 -0.105363 0.907212 65 66 65
0.421945 -0.106827 0.908590 62 65 64
0.424204 -0.108262 0.909704 55 62 59
0.426468 -0.109718 0.910999 43 46 43
0.428760 -0.111284 0.913248 43 41 39
0.431044 -0.112803 0.915068 37 35 30
0.433343 -0.114365 0.917231 34 33 27
0.435645 -0.115925 0.919357 31 30 24
0.437919 -0.117392 0.920706 28 29 22
0.440224 -0.118945 0.922742 27 28 21
0.230944 0.002090 0.981774 119 82 69
0.235074 0.000260 0.975438 115 80 67
0.238671 -0.001517 0.971863 129 79 68
0.242730 -0.003294 0.965410 124 74 61
0.246693 -0.005041 0.959237 123 75 61
0.254727 -0.008450 0.945331 119 70 59
0.262476 -0.011737 0.931908 110 70 54
0.269848 -0.014913 0.919657 101 62 49
0.273477 -0.016459 0.913442 99 60 47
0.276876 -0.017991 0.908505 89 53 41
0.280313 -0.019494 0.903025 89 53 39
0.283601 -0.020983 0.898327 87 51 37
0.286971 -0.022437 0.892736 85 49 37
0.290007 -0.023904 0.889369 86 46 36
0.293188 -0.025329 0.884658 86 46 38
0.296261 -0.026744 0.880510 86 46 40
0.299295 -0.028141 0.876413 86 49 44
0.302264 -0.029526 0.872596 78 39 35
0.305240 -0.030884 0.868453 84 43 37
0.308175 -0.032226 0.864387 84 43 37
0.311210 -0.033513 0.859123 84 43 37
0.314007 -0.034836 0.855714 87 49 44
0.316756 -0.036149 0.852508 83 48 45
0.319341 -0.037494 0.850646 74 41 39
0.321822 -0.038860 0.849650 106 71 73
0.324235 -0.040240 0.849222 151 122 125
0.326618 -0.041623 0.849025 115 96 95
0.329002 -0.042997 0.848714 82 68 65
0.331326 -0.044391 0.848992 79 68 65
0.333641 -0.045783 0.849306 82 75 71
0.335927 -0.047186 0.849907 87 82 73
0.338205 -0.048590 0.850578 86 84 73
0.340435 -0.050021 0.851822 86 84 73
0.342696 -0.051431 0.852651 86 86 74
0.345009 -0.052798 0.852714 82 82 70
0.347309 -0.054165 0.852857 79 79 67
0.349525 -0.055599 0.854227 81 81 69
0.351805 -0.056972 0.854548 81 81 69
0.354019 -0.058406 0.855929 83 83 72
0.356212 -0.059862 0.857674 83 82 73
0.358414 -0.061314 0.859315 83 82 73
0.360659 -0.062716 0.860169 83 82 72
0.362906 -0.064110 0.860918 80 84 69
0.365114 -0.065558 0.862479 78 82 67
0.400684 -0.089113 0.890081 74 81 68
0.405174 -0.092004 0.892695 72 77 66
0.407420 -0.093451 0.894017 70 70 63
0.409675 -0.094990 0.896249 67 67 61
0.411945 -0.096627 0.899426 68 68 61
0.414203 -0.098107 0.901017 66 67 60
0.416468 -0.099618 0.902892 61 62 55
0.418722 -0.101059 0.904087 53 55 51
0.420983 -0.102529 0.905562 46 47 48
0.423237 -0.103965 0.906711 40 44 43
0.425494 -0.105413 0.907968 34 38 38
0.427755 -0.106879 0.909392 33 35 35
0.430057 -0.108485 0.912045 36 34 36
0.432329 -0.109974 0.913646 37 36 31
0.434647 -0.111603 0.916428 32 33 25
0.436953 -0.113176 0.918705 27 30 21
0.439180 -0.114514 0.918994 26 27 19
0.441452 -0.115983 0.920380 29 25 20
0.236502 0.003383 0.977195 86 51 39
0.239967 0.001595 0.974347 139 93 81
0.243673 -0.000192 0.969918 124 74 61
0.247479 -0.001964 0.964670 123 75 61
0.251430 -0.003717 0.958281 121 75 61
0.255327 -0.005441 0.951920 118 72 60
0.259249 -0.007137 0.945093 114 74 57
0.262925 -0.008803 0.939522 109 71 53
0.266771 -0.010441 0.932545 108 70 53
0.270322 -0.012054 0.927210 104 68 52
0.273929 -0.013639 0.921203 96 60 45
0.277351 -0.015204 0.916177 91 57 42
0.280775 -0.016743 0.910855 90 54 40
0.284077 -0.018264 0.906134 89 53 39
0.287372 -0.019761 0.901183 88 52 40
0.290477 -0.021252 0.897407 88 49 38
0.293621 -0.022715 0.893072 87 47 39
0.296669 -0.024168 0.889241 85 45 39
0.302745 -0.027005 0.880964 86 45 39
0.314480 -0.032457 0.864666 86 46 42
0.317346 -0.033770 0.860488 84 48 42
0.320083 -0.035094 0.857266 87 50 45
0.322711 -0.036432 0.854908 82 45 41
0.325225 -0.037792 0.853525 71 37 34
0.327729 -0.039141 0.852095 95 60 62
0.330151 -0.040509 0.851400 134 114 108
0.332547 -0.041878 0.850897 128 116 105
0.334921 -0.043247 0.850521 89 82 71
0.337258 -0.044626 0.850499 77 68 58
0.339564 -0.046014 0.850793 83 73 63
0.341822 -0.047427 0.851659 91 75 68
0.344090 -0.048829 0.852344 86 80 70
0.346407 -0.050192 0.852280 84 83 71
0.348688 -0.051574 0.852649 82 81 70
0.350916 -0.052993 0.853783 80 80 68
0.353180 -0.054379 0.854317 79 79 67
0.355420 -0.055782 0.855192 79 79 67
0.357633 -0.057211 0.856532 79 79 67
0.359835 -0.058654 0.858095 82 81 70
0.362053 -0.060081 0.859373 79 77 66
0.364287 -0.061486 0.860315 80 79 68
0.366505 -0.062911 0.861577 77 78 66
0.368754 -0.064287 0.862096 77 77 65
0.371002 -0.065654 0.862531 79 76 68
0.373255 -0.067001 0.862702 79 74 66
0.375459 -0.068439 0.864190 76 75 66
0.377666 -0.069877 0.865672 74 76 66
0.379865 -0.071338 0.867449 70 72 62
0.382085 -0.072746 0.868515 70 71 62
0.384287 -0.074217 0.870386 68 70 61
0.386501 -0.075653 0.871795 70 71 63
0.388716 -0.077090 0.873213 67 69 59
0.390914 -0.078637 0.875946 66 71 58
0.393125 -0.080154 0.878264 63 69 58
0.395333 -0.081758 0.881555 66 73 63
0.397561 -0.083233 0.883297 64 71 60
0.399790 -0.084779 0.885829 61 67 57
0.402025 -0.086272 0.887725 60 64 54
0.404265 -0.087796 0.889932 59 63 54
0.406504 -0.089223 0.891078 58 63 53
0.408744 -0.090658 0.892306 53 56 49
0.410993 -0.092183 0.894465 52 55 48
0.413251 -0.093744 0.896959 49 52 45
0.415507 -0.095250 0.898870 46 49 42
0.417755 -0.096693 0.900134 39 42 35
0.420011 -0.098176 0.901787 35 39 35
0.422267 -0.099655 0.903388 33 40 40
0.424524 -0.101128 0.904923 29 38 39
0.426776 -0.102576 0.906222 25 37 35
0.429039 -0.104065 0.907895 23 35 31
0.433606 -0.107151 0.912163 27 35 28
0.241459 0.004703 0.975724 80 33 25
0.244958 0.002910 0.972481 140 89 79
0.248555 0.001126 0.968460 124 76 63
0.252427 -0.000654 0.962524 121 75 61
0.256166 -0.002403 0.957142 117 72 60
0.260084 -0.004135 0.950329 114 74 58
0.263686 -0.005830 0.945259 107 69 50
0.267530 -0.007505 0.938296 104 67 48
0.271017 -0.009149 0.933423 102 67 49
0.274658 -0.010768 0.927207 98 62 47
0.278042 -0.012365 0.922488 94 60 44
0.281532 -0.013933 0.916722 94 57 42
0.284811 -0.015486 0.912209 93 55 41
0.288137 -0.017011 0.907067 89 53 39
0.291237 -0.018529 0.903373 89 50 39
0.294407 -0.020018 0.898888 89 50 39
0.297408 -0.021503 0.895497 86 46 38
0.300549 -0.022948 0.890684 85 45 37
0.303548 -0.024388 0.886793 88 47 41
0.306577 -0.025798 0.882355 90 49 42
0.312425 -0.028582 0.874483 90 49 43
0.315265 -0.029956 0.870902 91 51 46
0.318166 -0.031289 0.866451 85 50 42
0.320931 -0.032631 0.863031 86 50 42
0.323615 -0.033975 0.860173 88 50 44
0.326165 -0.035342 0.858513 84 44 41
0.328753 -0.036678 0.856222 87 49 46
0.331232 -0.038039 0.854964 82 54 47
0.333688 -0.039394 0.853801 67 44 36
0.336110 -0.040751 0.852892 94 74 65
0.338503 -0.042110 0.852202 138 116 109
0.340854 -0.043479 0.851910 150 129 122
0.343159 -0.044865 0.852132 94 80 71
0.345459 -0.046248 0.852355 68 64 53
0.347764 -0.047620 0.852413 79 74 64
0.350063 -0.048988 0.852465 80 77 69
0.352301 -0.050396 0.853395 77 73 63
0.354564 -0.051779 0.853869 78 74 64
0.356807 -0.053176 0.854642 79 74 64
0.359039 -0.054580 0.855564 76 72 62
0.361247 -0.056009 0.856946 78 76 65
0.363474 -0.057415 0.857917 79 77 66
0.365714 -0.058801 0.858595 77 77 65
0.367941 -0.060201 0.859504 74 73 62
0.370159 -0.061611 0.860592 76 73 63
0.372407 -0.062965 0.860836 78 73 66
0.374631 -0.064352 0.861621 70 66 58
0.376831 -0.065789 0.863142 69 68 59
0.379022 -0.067251 0.865014 68 71 61
0.381227 -0.068689 0.866519 63 66 56
0.383425 -0.070153 0.868365 64 66 57
0.385637 -0.071576 0.869644 63 64 57
0.387847 -0.073013 0.871107 64 65 58
0.390069 -0.074396 0.871853 60 61 51
0.392268 -0.075908 0.874255 60 61 52
0.394479 -0.077377 0.876066 57 60 51
0.396686 -0.078936 0.878950 49 52 45
0.398906 -0.080419 0.880865 51 54 47
0.401129 -0.081962 0.883457 53 55 48
0.403358 -0.083460 0.885485 51 52 45
0.405593 -0.085018 0.888153 46 47 40
0.407826 -0.086434 0.889215 43 44 37
0.410062 -0.087896 0.890783 44 45 38
0.412304 -0.089390 0.892670 45 45 38
0.414562 -0.090967 0.895409 43 44 37
0.416810 -0.092447 0.897109 38 38 32
0.419060 -0.093928 0.898799 40 39 33
0.421314 -0.095419 0.900568 35 35 32
0.423585 -0.096971 0.902930 30 36 36
0.425843 -0.098453 0.904583 25 34 33
0.428107 -0.099951 0.906366 15 29 24
0.430381 -0.101473 0.908371 16 30 24
0.246328 0.006017 0.974566 88 36 29
0.249719 0.004230 0.971777 136 87 76
0.253391 0.002436 0.967059 121 74 60
0.257116 0.000658 0.961762 116 71 59
0.260899 -0.001101 0.955810 113 73 56
0.264492 -0.002826 0.950817 107 71 50
0.268217 -0.004533 0.944667 105 70 50
0.271729 -0.006208 0.939663 101 66 48
0.275255 -0.007861 0.934278 96 62 45
0.278684 -0.009489 0.929299 93 59 43
0.282111 -0.011093 0.924045 94 57 42
0.285425 -0.012676 0.919339 94 55 42
0.288804 -0.014232 0.913848 93 54 41
0.291914 -0.015777 0.910156 91 52 41
0.295100 -0.017296 0.905603 91 52 41
0.304200 -0.021759 0.894094 91 48 41
0.315974 -0.027439 0.878076 88 48 42
0.318838 -0.028812 0.874083 87 51 44
0.321624 -0.030180 0.870584 88 51 44
0.324382 -0.031532 0.867079 89 53 45
0.327042 -0.032888 0.864351 88 53 45
0.329671 -0.034234 0.861710 88 53 45
0.332194 -0.035598 0.860037 84 51 45
0.334710 -0.036948 0.858256 85 51 47
0.337167 -0.038306 0.857008 88 54 50
0.339600 -0.039660 0.855869 82 48 42
0.342002 -0.041016 0.854976 67 39 31
0.344374 -0.042375 0.854343 106 81 73
0.346718 -0.043738 0.853950 126 113 103
0.349041 -0.045104 0.853753 127 120 109
0.351352 -0.046468 0.853612 101 97 89
0.353621 -0.047854 0.854049 83 77 70
0.355895 -0.049230 0.854318 79 70 63
0.358154 -0.050612 0.854758 82 71 65
0.360398 -0.052002 0.855413 86 77 70
0.362635 -0.053394 0.856147 82 73 67
0.364862 -0.054795 0.857063 84 74 68
0.367090 -0.056190 0.857899 81 74 66
0.369320 -0.057577 0.858620 78 72 64
0.371547 -0.058964 0.859351 76 72 62
0.373773 -0.060347 0.860056 80 74 67
0.375989 -0.061741 0.860967 76 70 63
0.378187 -0.063172 0.862450 72 69 61
0.380385 -0.064607 0.863966 68 69 59
0.382577 -0.066066 0.865838 67 68 58
0.384760 -0.067569 0.868295 64 65 56
0.386966 -0.069010 0.869840 65 65 58
0.389189 -0.070382 0.870432 63 62 55
0.391401 -0.071794 0.871571 59 60 50
0.393608 -0.073247 0.873256 56 57 47
0.395818 -0.074691 0.874814 56 56 47
0.398028 -0.076163 0.876699 52 51 47
0.400240 -0.077673 0.879039 51 50 47
0.402458 -0.079216 0.881715 50 48 45
0.404683 -0.080730 0.884006 46 44 41
0.406916 -0.082281 0.886693 41 39 36
0.409148 -0.083743 0.888301 38 36 33
0.411382 -0.085211 0.889970 42 39 34
0.413626 -0.086731 0.892196 43 38 34
0.415868 -0.088212 0.893962 42 37 32
0.418118 -0.089724 0.896043 40 34 32
0.422620 -0.092705 0.899689 37 31 30
0.251100 0.007329 0.973805 93 43 36
0.254519 0.005536 0.970646 132 99 77
0.258055 0.003747 0.966544 111 81 60
0.261770 0.001962 0.961037 102 72 54
0.265295 0.000213 0.956522 98 68 46
0.269103 -0.001533 0.949808 98 68 46
0.272592 -0.003237 0.944979 98 66 47
0.276148 -0.004921 0.939401 96 60 45
0.279501 -0.006576 0.934987 98 60 46
0.282974 -0.008212 0.929422 99 59 45
0.286247 -0.009823 0.925056 98 58 44
0.289634 -0.011410 0.919531 97 57 44
0.292762 -0.012980 0.915739 97 55 43
0.295943 -0.014528 0.911270 92 50 40
0.298981 -0.016062 0.907701 95 51 42
0.304961 -0.019078 0.900652 95 50 40
0.316792 -0.024864 0.884389 89 49 41
0.319688 -0.026259 0.880152 90 53 46
0.322488 -0.027651 0.876587 89 52 45
0.325266 -0.029023 0.872947 89 54 48
0.327940 -0.030400 0.870150 89 55 49
0.330612 -0.031757 0.867107 87 54 49
0.333139 -0.033140 0.865514 86 53 47
0.335676 -0.034503 0.863573 86 51 47
0.338167 -0.035867 0.862001 89 53 50
0.340609 -0.037237 0.860866 91 55 51
0.343036 -0.038599 0.859759 92 57 52
0.345440 -0.039958 0.858776 85 49 44
0.347835 -0.041307 0.857745 74 41 35
0.350212 -0.042652 0.856792 75 46 38
0.352563 -0.044000 0.856080 88 64 56
0.354886 -0.045354 0.855645 133 108 101
0.357185 -0.046715 0.855494 148 120 115
0.359465 -0.048081 0.855544 159 129 126
0.361720 -0.049462 0.855971 117 89 81
0.363975 -0.050836 0.856301 79 67 55
0.366222 -0.052211 0.856722 63 60 46
0.368460 -0.053588 0.857220 73 63 54
0.370687 -0.054974 0.857938 79 71 62
0.372911 -0.056358 0.858633 76 67 62
0.375141 -0.057724 0.859065 75 68 62
0.377352 -0.059118 0.859988 74 69 61
0.379563 -0.060509 0.860887 72 67 60
0.381761 -0.061927 0.862207 67 63 56
0.383958 -0.063347 0.863577 72 69 61
0.386136 -0.064841 0.866019 64 62 55
0.388341 -0.066253 0.867215 64 61 54
0.390547 -0.067656 0.868297 62 60 52
0.392755 -0.069050 0.869255 60 58 50
0.394949 -0.070536 0.871469 57 55 48
0.397153 -0.071979 0.873073 55 53 45
0.399357 -0.073472 0.875309 48 47 39
0.401566 -0.074961 0.877456 50 49 42
0.403782 -0.076521 0.880450 45 43 37
0.406003 -0.078005 0.882446 41 41 33
0.408232 -0.079549 0.885139 41 40 34
0.410457 -0.080995 0.886617 42 39 34
0.412694 -0.082511 0.888888 40 35 31
0.414929 -0.083992 0.890731 38 32 31
0.417161 -0.085439 0.892175 43 37 31
0.419398 -0.086903 0.893805 40 34 27
0.255801 0.008638 0.973315 78 52 34
0.259084 0.006855 0.970839 97 75 62
0.262657 0.005055 0.966269 93 68 47
0.266108 0.003284 0.962277 97 68 46
0.269815 0.001511 0.956271 97 68 46
0.273294 -0.000223 0.951562 95 65 46
0.276796 -0.001937 0.946409 94 60 45
0.280210 -0.003625 0.941616 99 62 48
0.283691 -0.005294 0.936031 102 60 47
0.287035 -0.006936 0.931176 98 59 45
0.290349 -0.008555 0.926258 95 55 41
0.293482 -0.010153 0.922512 97 57 44
0.296590 -0.011732 0.918712 93 51 40
0.299608 -0.013296 0.915422 92 50 39
0.302692 -0.014837 0.911304 98 51 41
0.305674 -0.016364 0.907821 95 49 38
0.323207 -0.025119 0.884344 89 52 45
0.325993 -0.026521 0.880744 89 54 48
0.328700 -0.027919 0.877743 88 53 48
0.331403 -0.029296 0.874486 85 51 47
0.333978 -0.030690 0.872472 90 55 51
0.336556 -0.032064 0.870190 91 55 51
0.339041 -0.033455 0.868855 89 53 49
0.341484 -0.034848 0.867903 88 52 48
0.343911 -0.036235 0.866993 91 55 51
0.346348 -0.037604 0.865753 87 52 48
0.348795 -0.038950 0.864140 93 57 53
0.351208 -0.040298 0.862812 90 53 49
0.353625 -0.041625 0.861185 91 55 50
0.356032 -0.042937 0.859431 86 45 41
0.358377 -0.044276 0.858530 86 44 41
0.360694 -0.045622 0.857951 85 49 43
0.362967 -0.046995 0.858092 102 63 54
0.365248 -0.048350 0.857913 142 112 101
0.367521 -0.049700 0.857743 154 129 115
0.369776 -0.051059 0.857843 145 121 107
0.372022 -0.052418 0.858007 132 110 97
0.374250 -0.053794 0.858533 109 87 78
0.376485 -0.055148 0.858723 79 60 52
0.378710 -0.056507 0.859061 64 46 39
0.380916 -0.057896 0.859934 57 43 36
0.383108 -0.059316 0.861354 67 54 48
0.385304 -0.060727 0.862602 66 55 49
0.387491 -0.062173 0.864399 66 60 54
0.389688 -0.063589 0.865716 53 53 46
0.391891 -0.064981 0.866682 52 52 44
0.394091 -0.066378 0.867710 49 50 42
0.396285 -0.067828 0.869504 43 44 35
0.398481 -0.069297 0.871550 38 40 29
0.400680 -0.070795 0.873937 39 40 29
0.402886 -0.072293 0.876273 44 44 34
0.405098 -0.073806 0.878765 37 35 28
0.407313 -0.075269 0.880568 40 38 31
0.260449 0.009943 0.973003 48 33 30
0.263820 0.008145 0.969753 92 68 52
0.267141 0.006366 0.966644 97 68 45
0.270751 0.004572 0.961309 97 68 47
0.274158 0.002817 0.957132 96 68 48
0.277716 0.001068 0.951593 95 65 49
0.281091 -0.000646 0.947111 97 65 49
0.284597 -0.002348 0.941350 103 61 48
0.287911 -0.004017 0.936756 100 57 45
0.291213 -0.005665 0.931966 97 57 43
0.294341 -0.007288 0.928314 100 59 46
0.297457 -0.008893 0.924499 97 56 44
0.300425 -0.010482 0.921710 98 54 43
0.303501 -0.012051 0.917726 100 53 42
0.306453 -0.013606 0.914597 99 52 41
0.318228 -0.019636 0.899683 91 51 43
0.321153 -0.021091 0.895370 86 49 42
0.323997 -0.022534 0.891593 93 56 49
0.326785 -0.023965 0.888100 86 51 45
0.329492 -0.025391 0.885229 89 55 49
0.332219 -0.026792 0.881839 87 53 49
0.334822 -0.028203 0.879656 88 53 49
0.337436 -0.029593 0.877067 89 53 49
0.339942 -0.031000 0.875639 89 53 49
0.342391 -0.032414 0.874790 88 52 48
0.344838 -0.033817 0.873802 89 53 49
0.347270 -0.035212 0.872832 90 54 50
0.349723 -0.036583 0.871338 88 52 48
0.352137 -0.037958 0.870244 87 51 47
0.354580 -0.039298 0.868401 84 48 44
0.357018 -0.040619 0.866344 94 53 49
0.359404 -0.041955 0.864931 88 49 43
0.361767 -0.043289 0.863697 89 54 46
0.364091 -0.044638 0.862999 88 55 47
0.366413 -0.045972 0.862089 78 43 35
0.368716 -0.047307 0.861374 75 40 33
0.370992 -0.048656 0.861082 62 32 25
0.373259 -0.050001 0.860806 71 41 34
0.375518 -0.051342 0.860549 100 70 63
0.377770 -0.052676 0.860242 108 85 76
0.380001 -0.054029 0.860398 136 113 106
0.382216 -0.055402 0.860958 151 128 121
0.384413 -0.056815 0.862242 148 126 118
0.386614 -0.058214 0.863280 136 115 108
0.388799 -0.059670 0.865273 106 90 86
0.390996 -0.061092 0.866676 92 79 80
0.393199 -0.062485 0.867636 83 71 72
0.395401 -0.063875 0.868542 72 61 62
0.397597 -0.065328 0.870407 58 47 49
0.399795 -0.066784 0.872275 49 39 39
0.401997 -0.068256 0.874349 53 41 38
0.404204 -0.069724 0.876326 52 40 37
0.265103 0.011237 0.972484 37 24 19
0.268220 0.009468 0.970785 89 66 51
0.271630 0.007670 0.966857 104 79 57
0.275010 0.005892 0.962912 102 72 49
0.278551 0.004113 0.957530 96 67 48
0.281918 0.002372 0.953151 93 64 44
0.285300 0.000648 0.948384 98 63 47
0.288627 -0.001053 0.943756 100 56 44
0.291885 -0.002729 0.939397 103 59 47
0.295025 -0.004381 0.935734 99 57 44
0.298163 -0.006016 0.931824 99 57 45
0.301187 -0.007630 0.928651 100 56 45
0.304238 -0.009228 0.924984 102 55 44
0.307213 -0.010809 0.921745 98 51 40
0.318996 -0.016954 0.907196 93 53 44
0.340821 -0.028520 0.883002 87 51 47
0.360367 -0.039657 0.872983 89 53 49
0.369820 -0.045007 0.867589 84 51 44
0.374398 -0.047718 0.866779 82 49 46
0.378950 -0.050388 0.865589 81 47 45
0.269641 0.012538 0.972604 42 20 11
0.272808 0.010757 0.970388 85 63 40
0.276042 0.008977 0.967506 92 69 40
0.279509 0.007179 0.962682 93 64 43
0.282804 0.005420 0.958885 93 64 44
0.286154 0.003670 0.954401 97 63 45
0.289440 0.001945 0.950149 99 58 44
0.292712 0.000239 0.945735 106 60 49
0.295854 -0.001439 0.942124 100 55 44
0.299008 -0.003102 0.938146 101 57 44
0.302040 -0.004741 0.934975 101 56 45
0.305093 -0.006365 0.931370 103 57 44
0.308035 -0.007970 0.928531 101 54 43
0.319760 -0.014229 0.914995 95 54 46
0.341707 -0.026001 0.890589 88 52 48
0.277299 0.012052 0.970525 68 44 18
0.280609 0.010253 0.966867 89 61 40
0.283807 0.008485 0.963837 94 65 45
0.287137 0.006712 0.959535 93 60 41
0.290405 0.004963 0.955464 94 59 41
0.293624 0.003236 0.951520 101 59 46
0.296793 0.001530 0.947734 102 55 44
0.299882 -0.000152 0.944387 101 57 45
0.302870 -0.001812 0.941697 103 58 46
0.305907 -0.003462 0.938320 103 56 42
0.308857 -0.005092 0.935511 101 54 42
0.311801 -0.006707 0.932521 101 54 43
0.314688 -0.008307 0.929849 98 53 42
0.281855 0.013326 0.970019 53 18 12
0.284859 0.011573 0.968529 81 47 31
0.288078 0.009792 0.965147 96 60 46
0.291303 0.008024 0.961470 98 55 41
0.294478 0.006277 0.957964 103 55 42
0.297621 0.004549 0.954478 104 56 45
0.300726 0.002839 0.951069 105 56 46
0.303718 0.001156 0.948443 106 57 47
0.306789 -0.000522 0.944838 99 50 39
0.309751 -0.002176 0.942013 102 53 42
0.312718 -0.003817 0.938891 101 54 44
0.315591 -0.005438 0.936459 97 52 41
0.286264 0.014617 0.970491 65 26 19
0.289169 0.012879 0.969664 63 26 19
0.292204 0.011122 0.967612 91 53 45
0.295375 0.009352 0.964207 99 59 46
0.298509 0.007600 0.960874 96 54 42
0.301670 0.005858 0.957033 104 55 45
0.304725 0.004144 0.953903 102 53 43
0.307718 0.002452 0.951106 102 53 42
0.310661 0.000777 0.948556 102 53 43
0.313588 -0.000884 0.945936 100 53 43
0.316481 -0.002530 0.943429 95 50 40
0.319446 -0.004167 0.939891 97 52 43
0.322278 -0.005783 0.937528 98 56 46
0.293492 0.014177 0.970608 65 20 15
0.296454 0.012429 0.969023 78 36 30
0.299486 0.010675 0.966648 86 44 37
0.302630 0.008910 0.963022 99 52 47
0.305694 0.007173 0.959881 98 49 41
0.308694 0.005458 0.957096 99 51 43
0.311625 0.003764 0.954756 99 52 44
0.314572 0.002078 0.952031 99 53 46
0.317446 0.000414 0.949824 99 54 48
0.320356 -0.001244 0.946983 95 52 45
0.323190 -0.002882 0.944744 98 57 50
0.300655 0.013743 0.970825 69 19 13
0.303628 0.011993 0.968833 81 36 31
0.306582 0.010255 0.966822 87 39 34
0.309565 0.008521 0.964323 89 43 36
0.312523 0.006800 0.961842 90 44 40
0.315482 0.005090 0.959106 89 44 39
0.318335 0.003408 0.957271 90 46 41
0.321177 0.001735 0.955344 91 49 43
0.323967 0.000079 0.953801 89 48 43
0.326808 -0.001574 0.951442 87 50 43
0.329623 -0.003213 0.949125 87 51 44
0.305040 0.015011 0.970830 69 20 16
0.307815 0.013301 0.970575 68 20 15
0.310654 0.011581 0.969559 72 26 22
0.313523 0.009861 0.968082 83 37 33
0.316459 0.008134 0.965700 81 38 34
0.319318 0.006431 0.963932 86 43 40
0.322122 0.004746 0.962574 82 41 37
0.324920 0.003070 0.961109 87 46 42
0.327741 0.001398 0.959146 84 46 39
0.330548 -0.000263 0.957127 87 48 41
0.311876 0.014641 0.973585 72 26 24
0.314657 0.012928 0.973104 73 26 26
0.317457 0.011216 0.972290 75 31 28
0.320236 0.009513 0.971562 75 37 34
0.323013 0.007816 0.970710 76 37 33
0.325808 0.006120 0.969490 81 39 37
0.328631 0.004426 0.967709 82 41 37
0.331459 0.002740 0.965626 83 43 39
0.334324 0.001058 0.962774 81 43 38
0.337113 -0.000603 0.960648 79 42 37
0.321493 0.012554 0.975539 53 30 24
0.324197 0.010864 0.975634 62 26 24
0.326955 0.009163 0.974963 67 25 26
0.329729 0.007464 0.973926 71 29 29
0.332538 0.005763 0.972234 74 33 33
0.335334 0.004072 0.970473 77 36 36
0.338081 0.002398 0.969166 72 31 30
0.331110 0.010463 0.976656 58 19 18
0.333797 0.008781 0.976650 53 14 14
0.336531 0.007090 0.975853 56 15 17
0.339204 0.005418 0.975782 64 24 25
0.341889 0.003747 0.975384 68 27 27
0.344501 0.002095 0.976013 71 31 31
0.347097 0.000447 0.976840 69 32 31
0.349739 -0.001206 0.976780 64 29 28
0.343210 0.006744 0.979384 63 22 20
0.345809 0.005089 0.980360 62 24 22
0.348367 0.003444 0.982022 65 28 26
0.350979 0.001787 0.982710 67 31 29
0.353514 0.000147 0.984814 56 32 26
0.356057 -0.001497 0.986825 51 33 26
0.340895 -0.059791 0.858158 54 56 49
0.338428 -0.057873 0.857280 65 67 60
0.335338 -0.056870 0.856290 77 79 72
0.386167 -0.074411 0.876277 26 29 25
0.383832 -0.072445 0.875440 26 28 24
0.381322 -0.070701 0.874567 24 26 23
0.378688 -0.069112 0.873670 19 21 19
0.372622 -0.067004 0.871718 21 23 19
0.346657 -0.060888 0.863581 17 17 14
0.340174 -0.059345 0.861549 19 19 16
0.337456 -0.057794 0.860629 17 19 15
0.334185 -0.057061 0.859607 17 19 15
0.330437 -0.057051 0.858497 20 21 17
0.326912 -0.056710 0.857429 25 26 22
0.322503 -0.057733 0.856202 30 34 30
0.318682 -0.057873 0.855082 39 46 40
0.398106 -0.082359 0.884005 27 32 24
0.395566 -0.080725 0.883136 21 29 21
0.393035 -0.079066 0.882268 4 21 15
0.390349 -0.077602 0.881367 3 19 14
0.387658 -0.076135 0.880465 13 28 23
0.384940 -0.074694 0.879557 12 24 19
0.382366 -0.073050 0.878677 20 27 22
0.379683 -0.071543 0.877774 29 33 30
0.376869 -0.070203 0.876844 32 34 32
0.373590 -0.069496 0.875821 37 39 35
0.370679 -0.068279 0.874872 36 38 34
0.367456 -0.067491 0.873860 37 39 35
0.364200 -0.066751 0.872841 37 39 35
0.361283 -0.065530 0.871890 35 37 33
0.357874 -0.065003 0.870841 34 36 32
0.354469 -0.064473 0.869793 33 35 31
0.351336 -0.063555 0.868799 34 35 31
0.348119 -0.062757 0.867788 31 32 28
0.345152 -0.061592 0.866825 32 32 28
0.341869 -0.060887 0.865801 28 28 24
0.338622 -0.060129 0.864784 24 25 21
0.335752 -0.058808 0.863839 22 24 21
0.332361 -0.058262 0.862795 19 21 17
0.328715 -0.058108 0.861702 17 19 15
0.325174 -0.057800 0.860629 17 19 15
0.321191 -0.058179 0.859474 19 19 16
0.317372 -0.058321 0.858351 18 17 15
0.313990 -0.057795 0.857311 18 20 16
0.310228 -0.057867 0.856200 23 25 21
0.306420 -0.058026 0.855081 29 32 26
0.302701 -0.058057 0.853980 56 57 51
0.412921 -0.091217 0.892611 36 37 30
0.410383 -0.089638 0.891750 28 30 26
0.407698 -0.088236 0.890857 28 30 25
0.405411 -0.086318 0.890049 22 27 20
0.402959 -0.084596 0.889204 19 25 17
0.399841 -0.083722 0.888218 26 32 24
0.397341 -0.082042 0.887362 28 33 25
0.394364 -0.080976 0.886404 38 44 36
0.391899 -0.079230 0.885554 43 54 45
0.389147 -0.077852 0.884643 53 61 56
0.386418 -0.076435 0.883736 62 70 64
0.383884 -0.074748 0.882870 76 80 75
0.381073 -0.073423 0.881944 86 89 85
0.378103 -0.072306 0.880986 90 92 88
0.375087 -0.071247 0.880018 94 97 90
0.371779 -0.070587 0.878989 91 94 88
0.368713 -0.069591 0.878010 93 95 89
0.365586 -0.068678 0.877018 91 94 88
0.362381 -0.067873 0.876011 88 92 85
0.359347 -0.066824 0.875038 89 94 86
0.356112 -0.066059 0.874024 94 99 91
0.352820 -0.065375 0.872998 89 93 86
0.349595 -0.064595 0.871986 88 93 85
0.346412 -0.063754 0.870983 88 93 85
0.343280 -0.062836 0.869989 86 89 82
0.340202 -0.061838 0.869006 83 86 79
0.336911 -0.061151 0.867981 71 77 70
0.334027 -0.059858 0.867037 61 65 60
0.330665 -0.059277 0.865997 46 51 43
0.326936 -0.059255 0.864886 38 43 35
0.323376 -0.058986 0.863808 34 36 32
0.319517 -0.059185 0.862673 24 27 22
0.315908 -0.059009 0.861587 21 24 19
0.312478 -0.058562 0.860537 20 20 16
0.308696 -0.058675 0.859418 19 19 15
0.304913 -0.058801 0.858301 19 19 15
0.300890 -0.059324 0.857139 20 20 16
0.296883 -0.059842 0.855980 19 19 15
0.293404 -0.059522 0.854924 35 36 29
0.289742 -0.059507 0.853833 67 68 60
0.286235 -0.059249 0.852772 89 89 80
0.421430 -0.098216 0.899177 47 45 38
0.419211 -0.096290 0.898393 38 37 30
0.416766 -0.094629 0.897559 27 27 20
0.413799 -0.093605 0.896609 23 21 16
0.411372 -0.091901 0.895777 22 19 16
0.408611 -0.090606 0.894872 28 28 25
0.406270 -0.088773 0.894058 37 38 36
0.403795 -0.087095 0.893214 49 53 50
0.401269 -0.085472 0.892358 46 57 46
0.398209 -0.084528 0.891384 86 95 84
0.395801 -0.082733 0.890553 98 104 94
0.393035 -0.081393 0.889643 104 112 101
0.390469 -0.079781 0.888776 96 104 95
0.387708 -0.078417 0.887866 99 107 98
0.385094 -0.076849 0.886987 96 101 91
0.382515 -0.075223 0.886115 98 101 94
0.379648 -0.073977 0.885181 97 100 92
0.376514 -0.073085 0.884189 96 99 91
0.373464 -0.072077 0.883215 94 97 90
0.370259 -0.071280 0.882208 97 100 93
0.367197 -0.070283 0.881231 96 99 92
0.364059 -0.069389 0.880239 93 96 89
0.360901 -0.068522 0.879241 92 95 88
0.357936 -0.067380 0.878284 91 94 87
0.354729 -0.066577 0.877277 90 93 86
0.351438 -0.065895 0.876251 88 91 84
0.348205 -0.065131 0.875238 88 91 84
0.344971 -0.064366 0.874224 86 89 82
0.341809 -0.063497 0.873226 87 88 81
0.338612 -0.062677 0.872220 89 90 83
0.335404 -0.061874 0.871212 86 88 81
0.332520 -0.060585 0.870269 88 91 84
0.329035 -0.060195 0.869204 83 86 79
0.325427 -0.059997 0.868115 84 87 80
0.321795 -0.059843 0.867021 88 91 84
0.318059 -0.059861 0.865906 85 88 81
0.314524 -0.059576 0.864833 68 70 64
0.311130 -0.059078 0.863789 52 54 47
0.307272 -0.059314 0.862652 33 34 30
0.303574 -0.059312 0.861547 25 25 21
0.299416 -0.060059 0.860353 20 20 16
0.295046 -0.061169 0.859118 19 19 15
0.291153 -0.061533 0.857978 17 18 14
0.287263 -0.061907 0.856840 18 20 16
0.283676 -0.061800 0.855763 21 23 18
0.280072 -0.061731 0.854682 62 62 55
0.276592 -0.061466 0.853627 87 86 79
0.270423 -0.059608 0.851668 93 93 86
0.424571 -0.102394 0.903931 35 37 28
0.422668 -0.100113 0.903227 28 31 23
0.420424 -0.098229 0.902444 21 24 17
0.417894 -0.096683 0.901596 24 26 23
0.415528 -0.094924 0.900784 32 33 30
0.412800 -0.093604 0.899889 45 46 43
0.410231 -0.092076 0.899030 67 69 63
0.407182 -0.091145 0.898062 97 99 92
0.404624 -0.089587 0.897204 111 114 105
0.402141 -0.087925 0.896363 107 111 102
0.399503 -0.086449 0.895486 105 109 98
0.396696 -0.085182 0.894571 101 106 95
0.394222 -0.083476 0.893730 99 104 94
0.391520 -0.082054 0.892837 98 104 94
0.388913 -0.080501 0.891965 98 106 96
0.386407 -0.078801 0.891115 99 107 96
0.383785 -0.077245 0.890238 100 106 96
0.381389 -0.075373 0.889410 102 105 96
0.378376 -0.074323 0.888446 108 111 102
0.375231 -0.073449 0.887453 98 100 92
0.372216 -0.072394 0.886488 95 97 90
0.369050 -0.071546 0.885490 84 86 81
0.366077 -0.070426 0.884533 75 77 72
0.363024 -0.069414 0.883560 71 73 68
0.359891 -0.068511 0.882568 61 64 58
0.356979 -0.067292 0.881624 61 63 58
0.353726 -0.066554 0.880607 55 58 53
0.350550 -0.065707 0.879606 51 53 48
0.347213 -0.065091 0.878570 52 54 50
0.343731 -0.064689 0.877504 56 58 54
0.340470 -0.063966 0.876485 61 61 55
0.337288 -0.063127 0.875482 64 64 58
0.334023 -0.062412 0.874462 67 68 61
0.331054 -0.061253 0.873505 69 71 66
0.327597 -0.060825 0.872444 76 79 74
0.324016 -0.060591 0.871358 85 88 82
0.320425 -0.060381 0.870270 78 82 74
0.316683 -0.060412 0.869151 81 83 76
0.313242 -0.059985 0.868096 83 84 77
0.309809 -0.059551 0.867042 83 83 76
0.305935 -0.059819 0.865898 85 86 79
0.302450 -0.059483 0.864834 83 82 79
0.298390 -0.060075 0.863653 61 60 56
0.293957 -0.061291 0.862397 37 36 33
0.289916 -0.061898 0.861222 21 22 18
0.285714 -0.062792 0.860016 16 18 14
0.282069 -0.062788 0.858924 16 20 15
0.278321 -0.062968 0.857812 13 15 11
0.274702 -0.062945 0.856727 24 26 20
0.271226 -0.062692 0.855671 66 65 59
0.267828 -0.062314 0.854631 99 94 87
0.264360 -0.062061 0.853578 99 94 87
0.261078 -0.061494 0.852561 99 94 88
0.433243 -0.108924 0.910451 73 70 67
0.430116 -0.108152 0.909469 39 35 33
0.427747 -0.106473 0.908665 33 32 28
0.425277 -0.104906 0.907837 24 26 20
0.423100 -0.102974 0.907077 21 23 18
0.420912 -0.101040 0.906314 28 30 26
0.418740 -0.099072 0.905554 47 49 45
0.416257 -0.097472 0.904720 77 79 73
0.413978 -0.095608 0.903934 100 102 93
0.411290 -0.094241 0.903051 117 119 110
0.408802 -0.092614 0.902215 108 112 102
0.405822 -0.091599 0.901263 102 104 95
0.403455 -0.089799 0.900454 105 106 98
0.400921 -0.088200 0.899605 107 108 99
0.398357 -0.086630 0.898749 108 111 101
0.395523 -0.085398 0.897830 112 117 106
0.393103 -0.083620 0.897005 119 124 114
0.390455 -0.082129 0.896128 114 119 109
0.387978 -0.080400 0.895289 98 103 98
0.385456 -0.078721 0.894440 79 85 80
0.383082 -0.076829 0.893623 55 63 57
0.380625 -0.075037 0.892786 46 51 45
0.377671 -0.073902 0.891837 30 34 27
0.374612 -0.072907 0.890863 29 31 27
0.371557 -0.071904 0.889891 25 27 23
0.368353 -0.071102 0.888884 23 25 21
0.365381 -0.069978 0.887930 17 19 15
0.362442 -0.068802 0.886982 17 19 15
0.359413 -0.067747 0.886015 17 19 15
0.356424 -0.066632 0.885055 17 19 15
0.353162 -0.065902 0.884035 16 18 14
0.349969 -0.065073 0.883031 16 18 14
0.346601 -0.064499 0.881987 17 19 15
0.343026 -0.064229 0.880898 15 17 13
0.339737 -0.063545 0.879873 16 16 14
0.336491 -0.062797 0.878857 16 16 14
0.333243 -0.062054 0.877840 15 15 13
0.330179 -0.061033 0.876864 17 19 17
0.326564 -0.060845 0.875767 22 22 20
0.322947 -0.060665 0.874671 26 26 24
0.319247 -0.060625 0.873557 38 38 34
0.315558 -0.060576 0.872446 45 46 40
0.312095 -0.060186 0.871384 56 56 50
0.308605 -0.059843 0.870317 73 72 66
0.304872 -0.059891 0.869198 80 79 73
0.301363 -0.059596 0.868127 85 82 79
0.297298 -0.060199 0.866939 83 79 76
0.292867 -0.061417 0.865675 82 80 77
0.288804 -0.062064 0.864489 77 74 71
0.284462 -0.063191 0.863247 47 44 41
0.280746 -0.063309 0.862137 16 20 15
0.276811 -0.063807 0.860982 16 19 14
0.273142 -0.063876 0.859883 15 18 14
0.269510 -0.063895 0.858793 18 18 14
0.265685 -0.064257 0.857664 35 32 29
0.261826 -0.064696 0.856528 80 75 72
0.258144 -0.064845 0.855430 89 86 79
0.254550 -0.064853 0.854351 96 93 88
0.251758 -0.063459 0.853436 92 83 75
0.433537 -0.111865 0.914230 34 38 30
0.431240 -0.110125 0.913449 26 28 22
0.428201 -0.109255 0.912489 22 23 19
0.425795 -0.107627 0.911681 28 31 30
0.423308 -0.106086 0.910853 32 37 33
0.421128 -0.104162 0.910099 63 66 62
0.418991 -0.102171 0.909354 102 104 97
0.416680 -0.100378 0.908566 123 128 120
0.414339 -0.098609 0.907771 113 115 106
0.412128 -0.096666 0.907006 103 108 97
0.409544 -0.095174 0.906151 100 105 95
0.407222 -0.093343 0.905359 110 113 104
0.404582 -0.091901 0.904490 119 123 114
0.402219 -0.090097 0.903686 125 127 118
0.399849 -0.088288 0.902880 115 118 109
0.397242 -0.086771 0.902017 102 103 95
0.394654 -0.085220 0.901159 68 70 61
0.392282 -0.083376 0.900350 43 46 38
0.389965 -0.081446 0.899554 32 33 27
0.387475 -0.079729 0.898716 27 27 25
0.385199 -0.077715 0.897928 25 25 23
0.382819 -0.075823 0.897115 22 24 22
0.380715 -0.073544 0.896365 20 21 19
0.377677 -0.072514 0.895397 20 21 18
0.374775 -0.071293 0.894461 20 22 18
0.371585 -0.070463 0.893457 19 21 19
0.368444 -0.069566 0.892465 18 20 18
0.365334 -0.068622 0.891480 16 18 16
0.362400 -0.067429 0.890535 17 19 17
0.359489 -0.066197 0.889595 17 19 17
0.356608 -0.064916 0.888662 18 20 18
0.353171 -0.064426 0.887601 17 19 16
0.349895 -0.063706 0.886577 17 19 16
0.346460 -0.063219 0.885517 16 18 15
0.342850 -0.062991 0.884418 18 18 16
0.339411 -0.062520 0.883358 19 19 17
0.336077 -0.061896 0.882321 21 21 19
0.332853 -0.061110 0.881309 20 20 18
0.326155 -0.059916 0.879230 19 19 17
0.296482 -0.059878 0.870285 65 66 59
0.283642 -0.062879 0.866568 81 78 73
0.275933 -0.063592 0.864281 48 48 43
0.272214 -0.063745 0.863168 21 21 17
0.268507 -0.063892 0.862058 18 16 13
0.264455 -0.064644 0.860875 17 15 14
0.259931 -0.066237 0.859592 20 17 16
0.256057 -0.066733 0.858450 63 62 56
0.252703 -0.066340 0.857419 87 87 78
0.249306 -0.066025 0.856380 96 94 85
0.436860 -0.120005 0.919146 51 50 44
0.434829 -0.118008 0.918439 34 35 30
0.433171 -0.115559 0.917823 26 28 28
0.431693 -0.112877 0.917251 22 26 24
0.429400 -0.111137 0.916477 30 35 31
0.426323 -0.110319 0.915508 49 51 48
0.424123 -0.108448 0.914756 86 88 85
0.421899 -0.106593 0.913996 118 120 116
0.419688 -0.104708 0.913240 117 119 114
0.417582 -0.102681 0.912508 105 109 101
0.415241 -0.100926 0.911719 102 109 102
0.412957 -0.099088 0.910942 112 115 107
0.410773 -0.097111 0.910190 120 124 114
0.408226 -0.095575 0.909348 137 140 130
0.405981 -0.093647 0.908579 120 123 114
0.403450 -0.092067 0.907740 82 85 77
0.401286 -0.090008 0.906989 47 50 43
0.398910 -0.088205 0.906187 31 33 27
0.396678 -0.086202 0.905418 28 28 24
0.394179 -0.084529 0.904585 26 27 22
0.392122 -0.082266 0.903857 22 22 18
0.389895 -0.080208 0.903088 22 22 18
0.387607 -0.078213 0.902303 22 22 18
0.385122 -0.076465 0.901470 22 22 18
0.382863 -0.074400 0.900690 19 21 17
0.380646 -0.072261 0.899920 19 20 17
0.377831 -0.070917 0.899006 19 20 17
0.374853 -0.069790 0.898053 19 21 17
0.371868 -0.068667 0.897098 18 20 16
0.368760 -0.067711 0.896114 17 19 15
0.365819 -0.066517 0.895169 16 18 14
0.362766 -0.065476 0.894197 15 17 15
0.359904 -0.064160 0.893271 15 17 15
0.356941 -0.062981 0.892320 15 17 15
0.353630 -0.062296 0.891287 15 17 14
0.350179 -0.061814 0.890221 15 17 13
0.346791 -0.061245 0.889170 15 17 13
0.343096 -0.061131 0.888047 16 16 14
0.339705 -0.060575 0.886996 16 16 14
0.336228 -0.060149 0.885925 17 17 15
0.333030 -0.059312 0.884919 18 18 16
0.329833 -0.058470 0.883914 18 18 16
0.326328 -0.058097 0.882836 18 18 16
0.322648 -0.057998 0.881719 20 20 18
0.315169 -0.058012 0.879459 14 16 14
0.307563 -0.058273 0.877172 15 15 13
0.303699 -0.058521 0.876015 11 13 11
0.299899 -0.058682 0.874874 12 15 12
0.295706 -0.059491 0.873644 14 17 14
0.291199 -0.060835 0.872344 28 29 25
0.286996 -0.061711 0.871115 52 50 46
0.282614 -0.062909 0.869846 77 73 70
0.274605 -0.064129 0.867482 73 72 66
0.270886 -0.064288 0.866365 74 73 67
0.267124 -0.064535 0.865239 40 39 33
0.263321 -0.064869 0.864105 17 17 14
0.258711 -0.066616 0.862793 16 15 13
0.254735 -0.067297 0.861623 17 15 12
0.251103 -0.067396 0.860529 51 52 46
0.247378 -0.067672 0.859416 84 83 75
0.243960 -0.067417 0.858371 94 93 86
0.439170 -0.124848 0.923558 45 42 37
0.432987 -0.119015 0.921434 25 27 22
0.431131 -0.116802 0.920777 40 42 38
0.429455 -0.114358 0.920164 64 65 61
0.427393 -0.112351 0.919453 104 102 99
0.422493 -0.109223 0.917833 116 115 109
0.420595 -0.106976 0.917161 114 112 106
0.418404 -0.105067 0.916415 122 119 114
0.416372 -0.102948 0.915709 126 127 119
0.414192 -0.100995 0.914964 136 138 134
0.412015 -0.099023 0.914220 125 126 118
0.409966 -0.096876 0.913507 81 85 75
0.407619 -0.095085 0.912718 41 44 35
0.405366 -0.093162 0.911953 30 33 26
0.403129 -0.091204 0.911191 24 26 22
0.398901 -0.086924 0.909726 22 24 20
0.381011 -0.070385 0.903594 19 19 15
0.378051 -0.069226 0.902646 18 19 15
0.372314 -0.066638 0.900796 21 23 19
0.273423 -0.064424 0.870712 65 64 58
0.261825 -0.065717 0.867250 58 59 51
0.257579 -0.066845 0.866010 23 23 18
0.249781 -0.067968 0.863693 16 14 11
0.245971 -0.068403 0.862557 48 47 43
0.241952 -0.069231 0.861373 87 86 79
0.238614 -0.068855 0.860345 96 94 86
0.235939 -0.067276 0.859466 95 87 81
0.233108 -0.065971 0.858552 56 44 42
0.444598 -0.130318 0.928911 145 144 138
0.442616 -0.128336 0.928231 54 52 49
0.439918 -0.127156 0.927365 32 30 27
0.437558 -0.125583 0.926586 25 25 23
0.434881 -0.124366 0.925724 24 26 25
0.432897 -0.122339 0.925043 34 36 34
0.431024 -0.120167 0.924389 62 63 60
0.429155 -0.117973 0.923735 105 107 103
0.427369 -0.115663 0.923102 124 126 121
0.425288 -0.113685 0.922393 111 113 106
0.422826 -0.112146 0.921584 118 117 110
0.420719 -0.110171 0.920867 127 125 120
0.418766 -0.107995 0.920188 137 137 129
0.416681 -0.105960 0.919475 139 139 130
0.414721 -0.103757 0.918794 101 101 94
0.412771 -0.101523 0.918114 46 47 40
0.410791 -0.099307 0.917426 27 28 20
0.408896 -0.096968 0.916759 24 27 20
0.406725 -0.094954 0.916021 26 28 21
0.404658 -0.092793 0.915308 22 22 18
0.402483 -0.090751 0.914567 23 23 19
0.400623 -0.088290 0.913906 23 23 19
0.398534 -0.086101 0.913186 23 23 19
0.385700 -0.072971 0.908773 20 20 16
0.380999 -0.069015 0.907190 19 19 15
0.378229 -0.067585 0.906292 18 18 15
0.375365 -0.066277 0.905370 19 19 17
0.372547 -0.064897 0.904460 19 19 17
0.366764 -0.062318 0.902601 18 19 15
0.363735 -0.061213 0.901636 17 19 15
0.351033 -0.057593 0.897632 15 17 15
0.255784 -0.068227 0.869069 66 68 58
0.248236 -0.068934 0.866801 19 17 14
0.244318 -0.069572 0.865633 13 13 11
0.240177 -0.070633 0.864415 48 47 43
0.236414 -0.071038 0.863286 93 90 83
0.233035 -0.070762 0.862247 98 94 85
0.229904 -0.070037 0.861267 87 80 74
0.445638 -0.140544 0.933058 117 126 112
0.445188 -0.136923 0.932795 156 160 148
0.443549 -0.134601 0.932214 79 77 70
0.442465 -0.131634 0.931781 34 32 31
0.440153 -0.130033 0.931019 27 26 25
0.435447 -0.126893 0.929475 35 33 33
0.433078 -0.125327 0.928697 64 61 59
0.430934 -0.123490 0.927979 105 103 100
0.429066 -0.121317 0.927334 123 124 117
0.427228 -0.119091 0.926696 115 116 109
0.425440 -0.116787 0.926070 121 122 114
0.423522 -0.114619 0.925410 131 132 123
0.419350 -0.110635 0.923998 121 120 113
0.417357 -0.108507 0.923316 72 73 65
0.413507 -0.104031 0.921986 29 25 23
0.411700 -0.101620 0.921351 26 23 20
0.409840 -0.099254 0.920701 25 26 19
0.408008 -0.096832 0.920058 24 25 18
0.381146 -0.067423 0.910841 17 19 15
0.238003 -0.072761 0.867347 15 15 16
0.233900 -0.073804 0.866132 59 57 53
0.230278 -0.073995 0.865033 93 93 81
0.226664 -0.074187 0.863937 96 96 84
0.224223 -0.072214 0.863123 65 62 54
0.445161 -0.144106 0.936458 156 156 148
0.443584 -0.141765 0.935904 119 124 112
0.442999 -0.138298 0.935618 28 28 22
0.441626 -0.135681 0.935118 30 29 28
0.440147 -0.133164 0.934588 24 22 21
0.438056 -0.131319 0.933891 35 34 33
0.435733 -0.129727 0.933131 52 51 51
0.433585 -0.127922 0.932418 96 95 93
0.431344 -0.126212 0.931680 131 131 124
0.429287 -0.124277 0.930991 116 114 111
0.427552 -0.121951 0.930389 122 122 115
0.425499 -0.119979 0.929700 137 138 131
0.423873 -0.117486 0.929125 142 142 135
0.421884 -0.115404 0.928453 113 112 105
0.420056 -0.113113 0.927823 65 63 57
0.418082 -0.110978 0.927153 32 32 26
0.416125 -0.108806 0.926488 27 27 22
0.414337 -0.106410 0.925867 24 23 20
0.412721 -0.103781 0.925291 23 22 19
0.410984 -0.101279 0.924683 24 24 20
0.409181 -0.098836 0.924056 25 26 19
0.407462 -0.096267 0.923451 22 24 18
0.405563 -0.093902 0.922797 22 23 18
0.401800 -0.089064 0.921497 21 23 19
0.398319 -0.083775 0.920269 20 22 18
0.381002 -0.066222 0.914430 18 19 15
0.378352 -0.064607 0.913569 18 19 16
0.372876 -0.061585 0.911800 20 20 17
0.231656 -0.076088 0.869021 22 20 17
0.227827 -0.076681 0.867867 83 83 73
0.223999 -0.077294 0.866714 91 91 79
0.220936 -0.076504 0.865752 96 95 86
0.218499 -0.074533 0.864946 59 51 47
0.445925 -0.150312 0.940283 122 123 116
0.444160 -0.148221 0.939685 162 157 150
0.443149 -0.145280 0.939297 56 55 51
0.441966 -0.142505 0.938859 32 34 28
0.440815 -0.139669 0.938430 23 24 21
0.439170 -0.137364 0.937864 30 30 30
0.437577 -0.134982 0.937311 46 46 45
0.435537 -0.133089 0.936634 80 84 80
0.433455 -0.131229 0.935945 126 133 123
0.431211 -0.129542 0.935211 119 119 111
0.429363 -0.127386 0.934586 120 121 114
0.427397 -0.125349 0.933929 142 139 134
0.425885 -0.122764 0.933396 152 148 140
0.424087 -0.120494 0.932783 111 109 106
0.422395 -0.118080 0.932199 59 60 55
0.420566 -0.115810 0.931577 30 30 28
0.412430 -0.102921 0.928735 21 22 18
0.410584 -0.100545 0.928105 20 22 18
0.234094 -0.076249 0.873270 33 32 26
0.225180 -0.079741 0.870626 37 35 31
0.221447 -0.080207 0.869493 87 86 77
0.218058 -0.080049 0.868448 95 95 87
0.215230 -0.078843 0.867547 84 82 75
0.446385 -0.152784 0.943883 144 145 140
0.443718 -0.151694 0.943037 122 121 116
0.442313 -0.149213 0.942548 39 38 30
0.441286 -0.146292 0.942166 26 28 25
0.440096 -0.143528 0.941736 21 21 19
0.438826 -0.140827 0.941284 32 32 30
0.437212 -0.138493 0.940734 60 59 56
0.435598 -0.136137 0.940184 112 112 108
0.433699 -0.134089 0.939553 118 124 116
0.431560 -0.132298 0.938853 100 107 97
0.429449 -0.130462 0.938162 137 140 133
0.427625 -0.128281 0.937551 156 156 148
0.425872 -0.125999 0.936959 129 127 119
0.424452 -0.123307 0.936461 65 67 59
0.422682 -0.121005 0.935864 27 28 24
0.421273 -0.118254 0.935367 26 27 24
0.419592 -0.115805 0.934794 25 27 23
0.416619 -0.110371 0.933755 24 24 20
0.413414 -0.105121 0.932650 20 22 18
0.411991 -0.102240 0.932146 21 23 19
0.410243 -0.099736 0.931551 21 23 19
0.222837 -0.082254 0.873440 16 18 16
0.218908 -0.083106 0.872249 57 58 53
0.215400 -0.083198 0.871171 92 92 86
0.212343 -0.082451 0.870212 96 97 90
0.209589 -0.081124 0.869334 64 58 54
0.447119 -0.154944 0.947545 150 151 145
0.444986 -0.153283 0.946855 71 73 67
0.442594 -0.151894 0.946091 31 33 29
0.440800 -0.149840 0.945498 21 23 19
0.439348 -0.147390 0.945004 23 26 23
0.438010 -0.144793 0.944542 45 45 42
0.437256 -0.141519 0.944248 89 88 84
0.435685 -0.139137 0.943719 130 131 124
0.434047 -0.136810 0.943169 116 116 109
0.432130 -0.134784 0.942539 123 125 118
0.430133 -0.132832 0.941886 158 161 152
0.428123 -0.130881 0.941229 139 137 130
0.426577 -0.128378 0.940705 72 74 66
0.424886 -0.126020 0.940139 36 38 31
0.423529 -0.123252 0.939668 32 33 27
0.421870 -0.120815 0.939110 26 27 24
0.220906 -0.084017 0.876344 18 19 16
0.216831 -0.085161 0.875107 21 23 19
0.212965 -0.085943 0.873927 80 82 75
0.209797 -0.085430 0.872939 92 93 86
0.206961 -0.084283 0.872041 79 77 71
0.446907 -0.158112 0.950915 132 133 127
0.445387 -0.155805 0.950410 42 43 36
0.443696 -0.153665 0.949855 28 30 27
0.441401 -0.152171 0.949122 19 21 18
0.439798 -0.149905 0.948592 29 32 30
0.438372 -0.147425 0.948114 51 55 52
0.436971 -0.144895 0.947643 117 117 112
0.435871 -0.142007 0.947260 116 120 110
0.434038 -0.139919 0.946662 121 121 113
0.432534 -0.137442 0.946160 142 141 132
0.430658 -0.135370 0.945548 157 157 149
0.428654 -0.133428 0.944899 92 93 87
0.426806 -0.131292 0.944295 43 44 37
0.425352 -0.128680 0.943806 22 25 18
0.423869 -0.126079 0.943309 23 26 19
0.422507 -0.123313 0.942846 24 24 20
0.398024 -0.078897 0.934612 20 22 18
0.218688 -0.086320 0.879152 40 38 35
0.214394 -0.087896 0.877845 15 18 15
0.210376 -0.088992 0.876616 74 75 68
0.207073 -0.088760 0.875589 94 95 88
0.204088 -0.087928 0.874652 93 92 83
0.201786 -0.085772 0.873907 63 58 53
0.446340 -0.161641 0.954155 117 117 110
0.444713 -0.159472 0.953626 37 38 33
0.443092 -0.157280 0.953099 23 31 25
0.441616 -0.154911 0.952615 20 25 22
0.439562 -0.153158 0.951958 31 35 34
0.438066 -0.150777 0.951468 67 72 66
0.437136 -0.147747 0.951147 127 130 123
0.435452 -0.145533 0.950600 113 114 106
0.434018 -0.143020 0.950128 128 131 123
0.432261 -0.140851 0.949559 159 157 147
0.430796 -0.138333 0.949077 132 132 121
0.429011 -0.136158 0.948499 54 52 45
0.425610 -0.131563 0.947394 24 27 20
0.211736 -0.091059 0.880494 21 20 18
0.207605 -0.092398 0.879224 39 40 35
0.201359 -0.091314 0.877271 98 99 88
0.198821 -0.089641 0.876465 73 70 60
0.446897 -0.163945 0.957709 101 102 94
0.444107 -0.163041 0.956833 32 34 28
0.442765 -0.160570 0.956399 24 27 20
0.441125 -0.158401 0.955874 20 24 17
0.439799 -0.155873 0.955444 35 41 36
0.438010 -0.153832 0.954873 84 86 81
0.436487 -0.151482 0.954382 129 132 122
0.435432 -0.148591 0.954035 116 119 109
0.433639 -0.146501 0.953462 133 135 126
0.432204 -0.143993 0.952998 154 156 144
0.430508 -0.141758 0.952455 90 91 83
0.429226 -0.139033 0.952037 41 40 34
0.427604 -0.136674 0.951516 31 30 24
0.426151 -0.134101 0.951047 27 28 21
0.424604 -0.131614 0.950548 25 26 19
0.423451 -0.128646 0.950169 23 24 20
0.201892 -0.094961 0.880879 84 85 80
0.199032 -0.093940 0.879981 97 96 86
0.196393 -0.092486 0.879148 83 80 70
0.448306 -0.169179 0.961522 127 130 120
0.446107 -0.167669 0.960831 72 75 64
0.444041 -0.166008 0.960181 30 31 23
0.442214 -0.164079 0.959604 27 28 21
0.440667 -0.161832 0.959115 30 30 25
0.438901 -0.159806 0.958558 43 43 39
0.437531 -0.157331 0.958123 103 103 94
0.436186 -0.154808 0.957696 125 124 116
0.434566 -0.152568 0.957184 123 122 113
0.433243 -0.149979 0.956764 151 151 141
0.431565 -0.147766 0.956234 136 137 127
0.430236 -0.145142 0.955812 60 61 51
0.428763 -0.142658 0.955345 33 34 26
0.427692 -0.139695 0.955003 30 29 23
0.426248 -0.137133 0.954545 27 26 20
0.196306 -0.097352 0.882544 97 96 85
0.192311 -0.091962 0.881282 71 64 58
0.449861 -0.170386 0.965350 136 135 120
0.446548 -0.170064 0.964311 84 83 71
0.443916 -0.169020 0.963487 32 32 24
0.442101 -0.167096 0.962921 22 24 17
0.440300 -0.165143 0.962359 25 28 21
0.438879 -0.162762 0.961917 43 45 41
0.437123 -0.160729 0.961369 115 119 111
0.435710 -0.158303 0.960930 114 113 104
0.434202 -0.155963 0.960460 124 123 114
0.432638 -0.153665 0.959973 154 153 144
0.431530 -0.150840 0.959630 125 124 113
0.430069 -0.148385 0.959176 42 43 34
0.429004 -0.145463 0.958847 30 31 22
0.427609 -0.142890 0.958413 27 28 21
0.426653 -0.139793 0.958118 26 26 19
0.425322 -0.137098 0.957705 25 24 19
0.424160 -0.134184 0.957345 23 23 19
0.423056 -0.131176 0.957003 20 22 18
0.193748 -0.100453 0.885130 93 93 81
0.191195 -0.098884 0.884332 100 98 87
0.448924 -0.174206 0.968374 132 126 117
0.446456 -0.173007 0.967604 71 70 59
0.443956 -0.171836 0.966824 30 32 26
0.441873 -0.170216 0.966178 23 24 20
0.439910 -0.168455 0.965570 30 34 27
0.438173 -0.166439 0.965035 51 55 47
0.436617 -0.164210 0.964558 118 119 112
0.435226 -0.161785 0.964134 109 113 104
0.433566 -0.159633 0.963624 124 125 116
0.432190 -0.157151 0.963205 153 154 143
0.430725 -0.154748 0.962757 102 103 93
0.429815 -0.151705 0.962488 37 39 31
0.428420 -0.149178 0.962063 29 30 22
0.427605 -0.145975 0.961825 26 27 20
0.426366 -0.143224 0.961450 22 25 18
0.425409 -0.140125 0.961167 20 23 16
0.424168 -0.137325 0.960792 21 24 17
0.191243 -0.103467 0.887706 90 90 79
0.188649 -0.102001 0.886898 101 100 91
0.187107 -0.098444 0.886433 77 71 65
0.448921 -0.177022 0.971672 116 114 108
0.446331 -0.175966 0.970865 81 76 73
0.443188 -0.175490 0.969878 29 30 27
0.441132 -0.173861 0.969245 12 20 16
0.439412 -0.171862 0.968721 30 33 29
0.437895 -0.169630 0.968264 52 56 50
0.436315 -0.167447 0.967787 116 116 110
0.434824 -0.165153 0.967338 114 114 108
0.433413 -0.162750 0.966916 124 124 119
0.431810 -0.160540 0.966432 148 146 140
0.430581 -0.157899 0.966069 88 88 80
0.429377 -0.155206 0.965715 34 35 29
0.428515 -0.152107 0.965473 24 27 21
0.427310 -0.149366 0.965120 23 25 20
0.426657 -0.145976 0.964946 22 24 18
0.425510 -0.143116 0.964612 21 24 17
0.423569 -0.136914 0.964059 21 24 17
0.192008 -0.106624 0.891285 44 44 39
0.189176 -0.105646 0.890401 93 92 81
0.186472 -0.104411 0.889559 105 104 95
0.184911 -0.100905 0.889101 81 77 70
0.445390 -0.179761 0.973834 87 85 78
0.443388 -0.178101 0.973223 33 30 29
0.440951 -0.176889 0.972469 20 22 22
0.439005 -0.175149 0.971877 28 32 30
0.437686 -0.172727 0.971492 52 54 49
0.436111 -0.170559 0.971023 111 110 102
0.434717 -0.168178 0.970615 113 114 107
0.433135 -0.165983 0.970144 123 125 117
0.431932 -0.163356 0.969799 132 133 126
0.430387 -0.161083 0.969341 71 73 66
0.429245 -0.158344 0.969018 33 31 28
0.428089 -0.155598 0.968689 30 28 25
0.427571 -0.152112 0.968573 24 24 20
0.426372 -0.149361 0.968231 21 24 17
0.426019 -0.145626 0.968170 21 24 17
0.424847 -0.142789 0.967838 21 24 17
0.187085 -0.107881 0.893068 92 91 80
0.184367 -0.106692 0.892224 104 103 94
0.182705 -0.103399 0.891743 84 81 74
0.443744 -0.184264 0.976537 110 108 101
0.442592 -0.181738 0.976216 36 34 33
0.440731 -0.179939 0.975657 27 21 20
0.438397 -0.178628 0.974939 26 28 29
0.436927 -0.176389 0.974512 42 48 46
0.435623 -0.173954 0.974141 111 114 104
0.434205 -0.171622 0.973733 112 114 101
0.432876 -0.169175 0.973354 122 120 111
0.431375 -0.166895 0.972918 131 130 122
0.430383 -0.164038 0.972654 73 73 65
0.429039 -0.161544 0.972272 32 31 27
0.427992 -0.158700 0.971989 26 24 21
0.427032 -0.155733 0.971737 23 25 19
0.426583 -0.152166 0.971658 24 24 20
0.425531 -0.149245 0.971376 23 24 17
0.425180 -0.145503 0.971331 23 24 17
0.424190 -0.142455 0.971070 23 23 19
0.184815 -0.110476 0.895652 94 90 80
0.182124 -0.109255 0.894819 105 104 95
0.180490 -0.105923 0.894360 83 80 72
0.178984 -0.102286 0.893946 76 71 64
0.442244 -0.184885 0.979333 37 35 30
0.440608 -0.182867 0.978856 32 26 28
0.438762 -0.181056 0.978307 31 27 26
0.436782 -0.179375 0.977714 42 41 43
0.435136 -0.177325 0.977234 97 104 98
0.433851 -0.174873 0.976878 106 111 98
0.432319 -0.172666 0.976439 118 119 107
0.431269 -0.169919 0.976164 133 130 122
0.429745 -0.167666 0.975728 70 71 65
0.429130 -0.164396 0.975603 30 28 25
0.427821 -0.161863 0.975242 26 28 21
0.426983 -0.158784 0.975042 21 24 17
0.425907 -0.155944 0.974761 21 23 17
0.425658 -0.152149 0.974765 22 22 18
0.424577 -0.149258 0.974484 23 24 17
0.182467 -0.113236 0.898184 95 91 84
0.179741 -0.112109 0.897341 109 107 99
0.178029 -0.108950 0.896865 88 83 75
0.176448 -0.105483 0.896437 77 71 63
0.442947 -0.190599 0.982695 126 121 108
0.441380 -0.188547 0.982247 43 41 34
0.439918 -0.186370 0.981837 30 27 28
0.438044 -0.184608 0.981284 28 23 25
0.436446 -0.182544 0.980827 38 33 33
0.434512 -0.180820 0.980254 90 90 87
0.432944 -0.178693 0.979808 101 108 99
0.431613 -0.176295 0.979445 113 116 106
0.430236 -0.173927 0.979066 125 123 112
0.429337 -0.171020 0.978854 76 75 68
0.428110 -0.168446 0.978529 26 27 22
0.427707 -0.164942 0.978491 22 24 20
0.426696 -0.162080 0.978242 21 24 17
0.426022 -0.158817 0.978111 20 23 16
0.425062 -0.155842 0.977881 22 22 18
0.424816 -0.152038 0.977901 22 22 18
0.423867 -0.148994 0.977676 23 24 17
0.180289 -0.115678 0.900754 94 92 85
0.177645 -0.114407 0.899943 112 109 101
0.176069 -0.110991 0.899528 88 83 75
0.174444 -0.107624 0.899096 79 73 66
0.440602 -0.192095 0.985164 67 67 58
0.439449 -0.189619 0.984869 29 30 27
0.437901 -0.187536 0.984435 22 21 22
0.435996 -0.185812 0.983876 35 31 36
0.434629 -0.183508 0.983507 73 73 68
0.432799 -0.181677 0.982976 105 107 95
0.431214 -0.179571 0.982531 111 113 104
0.430003 -0.177045 0.982219 122 123 114
0.428610 -0.174696 0.981843 89 90 80
0.427897 -0.171587 0.981708 29 30 24
0.426833 -0.168835 0.981449 23 22 19
0.426617 -0.165123 0.981491 23 23 19
0.425627 -0.162235 0.981260 23 23 19
0.424236 -0.155720 0.981009 22 22 18
0.177691 -0.118957 0.903143 97 96 89
0.175278 -0.117254 0.902421 114 111 103
0.173753 -0.113756 0.902037 89 83 77
0.172133 -0.110395 0.901619 82 75 69
0.440036 -0.199019 0.988006 93 92 86
0.439540 -0.195913 0.987952 94 92 85
0.438542 -0.193301 0.987720 28 30 25
0.436925 -0.191313 0.987268 21 23 19
0.435743 -0.188852 0.986972 30 29 28
0.433809 -0.187166 0.986408 53 55 50
0.432526 -0.184777 0.986077 100 106 93
0.430783 -0.182859 0.985582 106 109 95
0.429397 -0.180543 0.985215 113 115 106
0.428412 -0.177777 0.984993 91 92 86
0.427273 -0.175155 0.984716 35 37 29
0.426637 -0.171960 0.984620 22 23 17
0.425903 -0.168844 0.984490 22 24 20
0.425668 -0.165149 0.984540 22 22 18
0.424983 -0.161919 0.984429 21 21 17
0.423511 -0.151388 0.984314 22 22 18
0.178729 -0.121517 0.906695 87 88 78
0.175538 -0.121375 0.905675 101 100 92
0.173119 -0.119703 0.904955 112 109 101
0.171640 -0.116125 0.904601 88 82 75
0.169902 -0.113020 0.904148 85 79 72
0.438765 -0.199411 0.990813 108 106 100
0.437429 -0.197172 0.990468 42 43 39
0.435912 -0.195102 0.990058 19 21 17
0.434283 -0.193133 0.989608 24 25 21
0.433134 -0.190647 0.989332 42 42 40
0.431519 -0.188631 0.988888 94 99 90
0.430148 -0.186341 0.988534 102 106 96
0.428523 -0.184305 0.988087 108 111 97
0.427372 -0.181743 0.987814 110 112 101
0.426713 -0.178628 0.987720 45 46 39
0.425625 -0.175951 0.987471 24 25 19
0.425277 -0.172443 0.987493 22 22 20
0.424479 -0.169397 0.987351 18 22 17
0.424470 -0.165450 0.987498 19 20 16
0.423691 -0.162321 0.987366 21 21 17
0.173197 -0.124176 0.908110 106 104 96
0.170812 -0.122461 0.907407 109 103 96
0.169141 -0.119285 0.906989 90 84 77
0.438188 -0.206244 0.993571 81 84 77
0.437996 -0.202880 0.993650 94 98 90
0.436797 -0.200521 0.993362 79 81 73
0.434686 -0.199086 0.992740 24 26 23
0.433263 -0.196927 0.992371 21 25 20
0.431664 -0.194936 0.991938 27 29 26
0.430808 -0.192148 0.991779 77 78 72
0.429271 -0.190057 0.991370 100 103 94
0.428075 -0.187586 0.991088 103 106 96
0.426675 -0.185313 0.990731 113 115 102
0.425896 -0.182354 0.990604 56 57 48
0.425355 -0.179112 0.990565 22 22 18
0.424457 -0.176228 0.990396 23 23 21
0.424234 -0.172580 0.990478 21 21 17
0.423719 -0.169220 0.990453 20 20 16
0.423121 -0.161923 0.990566 21 21 17
0.173922 -0.127329 0.911496 95 95 85
0.171206 -0.126299 0.910661 116 115 105
0.168748 -0.124744 0.909932 105 99 92
0.167032 -0.121674 0.909507 88 82 75
0.436995 -0.206561 0.996375 87 94 84
0.435885 -0.204136 0.996127 98 103 92
0.434115 -0.202368 0.995635 36 36 31
0.431958 -0.200990 0.994999 19 20 18
0.430847 -0.198515 0.994754 29 34 28
0.429681 -0.196077 0.994488 45 49 42
0.428546 -0.193587 0.994235 104 103 97
0.427378 -0.191110 0.993971 101 104 96
0.426160 -0.188666 0.993689 111 114 105
0.424863 -0.186287 0.993378 87 87 76
0.424092 -0.183322 0.993265 27 28 20
0.423991 -0.179604 0.993404 21 21 17
0.423183 -0.176622 0.993279 21 21 17
0.423270 -0.172632 0.993492 21 21 17
0.422632 -0.169402 0.993434 21 21 17
0.171731 -0.129839 0.913944 99 100 90
0.169101 -0.128656 0.913146 118 117 108
0.166702 -0.127002 0.912445 100 95 88
0.164901 -0.124119 0.911994 90 84 77
0.435666 -0.210551 0.998947 87 88 79
0.434535 -0.208171 0.998699 95 98 88
0.433099 -0.206086 0.998337 76 82 73
0.431427 -0.204228 0.997887 28 27 24
0.429504 -0.202616 0.997343 22 22 19
0.428512 -0.200023 0.997150 33 34 31
0.427146 -0.197801 0.996818 79 84 77
0.425930 -0.195402 0.996543 102 103 96
0.424907 -0.192779 0.996342 104 108 99
0.423978 -0.190034 0.996178 103 102 95
0.422774 -0.187560 0.995911 46 42 35
0.422292 -0.184287 0.995919 22 21 16
0.422319 -0.180431 0.996121 21 21 17
0.421816 -0.177117 0.996124 20 20 16
0.422003 -0.173016 0.996391 21 21 17
0.169616 -0.132208 0.916402 110 110 100
0.166963 -0.131092 0.915595 115 114 104
0.164469 -0.129649 0.914857 98 92 84
0.432806 -0.212565 1.001095 91 90 82
0.431363 -0.210514 1.000736 97 100 91
0.430147 -0.208213 1.000464 34 36 31
0.428602 -0.206233 1.000068 26 25 24
0.426977 -0.204322 0.999642 29 28 27
0.425874 -0.201851 0.999417 46 46 44
0.424360 -0.199792 0.999035 104 104 95
0.423236 -0.197305 0.998803 101 101 92
0.422467 -0.194421 0.998709 103 103 95
0.421683 -0.191527 0.998611 67 65 59
0.420371 -0.185386 0.998516 20 20 16
0.164890 -0.133412 0.918050 110 109 98
0.431596 -0.216404 1.003656 81 86 76
0.429737 -0.214798 1.003142 92 95 86
0.428453 -0.212593 1.002851 89 90 81
0.427095 -0.210448 1.002532 27 26 26
0.425782 -0.208239 1.002231 25 23 22
0.424221 -0.206271 1.001836 34 32 31
0.423171 -0.203753 1.001639 92 93 84
0.421506 -0.201860 1.001206 99 99 90
0.420599 -0.199153 1.001067 99 98 90
0.420032 -0.196061 1.001062 91 89 81
0.419455 -0.192952 1.001055 32 32 27
0.418774 -0.189927 1.001008 20 20 16
0.418487 -0.186448 1.001118 20 20 16
0.168536 -0.137076 0.922275 108 111 101
0.165522 -0.136716 0.921311 123 122 113
0.162729 -0.135918 0.920444 101 99 90
0.426387 -0.217323 1.005056 103 106 97
0.425090 -0.215143 1.004767 45 45 38
0.424431 -0.212290 1.004729 24 22 22
0.423003 -0.210208 1.004390 29 29 29
0.421782 -0.207894 1.004135 44 44 42
0.420567 -0.205555 1.003882 101 103 95
0.419001 -0.203568 1.003493 100 100 90
0.418138 -0.200821 1.003381 98 99 89
0.417767 -0.197526 1.003465 59 60 52
0.417154 -0.194459 1.003456 21 21 17
0.416404 -0.187728 1.003630 17 19 15
0.166364 -0.139572 0.924645 126 128 119
0.163455 -0.139027 0.923725 118 118 109
0.160531 -0.138511 0.922798 96 95 85
0.424406 -0.221933 1.007257 82 85 76
0.422668 -0.220230 1.006799 95 99 90
0.421795 -0.217631 1.006684 27 25 24
0.421358 -0.214559 1.006745 25 22 24
0.420259 -0.212147 1.006544 34 35 35
0.419058 -0.209820 1.006304 72 74 74
0.418062 -0.207261 1.006146 97 100 90
0.416510 -0.205265 1.005769 98 99 89
0.416008 -0.202141 1.005812 89 90 81
0.415530 -0.198964 1.005866 33 34 27
0.415307 -0.195484 1.006024 20 20 16
0.414876 -0.188410 1.006353 17 19 15
0.379307 -0.027789 1.005338 114 116 109
0.166846 -0.143109 0.927796 110 111 101
0.164316 -0.141836 0.927048 126 127 118
0.161566 -0.140993 0.926200 108 108 98
0.158769 -0.140239 0.925330 100 99 89
0.418775 -0.219842 1.008688 25 23 22
0.418582 -0.216527 1.008858 25 24 23
0.417357 -0.214254 1.008614 35 36 35
0.416406 -0.211677 1.008483 88 91 84
0.415248 -0.209294 1.008269 99 100 90
0.414082 -0.206901 1.008053 100 101 91
0.413514 -0.203853 1.008081 69 68 59
0.413087 -0.196912 1.008430 20 20 16
0.395919 -0.042086 1.013698 75 74 68
0.393579 -0.039836 1.013085 86 85 79
0.388912 -0.035258 1.011869 103 104 97
0.374626 -0.027230 1.007723 112 117 109
0.371384 -0.026149 1.006730 109 114 106
0.166680 -0.147871 0.930621 100 100 88
0.164440 -0.146068 0.930009 134 133 123
0.162215 -0.144215 0.929406 117 119 108
0.159763 -0.142796 0.928697 105 104 95
0.156968 -0.142056 0.927828 101 99 91
0.417628 -0.227072 1.010914 88 91 83
0.415773 -0.222042 1.010676 21 21 21
0.415569 -0.218746 1.010855 28 28 27
0.414678 -0.216136 1.010755 45 45 43
0.413675 -0.213620 1.010611 94 97 88
0.412872 -0.210872 1.010551 95 97 88
0.411487 -0.205071 1.010526 41 39 30
0.411491 -0.197673 1.011080 17 17 13
0.397099 -0.044446 1.017762 82 85 76
0.392519 -0.039823 1.016592 100 101 94
0.376029 -0.029398 1.011916 110 114 107
0.369588 -0.027194 1.009950 95 103 94
0.162419 -0.148285 0.932378 132 131 122
0.160405 -0.146030 0.931880 112 112 102
0.158125 -0.144279 0.931257 103 102 93
0.412464 -0.221067 1.012791 30 30 28
0.411620 -0.218418 1.012719 58 59 56
0.411023 -0.215486 1.012752 94 97 88
0.409169 -0.206604 1.012837 32 30 23
0.398094 -0.047042 1.021731 89 91 83
0.395726 -0.044867 1.021117 93 96 87
0.162817 -0.151933 0.935417 150 144 136
0.160599 -0.150115 0.934825 122 120 109
0.158493 -0.148054 0.934289 106 106 97
0.156361 -0.146022 0.933741 101 100 91
0.410972 -0.232116 1.014518 90 94 86
0.409874 -0.226350 1.014630 20 20 16
0.409662 -0.223080 1.014830 30 30 27
0.408952 -0.220298 1.014825 72 75 70
0.396768 -0.047400 1.025097 100 101 94
0.394510 -0.045074 1.024539 101 104 97
0.389324 -0.041286 1.023127 117 120 113
0.161399 -0.152969 0.938042 132 129 121
0.159120 -0.151280 0.937423 115 114 105
0.156922 -0.149408 0.936847 106 105 96
0.154810 -0.147343 0.936316 101 100 91
0.407127 -0.228305 1.016660 18 21 17
0.407077 -0.224873 1.016942 30 31 27
0.406296 -0.222173 1.016916 101 106 97
0.395329 -0.047913 1.028409 106 108 101
0.392752 -0.046024 1.027713 115 118 109
0.159584 -0.154792 0.940456 123 121 114
0.157441 -0.152846 0.939910 113 111 104
0.155270 -0.150932 0.939352 107 106 98
0.404220 -0.237287 1.017977 106 107 100
0.404229 -0.230420 1.018606 19 22 16
0.404178 -0.226998 1.018900 33 34 30
0.403582 -0.224113 1.018963 91 96 87
0.391006 -0.046960 1.030885 139 142 131
0.159934 -0.158491 0.943408 127 125 117
0.158082 -0.156007 0.943014 116 115 106
0.156180 -0.153588 0.942598 112 111 102
0.401534 -0.232332 1.020618 20 22 17
0.401515 -0.228882 1.020940 34 36 31
0.400829 -0.226099 1.020974 97 102 92
0.388698 -0.048672 1.033785 79 82 74
0.160297 -0.162129 0.946342 132 129 124
0.156543 -0.157300 0.945542 115 114 105
0.154758 -0.154654 0.945194 111 110 101
0.398509 -0.241418 1.021788 98 101 92
0.398442 -0.234661 1.022436 19 23 17
0.398401 -0.231243 1.022761 34 37 31
0.397861 -0.228317 1.022870 92 95 86
0.386416 -0.050355 1.036681 51 53 49
0.156821 -0.161140 0.948417 119 118 109
0.155329 -0.157955 0.948230 115 114 105
0.153630 -0.155137 0.947938 109 107 98
0.395783 -0.239968 1.024070 38 36 26
0.395464 -0.233426 1.024638 33 37 31
0.394970 -0.230460 1.024778 96 97 88
0.401600 -0.065506 1.044064 99 101 92
0.399378 -0.063267 1.043545 115 119 110
0.158158 -0.168879 0.951217 127 126 117
0.157002 -0.165133 0.951214 122 121 112
0.155241 -0.162522 0.950889 118 117 108
0.153990 -0.158861 0.950845 114 111 103
0.393506 -0.244845 1.025832 97 99 89
0.392888 -0.242097 1.025918 40 40 25
0.392435 -0.239153 1.026081 23 27 21
0.392243 -0.235911 1.026365 33 36 30
0.391858 -0.232841 1.026564 97 98 89
0.397795 -0.063980 1.046720 146 143 135
0.160864 -0.173816 0.954722 154 153 145
0.156610 -0.170194 0.953672 122 121 112
0.153851 -0.163533 0.953454 114 113 104
0.390281 -0.243934 1.027876 59 61 50
0.389477 -0.241362 1.027890 27 31 26
0.389180 -0.238237 1.028138 30 33 28
0.388705 -0.235272 1.028308 92 93 84
0.388299 -0.232208 1.028512 91 92 83
0.388549 -0.248243 1.029828 85 88 75
0.387425 -0.246033 1.029701 92 97 86
0.386654 -0.243437 1.029738 32 35 32
0.386160 -0.240526 1.029907 24 26 22
0.385716 -0.237538 1.030102 83 84 77
0.385218 -0.234580 1.030274 89 92 83
0.384544 -0.231782 1.030369 88 89 80
0.161521 -0.180882 0.960340 157 157 148
0.158149 -0.175699 0.959792 122 123 114
0.153978 -0.171935 0.958808 118 117 109
0.385704 -0.250328 1.031629 76 78 69
0.384687 -0.248016 1.031558 101 104 95
0.383738 -0.245614 1.031522 35 37 31
0.383343 -0.242609 1.031747 31 32 27
0.382673 -0.239867 1.031847 67 69 61
0.381930 -0.237179 1.031916 88 92 83
0.381346 -0.234297 1.032062 92 92 84
0.380735 -0.231418 1.032198 56 54 48
0.379854 -0.228805 1.032210 18 16 14
0.160718 -0.180778 0.963159 132 133 124
0.382932 -0.252344 1.033443 78 81 72
0.381723 -0.250240 1.033290 92 95 86
0.380884 -0.247732 1.033313 57 59 54
0.380313 -0.244921 1.033466 32 34 32
0.379655 -0.242175 1.033581 45 47 39
0.378792 -0.239625 1.033602 89 94 84
0.378170 -0.236795 1.033740 88 89 81
0.162822 -0.186611 0.966238 151 148 143
0.159169 -0.182085 0.965549 126 127 118
0.155234 -0.177986 0.964710 119 120 111
0.379915 -0.254618 1.035120 74 78 69
0.378557 -0.252680 1.034902 85 88 79
0.377543 -0.250366 1.034850 94 95 86
0.376915 -0.247626 1.034985 31 31 25
0.376033 -0.245131 1.035002 30 32 28
0.375086 -0.242684 1.034990 95 102 92
0.374344 -0.239996 1.035079 91 91 84
0.373729 -0.237148 1.035233 80 78 71
0.372974 -0.234425 1.035323 30 28 25
0.159455 -0.185652 0.968267 127 128 119
0.157653 -0.183336 0.967945 125 124 116
0.377302 -0.256480 1.036967 68 75 64
0.375513 -0.255000 1.036547 79 82 73
0.374346 -0.252857 1.036428 89 92 81
0.373505 -0.250353 1.036470 59 59 51
0.372548 -0.247950 1.036458 34 34 30
0.371629 -0.245486 1.036467 59 63 55
0.370839 -0.242863 1.036542 90 91 84
0.370195 -0.240059 1.036691 90 90 80
0.369513 -0.237270 1.036825 51 51 44
0.162897 -0.194489 0.971349 139 138 131
0.159721 -0.189222 0.970952 127 126 120
0.158048 -0.186697 0.970709 124 124 117
0.156213 -0.184447 0.970375 121 120 113
0.375234 -0.257782 1.039061 55 59 51
0.372796 -0.256985 1.038328 78 81 72
0.371325 -0.255170 1.038068 83 86 75
0.370039 -0.253146 1.037899 97 95 86
0.369142 -0.250693 1.037925 41 37 35
0.368130 -0.248342 1.037895 37 38 31
0.367162 -0.245923 1.037891 92 93 86
0.366377 -0.243286 1.037979 92 93 83
0.365660 -0.240551 1.038104 71 72 63
0.365181 -0.237531 1.038350 26 26 23
0.165481 -0.199173 0.974636 152 151 145
0.163551 -0.197240 0.974233 135 134 126
0.161607 -0.195311 0.973825 130 129 121
0.160151 -0.192451 0.973712 127 126 120
0.158232 -0.190421 0.973326 125 124 118
0.156590 -0.187842 0.973111 123 122 116
0.154772 -0.185566 0.972793 114 113 106
0.373173 -0.259079 1.041145 35 38 31
0.370336 -0.258707 1.040215 70 75 66
0.368466 -0.257320 1.039763 79 82 72
0.366870 -0.255633 1.039447 87 87 75
0.365606 -0.253582 1.039297 77 79 70
0.364558 -0.251284 1.039257 36 37 28
0.363647 -0.248817 1.039288 61 62 53
0.362683 -0.246387 1.039296 98 99 89
0.362049 -0.243576 1.039471 85 86 77
0.360982 -0.237657 1.039933 15 16 13
0.167428 -0.204901 0.977525 161 160 155
0.164074 -0.200205 0.977023 130 131 122
0.160094 -0.196547 0.976159 127 127 118
0.158722 -0.193537 0.976106 125 124 116
0.156881 -0.191366 0.975774 123 122 116
0.371650 -0.259820 1.043484 24 27 21
0.368345 -0.259942 1.042319 44 46 42
0.365967 -0.259096 1.041616 73 75 66
0.363680 -0.258150 1.040959 86 85 74
0.362105 -0.256443 1.040658 94 94 85
0.360883 -0.254343 1.040538 67 66 58
0.359844 -0.252031 1.040511 40 39 32
0.358856 -0.249642 1.040514 89 90 81
0.358064 -0.247020 1.040618 85 86 78
0.357357 -0.244280 1.040768 77 80 71
0.168360 -0.207054 0.980536 147 145 141
0.166537 -0.205005 0.980199 137 135 131
0.164839 -0.202706 0.979942 131 132 125
0.162764 -0.201065 0.979459 127 127 121
0.158829 -0.197332 0.978632 124 123 117
0.369796 -0.260908 1.045649 22 24 20
0.366452 -0.261078 1.044459 27 29 26
0.363860 -0.260463 1.043648 53 54 47
0.361166 -0.259957 1.042786 79 79 70
0.359176 -0.258701 1.042279 82 84 75
0.357599 -0.256993 1.041984 87 91 82
0.356309 -0.254963 1.041837 61 62 56
0.355068 -0.252864 1.041717 44 45 38
0.354259 -0.250276 1.041820 86 87 79
0.353475 -0.247637 1.041940 83 86 79
0.352729 -0.244931 1.042082 61 64 56
0.168574 -0.210457 0.983097 137 136 130
0.166992 -0.208011 0.982910 130 129 124
0.165059 -0.206162 0.982512 129 128 122
0.161429 -0.201974 0.981871 125 124 118
0.157499 -0.198242 0.981058 118 117 111
0.367486 -0.262475 1.047570 20 21 19
0.364667 -0.262104 1.046643 25 25 23
0.361830 -0.261754 1.045706 31 32 30
0.358649 -0.261772 1.044592 55 56 49
0.356468 -0.260729 1.043990 77 80 73
0.354468 -0.259486 1.043482 79 82 75
0.352967 -0.257697 1.043232 88 91 84
0.351438 -0.255925 1.042969 60 63 56
0.350439 -0.253559 1.042981 55 58 51
0.349689 -0.250897 1.043126 85 88 81
0.348779 -0.248391 1.043191 82 85 76
0.347617 -0.246141 1.043130 50 51 45
0.373411 -0.091645 1.075743 62 65 58
0.171235 -0.214706 0.986358 139 140 131
0.169776 -0.212094 0.986248 135 136 129
0.167755 -0.210443 0.985794 129 130 123
0.165786 -0.208681 0.985376 127 127 121
0.163937 -0.206685 0.985036 124 125 118
0.162160 -0.204534 0.984744 123 122 116
0.160330 -0.202456 0.984423 121 120 114
0.364668 -0.264579 1.049214 21 21 19
0.362436 -0.263602 1.048586 22 22 18
0.359877 -0.262967 1.047790 21 22 20
0.356666 -0.263024 1.046657 31 32 30
0.354091 -0.262410 1.045852 55 58 52
0.351726 -0.261568 1.045156 74 77 70
0.349777 -0.260274 1.044677 79 82 75
0.347989 -0.258796 1.044283 85 87 80
0.346677 -0.256787 1.044139 65 67 60
0.345744 -0.254344 1.044195 54 57 50
0.344773 -0.251921 1.044236 85 88 81
0.342967 -0.246858 1.044398 49 49 44
0.174727 -0.217447 0.990118 137 138 129
0.170114 -0.215225 0.988852 132 133 126
0.168401 -0.213060 0.988592 129 130 121
0.166392 -0.211391 0.988151 127 128 119
0.164385 -0.209704 0.987713 124 124 118
0.162508 -0.207763 0.987361 122 123 116
0.160748 -0.205587 0.987086 119 118 112
0.158956 -0.203444 0.986795 108 107 101
0.360268 -0.265037 1.050547 21 21 18
0.357601 -0.264524 1.049693 19 21 18
0.354504 -0.264471 1.048614 22 22 20
0.351697 -0.264113 1.047686 33 34 32
0.348971 -0.263669 1.046801 54 57 51
0.346653 -0.262787 1.046130 75 78 71
0.344551 -0.261664 1.045573 79 81 74
0.342703 -0.260259 1.045150 84 83 77
0.341212 -0.258448 1.044919 73 75 68
0.339858 -0.256472 1.044761 57 59 52
0.338549 -0.254429 1.044631 84 86 79
0.337561 -0.248450 1.045247 49 49 43
0.177358 -0.221602 0.993334 131 135 126
0.175447 -0.219853 0.992945 133 134 126
0.173313 -0.218467 0.992419 131 132 125
0.171104 -0.217197 0.991848 130 131 124
0.168994 -0.215745 0.991342 129 129 122
0.167167 -0.213780 0.991017 126 127 118
0.165155 -0.212122 0.990577 122 123 114
0.163088 -0.210544 0.990106 121 122 115
0.161220 -0.208591 0.989765 116 116 108
0.357584 -0.267022 1.052221 20 20 18
0.354675 -0.266777 1.051237 20 20 18
0.352102 -0.266177 1.050431 21 21 19
0.349530 -0.265577 1.049624 22 22 20
0.346651 -0.265309 1.048655 31 31 29
0.344048 -0.264744 1.047832 45 48 43
0.341496 -0.264123 1.047037 70 72 65
0.339373 -0.263032 1.046469 84 81 74
0.337489 -0.261671 1.046031 84 84 78
0.335718 -0.260175 1.045655 86 87 80
0.333792 -0.258841 1.045197 45 48 41
0.332614 -0.256657 1.045144 75 76 67
0.179796 -0.226004 0.996414 130 131 124
0.177937 -0.224207 0.996056 132 133 126
0.175847 -0.222781 0.995557 131 132 125
0.173833 -0.221213 0.995107 130 131 124
0.171826 -0.219618 0.994664 129 130 123
0.169724 -0.218170 0.994163 127 128 121
0.167715 -0.216547 0.993724 126 127 120
0.165935 -0.214503 0.993435 124 124 116
0.163973 -0.212758 0.993033 119 122 113
0.162003 -0.211009 0.992629 111 112 104
0.160163 -0.209005 0.992312 82 82 74
0.349538 -0.268063 1.052142 21 21 19
0.346916 -0.267527 1.051307 21 21 19
0.344153 -0.267144 1.050397 20 23 21
0.341446 -0.266703 1.049516 27 30 28
0.339106 -0.265862 1.048833 40 41 38
0.336812 -0.264968 1.048174 66 67 60
0.334555 -0.264030 1.047536 80 81 74
0.332316 -0.263067 1.046909 80 81 74
0.329677 -0.262548 1.046066 83 84 77
0.328015 -0.260929 1.045753 76 77 69
0.327248 -0.258284 1.045931 74 74 65
0.184502 -0.231390 1.000098 123 125 116
0.182266 -0.230266 0.999499 126 127 120
0.180874 -0.227733 0.999437 129 130 123
0.178604 -0.226640 0.998821 130 131 124
0.176535 -0.225199 0.998334 130 131 124
0.174391 -0.223871 0.997803 130 131 125
0.172422 -0.222232 0.997385 129 130 123
0.170423 -0.220627 0.996952 128 127 121
0.168431 -0.218996 0.996525 124 125 118
0.166421 -0.217378 0.996089 123 123 116
0.164666 -0.215292 0.995823 120 118 113
0.162862 -0.213268 0.995529 87 84 76
0.159776 -0.208204 0.995297 192 169 155
0.184224 -0.052091 1.030371 192 142 147
0.346947 -0.269982 1.053820 22 22 20
0.343921 -0.269891 1.052765 21 21 19
0.341412 -0.269247 1.051988 21 21 19
0.339181 -0.268301 1.051363 24 23 22
0.336964 -0.267334 1.050745 30 30 28
0.334336 -0.266816 1.049905 34 36 34
0.331770 -0.266231 1.049098 54 55 50
0.329270 -0.265571 1.048328 71 71 66
0.326176 -0.265578 1.047232 77 78 71
0.324078 -0.264467 1.046682 78 80 73
0.322539 -0.262716 1.046441 80 81 72
0.320756 -0.261230 1.046068 71 72 63
0.319471 -0.259160 1.045972 64 66 59
0.185461 -0.233271 1.003031 125 126 117
0.183015 -0.232504 1.002298 127 128 119
0.180796 -0.231360 1.001711 128 129 120
0.179142 -0.229266 1.001489 127 129 121
0.177013 -0.227947 1.000964 127 130 123
0.175114 -0.226226 1.000591 127 130 123
0.173078 -0.224722 1.000131 127 129 122
0.171199 -0.222932 0.999777 127 128 121
0.169296 -0.221166 0.999409 123 124 117
0.167372 -0.219415 0.999032 114 116 109
0.165481 -0.217589 0.998680 98 98 91
0.163934 -0.215131 0.998559 91 81 80
0.162505 -0.212433 0.998521 196 169 162
0.182157 -0.054311 1.032917 213 140 141
0.340575 -0.272642 1.054004 23 23 21
0.338120 -0.271955 1.053255 21 21 19
0.336124 -0.270766 1.052758 23 22 20
0.334154 -0.269543 1.052276 24 22 21
0.331164 -0.269438 1.051233 23 25 23
0.328305 -0.269192 1.050262 23 29 27
0.325429 -0.268971 1.049281 36 42 39
0.321949 -0.269431 1.047964 57 61 56
0.319449 -0.268798 1.047189 73 75 70
0.317625 -0.267395 1.046791 77 78 70
0.315320 -0.266532 1.046126 79 80 71
0.313378 -0.265248 1.045665 83 84 77
0.190658 -0.237684 1.007005 118 119 112
0.188290 -0.236816 1.006319 123 124 115
0.186435 -0.235113 1.005963 125 126 117
0.184081 -0.234208 1.005289 127 128 119
0.181737 -0.233280 1.004622 127 128 119
0.179620 -0.231971 1.004103 126 127 118
0.177719 -0.230291 1.003727 126 127 119
0.175716 -0.228766 1.003286 126 128 121
0.174089 -0.226588 1.003096 126 127 120
0.172106 -0.224993 1.002676 125 126 119
0.170411 -0.222885 1.002449 128 129 122
0.168603 -0.220951 1.002151 105 103 98
0.165216 -0.216610 1.001720 181 159 154
0.336505 -0.272850 1.055422 21 21 17
0.334129 -0.272081 1.054716 23 23 19
0.331731 -0.271334 1.053999 24 24 22
0.328941 -0.271018 1.053063 23 25 23
0.326007 -0.270866 1.052047 25 28 27
0.323061 -0.270733 1.051022 28 32 31
0.319520 -0.271274 1.049664 34 36 33
0.316779 -0.270925 1.048751 47 48 43
0.314496 -0.270056 1.048097 64 65 56
0.312123 -0.269286 1.047392 82 83 75
0.309418 -0.268897 1.046500 82 83 74
0.307076 -0.268091 1.045813 81 83 72
0.195311 -0.242842 1.010626 115 117 108
0.191106 -0.240321 1.009588 122 123 114
0.188882 -0.239239 1.008994 123 124 115
0.186489 -0.238422 1.008290 124 125 116
0.184606 -0.236775 1.007920 125 126 117
0.182384 -0.235664 1.007331 126 127 118
0.180220 -0.234451 1.006781 126 127 120
0.178261 -0.232888 1.006368 126 127 120
0.176487 -0.231000 1.006080 126 126 120
0.174587 -0.229305 1.005712 127 126 120
0.172920 -0.227196 1.005502 123 122 116
0.171044 -0.225419 1.005158 106 104 98
0.169367 -0.223282 1.004950 90 87 82
0.167739 -0.221033 1.004779 173 151 149
0.166393 -0.218262 1.004804 207 161 151
0.165157 -0.215262 1.004910 132 80 66
0.326441 -0.272910 1.054720 24 23 20
0.323916 -0.272314 1.053930 25 26 22
0.321064 -0.272085 1.052955 27 29 25
0.317388 -0.272789 1.051512 32 32 28
0.314443 -0.272678 1.050481 35 36 33
0.311959 -0.272049 1.049712 38 38 33
0.309228 -0.271702 1.048801 48 48 43
0.306661 -0.271169 1.047985 56 59 50
0.303924 -0.270834 1.047070 74 76 67
0.301654 -0.269957 1.046423 89 90 80
0.204186 -0.245856 1.016121 109 111 103
0.201561 -0.245423 1.015265 107 110 103
0.199195 -0.244593 1.014575 111 114 105
0.196826 -0.243764 1.013884 113 116 107
0.194371 -0.243065 1.013138 114 117 108
0.192159 -0.241983 1.012549 118 119 110
0.189779 -0.241159 1.011853 122 123 114
0.187443 -0.240262 1.011186 123 124 115
0.185176 -0.239248 1.010566 124 125 116
0.183558 -0.237174 1.010374 125 126 119
0.181496 -0.235805 1.009893 126 126 119
0.179533 -0.234259 1.009480 127 126 120
0.177501 -0.232814 1.009024 128 127 121
0.175700 -0.230968 1.008724 123 121 116
0.173788 -0.229289 1.008354 109 105 100
0.172059 -0.227281 1.008111 82 75 70
0.170234 -0.225416 1.007806 170 154 151
0.324055 -0.274681 1.056422 24 21 19
0.321732 -0.273870 1.055745 27 26 23
0.319086 -0.273420 1.054884 29 28 25
0.312378 -0.274130 1.052348 30 31 28
0.309663 -0.273773 1.051444 34 35 31
0.306952 -0.273414 1.050543 34 36 32
0.304118 -0.273199 1.049569 37 40 33
0.301475 -0.272768 1.048705 40 43 37
0.298966 -0.272182 1.047919 47 49 43
0.296401 -0.271660 1.047100 59 60 53
0.213036 -0.248877 1.021600 101 104 97
0.210546 -0.248242 1.020830 103 106 99
0.208184 -0.247415 1.020141 102 106 99
0.205486 -0.247092 1.019238 104 107 99
0.202962 -0.246509 1.018445 106 108 100
0.200120 -0.246412 1.017447 107 110 103
0.197708 -0.245660 1.016726 109 112 103
0.195098 -0.245213 1.015877 112 115 106
0.192691 -0.244449 1.015161 113 116 109
0.190442 -0.243434 1.014549 115 116 107
0.188154 -0.242475 1.013913 118 119 110
0.185875 -0.241495 1.013284 118 119 110
0.183674 -0.240384 1.012707 122 123 114
0.182136 -0.238185 1.012575 122 123 116
0.180177 -0.236652 1.012165 123 123 116
0.178392 -0.234816 1.011876 122 121 114
0.176448 -0.233226 1.011483 97 95 90
0.174663 -0.231353 1.011200 92 88 84
0.173049 -0.229170 1.011038 168 156 153
0.171649 -0.226599 1.011025 188 154 151
0.310505 -0.275369 1.054311 32 32 28
0.308030 -0.274743 1.053545 33 34 30
0.305009 -0.274748 1.052459 32 34 30
0.302252 -0.274453 1.051528 32 34 30
0.299344 -0.274338 1.050506 34 36 32
0.297002 -0.273564 1.049816 35 37 33
0.294266 -0.273255 1.048895 36 39 32
0.291425 -0.273071 1.047911 41 44 37
0.288618 -0.272853 1.046946 47 48 41
0.285927 -0.272501 1.046049 52 53 46
0.283243 -0.272142 1.045156 63 64 56
0.280456 -0.271912 1.044200 74 74 67
0.278033 -0.271241 1.043461 78 79 72
0.275789 -0.270347 1.042830 80 79 71
0.273267 -0.269795 1.042032 83 82 74
0.270900 -0.269049 1.041327 85 84 76
0.240087 -0.259214 1.032182 84 87 80
0.235926 -0.256868 1.031145 87 90 83
0.231167 -0.255324 1.029737 89 92 85
0.228017 -0.255632 1.028547 91 94 87
0.225440 -0.255141 1.027717 91 94 87
0.222653 -0.254953 1.026754 94 97 90
0.220190 -0.254302 1.025997 94 97 90
0.218026 -0.253219 1.025430 97 100 93
0.215916 -0.252049 1.024901 95 98 91
0.213620 -0.251145 1.024252 98 99 90
0.211291 -0.250284 1.023584 99 101 92
0.208857 -0.249577 1.022848 99 102 94
0.206298 -0.249054 1.022032 100 103 96
0.203719 -0.248563 1.021202 101 104 97
0.201227 -0.247941 1.020428 102 105 98
0.198562 -0.247585 1.019541 104 107 100
0.196169 -0.246811 1.018833 107 110 103
0.193654 -0.246223 1.018045 109 112 103
0.191193 -0.245553 1.017292 111 114 105
0.188811 -0.244756 1.016592 115 116 107
0.186596 -0.243689 1.016004 115 116 107
0.184344 -0.242674 1.015393 116 117 108
0.182325 -0.241275 1.014941 117 118 109
0.180670 -0.239270 1.014737 112 109 104
0.178785 -0.237622 1.014380 89 85 81
0.177163 -0.235522 1.014207 108 104 103
0.175408 -0.233620 1.013946 168 160 160
0.182513 -0.072511 1.047804 139 161 202
0.308185 -0.277119 1.056000 33 32 29
0.306136 -0.276017 1.055481 32 34 30
0.303464 -0.275627 1.054597 33 33 29
0.300385 -0.275711 1.053473 31 33 29
0.297562 -0.275505 1.052498 31 33 29
0.295035 -0.274956 1.051697 32 34 30
0.292351 -0.274593 1.050804 35 36 32
0.289534 -0.274390 1.049831 37 38 34
0.286655 -0.274267 1.048819 36 39 34
0.283886 -0.274017 1.047872 37 40 33
0.281074 -0.273824 1.046898 41 42 38
0.278174 -0.273742 1.045871 43 45 41
0.275690 -0.273156 1.045094 47 49 44
0.273513 -0.272192 1.044502 48 50 45
0.271089 -0.271529 1.043762 54 57 50
0.268726 -0.270790 1.043058 63 66 58
0.266042 -0.270452 1.042159 67 69 64
0.262765 -0.270868 1.040898 71 74 67
0.260015 -0.270626 1.039956 74 77 70
0.256759 -0.271037 1.038703 76 79 72
0.254419 -0.270279 1.038012 80 81 74
0.252091 -0.269502 1.037328 83 84 77
0.250009 -0.268400 1.036798 84 85 76
0.248232 -0.266891 1.036458 82 85 76
0.246533 -0.265265 1.036169 84 86 77
0.244429 -0.264166 1.035630 87 88 79
0.242235 -0.263181 1.035036 87 88 81
0.240290 -0.261853 1.034600 84 87 80
0.238128 -0.260811 1.034029 84 87 80
0.235998 -0.259719 1.033480 85 88 81
0.233882 -0.258601 1.032940 86 89 82
0.232003 -0.257145 1.032553 85 88 81
0.229552 -0.256479 1.031803 85 88 81
0.226547 -0.256593 1.030699 86 89 82
0.223808 -0.256339 1.029764 85 88 81
0.221094 -0.256054 1.028844 86 89 82
0.218665 -0.255361 1.028108 88 91 84
0.216451 -0.254358 1.027510 87 90 83
0.214253 -0.253323 1.026925 90 93 86
0.211822 -0.252625 1.026189 94 95 86
0.209517 -0.251740 1.025535 94 97 88
0.207015 -0.251143 1.024753 94 99 91
0.204614 -0.250395 1.024038 98 99 92
0.202116 -0.249791 1.023259 99 102 95
0.199744 -0.248995 1.022564 101 104 97
0.197111 -0.248597 1.021695 101 104 97
0.194752 -0.247777 1.021009 104 107 100
0.192199 -0.247257 1.020194 108 110 102
0.189844 -0.246426 1.019511 111 112 103
0.187484 -0.245600 1.018826 107 107 99
0.185437 -0.244269 1.018354 108 105 98
0.183459 -0.242818 1.017930 97 89 83
0.181598 -0.241163 1.017589 86 77 73
0.180094 -0.238906 1.017496 147 133 132
0.178402 -0.236935 1.017278 175 165 161
0.302571 -0.275756 1.057113 32 32 28
0.299311 -0.276052 1.055877 32 33 29
0.296206 -0.276179 1.054731 32 33 29
0.293740 -0.275561 1.053967 32 33 29
0.290742 -0.275573 1.052883 34 34 30
0.287850 -0.275467 1.051861 36 36 32
0.285053 -0.275253 1.050895 36 36 32
0.282035 -0.275309 1.049795 38 38 34
0.279204 -0.275147 1.048806 39 40 37
0.276361 -0.275005 1.047809 43 44 40
0.273851 -0.274460 1.047014 44 44 40
0.271908 -0.273213 1.046566 45 45 41
0.269425 -0.272630 1.045788 45 46 41
0.266952 -0.272034 1.045017 49 50 45
0.264397 -0.271542 1.044195 51 51 47
0.261424 -0.271582 1.043114 52 53 49
0.258483 -0.271588 1.042051 54 55 51
0.255464 -0.271702 1.040939 56 58 54
0.252920 -0.271211 1.040121 58 59 52
0.250488 -0.270576 1.039372 58 59 52
0.248399 -0.269490 1.038839 61 62 55
0.246289 -0.268425 1.038293 61 63 56
0.244484 -0.266949 1.037941 65 66 59
0.242523 -0.265669 1.037493 65 67 60
0.240339 -0.264679 1.036905 64 66 60
0.238329 -0.263448 1.036430 69 71 64
0.236131 -0.262465 1.035836 68 70 63
0.233822 -0.261629 1.035172 69 72 65
0.231660 -0.260587 1.034603 71 74 67
0.229277 -0.259845 1.033894 74 77 70
0.226915 -0.259073 1.033198 73 76 69
0.224143 -0.258877 1.032238 76 79 72
0.221678 -0.258249 1.031476 79 82 75
0.219048 -0.257857 1.030606 82 85 78
0.216842 -0.256856 1.030013 84 86 79
0.214637 -0.255848 1.029422 87 89 82
0.212472 -0.254775 1.028859 90 91 84
0.209992 -0.254160 1.028088 92 93 85
0.207654 -0.253333 1.027413 93 94 87
0.205274 -0.252566 1.026709 94 96 89
0.202882 -0.251814 1.025999 95 96 89
0.200454 -0.251114 1.025265 94 96 89
0.198159 -0.250209 1.024620 99 101 94
0.195928 -0.249201 1.024019 101 102 95
0.193539 -0.248431 1.023314 100 101 94
0.191318 -0.247397 1.022721 97 98 91
0.189148 -0.246275 1.022166 87 89 81
0.187142 -0.244885 1.021724 81 74 69
0.185409 -0.243044 1.021472 121 109 105
0.183705 -0.241139 1.021243 180 159 157
0.182055 -0.239125 1.021056 163 139 136
0.181555 -0.077575 1.053616 126 157 210
0.298882 -0.275644 1.058667 32 32 28
0.295957 -0.275557 1.057627 31 31 27
0.292541 -0.276055 1.056288 33 33 29
0.289308 -0.276350 1.055057 34 34 30
0.286524 -0.276120 1.054098 36 36 32
0.283765 -0.275864 1.053153 37 37 33
0.280698 -0.275984 1.052018 36 36 32
0.277739 -0.275983 1.050948 39 39 35
0.274958 -0.275771 1.049986 40 40 36
0.272389 -0.275303 1.049153 42 42 38
0.270394 -0.274125 1.048675 43 43 39
0.268077 -0.273341 1.047999 44 44 40
0.265538 -0.272832 1.047186 45 45 41
0.263099 -0.272199 1.046434 48 48 44
0.260257 -0.272076 1.045432 49 49 45
0.257514 -0.271833 1.044490 49 50 46
0.254501 -0.271943 1.043377 49 50 46
0.251973 -0.271433 1.042568 52 53 46
0.249695 -0.270598 1.041916 54 55 48
0.247399 -0.269783 1.041254 54 55 48
0.245115 -0.268948 1.040601 56 57 50
0.243099 -0.267754 1.040119 57 58 51
0.240947 -0.266734 1.039551 57 58 51
0.238623 -0.265940 1.038874 59 60 53
0.236591 -0.264745 1.038386 61 62 55
0.234307 -0.263888 1.037737 65 66 59
0.232066 -0.262967 1.037117 67 68 61
0.229813 -0.262059 1.036490 69 71 64
0.227308 -0.261498 1.035700 70 72 65
0.225041 -0.260603 1.035064 72 74 67
0.222386 -0.260252 1.034177 73 75 68
0.219969 -0.259566 1.033444 76 78 71
0.217606 -0.258799 1.032748 78 81 74
0.215306 -0.257941 1.032093 83 83 77
0.213169 -0.256841 1.031548 84 83 77
0.210998 -0.255781 1.030982 86 85 79
0.208580 -0.255082 1.030251 88 89 82
0.206293 -0.254186 1.029609 89 90 83
0.203940 -0.253383 1.028924 89 90 83
0.201690 -0.252421 1.028309 90 91 84
0.199301 -0.251667 1.027601 90 91 84
0.197052 -0.250695 1.026988 88 88 82
0.194860 -0.249628 1.026416 78 78 71
0.192821 -0.248318 1.025949 77 70 64
0.190887 -0.246831 1.025557 127 109 104
0.189204 -0.244935 1.025341 172 154 149
0.187560 -0.242955 1.025155 176 145 144
0.186161 -0.240563 1.025144 125 95 91
0.184775 -0.238121 1.025148 98 64 61
0.183384 -0.235659 1.025154 109 69 67
0.185041 -0.082606 1.057410 112 137 185
0.276935 -0.276017 1.053491 37 37 33
0.273569 -0.276522 1.052163 38 38 34
0.270822 -0.276278 1.051218 40 40 36
0.268493 -0.275519 1.050534 42 42 38
0.266048 -0.274904 1.049777 43 43 39
0.261489 -0.273251 1.048472 44 46 42
0.259002 -0.272685 1.047689 44 46 42
0.256445 -0.272208 1.046862 46 48 44
0.253589 -0.272118 1.045845 49 49 45
0.251116 -0.271538 1.045070 51 50 44
0.248586 -0.271031 1.044259 51 51 46
0.246182 -0.270362 1.043529 52 53 46
0.243676 -0.269824 1.042733 53 54 47
0.241525 -0.268815 1.042166 55 56 49
0.239128 -0.268129 1.041441 56 57 50
0.236909 -0.267201 1.040832 57 58 51
0.234674 -0.266291 1.040213 60 60 54
0.232344 -0.265507 1.039533 62 63 56
0.230183 -0.264487 1.038965 65 66 59
0.227893 -0.263639 1.038313 65 66 59
0.225658 -0.262712 1.037698 66 67 60
0.223529 -0.261629 1.037154 70 71 64
0.221152 -0.260892 1.036447 71 72 65
0.218986 -0.259851 1.035881 73 74 67
0.216824 -0.258798 1.035319 75 77 70
0.214641 -0.257768 1.034745 76 77 70
0.212421 -0.256785 1.034147 79 78 72
0.210329 -0.255610 1.033636 80 80 74
0.208135 -0.254576 1.033058 75 74 68
0.205865 -0.253649 1.032430 77 76 70
0.203559 -0.252772 1.031779 69 66 60
0.201416 -0.251644 1.031240 67 59 53
0.199298 -0.250470 1.030719 98 85 80
0.197123 -0.249374 1.030161 146 130 124
0.195150 -0.247958 1.029744 180 157 151
0.193328 -0.246294 1.029435 172 136 133
0.187515 -0.089549 1.060401 107 98 124
0.185338 -0.087002 1.060148 119 133 179
0.277138 -0.274824 1.056664 29 26 23
0.273955 -0.275098 1.055447 36 34 31
0.271179 -0.274881 1.054484 38 36 33
0.268324 -0.274766 1.053471 40 38 35
0.265442 -0.274692 1.052438 42 41 38
0.263072 -0.273979 1.051730 42 42 38
0.260546 -0.273463 1.050922 44 44 40
0.257763 -0.273274 1.049950 45 46 42
0.255310 -0.272669 1.049188 45 46 42
0.252580 -0.272419 1.048249 46 47 41
0.250023 -0.271950 1.047420 47 47 42
0.247305 -0.271693 1.046487 50 48 44
0.244752 -0.271223 1.045659 51 52 45
0.242325 -0.270586 1.044914 51 52 45
0.240175 -0.269579 1.044348 52 53 46
0.237880 -0.268762 1.043689 54 55 48
0.235553 -0.267984 1.043010 55 56 49
0.233245 -0.267178 1.042344 57 56 50
0.230955 -0.266344 1.041691 59 58 52
0.228766 -0.265367 1.041105 62 61 55
0.226557 -0.264412 1.040507 64 63 57
0.224506 -0.263231 1.040015 64 64 57
0.222428 -0.262078 1.039507 65 64 58
0.220102 -0.261271 1.038835 68 68 61
0.217987 -0.260159 1.038305 65 64 58
0.215807 -0.259132 1.037733 68 67 61
0.213692 -0.258005 1.037206 67 60 54
0.211495 -0.256991 1.036625 61 49 45
0.209488 -0.255689 1.036176 73 50 48
0.207421 -0.254467 1.035687 108 79 76
0.205249 -0.253394 1.035128 161 125 122
0.203095 -0.252284 1.034583 186 147 145
0.201197 -0.250779 1.034217 181 136 132
0.199498 -0.248957 1.033991 153 111 106
0.197768 -0.247163 1.033747 109 69 64
0.196142 -0.245191 1.033581 101 54 47
0.186268 -0.090086 1.063365 114 125 164
0.248660 -0.272716 1.049590 42 42 37
0.243543 -0.271795 1.047926 43 44 37
0.239089 -0.269993 1.046697 44 45 38
0.236770 -0.269211 1.046022 47 48 41
0.234516 -0.268337 1.045392 47 48 41
0.232142 -0.267621 1.044684 47 47 41
0.229908 -0.266714 1.044068 47 46 40
0.228165 -0.265121 1.043782 47 46 40
0.225919 -0.264214 1.043161 42 39 34
0.224032 -0.262799 1.042784 49 46 41
0.221906 -0.261711 1.042247 49 39 36
0.219653 -0.260797 1.041626 77 63 59
0.217555 -0.259656 1.041111 130 108 107
0.215521 -0.258414 1.040641 160 136 136
0.213499 -0.257145 1.040182 176 148 148
0.243153 -0.271286 1.050728 109 87 87
0.238402 -0.269875 1.049306 110 97 93
0.235984 -0.269223 1.048568 115 101 98
0.233736 -0.268340 1.047943 126 111 108
0.231428 -0.267536 1.047279 132 117 114
0.229391 -0.266354 1.046798 142 125 123
0.227684 -0.264706 1.046543 141 127 123
0.225594 -0.263578 1.046031 157 141 139
0.224026 -0.261710 1.045874 142 124 122
0.221909 -0.260599 1.045349 143 120 117
0.219861 -0.259383 1.044872 130 101 98
0.218031 -0.257846 1.044546 105 73 70
0.216354 -0.256073 1.044329 80 47 44
