ply
format ascii 1.0
element vertex 8564
property float x
property float y
property float z
property uchar red
property uchar green
property uchar blue
end_header
-0.109334 -0.127194 1.031512 175 172 156
-0.103977 -0.127338 1.032687 160 159 146
-0.098605 -0.127479 1.033832 155 153 140
-0.060336 -0.127772 1.036251 172 171 157
-0.125173 -0.121103 1.026704 167 163 148
-0.119702 -0.121082 1.026524 146 146 133
-0.114215 -0.121040 1.026173 109 111 103
-0.108806 -0.121080 1.026521 95 98 92
-0.103269 -0.120976 1.025646 111 111 107
-0.097274 -0.120294 1.019864 159 157 150
-0.089933 -0.117771 0.998456 192 192 182
-0.084363 -0.117394 0.995269 207 206 197
-0.079172 -0.117529 0.996414 188 189 177
-0.135280 -0.114932 1.020729 176 174 156
-0.129876 -0.114943 1.020833 134 134 120
-0.124484 -0.114967 1.021050 90 94 88
-0.119095 -0.114996 1.021312 88 93 88
-0.113626 -0.114946 1.020873 90 95 90
-0.107703 -0.114410 1.016112 138 142 134
-0.099152 -0.110881 0.984753 230 232 220
-0.093626 -0.110528 0.981614 227 227 218
-0.088351 -0.110445 0.980887 226 227 215
-0.083180 -0.110491 0.981301 227 227 216
-0.078003 -0.110535 0.981698 228 228 217
-0.072870 -0.110651 0.982736 228 228 217
-0.067827 -0.110933 0.985249 230 230 219
-0.063222 -0.112038 0.995074 122 125 117
-0.053872 -0.114616 1.018003 92 95 91
-0.139958 -0.108889 1.015355 166 163 144
-0.134584 -0.108901 1.015474 98 102 90
-0.129173 -0.108882 1.015305 86 91 86
-0.123834 -0.108925 1.015712 87 92 87
-0.118423 -0.108906 1.015536 88 93 88
-0.112482 -0.108375 1.010590 110 112 108
-0.103968 -0.105190 0.980864 226 227 215
-0.098361 -0.104763 0.976884 227 227 215
-0.093053 -0.104623 0.975589 227 227 216
-0.087860 -0.104605 0.975422 227 227 216
-0.082726 -0.104659 0.975932 227 227 214
-0.077592 -0.104721 0.976515 227 227 216
-0.072490 -0.104837 0.977609 228 228 216
-0.067368 -0.104940 0.978575 227 227 215
-0.062334 -0.105209 0.981094 219 220 206
-0.058187 -0.107159 0.999294 103 106 97
-0.048285 -0.108748 1.014138 87 90 86
-0.144613 -0.102928 1.010224 171 167 148
-0.139299 -0.102962 1.010572 90 93 87
-0.133915 -0.102946 1.010421 87 90 86
-0.128487 -0.102893 1.009904 86 91 84
-0.123149 -0.102911 1.010087 90 93 89
-0.117499 -0.102659 1.007611 94 99 94
-0.109316 -0.100065 0.982133 191 190 182
-0.103264 -0.099259 0.974220 226 227 215
-0.097855 -0.099018 0.971856 227 227 216
-0.092576 -0.098888 0.970586 227 227 216
-0.087427 -0.098890 0.970616 226 227 215
-0.082320 -0.098942 0.971136 227 227 214
-0.077214 -0.099004 0.971746 227 227 214
-0.072118 -0.099088 0.972573 227 227 214
-0.067034 -0.099202 0.973704 227 227 214
-0.061995 -0.099409 0.975747 221 220 207
-0.057242 -0.100153 0.983057 162 159 149
-0.047955 -0.102607 1.007179 83 86 82
-0.042751 -0.102946 1.010525 77 79 75
-0.149188 -0.097005 1.004918 168 164 153
-0.143909 -0.097041 1.005304 96 100 92
-0.138606 -0.097063 1.005538 86 88 84
-0.133233 -0.097036 1.005265 86 88 84
-0.127831 -0.096986 1.004747 86 90 85
-0.122366 -0.096880 1.003662 88 91 86
-0.116144 -0.096139 0.995979 187 187 180
-0.108542 -0.094133 0.975179 206 206 192
-0.102798 -0.093615 0.969817 220 220 207
-0.097390 -0.093365 0.967231 227 227 216
-0.092175 -0.093282 0.966374 227 227 216
-0.087062 -0.093299 0.966552 227 227 215
-0.081973 -0.093345 0.967037 227 227 214
-0.076892 -0.093407 0.967690 228 228 215
-0.071842 -0.093517 0.968840 228 228 215
-0.066787 -0.093640 0.970120 227 227 214
-0.061772 -0.093842 0.972222 207 203 191
-0.056967 -0.094430 0.978321 181 176 165
-0.052430 -0.095624 0.990714 166 164 154
-0.047602 -0.096495 0.999755 81 82 77
-0.042508 -0.096977 1.004762 75 78 74
-0.037281 -0.097254 1.007640 62 65 62
-0.148494 -0.091195 1.000242 128 130 124
-0.143236 -0.091227 1.000597 86 90 86
-0.137936 -0.091233 1.000674 84 89 84
-0.132601 -0.091216 1.000493 86 89 85
-0.127218 -0.091163 0.999919 88 92 87
-0.121162 -0.090604 0.993778 139 139 132
-0.114343 -0.089397 0.980535 212 211 200
-0.108174 -0.088607 0.971866 211 209 196
-0.102487 -0.088152 0.966873 204 203 189
-0.097023 -0.087851 0.963576 220 220 207
-0.091803 -0.087749 0.962465 225 225 214
-0.086749 -0.087803 0.963065 228 228 216
-0.081710 -0.087881 0.963927 227 227 214
-0.076664 -0.087960 0.964806 225 225 212
-0.071616 -0.088049 0.965786 221 221 208
-0.066585 -0.088174 0.967171 211 208 193
-0.061653 -0.088462 0.970341 187 184 168
-0.056904 -0.089089 0.977232 175 169 157
-0.052139 -0.089814 0.985197 189 185 174
-0.047265 -0.090493 0.992664 116 116 107
-0.042274 -0.091090 0.999228 80 83 79
-0.037107 -0.091424 1.002898 68 71 67
-0.153033 -0.085408 0.995230 87 93 88
-0.147818 -0.085446 0.995685 89 94 89
-0.142570 -0.085467 0.995937 84 89 86
-0.137275 -0.085461 0.995870 83 88 83
-0.131956 -0.085439 0.995618 86 90 85
-0.126491 -0.085316 0.994199 88 91 87
-0.120140 -0.084561 0.985391 208 209 201
-0.113847 -0.083778 0.976271 211 211 199
-0.108061 -0.083313 0.970842 209 209 198
-0.102318 -0.082834 0.965270 204 203 190
-0.096824 -0.082518 0.961590 194 193 178
-0.091599 -0.082409 0.960322 209 208 195
-0.086500 -0.082406 0.960292 213 211 199
-0.081493 -0.082496 0.961353 215 214 200
-0.076483 -0.082596 0.962524 211 209 195
-0.071465 -0.082700 0.963742 198 195 180
-0.066473 -0.082852 0.965525 179 174 158
-0.061599 -0.083190 0.969476 160 156 140
-0.056832 -0.083747 0.975981 166 161 146
-0.051989 -0.084292 0.982348 176 171 160
-0.047017 -0.084726 0.987426 187 185 174
-0.042023 -0.085227 0.993276 81 86 79
-0.036918 -0.085613 0.997787 83 87 80
-0.152320 -0.079703 0.990588 81 86 83
-0.147136 -0.079742 0.991084 83 90 86
-0.141899 -0.079755 0.991247 83 88 85
-0.136608 -0.079737 0.991027 84 89 84
-0.131268 -0.079687 0.990423 86 91 86
-0.125845 -0.079582 0.989117 89 92 88
-0.119561 -0.078900 0.980635 214 216 205
-0.113616 -0.078389 0.974289 211 211 200
-0.108145 -0.078172 0.971594 211 211 199
-0.102539 -0.077830 0.967349 212 211 199
-0.097023 -0.077525 0.963561 194 190 177
-0.091685 -0.077336 0.961213 155 147 133
-0.086517 -0.077276 0.960477 165 157 142
-0.081495 -0.077348 0.961373 168 161 145
-0.076483 -0.077438 0.962508 165 159 143
-0.071504 -0.077579 0.964265 160 155 139
-0.066560 -0.077781 0.966792 159 153 136
-0.061676 -0.078093 0.970677 167 160 145
-0.056828 -0.078511 0.975890 166 162 146
-0.051877 -0.078858 0.980218 186 181 167
-0.046860 -0.079171 0.984124 187 187 174
-0.041855 -0.079584 0.989276 96 105 96
-0.036737 -0.079874 0.992883 95 103 94
-0.031514 -0.079990 0.994338 96 102 94
-0.026254 -0.080044 0.995018 95 101 94
-0.020971 -0.080035 0.994920 86 87 83
-0.151641 -0.074065 0.986166 74 76 75
-0.146481 -0.074102 0.986665 83 88 85
-0.141267 -0.074113 0.986828 83 88 85
-0.135985 -0.074088 0.986506 83 89 85
-0.130671 -0.074043 0.985910 87 92 89
-0.125294 -0.073958 0.984781 92 95 91
-0.119413 -0.073554 0.979412 173 174 167
-0.113532 -0.073115 0.973561 214 214 202
-0.108072 -0.072917 0.970932 212 211 200
-0.102664 -0.072736 0.968527 213 211 201
-0.097393 -0.072638 0.967225 217 214 202
-0.092253 -0.072633 0.967166 188 184 172
-0.087082 -0.072601 0.966748 171 165 151
-0.081907 -0.072561 0.966221 165 158 143
-0.076797 -0.072578 0.966458 165 159 143
-0.071765 -0.072676 0.967767 167 161 145
-0.066755 -0.072813 0.969611 167 161 144
-0.061769 -0.073002 0.972132 173 168 152
-0.056800 -0.073246 0.975397 187 182 169
-0.051778 -0.073465 0.978329 209 205 193
-0.046744 -0.073715 0.981667 136 139 128
-0.041706 -0.074021 0.985754 102 112 103
-0.036571 -0.074215 0.988353 129 133 118
-0.031360 -0.074296 0.989450 118 122 111
-0.026117 -0.074322 0.989796 110 115 105
-0.020848 -0.074266 0.989064 84 87 83
-0.015610 -0.074322 0.989821 75 78 74
-0.010389 -0.074551 0.992876 99 101 94
-0.005138 -0.074833 0.996654 150 150 137
-0.156080 -0.068434 0.981167 67 69 68
-0.150949 -0.068468 0.981663 67 70 70
-0.145808 -0.068500 0.982130 71 74 74
-0.140625 -0.068514 0.982337 83 88 87
-0.135382 -0.068498 0.982121 80 87 83
-0.130119 -0.068471 0.981743 86 92 89
-0.124794 -0.068408 0.980845 91 95 90
-0.119360 -0.068277 0.978971 89 95 90
-0.113505 -0.067883 0.973321 215 219 207
-0.108006 -0.067674 0.970333 217 216 205
-0.102674 -0.067554 0.968613 215 214 201
-0.097403 -0.067463 0.967321 215 214 201
-0.092229 -0.067433 0.966902 211 208 196
-0.087102 -0.067436 0.966951 204 198 186
-0.082002 -0.067462 0.967331 195 190 176
-0.076911 -0.067500 0.967883 187 182 169
-0.071861 -0.067580 0.969050 187 182 168
-0.066834 -0.067697 0.970740 193 187 174
-0.061802 -0.067829 0.972634 201 198 184
-0.056775 -0.067991 0.974972 211 208 195
-0.051737 -0.068169 0.977541 191 190 177
-0.046659 -0.068331 0.979877 100 109 101
-0.041557 -0.068492 0.982198 105 115 106
-0.036404 -0.068605 0.983830 165 163 139
-0.031202 -0.068647 0.984449 169 165 145
-0.025969 -0.068627 0.984161 124 123 112
-0.020740 -0.068607 0.983892 83 86 82
-0.015547 -0.068737 0.985768 81 84 80
-0.010356 -0.069010 0.989693 170 170 154
-0.005123 -0.069282 0.993614 182 179 159
0.000151 -0.069498 0.996721 181 178 158
-0.155338 -0.062878 0.976495 77 79 80
-0.150236 -0.062911 0.977019 64 66 68
-0.145118 -0.062939 0.977477 64 67 67
-0.139961 -0.062953 0.977691 74 78 78
-0.134755 -0.062944 0.977570 81 86 85
-0.129538 -0.062930 0.977358 84 91 88
-0.124305 -0.062906 0.976996 93 100 96
-0.119054 -0.062871 0.976455 94 102 97
-0.113608 -0.062725 0.974201 101 109 102
-0.108087 -0.062522 0.971053 198 201 189
-0.102653 -0.062351 0.968406 221 221 209
-0.097330 -0.062234 0.966587 218 217 206
-0.092126 -0.062184 0.965817 217 214 203
-0.087003 -0.062185 0.965847 209 206 194
-0.081917 -0.062215 0.966329 207 205 191
-0.076845 -0.062260 0.967041 208 203 191
-0.071815 -0.062349 0.968425 208 205 191
-0.066797 -0.062462 0.970195 209 206 192
-0.061761 -0.062576 0.971978 213 211 197
-0.056723 -0.062709 0.974055 172 171 158
-0.051642 -0.062817 0.975745 105 111 104
-0.046519 -0.062890 0.976903 105 114 106
-0.041381 -0.062962 0.978020 107 117 108
-0.036219 -0.063011 0.978797 159 156 134
-0.031019 -0.063002 0.978674 176 170 151
-0.025820 -0.062989 0.978475 91 92 82
-0.020640 -0.063029 0.979108 83 86 79
-0.015482 -0.063188 0.981589 96 99 91
-0.010323 -0.063500 0.986461 188 186 166
-0.005108 -0.063762 0.990546 186 182 162
0.000150 -0.063948 0.993444 184 180 161
0.005436 -0.064097 0.995777 173 169 149
-0.154627 -0.057383 0.972023 96 99 97
-0.149541 -0.057410 0.972499 68 71 71
-0.144439 -0.057433 0.972898 62 65 65
-0.139314 -0.057448 0.973167 64 68 66
-0.134136 -0.057442 0.973072 80 84 82
-0.128963 -0.057438 0.973009 86 91 89
-0.123787 -0.057432 0.972915 93 101 97
-0.118595 -0.057417 0.972686 99 108 102
-0.113381 -0.057391 0.972244 104 113 107
-0.108104 -0.057329 0.971200 104 112 103
-0.102723 -0.057202 0.969060 184 182 170
-0.097371 -0.057079 0.966988 195 193 180
-0.092144 -0.057020 0.965993 213 211 198
-0.087008 -0.057014 0.965899 218 216 204
-0.081904 -0.057029 0.966168 215 214 200
-0.076825 -0.057064 0.966782 211 208 196
-0.071793 -0.057142 0.968113 199 197 181
-0.066752 -0.057225 0.969527 175 170 154
-0.061673 -0.057287 0.970589 138 135 121
-0.056582 -0.057348 0.971631 118 122 113
-0.051468 -0.057395 0.972444 111 115 108
-0.046324 -0.057415 0.972801 109 120 109
-0.041171 -0.057429 0.973052 118 126 116
-0.035986 -0.057395 0.972481 171 171 154
-0.030824 -0.057395 0.972490 100 102 91
-0.025684 -0.057442 0.973300 84 87 81
-0.020547 -0.057521 0.974658 83 84 78
-0.015429 -0.057729 0.978197 185 184 166
-0.010294 -0.058049 0.983632 185 181 160
-0.005095 -0.058296 0.987848 184 180 160
0.000149 -0.058449 0.990454 182 179 160
0.005416 -0.058561 0.992359 173 169 149
-0.148820 -0.051949 0.967804 102 101 99
-0.143728 -0.051964 0.968102 73 74 74
-0.138634 -0.051980 0.968410 65 69 68
-0.133509 -0.051985 0.968522 67 71 68
-0.128403 -0.051999 0.968782 90 93 90
-0.123281 -0.052006 0.968934 101 110 104
-0.118157 -0.052014 0.969086 106 115 108
-0.113024 -0.052018 0.969176 108 117 110
-0.107876 -0.052015 0.969143 106 115 108
-0.102708 -0.052003 0.968913 123 129 119
-0.097458 -0.051945 0.967846 156 154 138
-0.092234 -0.051895 0.966938 153 148 127
-0.087071 -0.051876 0.966590 160 156 134
-0.081944 -0.051877 0.966623 158 154 132
-0.076835 -0.051892 0.966903 156 150 128
-0.071764 -0.051935 0.967716 149 142 122
-0.066667 -0.051964 0.968285 141 134 115
-0.061537 -0.051972 0.968439 159 155 139
-0.056405 -0.051978 0.968567 149 146 132
-0.051262 -0.051976 0.968536 142 140 125
-0.046108 -0.051960 0.968256 162 160 145
-0.040941 -0.051924 0.967592 171 168 152
-0.035775 -0.051880 0.966776 97 102 91
-0.030679 -0.051938 0.967883 84 88 79
-0.025595 -0.052045 0.969891 80 85 77
-0.020514 -0.052216 0.973083 178 174 162
-0.015417 -0.052445 0.977376 187 182 164
-0.010283 -0.052719 0.982506 184 180 159
0.000148 -0.053016 0.988082 179 174 155
0.005399 -0.053088 0.989436 172 168 148
-0.143027 -0.046550 0.963378 128 126 119
-0.137945 -0.046560 0.963596 80 82 79
-0.132863 -0.046571 0.963831 70 72 70
-0.127816 -0.046595 0.964349 68 71 70
-0.122748 -0.046613 0.964738 81 88 85
-0.117656 -0.046624 0.964973 114 122 116
-0.112583 -0.046643 0.965392 118 126 118
-0.107514 -0.046666 0.965880 119 126 118
-0.102399 -0.046671 0.965988 126 131 122
-0.097248 -0.046659 0.965756 147 147 132
-0.092089 -0.046642 0.965407 173 167 147
-0.086934 -0.046624 0.965059 173 167 147
-0.081792 -0.046612 0.964824 166 161 140
-0.076664 -0.046607 0.964731 166 160 139
-0.071572 -0.046625 0.965114 173 169 149
-0.066454 -0.046628 0.965184 179 173 154
-0.061308 -0.046609 0.964812 176 173 153
-0.056154 -0.046581 0.964249 176 173 153
-0.051011 -0.046558 0.963774 160 159 138
-0.045858 -0.046519 0.962975 121 124 110
-0.040715 -0.046483 0.962242 90 94 85
-0.035641 -0.046525 0.963127 83 88 78
-0.030590 -0.046617 0.965050 78 82 73
-0.025546 -0.046760 0.968030 178 177 162
-0.020493 -0.046953 0.972063 186 182 163
-0.015406 -0.047174 0.976664 184 180 161
-0.010269 -0.047387 0.981086 179 174 155
0.000146 -0.047593 0.985399 176 171 151
0.005383 -0.047647 0.986517 170 166 146
-0.142368 -0.041199 0.958935 182 180 165
-0.137262 -0.041193 0.958817 184 181 166
-0.132182 -0.041195 0.958881 111 111 104
-0.127178 -0.041222 0.959530 77 78 77
-0.122144 -0.041241 0.959991 75 77 75
-0.117064 -0.041246 0.960109 78 81 76
-0.112009 -0.041260 0.960465 103 110 101
-0.106966 -0.041281 0.960956 119 121 113
-0.101894 -0.041291 0.961220 159 155 141
-0.096800 -0.041294 0.961294 186 182 166
-0.091676 -0.041284 0.961072 187 181 162
-0.086543 -0.041268 0.960714 189 182 163
-0.081414 -0.041252 0.960359 191 184 164
-0.076295 -0.041240 0.960090 187 182 162
-0.071213 -0.041247 0.960273 185 181 160
-0.066110 -0.041243 0.960184 182 179 159
-0.060971 -0.041213 0.959506 158 153 135
-0.055842 -0.041186 0.958885 131 124 107
-0.050713 -0.041153 0.958134 126 123 106
-0.045610 -0.041136 0.957753 86 88 85
-0.040560 -0.041170 0.958562 77 81 74
-0.035538 -0.041245 0.960327 120 123 112
-0.030545 -0.041384 0.963598 187 184 167
-0.025524 -0.041536 0.967157 185 181 163
-0.020489 -0.041735 0.971814 179 174 157
-0.015407 -0.041942 0.976662 173 170 151
-0.005063 -0.042138 0.981263 176 172 152
0.000145 -0.042198 0.982691 173 169 149
0.005368 -0.042248 0.983857 169 164 143
-0.202568 -0.035915 0.954813 67 63 65
-0.141769 -0.035910 0.954894 143 141 128
-0.136662 -0.035899 0.954624 128 125 121
-0.131519 -0.035878 0.954069 187 184 173
-0.126510 -0.035893 0.954479 185 182 171
-0.121534 -0.035919 0.955193 135 136 128
-0.116477 -0.035922 0.955290 84 86 77
-0.111440 -0.035932 0.955580 94 93 85
-0.106408 -0.035945 0.955935 148 143 134
-0.101339 -0.035946 0.955983 147 142 125
-0.096256 -0.035942 0.955890 140 136 118
-0.091139 -0.035924 0.955434 140 133 114
-0.086016 -0.035901 0.954852 143 136 116
-0.080920 -0.035888 0.954525 143 136 116
-0.075835 -0.035879 0.954287 139 132 112
-0.070774 -0.035880 0.954341 136 128 108
-0.065672 -0.035860 0.953810 135 126 108
-0.060582 -0.035843 0.953377 142 132 115
-0.055537 -0.035852 0.953634 138 128 112
-0.050516 -0.035880 0.954405 103 99 84
-0.045510 -0.035926 0.955649 128 128 118
-0.040546 -0.036021 0.958207 170 172 154
-0.035618 -0.036180 0.962467 182 182 164
-0.030649 -0.036345 0.966869 181 177 159
-0.025615 -0.036483 0.970566 178 174 155
-0.020526 -0.036593 0.973532 179 174 154
-0.010237 -0.036755 0.977878 171 166 146
-0.005053 -0.036798 0.979065 175 168 148
0.000144 -0.036843 0.980266 173 166 146
0.005354 -0.036886 0.981450 167 160 138
0.021052 -0.037007 0.984733 155 151 130
-0.196567 -0.030654 0.950298 104 101 102
-0.136141 -0.030668 0.950980 152 144 140
-0.131059 -0.030659 0.950731 200 192 185
-0.126033 -0.030663 0.950875 129 124 118
-0.121020 -0.030671 0.951142 175 174 162
-0.115985 -0.030674 0.951254 194 193 176
-0.110982 -0.030686 0.951643 185 181 167
-0.105965 -0.030695 0.951951 157 152 138
-0.100917 -0.030696 0.951991 130 125 109
-0.095862 -0.030695 0.951969 132 128 111
-0.090770 -0.030681 0.951551 132 126 109
-0.085668 -0.030662 0.950983 135 130 111
-0.080584 -0.030647 0.950550 133 125 107
-0.075527 -0.030642 0.950398 128 120 101
-0.070494 -0.030646 0.950552 126 119 99
-0.065444 -0.030643 0.950479 128 121 104
-0.060424 -0.030655 0.950881 159 151 135
-0.055453 -0.030696 0.952172 186 179 163
-0.050522 -0.030770 0.954493 187 182 165
-0.045613 -0.030875 0.957793 179 179 161
-0.040755 -0.031046 0.963130 169 168 149
-0.035825 -0.031203 0.968036 179 177 159
-0.030724 -0.031241 0.969225 179 176 157
-0.025619 -0.031287 0.970705 179 176 157
-0.020504 -0.031344 0.972479 179 174 155
-0.015372 -0.031403 0.974354 179 172 153
-0.010214 -0.031443 0.975608 175 168 149
-0.005040 -0.031474 0.976583 172 164 145
0.000143 -0.031509 0.977696 171 164 142
0.005338 -0.031542 0.978748 165 158 136
-0.130606 -0.025478 0.947436 162 155 141
-0.125596 -0.025481 0.947575 138 132 123
-0.120604 -0.025488 0.947866 122 123 116
-0.115603 -0.025494 0.948112 128 128 114
-0.110627 -0.025506 0.948598 185 181 163
-0.105641 -0.025517 0.949029 188 185 166
-0.100629 -0.025523 0.949269 188 185 166
-0.095600 -0.025525 0.949356 188 185 167
-0.090553 -0.025522 0.949277 186 182 164
-0.085512 -0.025520 0.949243 188 184 167
-0.080460 -0.025515 0.949081 186 182 165
-0.075429 -0.025517 0.949159 187 184 166
-0.070418 -0.025526 0.949515 186 182 164
-0.065416 -0.025540 0.950063 186 182 164
-0.060448 -0.025571 0.951247 185 180 161
-0.055555 -0.025642 0.953916 184 179 161
-0.050688 -0.025740 0.957618 182 177 158
-0.035781 -0.025985 0.966850 178 174 156
-0.030681 -0.026011 0.967850 179 176 156
-0.025571 -0.026038 0.968858 179 174 155
-0.020456 -0.026072 0.970166 179 174 153
-0.015327 -0.026106 0.971455 176 170 149
-0.010182 -0.026132 0.972476 175 167 148
-0.005025 -0.026158 0.973469 170 162 143
0.000142 -0.026188 0.974586 167 160 139
0.005322 -0.026223 0.975943 165 158 137
-0.100346 -0.020380 0.946595 184 180 161
-0.095336 -0.020383 0.946735 184 180 160
-0.090327 -0.020386 0.946897 184 179 159
-0.085316 -0.020388 0.947064 182 177 157
-0.035676 -0.020744 0.963989 173 172 153
-0.030591 -0.020765 0.964988 176 173 155
-0.025493 -0.020783 0.965866 176 173 153
-0.020390 -0.020806 0.966974 173 168 148
-0.015274 -0.020828 0.968044 169 162 141
-0.010146 -0.020848 0.968988 172 164 145
-0.005009 -0.020872 0.970124 172 164 145
0.000141 -0.020902 0.971558 168 161 142
0.005307 -0.020938 0.973278 167 159 139
0.010476 -0.020943 0.973547 163 156 135
-0.025399 -0.015551 0.962303 175 170 151
-0.020314 -0.015568 0.963346 175 169 147
-0.015214 -0.015580 0.964191 173 166 147
-0.010109 -0.015599 0.965389 172 164 145
-0.004990 -0.015615 0.966418 170 162 143
0.000140 -0.015643 0.968233 163 155 136
0.005285 -0.015662 0.969420 160 152 133
-0.187771 -0.010090 0.931667 99 83 79
-0.025304 -0.010357 0.958655 173 169 149
-0.020236 -0.010367 0.959623 173 169 149
-0.015159 -0.010378 0.960689 175 168 148
-0.010069 -0.010386 0.961538 173 166 146
-0.004969 -0.010392 0.962142 172 164 145
0.000138 -0.010405 0.963421 169 161 142
-0.187355 -0.005088 0.929601 143 136 145
-0.181839 -0.005071 0.926630 93 87 91
-0.176934 -0.005071 0.926701 83 78 80
-0.020176 -0.005210 0.956730 173 169 149
-0.015111 -0.005214 0.957583 175 170 150
-0.010030 -0.005214 0.957687 175 168 146
-0.004947 -0.005214 0.957749 171 163 144
-0.187413 -0.000108 0.929884 128 137 149
-0.181659 -0.000107 0.925709 126 129 139
-0.176235 -0.000107 0.923036 109 106 108
-0.171162 -0.000106 0.922096 74 72 71
-0.166357 -0.000105 0.922591 94 94 86
-0.161818 -0.000105 0.924631 179 174 163
-0.020107 -0.000085 0.953448 172 164 145
-0.015058 -0.000084 0.954189 170 162 143
-0.009987 -0.000084 0.953543 170 163 141
-0.004916 -0.000083 0.951698 169 161 142
-0.176320 0.004840 0.923476 123 126 139
-0.170900 0.004826 0.920681 126 126 130
-0.165593 0.004814 0.918349 75 75 70
-0.160656 0.004813 0.917991 81 83 81
-0.156092 0.004823 0.919809 145 145 133
-0.151548 0.004835 0.921861 181 177 161
-0.146801 0.004841 0.922775 186 180 166
-0.020003 0.004996 0.948494 169 161 142
-0.014961 0.004994 0.947972 170 162 143
-0.009909 0.004984 0.946017 169 161 142
-0.004875 0.004971 0.943484 162 154 135
-0.171063 0.009768 0.921556 139 139 148
-0.165660 0.009738 0.918717 136 131 141
-0.160382 0.009714 0.916423 114 111 113
-0.155276 0.009699 0.914996 80 80 78
-0.150377 0.009697 0.914734 122 112 110
-0.145772 0.009715 0.916304 182 174 165
-0.141288 0.009742 0.918772 237 234 229
-0.024851 0.010000 0.941372 169 161 142
-0.019790 0.009968 0.938337 169 161 141
-0.014774 0.009945 0.936093 164 154 136
-0.009797 0.009936 0.935213 157 145 123
-0.004827 0.009924 0.934044 128 109 93
-0.171471 0.014740 0.923752 134 126 134
-0.166065 0.014696 0.920958 153 138 146
-0.160702 0.014653 0.918244 142 123 132
-0.155405 0.014613 0.915751 154 131 132
-0.150207 0.014581 0.913694 139 107 103
-0.145087 0.014554 0.911994 105 92 88
-0.140213 0.014551 0.911778 137 130 127
-0.135628 0.014580 0.913490 232 232 231
-0.131093 0.014615 0.915679 251 253 252
-0.126515 0.014649 0.917724 254 253 254
-0.121790 0.014667 0.918823 254 255 253
-0.029547 0.014890 0.931885 154 145 125
-0.024451 0.014799 0.926187 128 113 97
-0.019521 0.014789 0.925519 122 103 86
-0.014621 0.014803 0.926316 117 93 75
-0.009730 0.014842 0.928741 119 93 70
-0.004797 0.014834 0.928177 146 114 89
-0.166698 0.019705 0.924469 134 111 108
-0.161232 0.019637 0.921269 176 132 131
-0.155885 0.019580 0.918572 179 126 125
-0.150618 0.019529 0.916190 181 126 123
-0.145303 0.019469 0.913349 172 124 118
-0.140075 0.019417 0.910877 150 124 117
-0.135037 0.019388 0.909501 121 112 104
-0.130134 0.019377 0.908969 132 124 124
-0.125378 0.019388 0.909469 196 193 196
-0.120689 0.019411 0.910511 235 233 235
-0.116087 0.019451 0.912319 245 242 244
-0.111445 0.019487 0.913958 245 243 244
-0.097267 0.019564 0.917492 182 174 156
-0.092474 0.019581 0.918251 181 173 154
-0.087695 0.019603 0.919245 179 172 153
-0.082905 0.019625 0.920234 176 169 150
-0.053821 0.019711 0.924032 178 169 148
-0.043939 0.019679 0.922505 173 159 139
-0.038956 0.019636 0.920455 139 116 100
-0.034038 0.019618 0.919567 123 96 84
-0.029158 0.019619 0.919597 126 102 90
-0.024302 0.019640 0.920553 116 85 72
-0.019455 0.019680 0.922395 139 108 86
-0.014590 0.019723 0.924337 155 130 96
-0.009706 0.019768 0.926421 153 134 94
-0.004801 0.019819 0.928753 145 126 92
-0.161952 0.024682 0.925381 160 129 124
-0.156547 0.024605 0.922469 157 115 108
-0.151233 0.024538 0.919926 181 129 126
-0.145909 0.024464 0.917156 186 133 129
-0.140625 0.024392 0.914444 185 131 122
-0.135426 0.024330 0.912117 182 133 126
-0.130247 0.024268 0.909755 168 130 119
-0.125235 0.024233 0.908425 158 132 123
-0.120368 0.024224 0.908083 136 115 110
-0.115552 0.024225 0.908109 121 107 101
-0.110761 0.024232 0.908343 122 111 107
-0.106010 0.024249 0.908943 141 126 121
-0.101272 0.024271 0.909725 172 166 151
-0.096519 0.024291 0.910437 184 174 158
-0.091756 0.024309 0.911118 187 178 160
-0.087000 0.024332 0.911951 193 185 166
-0.082236 0.024356 0.912797 188 179 162
-0.077388 0.024356 0.912763 187 177 161
-0.072542 0.024356 0.912740 182 173 157
-0.067725 0.024366 0.913117 176 166 148
-0.062880 0.024368 0.913143 154 139 119
-0.057999 0.024354 0.912589 139 119 99
-0.053149 0.024352 0.912491 139 105 88
-0.048340 0.024369 0.913127 142 98 84
-0.043524 0.024387 0.913774 139 88 77
-0.038724 0.024419 0.914947 135 77 70
-0.033928 0.024464 0.916578 151 92 86
-0.029120 0.024512 0.918364 171 111 101
-0.024316 0.024585 0.921031 171 116 101
-0.019496 0.024672 0.924282 175 143 108
-0.014632 0.024744 0.926932 150 129 92
-0.009754 0.024852 0.930929 134 117 82
-0.004813 0.024853 0.930946 96 88 66
-0.151726 0.029562 0.922925 171 144 135
-0.146518 0.029500 0.920977 159 126 117
-0.141287 0.029429 0.918748 179 131 121
-0.136103 0.029363 0.916673 188 135 128
-0.130908 0.029290 0.914371 175 120 112
-0.125792 0.029229 0.912461 192 136 129
-0.120752 0.029182 0.910972 189 135 127
-0.115764 0.029144 0.909768 182 130 123
-0.110842 0.029120 0.909006 176 125 118
-0.105970 0.029108 0.908601 163 123 122
-0.101102 0.029095 0.908186 157 123 119
-0.096241 0.029083 0.907808 136 108 103
-0.091441 0.029090 0.907985 124 101 97
-0.086640 0.029096 0.908170 117 96 92
-0.081790 0.029087 0.907844 111 94 90
-0.076961 0.029083 0.907715 108 94 91
-0.072165 0.029093 0.907992 109 94 90
-0.067386 0.029111 0.908535 116 96 92
-0.062612 0.029134 0.909230 142 110 94
-0.057844 0.029164 0.910142 142 107 93
-0.053071 0.029196 0.911126 154 107 98
-0.048315 0.029246 0.912643 160 104 96
-0.043563 0.029309 0.914585 166 105 96
-0.038797 0.029376 0.916667 166 103 94
-0.034022 0.029455 0.919102 169 105 97
-0.029226 0.029540 0.921701 172 110 101
-0.024407 0.029629 0.924457 165 109 95
-0.019576 0.029745 0.928038 147 113 93
-0.014696 0.029840 0.930972 105 88 72
-0.126208 0.034230 0.915471 179 130 120
-0.121143 0.034173 0.913916 182 135 125
-0.116136 0.034127 0.912694 182 137 130
-0.111135 0.034079 0.911400 163 133 135
-0.106221 0.034056 0.910748 147 126 127
-0.101358 0.034046 0.910478 147 126 129
-0.096466 0.034026 0.909917 149 125 130
-0.091626 0.034023 0.909815 154 129 129
-0.086790 0.034020 0.909738 153 128 130
-0.081920 0.034004 0.909276 157 130 130
-0.077087 0.034002 0.909202 158 126 127
-0.072286 0.034014 0.909512 155 120 119
-0.067501 0.034036 0.910080 164 120 117
-0.062713 0.034060 0.910697 171 115 107
-0.057965 0.034111 0.912037 173 111 106
-0.053212 0.034168 0.913548 172 109 103
-0.048446 0.034227 0.915103 173 110 101
-0.043692 0.034309 0.917262 173 110 102
-0.038930 0.034404 0.919792 160 102 96
-0.034155 0.034513 0.922675 152 99 94
-0.029370 0.034647 0.926226 125 87 80
-0.024541 0.034772 0.929528 118 83 75
-0.019646 0.034842 0.931364 166 121 115
-0.111475 0.039082 0.914189 150 138 136
-0.106534 0.039049 0.913421 135 126 127
-0.101653 0.039038 0.913130 132 123 128
-0.096750 0.039015 0.912588 134 124 130
-0.091883 0.039006 0.912363 123 116 120
-0.087033 0.039003 0.912286 133 125 132
-0.082164 0.038991 0.911986 142 136 144
-0.077342 0.039001 0.912193 138 131 139
-0.072536 0.039021 0.912644 136 123 128
-0.067738 0.039048 0.913270 136 118 122
-0.062943 0.039081 0.914016 144 112 111
-0.058170 0.039135 0.915249 146 109 109
-0.053394 0.039195 0.916654 152 107 100
-0.048614 0.039265 0.918267 148 102 96
-0.043854 0.039368 0.920649 126 90 81
-0.039121 0.039525 0.924285 144 99 94
-0.034330 0.039659 0.927388 169 119 113
-0.068066 0.044153 0.917674 135 125 127
-0.063263 0.044201 0.918656 144 132 133
-0.058497 0.044286 0.920390 157 143 145
-0.192262 -0.060454 0.957246 91 90 92
-0.180639 -0.056139 0.957862 109 113 110
-0.184724 -0.058753 0.959775 104 107 106
-0.188136 -0.062108 0.961490 99 100 101
-0.054258 0.013562 0.905532 56 57 64
-0.158273 -0.049700 0.953881 157 150 147
-0.162687 -0.051901 0.955887 143 140 137
-0.166688 -0.054581 0.957770 133 135 133
-0.170614 -0.057341 0.959630 120 123 121
-0.174597 -0.060030 0.961507 115 118 116
-0.178624 -0.062664 0.963396 109 112 110
-0.182195 -0.065798 0.965148 100 103 103
-0.186111 -0.068540 0.967002 89 93 93
-0.189864 -0.071451 0.968806 83 87 89
-0.045461 0.012642 0.907739 57 57 64
-0.054755 0.009059 0.911870 68 71 74
-0.058693 0.006192 0.913742 68 72 75
-0.093111 -0.020562 0.930255 123 121 117
-0.132128 -0.048266 0.948738 254 255 255
-0.136436 -0.050500 0.950705 254 255 255
-0.140881 -0.052569 0.952713 254 255 255
-0.145601 -0.054316 0.954805 254 253 255
-0.150600 -0.055746 0.956983 253 253 254
-0.155423 -0.057399 0.959108 233 230 231
-0.160615 -0.058639 0.961348 193 187 186
-0.165014 -0.060810 0.963346 126 121 119
-0.168847 -0.063627 0.965171 114 116 114
-0.172829 -0.066269 0.967040 107 110 108
-0.176654 -0.069079 0.968861 102 106 106
-0.180583 -0.071767 0.970713 91 95 96
-0.184383 -0.074590 0.972524 80 85 87
-0.189000 -0.076519 0.974590 77 81 84
-0.192269 -0.079902 0.976235 77 79 83
-0.195179 -0.083650 0.977764 71 75 80
-0.198345 -0.087101 0.979372 57 64 68
-0.037037 0.012170 0.910001 58 57 63
-0.045964 0.008127 0.914029 71 73 77
-0.049910 0.005311 0.915896 68 71 74
-0.076716 -0.015291 0.928707 98 100 96
-0.080363 -0.018441 0.930480 126 114 108
-0.083791 -0.021875 0.932186 168 153 137
-0.086889 -0.025738 0.933792 193 193 179
-0.090247 -0.029219 0.935473 199 198 188
-0.113428 -0.045789 0.946446 248 249 250
-0.117667 -0.048049 0.948388 250 250 250
-0.121876 -0.050349 0.950320 251 251 252
-0.126270 -0.052420 0.952309 253 253 254
-0.130584 -0.054595 0.954274 254 253 255
-0.134933 -0.056731 0.956250 254 253 255
-0.139329 -0.058813 0.958242 254 253 255
-0.143970 -0.060611 0.960310 254 253 255
-0.148477 -0.062576 0.962336 254 255 255
-0.153214 -0.064281 0.964436 254 253 255
-0.158018 -0.065921 0.966558 250 249 249
-0.163021 -0.067347 0.968744 202 195 193
-0.167424 -0.069468 0.970742 109 105 103
-0.171178 -0.072321 0.972533 93 97 97
-0.174834 -0.075272 0.974292 84 89 90
-0.178999 -0.077654 0.976213 80 85 87
-0.183219 -0.079975 0.978152 77 80 83
-0.187121 -0.082639 0.979988 71 74 77
-0.190513 -0.085841 0.981660 65 70 72
-0.193537 -0.089417 0.983211 56 62 67
-0.197242 -0.092256 0.984981 57 62 69
-0.201661 -0.094345 0.986982 60 65 71
-0.032668 0.008968 0.914114 64 66 70
-0.037305 0.007268 0.916177 73 74 78
-0.041316 0.004590 0.918057 71 72 75
-0.045013 0.001443 0.919844 71 73 76
-0.048516 -0.001978 0.921573 75 79 82
-0.067441 -0.016749 0.930616 134 132 123
-0.071163 -0.019754 0.932402 143 122 113
-0.074448 -0.023358 0.934054 176 166 154
-0.077931 -0.026660 0.935765 188 186 173
-0.081155 -0.030297 0.937395 188 185 172
-0.084610 -0.033595 0.939094 186 182 170
-0.087964 -0.037009 0.940760 187 185 174
-0.091589 -0.040041 0.942508 223 219 213
-0.095565 -0.042598 0.944364 209 211 210
-0.099333 -0.045421 0.946155 200 203 205
-0.103330 -0.047938 0.948017 193 198 200
-0.107650 -0.050039 0.949980 189 195 196
-0.111703 -0.052483 0.951859 187 190 193
-0.116497 -0.053997 0.953972 181 182 184
-0.120752 -0.056195 0.955916 176 178 179
-0.125117 -0.058259 0.957895 170 170 172
-0.129613 -0.060170 0.959915 164 161 165
-0.134117 -0.062079 0.961939 189 186 191
-0.138799 -0.063785 0.964021 237 236 240
-0.142688 -0.066437 0.965849 254 253 255
-0.147034 -0.068549 0.967823 254 253 255
-0.151626 -0.070381 0.969878 254 255 255
-0.155837 -0.072659 0.971809 254 255 255
-0.160719 -0.074176 0.973959 246 245 244
-0.165477 -0.075849 0.976070 157 147 147
-0.169551 -0.078295 0.977958 83 89 89
-0.173611 -0.080754 0.979841 77 81 84
-0.177815 -0.083053 0.981772 75 80 83
-0.181971 -0.085405 0.983686 70 74 77
-0.185375 -0.088563 0.985353 62 69 71
-0.188856 -0.091625 0.987043 60 65 70
-0.192293 -0.094718 0.988718 60 63 69
-0.196120 -0.097390 0.990522 57 60 65
-0.199830 -0.100178 0.992286 60 61 68
-0.023626 0.007311 0.916099 60 57 65
-0.027840 0.005006 0.918034 68 69 73
-0.032337 0.003145 0.920055 70 71 75
-0.036339 0.000507 0.921926 68 70 72
-0.039817 -0.002923 0.923637 74 77 79
-0.043197 -0.006478 0.925317 80 83 86
-0.050503 -0.012705 0.928839 106 110 108
-0.054525 -0.015255 0.930712 153 153 144
-0.058275 -0.018192 0.932501 193 193 174
-0.062137 -0.020958 0.934323 145 132 113
-0.065593 -0.024289 0.936018 170 161 144
-0.068979 -0.027698 0.937689 184 181 168
-0.072275 -0.031210 0.939330 186 182 170
-0.075665 -0.034567 0.941000 185 180 167
-0.079132 -0.037799 0.942692 196 190 179
-0.082342 -0.041359 0.944300 219 206 195
-0.086073 -0.044199 0.946074 222 209 200
-0.089875 -0.046935 0.947869 207 201 195
-0.093482 -0.049916 0.949600 191 193 190
-0.097104 -0.052865 0.951336 186 190 188
-0.097212 -0.075139 0.953045 225 227 222
-0.100503 -0.078317 0.954659 232 233 228
-0.101628 -0.084142 0.955565 232 233 227
-0.106663 -0.085132 0.957746 211 211 208
-0.119654 -0.076544 0.962540 151 151 149
-0.130629 -0.070577 0.966686 118 120 124
-0.136326 -0.071014 0.969102 136 137 144
-0.141123 -0.072544 0.971223 205 201 209
-0.145627 -0.074428 0.973249 254 253 254
-0.150154 -0.076295 0.975282 254 253 254
-0.154572 -0.078293 0.977280 254 253 255
-0.158907 -0.080391 0.979250 253 253 255
-0.163991 -0.081656 0.981472 176 181 176
-0.168725 -0.083329 0.983578 87 91 91
-0.172761 -0.085779 0.985449 73 79 81
-0.176448 -0.088607 0.987203 71 77 79
-0.180128 -0.091431 0.988954 61 68 70
-0.183762 -0.094296 0.990688 62 68 73
-0.187278 -0.097275 0.992382 62 66 71
-0.190905 -0.100125 0.994112 61 64 69
-0.194759 -0.102731 0.995919 61 62 68
-0.198986 -0.104948 0.997853 60 61 65
-0.014386 0.005176 0.917965 61 67 71
-0.018875 0.003373 0.919981 63 65 71
-0.023659 0.002026 0.922090 73 74 78
-0.027627 -0.000620 0.923946 77 79 81
-0.031542 -0.003343 0.925784 83 85 86
-0.034804 -0.007057 0.927417 97 99 97
-0.038121 -0.010658 0.929065 138 138 132
-0.041717 -0.013814 0.930799 166 165 153
-0.045414 -0.016801 0.932565 166 163 150
-0.049258 -0.019559 0.934376 218 216 199
-0.052954 -0.022524 0.936139 175 170 156
-0.056618 -0.025520 0.937891 150 135 118
-0.060081 -0.028787 0.939577 173 173 158
-0.063467 -0.032145 0.941237 178 176 161
-0.066953 -0.035341 0.942928 182 178 165
-0.070521 -0.038404 0.944645 187 179 166
-0.074104 -0.041432 0.946365 187 176 165
-0.077546 -0.044637 0.948038 205 186 174
-0.080919 -0.047915 0.949687 217 195 183
-0.084246 -0.051234 0.951319 220 203 191
-0.087987 -0.053990 0.953087 214 203 191
-0.091186 -0.057440 0.954675 196 193 188
-0.082928 -0.075596 0.952461 208 211 205
-0.080093 -0.086535 0.952029 243 247 240
-0.083543 -0.089381 0.953680 245 245 238
-0.087754 -0.091266 0.955585 247 249 242
-0.092236 -0.092821 0.957581 247 249 242
-0.096915 -0.094148 0.959644 247 249 242
-0.102144 -0.094825 0.961894 246 249 242
-0.112715 -0.089122 0.965950 227 229 225
-0.127238 -0.078876 0.971353 111 117 115
-0.134711 -0.077168 0.974382 111 115 117
-0.139928 -0.078165 0.976649 122 124 131
-0.144480 -0.079955 0.978691 202 203 208
-0.148832 -0.081984 0.980666 252 255 255
-0.153141 -0.084067 0.982625 250 251 250
-0.157749 -0.085817 0.984689 234 237 232
-0.162674 -0.087227 0.986861 193 195 186
-0.167388 -0.088886 0.988962 83 88 90
-0.171167 -0.091576 0.990741 73 79 81
-0.174717 -0.094505 0.992441 60 66 68
-0.178350 -0.097336 0.994168 62 69 73
-0.182220 -0.099905 0.995977 64 70 72
-0.185531 -0.103055 0.997591 65 69 72
-0.189264 -0.105752 0.999351 62 64 68
-0.192723 -0.108724 1.001015 64 64 68
-0.197068 -0.110777 1.002989 74 73 74
-0.010477 0.002505 0.922051 71 74 76
-0.015080 0.000929 0.924105 75 76 78
-0.019251 -0.001351 0.926021 99 99 95
-0.023026 -0.004257 0.927809 147 143 133
-0.026731 -0.007257 0.929574 165 162 148
-0.033704 -0.013879 0.932959 167 165 149
-0.037108 -0.017283 0.934622 146 145 133
-0.040425 -0.020793 0.936255 206 203 186
-0.044083 -0.023774 0.937999 194 195 175
-0.047690 -0.026817 0.939725 130 120 109
-0.051361 -0.029750 0.941471 181 174 162
-0.054906 -0.032850 0.943175 170 169 155
-0.058453 -0.035932 0.944878 173 168 154
-0.062100 -0.038857 0.946613 175 168 156
-0.065703 -0.041830 0.948333 166 152 141
-0.069148 -0.045005 0.949999 179 160 149
-0.072397 -0.048429 0.951598 194 171 158
-0.075582 -0.051915 0.953174 205 180 166
-0.078720 -0.055440 0.954732 217 197 182
-0.081935 -0.058839 0.956315 220 209 198
-0.079165 -0.070019 0.955862 209 203 196
-0.072015 -0.086674 0.953906 238 239 231
-0.074595 -0.090608 0.955254 240 243 236
-0.078700 -0.092578 0.957122 241 245 238
-0.082728 -0.094649 0.958964 243 245 240
-0.086905 -0.096538 0.960857 245 247 241
-0.091314 -0.098147 0.962831 243 245 238
-0.095476 -0.100068 0.964720 245 245 238
-0.100071 -0.101474 0.966759 243 243 238
-0.110115 -0.096394 0.970690 236 239 235
-0.129820 -0.080037 0.977989 110 114 114
-0.134954 -0.081091 0.980234 99 106 110
-0.139439 -0.082920 0.982254 94 102 105
-0.143647 -0.085075 0.984177 121 129 131
-0.147747 -0.087355 0.986063 245 249 248
-0.152073 -0.089382 0.988028 228 232 228
-0.156658 -0.091124 0.990085 215 219 208
-0.161385 -0.092719 0.992193 187 189 180
-0.165982 -0.094470 0.994255 84 89 90
-0.169602 -0.097291 0.995972 65 71 72
-0.173051 -0.100285 0.997628 62 69 71
-0.176618 -0.103141 0.999325 62 69 71
-0.180359 -0.105803 1.001083 64 68 71
-0.183990 -0.108573 1.002802 64 67 69
-0.187417 -0.111544 1.004447 65 66 69
-0.191059 -0.114283 1.006169 119 119 113
-0.196598 -0.115086 1.008569 60 56 59
-0.002360 0.001971 0.924165 71 66 65
-0.006332 -0.000583 0.926013 77 80 82
-0.011036 -0.001949 0.928102 121 120 111
-0.015211 -0.004181 0.930017 176 168 151
-0.029562 -0.016715 0.936889 178 176 159
-0.032864 -0.020238 0.938508 149 148 134
-0.035837 -0.024226 0.940015 211 208 191
-0.039228 -0.027561 0.941661 192 190 172
-0.042689 -0.030770 0.943329 128 116 103
-0.046395 -0.033604 0.945080 107 110 103
-0.050116 -0.036405 0.946835 84 93 94
-0.053788 -0.039265 0.948573 131 129 120
-0.057451 -0.042125 0.950307 150 136 123
-0.061041 -0.045075 0.952015 154 135 124
-0.064309 -0.048455 0.953611 168 148 136
-0.067313 -0.052172 0.955115 186 161 148
-0.070275 -0.055917 0.956602 195 174 158
-0.072549 -0.060551 0.957849 211 195 181
-0.073102 -0.067413 0.958493 226 220 210
-0.068362 -0.081112 0.957286 195 190 182
-0.066720 -0.090568 0.957148 234 236 228
-0.069666 -0.093991 0.958609 238 242 235
-0.073504 -0.096257 0.960382 238 242 235
-0.077533 -0.098280 0.962223 237 240 234
-0.081580 -0.100285 0.964069 240 242 236
-0.085391 -0.102584 0.965833 239 242 235
-0.089476 -0.104546 0.967694 237 240 234
-0.094153 -0.105797 0.969764 237 240 234
-0.099079 -0.106767 0.971925 238 242 235
-0.115630 -0.093970 0.978228 204 206 202
-0.129971 -0.084058 0.983759 105 111 116
-0.134495 -0.085801 0.985794 93 100 105
-0.138756 -0.087858 0.987736 93 102 105
-0.142709 -0.090270 0.989567 103 112 113
-0.146791 -0.092535 0.991444 231 236 231
-0.151169 -0.094467 0.993428 217 219 209
-0.155782 -0.096147 0.995497 206 206 195
-0.160430 -0.097797 0.997579 173 176 167
-0.164407 -0.100192 0.999419 74 77 79
-0.167938 -0.103064 1.001098 61 68 69
-0.171433 -0.105963 1.002762 62 68 71
-0.175250 -0.108511 1.004543 63 67 70
-0.179031 -0.111091 1.006311 63 66 67
-0.182039 -0.114469 1.007796 83 85 82
-0.186205 -0.116635 1.009703 103 101 94
-0.191553 -0.117596 1.012043 50 48 52
-0.198173 -0.117296 1.014851 52 46 53
0.001428 -0.000607 0.928199 80 76 75
-0.002837 -0.002643 0.930142 100 100 98
-0.007160 -0.004589 0.932106 169 163 146
-0.025648 -0.019235 0.940848 179 174 156
-0.028700 -0.023105 0.942370 182 179 166
-0.031213 -0.027753 0.943703 196 192 177
-0.034578 -0.031081 0.945330 193 190 173
-0.038173 -0.034050 0.947037 138 125 116
-0.041967 -0.036714 0.948812 73 77 76
-0.045646 -0.039534 0.950547 74 81 82
-0.049389 -0.042253 0.952303 151 151 145
-0.053036 -0.045098 0.954025 147 130 118
-0.056550 -0.048117 0.955700 163 139 126
-0.059682 -0.051649 0.957238 173 149 136
-0.062449 -0.055653 0.958645 182 157 144
-0.064866 -0.060099 0.959925 185 165 149
-0.065627 -0.066719 0.960613 222 219 210
-0.066099 -0.073637 0.961193 217 216 207
-0.063128 -0.084984 0.960535 182 181 171
-0.062584 -0.092992 0.960738 212 213 204
-0.064848 -0.097267 0.961943 236 237 230
-0.068281 -0.100007 0.963568 236 239 231
-0.072193 -0.102132 0.965364 235 239 232
-0.076317 -0.103992 0.967238 236 239 232
-0.080465 -0.105830 0.969120 235 239 232
-0.084570 -0.107725 0.970987 235 239 232
-0.089263 -0.108913 0.973068 234 237 231
-0.094292 -0.109714 0.975273 235 239 232
-0.100291 -0.109387 0.977833 212 216 210
-0.121446 -0.091233 0.985933 87 95 96
-0.129203 -0.089119 0.989151 92 99 104
-0.133498 -0.091096 0.991104 91 102 105
-0.137476 -0.093440 0.992941 80 91 92
-0.141484 -0.095749 0.994789 103 111 109
-0.145774 -0.097739 0.996741 224 225 217
-0.150314 -0.099457 0.998786 211 211 200
-0.155006 -0.101017 1.000887 205 206 192
-0.159147 -0.103192 1.002784 118 120 111
-0.162843 -0.105851 1.004518 64 71 75
-0.166326 -0.108732 1.006171 62 69 71
-0.169957 -0.111443 1.007879 70 76 76
-0.173815 -0.113907 1.009671 70 73 73
-0.177020 -0.117049 1.011219 114 116 111
-0.181715 -0.118634 1.013323 48 49 50
-0.187110 -0.119515 1.015689 48 46 49
-0.192744 -0.120180 1.018146 50 46 50
-0.198802 -0.120446 1.020764 52 46 48
0.007887 0.001456 0.930799 108 84 73
0.005637 -0.003921 0.932038 104 88 82
0.000676 -0.004759 0.934225 144 137 122
-0.003701 -0.006582 0.936208 160 152 132
-0.021808 -0.021671 0.944786 194 190 170
-0.024570 -0.025955 0.946192 130 128 122
-0.026712 -0.031132 0.947375 184 179 167
-0.029872 -0.034725 0.948919 191 190 173
-0.033441 -0.037687 0.950609 150 139 129
-0.037364 -0.040114 0.952426 63 68 70
-0.041173 -0.042704 0.954201 64 71 73
-0.044932 -0.045359 0.955958 155 148 142
-0.048498 -0.048280 0.957645 143 123 113
-0.051845 -0.051493 0.959251 158 138 125
-0.054889 -0.055107 0.960747 165 145 132
-0.057523 -0.059258 0.962091 169 147 134
-0.059196 -0.064677 0.963082 205 197 183
-0.059783 -0.071495 0.963673 217 217 208
-0.061369 -0.076887 0.964626 213 214 206
-0.061162 -0.084582 0.964917 189 190 180
-0.058955 -0.094781 0.964467 193 192 183
-0.060859 -0.099504 0.965524 211 214 205
-0.063774 -0.102878 0.966952 234 237 229
-0.067422 -0.105300 0.968649 233 236 230
-0.071501 -0.107176 0.970506 233 236 230
-0.075630 -0.108994 0.972382 233 236 230
-0.079753 -0.110827 0.974256 233 236 229
-0.084516 -0.111885 0.976368 232 236 227
-0.089635 -0.112536 0.978614 230 232 226
-0.095895 -0.111851 0.981288 204 206 200
-0.111600 -0.100037 0.987495 200 205 201
-0.123527 -0.092923 0.992302 88 93 94
-0.127995 -0.094651 0.994320 83 90 93
-0.132263 -0.096619 0.996263 81 91 92
-0.136262 -0.098898 0.998106 87 93 93
-0.140432 -0.100984 1.000012 158 160 155
-0.144890 -0.102752 1.002027 211 211 201
-0.149644 -0.104200 1.004155 204 203 190
-0.153950 -0.106155 1.006114 192 190 178
-0.157829 -0.108581 1.007912 71 76 80
-0.161399 -0.111335 1.009592 67 73 73
-0.164898 -0.114156 1.011245 60 67 67
-0.168551 -0.116802 1.012956 62 65 65
-0.171845 -0.119819 1.014529 111 112 105
-0.177074 -0.120813 1.016840 49 52 54
-0.182372 -0.121760 1.019178 50 48 51
-0.186931 -0.123483 1.021235 54 50 54
-0.192161 -0.124539 1.023549 53 49 53
-0.198743 -0.124266 1.026382 58 48 50
0.012716 -0.002980 0.934382 108 84 71
0.009741 -0.007096 0.935860 116 96 84
0.004529 -0.007467 0.938145 187 176 159
0.000250 -0.009407 0.940094 175 166 145
-0.020894 -0.028141 0.950130 164 160 150
-0.022555 -0.034027 0.951114 110 111 108
-0.025523 -0.037874 0.952577 193 189 174
-0.029016 -0.040908 0.954232 146 136 123
-0.032836 -0.043443 0.956008 62 68 70
-0.036690 -0.045925 0.957796 65 69 72
-0.040479 -0.048495 0.959559 149 141 132
-0.044034 -0.051390 0.961235 158 136 125
-0.047278 -0.054710 0.962795 157 137 124
-0.050309 -0.058306 0.964274 143 126 118
-0.052842 -0.062561 0.965566 132 122 115
-0.054107 -0.068508 0.966380 219 216 207
-0.055596 -0.074075 0.967276 213 216 206
-0.057834 -0.078572 0.968450 200 198 190
-0.058495 -0.085115 0.969028 168 166 155
-0.056238 -0.095398 0.968502 160 156 144
-0.057883 -0.100450 0.969442 186 186 174
-0.060132 -0.104668 0.970609 199 200 188
-0.063525 -0.107389 0.972207 214 217 210
-0.067378 -0.109519 0.973978 230 234 227
-0.071386 -0.111454 0.975809 232 236 229
-0.075705 -0.113011 0.977758 228 232 225
-0.080615 -0.113855 0.979933 219 222 216
-0.086375 -0.113695 0.982433 201 205 198
-0.092914 -0.112643 0.985233 188 192 184
-0.104615 -0.105517 0.990011 222 225 218
-0.116429 -0.098437 0.994839 125 130 127
-0.122961 -0.097694 0.997649 88 95 95
-0.127305 -0.099535 0.999622 83 91 91
-0.131399 -0.101670 1.001499 80 86 86
-0.135440 -0.103865 1.003356 90 94 94
-0.139713 -0.105803 1.005302 220 221 210
-0.144291 -0.107406 1.007366 196 195 180
-0.148614 -0.109301 1.009332 192 189 175
-0.152750 -0.111408 1.011226 129 130 121
-0.156402 -0.114040 1.012933 68 72 69
-0.159975 -0.116750 1.014608 77 79 78
-0.163583 -0.119413 1.016297 68 69 67
-0.167159 -0.122103 1.017973 71 71 68
-0.172277 -0.123179 1.020249 50 52 54
-0.177121 -0.124559 1.022419 60 59 61
-0.181848 -0.126073 1.024544 61 60 62
-0.186280 -0.127900 1.026554 60 57 60
-0.191279 -0.129166 1.028786 53 50 51
0.016855 -0.006293 0.938150 106 80 70
0.013491 -0.009714 0.939758 121 102 90
0.008688 -0.010715 0.941902 171 160 139
-0.018648 -0.036576 0.954896 106 104 103
-0.021309 -0.040854 0.956231 192 187 172
-0.024708 -0.043989 0.957844 167 159 143
-0.028482 -0.046553 0.959598 71 74 70
-0.032296 -0.049050 0.961367 63 70 72
-0.036164 -0.051464 0.963157 133 129 123
-0.039748 -0.054280 0.964838 154 137 129
-0.042966 -0.057603 0.966379 122 116 110
-0.045974 -0.061197 0.967838 141 140 138
-0.048664 -0.065203 0.969174 124 121 119
-0.050445 -0.070420 0.970160 192 190 184
-0.052280 -0.075503 0.971164 212 214 204
-0.054567 -0.079920 0.972340 185 182 173
-0.055932 -0.085520 0.973158 166 164 153
-0.055937 -0.092842 0.973449 160 158 147
-0.056213 -0.099709 0.973840 153 149 138
-0.057680 -0.104944 0.974689 160 159 147
-0.060399 -0.108516 0.976021 178 178 168
-0.064048 -0.110884 0.977712 189 193 184
-0.068139 -0.112693 0.979576 192 195 187
-0.072746 -0.113868 0.981641 191 193 187
-0.078041 -0.114217 0.983974 185 186 180
-0.084409 -0.113294 0.986728 176 177 168
-0.092415 -0.110458 0.990124 220 221 213
-0.100439 -0.107696 0.993531 217 220 211
-0.109102 -0.104273 0.997192 202 208 198
-0.117524 -0.101241 1.000762 108 115 112
-0.122166 -0.102691 1.002853 93 99 97
-0.126409 -0.104615 1.004788 81 88 88
-0.130424 -0.106803 1.006633 83 87 87
-0.134583 -0.108831 1.008535 179 180 171
-0.138970 -0.110607 1.010527 204 201 187
-0.143283 -0.112474 1.012490 191 190 173
-0.147482 -0.114473 1.014409 189 185 170
-0.151310 -0.116877 1.016181 68 70 69
-0.154930 -0.119503 1.017870 64 69 68
-0.158525 -0.122147 1.019549 77 77 73
-0.162448 -0.124438 1.021358 52 54 55
-0.167205 -0.125857 1.023498 48 50 54
-0.171872 -0.127383 1.025603 55 55 57
-0.176398 -0.129066 1.027652 54 54 56
-0.180924 -0.130760 1.029702 55 55 57
0.020881 -0.009450 0.941905 101 77 66
0.017438 -0.012698 0.943534 118 98 85
0.012543 -0.013496 0.945720 134 122 106
-0.015228 -0.038408 0.958821 163 162 149
-0.017515 -0.043233 0.959995 189 187 171
-0.020538 -0.046900 0.961454 187 184 167
-0.024084 -0.049762 0.963116 110 110 99
-0.027902 -0.052212 0.964883 64 71 73
-0.031818 -0.054513 0.966689 83 87 86
-0.035500 -0.057150 0.968403 131 125 126
-0.038891 -0.060191 0.970002 136 136 136
-0.041917 -0.063728 0.971458 141 144 145
-0.044755 -0.067501 0.972839 139 141 142
-0.047247 -0.071718 0.974083 125 128 126
-0.049224 -0.076597 0.975122 219 221 213
-0.051325 -0.081252 0.976208 186 184 173
-0.053473 -0.085797 0.977311 169 167 156
-0.055159 -0.090905 0.978230 160 159 148
-0.056552 -0.096339 0.979030 153 150 142
-0.058056 -0.101562 0.979873 147 144 136
-0.059947 -0.106227 0.980867 138 137 128
-0.062859 -0.109546 0.982265 131 131 120
-0.066785 -0.111567 0.984065 126 128 118
-0.071532 -0.112565 0.986193 148 149 140
-0.077155 -0.112506 0.988670 162 163 154
-0.083754 -0.111296 0.991538 178 180 171
-0.090655 -0.109787 0.994529 212 216 207
-0.097079 -0.108920 0.997332 215 219 210
-0.103860 -0.107689 1.000280 206 209 201
-0.112074 -0.104839 1.003804 156 154 143
-0.117292 -0.105572 1.006131 121 123 115
-0.121727 -0.107236 1.008143 97 100 100
-0.125775 -0.109354 1.010001 83 91 90
-0.129802 -0.111496 1.011850 139 139 131
-0.133959 -0.113494 1.013752 213 209 197
-0.138137 -0.115473 1.015662 196 193 177
-0.142306 -0.117467 1.017568 179 176 163
-0.146167 -0.119799 1.019351 71 74 72
-0.149772 -0.122407 1.021030 64 67 65
-0.153408 -0.124972 1.022722 86 86 83
-0.157309 -0.127252 1.024520 47 50 50
-0.162051 -0.128648 1.026659 51 53 57
-0.166639 -0.130219 1.028736 57 57 59
-0.171157 -0.131874 1.030785 56 56 58
-0.175749 -0.133464 1.032864 54 53 55
-0.180233 -0.135174 1.034900 52 50 53
0.025047 -0.012888 0.945551 98 73 62
0.021269 -0.015521 0.947305 115 97 87
0.016614 -0.016672 0.949404 133 118 106
-0.011890 -0.040140 0.962740 184 182 166
-0.013962 -0.045274 0.963810 184 182 166
-0.016566 -0.049546 0.965090 186 185 168
-0.019768 -0.052884 0.966609 162 161 145
-0.023625 -0.055235 0.968389 68 72 77
-0.027596 -0.057415 0.970216 67 70 71
-0.031467 -0.059741 0.972001 136 136 134
-0.034898 -0.062692 0.973610 129 130 128
-0.037979 -0.066122 0.975078 140 144 141
-0.040962 -0.069664 0.976505 154 157 153
-0.043906 -0.073231 0.977916 163 165 158
-0.046330 -0.077484 0.979116 176 174 167
-0.048382 -0.082200 0.980165 204 203 194
-0.050721 -0.086478 0.981328 170 168 157
-0.053022 -0.090765 0.982475 163 161 150
-0.055289 -0.095054 0.983606 158 156 145
-0.057878 -0.098881 0.984867 150 149 139
-0.060700 -0.102375 0.986222 146 146 134
-0.063948 -0.105299 0.987749 145 145 133
-0.067712 -0.107556 0.989485 155 156 145
-0.072076 -0.109060 0.991466 176 174 166
-0.077377 -0.109416 0.993828 166 167 157
-0.082563 -0.109947 0.996146 176 178 170
-0.088223 -0.109936 0.998657 211 211 203
-0.093806 -0.110058 1.001138 211 216 208
-0.100078 -0.109399 1.003902 194 195 186
-0.106965 -0.108069 1.006920 169 167 154
-0.112407 -0.108496 1.009347 172 168 152
-0.116910 -0.110042 1.011390 167 162 148
-0.121017 -0.112055 1.013272 124 125 116
-0.125015 -0.114196 1.015109 150 148 136
-0.128846 -0.116525 1.016877 225 222 208
-0.133092 -0.118390 1.018816 201 198 179
-0.137296 -0.120308 1.020737 138 133 121
-0.141186 -0.122574 1.022530 87 92 89
-0.144950 -0.124975 1.024271 77 84 83
-0.148625 -0.127468 1.025975 108 110 106
-0.152482 -0.129763 1.027753 48 53 53
-0.157064 -0.131292 1.029831 57 59 61
-0.161575 -0.132908 1.031880 55 57 60
-0.166056 -0.134565 1.033918 52 54 56
-0.170695 -0.136071 1.036020 51 52 54
-0.175115 -0.137812 1.038032 52 50 53
-0.180311 -0.138781 1.040367 52 50 53
-0.186277 -0.139006 1.043021 52 47 50
0.028756 -0.015577 0.949324 95 68 58
0.025189 -0.018530 0.950989 116 102 94
0.020738 -0.019976 0.953012 126 115 101
-0.010917 -0.046567 0.967792 186 182 165
-0.013318 -0.051130 0.968975 186 185 168
-0.016223 -0.054890 0.970363 189 189 172
-0.019704 -0.057766 0.971987 101 105 99
-0.023457 -0.060229 0.973723 71 74 75
-0.027422 -0.062379 0.975546 84 87 86
-0.030998 -0.065089 0.977209 153 152 146
-0.034129 -0.068418 0.978688 169 167 160
-0.037266 -0.071717 0.980168 175 173 165
-0.040356 -0.075057 0.981629 179 180 167
-0.043337 -0.078523 0.983045 189 187 177
-0.045687 -0.082823 0.984198 176 176 166
-0.048109 -0.086983 0.985380 200 200 192
-0.050587 -0.091028 0.986585 170 169 160
-0.053389 -0.094607 0.987923 163 162 153
-0.056356 -0.097943 0.989329 160 159 150
-0.059596 -0.100901 0.990848 160 160 151
-0.063063 -0.103553 0.992460 167 166 157
-0.066996 -0.105604 0.994266 170 169 160
-0.071268 -0.107231 0.996214 170 169 160
-0.075906 -0.108413 0.998313 172 171 162
-0.080772 -0.109334 1.000509 187 187 179
-0.085953 -0.109894 1.002836 211 211 203
-0.091257 -0.110337 1.005216 214 216 207
-0.097313 -0.109914 1.007910 170 170 156
-0.102993 -0.109986 1.010448 172 169 155
-0.107739 -0.111194 1.012597 162 160 145
-0.112108 -0.112859 1.014588 166 161 147
-0.116221 -0.114829 1.016473 171 169 154
-0.120232 -0.116919 1.018315 160 158 143
-0.124086 -0.119188 1.020091 235 232 217
-0.128196 -0.121170 1.021974 196 193 174
-0.132438 -0.123009 1.023913 140 134 122
-0.136458 -0.125099 1.025759 89 91 90
-0.140202 -0.127490 1.027489 75 80 79
-0.143889 -0.129940 1.029195 106 108 104
-0.147782 -0.132165 1.030987 48 52 55
-0.152216 -0.133816 1.033008 56 59 62
-0.156640 -0.135489 1.035024 56 57 61
-0.161115 -0.137118 1.037062 51 53 55
-0.165742 -0.138601 1.039164 51 53 55
-0.170151 -0.140320 1.041175 52 53 55
-0.175064 -0.141539 1.043398 52 51 54
-0.180650 -0.142102 1.045906 49 47 49
-0.194659 -0.134348 1.051975 141 102 100
0.032338 -0.018079 0.953102 113 90 80
0.029188 -0.021711 0.954588 109 98 89
0.024781 -0.023182 0.956596 112 101 91
0.019846 -0.023786 0.958826 142 133 121
-0.007545 -0.048379 0.971607 189 186 168
-0.009988 -0.052860 0.972790 187 184 168
-0.012727 -0.056848 0.974098 182 182 165
-0.015670 -0.060495 0.975491 188 189 175
-0.019116 -0.063371 0.977095 78 83 83
-0.022841 -0.065828 0.978816 73 75 75
-0.026732 -0.068041 0.980606 111 113 110
-0.030202 -0.070852 0.982220 176 174 162
-0.033407 -0.074024 0.983721 179 178 167
-0.036593 -0.077202 0.985214 186 184 173
-0.039835 -0.080283 0.986730 182 182 171
-0.043053 -0.083377 0.988235 160 157 149
-0.045662 -0.087277 0.989483 156 154 149
-0.048185 -0.091257 0.990693 201 203 197
-0.051305 -0.094408 0.992156 191 193 185
-0.054446 -0.097514 0.993627 181 181 173
-0.057809 -0.100311 0.995192 176 176 167
-0.061407 -0.102793 0.996856 175 174 165
-0.065278 -0.104921 0.998636 173 174 163
-0.069365 -0.106776 1.000509 176 178 166
-0.073685 -0.108348 1.002481 187 187 178
-0.078509 -0.109307 1.004667 207 208 199
-0.083679 -0.109865 1.007001 217 216 208
-0.088973 -0.110305 1.009388 164 164 149
-0.094274 -0.110770 1.011779 185 185 170
-0.098929 -0.112035 1.013896 182 181 165
-0.103196 -0.113775 1.015847 178 176 161
-0.107385 -0.115615 1.017764 169 167 152
-0.111389 -0.117673 1.019604 165 160 148
-0.115405 -0.119721 1.021448 179 177 163
-0.119356 -0.121846 1.023264 221 220 203
-0.123417 -0.123847 1.025128 178 167 143
-0.127676 -0.125633 1.027076 149 140 126
-0.131726 -0.127655 1.028935 97 99 97
-0.135513 -0.129968 1.030681 80 85 83
-0.139246 -0.132337 1.032404 74 75 73
-0.143181 -0.134485 1.034213 60 62 66
-0.147500 -0.136227 1.036188 58 61 64
-0.151761 -0.138038 1.038137 55 57 60
-0.170043 -0.144095 1.046470 52 52 54
-0.175391 -0.144859 1.048888 50 49 50
-0.183704 -0.142701 1.052582 77 53 53
0.035522 -0.019922 0.957005 137 104 96
0.032872 -0.024389 0.958266 99 82 75
0.028747 -0.026295 0.960159 106 96 86
0.023877 -0.026955 0.962371 128 118 106
-0.006901 -0.054243 0.976674 187 184 166
-0.009548 -0.058352 0.977930 187 184 169
-0.012072 -0.062605 0.979131 176 174 159
-0.014914 -0.066344 0.980469 187 185 172
-0.018300 -0.069256 0.982042 81 85 81
-0.022091 -0.071567 0.983789 77 79 81
-0.025815 -0.073972 0.985507 132 131 128
-0.029669 -0.076188 0.987281 179 178 167
-0.032966 -0.079182 0.988814 184 182 171
-0.036322 -0.082078 0.990373 182 182 171
-0.039892 -0.084665 0.992024 185 184 176
-0.043206 -0.087593 0.993564 153 150 144
-0.046218 -0.090911 0.994973 173 174 171
-0.049368 -0.094021 0.996441 158 161 154
-0.052637 -0.096956 0.997961 178 181 175
-0.056054 -0.099682 0.999545 193 195 190
-0.059528 -0.102322 1.001153 198 198 192
-0.063253 -0.104632 1.002870 199 201 195
-0.067294 -0.106539 1.004725 205 206 199
-0.071751 -0.107929 1.006760 205 206 197
-0.076651 -0.108784 1.008988 176 179 169
-0.081625 -0.109573 1.011248 191 190 181
-0.086164 -0.110919 1.013320 199 198 184
-0.090523 -0.112497 1.015314 188 185 170
-0.094610 -0.114411 1.017189 181 179 163
-0.098648 -0.116389 1.019043 175 173 158
-0.102688 -0.118368 1.020898 175 173 158
-0.106525 -0.120585 1.022664 173 171 158
-0.110430 -0.122723 1.024460 164 166 155
-0.114494 -0.124681 1.026326 125 131 121
-0.118702 -0.126481 1.028254 132 126 114
-0.122884 -0.128317 1.030171 166 161 146
-0.126899 -0.130344 1.032016 142 141 132
-0.130698 -0.132610 1.033766 124 124 119
-0.134558 -0.134808 1.035542 71 72 71
-0.138603 -0.136807 1.037400 62 64 66
-0.142986 -0.138448 1.039405 60 63 64
-0.147153 -0.140328 1.041316 56 59 60
-0.165212 -0.146484 1.049570 52 51 53
-0.171016 -0.146754 1.052198 50 48 50
-0.176855 -0.147022 1.054842 54 39 42
0.038077 -0.020689 0.961147 137 110 102
0.036175 -0.026440 0.962065 95 73 65
0.032476 -0.029040 0.963772 105 93 83
0.027864 -0.030088 0.965880 129 114 104
-0.007070 -0.058816 0.982037 186 185 168
-0.009568 -0.063102 0.983213 185 182 167
-0.012203 -0.067141 0.984448 184 182 166
-0.015020 -0.070872 0.985764 189 187 172
-0.018147 -0.074122 0.987216 86 88 86
-0.021718 -0.076710 0.988865 77 83 85
-0.025460 -0.079047 0.990589 115 119 113
-0.029105 -0.081517 0.992270 181 181 168
-0.032702 -0.084047 0.993930 182 182 173
-0.036315 -0.086548 0.995597 182 184 177
-0.039810 -0.089201 0.997211 179 184 180
-0.043213 -0.091971 0.998785 187 193 192
-0.046782 -0.094504 1.000432 186 193 194
-0.050407 -0.096957 1.002104 196 203 203
-0.054026 -0.099412 1.003773 205 211 207
-0.057573 -0.101953 1.005410 209 214 210
-0.061502 -0.103996 1.007216 211 214 211
-0.065660 -0.105751 1.009124 217 220 213
-0.070174 -0.107065 1.011190 230 232 224
-0.074398 -0.108756 1.013128 225 227 219
-0.078527 -0.110575 1.015023 211 211 200
-0.082466 -0.112632 1.016834 198 198 184
-0.086286 -0.114834 1.018593 191 187 173
-0.090175 -0.116954 1.020381 187 182 168
-0.094132 -0.118993 1.022200 179 174 161
-0.098066 -0.121061 1.024010 176 174 161
-0.101805 -0.123358 1.025732 170 170 160
-0.105714 -0.125457 1.027529 140 145 141
-0.109837 -0.127312 1.029422 121 125 121
-0.114110 -0.129003 1.031382 117 117 107
-0.118212 -0.130895 1.033266 169 164 150
-0.122165 -0.132956 1.035084 170 168 153
-0.125981 -0.135171 1.036840 173 172 156
-0.129956 -0.137211 1.038667 84 86 81
-0.134071 -0.139102 1.040557 64 67 69
-0.138392 -0.140779 1.042539 60 64 66
-0.142433 -0.142760 1.044395 57 61 62
-0.160237 -0.149046 1.052554 52 51 53
-0.165696 -0.149624 1.055043 51 51 52
-0.171461 -0.149926 1.057669 56 45 48
0.040329 -0.020940 0.965403 119 106 97
0.039498 -0.028555 0.965814 119 91 82
0.036409 -0.032169 0.967243 102 86 77
0.031999 -0.033510 0.969267 121 107 98
-0.009619 -0.067762 0.988461 189 187 171
-0.012338 -0.071628 0.989722 187 184 168
-0.015047 -0.075474 0.990977 193 192 176
-0.017997 -0.078936 0.992342 109 110 105
-0.021539 -0.081526 0.993975 110 113 106
-0.025117 -0.084058 0.995623 137 133 125
-0.028852 -0.086361 0.997342 165 164 154
-0.032563 -0.088694 0.999051 175 176 168
-0.036210 -0.091112 1.000730 187 192 184
-0.039820 -0.093573 1.002393 200 211 209
-0.043603 -0.095796 1.004134 230 239 238
-0.047398 -0.098002 1.005881 230 239 238
-0.051156 -0.100254 1.007611 223 230 230
-0.054877 -0.102553 1.009324 225 232 231
-0.058797 -0.104593 1.011127 226 233 231
-0.062719 -0.106632 1.012931 236 242 238
-0.066827 -0.108438 1.014819 231 236 230
-0.070823 -0.110391 1.016656 222 227 218
-0.074755 -0.112427 1.018465 214 216 205
-0.078499 -0.114695 1.020188 205 205 191
-0.082258 -0.116944 1.021918 198 197 183
-0.086039 -0.119163 1.023658 191 190 175
-0.089855 -0.121340 1.025414 187 187 174
-0.093616 -0.123581 1.027145 176 178 165
-0.097404 -0.125789 1.028889 141 147 140
-0.101384 -0.127772 1.030719 126 134 130
-0.105639 -0.129444 1.032674 120 123 120
-0.109782 -0.131252 1.034578 173 172 160
-0.113669 -0.133355 1.036366 176 174 160
-0.117559 -0.135454 1.038156 166 164 149
-0.121444 -0.137561 1.039943 167 166 148
-0.125583 -0.139390 1.041846 107 108 100
-0.129697 -0.141253 1.043737 67 70 71
-0.133846 -0.143082 1.045644 60 63 64
-0.155409 -0.151482 1.055551 54 53 55
-0.161004 -0.151886 1.058114 53 51 53
-0.166207 -0.152717 1.060500 56 48 52
0.042646 -0.021318 0.969613 87 76 68
0.042662 -0.030422 0.969596 128 109 102
0.040121 -0.034956 0.970762 90 72 64
0.035983 -0.036713 0.972667 114 99 89
0.030809 -0.036733 0.975050 143 132 116
-0.009517 -0.072605 0.993592 196 193 177
-0.012223 -0.076442 0.994834 199 198 181
-0.015112 -0.079979 0.996162 199 195 182
-0.017878 -0.083664 0.997432 154 152 144
-0.021270 -0.086428 0.998992 132 126 117
-0.024884 -0.088868 1.000654 150 145 133
-0.028680 -0.091048 1.002401 142 140 130
-0.032424 -0.093299 1.004124 173 178 172
-0.036146 -0.095579 1.005836 200 208 208
-0.040109 -0.097530 1.007660 217 227 227
-0.043928 -0.099677 1.009417 231 239 238
-0.047644 -0.101960 1.011127 240 247 247
-0.051352 -0.104251 1.012832 243 250 249
-0.055262 -0.106277 1.014631 243 249 247
-0.059069 -0.108437 1.016383 245 249 247
-0.062975 -0.110471 1.018180 240 247 241
-0.066877 -0.112511 1.019976 233 237 232
-0.070787 -0.114545 1.021775 226 230 223
-0.074528 -0.116789 1.023496 219 224 213
-0.078286 -0.119009 1.025225 212 216 204
-0.081954 -0.121336 1.026913 200 203 192
-0.085687 -0.123582 1.028630 159 162 154
-0.089386 -0.125866 1.030332 136 143 138
-0.093417 -0.127758 1.032187 125 132 127
-0.097636 -0.129436 1.034129 116 121 116
-0.101864 -0.131113 1.036075 150 152 142
-0.105775 -0.133160 1.037874 179 178 163
-0.109340 -0.135599 1.039514 176 174 158
-0.113004 -0.137921 1.041200 175 174 157
-0.116804 -0.140089 1.042949 172 171 155
-0.121032 -0.141788 1.044894 153 153 138
-0.125152 -0.143612 1.046791 68 71 72
-0.129218 -0.145499 1.048662 64 66 68
-0.133300 -0.147375 1.050540 60 62 63
-0.150785 -0.153736 1.058589 55 53 55
-0.156146 -0.154342 1.061058 54 52 52
-0.161233 -0.155254 1.063400 55 48 51
0.045030 -0.030918 0.973718 124 113 102
0.043602 -0.037375 0.974341 110 91 82
0.040071 -0.040133 0.975961 112 93 84
0.034872 -0.040052 0.978371 136 123 108
-0.009285 -0.077594 0.998611 220 219 205
-0.012371 -0.080829 1.000022 241 240 234
-0.015215 -0.084389 1.001318 217 214 208
-0.017831 -0.088245 1.002508 214 211 206
-0.021088 -0.091161 1.004000 157 153 144
-0.024783 -0.093450 1.005699 147 141 132
-0.028240 -0.096064 1.007285 141 134 127
-0.031839 -0.098475 1.008938 135 126 121
-0.036025 -0.100085 1.010869 162 162 157
-0.039866 -0.102168 1.012636 205 211 208
-0.043656 -0.104319 1.014380 223 229 227
-0.047329 -0.106623 1.016069 239 245 244
-0.051142 -0.108741 1.017823 245 249 250
-0.054913 -0.110915 1.019558 245 249 249
-0.058823 -0.112910 1.021358 243 249 248
-0.062667 -0.114991 1.023127 238 245 242
-0.066521 -0.117060 1.024901 225 232 230
-0.070218 -0.119324 1.026601 198 208 204
-0.073936 -0.121561 1.028310 144 151 145
-0.077565 -0.123902 1.029978 110 118 114
-0.081412 -0.125979 1.031749 111 118 115
-0.085460 -0.127816 1.033614 117 123 118
-0.089826 -0.129285 1.035628 117 123 118
-0.094026 -0.130960 1.037565 172 173 161
-0.097968 -0.132942 1.039380 179 179 165
-0.101476 -0.135424 1.040991 176 174 160
-0.104955 -0.137931 1.042588 176 173 157
-0.108561 -0.140288 1.044246 176 176 159
-0.112338 -0.142452 1.045983 173 173 156
-0.116614 -0.144065 1.047955 178 174 160
-0.120779 -0.145809 1.049875 77 79 79
-0.124768 -0.147750 1.051712 68 72 72
-0.128856 -0.149588 1.053596 61 65 68
-0.146538 -0.155623 1.061755 54 52 55
-0.151708 -0.156393 1.064146 53 51 53
-0.156662 -0.157407 1.066436 54 47 50
0.046758 -0.030299 0.978132 130 110 99
0.046492 -0.038796 0.978163 143 106 99
0.044423 -0.044047 0.979069 97 78 69
0.039388 -0.044180 0.981415 132 120 104
-0.013138 -0.084281 1.005464 254 255 254
-0.016145 -0.087576 1.006830 254 253 254
-0.018848 -0.091278 1.008049 243 242 241
-0.022237 -0.093985 1.009600 237 236 234
-0.025491 -0.096869 1.011085 195 193 187
-0.028615 -0.099914 1.012508 173 168 158
-0.032269 -0.102222 1.014186 159 155 145
-0.035921 -0.104528 1.015864 151 146 137
-0.039582 -0.106818 1.017545 145 140 131
-0.043160 -0.109214 1.019187 141 137 131
-0.046856 -0.111451 1.020886 155 152 147
-0.050584 -0.113644 1.022600 155 154 149
-0.054565 -0.115511 1.024436 148 148 144
-0.058397 -0.117573 1.026200 132 133 129
-0.062229 -0.119635 1.027964 113 117 115
-0.066040 -0.121724 1.029718 109 117 119
-0.069889 -0.123767 1.031490 115 118 115
-0.073643 -0.125927 1.033216 112 114 110
-0.077492 -0.127973 1.034989 116 121 114
-0.081906 -0.129345 1.037031 155 157 147
-0.086364 -0.130677 1.039096 193 195 178
-0.090034 -0.132950 1.040782 185 184 168
-0.093518 -0.135435 1.042379 179 176 162
-0.096875 -0.138058 1.043915 173 173 156
-0.100439 -0.140438 1.045551 176 174 159
-0.104111 -0.142690 1.047238 176 174 158
-0.107914 -0.144793 1.048988 175 174 155
-0.112279 -0.146275 1.051007 176 172 156
-0.116573 -0.147846 1.052992 99 101 95
-0.120553 -0.149768 1.054827 65 70 68
-0.124614 -0.151608 1.056700 61 65 67
-0.142394 -0.157424 1.064926 54 52 55
-0.146923 -0.158823 1.067022 53 49 51
-0.152145 -0.159530 1.069450 55 46 49
0.047990 -0.028806 0.982789 80 59 56
0.048328 -0.038397 0.982476 157 108 107
0.048160 -0.046943 0.982417 155 106 103
0.044770 -0.049836 0.983961 173 164 152
0.039121 -0.048894 0.986626 159 155 137
-0.012875 -0.089185 1.010369 254 255 255
-0.016257 -0.091902 1.011912 254 255 255
-0.019625 -0.094626 1.013448 254 255 254
-0.022884 -0.097490 1.014930 254 255 255
-0.025985 -0.100556 1.016336 253 253 253
-0.029531 -0.102996 1.017960 243 242 241
-0.033120 -0.105371 1.019605 222 221 216
-0.036657 -0.107810 1.021225 194 192 185
-0.040131 -0.110325 1.022815 173 171 163
-0.043816 -0.112556 1.024507 166 166 159
-0.047469 -0.114827 1.026184 160 159 153
-0.051219 -0.116970 1.027909 147 146 140
-0.054928 -0.119163 1.029614 135 133 127
-0.058713 -0.121260 1.031355 137 135 131
-0.062590 -0.123242 1.033142 141 141 133
-0.066534 -0.125145 1.034962 159 160 151
-0.070423 -0.127118 1.036754 193 193 184
-0.074480 -0.128890 1.038629 199 200 186
-0.078522 -0.130688 1.040496 188 187 173
-0.082143 -0.132990 1.042158 184 182 167
-0.085574 -0.135513 1.043727 179 177 161
-0.089020 -0.138011 1.045303 176 174 159
-0.092460 -0.140507 1.046876 178 177 161
-0.096008 -0.142874 1.048503 176 176 160
-0.099643 -0.145136 1.050171 178 174 157
-0.103450 -0.147203 1.051924 176 174 156
-0.107849 -0.148613 1.053965 176 174 155
-0.112209 -0.150080 1.055987 132 131 118
-0.116262 -0.151893 1.057859 68 72 72
-0.120326 -0.153699 1.059736 61 65 66
-0.138224 -0.159273 1.068043 55 54 56
-0.142581 -0.160821 1.070061 53 50 53
-0.147736 -0.161565 1.072468 58 44 47
0.049308 -0.036496 0.987218 117 83 79
0.050142 -0.046825 0.986606 165 110 106
0.049814 -0.054972 0.986589 120 94 90
0.044917 -0.055224 0.988895 179 176 160
0.039004 -0.053812 0.991715 160 159 136
-0.016793 -0.095591 1.017164 254 255 255
-0.020190 -0.098245 1.018711 254 255 255
-0.023547 -0.100944 1.020238 254 255 255
-0.027104 -0.103357 1.021865 254 255 255
-0.030656 -0.105770 1.023490 254 255 254
-0.034183 -0.108211 1.025103 253 253 254
-0.037690 -0.110671 1.026707 253 253 252
-0.041323 -0.112959 1.028373 250 249 249
-0.044880 -0.115342 1.030001 245 245 242
-0.048504 -0.117634 1.031662 239 240 235
-0.052218 -0.119806 1.033369 234 234 228
-0.055993 -0.121900 1.035107 227 228 221
-0.059782 -0.123977 1.036851 219 220 211
-0.063584 -0.126037 1.038602 214 216 205
-0.067303 -0.128202 1.040311 206 206 193
-0.070978 -0.130418 1.041998 191 190 176
-0.074598 -0.132699 1.043658 184 182 167
-0.077918 -0.135333 1.045169 176 176 159
-0.081222 -0.137976 1.046673 179 176 160
-0.084764 -0.140330 1.048295 179 177 162
-0.088316 -0.142669 1.049921 179 176 160
-0.091802 -0.145078 1.051516 178 176 159
-0.095435 -0.147314 1.053183 178 174 156
-0.099237 -0.149357 1.054934 175 171 153
-0.103544 -0.150839 1.056935 173 171 153
-0.107924 -0.152251 1.058972 209 208 192
-0.112091 -0.153909 1.060904 71 75 75
-0.116229 -0.155607 1.062821 64 68 69
-0.120511 -0.157158 1.064808 60 62 64
-0.133737 -0.161475 1.070959 55 54 56
-0.137873 -0.163220 1.072874 52 49 53
-0.143303 -0.163646 1.075428 75 56 56
0.050551 -0.035052 0.991837 101 78 69
0.050899 -0.044575 0.991423 141 94 93
0.051293 -0.054011 0.990989 158 110 109
0.050480 -0.061224 0.991185 98 85 80
0.046692 -0.063302 0.992930 148 142 123
0.038818 -0.058566 0.996791 170 165 146
-0.031242 -0.109253 1.028724 254 255 255
-0.034772 -0.111665 1.030337 254 255 255
-0.038455 -0.113868 1.032028 254 255 255
-0.042049 -0.116186 1.033673 254 255 254
-0.045720 -0.118400 1.035358 254 255 253
-0.049410 -0.120586 1.037053 253 253 253
-0.053118 -0.122749 1.038756 253 253 250
-0.056761 -0.124992 1.040427 248 249 246
-0.060337 -0.127316 1.042064 230 229 223
-0.063790 -0.129786 1.043639 202 203 189
-0.067155 -0.132357 1.045169 182 181 166
-0.070617 -0.134801 1.046748 175 174 158
-0.073938 -0.137408 1.048257 179 179 162
-0.077301 -0.139955 1.049786 181 176 162
-0.080775 -0.142363 1.051373 179 174 159
-0.084254 -0.144757 1.052962 179 174 160
-0.087692 -0.147195 1.054530 178 174 158
-0.091377 -0.149343 1.056223 172 168 152
-0.095278 -0.151248 1.058025 173 171 155
-0.099572 -0.152715 1.060025 171 167 148
-0.103929 -0.154124 1.062057 146 146 132
-0.108168 -0.155676 1.064029 80 85 82
-0.112301 -0.157352 1.065947 68 71 72
-0.116613 -0.158844 1.067955 60 62 63
-0.121133 -0.160125 1.070067 58 60 61
-0.125126 -0.161979 1.071914 56 55 58
-0.129533 -0.163402 1.073969 53 51 56
-0.133875 -0.164907 1.075991 50 48 52
-0.139833 -0.164759 1.078824 108 96 91
0.051533 -0.042099 0.996322 93 75 69
0.053082 -0.053589 0.995224 141 104 104
0.052027 -0.060403 0.995515 147 117 118
0.050984 -0.067135 0.995802 91 72 63
0.046919 -0.068695 0.997695 111 105 96
0.039274 -0.064338 1.001482 176 172 154
-0.042485 -0.119766 1.038796 254 255 255
-0.046112 -0.122011 1.040458 254 255 255
-0.049755 -0.124234 1.042128 254 253 255
-0.053351 -0.126514 1.043774 254 255 254
-0.056923 -0.128819 1.045408 250 249 247
-0.060293 -0.131370 1.046938 192 190 179
-0.063391 -0.134246 1.048327 182 182 168
-0.066827 -0.136696 1.049892 179 177 162
-0.070174 -0.139247 1.051410 176 173 158
-0.073567 -0.141733 1.052953 173 168 154
-0.076946 -0.144228 1.054489 173 169 153
-0.080400 -0.146628 1.056064 170 167 150
-0.083918 -0.148948 1.057671 179 173 159
-0.087626 -0.151045 1.059376 109 111 108
-0.091519 -0.152933 1.061177 131 131 122
-0.095737 -0.154459 1.063143 152 150 131
-0.100042 -0.155898 1.065154 187 187 170
-0.104318 -0.157382 1.067150 129 129 118
-0.108432 -0.159054 1.069062 71 77 77
-0.112664 -0.160605 1.071035 61 65 66
-0.117177 -0.161866 1.073151 58 61 62
-0.120854 -0.164029 1.074839 54 55 58
-0.125137 -0.165554 1.076837 51 50 54
-0.129994 -0.166492 1.079127 47 44 50
-0.136756 -0.165482 1.082388 132 119 111
0.054512 -0.052546 0.999647 95 76 75
0.053970 -0.060266 0.999628 150 107 105
0.052575 -0.066410 1.000075 167 109 108
0.051423 -0.072871 1.000395 100 71 67
0.047004 -0.073796 1.002484 95 85 75
0.040734 -0.071701 1.005572 159 155 138
-0.066535 -0.140957 1.054589 181 178 163
-0.069928 -0.143420 1.056129 179 174 161
-0.073313 -0.145885 1.057666 178 173 159
-0.076774 -0.148253 1.059242 134 131 119
-0.080341 -0.150493 1.060875 186 177 169
-0.084005 -0.152617 1.062558 101 103 104
-0.087858 -0.154526 1.064340 134 135 129
-0.092002 -0.156110 1.066273 172 169 152
-0.096232 -0.157607 1.068251 172 170 152
-0.100501 -0.159072 1.070248 170 169 151
-0.104513 -0.160829 1.072111 68 74 72
-0.108553 -0.162563 1.073989 62 67 68
-0.112688 -0.164201 1.075916 60 60 63
-0.116453 -0.166240 1.077651 50 50 54
-0.120789 -0.167678 1.079682 45 44 49
-0.126410 -0.167783 1.082378 84 72 77
-0.135162 -0.164679 1.086695 120 95 87
0.055148 -0.050110 1.004515 116 98 93
0.054521 -0.057728 1.004503 111 79 76
0.053910 -0.065249 1.004488 160 102 99
0.053682 -0.073297 1.004265 164 105 102
0.050584 -0.076411 1.005634 106 70 65
0.046542 -0.077941 1.007524 84 73 66
0.041661 -0.078113 1.009875 135 125 113
-0.066411 -0.144979 1.059332 176 176 160
-0.069840 -0.147370 1.060890 176 173 158
-0.073352 -0.149658 1.062492 173 169 154
-0.076923 -0.151871 1.064126 103 106 106
-0.080493 -0.154083 1.065760 120 121 119
-0.084400 -0.155907 1.067572 141 140 131
-0.088443 -0.157582 1.069456 165 161 145
-0.092573 -0.159167 1.071387 168 167 148
-0.096860 -0.160585 1.073400 168 167 148
-0.100873 -0.162318 1.075267 75 79 77
-0.104713 -0.164246 1.077043 65 70 71
-0.108650 -0.166072 1.078870 60 57 61
-0.112551 -0.167941 1.080677 53 50 54
-0.117178 -0.169044 1.082867 54 48 52
-0.125248 -0.166548 1.086870 153 117 114
-0.136988 -0.160319 1.092799 134 104 98
0.055421 -0.055782 1.009202 118 94 88
0.054577 -0.062939 1.009281 119 82 76
0.053476 -0.069547 1.009510 160 105 102
0.051747 -0.074998 1.010098 166 105 102
0.049471 -0.079465 1.010997 119 80 74
0.046269 -0.082358 1.012419 89 63 61
0.041647 -0.082926 1.014639 117 107 99
0.036605 -0.082852 1.017093 159 155 139
-0.066555 -0.148651 1.064179 173 173 157
-0.070069 -0.150915 1.065782 173 170 155
-0.073660 -0.153086 1.067426 158 155 141
-0.077175 -0.155342 1.069030 159 155 141
-0.080902 -0.157352 1.070748 170 166 150
-0.084896 -0.159059 1.072610 166 162 146
-0.088988 -0.160662 1.074525 162 160 141
-0.093252 -0.162081 1.076532 157 156 138
-0.097296 -0.163756 1.078419 74 78 76
-0.101133 -0.165666 1.080195 65 67 68
-0.104727 -0.167841 1.081841 60 56 59
-0.108301 -0.170035 1.083477 61 46 51
-0.114376 -0.169566 1.086451 142 101 100
-0.123795 -0.165618 1.091211 116 83 83
-0.136829 -0.158005 1.097898 173 129 127
0.054097 -0.058635 1.014757 111 89 81
0.054227 -0.067402 1.014243 116 85 77
0.052832 -0.073447 1.014614 154 99 94
0.051061 -0.078775 1.015206 159 103 96
0.048719 -0.083091 1.016129 142 92 85
0.045863 -0.086516 1.017349 101 70 67
0.042418 -0.088962 1.018908 99 85 83
0.037821 -0.089559 1.021124 153 147 134
0.024565 -0.092366 1.027459 185 185 172
-0.063242 -0.149982 1.067420 175 173 158
-0.066792 -0.152183 1.069043 171 169 154
-0.070392 -0.154323 1.070692 167 164 148
-0.073954 -0.156506 1.072321 172 168 152
-0.077697 -0.158476 1.074050 170 166 150
-0.081658 -0.160201 1.075897 172 169 152
-0.085674 -0.161869 1.077775 172 170 151
-0.089871 -0.163341 1.079751 122 123 112
-0.093666 -0.165271 1.081506 74 75 76
-0.097622 -0.167027 1.083350 58 59 60
-0.101317 -0.169071 1.085051 58 48 52
-0.105341 -0.170761 1.086931 132 92 89
-0.113680 -0.167849 1.091157 160 114 110
-0.123897 -0.163041 1.096398 116 89 87
0.052996 -0.061850 1.020159 109 89 78
0.052631 -0.069710 1.019895 103 78 68
0.051423 -0.076030 1.020132 150 101 92
0.049848 -0.081647 1.020590 165 110 100
0.047634 -0.086136 1.021425 160 110 100
0.045152 -0.090139 1.022420 120 80 72
0.042541 -0.093892 1.023492 90 71 65
0.038483 -0.095314 1.025406 117 110 101
0.033559 -0.095390 1.027823 160 158 148
0.028760 -0.095702 1.030165 172 172 160
0.024646 -0.097105 1.032108 179 179 167
-0.059940 -0.151318 1.070634 172 170 155
-0.063500 -0.153486 1.072262 169 168 152
-0.067168 -0.155525 1.073950 172 170 155
-0.070817 -0.157587 1.075628 171 168 153
-0.074608 -0.159484 1.077384 171 167 151
-0.078534 -0.161228 1.079216 170 167 151
-0.082413 -0.163032 1.081021 122 122 114
-0.086234 -0.164906 1.082794 77 76 78
-0.089365 -0.167551 1.084185 61 60 61
-0.093063 -0.169560 1.085889 57 49 51
-0.097788 -0.170447 1.088162 120 91 92
-0.104315 -0.169406 1.091429 163 118 116
-0.113597 -0.165468 1.096215 94 70 70
-0.126124 -0.158194 1.102783 162 113 114
0.051177 -0.063814 1.025966 125 103 92
0.050732 -0.071494 1.025715 89 68 59
0.050161 -0.078839 1.025545 137 101 89
0.048426 -0.084149 1.026078 168 120 106
0.046144 -0.088499 1.026938 164 115 99
0.044143 -0.093251 1.027636 146 101 88
0.041564 -0.097024 1.028679 109 80 69
0.038365 -0.099780 1.030092 89 73 68
0.034631 -0.101689 1.031820 129 122 117
0.029747 -0.101826 1.034227 162 162 151
0.017138 -0.105531 1.040233 186 187 175
0.013866 -0.108174 1.041689 189 190 180
-0.060132 -0.154897 1.075405 169 169 153
-0.063675 -0.157061 1.077024 169 169 153
-0.067518 -0.158873 1.078812 170 169 156
-0.071338 -0.160715 1.080588 145 143 134
-0.074658 -0.163136 1.082081 95 95 92
-0.077835 -0.165711 1.083494 68 69 69
-0.081337 -0.167911 1.085090 60 55 58
-0.085094 -0.169823 1.086830 62 56 55
-0.090110 -0.170342 1.089278 131 96 96
-0.096898 -0.168947 1.092720 145 114 119
-0.104641 -0.166578 1.096694 96 82 85
-0.115302 -0.161151 1.102298 116 101 102
0.049133 -0.073770 1.031344 96 80 69
0.048140 -0.080370 1.031399 109 84 71
0.046300 -0.085485 1.031974 157 114 97
0.044430 -0.090485 1.032572 166 123 103
0.042422 -0.095198 1.033257 168 123 106
0.040270 -0.099627 1.034033 130 100 82
0.037804 -0.103512 1.035000 88 71 63
0.034896 -0.106672 1.036237 83 75 77
0.031094 -0.108439 1.038010 126 123 117
0.025916 -0.108125 1.040605 164 164 151
0.021134 -0.108456 1.042961 164 166 152
0.017468 -0.110477 1.044650 171 173 159
0.013838 -0.112554 1.046316 176 177 165
0.010222 -0.114648 1.047975 182 182 172
0.006649 -0.116804 1.049609 187 190 179
0.003131 -0.119035 1.051210 195 198 188
-0.049693 -0.152014 1.075284 171 171 157
-0.053448 -0.153905 1.077025 169 170 156
-0.057072 -0.155956 1.078691 168 169 154
-0.060631 -0.158084 1.080319 141 144 133
-0.063330 -0.161222 1.081453 97 100 100
-0.066061 -0.164302 1.082606 74 76 78
-0.069774 -0.166228 1.084324 63 61 64
-0.073867 -0.167721 1.086260 55 54 55
-0.078048 -0.169125 1.088246 77 74 77
-0.082683 -0.170031 1.090490 120 115 125
-0.089504 -0.168528 1.093982 115 117 128
-0.097665 -0.165617 1.098233 80 79 85
-0.106365 -0.162211 1.102786 96 90 96
0.047077 -0.075273 1.037243 112 92 85
0.045441 -0.080784 1.037667 97 76 69
0.044442 -0.087253 1.037704 136 92 83
0.043135 -0.093133 1.037937 159 113 101
0.041117 -0.097797 1.038613 152 114 96
0.038989 -0.102232 1.039360 140 117 94
0.036600 -0.106209 1.040270 120 103 89
0.033934 -0.109718 1.041353 96 83 70
0.030958 -0.112725 1.042626 88 79 70
0.027078 -0.114348 1.044450 116 113 104
0.022561 -0.115030 1.046660 148 149 137
0.018041 -0.115737 1.048869 168 169 157
0.013632 -0.116632 1.051010 169 169 158
0.009924 -0.118564 1.052726 173 174 162
0.006467 -0.120856 1.054291 178 178 166
0.002839 -0.122901 1.055959 182 181 172
-0.000790 -0.124944 1.057628 187 187 177
-0.004262 -0.127205 1.059202 188 190 179
-0.039016 -0.149529 1.074985 168 168 156
-0.042377 -0.151881 1.076497 140 140 132
-0.045737 -0.154228 1.078009 154 151 147
-0.048450 -0.157356 1.079143 100 103 100
-0.051117 -0.160517 1.080250 90 94 92
-0.054323 -0.163015 1.081674 71 73 73
-0.058148 -0.164771 1.083462 63 64 65
-0.062645 -0.165746 1.085641 58 57 59
-0.067305 -0.166552 1.087914 68 64 68
-0.071842 -0.167523 1.090113 97 93 101
-0.076798 -0.168036 1.092554 104 106 117
-0.083212 -0.166937 1.095840 92 100 113
-0.091297 -0.164031 1.100091 61 75 90
-0.099549 -0.161034 1.104432 84 83 90
0.043960 -0.083196 1.043180 105 88 75
0.042664 -0.089145 1.043376 106 77 68
0.041142 -0.094646 1.043721 130 96 86
0.039215 -0.099434 1.044324 140 115 94
0.037094 -0.103861 1.045051 128 110 89
0.034714 -0.107833 1.045944 132 120 94
0.032232 -0.111611 1.046903 129 115 90
0.029464 -0.114916 1.048042 109 97 82
0.026422 -0.117785 1.049352 95 80 70
0.023041 -0.120134 1.050873 87 83 80
0.019354 -0.122028 1.052582 96 95 96
0.015166 -0.123198 1.054598 119 116 114
0.010965 -0.124367 1.056621 148 147 137
0.006990 -0.125874 1.058505 158 157 148
0.003242 -0.127711 1.060249 168 169 157
-0.000309 -0.129824 1.061873 172 173 161
-0.003819 -0.131994 1.063472 173 174 162
-0.007361 -0.134117 1.065090 170 171 159
-0.010729 -0.136471 1.066604 169 170 157
-0.014059 -0.138870 1.068095 169 169 158
-0.017765 -0.140764 1.069814 173 174 162
-0.021470 -0.142663 1.071531 173 176 163
-0.024942 -0.144865 1.073109 175 178 165
-0.028556 -0.146881 1.074772 171 173 161
-0.031867 -0.149283 1.076253 150 152 142
-0.034509 -0.152519 1.077334 117 121 117
-0.037266 -0.155587 1.078485 88 92 91
-0.040440 -0.158121 1.079887 74 71 75
-0.043848 -0.160357 1.081430 62 61 66
-0.047472 -0.162329 1.083102 61 57 62
-0.051507 -0.163810 1.085017 58 57 60
-0.056011 -0.164743 1.087211 70 72 78
-0.061025 -0.165099 1.089705 90 95 105
-0.066135 -0.165375 1.092253 99 111 126
-0.071762 -0.165088 1.095105 95 104 121
-0.078504 -0.163572 1.098611 91 98 111
-0.086025 -0.161242 1.102572 63 66 70
-0.093512 -0.159033 1.106506 81 80 90
0.041571 -0.084120 1.049257 118 91 84
0.039840 -0.089347 1.049706 105 85 75
0.038601 -0.095286 1.049849 96 81 67
0.037135 -0.100786 1.050141 100 92 80
0.034854 -0.104947 1.050955 110 103 87
0.032355 -0.108725 1.051911 138 126 98
0.029939 -0.112595 1.052817 146 130 96
0.027465 -0.116336 1.053763 134 117 89
0.024614 -0.119481 1.054948 140 113 95
0.021618 -0.122389 1.056226 136 102 96
0.018450 -0.125028 1.057612 113 91 85
0.015150 -0.127463 1.059083 94 77 74
0.011700 -0.129676 1.060646 86 77 75
0.008144 -0.131735 1.062276 86 84 79
0.004678 -0.133918 1.063851 96 96 90
0.001109 -0.135956 1.065490 102 103 98
-0.002368 -0.138118 1.067072 101 103 96
-0.005849 -0.140273 1.068656 99 102 96
-0.009460 -0.142248 1.070321 106 108 101
-0.013142 -0.144132 1.072029 103 103 98
-0.016535 -0.146397 1.073560 95 95 91
-0.019730 -0.148914 1.074971 96 94 94
-0.022974 -0.151359 1.076411 86 82 84
-0.026354 -0.153622 1.077936 73 65 70
-0.029886 -0.155686 1.079554 64 55 60
-0.033676 -0.157428 1.081328 64 54 60
-0.037529 -0.159096 1.083141 80 63 63
-0.041271 -0.160907 1.084885 100 80 80
-0.045639 -0.161962 1.087007 107 86 89
-0.050346 -0.162627 1.089333 98 99 110
-0.055501 -0.162784 1.091928 91 108 125
-0.061074 -0.162485 1.094770 95 114 132
-0.067060 -0.161747 1.097857 84 102 117
-0.073570 -0.160456 1.101254 68 74 90
-0.080680 -0.158541 1.105006 63 65 76
-0.087675 -0.156831 1.108682 83 90 97
0.036158 -0.096089 1.055919 108 103 93
0.034087 -0.100626 1.056579 86 80 70
0.032351 -0.105629 1.057028 94 90 76
0.030287 -0.110065 1.057694 135 123 94
0.028089 -0.114250 1.058449 138 123 93
0.025499 -0.117803 1.059458 149 117 100
0.022665 -0.120962 1.060626 150 109 101
0.019808 -0.124065 1.061810 141 115 106
0.016892 -0.127059 1.063033 125 114 106
0.013618 -0.129519 1.064485 116 107 101
0.010236 -0.131818 1.066006 105 102 97
0.006948 -0.134242 1.067468 97 98 91
0.003521 -0.136465 1.069018 99 108 98
0.000090 -0.138677 1.070571 92 101 94
-0.003197 -0.141081 1.072034 92 96 91
-0.006611 -0.143305 1.073578 98 93 91
-0.010239 -0.145242 1.075254 110 91 90
-0.013674 -0.147433 1.076811 111 89 88
-0.016982 -0.149785 1.078290 111 90 90
-0.020594 -0.151738 1.079957 117 88 87
-0.024411 -0.153430 1.081752 125 94 92
-0.028328 -0.155001 1.083608 135 96 92
-0.032372 -0.156421 1.085540 143 98 96
-0.036759 -0.157425 1.087685 148 101 94
-0.041347 -0.158202 1.089950 143 94 93
-0.045966 -0.158965 1.092232 132 90 90
-0.051094 -0.159137 1.094825 115 94 101
-0.056463 -0.159058 1.097562 95 99 108
-0.062299 -0.158464 1.100581 80 84 96
0.031519 -0.101228 1.062720 113 110 99
0.029710 -0.106104 1.063199 103 98 83
0.027807 -0.110778 1.063743 98 91 73
0.025556 -0.114874 1.064519 119 96 85
0.022971 -0.118430 1.065514 129 95 89
0.020244 -0.121745 1.066605 136 104 98
0.017402 -0.124866 1.067772 134 110 103
0.014347 -0.127658 1.069078 128 110 103
0.011320 -0.130473 1.070368 122 109 104
0.008395 -0.133415 1.071594 119 107 103
0.005336 -0.136152 1.072907 117 111 104
0.002012 -0.138507 1.074391 114 113 103
-0.001394 -0.140744 1.075927 118 108 101
-0.004802 -0.142972 1.077466 136 105 101
-0.008389 -0.144957 1.079118 146 99 96
-0.012098 -0.146781 1.080847 147 98 94
-0.015818 -0.148593 1.082583 147 94 91
-0.019792 -0.150078 1.084479 145 95 90
-0.023956 -0.151331 1.086493 142 91 89
-0.028243 -0.152441 1.088584 141 90 86
-0.032605 -0.153475 1.090719 138 86 83
-0.037339 -0.154062 1.093086 146 103 94
-0.042342 -0.154346 1.095618 128 85 81
-0.047265 -0.154761 1.098096 111 77 78
-0.052694 -0.154594 1.100888 90 68 70
-0.058761 -0.153704 1.104071 71 59 68
-0.064720 -0.152998 1.107183 81 76 83
0.024223 -0.109832 1.070526 119 101 97
0.021879 -0.113799 1.071348 114 97 94
0.019624 -0.117856 1.072115 104 87 84
0.016965 -0.121281 1.073151 100 85 82
0.013874 -0.124051 1.074472 107 92 86
0.010652 -0.126620 1.075881 109 91 86
0.007813 -0.129720 1.077040 111 91 87
0.004953 -0.132766 1.078216 117 94 89
0.001697 -0.135243 1.079651 120 96 91
-0.001636 -0.137607 1.081136 121 95 91
-0.005039 -0.139866 1.082667 132 96 93
-0.008978 -0.141401 1.084543 137 97 93
-0.013120 -0.142674 1.086550 137 94 91
-0.016994 -0.144316 1.088383 132 89 86
-0.020948 -0.145860 1.090266 123 83 81
-0.025245 -0.146970 1.092368 116 81 77
-0.029492 -0.148162 1.094436 110 76 73
-0.033877 -0.149197 1.096590 101 66 65
-0.038673 -0.149736 1.099004 90 66 63
-0.043789 -0.149905 1.101618 80 60 53
-0.049397 -0.149507 1.104540 99 78 72
-0.054713 -0.149512 1.107272 102 79 81
0.012121 -0.118566 1.080757 115 92 85
0.008928 -0.121227 1.082137 122 107 100
0.005885 -0.124087 1.083419 115 104 96
0.002814 -0.126891 1.084722 102 91 84
-0.000584 -0.129225 1.086241 95 84 79
-0.004204 -0.131246 1.087906 95 83 78
-0.007847 -0.133235 1.089587 91 78 74
-0.011793 -0.134816 1.091466 95 78 74
-0.015773 -0.136361 1.093366 91 76 71
-0.019796 -0.137858 1.095294 91 75 73
-0.023839 -0.139340 1.097233 94 77 75
-0.028051 -0.140614 1.099280 107 90 86
-0.032261 -0.141905 1.101326 100 85 80
-0.036389 -0.143316 1.103316 105 83 81
-0.040609 -0.144622 1.105365 104 72 72
0.054147 -0.071208 1.004785 86 56 52
0.052261 -0.068517 1.001124 73 50 44
0.050578 -0.065605 0.997628 78 57 51
0.048884 -0.062710 0.994125 81 61 54
0.046658 -0.060425 0.990206 71 53 45
0.044989 -0.057515 0.986730 63 49 44
0.043752 -0.054111 0.983589 60 48 41
0.042615 -0.050585 0.980525 63 51 48
0.041403 -0.047142 0.977400 74 66 61
0.040251 -0.043624 0.974318 51 47 44
0.039050 -0.040159 0.971198 77 73 67
0.037882 -0.036649 0.968100 103 97 87
0.036645 -0.033218 0.964948 104 97 83
0.035393 -0.029801 0.961782 87 80 68
0.034525 -0.025907 0.958901 83 78 63
0.033141 -0.022643 0.955633 68 61 54
0.031595 -0.019580 0.952246 62 53 47
0.030697 -0.015703 0.949332 78 64 60
0.053183 -0.081165 1.016243 83 51 44
0.050600 -0.079244 1.012008 77 54 47
0.048993 -0.076267 1.008578 77 54 47
0.047376 -0.073303 1.005142 78 59 52
0.045719 -0.070389 1.001674 80 64 56
0.044056 -0.067485 0.998204 86 69 61
0.042313 -0.064676 0.994671 80 65 58
0.040815 -0.061591 0.991336 71 59 51
0.039353 -0.058465 0.988030 71 57 53
0.038162 -0.055025 0.984936 65 53 48
0.037111 -0.051415 0.981951 65 54 50
0.035946 -0.047932 0.978874 57 52 47
0.034789 -0.044435 0.975800 56 52 49
0.033639 -0.040924 0.972730 60 59 53
0.032546 -0.037338 0.969700 104 96 84
0.031377 -0.033839 0.966610 158 143 119
0.030154 -0.030401 0.963476 145 128 102
0.028992 -0.026883 0.960387 150 133 106
0.027572 -0.023682 0.957102 149 132 107
0.026413 -0.020152 0.954011 143 126 106
0.025131 -0.016772 0.950827 124 109 91
0.023473 -0.013870 0.947364 101 90 76
0.022037 -0.010687 0.944065 71 65 58
0.021151 -0.006787 0.941167 58 44 37
0.049985 -0.088761 1.023659 74 51 42
0.048185 -0.086003 1.020070 75 56 47
0.046136 -0.083526 1.016274 77 56 48
0.044146 -0.080993 1.012534 78 59 51
0.042348 -0.078257 1.008956 77 59 52
0.040819 -0.075226 1.005602 77 60 53
0.039365 -0.072112 1.002311 80 63 57
0.037997 -0.068900 0.999090 83 69 60
0.036592 -0.065729 0.995838 77 66 58
0.035105 -0.062652 0.992520 74 64 57
0.033654 -0.059535 0.989232 71 60 55
0.032310 -0.056293 0.986028 68 57 53
0.031173 -0.052802 0.982989 68 59 54
0.030066 -0.049271 0.979970 70 62 58
0.029042 -0.045633 0.977014 84 78 73
0.027855 -0.042185 0.973928 109 104 94
0.026672 -0.038727 0.970842 147 138 122
0.025432 -0.035336 0.967710 154 143 121
0.024234 -0.031887 0.964609 158 144 122
0.022959 -0.028532 0.961447 155 139 115
0.021628 -0.025243 0.958241 152 134 109
0.020347 -0.021888 0.955071 145 125 100
0.019234 -0.018316 0.952026 147 128 100
0.017945 -0.014964 0.948847 149 130 102
0.016619 -0.011656 0.945640 156 136 109
0.015442 -0.008152 0.942541 143 124 100
0.013800 -0.005257 0.939099 109 97 80
0.012706 -0.001636 0.936058 78 66 57
0.012417 0.003075 0.933597 90 65 54
0.046137 -0.097013 1.030417 68 47 38
0.044182 -0.094448 1.026701 73 53 43
0.042642 -0.091443 1.023342 75 57 48
0.040919 -0.088638 1.019829 77 57 50
0.038991 -0.086067 1.016145 77 57 51
0.037439 -0.083086 1.012780 77 59 51
0.035913 -0.080076 1.009440 75 59 51
0.034529 -0.076910 1.006217 74 57 51
0.033141 -0.073746 1.002992 77 62 55
0.031814 -0.070512 0.999816 90 76 69
0.030387 -0.067391 0.996557 87 77 69
0.028894 -0.064347 0.993246 86 74 68
0.027601 -0.061070 0.990096 95 84 77
0.026236 -0.057876 0.986887 107 98 90
0.025094 -0.054412 0.983858 126 121 110
0.023980 -0.050911 0.980849 145 140 126
0.022863 -0.047406 0.977834 155 151 134
0.021707 -0.043944 0.974786 153 148 131
0.020420 -0.040638 0.971633 156 147 130
0.019216 -0.037226 0.968543 153 144 126
0.018037 -0.033778 0.965471 152 142 124
0.016804 -0.030394 0.962355 150 139 120
0.015547 -0.027037 0.959218 150 138 118
0.014333 -0.023619 0.956114 152 137 115
0.013281 -0.019990 0.953130 148 132 107
0.012274 -0.016292 0.950178 149 132 105
0.011059 -0.012860 0.947065 146 126 100
0.009509 -0.009868 0.943698 149 130 102
0.007975 -0.006856 0.940346 149 126 100
0.006554 -0.003694 0.937077 150 129 109
0.004970 -0.000754 0.933688 105 81 68
0.003860 0.002832 0.930648 105 76 62
0.003128 0.006946 0.927879 96 65 53
0.042311 -0.105190 1.037073 63 44 36
0.040516 -0.102480 1.033498 73 53 44
0.038893 -0.099589 1.030077 78 59 50
0.037314 -0.096654 1.026695 78 59 51
0.035896 -0.093547 1.023454 77 59 50
0.034219 -0.090724 1.019990 77 60 51
0.032617 -0.087823 1.016592 71 55 48
0.031079 -0.084854 1.013250 74 57 51
0.029695 -0.081713 1.010039 81 65 58
0.028375 -0.078497 1.006883 86 71 64
0.026981 -0.075365 1.003664 83 68 63
0.025663 -0.072144 1.000507 98 87 78
0.024281 -0.068996 0.997298 130 122 109
0.022928 -0.065814 0.994111 143 138 123
0.021537 -0.062675 0.990893 162 158 141
0.020101 -0.059589 0.987638 160 157 140
0.018970 -0.056137 0.984631 154 151 136
0.017825 -0.052694 0.981612 154 150 134
0.016669 -0.049260 0.978581 153 150 133
0.015494 -0.045845 0.975532 155 151 135
0.014199 -0.042574 0.972385 157 151 134
0.012981 -0.039204 0.969299 157 150 132
0.011788 -0.035799 0.966230 154 145 128
0.010554 -0.032441 0.963128 146 137 120
0.009313 -0.029088 0.960018 143 134 116
0.008130 -0.025658 0.956951 141 130 110
0.007083 -0.022043 0.953988 142 132 110
0.006164 -0.018252 0.951120 149 136 112
0.005157 -0.014568 0.948181 154 140 116
0.003978 -0.011106 0.945106 153 138 114
0.002745 -0.007711 0.941989 149 131 105
0.001189 -0.004751 0.938627 133 114 94
-0.000454 -0.001912 0.935201 109 87 74
-0.002186 0.000797 0.931711 113 86 71
-0.003679 0.003834 0.928400 110 81 66
-0.004575 0.007707 0.925528 104 77 61
-0.004403 0.013098 0.923428 101 76 58
0.039319 -0.112439 1.044356 55 41 31
0.037368 -0.109912 1.040644 62 48 40
0.035311 -0.107508 1.036840 73 57 50
0.033882 -0.104436 1.033601 78 61 54
0.032501 -0.101313 1.030403 71 53 44
0.031097 -0.098214 1.027185 68 51 42
0.029723 -0.095083 1.023992 67 50 42
0.028153 -0.092169 1.020629 80 63 55
0.026652 -0.089180 1.017327 83 66 59
0.025218 -0.086118 1.014083 83 64 56
0.023915 -0.082905 1.010953 105 87 80
0.022548 -0.079764 1.007767 128 108 96
0.021082 -0.076738 1.004496 142 121 108
0.019639 -0.073686 1.001245 152 142 125
0.018147 -0.070693 0.997953 170 166 147
0.016641 -0.067717 0.994650 147 143 127
0.015170 -0.064702 0.991376 154 150 133
0.013839 -0.061518 0.988220 158 153 137
0.012713 -0.058082 0.985234 158 153 139
0.011540 -0.054698 0.982206 159 154 139
0.010354 -0.051327 0.979165 162 158 142
0.009165 -0.047954 0.976120 162 158 142
0.007893 -0.044683 0.973005 162 158 142
0.006652 -0.041368 0.969914 162 157 140
0.005470 -0.037974 0.966870 159 154 137
0.004331 -0.034521 0.963857 159 153 137
0.003146 -0.031122 0.960806 157 151 133
0.002003 -0.027662 0.957786 153 147 129
0.000961 -0.024064 0.954843 145 138 118
0.000030 -0.020311 0.951983 140 131 111
-0.000867 -0.016502 0.949145 144 134 112
-0.001817 -0.012753 0.946263 154 143 120
-0.002789 -0.009025 0.943358 154 142 120
-0.003861 -0.005424 0.940373 126 112 93
-0.005457 -0.002541 0.936988 114 93 79
-0.007096 0.000279 0.933572 119 94 78
-0.008669 0.003186 0.930207 113 86 71
-0.010015 0.006414 0.927013 105 81 67
-0.010785 0.010461 0.924244 93 71 58
-0.012008 0.013875 0.921136 90 66 57
0.033671 -0.117885 1.047189 48 37 29
0.031954 -0.115141 1.043695 58 47 40
0.030471 -0.112152 1.040416 63 49 42
0.029169 -0.108968 1.037301 61 47 40
0.027860 -0.105790 1.034179 60 44 38
0.026481 -0.102688 1.030993 67 52 45
0.025165 -0.099516 1.027863 77 62 53
0.023687 -0.096522 1.024590 78 63 55
0.022166 -0.093580 1.021277 93 77 66
0.020675 -0.090605 1.017993 126 103 92
0.019199 -0.087614 1.014723 147 117 98
0.017819 -0.084513 1.011537 138 113 96
0.016366 -0.081498 1.008287 130 110 91
0.014828 -0.078582 1.004964 133 117 104
0.013253 -0.075714 1.001610 154 148 132
0.011618 -0.072920 0.998207 153 150 133
0.010061 -0.070037 0.994872 152 150 133
0.008599 -0.067042 0.991618 154 150 135
0.007277 -0.063877 0.988484 156 151 137
0.006153 -0.060465 0.985515 158 153 139
0.005033 -0.057045 0.982547 157 152 138
0.003889 -0.053649 0.979557 157 152 138
0.002708 -0.050294 0.976533 154 149 135
0.001439 -0.047046 0.973436 152 148 133
0.000218 -0.043734 0.970377 151 147 131
-0.000901 -0.040287 0.967399 158 154 138
-0.001946 -0.036738 0.964479 160 157 142
-0.003025 -0.033226 0.961528 166 161 145
-0.004040 -0.029622 0.958625 159 154 137
-0.004990 -0.025924 0.955772 157 151 133
-0.005874 -0.022127 0.952966 156 150 132
-0.006702 -0.018245 0.950199 154 146 127
-0.007531 -0.014350 0.947427 143 134 115
-0.008382 -0.010474 0.944633 147 139 119
-0.009369 -0.006774 0.941728 124 112 93
-0.010696 -0.003539 0.938557 130 111 96
-0.012074 -0.000374 0.935346 118 94 78
-0.013341 0.002948 0.932219 111 86 71
-0.014504 0.006424 0.929170 106 84 72
-0.015880 0.009598 0.925958 106 88 78
-0.017124 0.012964 0.922845 88 72 66
-0.018402 0.016284 0.919704 90 76 69
-0.018674 0.021090 0.917304 106 85 71
0.028093 -0.123262 1.049976 46 35 34
0.026980 -0.119907 1.047050 49 38 35
0.025691 -0.116737 1.043959 55 43 39
0.024568 -0.113385 1.041020 60 45 41
0.023107 -0.110397 1.037770 74 60 54
0.021774 -0.107268 1.034638 77 63 56
0.020511 -0.104061 1.031568 80 68 58
0.019158 -0.100953 1.028416 101 88 77
0.017601 -0.098073 1.025080 138 116 101
0.015993 -0.095256 1.021698 165 130 110
0.014479 -0.092334 1.018404 153 119 98
0.012954 -0.089427 1.015100 144 113 94
0.011525 -0.086411 1.011881 140 120 102
0.010044 -0.083456 1.008618 147 139 119
0.008488 -0.080591 1.005290 155 148 135
0.006923 -0.077740 1.001955 159 154 139
0.005301 -0.074962 0.998572 160 158 142
0.003782 -0.072064 0.995279 166 161 148
0.002347 -0.069064 0.992060 170 165 152
0.001071 -0.065869 0.988978 170 165 151
-0.000039 -0.062466 0.986035 170 165 151
-0.001148 -0.059055 0.983092 167 162 148
-0.002276 -0.055664 0.980129 167 162 148
-0.003449 -0.052323 0.977128 167 162 148
-0.004706 -0.049087 0.974053 163 158 144
-0.005904 -0.045772 0.971026 163 159 144
-0.006980 -0.042292 0.968100 162 157 143
-0.008040 -0.038786 0.965182 159 154 140
-0.009090 -0.035258 0.962271 154 149 134
-0.010057 -0.031614 0.959424 157 153 137
-0.010957 -0.027869 0.956628 158 153 137
-0.011797 -0.024033 0.953875 160 155 139
-0.012649 -0.020203 0.951107 157 152 136
-0.013445 -0.016282 0.948379 159 152 135
-0.014156 -0.012230 0.945713 151 143 125
-0.015061 -0.008436 0.942888 128 115 97
-0.016299 -0.005098 0.939799 130 110 95
-0.017471 -0.001664 0.936758 121 98 84
-0.018556 0.001900 0.933783 110 86 72
-0.019628 0.005491 0.930815 110 91 80
-0.021101 0.008505 0.927537 113 97 87
-0.022571 0.011523 0.924263 110 99 89
-0.024107 0.014443 0.920939 93 81 73
-0.025344 0.017804 0.917840 95 81 73
-0.026167 0.021789 0.915047 104 79 73
0.022954 -0.128183 1.053066 48 37 35
0.021857 -0.124839 1.050171 49 39 37
0.020633 -0.121627 1.047155 62 51 49
0.019663 -0.118136 1.044374 74 62 58
0.018489 -0.114861 1.041402 75 62 59
0.017189 -0.111721 1.038310 86 74 66
0.015883 -0.108585 1.035212 121 112 99
0.014476 -0.105561 1.032021 151 143 125
0.013017 -0.102597 1.028782 136 126 109
0.011386 -0.099829 1.025388 112 96 81
0.009737 -0.097087 1.021978 132 110 91
0.008190 -0.094232 1.018663 142 123 107
0.006709 -0.091302 1.015409 151 140 123
0.005302 -0.088288 1.012221 154 146 127
0.003804 -0.085381 1.008953 147 141 124
0.002306 -0.082476 1.005686 162 156 143
0.000887 -0.079479 1.002489 173 168 155
-0.000583 -0.076544 0.999248 175 172 158
-0.001991 -0.073536 0.996060 176 172 159
-0.003322 -0.070432 0.992941 171 167 155
-0.004533 -0.067178 0.989926 168 164 151
-0.005638 -0.063788 0.987000 167 162 148
-0.006820 -0.060488 0.984007 166 161 147
-0.008058 -0.057256 0.980964 166 161 147
-0.009285 -0.054007 0.977929 164 159 145
-0.010540 -0.050791 0.974868 164 159 145
-0.011727 -0.047485 0.971863 164 159 145
-0.012824 -0.044054 0.968933 165 160 146
-0.013906 -0.040598 0.966012 162 158 144
-0.014979 -0.037124 0.963096 163 159 144
-0.015960 -0.033518 0.960254 164 159 144
-0.016866 -0.029803 0.957469 159 154 139
-0.017712 -0.025993 0.954730 158 153 137
-0.018572 -0.022193 0.951973 160 155 139
-0.019364 -0.018286 0.949267 158 153 136
-0.020027 -0.014186 0.946659 158 153 135
-0.020825 -0.010259 0.943937 159 151 132
-0.021910 -0.006728 0.940981 128 110 95
-0.022928 -0.003094 0.938076 126 105 92
-0.023968 0.000518 0.935150 110 88 76
-0.025010 0.004134 0.932218 107 90 79
-0.026205 0.007534 0.929164 118 104 93
-0.027461 0.010848 0.926061 119 108 97
-0.028993 0.013756 0.922746 118 108 96
-0.030735 0.016344 0.919272 103 90 82
-0.032284 0.019217 0.915946 99 85 77
-0.033461 0.022654 0.912902 103 72 65
0.018058 -0.132853 1.056291 43 37 35
0.016886 -0.129616 1.053339 55 46 43
0.015927 -0.126145 1.050589 67 56 56
0.015024 -0.122605 1.047889 71 61 59
0.013994 -0.119197 1.045066 86 77 70
0.012897 -0.115855 1.042177 135 125 112
0.011629 -0.112699 1.039124 157 150 131
0.010355 -0.109547 1.036066 153 149 128
0.008757 -0.106759 1.032705 142 137 117
0.007189 -0.103942 1.029374 149 145 126
0.005498 -0.101269 1.025930 144 139 124
0.003841 -0.098564 1.022519 152 148 131
0.002300 -0.095727 1.019218 156 152 136
0.000822 -0.092819 1.015975 154 150 134
-0.000585 -0.089829 1.012797 160 155 139
-0.002070 -0.086932 1.009550 173 168 154
-0.003482 -0.083950 1.006368 182 178 165
-0.004836 -0.080898 1.003239 179 176 164
-0.006242 -0.077909 1.000063 173 172 159
-0.007599 -0.074860 0.996930 172 170 157
-0.008852 -0.071681 0.993890 163 161 148
-0.010084 -0.068473 0.990867 159 157 144
-0.011220 -0.065141 0.987927 160 155 141
-0.012357 -0.061803 0.984984 158 153 139
-0.013735 -0.058772 0.981830 155 150 136
-0.014997 -0.055591 0.978776 156 151 137
-0.016251 -0.052397 0.975728 156 151 137
-0.017497 -0.049188 0.972686 157 152 138
-0.018632 -0.045831 0.969736 159 154 139
-0.019676 -0.042344 0.966863 159 155 140
-0.020765 -0.038914 0.963947 160 156 142
-0.021793 -0.035392 0.961081 162 157 142
-0.022716 -0.031719 0.958299 160 156 141
-0.023596 -0.027977 0.955548 157 153 138
-0.024479 -0.024229 0.952791 159 155 139
-0.025290 -0.020368 0.950088 156 152 135
-0.025994 -0.016342 0.947467 163 158 141
-0.026749 -0.012375 0.944799 159 152 135
-0.027657 -0.008613 0.942001 146 134 119
-0.028432 -0.004647 0.939306 123 104 93
-0.029279 -0.000774 0.936547 117 96 84
-0.030176 0.003040 0.933744 87 71 61
-0.031401 0.006378 0.930677 111 97 86
-0.032614 0.009739 0.927618 119 108 96
-0.033863 0.013050 0.924530 119 108 95
-0.035250 0.016155 0.921333 122 108 96
-0.036913 0.018840 0.917924 101 85 73
-0.039013 0.020845 0.914183 117 91 81
-0.040531 0.023737 0.910891 113 76 66
0.013189 -0.137501 1.059449 44 41 39
0.011986 -0.134322 1.056482 55 51 50
0.011150 -0.130745 1.053868 77 70 65
0.010531 -0.126922 1.051461 118 111 100
0.009825 -0.123182 1.048963 144 140 122
0.008714 -0.119876 1.046073 166 160 141
0.007395 -0.116796 1.042983 156 149 129
0.005953 -0.113854 1.039775 155 149 131
0.004408 -0.111029 1.036470 155 151 132
0.002723 -0.108368 1.033034 156 152 132
0.001151 -0.105582 1.029707 152 149 130
-0.000513 -0.102908 1.026295 156 152 136
-0.002117 -0.100168 1.022941 158 154 138
-0.003623 -0.097318 1.019680 160 156 140
-0.005096 -0.094430 1.016450 166 162 146
-0.006463 -0.091417 1.013319 173 169 154
-0.007870 -0.088453 1.010151 182 178 165
-0.009201 -0.085396 1.007053 189 185 172
-0.010533 -0.082340 1.003953 182 177 165
-0.011921 -0.079352 1.000803 164 161 148
-0.013108 -0.076115 0.997833 152 150 137
-0.014309 -0.072890 0.994851 146 145 131
-0.015491 -0.069637 0.991883 147 145 132
-0.016652 -0.066355 0.988932 151 146 134
-0.017866 -0.063136 0.985933 154 149 135
-0.019320 -0.060227 0.982720 155 150 136
-0.020578 -0.057061 0.979681 155 149 135
-0.021754 -0.053786 0.976711 153 149 133
-0.023100 -0.050732 0.973593 153 149 133
-0.024346 -0.047543 0.970561 154 150 134
-0.025444 -0.044152 0.967655 153 149 133
-0.026582 -0.040809 0.964712 154 149 135
-0.027647 -0.037360 0.961830 154 150 133
-0.028609 -0.033763 0.959030 154 151 136
-0.029526 -0.030093 0.956266 151 147 133
-0.030421 -0.026382 0.953517 163 159 144
-0.031230 -0.022539 0.950834 164 160 144
-0.031946 -0.018550 0.948223 158 154 138
-0.032678 -0.014568 0.945593 162 157 141
-0.033466 -0.010654 0.942912 159 154 138
-0.034084 -0.006478 0.940363 131 117 102
-0.034724 -0.002317 0.937789 130 109 96
-0.035457 0.001724 0.935134 119 101 90
-0.036480 0.005346 0.932240 90 75 66
-0.037673 0.008720 0.929207 99 87 77
-0.038870 0.012094 0.926170 116 105 93
-0.040067 0.015472 0.923130 122 109 96
-0.041689 0.018198 0.919756 107 88 74
-0.044142 0.019627 0.915739 115 86 72
-0.046145 0.021736 0.912079 121 84 71
-0.047719 0.024508 0.908754 117 76 62
0.008671 -0.141783 1.062864 48 47 44
0.007086 -0.139036 1.059530 56 55 52
0.006419 -0.135302 1.057103 73 71 68
0.005786 -0.131520 1.054703 129 123 112
0.005221 -0.127648 1.052365 157 152 131
0.004327 -0.124127 1.049700 162 158 135
0.003079 -0.120991 1.046689 155 150 132
0.001625 -0.118084 1.043477 147 143 125
0.000077 -0.115286 1.040175 151 147 130
-0.001536 -0.112564 1.036813 157 152 135
-0.003282 -0.110002 1.033324 155 151 135
-0.004838 -0.107226 1.030020 157 153 137
-0.006427 -0.104492 1.026685 159 155 139
-0.007981 -0.101721 1.023386 160 156 140
-0.009480 -0.098887 1.020140 166 162 146
-0.010932 -0.096000 1.016939 170 166 150
-0.012270 -0.092976 1.013845 178 173 159
-0.013641 -0.089994 1.010719 185 180 167
-0.014968 -0.086956 1.007635 170 166 154
-0.016349 -0.083985 1.004500 155 151 139
-0.017637 -0.080897 1.001451 151 149 136
-0.018727 -0.077558 0.998583 145 143 130
-0.019869 -0.074280 0.995664 141 141 127
-0.021168 -0.071200 0.992602 149 147 134
-0.022490 -0.068146 0.989519 155 150 137
-0.024049 -0.065400 0.986222 155 150 136
-0.025676 -0.062749 0.982866 154 149 134
-0.026904 -0.059574 0.979867 154 149 133
-0.027871 -0.056048 0.977098 152 148 132
-0.029079 -0.052838 0.974114 153 149 133
-0.030081 -0.049345 0.971308 154 150 134
-0.030825 -0.045493 0.968724 155 151 135
-0.032064 -0.042308 0.965705 153 149 133
-0.033223 -0.039009 0.962754 149 145 130
-0.034330 -0.035632 0.959847 148 145 129
-0.035224 -0.031951 0.957118 153 149 134
-0.036115 -0.028254 0.954388 158 154 139
-0.036966 -0.024488 0.951688 163 159 143
-0.037739 -0.020599 0.949048 165 161 145
-0.038496 -0.016673 0.946416 160 155 139
-0.039342 -0.012863 0.943705 159 155 139
-0.039984 -0.008740 0.941157 154 151 135
-0.040376 -0.004227 0.938809 134 116 104
-0.040919 0.000083 0.936328 129 109 96
-0.041598 0.004206 0.933728 121 103 92
-0.042553 0.007925 0.930899 90 77 69
-0.043746 0.011290 0.927874 83 73 68
-0.045003 0.014560 0.924796 118 105 93
-0.046734 0.017095 0.921340 114 89 75
-0.048865 0.018993 0.917571 120 88 72
-0.050887 0.021046 0.913895 123 86 71
-0.052941 0.023035 0.910201 123 84 69
-0.053658 0.027154 0.907549 115 74 61
0.004465 -0.145738 1.066511 43 46 43
0.002324 -0.143606 1.062623 55 54 51
0.001611 -0.139949 1.060170 70 69 66
0.001145 -0.136009 1.057960 106 106 94
0.000759 -0.131966 1.055822 160 155 136
-0.000075 -0.128400 1.053234 165 158 138
-0.001301 -0.125262 1.050255 155 150 129
-0.002885 -0.122525 1.046923 158 153 136
-0.004475 -0.119799 1.043586 157 153 136
-0.010620 -0.108684 1.030466 159 155 139
-0.012083 -0.105829 1.027258 160 157 141
-0.013636 -0.103081 1.023967 166 162 146
-0.015222 -0.100377 1.020645 166 162 146
-0.016843 -0.097720 1.017292 171 167 152
-0.018135 -0.094666 1.014252 175 170 156
-0.019374 -0.091545 1.011261 158 154 141
-0.020746 -0.088588 1.008144 149 146 134
-0.022223 -0.085762 1.004930 151 146 134
-0.023488 -0.082670 1.001913 149 147 134
-0.024639 -0.079432 0.999002 148 146 133
-0.026388 -0.076957 0.995538 153 151 138
-0.029032 -0.075649 0.991255 155 152 139
-0.034100 -0.077527 0.984769 151 148 133
-0.039165 -0.079479 0.978317 149 144 129
-0.041668 -0.078114 0.974215 148 144 128
-0.042681 -0.074786 0.971464 148 143 128
-0.042682 -0.070088 0.969618 145 140 125
-0.041466 -0.063710 0.968847 151 147 131
-0.039136 -0.055753 0.969044 154 149 134
-0.037915 -0.049245 0.968230 155 150 135
-0.037870 -0.044315 0.966359 153 148 134
-0.038798 -0.040717 0.963624 148 144 128
-0.039873 -0.037317 0.960757 147 143 127
-0.040784 -0.033678 0.958029 150 146 130
-0.041661 -0.029977 0.955328 154 150 134
-0.042470 -0.026170 0.952679 157 153 137
-0.043278 -0.022347 0.950028 162 158 142
-0.044065 -0.018481 0.947388 164 160 144
-0.044844 -0.014590 0.944750 158 154 138
-0.045581 -0.010622 0.942142 158 154 138
-0.046071 -0.006269 0.939734 156 150 134
-0.046402 -0.001653 0.937451 137 117 104
-0.046931 0.002685 0.934995 130 111 99
-0.047476 0.007017 0.932516 119 103 91
-0.048402 0.010781 0.929719 88 76 69
-0.049653 0.014047 0.926654 89 78 70
-0.051289 0.016712 0.923277 117 91 75
-0.053639 0.018238 0.919329 123 91 75
-0.055868 0.019933 0.915486 126 93 74
-0.058053 0.021677 0.911686 124 88 71
-0.059951 0.023869 0.908121 122 84 70
-0.060142 0.028841 0.905898 126 75 66
-0.002150 -0.147876 1.065918 49 52 50
-0.003056 -0.144448 1.063289 56 59 57
-0.003534 -0.140547 1.061090 83 83 76
-0.003809 -0.136406 1.059091 159 155 135
-0.004447 -0.132647 1.056718 160 155 137
-0.005644 -0.129499 1.053779 155 150 132
-0.007104 -0.126645 1.050576 157 153 133
-0.008617 -0.123853 1.047321 158 154 138
-0.017789 -0.107277 1.027724 165 161 145
-0.019392 -0.104616 1.024390 165 161 145
-0.021357 -0.102400 1.020709 162 158 143
-0.022764 -0.099513 1.017569 167 162 148
-0.023985 -0.096397 1.014608 154 150 137
-0.025371 -0.093483 1.011488 149 147 134
-0.026834 -0.090667 1.008296 145 143 130
-0.028413 -0.088000 1.004994 153 148 136
-0.029753 -0.085034 1.001920 153 151 138
-0.031583 -0.082697 0.998385 158 156 143
-0.035922 -0.083620 0.992511 158 155 142
-0.047602 -0.094194 0.979832 164 160 148
-0.052904 -0.096589 0.973144 204 201 190
-0.055198 -0.095077 0.969262 214 216 205
-0.056576 -0.092359 0.966230 219 219 209
-0.057549 -0.089097 0.963569 218 219 210
-0.058364 -0.085613 0.961048 214 214 203
-0.059332 -0.082329 0.958386 189 187 174
-0.059034 -0.077289 0.956861 147 143 129
-0.054792 -0.066724 0.958859 154 149 135
-0.044676 -0.042916 0.964165 148 144 129
-0.045608 -0.039337 0.961439 150 146 130
-0.046508 -0.035701 0.958739 150 146 130
-0.047315 -0.031922 0.956115 150 146 130
-0.048093 -0.028087 0.953511 152 148 132
-0.048890 -0.024266 0.950886 158 154 138
-0.049673 -0.020413 0.948268 162 158 142
-0.050436 -0.016516 0.945662 165 161 145
-0.051047 -0.012374 0.943181 158 153 138
-0.051497 -0.007972 0.940828 157 154 138
-0.051791 -0.003308 0.938599 155 150 134
-0.052202 0.001199 0.936261 136 117 102
-0.052669 0.005645 0.933869 128 110 96
-0.053386 0.009720 0.931259 123 104 92
-0.054450 0.013264 0.928358 95 80 69
-0.056068 0.015936 0.924999 119 93 76
-0.058299 0.017619 0.921142 123 94 77
-0.060543 0.019260 0.917283 141 108 91
-0.062763 0.020920 0.913451 128 93 75
-0.064917 0.022666 0.909681 124 87 70
-0.067197 0.024185 0.905817 122 83 69
-0.006221 -0.151718 1.069548 42 45 42
-0.007731 -0.148964 1.066308 52 55 53
-0.007858 -0.144703 1.064496 68 68 66
-0.008190 -0.140646 1.062464 155 151 135
-0.008845 -0.136929 1.060094 160 156 137
-0.009881 -0.133624 1.057332 156 151 133
-0.011230 -0.130666 1.054248 158 154 136
-0.012662 -0.127803 1.051081 157 153 136
-0.021779 -0.111287 1.031568 165 161 145
-0.023255 -0.108494 1.028362 166 162 146
-0.024959 -0.105980 1.024935 167 163 147
-0.026613 -0.103413 1.021558 162 159 143
-0.027977 -0.100493 1.018468 152 150 135
-0.029381 -0.097623 1.015338 148 146 132
-0.030922 -0.094926 1.012077 149 147 134
-0.032578 -0.092381 1.008705 155 152 140
-0.034306 -0.089931 1.005268 157 155 142
-0.036740 -0.088401 1.001159 155 153 140
-0.043652 -0.092704 0.992798 158 156 143
-0.053634 -0.101140 0.981574 181 178 167
-0.057490 -0.101680 0.976199 218 219 209
-0.059404 -0.099694 0.972668 218 219 210
-0.060841 -0.097081 0.969589 219 220 211
-0.062114 -0.094250 0.966663 219 220 211
-0.063332 -0.091344 0.963789 220 221 213
-0.064408 -0.088240 0.961046 220 221 213
-0.065223 -0.084772 0.958539 222 221 213
-0.065868 -0.081057 0.956185 215 214 205
-0.066147 -0.076812 0.954158 153 150 137
-0.061723 -0.065880 0.956383 151 146 132
-0.053799 -0.049821 0.961713 149 145 130
-0.051601 -0.041795 0.961827 150 146 130
-0.052258 -0.037832 0.959361 150 146 130
-0.052921 -0.033863 0.956882 149 145 129
-0.053515 -0.029774 0.954460 147 143 127
-0.054249 -0.025876 0.951908 154 150 134
-0.055093 -0.022129 0.949253 159 155 138
-0.055882 -0.018288 0.946641 160 157 142
-0.056502 -0.014174 0.944171 163 158 144
-0.056945 -0.009772 0.941847 157 153 138
-0.057221 -0.005090 0.939657 168 163 147
-0.058240 0.008813 0.932866 129 109 96
-0.059202 0.012506 0.930061 120 100 87
-0.060879 0.015063 0.926657 117 92 75
-0.063151 0.016647 0.922762 132 102 85
-0.065138 0.018675 0.919110 130 99 83
-0.067306 0.020391 0.915316 133 100 82
-0.069600 0.021877 0.911427 129 92 75
-0.072014 0.023139 0.907450 130 91 77
-0.072891 0.026959 0.904719 113 76 61
-0.009097 -0.154283 1.074367 40 36 40
-0.012437 -0.153519 1.069205 50 53 53
-0.012907 -0.149657 1.067064 60 62 60
-0.012827 -0.145174 1.065490 120 119 109
-0.013029 -0.140978 1.063613 165 160 140
-0.013940 -0.137555 1.060991 158 153 135
-0.015199 -0.134516 1.058009 158 154 136
-0.016669 -0.131717 1.054808 160 156 139
-0.018110 -0.128885 1.051638 158 154 138
-0.028399 -0.109370 1.029266 171 167 151
-0.030089 -0.106862 1.025854 171 167 151
-0.031741 -0.104313 1.022484 160 155 140
-0.033165 -0.101488 1.019340 150 145 131
-0.034790 -0.098917 1.016000 154 150 136
-0.036653 -0.096654 1.012428 153 150 137
-0.038663 -0.094589 1.008717 155 153 140
-0.041320 -0.093374 1.004382 156 154 141
-0.046753 -0.095794 0.997368 154 153 140
-0.055956 -0.103242 0.986751 178 176 166
-0.060976 -0.105331 0.980215 217 216 207
-0.063494 -0.104168 0.976102 218 219 211
-0.065143 -0.101864 0.972828 218 219 211
-0.066326 -0.098939 0.969998 218 219 211
-0.067720 -0.096298 0.966969 219 220 211
-0.068849 -0.093296 0.964189 220 221 213
-0.069901 -0.090183 0.961480 221 221 213
-0.071050 -0.087201 0.958680 221 220 212
-0.071820 -0.083683 0.956229 221 220 213
-0.072285 -0.079720 0.954056 212 211 203
-0.070730 -0.072848 0.953733 160 158 146
-0.066597 -0.062193 0.955743 149 145 131
-0.060059 -0.047916 0.959898 147 142 127
-0.058064 -0.040117 0.959866 148 144 128
-0.058568 -0.035931 0.957552 150 146 130
-0.059221 -0.031946 0.955097 149 144 128
-0.059886 -0.027965 0.952625 150 146 129
-0.060667 -0.024143 0.950043 154 150 134
-0.061542 -0.020450 0.947374 157 153 138
-0.062154 -0.016342 0.944932 156 152 138
-0.062630 -0.012004 0.942602 160 155 141
-0.063820 0.011920 0.931842 134 111 97
-0.065574 0.014331 0.928374 134 108 95
-0.067960 0.015697 0.924377 167 139 123
-0.070096 0.017452 0.920600 137 108 92
-0.072116 0.019378 0.916926 136 104 89
-0.074326 0.020970 0.913101 134 100 83
-0.076738 0.022200 0.909119 137 99 84
-0.078518 0.024475 0.905662 125 89 72
-0.078186 0.030357 0.903929 118 101 100
-0.016164 -0.157019 1.073055 43 43 44
-0.018090 -0.154765 1.069384 56 57 58
-0.018085 -0.150394 1.067766 74 75 71
-0.017454 -0.145302 1.066800 168 163 147
-0.017851 -0.141325 1.064737 148 143 127
-0.019069 -0.138260 1.061805 159 154 136
-0.020530 -0.135468 1.058619 159 155 139
-0.022092 -0.132795 1.055328 159 154 140
-0.023511 -0.129961 1.052187 150 145 132
-0.035171 -0.107728 1.026773 164 160 144
-0.036920 -0.105324 1.023307 156 152 136
-0.038592 -0.102832 1.019922 155 150 135
-0.040456 -0.100591 1.016348 156 151 137
-0.042615 -0.098739 1.012484 156 151 137
-0.045019 -0.097221 1.008384 156 152 140
-0.049124 -0.097939 1.002616 157 155 142
-0.055610 -0.101843 0.994531 181 181 173
-0.062662 -0.106607 0.985934 189 190 181
-0.066658 -0.107417 0.980360 217 219 212
-0.068812 -0.105808 0.976594 218 219 211
-0.070421 -0.103480 0.973362 218 219 211
-0.071916 -0.101002 0.970243 219 220 212
-0.073168 -0.098196 0.967358 218 219 211
-0.074207 -0.095093 0.964675 219 220 211
-0.075259 -0.092003 0.961979 219 220 211
-0.076340 -0.088949 0.959254 219 220 211
-0.077567 -0.086097 0.956390 221 220 213
-0.077971 -0.082066 0.954296 219 219 211
-0.077626 -0.076932 0.952893 199 198 190
-0.075355 -0.068953 0.953266 165 163 152
-0.071425 -0.058458 0.955140 149 144 132
-0.065048 -0.044217 0.959220 148 144 130
-0.064152 -0.037975 0.958215 149 145 129
-0.064832 -0.034048 0.955755 151 147 131
-0.065542 -0.030153 0.953262 151 147 131
-0.066234 -0.026214 0.950779 150 146 130
-0.067028 -0.022417 0.948199 154 150 134
-0.067617 -0.018288 0.945797 153 151 136
-0.072663 0.014874 0.926044 213 195 177
-0.074960 0.016328 0.922125 136 109 93
-0.076999 0.018192 0.918433 139 109 92
-0.079026 0.020058 0.914758 137 106 87
-0.081107 0.021815 0.911045 135 102 83
-0.083168 0.023589 0.907356 124 90 72
-0.085041 0.025666 0.903828 114 80 68
-0.018756 -0.159292 1.078072 42 41 35
-0.022048 -0.158540 1.072918 49 50 48
-0.022875 -0.155106 1.070433 60 62 61
-0.023067 -0.150955 1.068626 135 134 123
-0.022334 -0.145744 1.067801 149 145 130
-0.023099 -0.142189 1.065364 149 145 129
-0.024514 -0.139367 1.062232 160 156 140
-0.025979 -0.136602 1.059048 160 156 142
-0.027483 -0.133886 1.055823 150 147 133
-0.042004 -0.106262 1.024175 157 153 137
-0.044078 -0.104306 1.020383 154 149 134
-0.046235 -0.102470 1.016515 154 149 135
-0.048595 -0.100916 1.012447 153 148 134
-0.051746 -0.100415 1.007594 155 151 138
-0.056280 -0.101771 1.001373 185 182 174
-0.062371 -0.105262 0.993626 172 171 162
-0.068602 -0.109042 0.985779 194 195 187
-0.072385 -0.109631 0.980390 217 217 211
-0.074275 -0.107704 0.976883 218 219 211
-0.075836 -0.105341 0.973703 219 220 212
-0.077248 -0.102779 0.970670 219 220 212
-0.078386 -0.099837 0.967906 218 219 211
-0.079493 -0.096851 0.965170 218 219 210
-0.080541 -0.093777 0.962490 220 219 210
-0.081683 -0.090832 0.959718 220 219 212
-0.082770 -0.087806 0.956997 220 221 213
-0.083727 -0.084587 0.954398 220 219 212
-0.083334 -0.079389 0.953075 202 201 194
-0.081827 -0.072514 0.952787 205 203 195
-0.079610 -0.064521 0.953141 147 144 129
-0.076092 -0.054501 0.954680 153 148 134
-0.070296 -0.040933 0.958293 151 146 132
-0.070352 -0.036084 0.956432 152 148 132
-0.071261 -0.032510 0.953774 152 148 132
-0.071953 -0.028590 0.951312 151 147 131
-0.072584 -0.024561 0.948899 151 147 132
-0.073123 -0.020371 0.946563 148 146 131
-0.077469 0.013829 0.927581 215 198 180
-0.079933 0.014968 0.923512 138 111 94
-0.081762 0.017155 0.920000 138 110 93
-0.083670 0.019195 0.916426 139 107 88
-0.085743 0.020934 0.912715 134 101 82
-0.087757 0.022757 0.909062 126 92 72
-0.090145 0.023909 0.905101 121 87 67
-0.091421 0.026993 0.902080 120 116 126
-0.025466 -0.161729 1.076975 38 40 36
-0.027766 -0.159936 1.072891 52 53 52
-0.028106 -0.155978 1.070952 71 74 71
-0.027739 -0.151205 1.069776 154 149 135
-0.027425 -0.146461 1.068530 150 146 130
-0.028549 -0.143329 1.065719 149 144 130
-0.029975 -0.140541 1.062582 159 155 139
-0.031395 -0.137748 1.059452 156 154 139
-0.047222 -0.107418 1.024853 158 154 138
-0.049563 -0.105835 1.020784 155 151 135
-0.051964 -0.104350 1.016663 152 148 132
-0.054549 -0.103130 1.012361 151 146 133
-0.058305 -0.103479 1.006878 170 166 154
-0.062349 -0.104263 1.001122 175 174 165
-0.067352 -0.106391 0.994419 166 165 157
-0.074408 -0.111371 0.985682 192 190 183
-0.077821 -0.111520 0.980639 217 217 211
-0.079697 -0.109610 0.977146 218 219 212
-0.081272 -0.107296 0.973957 218 219 211
-0.082562 -0.104591 0.971054 218 219 211
-0.083762 -0.101761 0.968239 218 219 211
-0.084870 -0.098800 0.965514 218 219 210
-0.085991 -0.095853 0.962775 219 219 210
-0.087139 -0.092944 0.960008 220 219 212
-0.088268 -0.090002 0.957260 220 219 212
-0.089113 -0.086643 0.954784 219 219 210
-0.088684 -0.081396 0.953528 204 203 194
-0.086789 -0.073930 0.953659 201 201 193
-0.085138 -0.066754 0.953532 208 208 198
-0.083520 -0.059559 0.953347 151 146 132
-0.078534 -0.047167 0.956315 152 148 133
-0.076830 -0.034713 0.954358 152 149 133
-0.077499 -0.030775 0.951936 150 149 132
-0.078003 -0.026564 0.949661 150 147 133
-0.078460 -0.022257 0.947422 150 148 135
-0.084406 0.014401 0.925292 141 113 97
-0.086089 0.016814 0.921907 138 110 89
-0.088079 0.018688 0.918258 137 106 85
-0.090077 0.020531 0.914608 136 104 81
-0.092276 0.022003 0.910792 126 93 72
-0.094480 0.023445 0.906980 122 87 68
-0.096203 0.025719 0.903585 99 71 63
-0.031583 -0.163587 1.076440 46 47 44
-0.033546 -0.161456 1.072726 56 57 56
-0.033547 -0.157129 1.071185 109 109 104
-0.032627 -0.151733 1.070648 152 148 133
-0.032868 -0.147622 1.068821 155 151 135
-0.034045 -0.144570 1.065963 158 154 138
-0.035310 -0.141618 1.063008 158 154 138
-0.036606 -0.138703 1.060019 151 149 136
-0.050170 -0.110284 1.029485 158 154 138
-0.052358 -0.108519 1.025561 157 153 137
-0.054817 -0.107121 1.021364 155 151 135
-0.057414 -0.105930 1.017031 154 150 134
-0.060254 -0.105086 1.012456 157 152 139
-0.063975 -0.105449 1.006984 195 193 184
-0.067584 -0.105714 1.001646 171 170 161
-0.072067 -0.107211 0.995432 164 163 155
-0.079047 -0.112183 0.986697 187 186 178
-0.082581 -0.112545 0.981507 207 208 202
-0.084565 -0.110811 0.977903 217 219 212
-0.086207 -0.108616 0.974650 218 219 211
-0.087563 -0.106026 0.971688 218 219 211
-0.088799 -0.103269 0.968845 218 219 211
-0.089962 -0.100408 0.966075 218 219 211
-0.091048 -0.097432 0.963382 218 219 211
-0.091960 -0.094201 0.960858 218 219 210
-0.093072 -0.091253 0.958135 219 219 211
-0.093814 -0.087757 0.955773 212 214 205
-0.093445 -0.082594 0.954490 199 198 190
-0.090601 -0.073675 0.955594 201 201 193
-0.089441 -0.067206 0.955037 211 211 203
-0.088743 -0.061385 0.954014 149 145 132
-0.085853 -0.052144 0.955073 153 148 133
-0.081914 -0.041175 0.957096 154 150 134
-0.082553 -0.037229 0.954728 152 149 133
-0.083161 -0.033216 0.952385 150 149 132
-0.083624 -0.028956 0.950172 150 148 133
-0.084004 -0.024543 0.948027 150 148 133
-0.088442 0.014543 0.927430 133 108 93
-0.090340 0.016566 0.923852 136 109 88
-0.092290 0.018485 0.920234 137 106 85
-0.094195 0.020467 0.916661 136 104 82
-0.096325 0.022036 0.912897 129 96 75
-0.099050 0.022521 0.908623 121 89 69
-0.101566 0.023342 0.904543 101 70 56
-0.037500 -0.165283 1.076049 47 48 44
-0.039195 -0.162884 1.072637 62 64 60
-0.038415 -0.157681 1.071994 149 146 133
-0.037854 -0.152687 1.071095 159 155 138
-0.038420 -0.148959 1.068929 157 153 137
-0.039473 -0.145785 1.066218 157 153 137
-0.040539 -0.142621 1.063492 147 143 127
-0.041672 -0.139532 1.060689 153 151 138
-0.055077 -0.111108 1.030386 159 154 140
-0.057317 -0.109438 1.026403 157 153 137
-0.059832 -0.108149 1.022136 156 152 136
-0.062585 -0.107200 1.017627 157 153 137
-0.065552 -0.106568 1.012905 151 147 133
-0.069080 -0.106726 1.007609 198 198 191
-0.072387 -0.106635 1.002561 171 170 162
-0.076300 -0.107416 0.996899 163 162 154
-0.082764 -0.111768 0.988620 159 158 150
-0.086722 -0.112758 0.982964 194 195 190
-0.089025 -0.111493 0.979027 209 211 204
-0.090989 -0.109774 0.975445 217 219 212
-0.092405 -0.107291 0.972427 218 219 213
-0.093655 -0.104575 0.969578 217 219 210
-0.094854 -0.101786 0.966780 218 219 211
-0.095957 -0.098854 0.964080 218 219 211
-0.096892 -0.095672 0.961546 219 220 212
-0.097737 -0.092351 0.959099 214 214 206
-0.098289 -0.088583 0.956940 207 206 199
-0.097546 -0.082849 0.956056 195 195 186
-0.095021 -0.074365 0.956909 205 205 197
-0.094095 -0.068233 0.956164 211 211 203
-0.093554 -0.062640 0.955023 171 169 159
-0.092358 -0.055986 0.954503 153 148 133
-0.087932 -0.044213 0.957087 153 149 133
-0.087880 -0.039199 0.955409 154 150 134
-0.088721 -0.035575 0.952861 152 149 133
-0.089163 -0.031297 0.950690 152 147 133
-0.089500 -0.026828 0.948611 150 148 135
-0.092906 0.013913 0.929156 144 130 112
-0.094699 0.016095 0.925671 137 109 89
-0.096589 0.018095 0.922103 137 109 87
-0.098500 0.020041 0.918521 137 107 85
-0.100638 0.021566 0.914744 130 99 78
-0.103606 0.021571 0.910240 120 91 71
-0.106786 0.021144 0.905566 111 83 67
-0.038519 -0.165833 1.082652 36 23 20
-0.042753 -0.166291 1.076338 49 50 46
-0.043653 -0.163012 1.073830 68 69 64
-0.043399 -0.158403 1.072626 158 153 136
-0.043226 -0.153855 1.071320 160 156 140
-0.043883 -0.150248 1.069070 156 152 136
-0.044715 -0.146833 1.066619 155 151 135
-0.045460 -0.143306 1.064262 142 140 125
-0.046317 -0.139901 1.061776 153 151 138
-0.057831 -0.113746 1.035143 159 155 139
-0.059870 -0.111826 1.031362 159 154 140
-0.062116 -0.110193 1.027366 158 153 139
-0.064675 -0.108996 1.023040 158 153 139
-0.067452 -0.108118 1.018491 158 153 139
-0.070416 -0.107522 1.013755 149 145 132
-0.073681 -0.107373 1.008712 202 203 196
-0.076758 -0.107011 1.003883 181 181 173
-0.080129 -0.107094 0.998758 162 161 153
-0.084900 -0.109173 0.992182 157 156 147
-0.089846 -0.111576 0.985451 162 161 155
-0.092834 -0.111295 0.980787 194 197 190
-0.095063 -0.109973 0.976923 202 206 199
-0.096759 -0.107907 0.973617 214 216 208
-0.098057 -0.105276 0.970724 214 216 207
-0.099228 -0.102460 0.967962 215 216 208
-0.100374 -0.099607 0.965225 215 216 208
-0.101299 -0.096424 0.962711 209 211 202
-0.102058 -0.092984 0.960362 206 208 199
-0.102016 -0.088325 0.958818 187 186 178
-0.100029 -0.080678 0.959215 205 205 197
-0.098830 -0.074160 0.958797 208 208 200
-0.098552 -0.069004 0.957441 211 211 203
-0.098237 -0.063750 0.956109 179 177 165
-0.096978 -0.056977 0.955695 153 148 133
-0.093664 -0.046889 0.957278 157 153 137
-0.093271 -0.041344 0.955963 156 152 136
-0.094035 -0.037614 0.953507 154 150 134
-0.094494 -0.033376 0.951342 153 148 136
-0.094856 -0.028959 0.949263 150 148 134
-0.094957 -0.024087 0.947427 153 151 138
-0.100925 0.017599 0.923908 134 108 87
-0.102872 0.019454 0.920290 137 108 88
-0.104961 0.021037 0.916550 131 102 82
-0.107968 0.020926 0.911993 120 91 74
-0.111950 0.018973 0.906579 77 60 50
-0.044366 -0.167507 1.082228 38 33 32
-0.047251 -0.166487 1.077436 49 50 45
-0.048603 -0.163737 1.074419 89 91 84
-0.048667 -0.159496 1.072879 155 152 139
-0.048740 -0.155240 1.071320 158 154 138
-0.049208 -0.151425 1.069303 158 154 138
-0.049848 -0.147799 1.067085 152 150 135
-0.050117 -0.143714 1.065281 151 149 134
-0.050664 -0.139945 1.063157 149 147 134
-0.060695 -0.116531 1.039745 154 150 134
-0.062408 -0.114198 1.036313 157 153 138
-0.064438 -0.112291 1.032537 160 155 141
-0.066703 -0.110712 1.028511 159 154 140
-0.069274 -0.109563 1.024159 159 154 140
-0.072047 -0.108713 1.019600 158 153 139
-0.075079 -0.108250 1.014771 157 153 139
-0.078267 -0.108039 1.009788 200 201 193
-0.081059 -0.107325 1.005243 193 193 187
-0.083906 -0.106721 1.000652 171 170 162
-0.087453 -0.107137 0.995328 157 156 149
-0.091409 -0.108185 0.989589 154 153 145
-0.094956 -0.108710 0.984304 150 149 143
-0.098003 -0.108569 0.979562 182 182 176
-0.100190 -0.107223 0.975734 199 201 194
-0.101823 -0.105088 0.972492 201 203 196
-0.103196 -0.102579 0.969525 202 203 197
-0.104128 -0.099417 0.967014 201 203 196
-0.104781 -0.095830 0.964789 188 187 180
-0.104720 -0.091149 0.963292 188 187 180
-0.102758 -0.083540 0.963729 205 203 196
-0.102222 -0.078044 0.962686 206 206 198
-0.102605 -0.073924 0.960697 207 206 199
-0.102746 -0.069406 0.958943 211 209 202
-0.102521 -0.064285 0.957549 169 168 157
-0.101466 -0.057809 0.956973 156 152 137
-0.098855 -0.048786 0.957929 157 152 138
-0.098451 -0.043221 0.956660 157 152 138
-0.099163 -0.039424 0.954273 155 150 136
-0.099616 -0.035188 0.952135 153 148 134
-0.100031 -0.030866 0.950028 150 148 135
-0.100202 -0.026117 0.948149 153 151 138
-0.106981 0.019303 0.922268 124 107 87
-0.109060 0.020877 0.918530 133 110 91
-0.112045 0.020761 0.913971 128 102 83
-0.116752 0.017398 0.907862 60 54 48
-0.117935 0.020532 0.904974 38 29 29
-0.049558 -0.168493 1.082493 40 40 35
-0.052501 -0.167578 1.077618 54 55 53
-0.053442 -0.164373 1.075086 129 131 120
-0.053944 -0.160648 1.073060 150 150 138
-0.054737 -0.157250 1.070693 125 128 116
-0.055188 -0.153435 1.068716 133 133 122
-0.055015 -0.148853 1.067453 156 154 140
-0.054480 -0.143802 1.066595 153 151 136
-0.065242 -0.116960 1.040908 147 143 127
-0.066934 -0.114619 1.037499 155 151 136
-0.068901 -0.112654 1.033787 160 156 140
-0.071121 -0.111041 1.029801 160 156 140
-0.073632 -0.109842 1.025502 158 152 138
-0.076309 -0.108897 1.021029 156 152 137
-0.079265 -0.108366 1.016262 160 156 140
-0.082493 -0.108250 1.011211 166 166 155
-0.085135 -0.107359 1.006812 201 203 195
-0.087445 -0.106034 1.002781 192 193 186
-0.090341 -0.105563 0.998128 173 173 165
-0.093400 -0.105364 0.993311 158 157 150
-0.096481 -0.105238 0.988486 153 152 144
-0.099489 -0.105050 0.983753 151 150 143
-0.102086 -0.104301 0.979469 165 164 156
-0.104250 -0.102943 0.975656 151 150 143
-0.105907 -0.100853 0.972384 150 149 141
-0.106218 -0.096749 0.970529 176 174 169
-0.105423 -0.090949 0.969824 198 197 189
-0.104756 -0.085295 0.968968 204 203 195
-0.105140 -0.081209 0.967006 205 205 197
-0.105988 -0.077823 0.964558 205 205 197
-0.106552 -0.073982 0.962398 206 206 198
-0.106788 -0.069607 0.960567 211 213 204
-0.106450 -0.064293 0.959315 156 152 138
-0.105457 -0.057889 0.958716 157 152 138
-0.104243 -0.051070 0.958320 156 152 136
-0.103766 -0.045385 0.957161 157 152 137
-0.104121 -0.041020 0.955150 156 151 137
-0.104567 -0.036782 0.953040 155 150 138
-0.104923 -0.032371 0.951012 151 149 136
-0.105144 -0.027707 0.949110 153 151 138
-0.105331 -0.022959 0.947231 155 153 140
-0.111215 0.018889 0.924102 166 157 140
-0.113317 0.020391 0.920336 178 168 150
-0.116351 0.020136 0.915711 193 182 162
-0.121499 0.015861 0.909147 80 77 68
-0.123199 0.017996 0.905793 37 32 32
-0.055490 -0.170379 1.081821 40 40 36
-0.057710 -0.168672 1.077785 53 54 52
-0.058559 -0.165376 1.075373 146 147 135
-0.059245 -0.161879 1.073150 136 135 120
-0.060530 -0.159085 1.070219 77 82 77
-0.061078 -0.155403 1.068152 74 81 80
-0.060559 -0.150412 1.067323 149 148 136
-0.059121 -0.144261 1.067549 156 151 137
-0.069687 -0.117290 1.042146 143 138 122
-0.071394 -0.114990 1.038718 147 143 127
-0.073350 -0.113032 1.035014 155 151 135
-0.075499 -0.111351 1.031098 156 151 135
-0.077857 -0.109975 1.026956 154 149 133
-0.080331 -0.108782 1.022692 157 153 137
-0.083065 -0.107976 1.018149 160 156 140
-0.086375 -0.108010 1.012981 145 143 130
-0.089262 -0.107494 1.008294 200 201 193
-0.091565 -0.106185 1.004259 199 201 195
-0.093934 -0.104995 1.000162 195 195 189
-0.096372 -0.103930 0.995997 188 187 181
-0.098694 -0.102725 0.991967 179 179 173
-0.100882 -0.101348 0.988090 172 171 165
-0.102780 -0.099564 0.984533 173 173 167
-0.104219 -0.097110 0.981475 182 181 175
-0.105209 -0.093984 0.978898 193 192 184
-0.106149 -0.090777 0.976372 201 201 196
-0.107182 -0.087704 0.973745 202 201 194
-0.108230 -0.084649 0.971100 202 203 195
-0.109060 -0.081250 0.968683 205 203 196
-0.109886 -0.077832 0.966268 205 205 197
-0.110359 -0.073847 0.964217 209 208 201
-0.110481 -0.069283 0.962525 192 190 181
-0.110120 -0.063914 0.961324 160 155 141
-0.109326 -0.057802 0.960556 155 150 136
-0.108757 -0.052002 0.959540 156 151 137
-0.108663 -0.046937 0.958021 158 153 139
-0.108996 -0.042543 0.956055 158 153 139
-0.109426 -0.038285 0.953983 156 151 138
-0.109710 -0.033760 0.952049 151 149 136
-0.109949 -0.029130 0.950153 152 150 137
-0.109967 -0.024093 0.948469 153 151 138
-0.117764 0.019509 0.921928 165 158 139
-0.120697 0.019392 0.917378 188 182 161
-0.126060 0.014613 0.910557 102 101 91
-0.128417 0.015463 0.906589 44 39 38
-0.060656 -0.171440 1.081983 40 41 37
-0.062664 -0.169515 1.078194 51 53 49
-0.063490 -0.166206 1.075822 157 156 144
-0.064160 -0.162701 1.073633 129 125 113
-0.065500 -0.159992 1.070644 136 129 122
-0.066111 -0.156398 1.068519 105 101 99
-0.065281 -0.151025 1.068090 157 153 139
-0.063435 -0.144350 1.068844 159 154 140
-0.063720 -0.140267 1.067074 160 155 141
-0.073806 -0.117221 1.043718 148 143 125
-0.075490 -0.114905 1.040314 147 142 124
-0.077495 -0.113034 1.036547 153 148 130
-0.079550 -0.111249 1.032728 154 149 132
-0.081864 -0.109836 1.028623 154 149 133
-0.084214 -0.108498 1.024484 153 148 132
-0.086732 -0.107419 1.020165 154 150 134
-0.089700 -0.107005 1.015351 160 156 143
-0.092956 -0.107042 1.010227 152 151 139
-0.095685 -0.106367 1.005706 200 201 194
-0.098053 -0.105203 1.001597 199 201 194
-0.099954 -0.103385 0.998011 199 200 193
-0.101955 -0.101730 0.994319 196 198 191
-0.103797 -0.099856 0.990809 198 198 191
-0.105395 -0.097631 0.987570 199 200 193
-0.106882 -0.095248 0.984454 199 201 194
-0.108292 -0.092753 0.981424 199 201 194
-0.109636 -0.090161 0.978467 199 201 194
-0.110883 -0.087420 0.975614 202 201 194
-0.111886 -0.084301 0.973023 201 203 194
-0.112859 -0.081126 0.970463 204 205 196
-0.113603 -0.077583 0.968144 205 206 198
-0.113921 -0.073346 0.966273 204 203 195
-0.113831 -0.068428 0.964825 160 156 141
-0.113256 -0.062687 0.963876 159 154 139
-0.113108 -0.057597 0.962464 156 151 136
-0.112993 -0.052526 0.961005 160 155 140
-0.113229 -0.047999 0.959171 160 156 140
-0.113636 -0.043732 0.957149 158 154 140
-0.114038 -0.039434 0.955125 154 152 138
-0.114357 -0.034969 0.953178 151 146 134
-0.114586 -0.030323 0.951316 139 137 124
-0.114485 -0.025078 0.949779 154 152 137
-0.113903 -0.018955 0.948717 159 157 142
-0.125064 0.018560 0.918989 181 174 153
-0.130452 0.013631 0.912085 122 118 108
-0.133229 0.013629 0.907706 41 43 38
-0.060144 -0.170180 1.090357 149 113 110
-0.065741 -0.172453 1.082182 39 40 36
-0.067616 -0.170400 1.078550 50 54 49
-0.068347 -0.166992 1.076306 162 161 151
-0.068661 -0.163069 1.074560 118 114 103
-0.069456 -0.159712 1.072230 166 160 151
-0.069859 -0.155864 1.070367 124 117 107
-0.069061 -0.150509 1.069936 158 153 139
-0.068030 -0.144822 1.069767 159 154 140
-0.067555 -0.139785 1.068921 160 155 141
-0.079353 -0.114532 1.042149 149 144 126
-0.081465 -0.112825 1.038251 148 143 125
-0.083515 -0.111052 1.034430 152 147 129
-0.085654 -0.109421 1.030511 154 150 133
-0.087937 -0.108011 1.026436 154 149 133
-0.090311 -0.106754 1.022263 155 150 134
-0.092698 -0.105541 1.018084 156 151 137
-0.095720 -0.105267 1.013195 159 154 140
-0.098970 -0.105369 1.008061 160 159 147
-0.101577 -0.104574 1.003666 196 195 188
-0.103658 -0.103037 0.999871 201 203 196
-0.105597 -0.101309 0.996240 199 201 194
-0.107327 -0.099284 0.992847 199 201 194
-0.108873 -0.096992 0.989661 199 201 194
-0.110401 -0.094680 0.986499 200 201 195
-0.111893 -0.092319 0.983378 200 201 195
-0.113298 -0.089831 0.980354 200 201 195
-0.114518 -0.087057 0.977534 201 201 194
-0.115473 -0.083865 0.975002 204 205 198
-0.116435 -0.080675 0.972461 208 208 201
-0.116938 -0.076745 0.970412 199 198 192
-0.116990 -0.072067 0.968843 159 155 143
-0.116460 -0.066410 0.967889 158 153 139
-0.116489 -0.061623 0.966322 156 151 137
-0.116698 -0.057102 0.964554 158 153 139
-0.117015 -0.052732 0.962661 160 156 142
-0.117575 -0.048744 0.960505 160 157 141
-0.118096 -0.044671 0.958383 160 156 141
-0.118540 -0.040447 0.956335 155 150 137
-0.118897 -0.036049 0.954371 153 148 134
-0.119166 -0.031473 0.952490 157 152 138
-0.119147 -0.026366 0.950897 158 156 141
-0.118641 -0.020362 0.949794 160 158 143
-0.129761 0.017043 0.920239 172 165 144
-0.134957 0.012378 0.913462 145 140 127
-0.137804 0.012187 0.908999 42 46 40
-0.070755 -0.173430 1.082407 37 38 35
-0.072492 -0.171239 1.078942 54 59 56
-0.073038 -0.167619 1.076938 148 148 136
-0.072726 -0.162939 1.075978 154 151 136
-0.072635 -0.158497 1.074738 151 146 131
-0.072628 -0.154130 1.073387 162 159 144
-0.072429 -0.149497 1.072260 160 156 140
-0.071784 -0.144269 1.071661 160 156 140
-0.083268 -0.114250 1.043901 149 144 126
-0.085253 -0.112387 1.040141 145 140 121
-0.087373 -0.110732 1.036228 151 146 127
-0.089626 -0.109281 1.032167 154 150 134
-0.091853 -0.107817 1.028143 156 152 136
-0.094073 -0.106365 1.024135 154 150 134
-0.096301 -0.104947 1.020123 160 155 140
-0.098797 -0.103940 1.015813 157 152 138
-0.101737 -0.103616 1.011002 159 154 140
-0.104795 -0.103507 1.006070 160 156 142
-0.107179 -0.102436 1.001918 181 179 170
-0.109193 -0.100837 0.998193 199 200 192
-0.110968 -0.098894 0.994744 201 203 197
-0.112471 -0.096549 0.991605 205 206 199
-0.114001 -0.094252 0.988438 204 205 198
-0.115487 -0.091894 0.985321 205 206 199
-0.116845 -0.089341 0.982350 205 206 200
-0.118065 -0.086573 0.979532 212 214 208
-0.118920 -0.083225 0.977117 211 211 203
-0.119524 -0.079462 0.974976 176 174 165
-0.119655 -0.074917 0.973348 160 156 143
-0.119263 -0.069489 0.972283 154 149 135
-0.119496 -0.065047 0.970523 154 149 135
-0.119830 -0.060743 0.968646 156 151 137
-0.120475 -0.056935 0.966425 160 155 141
-0.121261 -0.053348 0.964046 165 160 146
-0.121891 -0.049482 0.961831 165 160 146
-0.122487 -0.045540 0.959647 157 152 138
-0.122954 -0.041359 0.957594 155 150 136
-0.123389 -0.037098 0.955568 151 146 132
-0.123736 -0.032659 0.953627 158 154 139
-0.123794 -0.027684 0.951981 160 159 144
-0.123383 -0.021837 0.950815 162 158 144
-0.134480 0.015420 0.921416 166 158 140
-0.139620 0.010759 0.914640 128 121 109
-0.142527 0.010390 0.910098 47 48 43
-0.075322 -0.173918 1.083129 35 36 34
-0.077011 -0.171690 1.079721 50 53 52
-0.077963 -0.168573 1.077229 123 123 114
-0.077290 -0.163449 1.076746 150 149 129
-0.076437 -0.158060 1.076472 158 154 136
-0.075986 -0.153129 1.075690 160 157 141
-0.075694 -0.148362 1.074701 160 157 141
-0.089248 -0.112259 1.041765 152 147 129
-0.091354 -0.110605 1.037858 150 145 128
-0.093615 -0.109190 1.033775 156 152 136
-0.095775 -0.107654 1.029818 158 154 138
-0.097904 -0.106095 1.025904 159 155 139
-0.100059 -0.104594 1.021965 159 155 139
-0.102316 -0.103264 1.017915 158 153 139
-0.104597 -0.101994 1.013844 159 154 140
-0.106942 -0.100844 1.009707 159 154 140
-0.109513 -0.100063 1.005317 158 153 139
-0.112138 -0.099394 1.000876 149 146 132
-0.114176 -0.097862 0.997116 158 154 142
-0.115950 -0.095941 0.993665 172 170 160
-0.117499 -0.093684 0.990473 178 177 168
-0.118937 -0.091261 0.987409 179 179 169
-0.120251 -0.088646 0.984487 178 176 167
-0.121162 -0.085390 0.982019 162 159 147
-0.121695 -0.081517 0.979972 157 153 139
-0.121764 -0.076873 0.978438 158 154 139
-0.121851 -0.072225 0.976875 151 146 132
-0.122279 -0.068110 0.974924 150 145 131
-0.122890 -0.064277 0.972763 159 154 140
-0.123504 -0.060432 0.970594 163 158 144
-0.124537 -0.057276 0.967960 166 161 147
-0.125518 -0.054026 0.965381 167 162 148
-0.126206 -0.050265 0.963118 163 158 144
-0.126818 -0.046356 0.960933 152 147 133
-0.127363 -0.042312 0.958814 155 150 136
-0.127908 -0.038247 0.956690 151 147 131
-0.128391 -0.034052 0.954624 158 155 139
-0.128573 -0.029296 0.952874 160 159 143
-0.128187 -0.023485 0.951718 162 160 145
-0.139194 0.013741 0.922548 162 154 139
-0.144058 0.009516 0.915990 117 118 109
-0.147130 0.008762 0.911263 46 45 40
-0.143822 0.020808 0.912913 172 122 121
-0.073068 -0.170492 1.093713 118 121 121
-0.079905 -0.174461 1.083784 33 35 33
-0.081734 -0.172427 1.080197 47 51 49
-0.082768 -0.169424 1.077613 103 105 98
-0.081782 -0.163906 1.077558 154 153 132
-0.080236 -0.157636 1.078188 160 156 139
-0.078739 -0.151368 1.078739 160 157 141
-0.091061 -0.113701 1.047373 155 151 134
-0.092933 -0.111718 1.043732 155 150 133
-0.094974 -0.109990 1.039893 149 145 128
-0.097179 -0.108516 1.035862 145 141 126
-0.099350 -0.107016 1.031879 151 147 131
-0.101432 -0.105405 1.028009 160 156 140
-0.103529 -0.103838 1.024126 160 156 140
-0.105342 -0.101868 1.020586 160 155 140
-0.107498 -0.100427 1.016644 159 154 140
-0.109796 -0.099221 1.012543 159 154 140
-0.111882 -0.097718 1.008699 158 153 139
-0.113855 -0.096064 1.004991 159 153 139
-0.115909 -0.094553 1.001196 160 155 141
-0.117889 -0.092946 0.997492 162 155 141
-0.119699 -0.091090 0.993990 159 155 139
-0.121240 -0.088823 0.990801 160 155 140
-0.122507 -0.086124 0.987930 158 153 139
-0.123384 -0.082798 0.985503 157 152 138
-0.124014 -0.079060 0.983355 156 151 137
-0.124631 -0.075284 0.981215 153 148 134
-0.125272 -0.071530 0.979045 154 149 135
-0.125985 -0.067880 0.976789 160 155 141
-0.126748 -0.064300 0.974471 163 158 144
-0.127565 -0.060798 0.972088 167 162 148
-0.128663 -0.057762 0.969391 167 162 148
-0.129592 -0.054431 0.966879 165 160 146
-0.130209 -0.050551 0.964708 138 132 117
-0.130910 -0.046798 0.962440 143 139 126
-0.131641 -0.043083 0.960134 153 148 134
-0.132297 -0.039218 0.957906 156 152 136
-0.132860 -0.035171 0.955772 162 158 142
-0.133132 -0.030576 0.953949 160 157 141
-0.132907 -0.025047 0.952653 166 162 146
-0.140532 0.013270 0.928733 131 124 112
-0.144022 0.011765 0.923508 158 152 136
-0.148720 0.007766 0.917067 103 104 95
-0.151405 0.007728 0.912710 42 39 35
-0.147853 0.020358 0.914693 170 125 125
-0.076900 -0.170077 1.095365 106 117 127
-0.084308 -0.174823 1.084619 32 31 34
-0.086259 -0.172961 1.080872 46 49 46
-0.087292 -0.169972 1.078296 77 78 74
-0.086544 -0.164739 1.077981 152 151 132
-0.084607 -0.157957 1.079156 156 152 136
-0.083240 -0.151833 1.079592 163 159 143
-0.094966 -0.113472 1.049061 156 151 135
-0.096759 -0.111395 1.045509 152 148 132
-0.098677 -0.109510 1.041808 154 150 134
-0.100729 -0.107836 1.037950 142 138 122
-0.102796 -0.106201 1.034080 144 140 124
-0.104861 -0.104583 1.030218 156 152 136
-0.107047 -0.103165 1.026216 160 156 140
-0.109193 -0.101710 1.022269 160 156 140
-0.111283 -0.100192 1.018395 160 156 140
-0.113260 -0.098523 1.014661 159 154 140
-0.114945 -0.096422 1.011279 159 155 139
-0.117009 -0.094920 1.007453 160 154 140
-0.118837 -0.093069 1.003911 160 155 141
-0.120573 -0.091088 1.000481 160 155 141
-0.122209 -0.088962 0.997171 160 155 141
-0.123715 -0.086637 0.994017 160 156 140
-0.125013 -0.083981 0.991107 159 154 139
-0.126071 -0.080935 0.988475 159 154 140
-0.126996 -0.077668 0.985995 158 153 138
-0.127952 -0.074441 0.983477 160 155 141
-0.128884 -0.071167 0.980984 162 157 142
-0.129807 -0.067870 0.978498 164 160 144
-0.130735 -0.064571 0.976004 165 160 145
-0.131673 -0.061280 0.973496 163 158 144
-0.132649 -0.058046 0.970943 159 154 141
-0.133542 -0.054660 0.968481 138 131 118
-0.134284 -0.051000 0.966185 126 119 105
-0.135126 -0.047499 0.963774 154 149 135
-0.135916 -0.043896 0.961416 154 149 134
-0.136593 -0.040075 0.959179 160 157 141
-0.137169 -0.036054 0.957050 164 160 144
-0.137509 -0.031581 0.955175 164 160 144
-0.137474 -0.026390 0.953702 167 163 147
-0.145086 0.011841 0.929952 206 198 187
-0.148812 0.009790 0.924449 170 163 147
-0.153408 0.005894 0.918063 94 97 90
-0.155619 0.006766 0.914180 51 38 31
-0.151927 0.019777 0.916397 148 106 106
-0.080390 -0.169264 1.097435 70 80 85
-0.088747 -0.175265 1.085362 47 46 50
-0.090902 -0.173682 1.081344 43 44 42
-0.092230 -0.171079 1.078397 64 67 66
-0.091615 -0.166010 1.077950 158 157 139
-0.089333 -0.158765 1.079627 155 152 136
-0.086633 -0.150904 1.081815 159 158 141
-0.099071 -0.113554 1.050473 160 156 140
-0.100803 -0.111408 1.046992 159 155 139
-0.102609 -0.109382 1.043422 155 151 135
-0.104458 -0.107431 1.039804 153 148 132
-0.106331 -0.105530 1.036160 146 142 126
-0.108363 -0.103881 1.032326 142 138 122
-0.110568 -0.102511 1.028288 151 147 131
-0.112815 -0.101229 1.024204 159 154 139
-0.114885 -0.099701 1.020342 160 156 140
-0.116727 -0.097842 1.016762 159 155 139
-0.118505 -0.095897 1.013263 160 156 140
-0.120295 -0.093986 1.009753 160 156 140
-0.122104 -0.092119 1.006224 160 155 140
-0.123792 -0.090072 1.002845 160 156 140
-0.125384 -0.087885 0.999581 160 156 140
-0.126897 -0.085577 0.996414 160 156 140
-0.128257 -0.083026 0.993431 159 155 139
-0.129430 -0.080170 0.990667 160 155 140
-0.130568 -0.077254 0.987945 160 157 141
-0.131725 -0.074367 0.985199 162 158 143
-0.132789 -0.071320 0.982561 164 160 144
-0.133790 -0.068160 0.979994 162 158 142
-0.134762 -0.064945 0.977459 156 153 138
-0.135712 -0.061683 0.974947 148 145 131
-0.136659 -0.058407 0.972436 125 121 110
-0.137591 -0.055096 0.969940 124 119 107
-0.138426 -0.051606 0.967550 151 145 130
-0.139286 -0.048145 0.965131 152 147 132
-0.140060 -0.044520 0.962804 159 154 139
-0.140756 -0.040737 0.960561 162 158 142
-0.141434 -0.036906 0.958333 163 159 143
-0.141882 -0.032632 0.956359 164 160 144
-0.141984 -0.027689 0.954762 166 162 146
-0.147310 0.009604 0.935186 164 159 140
-0.149660 0.010309 0.931101 110 103 95
-0.153668 0.007602 0.925260 186 178 160
-0.158473 0.003173 0.918601 77 76 70
-0.159842 0.005732 0.915599 91 74 69
-0.155942 0.019277 0.918130 147 104 103
-0.092688 -0.175121 1.086711 86 90 97
-0.095808 -0.174776 1.081419 39 40 39
-0.097138 -0.172197 1.078474 58 60 60
-0.096912 -0.167625 1.077556 140 140 126
-0.094344 -0.159989 1.079671 156 156 138
-0.091083 -0.151363 1.082660 155 154 137
-0.104773 -0.111343 1.048536 160 157 141
-0.106621 -0.109397 1.044908 157 153 137
-0.108339 -0.107272 1.041446 155 150 134
-0.109976 -0.105037 1.038088 153 149 133
-0.111743 -0.103009 1.034570 148 144 128
-0.113777 -0.101397 1.030729 141 137 121
-0.116062 -0.100191 1.026582 144 139 124
-0.118139 -0.098690 1.022698 152 148 133
-0.120051 -0.096952 1.019023 158 153 137
-0.121883 -0.095106 1.015449 158 154 138
-0.123646 -0.093164 1.011965 159 155 139
-0.125418 -0.091252 1.008472 159 154 139
-0.127027 -0.089090 1.005181 160 156 140
-0.128592 -0.086866 1.001946 160 157 141
-0.130158 -0.084651 0.998712 160 156 140
-0.131597 -0.082237 0.995633 159 154 138
-0.132948 -0.079681 0.992659 158 154 138
-0.134213 -0.076983 0.989789 162 158 142
-0.135413 -0.074176 0.986996 160 156 140
-0.136540 -0.071242 0.984290 159 154 138
-0.137591 -0.068175 0.981671 154 150 134
-0.138576 -0.064987 0.979129 153 149 134
-0.139549 -0.061771 0.976598 143 140 124
-0.140554 -0.058604 0.974028 144 141 127
-0.141539 -0.055394 0.971479 154 149 137
-0.142383 -0.051922 0.969092 152 147 133
-0.143217 -0.048422 0.966712 158 153 139
-0.144024 -0.044858 0.964360 162 157 141
-0.144848 -0.041315 0.961984 163 159 143
-0.145655 -0.037726 0.959624 163 159 143
-0.146204 -0.033640 0.957555 163 159 143
-0.146465 -0.028992 0.955804 166 162 145
-0.151998 0.007823 0.936171 162 157 137
-0.154586 0.007990 0.931814 159 152 135
-0.158773 0.004823 0.925739 193 187 167
-0.163058 0.001354 0.919585 50 48 46
-0.163612 0.005591 0.917463 145 123 121
-0.159315 0.020086 0.920515 173 129 127
-0.095734 -0.173871 1.089218 109 115 123
-0.099994 -0.175004 1.082384 36 35 37
-0.101769 -0.173012 1.078853 49 50 50
-0.102307 -0.169427 1.076958 88 91 87
-0.100104 -0.162245 1.078663 156 156 139
-0.108738 -0.111297 1.050056 160 157 141
-0.110593 -0.109381 1.046412 159 155 139
-0.112257 -0.107195 1.043013 157 153 137
-0.113809 -0.104848 1.039758 155 151 135
-0.115356 -0.102501 1.036512 154 149 133
-0.117011 -0.100327 1.033133 152 148 132
-0.118924 -0.098564 1.029434 148 144 128
-0.120990 -0.097056 1.025549 143 138 124
-0.123110 -0.095655 1.021603 146 141 125
-0.125163 -0.094168 1.017747 149 144 128
-0.127000 -0.092358 1.014162 150 145 129
-0.128779 -0.090469 1.010654 152 147 131
-0.130464 -0.088443 1.007263 155 150 134
-0.132031 -0.086233 1.004022 157 152 135
-0.133592 -0.084023 1.000789 157 153 137
-0.135078 -0.081696 0.997650 156 152 136
-0.136472 -0.079220 0.994625 149 145 129
-0.137791 -0.076621 0.991692 150 146 130
-0.139070 -0.073956 0.988807 147 143 127
-0.140225 -0.071077 0.986072 149 145 129
-0.141312 -0.068078 0.983417 160 156 140
-0.142368 -0.065020 0.980797 170 166 150
-0.143388 -0.061893 0.978219 172 168 152
-0.144447 -0.058830 0.975592 162 159 143
-0.145466 -0.055688 0.973011 154 150 136
-0.146309 -0.052221 0.970635 162 157 143
-0.147240 -0.048902 0.968154 163 158 143
-0.148206 -0.045639 0.965628 163 158 143
-0.149095 -0.042222 0.963191 164 160 144
-0.149949 -0.038730 0.960790 164 160 144
-0.150577 -0.034799 0.958646 164 160 144
-0.150979 -0.030419 0.956757 166 162 144
-0.156784 0.005767 0.936988 159 152 133
-0.159707 0.005184 0.932245 160 154 134
-0.163941 0.001815 0.926073 187 181 163
-0.167161 0.000476 0.921041 41 38 39
-0.167193 0.005817 0.919507 156 125 124
-0.097491 -0.170977 1.093458 98 105 116
-0.104133 -0.175202 1.083372 43 41 46
-0.106345 -0.173798 1.079250 44 46 46
-0.107419 -0.170926 1.076653 62 65 65
-0.105868 -0.164581 1.077556 158 159 142
-0.102901 -0.156285 1.080324 148 147 131
-0.112787 -0.111405 1.051436 163 159 143
-0.114676 -0.109562 1.047742 160 156 140
-0.116393 -0.107475 1.044272 159 155 139
-0.118011 -0.105246 1.040932 157 153 138
-0.119530 -0.102876 1.037720 157 153 137
-0.121136 -0.100646 1.034400 156 152 136
-0.122902 -0.098678 1.030879 153 149 134
-0.124721 -0.096805 1.027296 151 146 130
-0.126613 -0.095064 1.023623 150 146 130
-0.128551 -0.093414 1.019898 149 144 128
-0.130350 -0.091556 1.016353 145 140 124
-0.132183 -0.089771 1.012768 147 142 126
-0.133974 -0.087930 1.009241 148 143 127
-0.135622 -0.085868 1.005894 151 146 131
-0.137230 -0.083749 1.002601 152 147 131
-0.138765 -0.081519 0.999399 151 147 131
-0.140197 -0.079119 0.996327 150 146 130
-0.141540 -0.076575 0.993365 146 142 126
-0.142872 -0.074011 0.990418 149 145 129
-0.144085 -0.071244 0.987616 165 161 145
-0.145257 -0.068405 0.984863 153 149 133
-0.146368 -0.065453 0.982185 166 162 146
-0.147426 -0.062404 0.979569 159 155 140
-0.148508 -0.059392 0.976923 159 156 141
-0.149510 -0.056230 0.974371 165 162 148
-0.150426 -0.052905 0.971919 166 162 148
-0.151394 -0.049664 0.969404 167 162 148
-0.152342 -0.046378 0.966910 166 161 147
-0.153236 -0.042982 0.964476 165 161 145
-0.154145 -0.039603 0.962023 163 159 143
-0.154897 -0.035912 0.959751 165 161 145
-0.155422 -0.031770 0.957739 164 160 142
-0.159691 0.002081 0.941342 167 159 140
-0.161561 0.003651 0.937753 160 152 133
-0.164843 0.002248 0.932582 159 150 130
-0.169106 -0.001288 0.926332 103 100 90
-0.171190 -0.000299 0.922539 56 52 53
-0.170547 0.006502 0.921783 133 104 104
-0.099407 -0.168255 1.097524 55 63 80
-0.107752 -0.174757 1.085025 100 97 98
-0.110593 -0.174198 1.080034 35 36 36
-0.112342 -0.172232 1.076532 53 55 55
-0.111566 -0.166905 1.076443 116 119 108
-0.109097 -0.159253 1.078622 154 152 136
-0.114979 -0.113427 1.056447 160 157 141
-0.116739 -0.111397 1.052909 160 157 141
-0.118536 -0.109436 1.049326 160 157 141
-0.120272 -0.107395 1.045826 160 155 141
-0.121894 -0.105190 1.042477 159 154 140
-0.123478 -0.102936 1.039179 159 155 140
-0.125168 -0.100855 1.035749 160 156 140
-0.126970 -0.098965 1.032176 159 155 139
-0.128726 -0.097016 1.028666 159 155 139
-0.130375 -0.094907 1.025296 155 151 135
-0.132043 -0.092840 1.021906 155 150 134
-0.139168 -0.085448 1.007802 147 143 127
-0.140878 -0.083518 1.004375 146 142 126
-0.142463 -0.081385 1.001109 147 143 127
-0.143989 -0.079162 0.997918 150 146 130
-0.145394 -0.076737 0.994880 154 150 134
-0.146772 -0.074270 0.991877 162 157 143
-0.148050 -0.071630 0.988999 158 154 138
-0.149261 -0.068870 0.986204 153 148 134
-0.150408 -0.065996 0.983488 160 156 142
-0.151487 -0.062997 0.980853 164 161 146
-0.152557 -0.059976 0.978229 164 161 148
-0.153581 -0.056866 0.975658 170 167 153
-0.154522 -0.053595 0.973188 171 169 155
-0.155524 -0.050430 0.970640 172 168 154
-0.156509 -0.047224 0.968111 169 164 150
-0.157432 -0.043892 0.965655 167 163 148
-0.158386 -0.040610 0.963159 165 160 144
-0.159217 -0.037082 0.960807 163 158 142
-0.159792 -0.033041 0.958756 160 155 137
-0.164503 -0.000148 0.942005 162 154 135
-0.166529 0.001051 0.938234 160 152 133
-0.170419 -0.001716 0.932339 166 160 141
-0.174477 -0.004935 0.926275 53 53 50
-0.175113 -0.000895 0.924120 123 112 114
-0.173556 0.007920 0.924437 126 104 103
-0.110127 -0.172694 1.088368 132 113 116
-0.114651 -0.174382 1.081036 36 29 28
-0.116992 -0.173229 1.076715 43 44 44
-0.117310 -0.169371 1.075169 65 69 64
-0.115294 -0.162314 1.076805 160 159 142
-0.118467 -0.112728 1.058509 155 151 135
-0.120237 -0.110727 1.054951 159 156 140
-0.122108 -0.108893 1.051262 160 156 142
-0.123884 -0.106930 1.047702 162 157 142
-0.125495 -0.104722 1.044362 160 156 142
-0.127014 -0.102377 1.041147 162 157 142
-0.128619 -0.100177 1.037819 163 158 143
-0.130478 -0.098392 1.034164 162 159 142
-0.132274 -0.096521 1.030595 160 157 141
-0.154448 -0.066583 0.984750 163 161 148
-0.155558 -0.063653 0.982084 169 166 153
-0.156661 -0.060704 0.979427 172 170 157
-0.157735 -0.057700 0.976804 175 173 160
-0.158706 -0.054496 0.974306 175 173 160
-0.159708 -0.051343 0.971768 173 170 157
-0.160702 -0.048168 0.969238 169 164 150
-0.161617 -0.044833 0.966802 166 162 147
-0.162549 -0.041521 0.964343 167 160 146
-0.163391 -0.038023 0.961991 157 152 136
-0.169322 -0.002474 0.942593 164 156 137
-0.171961 -0.002624 0.938100 170 163 143
-0.176092 -0.006015 0.931883 98 94 84
-0.178677 -0.006174 0.927483 42 39 41
-0.178651 -0.000700 0.926109 144 132 137
-0.112300 -0.170344 1.092016 98 89 88
-0.118610 -0.174466 1.082135 119 85 81
-0.121447 -0.174010 1.077109 39 37 36
-0.122583 -0.171273 1.074449 52 53 50
-0.121273 -0.165169 1.075173 126 125 114
-0.117735 -0.155912 1.078956 159 155 138
-0.160644 -0.061253 0.980735 176 176 163
-0.161736 -0.058294 0.978096 181 179 167
-0.162715 -0.055116 0.975597 178 176 163
-0.163705 -0.051951 0.973084 172 170 157
-0.164691 -0.048770 0.970572 168 164 150
-0.165610 -0.045453 0.968141 165 160 147
-0.166551 -0.042167 0.965682 158 152 137
-0.174267 -0.005155 0.942963 166 161 141
-0.177847 -0.007396 0.937332 160 156 140
-0.181769 -0.010459 0.931317 48 45 48
-0.182515 -0.006683 0.929071 97 93 100
-0.182015 -0.000147 0.928283 116 113 114
-0.114760 -0.168360 1.095286 55 45 44
-0.121166 -0.172678 1.085175 152 109 105
-0.125606 -0.174432 1.077862 52 32 25
-0.127264 -0.172428 1.074475 43 41 41
-0.127279 -0.168150 1.073394 65 66 60
-0.125411 -0.161202 1.074939 155 153 138
-0.164560 -0.061719 0.982089 182 182 172
-0.165680 -0.058825 0.979421 182 182 171
-0.166795 -0.055918 0.976758 179 179 168
-0.167896 -0.052980 0.974112 175 173 161
-0.168878 -0.049804 0.971617 165 163 150
-0.169787 -0.046480 0.969209 160 156 144
-0.180069 -0.009782 0.942215 166 162 144
-0.183662 -0.012158 0.936534 61 63 58
-0.185900 -0.011651 0.932504 47 43 47
-0.185951 -0.006348 0.931107 117 126 141
-0.184621 0.002075 0.931348 120 116 116
-0.122931 -0.169795 1.089360 114 87 83
-0.129070 -0.173929 1.079562 150 101 94
-0.132209 -0.174003 1.074061 39 28 25
-0.133236 -0.171154 1.071570 47 48 43
-0.132477 -0.165770 1.071609 95 96 87
-0.130174 -0.158128 1.073820 153 152 137
-0.170730 -0.056484 0.978063 186 184 176
-0.182938 -0.013574 0.946275 167 160 143
-0.186563 -0.016060 0.940500 104 101 91
-0.188964 -0.015940 0.936249 44 45 49
-0.189540 -0.011815 0.934245 105 114 126
-0.189107 -0.005410 0.933466 111 121 131
-0.186485 0.005994 0.935333 145 151 158
-0.124565 -0.166695 1.093780 60 35 29
-0.130736 -0.170933 1.083838 151 101 96
-0.135701 -0.173594 1.075663 112 77 68
-0.137931 -0.172459 1.071447 39 38 32
-0.138864 -0.169493 1.069098 50 50 47
-0.137735 -0.163537 1.069703 86 90 81
-0.135074 -0.155289 1.072486 158 157 142
-0.184995 -0.015620 0.951306 162 156 140
-0.188950 -0.018853 0.945056 128 123 114
-0.191744 -0.019622 0.940285 51 47 48
-0.192790 -0.016560 0.937713 80 84 94
-0.192781 -0.011120 0.936455 109 123 142
-0.191238 -0.002160 0.937091 113 118 123
-0.131671 -0.166866 1.089232 81 50 50
-0.138418 -0.172099 1.078375 159 101 95
-0.141960 -0.172865 1.072224 86 60 57
-0.143900 -0.171367 1.068419 40 39 35
-0.144907 -0.168525 1.065973 54 56 54
-0.143675 -0.162377 1.066771 98 101 92
-0.141203 -0.154321 1.069350 146 147 129
-0.138664 -0.146070 1.072002 148 148 130
-0.191551 -0.022128 0.949303 125 123 115
-0.194717 -0.023752 0.944019 58 55 56
-0.196023 -0.021290 0.941125 63 57 59
-0.196344 -0.016612 0.939486 114 130 147
-0.195689 -0.009681 0.939076 110 115 126
-0.193497 0.000844 0.940591 133 144 158
-0.139082 -0.167642 1.084133 124 85 82
-0.145025 -0.171904 1.074383 162 104 98
-0.147848 -0.171716 1.069260 68 46 43
-0.149528 -0.169880 1.065829 45 40 41
-0.150430 -0.166898 1.063545 56 56 54
-0.149290 -0.160835 1.064254 95 100 89
-0.147133 -0.153169 1.066437 157 158 138
-0.145173 -0.145717 1.068313 155 155 133
-0.143865 -0.139186 1.069221 156 151 131
-0.194659 -0.026536 0.952841 191 187 171
-0.197590 -0.027678 0.947819 57 56 53
-0.199091 -0.025677 0.944674 48 40 41
-0.199699 -0.021666 0.942691 126 128 139
-0.199492 -0.015771 0.941758 117 129 143
-0.198438 -0.007875 0.941904 134 140 145
-0.139841 -0.163253 1.089838 61 42 35
-0.145367 -0.166952 1.080610 146 100 96
-0.150293 -0.169873 1.072305 157 105 98
-0.153189 -0.169858 1.067049 71 48 45
-0.154792 -0.167938 1.063728 47 40 39
-0.155664 -0.164919 1.061496 57 57 53
-0.155033 -0.159585 1.061493 101 102 93
-0.153368 -0.152601 1.063010 156 156 134
-0.151479 -0.145191 1.064842 156 149 129
-0.197532 -0.030449 0.956620 164 162 145
-0.200238 -0.031123 0.951859 71 67 61
-0.201947 -0.029610 0.948433 50 38 38
-0.202481 -0.025447 0.946569 151 119 125
-0.202400 -0.019850 0.945511 122 128 137
-0.201788 -0.012975 0.945141 113 117 126
-0.145768 -0.162004 1.086851 54 34 28
-0.151329 -0.165906 1.077501 149 102 99
-0.155817 -0.168303 1.069796 155 103 99
-0.158202 -0.167580 1.065285 75 56 55
-0.159656 -0.165457 1.062186 40 36 36
-0.160513 -0.162417 1.059983 54 55 52
-0.160164 -0.157478 1.059592 97 97 87
-0.158938 -0.151116 1.060504 151 144 121
-0.157180 -0.143838 1.062199 146 138 116
-0.200681 -0.034993 0.959963 132 130 115
-0.203137 -0.035147 0.955507 63 60 55
-0.204784 -0.033521 0.952156 60 41 39
-0.205484 -0.029752 0.950091 156 113 115
-0.205740 -0.024943 0.948618 141 128 140
-0.205201 -0.018251 0.948208 106 108 115
-0.202989 -0.007577 0.950024 136 144 162
-0.151689 -0.160853 1.083811 55 36 28
-0.157062 -0.164624 1.074675 139 96 90
-0.160895 -0.166135 1.067917 136 99 96
-0.163056 -0.165114 1.063731 75 71 67
-0.164439 -0.162902 1.060734 38 36 39
-0.165445 -0.160098 1.058314 51 51 50
-0.165489 -0.155753 1.057355 80 80 70
-0.164537 -0.149772 1.057900 136 131 112
-0.162570 -0.142082 1.059969 151 144 122
-0.202484 -0.041872 0.966176 160 156 143
-0.204137 -0.040247 0.962802 97 98 90
-0.206265 -0.039708 0.958773 56 52 49
-0.207574 -0.037346 0.955883 74 49 47
-0.208206 -0.033436 0.953930 160 111 109
-0.208537 -0.028812 0.952384 152 132 141
-0.208301 -0.022832 0.951610 106 102 112
-0.206323 -0.012701 0.953207 148 147 155
-0.157004 -0.158878 1.081645 56 32 22
-0.162086 -0.162341 1.072887 137 98 92
-0.165418 -0.163160 1.066859 131 102 93
-0.167551 -0.162134 1.062699 84 91 86
-0.169197 -0.160356 1.059294 39 39 37
-0.170494 -0.158028 1.056431 41 42 38
-0.170737 -0.153987 1.055188 61 62 57
-0.169963 -0.148247 1.055503 105 104 91
-0.168612 -0.141494 1.056691 141 141 119
-0.167222 -0.134603 1.057924 130 125 112
-0.205823 -0.046860 0.969091 136 132 122
-0.207418 -0.045138 0.965794 77 75 68
-0.209237 -0.043941 0.962182 49 40 40
-0.210326 -0.041103 0.959604 111 77 74
-0.211048 -0.037416 0.957544 163 111 107
-0.211532 -0.033159 0.955813 162 123 124
-0.211230 -0.027037 0.955176 105 96 98
-0.209716 -0.017995 0.956218 171 166 177
-0.161326 -0.155414 1.080994 56 39 33
-0.166500 -0.159152 1.072018 117 86 81
-0.169875 -0.160113 1.065885 134 102 95
-0.172191 -0.159421 1.061421 99 88 81
-0.174083 -0.158070 1.057624 60 51 47
-0.175511 -0.155975 1.054557 38 36 32
-0.176117 -0.152522 1.052770 47 44 41
-0.175975 -0.147798 1.052142 62 62 59
-0.175162 -0.141898 1.052550 78 79 77
-0.173371 -0.134271 1.054461 155 148 134
-0.208368 -0.050104 0.973069 109 109 107
-0.210437 -0.049471 0.969077 68 63 59
-0.211712 -0.047069 0.966237 56 38 37
-0.212852 -0.044362 0.963592 151 105 102
-0.213633 -0.040825 0.961462 166 108 104
-0.213990 -0.036282 0.959937 170 120 117
-0.213797 -0.030416 0.959190 106 77 74
-0.211373 -0.019209 0.961608 167 159 162
-0.166659 -0.153591 1.078725 68 49 42
-0.170831 -0.155850 1.071269 90 66 60
-0.174340 -0.157109 1.064880 135 95 93
-0.176874 -0.156823 1.060049 135 93 92
-0.178829 -0.155612 1.056141 116 89 85
-0.180483 -0.153919 1.052712 44 37 36
-0.181862 -0.151772 1.049721 41 37 36
-0.182561 -0.148469 1.047800 48 46 45
-0.181831 -0.142685 1.048122 70 68 65
-0.180218 -0.135304 1.049820 131 125 113
-0.209360 -0.055154 0.980253 187 190 198
-0.211338 -0.054316 0.976370 121 123 128
-0.213131 -0.053091 0.972765 68 65 63
-0.214155 -0.050140 0.970295 99 82 82
-0.215217 -0.047268 0.967769 160 110 109
-0.216110 -0.043999 0.965489 167 112 111
-0.216570 -0.039707 0.963839 169 114 115
-0.216396 -0.033890 0.963107 112 94 89
-0.213344 -0.021170 0.966545 182 147 148
-0.171033 -0.150279 1.077951 100 83 75
-0.174500 -0.151474 1.071570 68 43 39
-0.178053 -0.152880 1.065064 147 103 102
-0.180778 -0.152960 1.059898 148 95 96
-0.183032 -0.152284 1.055495 130 84 84
-0.185008 -0.151163 1.051543 108 85 83
-0.186666 -0.149516 1.048103 41 28 26
-0.187599 -0.146620 1.045820 45 37 37
-0.188049 -0.142865 1.044306 50 47 46
-0.187740 -0.137738 1.043993 74 73 70
-0.186740 -0.131324 1.044770 121 117 107
-0.211163 -0.061985 0.986179 186 189 195
-0.213188 -0.061269 0.982204 136 140 145
-0.214878 -0.059833 0.978740 95 100 101
-0.215728 -0.056512 0.976541 94 88 92
-0.216568 -0.053153 0.974356 120 121 128
-0.217349 -0.049646 0.972256 136 122 128
-0.218124 -0.046110 0.970162 160 119 115
-0.218616 -0.041892 0.968487 141 104 101
-0.218161 -0.035403 0.968213 143 122 118
-0.215207 -0.022876 0.971629 182 136 135
-0.178497 -0.147629 1.071352 60 41 38
-0.181339 -0.147903 1.065955 103 69 68
-0.184271 -0.148383 1.060419 155 101 102
-0.186936 -0.148453 1.055325 146 92 93
-0.189079 -0.147654 1.051085 144 91 86
-0.190677 -0.145922 1.047731 124 83 79
-0.191897 -0.143529 1.044992 44 35 32
-0.192842 -0.140645 1.042694 36 35 33
-0.193583 -0.137383 1.040725 42 41 39
-0.193758 -0.133072 1.039662 57 55 55
-0.193442 -0.127822 1.039381 125 123 114
-0.210005 -0.072639 0.998344 209 213 215
-0.211577 -0.070908 0.995041 186 192 197
-0.213260 -0.069436 0.991569 155 156 162
-0.214871 -0.067824 0.988210 126 128 133
-0.216330 -0.065888 0.985089 100 102 105
-0.217065 -0.062328 0.983081 99 105 108
-0.217726 -0.058583 0.981183 117 123 131
-0.218508 -0.055096 0.979097 120 128 139
-0.219216 -0.051421 0.977121 119 125 141
-0.219920 -0.047718 0.975148 134 124 132
-0.220420 -0.043515 0.973480 106 90 86
-0.218548 -0.033642 0.975400 205 190 184
-0.182321 -0.143483 1.071422 113 89 85
-0.185295 -0.144044 1.065771 63 43 39
-0.188109 -0.144380 1.060391 118 85 80
-0.190565 -0.144131 1.055609 160 108 103
-0.192682 -0.143317 1.051390 152 96 92
-0.194433 -0.141871 1.047776 146 93 88
-0.195953 -0.140026 1.044542 136 91 86
-0.197426 -0.138106 1.041387 93 64 62
-0.198712 -0.135848 1.038540 47 32 31
-0.199620 -0.132890 1.036308 41 35 32
-0.200811 -0.130456 1.033615 41 38 36
-0.201717 -0.127482 1.031385 49 46 42
-0.202446 -0.124161 1.029439 60 56 48
-0.203131 -0.120740 1.027563 74 67 60
-0.203348 -0.116389 1.026440 86 80 73
-0.203616 -0.112105 1.025230 96 94 84
-0.204156 -0.108333 1.023576 108 108 99
-0.205046 -0.105239 1.021358 104 104 97
-0.206022 -0.102312 1.018999 137 133 127
-0.206826 -0.099027 1.016915 118 113 107
-0.207717 -0.095905 1.014691 112 109 101
-0.208855 -0.093290 1.012069 109 105 99
-0.209855 -0.090382 1.009669 107 103 97
-0.210727 -0.087199 1.007470 107 104 98
-0.211785 -0.084400 1.004975 113 114 113
-0.213098 -0.082147 1.002075 122 122 124
-0.214281 -0.079616 0.999382 122 123 127
-0.215424 -0.076999 0.996752 113 115 117
-0.216616 -0.074489 0.994044 109 112 114
-0.217579 -0.071470 0.991696 105 107 109
-0.218628 -0.068635 0.989212 115 117 121
-0.219147 -0.064596 0.987556 119 123 130
-0.219828 -0.060900 0.985643 118 124 133
-0.220634 -0.057473 0.983533 115 125 136
-0.221418 -0.053979 0.981454 118 125 135
-0.221998 -0.049992 0.979688 110 109 117
-0.222260 -0.045225 0.978411 160 149 154
-0.220602 -0.035836 0.980092 168 159 158
-0.189344 -0.140348 1.065431 114 91 85
-0.191880 -0.140245 1.060481 61 44 36
-0.194138 -0.139683 1.056001 103 67 63
-0.196186 -0.138772 1.051875 157 104 103
-0.198083 -0.137614 1.048003 157 101 97
-0.199894 -0.136318 1.044279 151 96 90
-0.201417 -0.134504 1.041034 144 90 84
-0.202774 -0.132388 1.038066 138 89 83
-0.204214 -0.130438 1.034961 132 91 82
-0.205441 -0.128087 1.032210 107 76 67
-0.206401 -0.125220 1.029898 67 44 35
-0.207404 -0.122431 1.027515 47 29 25
-0.208452 -0.119726 1.025057 42 28 22
-0.209291 -0.116601 1.022940 43 33 26
-0.210157 -0.113521 1.020777 41 36 33
-0.211221 -0.110831 1.018290 43 38 35
-0.212313 -0.108196 1.015756 45 40 38
-0.213188 -0.105109 1.013577 51 44 42
-0.213917 -0.101710 1.011631 49 41 39
-0.214330 -0.097629 1.010196 54 41 39
-0.215174 -0.094436 1.008059 55 41 40
-0.215982 -0.091153 1.005979 68 49 49
-0.216859 -0.088007 1.003785 80 59 60
-0.218006 -0.085440 1.001154 107 79 77
-0.218791 -0.082074 0.999106 140 105 103
-0.219407 -0.078321 0.997325 139 115 116
-0.220125 -0.074772 0.995380 120 120 125
-0.220838 -0.071197 0.993438 116 118 122
-0.221429 -0.067325 0.991689 116 119 125
-0.222068 -0.063542 0.989858 120 125 134
-0.222977 -0.060362 0.987597 126 131 139
-0.223692 -0.056715 0.985642 109 110 111
-0.224128 -0.052394 0.984124 149 147 145
-0.223311 -0.045062 0.984578 200 206 213
-0.195410 -0.135655 1.060987 129 112 105
-0.197650 -0.135093 1.056512 73 52 54
-0.199665 -0.134148 1.052421 83 53 53
-0.201635 -0.133147 1.048409 139 92 88
-0.203465 -0.131908 1.044636 162 111 104
-0.205085 -0.130288 1.041220 158 100 96
-0.206573 -0.128430 1.038026 155 98 94
-0.207950 -0.126366 1.035022 153 97 91
-0.209140 -0.123944 1.032328 150 96 90
-0.210369 -0.121600 1.029571 149 94 88
-0.211487 -0.119034 1.027001 146 92 85
-0.212453 -0.116164 1.024680 141 95 86
-0.213566 -0.113584 1.022117 140 96 86
-0.214704 -0.111058 1.019510 141 100 89
-0.215801 -0.108443 1.016973 143 102 91
-0.216754 -0.105527 1.014672 140 98 88
-0.217599 -0.102375 1.012549 142 100 93
-0.218355 -0.099022 1.010570 146 102 96
-0.219049 -0.095521 1.008692 149 101 96
-0.219824 -0.092177 1.006678 154 102 102
-0.220615 -0.088855 1.004635 156 104 102
-0.221393 -0.085490 1.002612 160 107 105
-0.222078 -0.081904 1.000738 163 109 109
-0.222725 -0.078213 0.998923 165 112 110
-0.223357 -0.074470 0.997129 139 129 132
-0.223893 -0.070484 0.995488 146 143 148
-0.224416 -0.066443 0.993865 138 134 135
-0.225098 -0.062745 0.991981 114 109 107
-0.225586 -0.058572 0.990407 173 171 165
-0.224908 -0.051611 0.990706 187 190 191
-0.200702 -0.129599 1.057831 151 123 118
-0.202715 -0.128668 1.053722 118 108 100
-0.204793 -0.127894 1.049503 74 59 54
-0.206587 -0.126597 1.045776 83 59 55
-0.208106 -0.124785 1.042518 117 79 78
-0.209637 -0.123010 1.039242 152 103 100
-0.211012 -0.120936 1.036233 150 100 95
-0.212352 -0.118803 1.033282 153 104 100
-0.213618 -0.116525 1.030458 155 102 96
-0.214841 -0.114161 1.027710 155 102 96
-0.216205 -0.112094 1.024721 158 103 98
-0.217450 -0.109786 1.021935 158 103 98
-0.218497 -0.107064 1.019483 158 104 98
-0.219498 -0.104243 1.017107 160 104 99
-0.220417 -0.101241 1.014867 159 106 100
-0.221182 -0.097897 1.012884 162 107 102
-0.221849 -0.094327 1.011062 162 108 104
-0.222556 -0.090823 1.009172 163 110 108
-0.223263 -0.087304 1.007278 166 117 113
-0.224027 -0.083895 1.005287 172 128 124
-0.224716 -0.080300 1.003420 176 143 140
-0.225328 -0.076511 1.001676 164 133 128
-0.225891 -0.072586 1.000012 117 107 104
-0.226407 -0.068531 0.998420 163 162 156
-0.226752 -0.064047 0.997107 222 221 221
-0.209441 -0.120688 1.047416 175 151 141
-0.211206 -0.119363 1.043724 118 105 99
-0.212797 -0.117710 1.040332 89 73 65
-0.214248 -0.115788 1.037185 94 77 75
-0.215633 -0.113742 1.034151 103 85 82
-0.216959 -0.111581 1.031221 119 98 89
-0.218317 -0.109493 1.028237 130 105 97
-0.219587 -0.107228 1.025403 133 110 103
-0.220673 -0.104575 1.022885 137 116 106
-0.221639 -0.101664 1.020571 141 116 107
-0.222495 -0.098505 1.018444 153 130 116
-0.223274 -0.095169 1.016445 141 119 108
-0.223950 -0.091589 1.014620 129 107 96
-0.224662 -0.088072 1.012731 124 103 94
-0.225410 -0.084618 1.010778 126 108 99
-0.226085 -0.080981 1.008948 142 129 124
-0.226677 -0.077137 1.007254 214 203 194
-0.227196 -0.073101 1.005679 222 209 202
-0.220305 -0.106594 1.032003 178 156 150
-0.221469 -0.104091 1.029349 175 154 148
-0.222437 -0.101165 1.027035 189 170 163
-0.223269 -0.097937 1.024956 193 174 173
-0.224030 -0.094540 1.022997 201 180 178
-0.224772 -0.091085 1.021071 184 155 151
-0.225421 -0.087406 1.019302 168 134 131
-0.015262 -0.152403 1.069617 58 56 57
-0.012085 -0.149509 1.067470 58 59 60
-0.032779 -0.160000 1.073093 56 52 55
-0.029551 -0.157137 1.071254 57 55 57
-0.026457 -0.154269 1.068970 58 59 59
-0.023212 -0.151396 1.067144 58 60 62
-0.020078 -0.148520 1.064955 58 60 62
-0.016784 -0.145636 1.063240 61 63 63
-0.013522 -0.142747 1.061403 64 66 67
0.008674 -0.122450 1.046190 61 63 65
-0.045779 -0.164667 1.078206 53 49 52
-0.043378 -0.161803 1.073681 55 54 57
-0.040587 -0.158954 1.070496 58 57 59
-0.037666 -0.156107 1.067754 58 57 60
-0.034625 -0.153260 1.065399 60 59 60
-0.031314 -0.150406 1.063897 60 60 60
-0.027986 -0.147544 1.062422 58 60 62
-0.024714 -0.144677 1.060738 61 63 65
-0.021488 -0.141806 1.058886 62 65 65
-0.018341 -0.138935 1.056774 64 67 67
0.025172 -0.098493 1.024371 68 71 71
0.028096 -0.095619 1.021519 68 68 68
0.031063 -0.092739 1.018775 68 69 68
0.033840 -0.089893 1.015559 68 67 68
0.037134 -0.086951 1.013626 70 65 65
0.040296 -0.084031 1.011353 68 62 63
0.043573 -0.081086 1.009346 70 60 59
-0.057172 -0.166399 1.075520 54 52 55
-0.053792 -0.163585 1.074467 56 54 57
-0.050918 -0.160753 1.071629 57 55 58
-0.048041 -0.157922 1.068800 58 57 60
-0.045049 -0.155091 1.066364 60 59 61
-0.042046 -0.152258 1.063958 60 60 62
-0.038925 -0.149421 1.061927 60 60 62
-0.035724 -0.146578 1.060141 60 63 62
-0.032497 -0.143728 1.058414 62 65 64
-0.029265 -0.140873 1.056675 62 64 66
-0.026118 -0.138017 1.054651 68 70 70
-0.022973 -0.135157 1.052599 73 76 75
-0.019870 -0.132297 1.050408 71 76 75
0.026173 -0.089178 1.014872 77 75 75
0.029233 -0.086291 1.012417 73 73 73
0.032331 -0.083395 1.010047 75 70 71
0.035504 -0.080482 1.007857 77 70 71
0.038701 -0.077561 1.005710 74 66 65
0.041910 -0.074634 1.003581 71 60 60
0.045227 -0.071679 1.001694 68 53 53
-0.067568 -0.168136 1.075790 53 51 55
-0.064329 -0.165339 1.074373 55 52 56
-0.061544 -0.162523 1.071292 56 56 58
-0.058476 -0.159714 1.069228 58 57 60
-0.055520 -0.156901 1.066752 60 57 61
-0.052612 -0.154087 1.064108 61 60 63
-0.049638 -0.151271 1.061684 61 61 63
-0.046571 -0.148452 1.059566 61 63 65
-0.043438 -0.145627 1.057654 63 66 66
-0.040277 -0.142796 1.055814 64 67 65
-0.037097 -0.139959 1.054011 65 68 67
-0.033888 -0.137116 1.052277 68 74 72
-0.030730 -0.134270 1.050360 71 76 75
-0.027579 -0.131421 1.048402 75 80 79
-0.024440 -0.128570 1.046385 74 81 79
-0.021241 -0.125708 1.044537 74 82 80
-0.018101 -0.122848 1.042491 74 82 79
-0.014906 -0.119978 1.040590 75 79 80
-0.011777 -0.117112 1.038475 74 77 77
-0.008621 -0.114239 1.036427 74 77 76
-0.005495 -0.111367 1.034275 73 76 76
0.012715 -0.094173 1.019650 81 81 83
0.015587 -0.091333 1.016764 83 83 83
0.018496 -0.088487 1.013977 83 83 81
0.021523 -0.085617 1.011493 83 83 81
0.024552 -0.082746 1.009009 81 80 79
0.027692 -0.079850 1.006798 78 77 76
0.030848 -0.076947 1.004616 77 73 73
0.033900 -0.074066 1.002165 78 70 70
0.036737 -0.071233 0.999190 70 59 59
0.039829 -0.068340 0.996830 71 57 58
0.043043 -0.065417 0.994750 77 57 57
0.046919 -0.062324 0.994206 81 55 55
-0.077987 -0.169843 1.075479 53 53 57
-0.074733 -0.167070 1.074260 55 55 58
-0.072063 -0.164269 1.070824 56 56 58
-0.069007 -0.161480 1.068831 56 56 58
-0.066001 -0.158688 1.066635 56 56 58
-0.062987 -0.155892 1.064460 60 60 62
-0.060007 -0.153094 1.062146 62 62 64
-0.057099 -0.150295 1.059574 62 63 65
-0.054122 -0.147494 1.057237 63 65 66
-0.051078 -0.144688 1.055119 65 68 68
-0.047966 -0.141876 1.053212 68 69 69
-0.044891 -0.139061 1.051165 68 71 71
-0.041753 -0.136239 1.049306 74 76 73
-0.038637 -0.133414 1.047356 77 79 77
-0.035483 -0.130581 1.045508 90 94 90
-0.032311 -0.127743 1.043696 124 129 120
-0.029232 -0.124909 1.041572 158 160 149
-0.026050 -0.122060 1.039751 173 172 161
-0.022910 -0.119213 1.037779 181 177 165
-0.019694 -0.116351 1.036020 185 182 169
-0.016596 -0.113501 1.033887 181 179 168
-0.013411 -0.110635 1.031994 176 174 165
-0.010259 -0.107770 1.029989 173 172 162
-0.007105 -0.104901 1.027970 160 160 148
-0.004020 -0.102040 1.025744 151 151 140
-0.000975 -0.099183 1.023394 131 133 125
0.002062 -0.096327 1.021012 102 106 99
0.005047 -0.093478 1.018484 109 111 106
0.007946 -0.090645 1.015721 97 99 97
0.010813 -0.087819 1.012874 91 93 90
0.013725 -0.084984 1.010148 89 90 88
0.016728 -0.082130 1.007659 86 87 85
0.019716 -0.079278 1.005125 86 85 84
0.022836 -0.076395 1.002922 83 80 78
0.026010 -0.073497 1.000842 80 77 75
0.029162 -0.070601 0.998696 78 70 70
0.032108 -0.067754 0.996030 78 67 67
0.034812 -0.064966 0.992780 68 55 56
0.037763 -0.062118 0.990134 74 59 60
0.040965 -0.059204 0.988077 81 64 62
0.044495 -0.056198 0.986773 77 55 53
-0.088421 -0.171517 1.074552 45 44 51
-0.085658 -0.168743 1.071563 52 51 54
-0.082564 -0.165984 1.069868 54 54 56
-0.079506 -0.163219 1.068010 56 56 58
-0.076624 -0.160445 1.065468 57 57 59
-0.073590 -0.157673 1.063485 58 57 60
-0.070587 -0.154896 1.061374 60 61 62
-0.067487 -0.152115 1.059597 61 64 64
-0.064396 -0.149329 1.057762 63 66 66
-0.061452 -0.146544 1.055390 65 68 68
-0.058671 -0.143764 1.052440 70 72 72
-0.055604 -0.140970 1.050482 71 73 73
-0.052472 -0.138168 1.048726 80 83 83
-0.049454 -0.135370 1.046564 116 118 112
-0.046416 -0.132567 1.044458 168 169 157
-0.043374 -0.129761 1.042346 181 176 163
-0.040176 -0.126936 1.040723 175 171 157
-0.036991 -0.124107 1.039034 171 168 154
-0.034009 -0.121297 1.036681 170 166 152
-0.030960 -0.118477 1.034529 164 159 147
-0.027853 -0.115646 1.032542 167 162 148
-0.024534 -0.112781 1.031177 171 167 152
-0.021404 -0.109938 1.029216 171 166 152
-0.018219 -0.107083 1.027400 172 168 153
-0.015108 -0.104235 1.025347 173 169 153
-0.011994 -0.101384 1.023288 172 167 153
-0.008918 -0.098536 1.021107 173 168 154
-0.005874 -0.095692 1.018822 168 163 149
-0.002828 -0.092845 1.016535 173 168 154
0.000174 -0.090005 1.014117 173 169 155
0.003128 -0.087174 1.011564 176 171 157
0.006053 -0.084349 1.008928 176 173 157
0.008970 -0.081524 1.006272 158 155 141
0.011949 -0.078686 1.003776 112 111 103
0.014953 -0.075841 1.001340 99 99 93
0.018052 -0.072972 0.999140 87 87 81
0.021191 -0.070090 0.997032 86 82 78
0.024369 -0.067196 0.995007 87 82 78
0.027509 -0.064309 0.992872 80 72 68
0.030408 -0.061482 0.990136 94 83 80
0.033358 -0.058642 0.987525 70 57 55
0.036374 -0.055783 0.985069 78 63 62
0.039310 -0.052946 0.982420 88 67 66
0.042917 -0.049917 0.981335 83 59 59
-0.095613 -0.170434 1.072084 44 46 50
-0.092857 -0.167678 1.069146 41 41 48
-0.090046 -0.164925 1.066435 49 50 55
-0.087041 -0.162178 1.064491 54 55 57
-0.083989 -0.159427 1.062707 56 57 59
-0.081096 -0.156672 1.060293 57 59 60
-0.078052 -0.153913 1.058445 60 61 61
-0.074998 -0.151151 1.056609 61 64 63
-0.071904 -0.148382 1.054898 64 67 65
-0.068808 -0.145608 1.053171 71 74 74
-0.065861 -0.142836 1.050884 74 76 76
-0.062978 -0.140067 1.048363 88 92 88
-0.059937 -0.137285 1.046389 158 158 147
-0.056959 -0.134505 1.044181 171 169 155
-0.054005 -0.131725 1.041879 170 169 154
-0.051012 -0.128939 1.039700 172 170 155
-0.047876 -0.126135 1.037978 176 174 159
-0.044754 -0.123329 1.036188 175 173 158
-0.041678 -0.120523 1.034226 171 169 154
-0.038655 -0.117720 1.032082 171 166 152
-0.035653 -0.114918 1.029857 168 163 149
-0.032579 -0.112103 1.027845 157 155 140
-0.029358 -0.109262 1.026263 168 164 148
-0.026287 -0.106440 1.024204 171 167 152
-0.023139 -0.103602 1.022358 173 168 154
-0.020060 -0.100771 1.020292 173 168 153
-0.016952 -0.097933 1.018292 172 168 152
-0.013892 -0.095100 1.016140 172 167 153
-0.010846 -0.092268 1.013936 173 168 154
-0.007794 -0.089432 1.011739 173 170 155
-0.004770 -0.086600 1.009452 176 173 158
-0.001760 -0.083769 1.007115 176 172 158
0.001261 -0.080934 1.004803 170 166 152
0.004251 -0.078104 1.002399 170 165 151
0.007279 -0.075264 1.000088 178 173 161
0.010296 -0.072425 0.997742 125 125 113
0.013368 -0.069571 0.995530 153 153 142
0.016472 -0.066706 0.993387 129 125 117
0.019638 -0.063822 0.991387 101 96 89
0.022808 -0.060934 0.989382 99 93 87
0.025939 -0.058053 0.987269 83 74 69
0.029109 -0.055159 0.985235 86 74 72
0.032005 -0.052341 0.982528 78 63 60
0.034998 -0.049494 0.980052 83 65 63
0.037810 -0.046700 0.977144 94 71 71
0.040872 -0.043832 0.974824 87 64 65
-0.105609 -0.172094 1.071934 51 51 57
-0.102837 -0.169357 1.069142 49 49 53
-0.100018 -0.166623 1.066551 48 49 53
-0.097118 -0.163891 1.064293 41 42 46
-0.094274 -0.161156 1.061797 50 49 54
-0.091299 -0.158422 1.059824 57 57 60
-0.088373 -0.155685 1.057636 58 59 61
-0.085440 -0.152944 1.055466 60 62 63
-0.082345 -0.150198 1.053898 62 65 64
-0.079274 -0.147446 1.052212 64 67 65
-0.076224 -0.144690 1.050425 71 73 71
-0.073046 -0.141923 1.049081 86 88 85
-0.070153 -0.139167 1.046673 160 161 150
-0.067339 -0.136415 1.043975 172 169 154
-0.064434 -0.133657 1.041603 159 154 140
-0.061525 -0.130896 1.039234 172 167 153
-0.058609 -0.128134 1.036884 173 171 156
-0.055525 -0.125351 1.035094 175 173 158
-0.052488 -0.122569 1.033126 172 170 155
-0.049464 -0.119786 1.031097 168 166 151
-0.046495 -0.117007 1.028875 170 166 150
-0.043692 -0.114251 1.026109 169 164 150
-0.040662 -0.111460 1.024065 168 164 149
-0.037447 -0.108636 1.022583 164 159 145
-0.034142 -0.105790 1.021347 163 161 146
-0.031108 -0.102986 1.019256 164 162 147
-0.028044 -0.100174 1.017238 164 162 147
-0.024928 -0.097348 1.015360 166 161 146
-0.021804 -0.094517 1.013486 167 162 147
-0.018747 -0.091697 1.011399 168 163 149
-0.015720 -0.088880 1.009212 164 160 146
-0.012718 -0.086066 1.006945 169 166 151
-0.009735 -0.083254 1.004614 168 163 149
-0.006740 -0.080439 1.002309 168 163 149
-0.003689 -0.077608 1.000148 175 170 155
-0.000652 -0.074778 0.997939 172 170 155
0.002467 -0.071926 0.995934 172 167 153
0.005572 -0.069074 0.993880 175 174 161
0.008717 -0.066208 0.991917 117 117 107
0.011901 -0.063328 0.990036 158 155 142
0.015111 -0.060438 0.988204 159 156 142
0.018327 -0.057542 0.986368 165 159 146
0.021451 -0.054669 0.984284 132 123 114
0.024598 -0.051787 0.982242 91 80 75
0.027524 -0.048969 0.979649 95 80 76
0.030534 -0.046124 0.977259 86 68 66
0.033322 -0.043347 0.974332 87 68 67
0.036134 -0.040564 0.971468 94 73 74
0.039153 -0.037714 0.969091 98 68 71
-0.112695 -0.171015 1.069122 51 48 52
-0.109919 -0.168297 1.066440 53 49 52
-0.107065 -0.165582 1.064096 51 49 54
-0.104191 -0.162867 1.061826 49 50 54
-0.101280 -0.160151 1.059704 47 49 53
-0.098433 -0.157431 1.057301 47 47 49
-0.095516 -0.154710 1.055177 57 57 60
-0.092512 -0.151985 1.053389 60 62 64
-0.089493 -0.149255 1.051635 63 66 67
-0.086399 -0.146517 1.050145 70 73 72
-0.083331 -0.143774 1.048523 78 82 79
-0.080324 -0.141030 1.046646 124 125 117
-0.077292 -0.138280 1.044840 173 169 154
-0.074493 -0.135544 1.042164 168 163 149
-0.071741 -0.132813 1.039317 169 164 150
-0.068931 -0.130077 1.036682 165 163 148
-0.066034 -0.127332 1.034352 172 170 155
-0.063175 -0.124590 1.031888 169 167 152
-0.060275 -0.121842 1.029556 157 154 139
-0.057421 -0.119098 1.027061 159 157 142
-0.054691 -0.116372 1.024153 166 165 148
-0.051959 -0.113648 1.021256 168 165 149
-0.049394 -0.110951 1.017829 169 164 150
-0.046409 -0.108188 1.015764 166 164 149
-0.042818 -0.105314 1.015598 160 159 144
-0.039494 -0.102478 1.014539 162 160 145
-0.035836 -0.099570 1.014466 167 165 150
-0.032624 -0.096738 1.012976 168 164 149
-0.029630 -0.093947 1.010802 166 164 149
-0.026543 -0.091133 1.008894 172 167 153
-0.023506 -0.088327 1.006822 168 163 149
-0.020489 -0.085522 1.004677 164 161 146
-0.017510 -0.082725 1.002413 160 159 143
-0.014572 -0.079935 1.000023 167 162 148
-0.011632 -0.077144 0.997631 171 166 152
-0.008614 -0.074332 0.995452 168 167 151
-0.005544 -0.071504 0.993402 173 172 157
-0.002366 -0.068644 0.991626 172 169 154
0.000821 -0.065778 0.989857 166 164 151
0.004052 -0.062896 0.988181 172 170 157
0.007378 -0.059982 0.986728 170 168 155
0.010692 -0.057066 0.985218 165 161 148
0.013951 -0.054161 0.983542 158 153 138
0.017090 -0.051289 0.981544 157 152 134
0.020192 -0.048425 0.979438 155 147 129
0.023174 -0.045596 0.977025 98 87 78
0.026148 -0.042768 0.974588 96 83 79
0.028957 -0.039994 0.971749 87 70 68
0.031578 -0.037282 0.968468 91 71 71
0.034240 -0.034559 0.965297 92 72 71
-0.119532 -0.169960 1.067067 54 50 53
-0.116688 -0.167262 1.064774 54 52 55
-0.114012 -0.164555 1.061727 52 52 54
-0.111101 -0.161857 1.059718 51 51 53
-0.108213 -0.159156 1.057596 51 53 55
-0.105349 -0.156452 1.055358 50 52 54
-0.102447 -0.153746 1.053264 44 46 48
-0.099511 -0.151037 1.051297 60 61 63
-0.096501 -0.148321 1.049610 63 65 67
-0.093434 -0.145598 1.048125 70 72 72
-0.090395 -0.142871 1.046499 86 89 88
-0.087364 -0.140138 1.044813 154 151 138
-0.084300 -0.137399 1.043226 156 151 135
-0.081478 -0.134675 1.040701 157 152 136
-0.078783 -0.131962 1.037707 167 163 147
-0.076064 -0.129249 1.034809 171 166 152
-0.073289 -0.126531 1.032123 160 160 147
-0.070496 -0.123812 1.029503 137 137 123
-0.067965 -0.121128 1.025964 146 141 129
-0.066246 -0.118564 1.019649 164 160 146
-0.065305 -0.116137 1.010782 165 163 149
-0.065127 -0.113863 0.999514 192 190 177
-0.064581 -0.111571 0.989698 206 205 193
-0.062051 -0.108965 0.986569 205 205 194
-0.057941 -0.106070 0.988564 187 186 174
-0.052951 -0.102984 0.993248 164 162 148
-0.037860 -0.093494 1.006590 171 167 152
-0.034394 -0.090612 1.005945 173 168 154
-0.031268 -0.087799 1.004229 172 167 153
-0.028247 -0.085006 1.002185 170 167 151
-0.025183 -0.082201 1.000249 169 168 151
-0.022176 -0.079406 0.998134 167 165 149
-0.019253 -0.076631 0.995765 162 160 145
-0.016351 -0.073860 0.993332 169 165 149
-0.013359 -0.071064 0.991144 166 164 149
-0.010282 -0.068243 0.989181 173 172 157
-0.007084 -0.065384 0.987527 176 172 158
-0.003887 -0.062522 0.985851 176 174 162
-0.000673 -0.059650 0.984196 109 108 104
0.002755 -0.056709 0.983080 151 149 138
0.006139 -0.053776 0.981814 165 164 150
0.009500 -0.050843 0.980457 157 153 137
0.012771 -0.047934 0.978843 162 158 142
0.015951 -0.045049 0.976977 158 153 133
0.018946 -0.042221 0.974637 170 163 145
0.021911 -0.039403 0.972215 108 97 90
0.024583 -0.036682 0.969081 96 84 81
0.027343 -0.033933 0.966166 88 72 70
0.029707 -0.031323 0.962320 91 72 71
0.032512 -0.028563 0.959531 91 71 68
-0.126200 -0.168923 1.065465 58 50 53
-0.123409 -0.166237 1.063016 56 53 56
-0.120658 -0.163548 1.060381 55 53 56
-0.117811 -0.160862 1.058177 54 52 55
-0.114952 -0.158175 1.056016 53 53 55
-0.112053 -0.155485 1.054018 52 54 56
-0.109173 -0.152791 1.051920 53 55 57
-0.106231 -0.150094 1.050067 46 48 50
-0.103297 -0.147393 1.048160 62 64 66
-0.100303 -0.144686 1.046476 68 70 72
-0.097281 -0.141972 1.044882 94 95 92
-0.094215 -0.139249 1.043435 160 157 143
-0.091214 -0.136526 1.041699 155 151 135
-0.088370 -0.133812 1.039334 159 154 138
-0.085634 -0.131109 1.036552 159 155 139
-0.082968 -0.128414 1.033512 162 158 142
-0.080123 -0.125700 1.031149 141 140 124
-0.077378 -0.122998 1.028413 130 132 119
-0.074983 -0.120346 1.024423 160 160 146
-0.074955 -0.118055 1.012089 169 164 152
-0.078659 -0.116404 0.986975 217 216 204
-0.075843 -0.113776 0.984947 221 221 210
-0.073189 -0.111174 0.982360 220 220 209
-0.070496 -0.108565 0.979906 222 222 211
-0.067557 -0.105908 0.978264 222 222 211
-0.064661 -0.103257 0.976460 220 220 209
-0.061629 -0.100574 0.975076 220 220 209
-0.057943 -0.097744 0.975748 192 189 175
-0.051127 -0.094202 0.986178 172 167 153
-0.044925 -0.090741 0.994372 172 170 155
-0.039907 -0.087511 0.998666 172 168 154
-0.036183 -0.084566 0.998875 173 168 154
-0.032972 -0.081737 0.997477 170 165 151
-0.029872 -0.078931 0.995726 173 169 154
-0.026830 -0.076137 0.993782 171 170 153
-0.023899 -0.073370 0.991503 167 164 148
-0.020990 -0.070607 0.989153 160 160 143
-0.018022 -0.067827 0.986962 160 159 142
-0.014953 -0.065015 0.985043 172 168 152
-0.011734 -0.062156 0.983516 175 170 156
-0.008513 -0.059292 0.981972 172 170 156
-0.005342 -0.056438 0.980266 145 141 132
-0.001979 -0.053520 0.979048 105 106 98
0.001627 -0.050518 0.978435 144 145 137
0.005030 -0.047574 0.977249 167 163 147
0.008397 -0.044635 0.975934 164 159 143
0.011660 -0.041726 0.974329 159 154 135
0.014760 -0.038868 0.972294 160 156 137
0.017714 -0.036059 0.969882 148 140 123
0.020418 -0.033336 0.966857 120 112 102
0.023109 -0.030619 0.963808 101 88 84
0.025694 -0.027943 0.960514 92 76 74
0.027628 -0.025508 0.955699 90 74 71
0.031624 -0.022316 0.955744 100 82 79
-0.132631 -0.167907 1.064698 50 41 41
-0.129937 -0.165229 1.061856 56 52 55
-0.127185 -0.162553 1.059296 57 54 55
-0.124340 -0.159880 1.057169 56 53 55
-0.121477 -0.157204 1.055105 55 55 57
-0.118640 -0.154526 1.052915 54 54 56
-0.115720 -0.151844 1.051075 54 56 58
-0.112854 -0.149160 1.048982 56 59 59
-0.109959 -0.146472 1.046995 50 53 53
-0.106960 -0.143775 1.045429 71 72 70
-0.103973 -0.141074 1.043786 90 91 88
-0.100946 -0.138365 1.042279 164 160 143
-0.098008 -0.135658 1.040377 156 152 136
-0.095153 -0.132955 1.038132 160 155 139
-0.092384 -0.130260 1.035541 160 155 139
-0.089645 -0.127569 1.032832 158 154 136
-0.086927 -0.124882 1.030048 129 123 110
-0.084079 -0.122177 1.027758 158 154 137
-0.081462 -0.119505 1.024608 166 165 148
-0.084187 -0.117674 1.002049 173 174 159
-0.085442 -0.115697 0.985314 222 222 211
-0.082712 -0.113095 0.983066 219 219 208
-0.080099 -0.110513 0.980401 221 221 210
-0.077280 -0.107892 0.978451 221 221 210
-0.074488 -0.105275 0.976394 221 221 210
-0.071618 -0.102639 0.974587 221 221 210
-0.069066 -0.100069 0.971711 222 222 211
-0.066100 -0.097408 0.970198 221 221 210
-0.063154 -0.094747 0.968594 221 219 208
-0.059170 -0.091834 0.970271 188 185 172
-0.053520 -0.088494 0.977064 185 182 170
-0.046686 -0.084811 0.987290 173 171 158
-0.041660 -0.081541 0.991665 169 165 151
-0.037723 -0.078530 0.992576 166 162 148
-0.034448 -0.075685 0.991425 167 163 148
-0.031394 -0.072896 0.989585 169 167 151
-0.028488 -0.070145 0.987301 172 168 152
-0.025550 -0.067384 0.985096 165 163 146
-0.022604 -0.064618 0.982907 165 161 145
-0.019635 -0.061844 0.980772 169 168 151
-0.016369 -0.058975 0.979451 173 173 156
-0.013078 -0.056093 0.978165 172 170 155
-0.009931 -0.053252 0.976459 171 169 156
-0.006668 -0.050369 0.975042 153 150 139
-0.002825 -0.047287 0.975131 102 104 101
0.000701 -0.044301 0.974328 165 160 145
0.004133 -0.041341 0.973237 165 160 144
0.007427 -0.038422 0.971762 163 158 138
0.010586 -0.035547 0.969920 158 153 133
0.013591 -0.032724 0.967675 151 143 124
0.016413 -0.029966 0.964970 148 140 121
0.019136 -0.027245 0.962026 121 113 102
0.021589 -0.024628 0.958438 102 89 85
0.023806 -0.022103 0.954308 90 75 72
0.025713 -0.019705 0.949481 80 62 60
0.038037 -0.013252 0.968974 132 118 107
-0.138844 -0.166910 1.064756 56 46 47
-0.136149 -0.164241 1.061964 57 51 52
-0.133550 -0.161571 1.058715 54 50 51
-0.130760 -0.158907 1.056403 55 53 55
-0.127916 -0.156243 1.054336 55 54 53
-0.125089 -0.153576 1.052176 54 55 55
-0.122223 -0.150906 1.050176 55 56 56
-0.119313 -0.148231 1.048359 55 57 58
-0.116441 -0.145554 1.046352 58 61 61
-0.113525 -0.142872 1.044522 60 63 62
-0.110539 -0.140181 1.042965 87 87 85
-0.107596 -0.137488 1.041195 173 171 156
-0.104665 -0.134792 1.039355 162 157 139
-0.101832 -0.132103 1.037095 160 155 137
-0.099010 -0.129413 1.034780 157 152 134
-0.096226 -0.126727 1.032308 154 149 132
-0.093392 -0.124034 1.030028 133 128 110
-0.090724 -0.121363 1.027102 155 150 132
-0.088059 -0.118695 1.024176 162 158 140
-0.086843 -0.116267 1.015848 165 162 146
-0.091646 -0.114911 0.985525 218 219 206
-0.089281 -0.112382 0.982001 220 220 209
-0.086581 -0.109794 0.979700 221 221 210
-0.084066 -0.107242 0.976743 222 222 211
-0.081346 -0.104650 0.974514 221 221 210
-0.078489 -0.102027 0.972751 221 221 210
-0.075637 -0.099403 0.970951 220 220 209
-0.072870 -0.096795 0.968848 221 221 210
-0.070065 -0.094176 0.966863 222 222 211
-0.067192 -0.091538 0.965085 222 221 210
-0.063498 -0.088688 0.965929 198 193 181
-0.058740 -0.085545 0.970063 170 168 155
-0.053170 -0.082155 0.976572 194 193 180
-0.047696 -0.078752 0.982553 152 150 136
-0.042667 -0.075437 0.986961 160 157 143
-0.038914 -0.072460 0.987347 163 158 144
-0.035852 -0.069675 0.985600 166 163 147
-0.032992 -0.066946 0.983243 170 166 150
-0.030045 -0.064191 0.981129 168 167 149
-0.027146 -0.061448 0.978868 165 161 145
-0.024284 -0.058716 0.976493 162 158 142
-0.021034 -0.055856 0.975200 169 165 149
-0.017696 -0.052961 0.974119 175 173 158
-0.014462 -0.050096 0.972717 175 173 160
-0.011138 -0.047195 0.971531 151 147 136
-0.007349 -0.044126 0.971554 121 122 112
-0.003558 -0.041045 0.971518 168 163 148
-0.000086 -0.038069 0.970592 158 154 138
0.003162 -0.035167 0.969049 162 157 137
0.006324 -0.032294 0.967261 155 150 130
0.009369 -0.029460 0.965161 154 147 128
0.012330 -0.026657 0.962840 150 144 126
0.015200 -0.023887 0.960287 147 141 123
0.017714 -0.021256 0.956866 119 109 98
0.019654 -0.018854 0.952083 99 85 81
0.021172 -0.016630 0.946346 86 68 66
0.026143 -0.013023 0.948796 119 103 99
-0.142704 -0.163245 1.060103 60 55 55
-0.139836 -0.160597 1.058271 60 54 55
-0.137115 -0.157943 1.055688 54 51 51
-0.134279 -0.155290 1.053665 52 51 50
-0.131495 -0.152634 1.051380 54 54 52
-0.128662 -0.149976 1.049310 55 56 54
-0.125821 -0.147314 1.047268 57 57 56
-0.122963 -0.144650 1.045286 58 61 60
-0.120059 -0.141979 1.043491 63 66 66
-0.117126 -0.139302 1.041801 81 82 81
-0.114194 -0.136620 1.040076 160 158 148
-0.111323 -0.133941 1.038069 163 159 143
-0.108479 -0.131262 1.035933 164 160 144
-0.105700 -0.128588 1.033520 164 160 143
-0.102858 -0.125906 1.031354 162 157 139
-0.100061 -0.123228 1.028996 144 140 122
-0.097262 -0.120549 1.026640 153 149 131
-0.094649 -0.117900 1.023557 158 154 136
-0.092334 -0.115304 1.019347 167 163 145
-0.097093 -0.114000 0.988436 192 192 180
-0.095647 -0.111649 0.981459 219 221 209
-0.093160 -0.109112 0.978435 219 219 208
-0.090614 -0.106566 0.975640 221 221 209
-0.088026 -0.104012 0.973006 220 220 207
-0.085354 -0.101440 0.970673 220 220 207
-0.082561 -0.098839 0.968755 221 221 208
-0.079728 -0.096227 0.966962 221 221 210
-0.077030 -0.093645 0.964696 221 221 210
-0.074248 -0.091040 0.962702 222 222 211
-0.071110 -0.088340 0.961872 220 219 208
-0.067603 -0.085533 0.962198 199 195 183
-0.062897 -0.082381 0.966297 162 160 147
-0.057273 -0.078940 0.973134 182 180 168
-0.052745 -0.075777 0.976306 205 205 192
-0.048026 -0.072533 0.979923 168 163 150
-0.043499 -0.069322 0.982800 163 158 144
-0.040289 -0.066498 0.981575 164 159 145
-0.037389 -0.063766 0.979397 164 159 144
-0.034473 -0.061027 0.977255 166 164 149
-0.031680 -0.058327 0.974748 167 163 148
-0.028927 -0.055640 0.972125 122 123 108
-0.025751 -0.052809 0.970699 137 137 125
-0.022413 -0.049917 0.969698 168 168 153
-0.019043 -0.047008 0.968745 176 171 159
-0.015600 -0.044066 0.967955 170 168 153
-0.011750 -0.040969 0.968219 166 161 147
-0.007835 -0.037836 0.968588 167 162 148
-0.004444 -0.034888 0.967510 159 154 139
-0.001164 -0.031976 0.966106 158 153 134
0.002044 -0.029087 0.964487 158 154 134
0.005128 -0.026242 0.962534 155 150 130
0.008201 -0.023400 0.960536 152 147 127
0.011164 -0.020599 0.958250 154 148 129
0.013923 -0.017878 0.955458 155 146 127
0.015789 -0.015524 0.950499 109 98 88
0.017490 -0.013246 0.945200 86 70 68
0.020193 -0.010560 0.942336 80 65 62
-0.148831 -0.162272 1.060146 60 54 56
-0.146083 -0.159630 1.057773 58 55 55
-0.143271 -0.156988 1.055718 58 55 55
-0.140618 -0.154345 1.052853 56 55 54
-0.137831 -0.151700 1.050656 54 54 52
-0.135037 -0.149054 1.048486 56 57 55
-0.132217 -0.146404 1.046428 58 59 57
-0.129385 -0.143751 1.044408 60 61 59
-0.126564 -0.141096 1.042324 60 63 61
-0.123675 -0.138433 1.040529 70 74 74
-0.120747 -0.135763 1.038887 126 125 117
-0.117898 -0.133096 1.036874 165 160 146
-0.115114 -0.130435 1.034558 164 160 144
-0.112338 -0.127774 1.032205 164 160 144
-0.109579 -0.125114 1.029775 157 153 137
-0.106723 -0.122439 1.027741 162 158 142
-0.103950 -0.119775 1.025356 162 158 142
-0.101243 -0.117122 1.022702 160 158 141
-0.098811 -0.114518 1.018968 164 160 144
-0.098593 -0.112341 1.006665 171 166 152
-0.101197 -0.110772 0.983840 200 198 187
-0.099305 -0.108362 0.978567 218 219 208
-0.096979 -0.105871 0.974987 220 220 209
-0.094474 -0.103345 0.972096 220 220 209
-0.091875 -0.100799 0.969561 219 219 208
-0.089173 -0.098229 0.967393 220 220 207
-0.086405 -0.095641 0.965451 220 220 209
-0.083586 -0.093037 0.963674 221 221 210
-0.080866 -0.090457 0.961536 222 222 209
-0.078092 -0.087861 0.959575 220 220 207
-0.074945 -0.085159 0.958844 211 206 195
-0.071196 -0.082277 0.960047 195 190 178
-0.066372 -0.079063 0.964642 164 159 147
-0.061208 -0.075716 0.970145 178 174 162
-0.056826 -0.072578 0.972964 201 200 188
-0.052563 -0.069453 0.975281 179 176 163
-0.047973 -0.066205 0.978477 169 164 150
-0.044632 -0.063341 0.977733 165 161 147
-0.041637 -0.060585 0.975901 167 165 150
-0.038757 -0.057864 0.973713 167 165 150
-0.036076 -0.055212 0.970929 168 165 150
-0.033508 -0.052599 0.967829 120 120 110
-0.030401 -0.049797 0.966278 98 101 97
-0.027074 -0.046911 0.965326 124 123 115
-0.023537 -0.043941 0.964919 175 170 156
-0.019748 -0.040869 0.965157 171 169 154
-0.015511 -0.037616 0.966546 170 165 151
-0.011835 -0.034563 0.966330 169 165 149
-0.008491 -0.031631 0.965176 164 160 144
-0.005220 -0.028721 0.963799 162 157 141
-0.002026 -0.025838 0.962192 155 151 133
0.001027 -0.023008 0.960200 155 150 132
0.004133 -0.020154 0.958326 159 151 134
0.007116 -0.017348 0.956129 153 145 127
0.010093 -0.014543 0.953909 148 140 121
0.012283 -0.012070 0.949749 154 144 126
0.013788 -0.009895 0.943969 96 82 76
0.015534 -0.007627 0.938834 75 59 55
0.021370 -0.003585 0.943441 129 113 101
-0.154765 -0.161311 1.061014 54 47 48
-0.152125 -0.158674 1.058111 57 53 53
-0.149449 -0.156040 1.055407 58 55 55
-0.146770 -0.153406 1.052728 58 56 55
-0.144037 -0.150772 1.050330 57 56 55
-0.141320 -0.148138 1.047845 56 56 55
-0.138537 -0.145500 1.045687 57 57 56
-0.135743 -0.142860 1.043568 58 60 58
-0.132927 -0.140216 1.041544 61 64 62
-0.130179 -0.137575 1.039181 65 68 68
-0.127314 -0.134922 1.037355 86 90 89
-0.124400 -0.132259 1.035725 165 163 150
-0.121618 -0.129609 1.033483 153 150 135
-0.118880 -0.126963 1.031037 153 149 134
-0.116120 -0.124314 1.028683 149 146 130
-0.113370 -0.121666 1.026284 146 145 128
-0.110514 -0.118999 1.024321 160 159 142
-0.107769 -0.116349 1.021887 163 160 144
-0.105026 -0.113699 1.019441 167 166 149
-0.102728 -0.111138 1.015213 170 166 152
-0.104487 -0.109428 0.995071 188 187 175
-0.104682 -0.107459 0.981505 199 198 187
-0.102749 -0.105060 0.976398 213 214 202
-0.100552 -0.102612 0.972361 220 220 209
-0.098101 -0.100108 0.969312 220 220 209
-0.095519 -0.097575 0.966762 220 220 209
-0.092808 -0.095009 0.964677 220 220 209
-0.090091 -0.092440 0.962609 221 221 210
-0.087242 -0.089833 0.960992 221 221 210
-0.084391 -0.087222 0.959360 220 220 209
-0.081562 -0.084614 0.957632 211 209 197
-0.078293 -0.081872 0.957371 200 195 184
-0.074512 -0.078966 0.958752 167 160 148
-0.069661 -0.075711 0.963543 163 158 147
-0.064884 -0.072450 0.967905 182 180 168
-0.060769 -0.069376 0.969971 201 200 188
-0.056662 -0.066286 0.971896 195 193 182
-0.052208 -0.063061 0.974788 171 166 152
-0.048793 -0.060171 0.974347 170 165 151
-0.045787 -0.057415 0.972611 170 168 153
-0.042940 -0.054713 0.970376 168 166 151
-0.040333 -0.052096 0.967425 169 165 151
-0.037895 -0.049543 0.963989 124 126 115
-0.034817 -0.046755 0.962424 92 95 91
-0.031466 -0.043860 0.961613 101 102 94
-0.028146 -0.040970 0.960675 175 173 158
-0.023462 -0.037543 0.963490 170 168 153
-0.019131 -0.034235 0.965206 170 168 153
-0.015568 -0.031218 0.964735 172 168 152
-0.012342 -0.028330 0.963308 167 163 147
-0.009126 -0.025441 0.961828 165 160 146
-0.005942 -0.022561 0.960237 159 155 139
-0.002894 -0.019734 0.958270 150 145 129
0.000204 -0.016885 0.956415 160 155 138
0.003186 -0.014081 0.954252 156 148 130
0.006167 -0.011277 0.952075 155 147 128
0.008477 -0.008765 0.948230 153 144 124
0.009635 -0.006767 0.941593 141 126 114
0.011221 -0.004592 0.936086 77 61 58
0.015385 -0.001266 0.936805 160 138 123
-0.158107 -0.157724 1.058566 60 53 54
-0.155537 -0.155098 1.055334 57 54 54
-0.152944 -0.152476 1.052247 57 54 54
-0.150212 -0.149852 1.049912 57 56 55
-0.147474 -0.147227 1.047605 58 57 56
-0.144757 -0.144602 1.045183 58 57 58
-0.141999 -0.141973 1.042966 60 60 58
-0.139233 -0.139343 1.040776 60 63 61
-0.136448 -0.136709 1.038665 64 68 65
-0.133701 -0.134077 1.036365 74 77 74
-0.130824 -0.131428 1.034661 122 123 117
-0.128020 -0.128785 1.032601 162 160 146
-0.125281 -0.126149 1.030230 160 159 144
-0.122554 -0.123515 1.027800 164 162 146
-0.119811 -0.120878 1.025438 151 150 133
-0.117063 -0.118238 1.023094 156 155 138
-0.114227 -0.115582 1.021114 155 154 137
-0.111510 -0.112947 1.018627 152 150 133
-0.108689 -0.110290 1.016561 156 154 137
-0.107217 -0.107924 1.009024 164 160 146
-0.108279 -0.106154 0.991533 205 205 193
-0.107615 -0.104046 0.981263 199 198 187
-0.106017 -0.101744 0.974836 204 203 193
-0.103906 -0.099330 0.970481 215 216 204
-0.101539 -0.096857 0.967149 219 219 208
-0.099024 -0.094349 0.964387 219 219 208
-0.096321 -0.091790 0.962325 221 221 210
-0.093586 -0.089220 0.960369 221 221 210
-0.090748 -0.086619 0.958763 217 214 202
-0.087881 -0.084005 0.957239 209 208 197
-0.084812 -0.081326 0.956387 199 195 183
-0.081224 -0.078477 0.957266 173 164 154
-0.077116 -0.075448 0.959803 160 153 141
-0.072397 -0.072198 0.964236 171 164 154
-0.068458 -0.069182 0.965931 192 190 179
-0.064601 -0.066177 0.967252 201 200 188
-0.060610 -0.063110 0.968904 194 193 181
-0.056224 -0.059888 0.971688 166 163 148
-0.052857 -0.057011 0.971170 170 165 150
-0.049834 -0.054253 0.969545 168 164 149
-0.047045 -0.051578 0.967189 167 162 148
-0.044498 -0.048993 0.964103 166 163 148
-0.042079 -0.046460 0.960654 113 115 105
-0.039012 -0.043678 0.959119 88 91 87
-0.035813 -0.040841 0.957936 106 107 99
-0.032310 -0.037877 0.957590 172 170 155
-0.027003 -0.034175 0.962262 167 165 150
-0.022822 -0.030908 0.963629 171 167 153
-0.019359 -0.027925 0.962934 169 166 151
-0.016210 -0.025066 0.961341 169 165 149
-0.013005 -0.022181 0.959874 165 161 145
-0.009791 -0.019287 0.958404 160 155 141
-0.006726 -0.016454 0.956519 153 149 134
-0.003661 -0.013619 0.954619 153 148 132
-0.000742 -0.010846 0.952327 158 152 135
0.002198 -0.008062 0.950082 160 153 135
0.004523 -0.005556 0.946294 159 150 132
0.005516 -0.003662 0.939245 160 144 130
0.006864 -0.001620 0.933165 83 70 67
0.010419 0.001437 0.932487 151 129 117
-0.164094 -0.156780 1.058785 57 50 54
-0.161615 -0.154164 1.055069 58 53 53
-0.158989 -0.151551 1.052213 57 54 55
-0.156401 -0.148941 1.049159 56 55 55
-0.153611 -0.146324 1.047212 57 56 55
-0.150888 -0.143708 1.044893 58 59 59
-0.148178 -0.141092 1.042495 60 60 60
-0.145453 -0.138475 1.040177 61 62 60
-0.142695 -0.135853 1.038011 63 65 63
-0.139932 -0.133228 1.035861 65 70 67
-0.137192 -0.130605 1.033590 81 85 80
-0.134374 -0.127970 1.031676 166 167 154
-0.131621 -0.125342 1.029446 164 163 148
-0.128902 -0.122719 1.027046 162 161 145
-0.126164 -0.120091 1.024731 164 163 146
-0.123443 -0.117466 1.022336 160 158 141
-0.120700 -0.114836 1.020034 163 163 145
-0.117906 -0.112195 1.017941 164 163 146
-0.115231 -0.109577 1.015338 164 163 146
-0.112430 -0.106932 1.013259 165 164 148
-0.111553 -0.104739 1.003274 173 174 159
-0.111568 -0.102799 0.989908 202 203 191
-0.109993 -0.100501 0.983197 201 201 190
-0.108455 -0.098232 0.976468 187 187 177
-0.106636 -0.095904 0.970950 200 200 189
-0.104508 -0.093504 0.966697 206 206 194
-0.102226 -0.091067 0.963072 208 208 197
-0.099636 -0.088544 0.960625 209 208 197
-0.096851 -0.085961 0.958891 206 205 194
-0.093938 -0.083337 0.957597 199 197 184
-0.090854 -0.080654 0.956881 181 176 165
-0.087412 -0.077847 0.957369 157 148 135
-0.083210 -0.074777 0.960401 158 152 138
-0.079097 -0.071716 0.962980 169 162 150
-0.075463 -0.068799 0.963820 189 184 174
-0.071916 -0.065901 0.964279 199 197 186
-0.068234 -0.062943 0.965104 202 201 190
-0.064252 -0.059864 0.966809 179 178 166
-0.060071 -0.056694 0.969041 168 166 151
-0.056872 -0.053876 0.968061 167 165 150
-0.053848 -0.051119 0.966500 167 163 148
-0.051088 -0.048462 0.964105 154 152 137
-0.048550 -0.045891 0.961034 167 164 149
-0.046164 -0.043384 0.957525 98 100 94
-0.042988 -0.040560 0.956369 86 89 85
-0.039766 -0.037712 0.955314 139 138 129
-0.035476 -0.034414 0.957296 171 169 154
-0.030519 -0.030820 0.961060 167 165 150
-0.026474 -0.027592 0.962112 170 167 153
-0.023105 -0.024642 0.961202 167 165 150
-0.019959 -0.021784 0.959642 168 163 149
-0.016765 -0.018901 0.958187 166 161 146
-0.013564 -0.016011 0.956724 158 153 139
-0.010494 -0.013176 0.954889 157 153 138
-0.007426 -0.010339 0.953030 157 152 138
-0.004593 -0.007608 0.950548 157 152 136
-0.001761 -0.004877 0.948061 158 154 136
0.000535 -0.002396 0.944221 157 148 130
0.001582 -0.000509 0.937297 146 126 112
0.002845 0.001467 0.931006 109 97 92
0.006034 0.004355 0.929487 150 130 116
-0.169784 -0.155842 1.060550 73 55 57
-0.167509 -0.153234 1.055623 56 52 52
-0.164927 -0.150631 1.052551 55 52 53
-0.162405 -0.148033 1.049164 57 55 56
-0.159802 -0.145434 1.046253 56 55 54
-0.157083 -0.142829 1.043997 57 56 57
-0.154393 -0.140226 1.041571 58 59 59
-0.151584 -0.137610 1.039772 60 61 59
-0.148879 -0.135003 1.037411 60 63 61
-0.146136 -0.132390 1.035238 64 67 65
-0.143407 -0.129777 1.032989 68 72 70
-0.140699 -0.127167 1.030621 93 96 91
-0.137928 -0.124546 1.028560 167 167 153
-0.135197 -0.121930 1.026289 163 162 145
-0.132485 -0.119316 1.023927 164 162 146
-0.129750 -0.116697 1.021664 163 162 145
-0.127082 -0.114091 1.019092 165 163 147
-0.124330 -0.111468 1.016894 166 166 147
-0.121594 -0.108846 1.014621 166 165 148
-0.118960 -0.106248 1.011901 167 165 149
-0.116241 -0.103630 1.009549 166 165 149
-0.115380 -0.101487 0.999463 175 173 159
-0.114784 -0.099447 0.988524 204 203 192
-0.112833 -0.097071 0.983305 201 201 190
-0.110930 -0.094721 0.977978 201 201 190
-0.108648 -0.092273 0.974217 193 193 182
-0.106708 -0.089932 0.969182 178 176 165
-0.104637 -0.087563 0.964714 170 170 158
-0.102137 -0.085066 0.961919 162 160 150
-0.099344 -0.082477 0.960213 152 150 140
-0.096213 -0.079774 0.959718 141 139 128
-0.092740 -0.076948 0.960401 149 145 131
-0.088584 -0.073877 0.963412 162 157 143
-0.085068 -0.071008 0.964041 175 170 158
-0.082066 -0.068310 0.962815 192 187 177
-0.078810 -0.065515 0.962420 199 195 185
-0.075324 -0.062628 0.962738 200 198 188
-0.071607 -0.059644 0.963748 204 201 190
-0.067576 -0.056526 0.965689 166 165 152
-0.063843 -0.053508 0.966556 166 164 149
-0.060712 -0.050715 0.965421 165 165 149
-0.057765 -0.047990 0.963672 171 167 152
-0.055027 -0.045347 0.961256 169 167 152
-0.052599 -0.042831 0.957891 170 169 152
-0.050207 -0.040334 0.954437 91 94 89
-0.046896 -0.037452 0.953748 86 88 84
-0.043077 -0.034346 0.954510 179 179 167
-0.038467 -0.030888 0.957487 170 168 153
-0.033593 -0.027295 0.961086 169 167 152
-0.029834 -0.024173 0.961376 168 166 152
-0.026678 -0.021312 0.959903 166 164 149
-0.023542 -0.018455 0.958351 165 162 147
-0.020364 -0.015577 0.956888 166 161 148
-0.017211 -0.012706 0.955332 158 154 139
-0.014185 -0.009890 0.953413 159 155 140
-0.011160 -0.007073 0.951477 158 153 140
-0.008386 -0.004373 0.948868 160 155 139
-0.005710 -0.001720 0.946009 156 151 135
-0.003693 0.000614 0.941482 153 145 129
-0.002445 0.002566 0.935063 144 125 112
-0.001166 0.004522 0.928810 103 92 86
0.002153 0.007476 0.927655 150 131 116
-0.173417 -0.152311 1.055877 54 48 52
-0.170920 -0.149719 1.052335 56 52 54
-0.168366 -0.147130 1.049169 55 54 54
-0.165794 -0.144543 1.046129 55 54 55
-0.163130 -0.141951 1.043633 56 55 54
-0.160485 -0.139361 1.041032 58 57 57
-0.157760 -0.136762 1.038867 60 60 60
-0.155046 -0.134164 1.036635 61 63 61
-0.152293 -0.131559 1.034599 62 65 63
-0.149557 -0.128954 1.032455 65 69 67
-0.146849 -0.126353 1.030164 68 70 68
-0.144172 -0.123756 1.027708 121 124 117
-0.141430 -0.121146 1.025573 165 165 150
-0.138761 -0.118550 1.023071 155 154 137
-0.136004 -0.115935 1.020991 160 159 142
-0.133279 -0.113326 1.018748 162 161 144
-0.130597 -0.110725 1.016297 165 164 146
-0.127890 -0.108119 1.013961 167 166 148
-0.125228 -0.105523 1.011420 167 166 149
-0.122630 -0.102943 1.008603 167 166 149
-0.119986 -0.100353 1.005994 167 165 150
-0.118614 -0.098115 0.998023 167 165 151
-0.117614 -0.096005 0.988681 205 206 194
-0.115638 -0.093638 0.983533 202 203 191
-0.113338 -0.091183 0.979777 204 201 191
-0.110735 -0.088640 0.977257 202 201 190
-0.108204 -0.086120 0.974463 200 198 188
-0.105655 -0.083596 0.971744 204 203 191
-0.102902 -0.081005 0.969810 186 182 174
-0.100067 -0.078384 0.968171 182 179 170
-0.097124 -0.075722 0.966902 185 182 172
-0.094129 -0.073038 0.965795 184 180 169
-0.091175 -0.070363 0.964501 193 189 179
-0.088321 -0.067721 0.962823 196 193 183
-0.085259 -0.064998 0.961847 199 195 186
-0.082144 -0.062250 0.961013 200 198 188
-0.078624 -0.059338 0.961511 206 205 194
-0.074758 -0.056279 0.963086 172 170 158
-0.070918 -0.053217 0.964466 166 166 152
-0.067548 -0.050331 0.964216 156 156 141
-0.064527 -0.047581 0.962782 164 164 148
-0.061678 -0.044899 0.960776 167 165 150
-0.058979 -0.042278 0.958285 168 166 149
-0.056683 -0.039830 0.954553 125 124 114
-0.054158 -0.037288 0.951546 84 88 83
-0.050707 -0.034340 0.951345 91 93 88
-0.045995 -0.030825 0.954837 173 172 157
-0.040721 -0.027037 0.959832 168 166 152
-0.036613 -0.023753 0.961254 169 167 153
-0.033288 -0.020815 0.960335 168 164 151
-0.030240 -0.018001 0.958592 165 163 148
-0.027095 -0.015137 0.957103 165 162 148
-0.023922 -0.012258 0.955662 162 158 145
-0.020838 -0.009417 0.953954 159 154 140
-0.017890 -0.006638 0.951857 159 154 140
-0.014947 -0.003861 0.949734 158 154 141
-0.012180 -0.001169 0.947139 157 152 138
-0.009695 0.001384 0.943809 156 150 135
-0.007937 0.003572 0.938632 156 148 133
-0.006953 0.005362 0.931546 166 151 139
-0.005420 0.007416 0.925945 97 84 79
-0.001867 0.010493 0.925430 140 121 110
0.007049 0.016335 0.938020 113 104 93
-0.176667 -0.148805 1.053374 55 52 55
-0.174087 -0.146221 1.050387 56 53 55
-0.171835 -0.143665 1.045458 55 54 55
-0.169169 -0.141082 1.043046 56 55 54
-0.166511 -0.138501 1.040586 57 56 55
-0.163819 -0.135915 1.038318 60 59 58
-0.161108 -0.133325 1.036149 60 61 59
-0.158442 -0.130741 1.033722 61 62 60
-0.155782 -0.128158 1.031264 64 67 65
-0.153033 -0.125559 1.029270 71 75 74
-0.150280 -0.122957 1.027283 74 77 75
-0.147624 -0.120373 1.024786 133 135 126
-0.144935 -0.117781 1.022455 166 165 150
-0.142308 -0.115203 1.019816 164 163 146
-0.139591 -0.112604 1.017617 159 158 141
-0.136812 -0.109990 1.015698 160 158 142
-0.134124 -0.107396 1.013340 165 161 145
-0.131450 -0.104805 1.010915 168 166 149
-0.128812 -0.102224 1.008326 169 166 149
-0.126219 -0.099655 1.005545 168 167 150
-0.123666 -0.097100 1.002599 167 166 150
-0.121425 -0.094639 0.998332 166 166 150
-0.120215 -0.092500 0.989787 199 198 187
-0.118368 -0.090185 0.984065 204 203 192
-0.116085 -0.087743 0.980219 202 201 190
-0.113711 -0.085277 0.976787 204 201 191
-0.111144 -0.082749 0.974143 202 201 191
-0.108484 -0.080190 0.971871 204 201 191
-0.105661 -0.077573 0.970225 204 201 191
-0.102885 -0.074970 0.968374 205 203 192
-0.100101 -0.072361 0.966538 205 203 192
-0.097337 -0.069758 0.964611 204 201 191
-0.094450 -0.067107 0.963114 204 201 191
-0.091501 -0.064427 0.961815 204 201 190
-0.088429 -0.061696 0.960915 205 203 191
-0.085077 -0.058847 0.960950 208 206 197
-0.081384 -0.055850 0.962087 173 171 160
-0.077704 -0.052847 0.963083 155 154 141
-0.074304 -0.049948 0.963051 159 159 145
-0.071236 -0.047181 0.961858 160 159 145
-0.068371 -0.044498 0.959972 162 162 148
-0.065634 -0.041868 0.957658 162 161 147
-0.063077 -0.039317 0.954769 168 167 152
-0.060778 -0.036881 0.951087 89 90 88
-0.057956 -0.034215 0.949046 86 87 83
-0.054125 -0.031086 0.950072 160 163 152
-0.048535 -0.027134 0.956294 165 165 150
-0.043537 -0.023430 0.960542 160 159 145
-0.040023 -0.020403 0.960264 158 156 142
-0.036918 -0.017563 0.958748 163 161 146
-0.033825 -0.014725 0.957174 163 161 148
-0.030669 -0.011854 0.955750 164 161 148
-0.027495 -0.008971 0.954352 153 151 138
-0.024491 -0.006167 0.952456 158 153 140
-0.021620 -0.003428 0.950181 159 154 141
-0.018711 -0.000669 0.948003 158 154 139
-0.016048 0.001967 0.945161 155 150 137
-0.013799 0.004390 0.941237 151 146 130
-0.012396 0.006373 0.935151 156 147 131
-0.011576 0.008044 0.927653 168 159 143
-0.009573 0.010318 0.923269 94 76 68
-0.005862 0.013485 0.923205 140 122 107
-0.180135 -0.145341 1.049373 60 53 55
-0.177512 -0.142767 1.046730 55 52 52
-0.175129 -0.140218 1.042642 54 53 52
-0.172484 -0.137647 1.040176 55 54 53
-0.169835 -0.135075 1.037737 57 56 55
-0.167136 -0.132496 1.035578 60 57 57
-0.164437 -0.129915 1.033414 60 60 59
-0.161757 -0.127337 1.031128 62 63 61
-0.159135 -0.124768 1.028526 64 67 65
-0.156434 -0.122184 1.026352 74 77 76
-0.153749 -0.119603 1.024082 77 79 77
-0.151103 -0.117029 1.021600 113 118 109
-0.148421 -0.114447 1.019310 168 167 150
-0.145753 -0.111868 1.016935 165 163 147
-0.143043 -0.109278 1.014768 156 155 138
-0.140329 -0.106685 1.012611 157 155 139
-0.137662 -0.104104 1.010220 159 155 139
-0.135016 -0.101529 1.007729 168 165 148
-0.132377 -0.098956 1.005208 168 166 149
-0.129799 -0.096401 1.002420 169 166 150
-0.127268 -0.093863 0.999428 164 165 148
-0.124764 -0.091335 0.996343 158 158 143
-0.122736 -0.088965 0.991241 164 164 150
-0.121074 -0.086727 0.984687 202 201 190
-0.118955 -0.084349 0.980148 205 205 195
-0.116557 -0.081881 0.976806 204 203 191
-0.114063 -0.079381 0.973884 202 201 190
-0.111459 -0.076844 0.971408 202 203 191
-0.108800 -0.074286 0.969148 205 203 193
-0.106106 -0.071714 0.967015 205 205 193
-0.103314 -0.069104 0.965246 206 205 194
-0.100487 -0.066477 0.963592 207 206 195
-0.097549 -0.063803 0.962320 208 208 197
-0.094552 -0.061101 0.961229 212 211 198
-0.091257 -0.058271 0.961167 211 208 197
-0.087703 -0.055324 0.961951 165 161 148
-0.084071 -0.052334 0.962913 149 147 132
-0.080880 -0.049521 0.962274 160 160 146
-0.077886 -0.046789 0.960919 156 156 142
-0.075048 -0.044122 0.959014 155 155 141
-0.072365 -0.041522 0.956585 154 154 140
-0.069754 -0.038955 0.953919 166 166 152
-0.067353 -0.036485 0.950587 102 104 99
-0.064836 -0.033964 0.947644 84 88 87
-0.061731 -0.031169 0.946546 107 109 102
-0.057183 -0.027685 0.949857 167 167 154
-0.051401 -0.023591 0.956776 162 162 148
-0.047038 -0.020155 0.959191 167 165 150
-0.043807 -0.017256 0.958129 165 163 148
-0.040713 -0.014420 0.956629 160 158 143
-0.037601 -0.011572 0.955154 156 154 139
-0.034454 -0.008703 0.953753 155 153 140
-0.031311 -0.005832 0.952312 157 153 140
-0.028367 -0.003060 0.950290 158 153 141
-0.025549 -0.000351 0.947909 156 151 139
-0.022590 0.002432 0.945908 151 146 133
-0.020117 0.004963 0.942587 149 144 130
-0.018301 0.007144 0.937543 150 144 128
-0.017345 0.008862 0.930303 157 149 133
-0.015950 0.010801 0.924311 164 154 139
-0.013474 0.013312 0.921168 113 93 85
-0.009476 0.016646 0.921889 141 124 107
-0.185853 -0.144447 1.050180 61 50 50
-0.183508 -0.141906 1.045792 57 54 54
-0.180860 -0.139340 1.043397 54 51 51
-0.178415 -0.136800 1.039742 53 52 51
-0.175789 -0.134240 1.037236 54 53 52
-0.173129 -0.131675 1.034933 56 55 52
-0.170445 -0.129106 1.032765 60 57 57
-0.167761 -0.126535 1.030585 60 61 59
-0.165093 -0.123966 1.028304 63 64 62
-0.162462 -0.121404 1.025815 65 67 65
-0.159785 -0.118832 1.023580 71 74 71
-0.157116 -0.116261 1.021287 77 80 78
-0.154466 -0.113694 1.018895 96 101 93
-0.151803 -0.111123 1.016568 169 169 151
-0.149165 -0.108558 1.014110 160 157 141
-0.146474 -0.105980 1.011912 148 146 130
-0.143772 -0.103396 1.009763 155 154 137
-0.141097 -0.100820 1.007472 160 157 141
-0.138443 -0.098249 1.005077 167 165 149
-0.135795 -0.095681 1.002652 167 165 149
-0.133195 -0.093127 1.000011 163 162 146
-0.130615 -0.090581 0.997288 154 153 139
-0.128057 -0.088043 0.994473 156 156 142
-0.125624 -0.085550 0.991131 163 163 149
-0.123684 -0.083237 0.985713 169 167 154
-0.121657 -0.080902 0.980755 195 193 182
-0.119368 -0.078479 0.976957 209 209 198
-0.116904 -0.075995 0.973911 208 208 197
-0.114359 -0.073482 0.971208 207 206 197
-0.111762 -0.070949 0.968719 207 206 197
-0.109138 -0.068406 0.966341 209 209 199
-0.106335 -0.065789 0.964643 213 214 202
-0.103517 -0.063164 0.962982 217 214 205
-0.100498 -0.060452 0.962045 208 208 196
-0.097259 -0.057642 0.961873 182 178 165
-0.093703 -0.054686 0.962784 144 139 126
-0.090295 -0.051784 0.963077 147 142 127
-0.087237 -0.049029 0.962059 170 167 152
-0.084379 -0.046359 0.960307 168 167 152
-0.081643 -0.043742 0.958123 166 166 151
-0.078961 -0.041150 0.955746 160 161 147
-0.076405 -0.038616 0.952946 163 163 149
-0.073884 -0.036099 0.950042 114 116 108
-0.071430 -0.033616 0.946935 83 88 86
-0.068608 -0.030957 0.945020 87 91 87
-0.065084 -0.027955 0.945305 173 173 158
-0.060243 -0.024296 0.949619 166 166 153
-0.054898 -0.020366 0.955308 168 168 154
-0.050979 -0.017126 0.956461 168 166 152
-0.047807 -0.014254 0.955283 167 165 150
-0.044623 -0.011371 0.954105 166 164 149
-0.041488 -0.008509 0.952751 165 161 146
-0.038366 -0.005651 0.951328 159 155 142
-0.035271 -0.002803 0.949803 154 149 136
-0.032371 -0.000056 0.947704 152 147 133
-0.029564 0.002644 0.945336 153 148 135
-0.026657 0.005397 0.943237 147 142 128
-0.024388 0.007808 0.939398 147 141 126
-0.023160 0.009648 0.932799 155 148 131
-0.022280 0.011287 0.925377 158 149 132
-0.020111 0.013622 0.921444 146 134 117
-0.017036 0.016456 0.919885 139 115 99
-0.012518 0.020099 0.921992 126 110 91
-0.189291 -0.141035 1.045935 57 49 51
-0.186754 -0.138491 1.042879 60 53 54
-0.184224 -0.135950 1.039799 56 53 53
-0.181717 -0.133416 1.036602 55 53 51
-0.179088 -0.130864 1.034189 56 54 54
-0.176415 -0.128305 1.032046 57 56 54
-0.173751 -0.125746 1.029833 60 57 57
-0.171091 -0.123187 1.027591 62 63 61
-0.168432 -0.120627 1.025337 64 65 63
-0.165812 -0.118076 1.022856 68 68 66
-0.163159 -0.115517 1.020556 74 75 71
-0.160506 -0.112957 1.018253 80 82 80
-0.157848 -0.110395 1.015972 90 94 89
-0.155190 -0.107833 1.013686 164 163 146
-0.152566 -0.105280 1.011222 158 154 138
-0.149895 -0.102713 1.008991 153 150 134
-0.147203 -0.100139 1.006860 162 160 144
-0.144524 -0.097567 1.004652 166 162 146
-0.141865 -0.095002 1.002345 160 158 142
-0.139186 -0.092429 1.000126 163 162 146
-0.136552 -0.089871 0.997690 155 154 140
-0.133925 -0.087315 0.995226 155 154 140
-0.131299 -0.084760 0.992754 160 160 146
-0.128774 -0.082242 0.989844 159 159 145
-0.126406 -0.079785 0.986267 165 162 148
-0.124133 -0.077369 0.982319 168 164 148
-0.121872 -0.074963 0.978375 173 170 156
-0.119520 -0.072526 0.974849 181 179 165
-0.117115 -0.070071 0.971572 186 184 171
-0.114551 -0.067553 0.968956 182 179 169
-0.111867 -0.064985 0.966820 182 178 167
-0.108973 -0.062326 0.965488 173 170 158
-0.105964 -0.059614 0.964564 153 150 135
-0.102822 -0.056838 0.964098 142 138 122
-0.099407 -0.053934 0.964592 143 137 120
-0.096341 -0.051179 0.963723 162 156 141
-0.093511 -0.048526 0.961960 172 168 152
-0.090776 -0.045916 0.959834 172 168 152
-0.088117 -0.043340 0.957437 170 168 152
-0.085539 -0.040803 0.954756 169 168 154
-0.082938 -0.038255 0.952160 169 168 155
-0.080410 -0.035743 0.949324 113 117 108
-0.078000 -0.033290 0.946106 86 90 85
-0.075218 -0.030655 0.944127 86 90 87
-0.071880 -0.027740 0.943932 165 164 152
-0.068010 -0.024549 0.945379 168 168 152
-0.063251 -0.020893 0.949519 168 166 151
-0.058686 -0.017317 0.952888 168 166 151
-0.055104 -0.014236 0.953087 168 165 151
-0.051884 -0.011336 0.952122 167 165 149
-0.048711 -0.008456 0.950978 165 163 148
-0.045593 -0.005602 0.949635 159 154 140
-0.042477 -0.002745 0.948258 164 160 144
-0.039382 0.000103 0.946790 164 160 144
-0.036464 0.002858 0.944795 160 156 142
-0.033553 0.005610 0.942763 147 142 127
-0.030744 0.008308 0.940440 145 141 125
-0.028862 0.010490 0.935570 151 143 129
-0.028254 0.011951 0.927308 155 148 132
-0.027124 0.013691 0.920580 160 149 133
-0.024327 0.016366 0.918358 116 90 80
-0.020590 0.019580 0.918586 152 129 108
-0.015521 0.023566 0.922184 93 79 64
-0.192524 -0.137637 1.042889 60 51 51
-0.190016 -0.135109 1.039704 60 53 54
-0.187463 -0.132576 1.036851 57 54 53
-0.184923 -0.130047 1.033929 60 57 57
-0.182322 -0.127509 1.031411 55 53 53
-0.179652 -0.124956 1.029323 60 59 58
-0.176999 -0.122406 1.027119 60 57 57
-0.174370 -0.119861 1.024763 62 61 60
-0.171736 -0.117314 1.022436 64 65 63
-0.169126 -0.114773 1.019968 77 78 76
-0.166482 -0.112223 1.017693 77 78 75
-0.163843 -0.109674 1.015381 80 82 80
-0.161191 -0.107121 1.013135 86 88 85
-0.158568 -0.104575 1.010732 168 166 152
-0.155938 -0.102028 1.008361 167 163 147
-0.153278 -0.099470 1.006149 160 157 141
-0.150603 -0.096906 1.003996 162 158 142
-0.147932 -0.094343 1.001818 166 162 146
-0.145254 -0.091777 0.999661 160 157 142
-0.142543 -0.089198 0.997656 146 144 130
-0.139891 -0.086639 0.995359 151 151 137
-0.137238 -0.084079 0.993064 160 161 147
-0.134585 -0.081518 0.990763 166 166 152
-0.131968 -0.078972 0.988299 165 164 150
-0.129429 -0.076456 0.985494 156 151 136
-0.126912 -0.073951 0.982603 154 150 133
-0.124320 -0.071416 0.980049 157 152 135
-0.121798 -0.068912 0.977203 164 159 142
-0.119295 -0.066417 0.974292 168 165 149
-0.116693 -0.063880 0.971798 159 156 140
-0.114016 -0.061310 0.969604 154 148 133
-0.111107 -0.058635 0.968317 154 150 135
-0.108182 -0.055950 0.967057 166 161 145
-0.105270 -0.053266 0.965716 167 162 146
-0.102423 -0.050610 0.964094 173 169 153
-0.099674 -0.047998 0.962089 173 170 154
-0.096990 -0.045415 0.959834 173 170 154
-0.094400 -0.042877 0.957232 173 169 153
-0.091866 -0.040367 0.954438 173 169 153
-0.089355 -0.037870 0.951572 160 158 144
-0.086833 -0.035369 0.948758 129 126 117
-0.084276 -0.032850 0.946072 84 90 86
-0.081521 -0.030232 0.944058 89 93 89
-0.078421 -0.027434 0.943177 163 163 150
-0.074902 -0.024415 0.943623 170 168 154
-0.070920 -0.021143 0.945487 168 167 152
-0.066405 -0.017578 0.948936 167 165 150
-0.062528 -0.014336 0.950227 167 163 148
-0.059152 -0.011353 0.949862 166 162 147
-0.056033 -0.008504 0.948657 164 163 146
-0.052859 -0.005622 0.947581 162 159 143
-0.049772 -0.002783 0.946214 165 160 144
-0.046667 0.000069 0.944869 165 161 145
-0.043567 0.002921 0.943482 164 160 144
-0.040567 0.005720 0.941775 164 159 143
-0.037694 0.008449 0.939693 152 146 130
-0.035161 0.010985 0.936642 145 140 124
-0.034028 0.012716 0.929732 152 146 130
-0.033406 0.014140 0.921532 153 146 131
-0.031494 0.016299 0.916951 132 111 100
-0.027994 0.019382 0.916662 122 94 83
-0.023901 0.022819 0.917883 169 146 122
-0.017583 0.027582 0.924813 101 89 79
-0.195725 -0.134266 1.039905 61 52 53
-0.193203 -0.131746 1.036889 60 53 54
-0.190642 -0.129222 1.034150 56 52 52
-0.188127 -0.126708 1.031132 55 52 52
-0.185544 -0.124182 1.028569 54 53 52
-0.182897 -0.121641 1.026422 55 54 53
-0.180251 -0.119099 1.024249 57 56 55
-0.177638 -0.116565 1.021876 61 60 59
-0.175009 -0.114026 1.019588 70 70 68
-0.172404 -0.111494 1.017162 77 77 75
-0.169779 -0.108956 1.014847 77 78 75
-0.167177 -0.106424 1.012400 77 83 78
-0.164528 -0.103878 1.010213 86 88 84
-0.161905 -0.101339 1.007877 167 166 151
-0.159294 -0.098805 1.005471 162 158 142
-0.156638 -0.096254 1.003303 167 163 147
-0.153971 -0.093699 1.001180 163 159 143
-0.151306 -0.091143 0.999038 162 158 142
-0.148631 -0.088583 0.996932 145 142 128
-0.145909 -0.086003 0.995048 148 147 135
-0.143218 -0.083434 0.992994 158 157 144
-0.140526 -0.080863 0.990933 165 165 151
-0.137862 -0.078302 0.988734 167 167 153
-0.135210 -0.075745 0.986472 168 167 152
-0.132594 -0.073204 0.984043 167 163 149
-0.130000 -0.070671 0.981522 166 162 146
-0.127390 -0.068132 0.979071 163 159 142
-0.124771 -0.065590 0.976657 164 161 143
-0.122169 -0.063054 0.974174 166 163 147
-0.119522 -0.060499 0.971877 169 165 150
-0.116870 -0.057940 0.969597 169 165 150
-0.114093 -0.055323 0.967807 169 165 150
-0.111321 -0.052705 0.965984 170 165 151
-0.108551 -0.050087 0.964130 173 169 153
-0.105856 -0.047504 0.961977 173 169 153
-0.103161 -0.044920 0.959817 173 170 154
-0.100589 -0.042397 0.957189 173 169 155
-0.098125 -0.039929 0.954178 173 170 155
-0.095769 -0.037517 0.950792 145 140 126
-0.093195 -0.034996 0.948207 136 131 120
-0.090490 -0.032407 0.946084 98 97 90
-0.087686 -0.029766 0.944293 98 104 97
-0.084668 -0.027009 0.943213 170 169 156
-0.081379 -0.024103 0.943006 169 167 152
-0.077880 -0.021078 0.943434 168 166 151
-0.073924 -0.017796 0.945276 167 165 150
-0.069725 -0.014369 0.947790 165 163 148
-0.066475 -0.011454 0.947152 167 163 147
-0.063296 -0.008573 0.946244 165 162 145
-0.060251 -0.005764 0.944879 162 159 143
-0.057101 -0.002892 0.943810 165 160 145
-0.054062 -0.000080 0.942364 165 161 143
-0.050981 0.002760 0.941022 165 160 144
-0.047891 0.005607 0.939673 164 159 142
-0.044886 0.008408 0.938050 162 157 141
-0.041898 0.011202 0.936355 158 153 136
-0.040179 0.013250 0.931048 155 149 133
-0.039301 0.014794 0.923456 146 139 125
-0.037865 0.016658 0.917533 123 109 102
-0.035065 0.019329 0.915414 118 91 86
-0.031394 0.022526 0.915633 154 109 102
-0.027066 0.026128 0.917540 156 121 107
-0.020155 0.031313 0.926140 148 119 110
-0.198908 -0.130924 1.036894 61 53 54
-0.196337 -0.128404 1.034286 60 53 53
-0.193773 -0.125887 1.031644 54 51 51
-0.191273 -0.123387 1.028576 54 52 51
-0.188725 -0.120876 1.025859 53 52 51
-0.186111 -0.118350 1.023572 54 53 52
-0.183474 -0.115817 1.021425 57 56 55
-0.180869 -0.113292 1.019072 61 60 59
-0.178249 -0.110762 1.016808 64 65 63
-0.175648 -0.108238 1.014424 71 71 69
-0.173044 -0.105713 1.012058 77 77 73
-0.170462 -0.103195 1.009561 77 85 79
-0.167808 -0.100652 1.007474 91 93 90
-0.165176 -0.098116 1.005253 165 163 148
-0.162592 -0.095597 1.002770 165 161 145
-0.159955 -0.093059 1.000563 166 162 146
-0.157298 -0.090511 0.998460 167 163 147
-0.154655 -0.087969 0.996269 156 152 138
-0.151988 -0.085416 0.994190 115 113 107
-0.149290 -0.082849 0.992254 90 91 90
-0.146575 -0.080274 0.990385 113 115 109
-0.143844 -0.077690 0.988574 159 159 147
-0.141165 -0.075126 0.986500 162 162 148
-0.138507 -0.072571 0.984317 165 165 151
-0.135881 -0.070029 0.981983 170 168 153
-0.133255 -0.067487 0.979643 170 168 152
-0.130622 -0.064942 0.977332 171 168 152
-0.127995 -0.062399 0.974996 169 168 151
-0.125367 -0.059855 0.972659 171 170 153
-0.122715 -0.057300 0.970418 173 169 155
-0.120055 -0.054741 0.968205 175 170 155
-0.117338 -0.052152 0.966218 172 168 154
-0.114629 -0.049566 0.964187 173 169 155
-0.111909 -0.046973 0.962185 173 168 153
-0.109276 -0.044424 0.959835 173 170 154
-0.106670 -0.041889 0.957380 173 170 154
-0.104229 -0.039439 0.954308 150 145 132
-0.101862 -0.037030 0.950981 135 128 116
-0.099316 -0.034529 0.948332 147 140 130
-0.096576 -0.031925 0.946384 105 104 95
-0.093683 -0.029235 0.944969 137 135 122
-0.090649 -0.026467 0.944013 173 173 158
-0.087565 -0.023667 0.943193 166 164 150
-0.084347 -0.020788 0.942781 166 164 149
-0.080976 -0.017819 0.942827 167 165 150
-0.077447 -0.014754 0.943327 168 165 149
-0.073781 -0.011603 0.944197 166 164 148
-0.070491 -0.008659 0.943766 167 163 147
-0.067431 -0.005843 0.942554 165 161 145
-0.064434 -0.003059 0.941113 163 158 142
-0.061345 -0.000220 0.939926 165 161 144
-0.058378 0.002551 0.938336 163 158 140
-0.055277 0.005404 0.937127 165 160 143
-0.052193 0.008249 0.935832 163 158 140
-0.049030 0.011144 0.934740 163 156 138
-0.046778 0.013494 0.930974 160 153 135
-0.045235 0.015411 0.925209 156 150 134
-0.044297 0.016950 0.917816 133 122 109
-0.041844 0.019408 0.914774 123 104 99
-0.038689 0.022296 0.913681 119 85 82
-0.034955 0.025547 0.914131 162 106 104
-0.030091 0.029509 0.917551 112 77 72
-0.202090 -0.127614 1.033725 62 53 54
-0.199504 -0.125100 1.031314 58 52 53
-0.196930 -0.122589 1.028812 54 51 51
-0.194417 -0.120095 1.025901 52 51 50
-0.191880 -0.117596 1.023172 53 52 51
-0.189313 -0.115089 1.020659 55 54 53
-0.186690 -0.112566 1.018503 60 57 57
-0.184087 -0.110049 1.016212 62 62 60
-0.181482 -0.107530 1.013934 65 66 63
-0.178893 -0.105016 1.011547 71 72 68
-0.176307 -0.102503 1.009149 77 79 75
-0.173736 -0.099996 1.006659 80 85 80
-0.171088 -0.097461 1.004612 96 98 93
-0.168468 -0.094934 1.002398 156 153 137
-0.165895 -0.092426 0.999916 164 160 144
-0.163243 -0.089886 0.997865 163 159 144
-0.160586 -0.087343 0.995826 160 157 141
-0.157942 -0.084805 0.993707 160 158 145
-0.155281 -0.082258 0.991663 100 100 94
-0.152647 -0.079722 0.989473 80 82 81
-0.149955 -0.077159 0.987559 74 78 77
-0.147214 -0.074573 0.985866 78 85 82
-0.144508 -0.072001 0.983984 105 109 102
-0.141819 -0.069435 0.982002 140 140 128
-0.139169 -0.066886 0.979829 163 163 149
-0.136498 -0.064326 0.977744 171 170 154
-0.133850 -0.061777 0.975543 173 172 157
-0.131233 -0.059242 0.973201 173 173 157
-0.128593 -0.056696 0.970959 173 171 156
-0.125934 -0.054139 0.968791 175 171 157
-0.123285 -0.051587 0.966571 176 173 159
-0.120616 -0.049024 0.964431 176 174 159
-0.117957 -0.046466 0.962240 171 166 152
-0.115310 -0.043913 0.959996 160 155 141
-0.112763 -0.041414 0.957352 145 139 124
-0.110205 -0.038908 0.954761 134 130 114
-0.107697 -0.036431 0.951984 148 143 129
-0.105185 -0.033952 0.949232 125 121 108
-0.102476 -0.031365 0.947218 129 123 116
-0.099556 -0.028659 0.945959 169 168 154
-0.096539 -0.025896 0.945015 172 170 154
-0.093567 -0.023155 0.943868 168 166 151
-0.090595 -0.020411 0.942687 167 165 150
-0.087466 -0.017572 0.942013 168 165 150
-0.084215 -0.014659 0.941705 168 165 150
-0.081076 -0.011806 0.940960 168 165 150
-0.077799 -0.008867 0.940629 166 165 148
-0.074698 -0.006028 0.939667 165 161 145
-0.071719 -0.003258 0.938273 163 159 143
-0.068730 -0.000479 0.936883 164 160 144
-0.065682 0.002337 0.935650 164 160 142
-0.062736 0.005095 0.934068 162 157 139
-0.059685 0.007919 0.932785 160 155 137
-0.056470 0.010847 0.931965 162 156 139
-0.053732 0.013483 0.929686 160 153 134
-0.051506 0.015802 0.925904 159 152 133
-0.050396 0.017420 0.918926 151 139 123
-0.048468 0.019541 0.914395 118 98 89
-0.045586 0.022261 0.912610 121 96 90
-0.042499 0.025112 0.911377 153 101 99
-0.038425 0.028596 0.912833 166 112 109
-0.031893 0.033664 0.920872 122 91 87
-0.205204 -0.124321 1.030895 61 47 48
-0.202671 -0.121829 1.028169 58 53 54
-0.200100 -0.119327 1.025736 53 50 50
-0.197571 -0.116837 1.023012 52 51 50
-0.195046 -0.114350 1.020276 54 53 52
-0.192496 -0.111857 1.017721 56 55 54
-0.189888 -0.109344 1.015555 60 60 58
-0.187292 -0.106835 1.013302 63 64 62
-0.184694 -0.104325 1.011050 68 69 65
-0.182103 -0.101816 1.008755 71 73 69
-0.179530 -0.099315 1.006347 77 80 76
-0.176969 -0.096818 1.003866 80 87 81
-0.174334 -0.094291 1.001822 112 115 106
-0.171723 -0.091774 0.999623 157 155 137
-0.169138 -0.089267 0.997275 159 157 141
-0.166481 -0.086728 0.995322 164 163 147
-0.163817 -0.084186 0.993384 160 160 144
-0.161181 -0.081654 0.991284 154 154 139
-0.158536 -0.079117 0.989222 163 162 149
-0.155925 -0.076596 0.986974 114 115 107
-0.153266 -0.074051 0.984963 71 74 72
-0.150545 -0.071475 0.983240 68 74 74
-0.147858 -0.068914 0.981332 71 76 75
-0.145168 -0.066350 0.979421 71 76 76
-0.142532 -0.063812 0.977238 77 82 80
-0.139857 -0.061253 0.975231 88 91 86
-0.137196 -0.058700 0.973149 97 99 93
-0.134559 -0.056159 0.970947 104 109 100
-0.131935 -0.053625 0.968683 128 131 118
-0.129298 -0.051082 0.966471 145 148 129
-0.126672 -0.048545 0.964209 137 137 120
-0.124062 -0.046017 0.961873 136 135 120
-0.121448 -0.043486 0.959553 141 137 123
-0.118813 -0.040943 0.957314 148 144 131
-0.116288 -0.038461 0.954634 150 147 134
-0.113762 -0.035980 0.951964 123 121 108
-0.111108 -0.033426 0.949797 143 142 129
-0.108362 -0.030820 0.947972 169 167 153
-0.105510 -0.028150 0.946527 176 174 160
-0.102555 -0.025419 0.945432 168 166 151
-0.099584 -0.022676 0.944358 167 164 149
-0.096662 -0.019958 0.943067 169 164 150
-0.093804 -0.017275 0.941524 167 165 149
-0.090798 -0.014502 0.940470 168 165 149
-0.087686 -0.011662 0.939738 168 164 148
-0.084726 -0.008910 0.938449 167 163 148
-0.081601 -0.006055 0.937679 165 163 147
-0.078598 -0.003270 0.936461 163 159 143
-0.075651 -0.000518 0.935030 165 161 145
-0.072687 0.002248 0.933626 164 160 144
-0.069665 0.005051 0.932376 164 160 144
-0.066758 0.007786 0.930736 163 158 141
-0.063757 0.010582 0.929367 163 157 139
-0.060625 0.013462 0.928366 163 155 138
-0.058081 0.015971 0.925563 160 152 134
-0.056486 0.017872 0.919962 158 147 130
-0.054983 0.019706 0.914167 133 111 99
-0.052467 0.022189 0.911383 123 95 86
-0.049391 0.025036 0.910204 130 90 86
-0.046053 0.028055 0.909730 160 104 101
-0.041404 0.031940 0.912855 138 89 88
-0.208231 -0.121035 1.028562 60 43 43
-0.205779 -0.118575 1.025302 60 53 53
-0.203261 -0.116097 1.022567 55 52 52
-0.200714 -0.113610 1.020047 54 52 51
-0.198188 -0.111132 1.017393 56 54 53
-0.195635 -0.108644 1.014939 58 57 56
-0.193050 -0.106145 1.012698 61 62 59
-0.190467 -0.103646 1.010434 65 66 64
-0.187874 -0.101143 1.008235 70 71 68
-0.185279 -0.098638 1.006037 73 75 72
-0.182705 -0.096142 1.003707 78 81 78
-0.180134 -0.093647 1.001352 86 90 85
-0.177435 -0.091096 0.999753 134 136 124
-0.174872 -0.088603 0.997337 160 161 141
-0.172287 -0.086100 0.995049 164 163 146
-0.169629 -0.083563 0.993163 164 162 147
-0.166961 -0.081021 0.991309 155 153 138
-0.164348 -0.078503 0.989146 160 159 145
-0.161684 -0.075959 0.987238 166 166 152
-0.159086 -0.073447 0.984978 172 170 155
-0.156475 -0.070928 0.982775 165 163 151
-0.153828 -0.068390 0.980745 139 138 129
-0.151183 -0.065852 0.978694 91 93 89
-0.148543 -0.063316 0.976607 77 79 78
-0.145947 -0.060802 0.974306 77 78 76
-0.143290 -0.058255 0.972279 77 78 76
-0.140644 -0.055714 0.970193 77 80 78
-0.138034 -0.053191 0.967934 77 81 77
-0.135458 -0.050686 0.965523 80 86 80
-0.132854 -0.048166 0.963234 91 95 89
-0.130249 -0.045645 0.960944 97 100 92
-0.127660 -0.043133 0.958585 108 109 99
-0.125059 -0.040614 0.956274 113 113 101
-0.122391 -0.038057 0.954234 139 139 129
-0.119719 -0.035496 0.952200 167 165 152
-0.117022 -0.032920 0.950251 176 174 161
-0.114129 -0.030227 0.949056 175 173 158
-0.111350 -0.027599 0.947385 170 168 153
-0.108569 -0.024968 0.945705 167 165 150
-0.105699 -0.022282 0.944332 166 164 149
-0.102792 -0.019572 0.943063 163 161 146
-0.099949 -0.016897 0.941535 168 165 150
-0.097123 -0.014231 0.939917 165 164 147
-0.094195 -0.011501 0.938637 167 163 147
-0.091255 -0.008760 0.937369 168 164 148
-0.088326 -0.006024 0.936028 166 162 146
-0.085277 -0.003209 0.935064 162 158 142
-0.082319 -0.000449 0.933758 164 160 144
-0.079315 0.002343 0.932573 165 161 145
-0.076372 0.005098 0.931156 165 161 145
-0.073429 0.007855 0.929710 164 159 143
-0.070565 0.010563 0.927992 162 157 139
-0.067655 0.013303 0.926395 162 155 138
-0.064833 0.015987 0.924507 163 155 138
-0.062705 0.018215 0.920498 163 153 135
-0.061101 0.020095 0.914962 147 130 114
-0.059087 0.022241 0.910718 132 102 93
-0.056261 0.024924 0.908887 124 86 80
-0.053201 0.027764 0.907717 155 105 101
-0.049167 0.031262 0.909286 169 114 112
-0.043301 0.036004 0.915902 117 86 82
-0.208883 -0.115355 1.022291 61 54 54
-0.206394 -0.112895 1.019423 56 53 53
-0.203891 -0.110432 1.016674 55 52 52
-0.201345 -0.107953 1.014251 55 54 54
-0.198771 -0.105464 1.012022 60 59 58
-0.196206 -0.102978 1.009732 62 63 59
-0.193636 -0.100490 1.007468 65 66 64
-0.191056 -0.097998 1.005262 71 71 69
-0.188466 -0.095500 1.003113 74 77 74
-0.185878 -0.093003 1.000943 81 84 80
-0.183303 -0.090511 0.998691 87 92 87
-0.180611 -0.087965 0.997129 156 156 141
-0.178040 -0.085473 0.994827 162 161 142
-0.175460 -0.082976 0.992575 166 165 148
-0.172808 -0.080445 0.990725 165 164 148
-0.170123 -0.077895 0.989034 156 155 140
-0.167537 -0.075394 0.986784 164 162 148
-0.164886 -0.072859 0.984873 167 165 150
-0.162278 -0.070345 0.982720 169 167 152
-0.159674 -0.067832 0.980543 170 169 152
-0.157077 -0.065322 0.978319 171 170 154
-0.154454 -0.062799 0.976219 170 169 154
-0.151814 -0.060265 0.974193 165 163 151
-0.149227 -0.057759 0.971902 158 156 142
-0.146593 -0.055227 0.969828 158 157 144
-0.143994 -0.052714 0.967582 152 153 140
-0.141409 -0.050209 0.965268 150 153 138
-0.138813 -0.047697 0.962998 153 155 141
-0.136178 -0.045163 0.960900 162 163 148
-0.133514 -0.042610 0.958919 165 164 150
-0.130868 -0.040068 0.956848 173 172 158
-0.128227 -0.037527 0.954745 176 174 159
-0.125540 -0.034959 0.952822 173 171 157
-0.122825 -0.032372 0.951001 172 168 154
-0.119990 -0.029712 0.949641 169 167 152
-0.117232 -0.027096 0.947949 164 162 147
-0.114483 -0.024484 0.946200 166 164 149
-0.111775 -0.021897 0.944275 169 167 152
-0.108949 -0.019234 0.942784 160 158 143
-0.106069 -0.016535 0.941465 167 163 148
-0.103285 -0.013896 0.939761 165 166 148
-0.100496 -0.011251 0.938059 160 160 143
-0.097618 -0.008548 0.936651 160 156 140
-0.094766 -0.005859 0.935126 157 153 137
-0.091862 -0.003136 0.933753 157 153 137
-0.088847 -0.000337 0.932734 159 155 139
-0.085891 0.002425 0.931475 157 153 137
-0.083008 0.005143 0.929944 160 157 141
-0.080137 0.007853 0.928348 162 158 142
-0.077254 0.010574 0.926769 163 158 141
-0.074460 0.013236 0.924883 160 156 138
-0.071722 0.015862 0.922808 159 151 134
-0.069213 0.018334 0.920008 162 154 137
-0.067335 0.020378 0.915284 175 164 145
-0.065371 0.022477 0.910880 175 156 138
-0.062852 0.024951 0.908189 131 94 85
-0.059727 0.027840 0.907289 152 104 98
-0.056381 0.030883 0.906993 160 107 103
-0.051834 0.034762 0.910100 137 92 88
-0.212007 -0.112177 1.018963 60 53 53
-0.209453 -0.109701 1.016665 56 53 52
-0.206921 -0.107234 1.014211 56 53 51
-0.204406 -0.104774 1.011632 57 56 55
-0.201874 -0.102307 1.009189 61 61 59
-0.199322 -0.099832 1.006884 64 63 62
-0.196763 -0.097354 1.004626 67 67 65
-0.194194 -0.094871 1.002430 71 72 70
-0.191607 -0.092378 1.000347 77 78 74
-0.189017 -0.089884 0.998267 83 86 82
-0.186436 -0.087394 0.996118 94 100 93
-0.183813 -0.084881 0.994222 164 164 148
-0.181247 -0.082397 0.991967 165 164 145
-0.178674 -0.079908 0.989741 165 164 147
-0.176029 -0.077382 0.987933 160 160 144
-0.173381 -0.074853 0.986117 163 161 146
-0.170775 -0.072345 0.984043 168 166 151
-0.168131 -0.069815 0.982170 170 168 153
-0.165518 -0.067301 0.980114 170 168 152
-0.162893 -0.064780 0.978107 168 167 151
-0.160284 -0.062267 0.976002 167 166 149
-0.157650 -0.059739 0.974018 167 166 149
-0.154998 -0.057200 0.972109 169 165 149
-0.152415 -0.054699 0.969849 169 167 150
-0.149793 -0.052176 0.967771 169 168 149
-0.147238 -0.049691 0.965365 170 169 151
-0.144626 -0.047173 0.963225 171 170 152
-0.141970 -0.044628 0.961279 171 170 153
-0.139292 -0.042068 0.959416 171 170 154
-0.136612 -0.039506 0.957545 175 173 158
-0.133963 -0.036962 0.955525 175 173 158
-0.131275 -0.034393 0.953660 172 170 155
-0.128567 -0.031811 0.951862 168 166 151
-0.125876 -0.029238 0.949977 162 160 145
-0.123181 -0.026661 0.948092 164 162 147
-0.120459 -0.024066 0.946299 165 163 148
-0.117701 -0.021447 0.944629 164 162 147
-0.115007 -0.018868 0.942689 164 161 146
-0.106612 -0.010920 0.937958 163 162 145
-0.103825 -0.008274 0.936292 163 161 144
-0.100985 -0.005593 0.934797 160 156 140
-0.098209 -0.002952 0.933047 159 155 138
-0.095428 -0.000306 0.931300 165 161 145
-0.092565 0.002396 0.929815 165 161 145
-0.089709 0.005095 0.928280 164 160 144
-0.086889 0.007771 0.926601 160 155 139
-0.084003 0.010493 0.925120 158 153 137
-0.081185 0.013171 0.923394 159 154 136
-0.078529 0.015739 0.921124 154 149 130
-0.075991 0.018224 0.918473 158 150 133
-0.073886 0.020409 0.914469 169 161 144
-0.071935 0.022483 0.910028 144 122 106
-0.069437 0.024937 0.907318 134 101 91
-0.066485 0.027710 0.905985 139 100 90
-0.063375 0.030595 0.905093 159 108 101
-0.059123 0.034293 0.907530 157 109 106
-0.053395 0.039048 0.914129 131 102 100
-0.214880 -0.108936 1.017436 53 43 41
-0.212508 -0.106541 1.013782 55 52 49
-0.209983 -0.104083 1.011353 57 54 52
-0.207464 -0.101627 1.008889 60 57 57
-0.204986 -0.099191 1.006129 62 61 60
-0.202422 -0.096715 1.004003 65 64 63
-0.199888 -0.094253 1.001655 68 66 65
-0.197320 -0.091775 0.999533 70 70 69
-0.194727 -0.089283 0.997573 77 77 75
-0.192127 -0.086787 0.995641 86 88 84
-0.189546 -0.084299 0.993571 104 110 100
-0.186952 -0.081804 0.991569 135 135 118
-0.184413 -0.079338 0.989215 159 158 141
-0.181850 -0.076859 0.987004 164 163 147
-0.179203 -0.074333 0.985281 158 157 141
-0.176547 -0.071800 0.983586 168 166 151
-0.173929 -0.069287 0.981653 170 168 153
-0.171303 -0.066769 0.979749 170 168 153
-0.168701 -0.064263 0.977696 170 169 152
-0.166084 -0.061748 0.975711 169 168 151
-0.163471 -0.059235 0.973690 169 168 151
-0.160850 -0.056716 0.971698 169 166 150
-0.158238 -0.054201 0.969649 169 166 149
-0.155659 -0.051706 0.967429 170 166 150
-0.153040 -0.049186 0.965394 168 167 150
-0.150469 -0.046695 0.963117 168 167 150
-0.147862 -0.044182 0.961011 168 166 151
-0.145236 -0.041655 0.958983 170 168 153
-0.142535 -0.039082 0.957281 171 169 154
-0.139831 -0.036504 0.955573 172 170 155
-0.137170 -0.033953 0.953654 171 169 154
-0.134474 -0.031379 0.951872 167 165 150
-0.131779 -0.028803 0.950067 171 169 154
-0.129097 -0.026236 0.948191 170 168 153
-0.126444 -0.023686 0.946176 169 167 152
-0.123770 -0.021122 0.944237 168 166 151
-0.121036 -0.018517 0.942526 170 168 152
-0.118355 -0.015946 0.940586 169 167 151
-0.109993 -0.008013 0.935886 165 161 145
-0.107235 -0.005385 0.934165 160 156 140
-0.104463 -0.002747 0.932473 159 155 137
-0.101754 -0.000150 0.930534 162 158 140
-0.099014 0.002468 0.928693 165 161 144
-0.096220 0.005125 0.927024 165 161 145
-0.093418 0.007789 0.925367 166 161 145
-0.090593 0.010470 0.923764 166 161 144
-0.087747 0.013167 0.922208 163 158 142
-0.085057 0.015756 0.920115 160 156 137
-0.082517 0.018238 0.917523 164 156 137
-0.080294 0.020494 0.913914 173 164 148
-0.078315 0.022574 0.909563 146 131 117
-0.076100 0.024819 0.906002 130 102 91
-0.073639 0.027241 0.903235 125 94 88
-0.070192 0.030374 0.903487 150 111 106
-0.066125 0.033963 0.905543 150 113 112
-0.060880 0.038417 0.910991 111 84 85
-0.217597 -0.105645 1.017083 104 82 82
-0.215468 -0.103372 1.011487 68 62 58
-0.213069 -0.100979 1.008150 58 55 55
-0.210502 -0.098506 1.006138 60 59 58
-0.208034 -0.096082 1.003377 62 61 60
-0.205511 -0.093630 1.001039 64 63 62
-0.202971 -0.091170 0.998815 68 68 66
-0.200416 -0.088702 0.996697 73 73 71
-0.197825 -0.086214 0.994804 78 81 77
-0.195209 -0.083711 0.993061 86 88 86
-0.192621 -0.081222 0.991113 159 161 147
-0.190046 -0.078739 0.989065 169 170 151
-0.187530 -0.076289 0.986638 109 112 104
-0.185015 -0.073840 0.984208 112 118 114
-0.182366 -0.071314 0.982579 109 112 109
-0.179701 -0.068776 0.981013 122 123 117
-0.177054 -0.066247 0.979321 163 161 147
-0.174433 -0.063733 0.977449 170 168 153
-0.171851 -0.061241 0.975349 170 169 152
-0.169246 -0.058734 0.973367 169 168 151
-0.166638 -0.056225 0.971382 169 168 149
-0.164020 -0.053709 0.969438 169 168 151
-0.161422 -0.051205 0.967375 169 168 149
-0.158853 -0.048718 0.965157 168 167 149
-0.156237 -0.046201 0.963168 169 168 151
-0.153646 -0.043700 0.961039 170 169 152
-0.150996 -0.041160 0.959188 170 168 153
-0.148369 -0.038633 0.957213 171 169 154
-0.145687 -0.036070 0.955479 173 171 156
-0.142999 -0.033502 0.953747 171 169 154
-0.140349 -0.030957 0.951831 173 171 156
-0.137672 -0.028394 0.950017 176 173 159
-0.135003 -0.025836 0.948145 176 174 160
-0.132351 -0.023287 0.946192 173 172 157
-0.129742 -0.020768 0.944043 173 171 155
-0.127072 -0.018206 0.942139 172 168 152
-0.124353 -0.015610 0.940420 171 167 151
-0.121683 -0.013047 0.938483 171 167 151
-0.113381 -0.005146 0.933713 164 160 144
-0.110683 -0.002559 0.931817 159 155 139
-0.107977 0.000034 0.929936 163 159 141
-0.105301 0.002607 0.927929 164 160 142
-0.102554 0.005231 0.926167 167 161 144
-0.099762 0.007889 0.924551 166 161 143
-0.096985 0.010537 0.922857 166 161 143
-0.094191 0.013199 0.921203 165 160 142
-0.091444 0.015827 0.919368 160 155 137
-0.088936 0.018282 0.916716 164 159 140
-0.086606 0.020606 0.913485 178 170 153
-0.084521 0.022749 0.909478 160 148 134
-0.082727 0.024675 0.904579 128 102 94
-0.080292 0.027071 0.901778 128 99 92
-0.076959 0.030133 0.901801 139 111 109
-0.073051 0.033627 0.903539 131 115 117
-0.067940 0.038025 0.908837 107 94 96
-0.062354 0.042791 0.915365 121 115 120
-0.220190 -0.102305 1.017711 142 105 101
-0.218328 -0.100184 1.009856 86 79 76
-0.216082 -0.097879 1.005337 80 77 77
-0.213574 -0.095440 1.002962 60 57 56
-0.211078 -0.093007 1.000500 60 57 59
-0.208566 -0.090566 0.998161 64 63 62
-0.206020 -0.088107 0.996068 68 69 67
-0.203467 -0.085642 0.994014 74 75 73
-0.200893 -0.083165 0.992100 80 83 79
-0.198272 -0.080660 0.990479 100 101 95
-0.195673 -0.078166 0.988681 153 154 137
-0.193092 -0.075681 0.986743 155 154 137
-0.190638 -0.073273 0.983981 133 133 122
-0.188223 -0.070889 0.981000 112 116 117
-0.185575 -0.068363 0.979461 205 195 195
-0.182886 -0.065810 0.978133 160 154 146
-0.180197 -0.063254 0.976767 131 130 121
-0.177528 -0.060710 0.975247 170 169 152
-0.174947 -0.058220 0.973201 169 168 151
-0.172347 -0.055717 0.971247 169 167 150
-0.169744 -0.053212 0.969299 169 165 149
-0.167127 -0.050697 0.967403 169 165 147
-0.164544 -0.048203 0.965321 169 166 149
-0.162003 -0.045736 0.963014 169 167 150
-0.159406 -0.043233 0.960985 170 169 152
-0.156818 -0.040734 0.958899 170 169 152
-0.154181 -0.038203 0.957041 170 169 152
-0.151539 -0.035666 0.955192 168 166 151
-0.148861 -0.033104 0.953494 170 168 153
-0.146192 -0.030547 0.951734 175 173 158
-0.143566 -0.028019 0.949760 178 176 161
-0.140920 -0.025477 0.947860 181 177 163
-0.138292 -0.022946 0.945866 178 178 160
-0.135684 -0.020429 0.943774 176 174 159
-0.133095 -0.017925 0.941594 173 170 155
-0.130414 -0.015355 0.939792 173 169 154
-0.127712 -0.012769 0.938060 171 167 151
-0.125026 -0.010194 0.936242 169 167 150
-0.122262 -0.007561 0.934722 168 166 149
-0.116829 -0.002362 0.931230 160 157 140
-0.114136 0.000222 0.929368 165 160 142
-0.111446 0.002805 0.927481 167 162 144
-0.108770 0.005378 0.925528 168 163 145
-0.106003 0.008019 0.923894 168 163 144
-0.103246 0.010653 0.922200 167 162 142
-0.100547 0.013246 0.920286 167 162 142
-0.097830 0.015852 0.918416 165 157 138
-0.095193 0.018399 0.916260 168 160 141
-0.092899 0.020689 0.912936 181 173 154
-0.090844 0.022797 0.908835 163 154 136
-0.089091 0.024673 0.903786 116 93 87
-0.086747 0.026995 0.900734 118 98 92
-0.083399 0.030081 0.900922 134 116 119
-0.079242 0.033788 0.903605 128 120 128
-0.074669 0.037821 0.907455 106 95 99
-0.069298 0.042474 0.913599 136 125 133
-0.220913 -0.096869 1.010417 136 102 100
-0.218927 -0.094722 1.003724 56 52 52
-0.216620 -0.092401 0.999811 55 52 52
-0.214106 -0.089963 0.997581 60 56 57
-0.211591 -0.087524 0.995355 61 60 61
-0.209043 -0.085065 0.993365 65 66 64
-0.206495 -0.082606 0.991358 80 80 78
-0.203923 -0.080132 0.989509 83 86 82
-0.201302 -0.077626 0.987976 124 125 116
-0.198696 -0.075127 0.986311 162 161 142
-0.196094 -0.072631 0.984587 165 163 148
-0.193540 -0.070163 0.982528 164 163 150
-0.191073 -0.067752 0.979907 156 157 145
-0.188477 -0.065256 0.978098 156 152 145
-0.185840 -0.062733 0.976517 138 135 125
-0.183200 -0.060207 0.974924 163 162 149
-0.180591 -0.057700 0.973121 167 166 149
-0.178022 -0.055219 0.971065 168 167 150
-0.175415 -0.052712 0.969214 166 165 148
-0.172824 -0.050214 0.967259 166 162 144
-0.170225 -0.047711 0.965329 166 162 144
-0.167659 -0.045230 0.963208 166 165 148
-0.165139 -0.042780 0.960846 168 165 147
-0.162547 -0.040280 0.958849 166 165 148
-0.159956 -0.037781 0.956832 169 168 151
-0.157339 -0.035262 0.954934 160 158 143
-0.154702 -0.032728 0.953119 167 165 150
-0.152042 -0.030178 0.951391 175 173 158
-0.149407 -0.027644 0.949529 179 178 165
-0.146821 -0.025144 0.947427 184 182 167
-0.144203 -0.022622 0.945457 185 182 168
-0.133753 -0.012541 0.937371 176 172 156
-0.131050 -0.009953 0.935703 173 169 153
-0.128374 -0.007384 0.933899 170 167 151
-0.122948 -0.002187 0.930538 155 154 136
-0.120282 0.000377 0.928643 164 160 143
-0.117590 0.002961 0.926834 166 162 146
-0.114904 0.005542 0.924985 168 163 145
-0.112210 0.008129 0.923151 169 164 146
-0.109476 0.010748 0.921451 168 163 145
-0.106771 0.013346 0.919627 168 163 145
-0.104130 0.015894 0.917553 165 160 142
-0.101576 0.018376 0.915168 166 160 141
-0.099280 0.020659 0.911882 182 174 155
-0.097263 0.022723 0.907665 170 162 146
-0.095423 0.024649 0.902903 100 87 84
-0.093054 0.026984 0.899971 115 104 104
-0.089749 0.030049 0.900134 133 121 121
-0.085647 0.033743 0.902822 133 130 138
-0.081219 0.037698 0.906414 107 105 112
-0.075778 0.042459 0.913049 134 130 132
-0.223197 -0.093376 1.013559 143 100 101
-0.221609 -0.091492 1.003360 92 68 68
-0.219480 -0.089290 0.997981 50 44 46
-0.217155 -0.086972 0.994316 49 47 49
-0.214620 -0.084524 0.992340 58 56 58
-0.212022 -0.082035 0.990831 65 64 65
-0.209463 -0.079570 0.988991 81 82 78
-0.206885 -0.077091 0.987271 84 87 83
-0.204281 -0.074594 0.985706 148 148 135
-0.201698 -0.072110 0.983960 162 161 144
-0.199090 -0.069609 0.982356 167 164 148
-0.196514 -0.067127 0.980512 169 167 152
-0.193980 -0.064674 0.978373 171 170 157
-0.191368 -0.062167 0.976723 173 172 159
-0.188734 -0.059643 0.975181 168 166 153
-0.186169 -0.057166 0.973191 167 165 151
-0.183590 -0.054679 0.971268 158 157 140
-0.181038 -0.052211 0.969168 160 160 143
-0.178453 -0.049718 0.967255 162 161 144
-0.175880 -0.047233 0.965253 160 159 142
-0.173293 -0.044738 0.963319 163 159 142
-0.170713 -0.042247 0.961331 162 158 142
-0.168201 -0.039806 0.958968 163 162 145
-0.165619 -0.037313 0.956976 164 163 146
-0.163030 -0.034814 0.955003 158 157 140
-0.160438 -0.032313 0.953031 168 166 151
-0.157830 -0.029800 0.951127 170 170 154
-0.155221 -0.027284 0.949215 179 178 164
-0.134340 -0.007140 0.933459 173 169 155
-0.123658 0.003132 0.926273 167 163 147
-0.120970 0.005715 0.924500 168 164 148
-0.118276 0.008303 0.922736 169 164 146
-0.115556 0.010913 0.921052 169 164 146
-0.112929 0.013450 0.919001 169 164 146
-0.110420 0.015894 0.916509 166 161 141
-0.108098 0.018190 0.913340 168 163 143
-0.105904 0.020383 0.909737 171 164 147
-0.103844 0.022468 0.905697 140 129 118
-0.101628 0.024675 0.902245 88 75 73
-0.099077 0.027150 0.899974 126 109 107
-0.095920 0.030111 0.899747 131 121 130
-0.091797 0.033852 0.902681 130 130 143
-0.087315 0.037888 0.906650 106 105 115
-0.082279 0.042379 0.912244 136 132 137
-0.224000 -0.088082 1.005445 155 119 117
-0.222187 -0.086106 0.997308 77 57 57
-0.220231 -0.084044 0.990644 52 49 51
-0.217701 -0.081601 0.988747 52 50 52
-0.215074 -0.079092 0.987579 55 56 56
-0.212446 -0.076579 0.986375 64 65 63
-0.209860 -0.074094 0.984802 90 91 87
-0.207257 -0.071597 0.983315 153 153 140
-0.204685 -0.069120 0.981575 165 161 145
-0.202086 -0.066622 0.979999 169 164 150
-0.199531 -0.064155 0.978092 172 167 155
-0.196976 -0.061688 0.976167 179 177 164
-0.194382 -0.059192 0.974475 175 173 160
-0.191794 -0.056699 0.972719 169 167 153
-0.189218 -0.054214 0.970866 168 166 150
-0.186649 -0.051734 0.968955 168 165 148
-0.184100 -0.049268 0.966904 169 165 147
-0.181538 -0.046792 0.964921 167 165 147
-0.178990 -0.044327 0.962843 162 161 144
-0.176420 -0.041843 0.960883 163 159 143
-0.173859 -0.039367 0.958855 159 155 139
-0.171321 -0.036908 0.956692 156 153 137
-0.168743 -0.034418 0.954740 150 149 132
-0.166152 -0.031917 0.952837 160 159 144
-0.163585 -0.029435 0.950798 165 163 148
-0.161014 -0.026949 0.948770 175 173 158
-0.158444 -0.024463 0.946723 184 182 167
-0.127041 0.005839 0.923785 166 165 147
-0.124350 0.008427 0.922083 168 163 146
-0.121693 0.010988 0.920229 167 162 144
-0.119085 0.013509 0.918174 164 159 141
-0.116731 0.015825 0.915148 170 163 144
-0.114595 0.017961 0.911329 182 174 155
-0.112571 0.020004 0.907139 173 166 147
-0.110509 0.022077 0.903143 115 101 97
-0.107899 0.024598 0.901149 113 95 94
-0.104840 0.027490 0.900730 136 115 113
-0.101869 0.030310 0.899944 124 113 118
-0.098405 0.033540 0.900806 116 113 121
-0.093531 0.037940 0.906332 95 93 100
-0.088420 0.042545 0.912430 130 129 136
-0.226147 -0.084486 1.009741 100 73 74
-0.224532 -0.082682 0.999663 154 118 115
-0.222784 -0.080792 0.991112 68 57 58
-0.220682 -0.078657 0.985754 50 48 50
-0.218084 -0.076164 0.984476 55 54 55
-0.215531 -0.073703 0.982804 60 59 61
-0.212864 -0.071157 0.981969 75 76 76
-0.210228 -0.068632 0.980830 157 156 143
-0.207653 -0.066151 0.979195 163 159 143
-0.205043 -0.063643 0.977782 176 172 158
-0.202489 -0.061176 0.975945 178 176 161
-0.199971 -0.058737 0.973839 182 180 165
-0.197392 -0.056250 0.972131 175 171 157
-0.194811 -0.053760 0.970409 170 167 151
-0.192255 -0.051290 0.968503 168 165 150
-0.189696 -0.048817 0.966600 168 165 149
-0.187154 -0.046357 0.964575 166 165 148
-0.184602 -0.043888 0.962599 167 165 148
-0.182072 -0.041437 0.960481 168 164 148
-0.179514 -0.038963 0.958517 167 163 147
-0.176967 -0.036497 0.956478 155 154 137
-0.174427 -0.034037 0.954389 153 150 135
-0.171860 -0.031555 0.952441 163 161 146
-0.169277 -0.029060 0.950558 166 164 149
-0.166738 -0.026599 0.948432 168 166 151
-0.164194 -0.024134 0.946330 175 174 160
-0.161630 -0.021653 0.944316 176 174 162
-0.156480 -0.016673 0.940357 195 195 182
-0.133085 0.005937 0.922953 165 161 145
-0.130418 0.008508 0.921235 169 165 149
-0.127842 0.011003 0.919133 170 166 148
-0.125369 0.013412 0.916615 170 165 147
-0.123143 0.015613 0.913139 176 170 153
-0.121255 0.017529 0.908402 193 189 173
-0.119047 0.019713 0.904949 163 155 139
-0.116552 0.022138 0.902593 91 82 79
-0.113806 0.024775 0.901160 140 118 118
-0.110530 0.027862 0.901621 138 116 120
-0.107266 0.030940 0.901956 125 114 119
-0.104092 0.033944 0.901898 122 115 124
-0.099349 0.038285 0.907210 98 95 103
-0.094358 0.042843 0.913150 143 140 146
-0.226802 -0.079181 1.002769 111 81 83
-0.225060 -0.077332 0.993938 156 108 108
-0.223348 -0.075514 0.985194 94 70 69
-0.221081 -0.073272 0.981297 50 50 50
-0.218533 -0.070814 0.979697 58 56 59
-0.215977 -0.068348 0.978130 67 66 70
-0.213303 -0.065788 0.977415 83 82 84
-0.210644 -0.063239 0.976510 228 225 214
-0.208014 -0.060711 0.975339 219 213 205
-0.205456 -0.058240 0.973607 189 184 174
-0.202936 -0.055799 0.971591 178 174 162
-0.200356 -0.053309 0.969965 169 168 151
-0.197743 -0.050792 0.968525 168 167 150
-0.195218 -0.048345 0.966489 167 166 149
-0.192706 -0.045909 0.964355 168 164 148
-0.190189 -0.043468 0.962245 167 163 147
-0.187658 -0.041017 0.960209 168 164 148
-0.185137 -0.038572 0.958108 169 165 149
-0.182579 -0.036097 0.956212 168 164 148
-0.180044 -0.033641 0.954167 158 157 140
-0.177510 -0.031185 0.952111 160 156 140
-0.174966 -0.028722 0.950093 162 160 145
-0.172400 -0.026239 0.948187 166 164 149
-0.169868 -0.023784 0.946088 164 162 147
-0.167327 -0.021323 0.944022 178 176 163
-0.164760 -0.018838 0.942083 187 185 172
-0.162194 -0.016354 0.940129 201 200 187
-0.159617 -0.013861 0.938212 204 203 192
-0.157051 -0.011377 0.936228 205 205 193
-0.144152 0.001107 0.926456 178 173 159
-0.141586 0.003593 0.924406 172 168 153
-0.139006 0.006091 0.922408 172 168 152
-0.136429 0.008587 0.920387 171 167 150
-0.133914 0.011029 0.918100 170 166 148
-0.131611 0.013289 0.914949 173 165 148
-0.129521 0.015363 0.910967 199 193 175
-0.127669 0.017231 0.906102 173 163 148
-0.125218 0.019616 0.903638 87 78 69
-0.122380 0.022337 0.902663 130 97 92
-0.119305 0.025266 0.902541 154 113 110
-0.116137 0.028276 0.902698 143 130 133
-0.112811 0.031426 0.903365 125 117 127
-0.109272 0.034764 0.904710 120 113 120
-0.104929 0.038807 0.908809 98 91 96
-0.100354 0.043058 0.913539 123 128 137
-0.227233 -0.073761 0.997780 129 96 94
-0.225444 -0.071918 0.989446 151 105 104
-0.223591 -0.070027 0.981968 125 92 96
-0.221317 -0.067791 0.978167 53 48 52
-0.218900 -0.065437 0.975569 58 55 60
-0.216314 -0.062942 0.974298 71 69 72
-0.213711 -0.060432 0.973102 96 100 106
-0.211007 -0.057838 0.972589 211 209 213
-0.208418 -0.055338 0.971179 243 239 236
-0.205918 -0.052913 0.969100 167 166 152
-0.203351 -0.050431 0.967468 164 164 147
-0.200759 -0.047927 0.965982 166 165 148
-0.198273 -0.045513 0.963760 167 165 148
-0.195779 -0.043093 0.961588 168 165 149
-0.193251 -0.040643 0.959625 167 165 148
-0.190727 -0.038196 0.957624 169 165 149
-0.188214 -0.035759 0.955542 169 165 149
-0.185666 -0.033291 0.953658 164 160 144
-0.183137 -0.030839 0.951654 159 156 139
-0.180596 -0.028377 0.949701 165 161 145
-0.178064 -0.025923 0.947683 164 159 145
-0.175495 -0.023435 0.945863 165 164 147
-0.172958 -0.020976 0.943847 169 167 152
-0.170422 -0.018517 0.941820 181 176 164
-0.167859 -0.016035 0.939917 189 187 177
-0.165310 -0.013564 0.937934 206 205 194
-0.162757 -0.011091 0.935953 212 214 202
-0.160218 -0.008628 0.933899 215 217 206
-0.157647 -0.006138 0.931987 217 217 207
-0.155062 -0.003635 0.930126 214 214 205
-0.152507 -0.001158 0.928114 209 208 201
-0.149934 0.001334 0.926171 201 198 188
-0.147346 0.003840 0.924282 187 182 169
-0.144956 0.006171 0.921511 178 173 158
-0.142579 0.008490 0.918694 172 167 151
-0.140273 0.010745 0.915593 172 167 149
-0.138160 0.012829 0.911709 194 189 172
-0.136013 0.014941 0.908012 160 154 143
-0.133637 0.017257 0.905291 93 82 76
-0.130862 0.019930 0.904179 115 85 83
-0.127951 0.022726 0.903570 162 115 108
-0.124851 0.025691 0.903642 169 116 111
-0.121615 0.028779 0.904157 166 123 123
-0.118289 0.031950 0.904933 139 132 143
-0.115070 0.035025 0.905216 112 108 116
-0.110581 0.039244 0.910065 125 119 125
-0.227582 -0.068314 0.993516 125 94 93
-0.225674 -0.066406 0.986285 148 112 113
-0.223762 -0.064497 0.979343 128 114 118
-0.221621 -0.062390 0.974489 68 66 72
-0.219205 -0.060039 0.971944 60 57 62
-0.216821 -0.057718 0.969160 71 72 74
-0.214272 -0.055249 0.967647 90 91 94
-0.211560 -0.052636 0.967284 86 89 89
-0.208911 -0.050078 0.966383 114 115 109
-0.206323 -0.047573 0.964999 169 168 154
-0.203751 -0.045083 0.963457 166 165 148
-0.201287 -0.042689 0.961167 163 161 147
-0.198781 -0.040258 0.959146 159 157 144
-0.196247 -0.037801 0.957296 164 159 145
-0.193735 -0.035364 0.955285 166 162 146
-0.191221 -0.032925 0.953280 165 161 145
-0.188683 -0.030464 0.951405 158 156 141
-0.186165 -0.028021 0.949398 166 162 146
-0.183621 -0.025554 0.947527 166 165 148
-0.181106 -0.023114 0.945479 167 163 147
-0.178551 -0.020637 0.943643 175 170 156
-0.176031 -0.018191 0.941597 173 169 155
-0.173508 -0.015743 0.939558 182 180 167
-0.170952 -0.013265 0.937685 199 197 184
-0.168359 -0.010753 0.935985 222 221 212
-0.165804 -0.008275 0.934071 235 234 227
-0.163293 -0.005837 0.931927 238 237 232
-0.160741 -0.003362 0.929974 240 240 236
-0.158158 -0.000858 0.928161 247 247 244
-0.155630 0.001595 0.926069 251 249 249
-0.153190 0.003968 0.923564 252 251 250
-0.150814 0.006282 0.920775 247 245 242
-0.148755 0.008304 0.916584 171 167 152
-0.146741 0.010285 0.912258 133 128 118
-0.144459 0.012512 0.909159 105 103 96
-0.142066 0.014841 0.906558 86 80 83
-0.139267 0.017543 0.905666 118 95 91
-0.136348 0.020356 0.905225 160 117 110
-0.133387 0.023209 0.904900 164 115 107
-0.130259 0.026217 0.905178 172 119 112
-0.127031 0.029317 0.905769 176 122 116
-0.123740 0.032477 0.906519 165 119 120
-0.119973 0.036078 0.908991 106 93 95
-0.115834 0.040024 0.912715 152 149 157
-0.227753 -0.062735 0.990826 87 85 90
-0.225787 -0.060806 0.984124 113 122 137
-0.223765 -0.058825 0.978117 106 112 127
-0.221746 -0.056848 0.972270 105 113 125
-0.219566 -0.054721 0.967882 71 72 80
-0.217223 -0.052441 0.964844 60 57 60
-0.214783 -0.050071 0.962574 60 57 61
-0.212213 -0.047578 0.961261 67 64 67
-0.209491 -0.044943 0.960984 73 70 70
-0.206828 -0.042362 0.960207 96 96 90
-0.204259 -0.039870 0.958716 145 144 134
-0.201712 -0.037399 0.957044 126 123 115
-0.199177 -0.034938 0.955270 156 150 140
-0.196656 -0.032491 0.953385 149 144 129
-0.194160 -0.030067 0.951326 160 155 140
-0.191649 -0.027628 0.949354 165 161 145
-0.189133 -0.025186 0.947391 167 163 147
-0.186599 -0.022726 0.945530 168 164 148
-0.184142 -0.020339 0.943203 167 166 149
-0.181620 -0.017890 0.941246 168 166 151
-0.179038 -0.015385 0.939607 170 165 151
-0.176532 -0.012951 0.937533 184 180 166
-0.174000 -0.010493 0.935591 220 214 209
-0.171415 -0.007985 0.933909 253 251 250
-0.168892 -0.005535 0.931888 254 253 254
-0.166419 -0.003132 0.929608 254 255 254
-0.163970 -0.000752 0.927206 253 253 254
-0.161605 0.001548 0.924401 253 251 253
-0.159367 0.003727 0.921004 246 245 246
-0.157220 0.005820 0.917220 198 195 194
-0.154954 0.008026 0.914036 123 121 117
-0.152614 0.010302 0.911219 89 90 84
-0.150043 0.012796 0.909448 86 89 85
-0.147376 0.015383 0.908085 126 113 111
-0.144506 0.018163 0.907570 155 111 106
-0.141566 0.021010 0.907293 165 115 109
-0.138581 0.023899 0.907139 172 120 113
-0.135405 0.026971 0.907706 176 124 118
-0.132257 0.030015 0.908065 163 111 104
-0.128862 0.033296 0.909331 131 94 90
-0.124856 0.037160 0.912884 154 129 124
-0.227933 -0.057180 0.988054 78 77 84
-0.225781 -0.055096 0.982972 92 99 112
-0.223626 -0.053007 0.978064 104 121 139
-0.221596 -0.051043 0.972274 105 116 133
-0.219533 -0.049046 0.966926 108 118 130
-0.217354 -0.046933 0.962619 87 91 99
-0.215000 -0.044648 0.959722 62 60 66
-0.212550 -0.042268 0.957553 58 57 60
-0.210085 -0.039873 0.955488 57 56 58
-0.207568 -0.037426 0.953780 60 57 61
-0.205023 -0.034952 0.952241 70 67 70
-0.202431 -0.032432 0.950976 91 90 88
-0.199874 -0.029946 0.949442 123 122 112
-0.197318 -0.027462 0.947869 160 157 144
-0.194782 -0.024996 0.946148 155 156 142
-0.192272 -0.022557 0.944235 163 162 146
-0.189748 -0.020104 0.942402 164 162 147
-0.187298 -0.017724 0.940111 172 168 154
-0.184811 -0.015307 0.938035 171 168 154
-0.182277 -0.012844 0.936215 176 174 163
-0.179771 -0.010410 0.934218 241 239 236
-0.177324 -0.008032 0.931897 245 243 244
-0.174882 -0.005660 0.929549 245 243 244
-0.172537 -0.003383 0.926701 236 236 238
-0.170251 -0.001164 0.923568 218 217 220
-0.167945 0.001074 0.920563 186 185 188
-0.165575 0.003376 0.917906 139 134 140
-0.163119 0.005762 0.915682 113 105 109
-0.160595 0.008214 0.913774 113 92 89
-0.157962 0.010774 0.912369 133 111 107
-0.155162 0.013498 0.911704 158 125 118
-0.152338 0.016246 0.911093 162 116 108
-0.149429 0.019077 0.910808 173 118 113
-0.146503 0.021924 0.910529 178 123 118
-0.143510 0.024837 0.910471 175 121 118
-0.140336 0.027928 0.911112 173 122 116
-0.136919 0.031257 0.912674 151 107 100
-0.133353 0.034732 0.914722 142 116 108
-0.129891 0.038105 0.916215 173 132 127
-0.228079 -0.051605 0.985588 97 104 115
-0.225917 -0.049528 0.980616 71 76 86
-0.223745 -0.047439 0.975872 104 110 129
-0.221550 -0.045327 0.971429 108 121 145
-0.219417 -0.043276 0.966621 106 120 139
-0.217299 -0.041241 0.961817 110 117 136
-0.215056 -0.039075 0.958072 137 115 119
-0.212737 -0.036830 0.954952 139 101 103
-0.210387 -0.034553 0.952090 106 72 77
-0.208025 -0.032263 0.949343 78 54 60
-0.205632 -0.029941 0.946828 70 55 59
-0.203274 -0.027654 0.944092 67 59 62
-0.200912 -0.025363 0.941405 70 65 66
-0.198435 -0.022954 0.939470 67 63 68
-0.195942 -0.020528 0.937620 74 70 75
-0.193430 -0.018084 0.935866 75 72 76
-0.190955 -0.015676 0.933877 73 69 72
-0.188486 -0.013276 0.931839 80 76 79
-0.186022 -0.010881 0.929759 88 86 89
-0.183528 -0.008455 0.927846 100 101 103
-0.181079 -0.006075 0.925672 112 112 115
-0.178614 -0.003678 0.923579 111 112 116
-0.176144 -0.001277 0.921509 112 112 114
-0.173706 0.001092 0.919264 111 111 113
-0.171133 0.003598 0.917708 120 120 124
-0.168349 0.006319 0.917188 130 123 130
-0.165690 0.008912 0.915991 139 123 126
-0.163031 0.011505 0.914754 156 113 110
-0.160263 0.014208 0.913998 167 118 111
-0.157369 0.017040 0.913784 171 120 113
-0.154428 0.019918 0.913713 173 121 115
-0.151350 0.022935 0.914189 173 123 117
-0.148253 0.025970 0.914656 164 121 114
-0.145048 0.029114 0.915504 142 106 99
-0.141576 0.032528 0.917401 153 126 117
-0.138313 0.035728 0.918272 182 143 134
-0.225980 -0.043890 0.978878 101 100 109
-0.223796 -0.041805 0.974240 71 75 85
-0.221648 -0.039757 0.969431 100 101 110
-0.219479 -0.037685 0.964909 128 112 122
-0.217279 -0.035577 0.960746 162 112 113
-0.215049 -0.033436 0.956891 167 109 110
-0.212793 -0.031265 0.953306 164 107 107
-0.210473 -0.029024 0.950235 163 108 107
-0.208098 -0.026723 0.947586 167 113 112
-0.205692 -0.024388 0.945165 160 110 108
-0.203293 -0.022060 0.942707 162 119 116
-0.200851 -0.019687 0.940535 158 114 112
-0.198418 -0.017323 0.938305 154 121 120
-0.195947 -0.014918 0.936307 147 118 118
-0.193498 -0.012537 0.934165 135 118 120
-0.191031 -0.010138 0.932126 134 123 127
-0.188571 -0.007745 0.930040 138 130 134
-0.186033 -0.005270 0.928389 132 130 135
-0.183522 -0.002823 0.926570 129 129 132
-0.181005 -0.000370 0.924765 134 134 138
-0.178446 0.002126 0.923165 137 137 141
-0.175823 0.004691 0.921885 138 136 140
-0.173126 0.007332 0.920950 141 135 144
-0.170345 0.010063 0.920401 144 134 139
-0.167585 0.012769 0.919678 150 130 131
-0.164857 0.015442 0.918743 172 129 126
-0.162044 0.018203 0.918174 168 121 116
-0.159113 0.021087 0.918105 162 122 112
-0.156064 0.024094 0.918512 154 118 108
-0.152859 0.027264 0.919546 138 116 102
-0.149667 0.030418 0.920405 193 170 159
-0.223890 -0.036220 0.972254 122 110 115
-0.221638 -0.034070 0.968295 91 71 69
-0.219439 -0.031978 0.964008 115 81 80
-0.217183 -0.029820 0.960251 146 100 100
-0.214909 -0.027639 0.956707 158 109 110
-0.212571 -0.025385 0.953683 164 114 115
-0.210202 -0.023094 0.950920 164 115 114
-0.207805 -0.020772 0.948370 162 116 115
-0.205367 -0.018404 0.946115 158 117 116
-0.202905 -0.016009 0.944014 154 120 119
-0.200454 -0.013625 0.941841 150 122 124
-0.197968 -0.011203 0.939884 142 125 132
-0.195457 -0.008754 0.938066 129 128 139
-0.192974 -0.006335 0.936067 129 132 143
-0.190517 -0.003946 0.933898 126 130 141
-0.188008 -0.001500 0.932027 115 120 130
-0.185519 0.000925 0.930030 122 124 133
-0.182980 0.003403 0.928298 117 118 126
-0.180335 0.005998 0.927131 131 128 133
-0.177673 0.008612 0.926017 146 135 138
-0.175029 0.011204 0.924759 154 137 142
-0.172283 0.013907 0.923996 157 139 140
-0.169491 0.016660 0.923413 160 140 136
-0.166652 0.019462 0.923002 157 130 123
-0.163646 0.022444 0.923345 144 122 114
-0.160649 0.025416 0.923554 182 165 156
-0.219191 -0.026013 0.964728 150 118 117
-0.216928 -0.023858 0.960968 122 96 95
-0.214619 -0.021646 0.957627 103 79 80
-0.212240 -0.019350 0.954845 110 90 90
-0.209852 -0.017042 0.952154 122 109 110
-0.207469 -0.014740 0.949441 128 122 122
-0.205035 -0.012378 0.947098 133 126 131
-0.202559 -0.009967 0.945036 134 131 135
-0.200078 -0.007549 0.943004 128 126 132
-0.197589 -0.005123 0.941003 125 126 136
-0.195081 -0.002675 0.939116 133 134 141
-0.192583 -0.000239 0.937148 131 132 139
-0.190072 0.002211 0.935242 132 133 138
-0.187496 0.004736 0.933706 145 146 149
-0.184882 0.007303 0.932356 162 156 151
-0.182239 0.009902 0.931130 176 170 158
-0.179611 0.012483 0.929783 170 158 151
-0.176943 0.015110 0.928619 156 142 138
-0.174215 0.017802 0.927726 170 157 148
-0.171439 0.020548 0.927030 212 192 186
-0.209557 -0.011019 0.952989 153 152 154
-0.207154 -0.008698 0.950362 128 128 133
-0.204728 -0.006347 0.947913 120 118 124
-0.202270 -0.003958 0.945678 124 124 127
-0.199805 -0.001560 0.943487 125 128 132
-0.197308 0.000876 0.941496 139 140 144
-0.194779 0.003350 0.939689 142 142 146
-0.192232 0.005846 0.937979 149 151 151
-0.189629 0.008406 0.936569 176 181 181
-0.187004 0.010993 0.935260 193 193 190
0.004761 0.009691 0.932574 108 90 78
-0.000124 0.008641 0.930747 111 90 76
-0.004586 0.009401 0.929306 123 99 85
-0.008875 0.010956 0.928032 131 95 78
-0.013242 0.012166 0.926685 132 95 76
-0.017751 0.012686 0.925197 132 94 75
-0.022168 0.013645 0.923799 129 91 72
-0.026575 0.014645 0.922410 130 91 72
-0.030999 0.015554 0.921003 131 92 73
-0.035406 0.016549 0.919613 131 93 74
-0.039846 0.017352 0.918186 134 95 76
-0.044240 0.018411 0.916809 136 97 77
-0.048625 0.019528 0.915444 135 98 79
-0.053046 0.020420 0.914035 132 97 78
-0.057432 0.021532 0.912669 125 92 75
-0.061874 0.022272 0.911233 116 86 76
-0.065985 0.025289 0.910215 71 56 55
0.015994 0.004226 0.940770 101 85 76
0.011212 0.003681 0.939036 111 97 88
0.006596 0.003765 0.937447 111 98 90
0.001965 0.003739 0.935838 114 102 95
-0.002704 0.003489 0.934184 115 103 95
-0.007139 0.004245 0.932751 128 107 97
-0.011430 0.005663 0.931460 135 103 87
-0.015751 0.006955 0.930141 136 101 82
-0.020130 0.007971 0.928764 135 100 80
-0.024474 0.009166 0.927423 147 109 89
-0.028837 0.010272 0.926064 141 105 85
-0.033233 0.011205 0.924669 136 100 79
-0.037553 0.012552 0.923358 132 97 76
-0.041898 0.013779 0.922022 135 97 78
-0.046224 0.015126 0.920709 137 99 79
-0.050529 0.016625 0.919424 135 98 79
-0.054865 0.017953 0.918105 131 97 78
-0.059288 0.018739 0.916681 129 95 78
-0.063658 0.019861 0.915321 115 87 75
-0.067873 0.022082 0.914168 68 65 64
-0.072226 0.023389 0.912840 60 60 58
-0.076651 0.024163 0.911413 53 53 51
-0.081156 0.024294 0.909869 51 51 50
0.027135 -0.001328 0.948894 112 86 74
0.022201 -0.002424 0.947018 112 91 81
0.017474 -0.002792 0.945319 108 96 88
0.012953 -0.002382 0.943804 106 96 87
0.008376 -0.002233 0.942233 109 101 90
0.003915 -0.001634 0.940766 113 104 95
-0.000743 -0.001916 0.939104 117 108 98
-0.005202 -0.001371 0.937630 114 104 96
-0.009566 -0.000413 0.936250 119 100 89
-0.013770 0.001295 0.935033 139 108 93
-0.018050 0.002674 0.933743 137 105 87
-0.022390 0.003770 0.932390 138 103 84
-0.026672 0.005172 0.931103 137 105 85
-0.030989 0.006408 0.929778 142 110 90
-0.035329 0.007530 0.928430 141 108 85
-0.039628 0.008888 0.927130 136 101 79
-0.043938 0.010200 0.925819 137 100 79
-0.048256 0.011488 0.924502 137 100 79
-0.052554 0.012913 0.923212 135 100 80
-0.056860 0.014315 0.921916 131 98 80
-0.061237 0.015272 0.920530 130 97 80
-0.065488 0.017085 0.919312 114 91 79
-0.069666 0.019480 0.918204 77 78 75
-0.073957 0.021142 0.916951 74 77 75
-0.078391 0.021762 0.915497 73 77 74
-0.082930 0.021498 0.913879 62 67 65
-0.087411 0.021605 0.912334 54 60 58
-0.091925 0.021340 0.910724 50 54 53
-0.096305 0.022181 0.909321 46 46 48
0.033137 -0.008399 0.954965 112 84 71
0.028434 -0.008652 0.953283 118 94 78
0.023873 -0.008417 0.951725 119 97 85
0.019207 -0.008631 0.950062 116 99 88
0.014654 -0.008449 0.948498 120 108 97
0.010132 -0.008173 0.946959 121 111 101
0.005643 -0.007798 0.945446 126 116 106
0.001201 -0.007254 0.943976 126 117 107
-0.003197 -0.006534 0.942547 125 116 104
-0.007587 -0.005793 0.941124 124 114 104
-0.011863 -0.004540 0.939818 120 102 92
-0.016094 -0.003061 0.938562 138 109 95
-0.020325 -0.001556 0.937310 142 111 95
-0.024580 -0.000146 0.936034 142 110 90
-0.028845 0.001234 0.934751 142 111 92
-0.033137 0.002494 0.933441 143 112 93
-0.037432 0.003745 0.932128 143 111 89
-0.041705 0.005137 0.930844 143 110 88
-0.045998 0.006442 0.929540 143 110 88
-0.050297 0.007720 0.928229 142 107 85
-0.054577 0.009138 0.926947 139 106 85
-0.058858 0.010576 0.925667 136 104 86
-0.063180 0.011764 0.924335 133 103 86
-0.067445 0.013365 0.923085 116 96 86
-0.071622 0.015639 0.921967 83 85 79
-0.075921 0.017103 0.920685 80 86 81
-0.080301 0.017970 0.919284 77 84 80
-0.084771 0.018091 0.917741 74 79 77
-0.089207 0.018419 0.916240 68 75 70
-0.093618 0.018895 0.914769 63 68 66
-0.098073 0.018915 0.913215 55 62 60
-0.102457 0.019524 0.911775 50 56 55
-0.106763 0.020900 0.910477 51 51 52
-0.110483 0.028730 0.910354 86 79 84
0.034512 -0.015157 0.959401 122 94 81
0.029953 -0.014980 0.957829 122 97 82
0.025342 -0.015036 0.956202 123 99 85
0.020906 -0.014459 0.954736 124 102 89
0.016418 -0.014110 0.953216 122 106 95
0.011952 -0.013704 0.951712 123 111 99
0.007570 -0.012977 0.950288 129 117 107
0.003229 -0.012090 0.948904 130 119 109
-0.001127 -0.011276 0.947503 122 114 103
-0.005471 -0.010417 0.946113 116 107 97
-0.009801 -0.009505 0.944736 114 105 94
-0.014079 -0.008353 0.943415 118 102 93
-0.018240 -0.006632 0.942224 137 112 96
-0.022470 -0.005215 0.940961 143 116 99
-0.026731 -0.003933 0.939666 144 115 97
-0.030981 -0.002580 0.938386 145 116 96
-0.035227 -0.001182 0.937114 145 116 96
-0.039498 0.000099 0.935816 145 115 95
-0.043769 0.001398 0.934520 147 116 95
-0.048045 0.002682 0.933221 146 116 94
-0.052371 0.003675 0.931858 146 116 94
-0.056606 0.005247 0.930617 143 115 95
-0.060850 0.006794 0.929370 143 116 97
-0.065117 0.008223 0.928096 146 122 104
-0.069361 0.009841 0.926859 142 124 109
-0.073620 0.011406 0.925609 182 179 158
-0.077918 0.012713 0.924306 145 144 133
-0.082261 0.013686 0.922934 91 96 92
-0.086654 0.014240 0.921479 80 86 82
-0.091055 0.014686 0.920004 74 81 76
-0.095400 0.015582 0.918620 71 76 74
-0.099808 0.015870 0.917118 67 74 71
-0.104205 0.016182 0.915624 63 70 68
-0.108589 0.016559 0.914145 60 62 60
-0.112939 0.017236 0.912724 60 61 61
-0.117361 0.017017 0.911139 60 57 53
0.040545 -0.021524 0.965471 112 89 79
0.036053 -0.021161 0.963948 123 95 86
0.031589 -0.020725 0.962446 125 100 87
0.027174 -0.020134 0.960987 125 101 88
0.022607 -0.020139 0.959377 125 102 89
0.018153 -0.019747 0.957872 125 105 92
0.013791 -0.019021 0.956453 124 108 97
0.009437 -0.018272 0.955040 122 111 102
0.005144 -0.017282 0.953689 125 114 104
0.000890 -0.016125 0.952378 116 106 96
-0.003403 -0.015133 0.951026 108 100 90
-0.007688 -0.014106 0.949683 104 93 87
-0.011970 -0.013066 0.948344 107 96 88
-0.016236 -0.011951 0.947021 120 103 94
-0.020466 -0.010651 0.945742 133 110 97
-0.024708 -0.009401 0.944450 143 118 103
-0.028986 -0.008315 0.943119 149 123 107
-0.033238 -0.007096 0.941819 149 122 103
-0.037471 -0.005760 0.940544 150 121 102
-0.041716 -0.004468 0.939258 147 119 99
-0.058584 0.001596 0.934299 138 119 100
-0.062827 0.003029 0.933036 150 134 115
-0.067105 0.004252 0.931727 170 157 141
-0.071354 0.005693 0.930464 182 172 153
-0.075637 0.006924 0.929155 188 182 162
-0.079929 0.008097 0.927833 198 190 169
-0.084230 0.009215 0.926499 185 177 158
-0.088578 0.009947 0.925086 152 147 133
-0.092933 0.010589 0.923656 110 110 101
-0.097284 0.011227 0.922227 84 89 88
-0.101634 0.011838 0.920793 75 83 81
-0.105953 0.012721 0.919415 74 81 79
-0.110251 0.013817 0.918079 71 80 76
-0.114600 0.014337 0.916631 68 73 70
-0.119033 0.013779 0.914979 60 67 63
-0.123463 0.013047 0.913300 51 53 50
-0.127656 0.015357 0.912198 70 61 58
0.042285 -0.026614 0.970185 117 96 87
0.037721 -0.026580 0.968577 121 102 89
0.033196 -0.026444 0.967000 124 103 91
0.028877 -0.025591 0.965616 129 107 93
0.024417 -0.025271 0.964092 130 106 92
0.019998 -0.024826 0.962604 129 106 93
0.015667 -0.024058 0.961202 128 107 94
0.011403 -0.023036 0.959865 123 107 96
0.007127 -0.022059 0.958517 111 100 90
0.002857 -0.021059 0.957175 115 105 96
-0.001396 -0.019989 0.955851 119 109 99
-0.005697 -0.019126 0.954475 123 112 104
-0.009983 -0.018202 0.953114 132 117 107
-0.014262 -0.017253 0.951760 138 121 112
-0.018513 -0.016172 0.950438 140 120 111
-0.022726 -0.014903 0.949161 147 128 114
-0.026965 -0.013749 0.947856 158 139 123
-0.064920 -0.001597 0.936473 175 169 153
-0.069206 -0.000594 0.935126 153 147 131
-0.073455 0.000669 0.933835 153 146 128
-0.077729 0.001772 0.932509 173 166 147
-0.082002 0.002879 0.931183 178 170 152
-0.086264 0.004088 0.929879 182 174 157
-0.090553 0.005094 0.928531 165 158 141
-0.094854 0.005978 0.927158 125 121 110
-0.099152 0.006883 0.925790 173 169 158
-0.103439 0.007894 0.924444 102 105 98
-0.107714 0.009016 0.923121 84 91 89
-0.111994 0.010094 0.921788 80 87 82
-0.116301 0.010870 0.920395 77 85 80
-0.120601 0.011712 0.919016 73 77 74
-0.124934 0.012084 0.917546 68 73 70
-0.129364 0.010987 0.915796 65 69 67
-0.133694 0.011080 0.914280 71 70 67
0.048764 -0.031019 0.976651 90 84 83
0.044020 -0.031613 0.974864 187 180 165
0.039447 -0.031673 0.973230 131 120 105
0.034891 -0.031719 0.971605 128 112 101
0.030584 -0.030906 0.970217 130 113 101
0.026273 -0.030113 0.968825 136 116 102
0.021905 -0.029548 0.967372 135 113 99
0.017575 -0.028853 0.965955 133 112 98
0.013284 -0.028019 0.964577 131 111 97
0.009012 -0.027118 0.963217 123 108 96
0.004734 -0.026243 0.961850 132 116 107
0.000459 -0.025365 0.960485 139 123 112
-0.003791 -0.024381 0.959147 139 123 112
-0.008074 -0.023547 0.957771 142 125 116
-0.012322 -0.022564 0.956434 147 129 118
-0.016561 -0.021541 0.955107 157 142 132
-0.020778 -0.020407 0.953806 176 167 155
-0.075566 -0.004546 0.937110 176 172 156
-0.079804 -0.003386 0.935807 173 167 150
-0.084055 -0.002309 0.934484 166 161 143
-0.088298 -0.001172 0.933175 116 113 101
-0.092547 -0.000064 0.931859 139 135 121
-0.096793 0.001074 0.930549 171 164 153
-0.101033 0.002285 0.929254 162 153 142
-0.105273 0.003517 0.927963 206 200 175
-0.109513 0.004774 0.926676 201 197 174
-0.113767 0.005907 0.925363 116 119 107
-0.118040 0.006825 0.924005 91 98 90
-0.122308 0.007801 0.922660 84 90 84
-0.126599 0.008446 0.921248 77 82 77
-0.130925 0.008540 0.919729 71 76 72
-0.135308 0.007582 0.918007 83 83 81
-0.139638 0.007191 0.916402 54 48 49
0.050303 -0.036507 0.981133 93 90 85
0.045525 -0.037279 0.979292 195 187 173
0.041189 -0.036605 0.977868 188 184 164
0.036739 -0.036339 0.976330 172 164 145
0.032290 -0.036105 0.974786 123 113 100
0.027983 -0.035380 0.973382 116 106 93
0.023721 -0.034502 0.972020 132 116 104
0.019437 -0.033714 0.970635 138 118 103
0.015149 -0.032947 0.969245 138 118 105
0.010850 -0.032237 0.967840 138 118 105
0.006558 -0.031511 0.966441 139 120 110
0.002293 -0.030686 0.965069 146 125 116
-0.001967 -0.029849 0.963701 147 131 120
-0.006193 -0.028872 0.962370 153 138 126
-0.010416 -0.027881 0.961043 169 159 146
-0.014588 -0.026659 0.959775 173 169 155
-0.018784 -0.025536 0.958481 182 179 164
-0.081829 -0.008288 0.939108 182 177 161
-0.086067 -0.007322 0.937770 176 171 155
-0.090300 -0.006311 0.936443 176 171 156
-0.094520 -0.005182 0.935142 153 146 135
-0.098729 -0.003945 0.933864 182 178 165
-0.102923 -0.002540 0.932621 135 131 121
-0.107116 -0.001084 0.931388 186 178 159
-0.111310 0.000411 0.930161 201 193 170
-0.115529 0.001680 0.928885 213 205 182
-0.119774 0.002681 0.927552 182 179 160
-0.124027 0.003566 0.926196 98 101 91
-0.128312 0.003997 0.924746 84 89 84
-0.132593 0.004384 0.923289 77 82 78
-0.136858 0.004940 0.921869 60 63 60
-0.141195 0.004146 0.920182 60 62 62
-0.145523 0.003167 0.918464 68 65 65
-0.149686 0.005305 0.917364 83 65 67
0.047326 -0.041840 0.983974 205 198 183
0.042949 -0.041368 0.982496 191 186 167
0.038590 -0.040853 0.981032 193 189 169
0.034092 -0.040847 0.979424 191 182 161
0.029724 -0.040415 0.977941 141 131 118
0.025437 -0.039711 0.976538 131 116 105
0.021186 -0.038882 0.975171 134 118 106
0.016902 -0.038189 0.973767 138 120 106
0.012595 -0.037598 0.972335 142 123 110
0.008290 -0.037017 0.970903 142 123 110
0.004003 -0.036381 0.969487 147 128 118
-0.000258 -0.035654 0.968097 160 147 134
-0.004492 -0.034826 0.966736 175 165 150
-0.008665 -0.033736 0.965445 181 174 161
-0.012822 -0.032570 0.964174 189 187 176
-0.016970 -0.031351 0.962915 189 187 177
-0.104837 -0.007764 0.935849 107 109 101
-0.108980 -0.006064 0.934681 109 114 98
-0.113102 -0.004059 0.933578 185 177 156
-0.117280 -0.002578 0.932357 192 182 161
-0.121494 -0.001464 0.931056 211 203 179
-0.125718 -0.000485 0.929726 211 203 181
-0.129960 0.000242 0.928343 110 112 99
-0.134213 0.000769 0.926920 84 89 85
-0.138463 0.001239 0.925486 71 75 72
-0.142701 0.001852 0.924084 67 72 69
-0.147012 0.000923 0.922370 60 65 62
-0.151302 0.000012 0.920666 55 56 54
-0.155472 0.001633 0.919475 74 67 66
0.049162 -0.046195 0.988664 204 198 181
0.044891 -0.045423 0.987278 194 187 169
0.040344 -0.045600 0.985612 189 185 165
0.035856 -0.045621 0.983996 178 171 151
0.031456 -0.045371 0.982464 173 165 146
0.027171 -0.044733 0.981047 160 153 138
0.022931 -0.043946 0.979674 132 122 109
0.018697 -0.043147 0.978306 138 126 113
0.014436 -0.042455 0.976909 150 136 123
0.010123 -0.041986 0.975449 157 148 136
0.005811 -0.041537 0.973987 160 153 141
0.001524 -0.041010 0.972548 176 167 154
-0.002726 -0.040344 0.971149 179 172 157
-0.006900 -0.039370 0.969836 187 180 167
-0.011038 -0.038235 0.968566 202 203 197
-0.015167 -0.037052 0.967309 194 195 187
-0.019308 -0.035915 0.966039 187 185 173
-0.110799 -0.010753 0.937988 165 162 146
-0.114903 -0.008788 0.936889 129 124 114
-0.119039 -0.007094 0.935727 181 173 154
-0.123205 -0.005675 0.934502 186 178 157
-0.127389 -0.004445 0.933234 198 190 167
-0.131608 -0.003678 0.931866 212 203 181
-0.135832 -0.003035 0.930472 199 193 175
-0.140057 -0.002473 0.929062 86 88 83
-0.144277 -0.001894 0.927657 78 86 82
-0.148473 -0.000907 0.926338 74 80 76
-0.152757 -0.001967 0.924598 65 70 67
-0.156962 -0.001499 0.923177 54 55 52
-0.161129 -0.000049 0.921958 77 68 74
0.050800 -0.051102 0.993134 171 159 137
0.046764 -0.049626 0.991969 193 186 163
0.042310 -0.049537 0.990381 185 179 156
0.037793 -0.049700 0.988721 173 168 146
0.033406 -0.049455 0.987188 171 163 144
0.029078 -0.049027 0.985712 168 163 143
0.024763 -0.048578 0.984245 167 162 145
0.020496 -0.047973 0.982826 162 157 142
0.016255 -0.047285 0.981432 160 155 141
0.012017 -0.046599 0.980040 162 157 143
0.007738 -0.046090 0.978597 163 158 144
0.003452 -0.045630 0.977143 173 167 153
-0.000810 -0.045097 0.975711 179 174 160
-0.004995 -0.044256 0.974368 188 184 172
-0.009120 -0.043161 0.973096 218 221 218
-0.013260 -0.042126 0.971808 208 214 211
-0.017409 -0.041134 0.970507 189 193 185
-0.116681 -0.013442 0.940168 176 171 151
-0.120781 -0.011585 0.939055 179 171 152
-0.124917 -0.010075 0.937861 182 174 155
-0.129065 -0.008644 0.936648 185 178 156
-0.133260 -0.007857 0.935290 188 182 160
-0.137450 -0.007016 0.933945 205 197 173
-0.141635 -0.006116 0.932614 170 165 146
-0.145834 -0.005511 0.931219 83 91 87
-0.150012 -0.004538 0.929904 80 87 81
-0.154187 -0.003507 0.928602 74 80 76
-0.158430 -0.004292 0.926918 64 68 66
-0.162636 -0.004526 0.925356 52 56 56
-0.166688 0.000662 0.924916 100 83 87
0.052587 -0.055435 0.997725 167 149 127
0.048478 -0.054262 0.996476 156 139 116
0.044231 -0.053544 0.995085 176 167 145
0.039733 -0.053686 0.993428 166 157 139
0.035279 -0.053718 0.991811 164 156 137
0.030964 -0.053304 0.990333 164 159 139
0.026656 -0.052889 0.988858 160 156 140
0.022320 -0.052598 0.987348 160 156 141
0.018051 -0.052088 0.985907 160 156 142
0.013812 -0.051483 0.984495 160 156 142
0.009589 -0.050832 0.983099 160 156 142
0.005358 -0.050228 0.981690 167 164 150
0.001129 -0.049636 0.980280 178 173 159
-0.003087 -0.049003 0.978882 199 198 185
-0.007239 -0.048117 0.977559 221 227 224
-0.011344 -0.047025 0.976295 220 227 227
-0.015484 -0.046084 0.974988 211 219 216
-0.019630 -0.045177 0.973671 199 201 193
-0.118467 -0.018360 0.943336 176 172 154
-0.130719 -0.012746 0.940039 182 174 156
-0.134872 -0.011639 0.938761 185 177 158
-0.139023 -0.010475 0.937495 182 174 155
-0.143192 -0.009601 0.936163 179 173 151
-0.147372 -0.008984 0.934775 145 142 125
-0.151525 -0.007848 0.933503 83 92 87
-0.155668 -0.006425 0.932292 80 88 82
-0.159846 -0.005879 0.930890 73 80 74
-0.164051 -0.006384 0.929267 63 68 66
-0.168198 -0.005162 0.928013 47 51 50
0.054651 -0.058808 1.002577 124 109 96
0.050266 -0.058571 1.001033 158 141 116
0.046072 -0.057736 0.999684 165 154 132
0.041687 -0.057545 0.998131 160 152 131
0.037239 -0.057600 0.996504 164 156 137
0.032883 -0.057376 0.994968 160 153 134
0.028514 -0.057231 0.993411 147 142 124
0.024168 -0.057034 0.991874 154 149 133
0.019841 -0.056801 0.990351 160 156 140
0.015567 -0.056404 0.988881 160 156 140
0.011343 -0.055836 0.987465 162 157 143
0.007142 -0.055198 0.986072 169 164 150
0.002961 -0.054492 0.984701 175 170 156
-0.001216 -0.053785 0.983331 199 197 184
-0.005354 -0.052924 0.982007 227 229 222
-0.009453 -0.051902 0.980731 237 245 242
-0.013566 -0.050939 0.979437 239 245 244
-0.017726 -0.050191 0.978082 219 224 220
-0.021879 -0.049420 0.976734 188 185 173
-0.026020 -0.048602 0.975401 181 176 162
-0.116165 -0.024813 0.947612 176 171 155
-0.120217 -0.023052 0.946507 206 203 185
-0.136482 -0.015579 0.942155 182 174 156
-0.140606 -0.014299 0.940924 182 174 155
-0.144746 -0.013249 0.939639 179 172 153
-0.148898 -0.012454 0.938297 179 173 151
-0.153033 -0.011289 0.937037 108 113 102
-0.157149 -0.009596 0.935895 86 95 89
-0.161304 -0.008841 0.934543 80 89 83
-0.165475 -0.008780 0.933041 71 77 73
-0.169655 -0.009499 0.931373 62 65 65
-0.173801 -0.009240 0.929921 53 52 55
0.051993 -0.062986 1.005505 87 74 58
0.047824 -0.062132 1.004168 131 120 103
0.043610 -0.061434 1.002781 149 140 118
0.039202 -0.061393 1.001182 151 143 124
0.034812 -0.061330 0.999595 157 149 130
0.030463 -0.061161 0.998046 144 139 121
0.026083 -0.061134 0.996454 153 149 133
0.021726 -0.061065 0.994881 157 152 136
0.017385 -0.060974 0.993317 158 153 137
0.013106 -0.060688 0.991819 160 156 140
0.008912 -0.060101 0.990415 168 163 149
0.004745 -0.059424 0.989041 173 169 155
0.000614 -0.058615 0.987707 196 193 179
-0.003515 -0.057803 0.986376 215 216 204
-0.007619 -0.056892 0.985075 234 236 231
-0.011707 -0.055919 0.983792 247 253 252
-0.015827 -0.055087 0.982468 231 236 230
-0.019970 -0.054365 0.981112 195 190 171
-0.024115 -0.053667 0.979751 194 190 173
-0.028258 -0.052974 0.978388 188 185 169
-0.032472 -0.052644 0.976923 182 179 163
-0.036698 -0.052415 0.975431 182 177 161
-0.040963 -0.052437 0.973871 182 177 161
-0.055463 -0.062637 0.966401 191 187 171
-0.060441 -0.067461 0.963553 223 222 212
-0.065198 -0.071318 0.960993 233 234 224
-0.069509 -0.072682 0.959130 230 232 223
-0.073319 -0.070921 0.958118 211 213 202
-0.076916 -0.067662 0.957503 179 174 161
-0.080302 -0.062731 0.957324 175 170 154
-0.117921 -0.029490 0.950724 172 168 152
-0.121942 -0.027626 0.949657 173 169 153
-0.142178 -0.018138 0.944310 182 174 155
-0.146290 -0.016930 0.943070 181 173 154
-0.150419 -0.016043 0.941754 179 171 152
-0.154538 -0.014930 0.940491 179 172 153
-0.158626 -0.012933 0.939428 84 93 85
-0.162747 -0.011670 0.938196 87 96 90
-0.166894 -0.011269 0.936769 80 87 81
-0.171047 -0.011445 0.935217 64 69 66
-0.175199 -0.012269 0.933527 58 60 60
-0.179280 -0.008314 0.932886 67 63 74
0.053621 -0.067625 1.009849 100 84 80
0.049490 -0.066717 1.008536 80 69 64
0.045463 -0.065473 1.007336 140 132 114
0.041127 -0.065242 1.005800 153 146 126
0.036803 -0.064997 1.004271 149 142 123
0.032441 -0.064913 1.002693 141 135 117
0.028076 -0.064875 1.001104 158 153 135
0.023693 -0.064944 0.999485 160 155 139
0.019337 -0.064953 0.997889 157 151 136
0.015016 -0.064874 0.996325 155 149 135
0.010766 -0.064565 0.994837 165 160 144
0.006602 -0.063949 0.993449 168 163 147
0.002463 -0.063247 0.992088 187 184 168
-0.001637 -0.062397 0.990775 201 198 182
-0.005739 -0.061566 0.989456 212 213 200
-0.009848 -0.060768 0.988128 231 233 227
-0.013957 -0.059979 0.986797 239 243 238
-0.018066 -0.059195 0.985466 198 193 173
-0.022183 -0.058460 0.984121 209 203 182
-0.026321 -0.057840 0.982743 207 203 181
-0.030474 -0.057308 0.981340 202 198 178
-0.034757 -0.057450 0.979741 194 190 171
-0.039067 -0.057793 0.978089 187 182 166
-0.043699 -0.059915 0.975927 182 178 164
-0.049068 -0.066236 0.972572 186 180 166
-0.055350 -0.078132 0.967657 230 227 218
-0.059869 -0.080629 0.965454 234 236 227
-0.063955 -0.080765 0.963928 234 236 229
-0.067840 -0.079724 0.962736 233 234 228
-0.071661 -0.078268 0.961657 234 236 229
-0.075481 -0.076768 0.960589 233 234 226
-0.079216 -0.074639 0.959690 232 233 226
-0.082837 -0.071605 0.959032 222 220 211
-0.086164 -0.066223 0.958998 173 168 152
-0.088703 -0.054377 0.960674 176 171 155
-0.099569 -0.041334 0.959565 182 177 159
-0.115661 -0.035900 0.954870 172 167 149
-0.119674 -0.034304 0.953753 172 168 152
-0.123671 -0.032424 0.952703 173 169 153
-0.151947 -0.020057 0.945074 181 173 154
-0.156029 -0.018528 0.943916 178 170 151
-0.160099 -0.016505 0.942872 144 144 131
-0.164196 -0.014987 0.941706 90 99 93
-0.168317 -0.014247 0.940361 87 95 89
-0.172456 -0.014541 0.938781 74 80 76
-0.176574 -0.014328 0.937321 68 73 71
-0.180688 -0.014450 0.935788 48 49 53
0.055871 -0.070252 1.014830 73 50 44
0.051166 -0.071179 1.012892 65 53 48
0.047169 -0.069906 1.011711 80 70 65
0.043076 -0.068936 1.010426 148 143 125
0.038798 -0.068578 1.008936 139 134 114
0.034436 -0.068534 1.007343 145 137 118
0.030040 -0.068643 1.005704 162 155 136
0.025652 -0.068767 1.004064 164 159 141
0.021267 -0.068927 1.002416 160 156 140
0.016936 -0.068934 1.000824 164 159 143
0.012630 -0.068890 0.999252 167 163 146
0.008388 -0.068639 0.997750 170 165 149
0.004246 -0.068027 0.996367 184 179 162
0.000160 -0.067209 0.995050 205 201 183
-0.003869 -0.066157 0.993808 193 189 173
-0.007942 -0.065292 0.992507 209 208 196
-0.012041 -0.064541 0.991170 226 227 219
-0.016138 -0.063791 0.989835 193 189 170
-0.020253 -0.063134 0.988471 207 203 182
-0.024375 -0.062526 0.987094 215 209 188
-0.028530 -0.062092 0.985666 209 206 183
-0.032720 -0.061862 0.984178 207 203 183
-0.036996 -0.062102 0.982553 199 193 176
-0.041643 -0.064341 0.980341 194 190 177
-0.047170 -0.071456 0.976705 195 190 179
-0.053667 -0.084392 0.971398 224 224 215
-0.058037 -0.086139 0.969398 232 233 226
-0.062033 -0.085864 0.967992 233 234 228
-0.065987 -0.085383 0.966648 233 234 228
-0.069856 -0.084394 0.965450 233 234 228
-0.073663 -0.083007 0.964365 232 233 227
-0.077456 -0.081489 0.963314 233 234 228
-0.081182 -0.079460 0.962403 232 233 227
-0.084830 -0.076779 0.961668 232 233 226
-0.088481 -0.073980 0.960959 221 220 213
-0.091656 -0.067297 0.961301 193 189 176
-0.094424 -0.056781 0.962657 181 174 159
-0.097723 -0.049926 0.962993 193 187 169
-0.101512 -0.046906 0.962282 196 190 171
-0.105447 -0.045040 0.961258 202 195 174
-0.109400 -0.043270 0.960205 205 198 176
-0.113397 -0.041861 0.959055 209 203 180
-0.117387 -0.040325 0.957936 188 184 163
-0.121373 -0.038669 0.956846 169 165 147
-0.125346 -0.036757 0.955818 171 166 152
-0.153460 -0.024028 0.948363 182 174 155
-0.157518 -0.022384 0.947243 182 174 155
-0.161572 -0.020401 0.946201 176 167 149
-0.165655 -0.019056 0.945005 98 106 97
-0.169748 -0.018005 0.943739 90 98 92
-0.173859 -0.017937 0.942244 78 85 81
-0.177966 -0.018227 0.940669 68 73 71
-0.182062 -0.018726 0.939052 51 54 56
-0.186125 -0.012985 0.938855 41 51 58
0.053047 -0.074913 1.017449 77 57 52
0.048809 -0.074458 1.015991 71 59 55
0.044781 -0.073345 1.014764 93 83 77
0.040701 -0.072396 1.013479 134 129 110
0.036417 -0.072132 1.011961 145 140 120
0.032018 -0.072286 1.010303 160 152 133
0.027605 -0.072534 1.008618 164 159 141
0.023217 -0.072743 1.006952 165 160 142
0.018867 -0.072866 1.005319 167 162 145
0.014573 -0.072825 1.003745 171 166 150
0.010292 -0.072776 1.002178 172 168 150
0.006084 -0.072481 1.000695 185 180 163
0.001986 -0.071786 0.999344 211 206 187
-0.002069 -0.070922 0.998049 193 187 169
-0.006081 -0.069888 0.996809 193 189 171
-0.010166 -0.069163 0.995471 204 201 183
-0.014260 -0.068486 0.994118 205 201 184
-0.018350 -0.067801 0.992768 211 206 186
-0.022457 -0.067212 0.991390 213 209 187
-0.026568 -0.066662 0.990001 214 209 188
-0.030729 -0.066373 0.988534 212 206 184
-0.034916 -0.066246 0.987020 206 201 182
-0.039323 -0.067285 0.985154 205 201 185
-0.044663 -0.073322 0.981787 213 213 201
-0.051512 -0.087895 0.975887 193 193 180
-0.056294 -0.091949 0.973185 232 233 227
-0.060091 -0.090677 0.972079 232 233 227
-0.063843 -0.089109 0.971059 233 234 228
-0.067754 -0.088477 0.969763 233 234 228
-0.071633 -0.087659 0.968522 234 233 226
-0.075413 -0.086199 0.967467 232 233 225
-0.079187 -0.084661 0.966431 231 232 226
-0.082920 -0.082783 0.965489 232 233 225
-0.086714 -0.081281 0.964438 232 233 225
-0.090304 -0.078178 0.963833 231 232 225
-0.093776 -0.073946 0.963532 215 216 208
-0.096809 -0.065786 0.964303 214 211 199
-0.099843 -0.056969 0.965226 205 200 179
-0.103382 -0.051978 0.965077 205 198 177
-0.107257 -0.049781 0.964157 206 200 176
-0.111158 -0.047721 0.963195 213 206 183
-0.115105 -0.046018 0.962134 214 208 184
-0.119061 -0.044331 0.961066 217 209 186
-0.123031 -0.042721 0.959975 170 165 147
-0.127012 -0.041160 0.958868 167 162 148
-0.130975 -0.039266 0.957845 172 167 153
-0.158991 -0.026113 0.950560 179 172 153
-0.163032 -0.024289 0.949492 175 167 148
-0.167072 -0.022054 0.948520 168 162 146
-0.171144 -0.020721 0.947327 95 103 98
-0.175240 -0.020635 0.945836 84 92 88
-0.179331 -0.020840 0.944281 74 78 75
-0.183404 -0.020235 0.942919 60 64 63
-0.187473 -0.018513 0.941817 43 51 51
0.055295 -0.077457 1.022390 78 55 49
0.050894 -0.077532 1.020743 74 59 52
0.046685 -0.077034 1.019304 78 66 61
0.042611 -0.076114 1.018014 108 100 90
0.038380 -0.075719 1.016542 154 147 126
0.034033 -0.075732 1.014930 156 149 129
0.029617 -0.076023 1.013226 159 152 130
0.025251 -0.076191 1.011570 163 155 138
0.020905 -0.076331 1.009928 167 161 141
0.016574 -0.076463 1.008294 168 160 145
0.012288 -0.076474 1.006705 171 166 148
0.008036 -0.076395 1.005150 182 177 158
0.003921 -0.075825 1.003763 205 201 177
-0.000139 -0.075054 1.002443 205 200 180
-0.004210 -0.074334 1.001107 187 182 165
-0.008278 -0.073613 0.999772 189 185 166
-0.012387 -0.073074 0.998379 196 192 173
-0.016479 -0.072486 0.997004 205 200 179
-0.020567 -0.071898 0.995631 213 206 185
-0.024658 -0.071341 0.994249 212 206 185
-0.028777 -0.070938 0.992820 209 206 183
-0.032954 -0.070844 0.991296 211 206 184
-0.037155 -0.070919 0.989723 179 174 158
-0.041973 -0.074212 0.987158 208 206 193
-0.047665 -0.082370 0.983115 195 193 183
-0.053905 -0.094048 0.978033 211 209 202
-0.058178 -0.095484 0.976111 230 233 227
-0.061941 -0.094123 0.975041 230 232 226
-0.065740 -0.092941 0.973916 232 233 227
-0.069626 -0.092285 0.972633 231 232 224
-0.073478 -0.091424 0.971412 231 232 224
-0.077259 -0.090100 0.970326 231 232 224
-0.081045 -0.088781 0.969238 230 232 223
-0.084756 -0.086892 0.968313 231 232 224
-0.088420 -0.084583 0.967505 231 232 224
-0.092040 -0.081815 0.966822 231 232 225
-0.095579 -0.078235 0.966362 217 219 211
-0.098695 -0.070858 0.966960 222 222 213
-0.101813 -0.062897 0.967696 211 208 191
-0.105217 -0.056879 0.967864 209 205 181
-0.108987 -0.053896 0.967177 211 203 180
-0.112867 -0.051817 0.966234 212 206 181
-0.116776 -0.049924 0.965237 217 211 187
-0.120695 -0.048035 0.964235 217 211 187
-0.124644 -0.046386 0.963165 206 203 182
-0.128621 -0.045005 0.962021 168 166 151
-0.132554 -0.042950 0.961053 172 167 153
-0.136463 -0.040352 0.960223 175 170 156
-0.164465 -0.027677 0.952867 169 161 144
-0.168489 -0.025426 0.951912 170 162 144
-0.172539 -0.023792 0.950801 118 120 111
-0.176614 -0.023398 0.949386 87 95 91
-0.180685 -0.023276 0.947908 77 81 78
-0.184749 -0.023283 0.946402 62 68 67
-0.188804 -0.021589 0.945303 47 55 54
-0.192885 -0.016520 0.944996 61 70 79
0.052586 -0.081765 1.025042 80 59 51
0.048477 -0.081007 1.023699 71 57 53
0.044416 -0.080101 1.022411 83 71 66
0.040353 -0.079204 1.021120 155 146 128
0.036068 -0.079048 1.019566 155 148 126
0.031655 -0.079358 1.017851 156 149 129
0.027214 -0.079814 1.016090 159 151 132
0.022867 -0.079996 1.014430 163 155 136
0.018556 -0.080096 1.012805 164 156 137
0.014271 -0.080142 1.011202 165 157 141
0.009981 -0.080253 1.009581 186 179 157
0.005855 -0.079781 1.008163 199 193 168
0.001789 -0.079094 1.006819 205 198 174
-0.002267 -0.078376 1.005487 199 192 170
-0.006352 -0.077794 1.004111 189 184 164
-0.010437 -0.077223 1.002732 189 185 165
-0.014540 -0.076753 1.001322 193 187 167
-0.018635 -0.076268 0.999919 207 201 179
-0.022721 -0.075770 0.998522 211 205 183
-0.026807 -0.075290 0.997121 211 205 183
-0.030938 -0.075053 0.995643 209 206 183
-0.035119 -0.075097 0.994079 208 203 184
-0.039497 -0.076190 0.992187 191 189 173
-0.044658 -0.081443 0.988992 196 195 182
-0.050334 -0.089810 0.984848 173 172 161
-0.055910 -0.098187 0.980739 209 208 200
-0.060025 -0.098879 0.979042 230 233 227
-0.063915 -0.098358 0.977723 230 232 226
-0.067715 -0.097322 0.976564 230 232 224
-0.071549 -0.096489 0.975342 231 232 224
-0.075356 -0.095484 0.974172 231 232 224
-0.079135 -0.094292 0.973058 230 232 223
-0.082898 -0.092958 0.971984 230 232 223
-0.086606 -0.091201 0.971034 231 232 225
-0.090252 -0.088908 0.970237 231 232 226
-0.093844 -0.086074 0.969592 231 232 226
-0.097282 -0.081816 0.969350 218 219 212
-0.100411 -0.074623 0.969937 218 219 210
-0.103649 -0.067798 0.970395 224 222 210
-0.107011 -0.061554 0.970664 213 209 189
-0.110684 -0.057818 0.970208 211 206 181
-0.114546 -0.055745 0.969278 211 203 179
-0.118432 -0.053808 0.968305 217 209 186
-0.122319 -0.051760 0.967359 218 211 188
-0.126239 -0.049975 0.966337 214 211 189
-0.130207 -0.048711 0.965170 172 169 153
-0.134134 -0.046828 0.964169 172 167 153
-0.138021 -0.044153 0.963376 175 170 156
-0.165894 -0.031333 0.956139 173 169 151
-0.169911 -0.029474 0.955099 167 159 141
-0.173937 -0.027609 0.954056 115 118 107
-0.177983 -0.026517 0.952819 88 94 91
-0.182035 -0.026051 0.951427 80 84 81
-0.186082 -0.025883 0.949964 62 69 67
-0.190125 -0.024300 0.948847 54 61 60
-0.194178 -0.022143 0.947866 40 45 47
0.050210 -0.085086 1.028010 81 63 55
0.046218 -0.084021 1.026786 74 59 54
0.042169 -0.083132 1.025497 89 79 71
0.038062 -0.082437 1.024139 154 146 127
0.033726 -0.082517 1.022502 154 146 127
0.029259 -0.083083 1.020696 157 149 130
0.024853 -0.083502 1.018948 159 151 132
0.020549 -0.083611 1.017316 162 157 137
0.016278 -0.083648 1.015714 169 162 140
0.012022 -0.083668 1.014122 185 178 155
0.007912 -0.083182 1.012710 194 189 163
0.003821 -0.082637 1.011321 199 193 168
-0.000270 -0.082117 1.009925 182 176 152
-0.004349 -0.081564 1.008541 208 201 178
-0.008439 -0.081076 1.007138 209 203 180
-0.012522 -0.080580 1.005738 200 193 172
-0.016614 -0.080143 1.004321 199 193 171
-0.020705 -0.079731 1.002898 208 201 180
-0.024777 -0.079252 1.001499 208 203 181
-0.028874 -0.078920 1.000054 208 203 181
-0.033030 -0.078906 0.998508 207 203 182
-0.037271 -0.079360 0.996813 209 205 185
-0.041897 -0.081845 0.994469 202 201 187
-0.046918 -0.086585 0.991416 176 174 163
-0.052232 -0.093239 0.987777 163 161 150
-0.057600 -0.100661 0.983927 199 201 191
-0.061851 -0.102218 0.981954 230 230 222
-0.065782 -0.102050 0.980530 230 232 225
-0.069532 -0.100826 0.979436 231 232 226
-0.073304 -0.099721 0.978305 230 232 225
-0.077082 -0.098644 0.977164 231 232 224
-0.080838 -0.097401 0.976073 230 232 223
-0.084590 -0.096103 0.974998 230 232 225
-0.088314 -0.094574 0.973989 230 232 223
-0.091969 -0.092468 0.973151 230 232 224
-0.095527 -0.089487 0.972567 231 232 226
-0.098886 -0.084683 0.972511 217 217 209
-0.102020 -0.077570 0.973114 217 217 209
-0.105331 -0.071455 0.973403 220 219 209
-0.108780 -0.066137 0.973441 211 208 191
-0.112376 -0.061829 0.973173 212 208 184
-0.116220 -0.059766 0.972253 205 198 175
-0.120091 -0.057867 0.971283 212 206 182
-0.123966 -0.055910 0.970325 217 211 187
-0.127856 -0.054000 0.969350 215 211 190
-0.131765 -0.052214 0.968337 188 185 165
-0.135685 -0.050458 0.967313 179 174 160
-0.139569 -0.047991 0.966479 173 168 154
-0.143458 -0.045344 0.965688 176 172 156
-0.163298 -0.036178 0.960573 178 170 153
-0.167300 -0.034617 0.959469 173 166 148
-0.171304 -0.032822 0.958423 170 163 146
-0.175318 -0.031157 0.957341 123 123 109
-0.179342 -0.029694 0.956205 123 123 117
-0.183376 -0.029013 0.954870 87 91 87
-0.187408 -0.028868 0.953403 70 75 72
-0.191436 -0.027648 0.952205 58 65 64
-0.195468 -0.026153 0.951073 44 48 50
0.047780 -0.088611 1.030864 83 64 57
0.043949 -0.087097 1.029816 84 70 65
0.039935 -0.086153 1.028554 108 98 89
0.035745 -0.085792 1.027078 158 150 128
0.031360 -0.086107 1.025356 157 150 129
0.026916 -0.086674 1.023548 157 149 130
0.022538 -0.087073 1.021808 164 158 138
0.018267 -0.087145 1.020191 176 172 150
0.013990 -0.087282 1.018555 167 161 142
0.009856 -0.086932 1.017097 195 190 164
0.005868 -0.086052 1.015829 194 189 163
0.001783 -0.085551 1.014428 198 190 166
-0.002332 -0.085192 1.012979 201 195 171
-0.006430 -0.084787 1.011548 217 209 186
-0.010534 -0.084436 1.010101 215 208 185
-0.014648 -0.084157 1.008633 211 205 181
-0.018742 -0.083820 1.007186 202 197 175
-0.022771 -0.083221 1.005831 204 197 175
-0.026812 -0.082700 1.004451 207 201 179
-0.030895 -0.082394 1.003001 205 201 178
-0.035044 -0.082444 1.001435 205 201 178
-0.039327 -0.083212 0.999637 205 201 184
-0.043955 -0.085846 0.997233 205 203 191
-0.048714 -0.089374 0.994552 173 171 160
-0.053616 -0.093951 0.991550 165 164 155
-0.058895 -0.100971 0.987785 187 187 178
-0.063537 -0.104814 0.985068 213 214 206
-0.067514 -0.105012 0.983529 227 229 223
-0.071353 -0.104431 0.982240 230 232 225
-0.075073 -0.103121 0.981181 230 232 225
-0.078776 -0.101662 0.980167 231 232 226
-0.082504 -0.100331 0.979111 230 232 225
-0.086227 -0.098937 0.978073 228 232 225
-0.089938 -0.097408 0.977074 228 232 225
-0.093575 -0.095268 0.976258 230 232 224
-0.097100 -0.092110 0.975744 222 224 215
-0.100359 -0.086523 0.975949 208 209 201
-0.103499 -0.079452 0.976576 215 216 208
-0.106892 -0.074107 0.976669 218 217 208
-0.110408 -0.069501 0.976527 215 213 199
-0.113984 -0.065103 0.976309 215 211 189
-0.117812 -0.063032 0.975405 206 200 176
-0.121683 -0.061328 0.974390 211 203 180
-0.125552 -0.059486 0.973411 215 208 185
-0.129425 -0.057576 0.972449 217 211 189
-0.133301 -0.055555 0.971513 209 206 186
-0.137190 -0.053571 0.970563 186 181 164
-0.141060 -0.051094 0.969746 186 181 163
-0.144950 -0.048693 0.968902 191 185 166
-0.148863 -0.046444 0.968011 213 206 183
-0.164705 -0.039305 0.963902 181 173 156
-0.168698 -0.037962 0.962749 175 169 152
-0.172689 -0.036305 0.961678 159 154 141
-0.176683 -0.034377 0.960674 142 139 126
-0.180689 -0.032653 0.959614 149 149 137
-0.184707 -0.031797 0.958329 89 93 87
-0.188724 -0.031547 0.956889 74 80 77
-0.192737 -0.030625 0.955622 62 69 68
-0.196750 -0.029710 0.954353 48 51 54
-0.200841 -0.023748 0.954342 83 73 85
0.050063 -0.090896 1.035769 77 56 47
0.045682 -0.091134 1.034061 77 60 52
0.041759 -0.089958 1.032893 91 77 73
0.037756 -0.089031 1.031631 145 135 123
0.033465 -0.089060 1.030012 163 156 135
0.029061 -0.089513 1.028239 166 159 137
0.024673 -0.089962 1.026474 176 171 149
0.020347 -0.090250 1.024773 170 166 146
0.016154 -0.090112 1.023234 152 148 129
0.012048 -0.089692 1.021801 154 150 128
0.007988 -0.089117 1.020426 196 193 167
0.003869 -0.088788 1.018964 196 192 166
-0.000254 -0.088499 1.017490 193 190 166
-0.004344 -0.088110 1.016055 199 193 171
-0.008414 -0.087662 1.014643 214 209 186
-0.012501 -0.087311 1.013199 202 197 173
-0.016610 -0.087082 1.011715 192 187 164
-0.020738 -0.086970 1.010194 193 187 165
-0.024787 -0.086545 1.008783 193 186 165
-0.028810 -0.086022 1.007408 201 195 174
-0.032861 -0.085659 1.005981 200 197 174
-0.037000 -0.085754 1.004401 199 193 173
-0.041299 -0.086709 1.002537 189 186 168
-0.045881 -0.089236 1.000157 196 197 185
-0.050465 -0.091977 0.997720 179 179 167
-0.055026 -0.094808 0.995268 163 162 153
-0.060189 -0.101277 0.991641 158 157 148
-0.065027 -0.106321 0.988508 194 195 187
-0.069069 -0.106968 0.986821 211 214 206
-0.072969 -0.106837 0.985390 226 228 222
-0.076713 -0.105754 0.984266 230 232 225
-0.080394 -0.104235 0.983279 230 232 226
-0.084074 -0.102665 0.982306 228 232 225
-0.087808 -0.101431 0.981225 228 232 225
-0.091471 -0.099642 0.980315 228 230 224
-0.095063 -0.097217 0.979598 221 222 216
-0.098553 -0.093832 0.979170 211 213 204
-0.101710 -0.087384 0.979666 209 209 201
-0.104900 -0.080703 0.980210 214 214 207
-0.108355 -0.075934 0.980155 217 216 207
-0.111931 -0.071941 0.979853 218 216 202
-0.115558 -0.068152 0.979478 218 214 193
-0.119363 -0.065976 0.978617 205 198 176
-0.123222 -0.064289 0.977607 211 203 181
-0.127083 -0.062524 0.976616 217 209 187
-0.130944 -0.060641 0.975657 217 211 189
-0.134800 -0.058531 0.974759 209 206 184
-0.138670 -0.056463 0.973844 198 190 171
-0.142535 -0.054113 0.973005 198 190 169
-0.146415 -0.051756 0.972162 200 193 173
-0.150327 -0.049773 0.971209 213 206 184
-0.162137 -0.044039 0.968268 224 219 197
-0.166107 -0.042603 0.967151 202 197 177
-0.170088 -0.041442 0.965958 157 153 136
-0.174068 -0.040089 0.964816 111 113 108
-0.178044 -0.038062 0.963851 148 145 135
-0.182030 -0.035965 0.962900 131 130 120
-0.186028 -0.034339 0.961822 102 105 97
-0.190032 -0.033921 0.960427 80 85 81
-0.194033 -0.032982 0.959169 65 70 70
-0.198040 -0.031620 0.958019 49 53 56
-0.202074 -0.028887 0.957216 48 42 48
0.047550 -0.094678 1.038450 86 62 50
0.043416 -0.094216 1.037014 74 57 50
0.039547 -0.092919 1.035901 88 77 73
0.035532 -0.092087 1.034609 165 158 141
0.031222 -0.092244 1.032942 170 165 142
0.026834 -0.092712 1.031162 178 173 151
0.022490 -0.093080 1.029426 149 145 125
0.018237 -0.093183 1.027795 153 149 130
0.014153 -0.092716 1.026379 168 164 146
0.010128 -0.092051 1.025039 168 164 145
0.006000 -0.091786 1.023553 175 171 152
0.001864 -0.091584 1.022047 171 170 151
-0.002245 -0.091304 1.020573 176 173 154
-0.006321 -0.090926 1.019136 193 189 169
-0.010381 -0.090504 1.017718 182 179 160
-0.014452 -0.090157 1.016276 179 174 156
-0.018550 -0.089952 1.014785 176 172 153
-0.022675 -0.089907 1.013241 188 182 162
-0.026776 -0.089795 1.011725 184 178 156
-0.030819 -0.089453 1.010292 188 184 164
-0.034880 -0.089233 1.008819 188 185 165
-0.039004 -0.089357 1.007231 189 185 166
-0.043255 -0.090188 1.005406 179 174 159
-0.047842 -0.092871 1.002961 199 198 186
-0.052306 -0.095105 1.000682 179 179 167
-0.056602 -0.096606 0.998662 172 171 160
-0.061240 -0.100204 0.995954 158 157 147
-0.066103 -0.105418 0.992730 157 157 150
-0.070421 -0.107732 0.990484 189 192 184
-0.074428 -0.108302 0.988821 204 205 198
-0.078230 -0.107649 0.987562 211 213 206
-0.081909 -0.106177 0.986567 214 217 211
-0.085592 -0.104687 0.985576 217 220 214
-0.089307 -0.103392 0.984520 217 220 214
-0.092931 -0.101368 0.983693 212 214 207
-0.096465 -0.098542 0.983114 205 206 200
-0.099760 -0.093568 0.983198 202 203 197
-0.102800 -0.086016 0.984066 214 214 207
-0.106302 -0.082004 0.983815 213 214 206
-0.109878 -0.078379 0.983433 214 216 206
-0.113445 -0.074379 0.983155 217 216 203
-0.117114 -0.071105 0.982644 214 211 191
-0.120904 -0.068920 0.981798 205 200 178
-0.124746 -0.067195 0.980809 211 205 183
-0.128603 -0.065540 0.979796 215 211 188
-0.132449 -0.063651 0.978849 214 211 189
-0.136293 -0.061572 0.977955 209 205 184
-0.140151 -0.059526 0.977045 189 182 162
-0.144009 -0.057273 0.976191 199 193 172
-0.147881 -0.055038 0.975327 205 198 176
-0.151781 -0.053116 0.974369 215 208 188
-0.155686 -0.051041 0.973450 220 214 191
-0.159612 -0.049241 0.972450 219 213 191
-0.163547 -0.047456 0.971442 221 216 192
-0.167498 -0.045934 0.970358 220 214 193
-0.171464 -0.044811 0.969162 126 123 110
-0.175430 -0.043559 0.968000 117 120 115
-0.179390 -0.041602 0.967029 157 155 141
-0.183360 -0.039454 0.966105 173 169 151
-0.187342 -0.037354 0.965163 159 157 143
-0.191332 -0.036336 0.963930 83 89 85
-0.195315 -0.036175 0.962471 70 74 73
-0.199301 -0.035158 0.961239 58 61 62
-0.203302 -0.033432 0.960191 45 43 46
0.045091 -0.098335 1.041138 86 67 55
0.041143 -0.097352 1.039912 81 66 58
0.037423 -0.095630 1.038973 93 86 78
0.033364 -0.094995 1.037610 176 174 155
0.029006 -0.095377 1.035856 151 147 127
0.024655 -0.095783 1.034099 145 142 120
0.020396 -0.095926 1.032448 158 154 136
0.016225 -0.095800 1.030904 163 159 141
0.012157 -0.095329 1.029493 160 157 141
0.008097 -0.094853 1.028086 166 162 146
0.003995 -0.094555 1.026614 172 169 152
-0.000056 -0.094086 1.025209 172 169 152
-0.004146 -0.093793 1.023741 181 177 159
-0.008242 -0.093554 1.022256 184 180 164
-0.012300 -0.093188 1.020820 176 172 156
-0.016375 -0.092925 1.019349 175 171 154
-0.020462 -0.092746 1.017851 172 168 152
-0.024613 -0.092890 1.016241 187 182 164
-0.028734 -0.092954 1.014664 186 180 160
-0.032827 -0.092934 1.013120 185 180 160
-0.036902 -0.092877 1.011594 182 178 159
-0.040981 -0.092892 1.010045 181 177 159
-0.045224 -0.093792 1.008195 184 179 164
-0.049763 -0.096359 1.005777 193 193 181
-0.054002 -0.097509 1.003859 179 180 168
-0.058157 -0.098314 1.002067 173 172 162
-0.062207 -0.098626 1.000450 168 167 158
-0.066665 -0.101447 0.997993 160 161 152
-0.071348 -0.105893 0.995010 154 153 146
-0.075612 -0.108053 0.992807 170 170 163
-0.079550 -0.108285 0.991253 187 189 181
-0.083300 -0.107310 0.990100 196 195 190
-0.086971 -0.105774 0.989129 196 197 191
-0.090636 -0.104147 0.988185 196 198 192
-0.094236 -0.101953 0.987421 178 178 173
-0.097622 -0.097932 0.987235 200 201 195
-0.100657 -0.090696 0.988059 213 214 207
-0.104026 -0.085792 0.988120 212 214 206
-0.107680 -0.083110 0.987468 212 214 205
-0.111330 -0.080215 0.986875 215 216 207
-0.114947 -0.076770 0.986445 205 203 192
-0.118644 -0.073893 0.985830 211 208 192
-0.122412 -0.071589 0.985032 205 201 185
-0.126243 -0.069876 0.984049 211 206 187
-0.130097 -0.068357 0.983004 214 209 190
-0.133937 -0.066550 0.982044 213 208 191
-0.137779 -0.064640 0.981110 211 206 187
-0.141610 -0.062382 0.980276 167 162 145
-0.145453 -0.060101 0.979443 179 174 157
-0.149321 -0.058022 0.978545 187 182 163
-0.153221 -0.056391 0.977514 217 211 193
-0.157113 -0.054368 0.976592 212 208 186
-0.161029 -0.052728 0.975557 211 206 185
-0.164952 -0.051048 0.974530 215 209 187
-0.168885 -0.049492 0.973466 217 209 187
-0.172829 -0.048184 0.972329 158 154 137
-0.176777 -0.046848 0.971199 107 111 107
-0.180724 -0.044945 0.970224 214 211 190
-0.184678 -0.042633 0.969358 191 184 162
-0.188646 -0.040501 0.968437 179 174 156
-0.192624 -0.038808 0.967393 91 98 92
-0.196590 -0.038957 0.965851 77 82 80
-0.200555 -0.038460 0.964486 62 66 66
-0.204529 -0.037292 0.963300 49 47 48
0.043025 -0.100800 1.044262 92 75 63
0.038979 -0.100175 1.042899 88 76 65
0.035358 -0.098178 1.042080 117 113 101
0.031224 -0.097844 1.040602 139 138 119
0.026886 -0.098218 1.038850 157 153 133
0.022600 -0.098466 1.037153 157 153 134
0.018413 -0.098415 1.035577 151 149 130
0.014273 -0.098233 1.034055 158 155 138
0.010223 -0.097753 1.032650 160 156 140
0.006172 -0.097295 1.031238 164 160 144
0.002075 -0.097032 1.029755 169 166 150
-0.001967 -0.096585 1.028345 170 166 150
-0.006036 -0.096267 1.026887 178 174 158
-0.010104 -0.095978 1.025422 181 177 161
-0.014145 -0.095600 1.023993 176 173 157
-0.018259 -0.095565 1.022440 175 171 153
-0.022361 -0.095522 1.020893 173 168 151
-0.026532 -0.095833 1.019223 196 192 174
-0.030680 -0.096106 1.017571 185 180 161
-0.034753 -0.096081 1.016031 184 179 159
-0.038809 -0.096026 1.014505 181 177 158
-0.042859 -0.095986 1.012978 182 178 160
-0.046998 -0.096454 1.011275 182 179 161
-0.051376 -0.098273 1.009106 162 160 146
-0.055626 -0.099559 1.007133 191 187 179
-0.059731 -0.100167 1.005404 173 173 164
-0.063740 -0.100309 1.003842 170 169 160
-0.067750 -0.100529 1.002258 168 167 158
-0.071876 -0.101542 1.000408 162 161 153
-0.076140 -0.103577 0.998222 160 159 151
-0.080431 -0.106011 0.995914 156 155 147
-0.084423 -0.106621 0.994228 157 155 149
-0.088183 -0.105686 0.993060 170 168 163
-0.091794 -0.103637 0.992259 164 164 157
-0.095133 -0.099371 0.992178 182 182 176
-0.098352 -0.093839 0.992496 211 213 206
-0.101759 -0.089483 0.992414 212 214 206
-0.105408 -0.086948 0.991734 212 214 205
-0.109089 -0.084545 0.991005 212 214 205
-0.112754 -0.081842 0.990365 220 220 212
-0.116408 -0.078820 0.989818 194 193 182
-0.120116 -0.076140 0.989156 200 198 183
-0.123917 -0.074337 0.988214 200 198 184
-0.127746 -0.072752 0.987201 202 198 183
-0.131569 -0.071012 0.986233 206 203 188
-0.135410 -0.069386 0.985227 209 208 191
-0.139236 -0.067430 0.984318 211 206 189
-0.143055 -0.065181 0.983493 168 162 148
-0.146890 -0.062949 0.982658 176 171 154
-0.150749 -0.060960 0.981746 171 167 151
-0.154638 -0.059372 0.980711 212 208 191
-0.158525 -0.057575 0.979734 195 192 174
-0.162431 -0.056069 0.978670 188 185 167
-0.166339 -0.054454 0.977635 196 193 173
-0.170254 -0.052782 0.976613 204 198 176
-0.174178 -0.051231 0.975555 176 172 155
-0.178110 -0.049822 0.974453 116 121 117
-0.182043 -0.047893 0.973496 221 216 194
-0.185984 -0.045522 0.972659 218 211 187
-0.189941 -0.043115 0.971826 219 213 188
-0.193908 -0.041269 0.970833 122 124 115
-0.197855 -0.041851 0.969172 86 90 87
-0.201801 -0.041586 0.967747 67 72 69
-0.205748 -0.040973 0.966418 52 50 49
0.045759 -0.101554 1.049672 95 65 49
0.040625 -0.104343 1.046921 91 73 61
0.036774 -0.103158 1.045790 93 80 67
0.033235 -0.100946 1.045070 146 142 127
0.029057 -0.100813 1.043514 148 145 127
0.024781 -0.101044 1.041819 155 151 131
0.020553 -0.101152 1.040176 154 150 132
0.016420 -0.100971 1.038652 152 149 130
0.012310 -0.100735 1.037152 157 153 136
0.008272 -0.100265 1.035746 159 155 138
0.004251 -0.099752 1.034359 162 158 142
0.000191 -0.099406 1.032909 167 163 147
-0.003829 -0.098928 1.031512 169 165 148
-0.007863 -0.098527 1.030088 176 172 156
-0.011884 -0.098098 1.028677 181 177 161
-0.015983 -0.098019 1.027137 193 189 173
-0.020110 -0.098106 1.025539 176 172 155
-0.024236 -0.098235 1.023929 170 165 147
-0.028492 -0.099012 1.022085 189 185 167
-0.032644 -0.099391 1.020395 182 178 160
-0.036758 -0.099658 1.018750 182 178 160
-0.040796 -0.099615 1.017223 181 177 159
-0.044793 -0.099417 1.015755 179 174 157
-0.048808 -0.099353 1.014243 179 174 156
-0.052986 -0.100211 1.012406 173 169 154
-0.057253 -0.101667 1.010365 193 192 181
-0.061319 -0.102129 1.008684 184 182 175
-0.065291 -0.102129 1.007169 173 172 163
-0.069270 -0.102226 1.005625 171 170 161
-0.073269 -0.102524 1.004015 168 167 158
-0.077234 -0.102684 1.002458 165 164 156
-0.081153 -0.102609 1.000985 164 163 155
-0.084957 -0.101797 0.999766 162 161 153
-0.088695 -0.100508 0.998707 165 164 156
-0.092302 -0.098197 0.997989 176 176 168
-0.095822 -0.095081 0.997533 200 201 195
-0.099447 -0.092641 0.996844 211 211 205
-0.103141 -0.090641 0.996005 212 214 206
-0.106852 -0.088697 0.995142 212 214 207
-0.110526 -0.086298 0.994424 217 219 211
-0.114176 -0.083495 0.993829 206 206 197
-0.117821 -0.080425 0.993312 196 195 184
-0.121573 -0.078303 0.992485 198 195 182
-0.125392 -0.076830 0.991447 194 193 180
-0.129222 -0.075414 0.990390 199 195 182
-0.133060 -0.074035 0.989319 199 198 185
-0.136872 -0.072198 0.988387 204 203 189
-0.140688 -0.070293 0.987474 179 177 162
-0.144500 -0.068117 0.986640 168 163 149
-0.148325 -0.065954 0.985796 171 168 153
-0.152172 -0.063994 0.984886 182 177 162
-0.156047 -0.062427 0.983854 201 200 182
-0.163820 -0.059387 0.981755 188 185 169
-0.167717 -0.057926 0.980685 192 187 170
-0.171615 -0.056244 0.979677 191 186 167
-0.175520 -0.054538 0.978673 185 182 164
-0.179433 -0.052834 0.977666 167 164 149
-0.183353 -0.050894 0.976723 202 195 174
-0.187282 -0.048520 0.975900 212 205 182
-0.191226 -0.045994 0.975114 214 206 181
-0.195182 -0.043955 0.974186 149 151 139
-0.199108 -0.044879 0.972426 92 98 94
-0.203015 -0.045873 0.970654 73 78 75
-0.206948 -0.044939 0.969420 55 53 53
-0.211016 -0.039294 0.969474 158 110 110
0.043279 -0.105300 1.052221 88 57 42
0.038480 -0.107118 1.049857 87 71 57
0.034701 -0.105753 1.048807 88 75 63
0.031180 -0.103522 1.048108 152 149 131
0.027013 -0.103406 1.046546 154 149 131
0.022757 -0.103623 1.044855 155 150 131
0.018560 -0.103685 1.043231 155 151 133
0.014461 -0.103437 1.041734 153 149 132
0.010393 -0.103103 1.040275 157 153 136
0.006368 -0.102637 1.038870 160 156 140
0.002356 -0.102142 1.037478 162 158 142
-0.001674 -0.101733 1.036055 167 163 146
-0.005670 -0.101218 1.034675 169 165 148
-0.009680 -0.100772 1.033270 173 169 153
-0.013747 -0.100591 1.031766 179 174 159
-0.017936 -0.100960 1.030056 209 205 189
-0.022035 -0.101002 1.028476 178 173 155
-0.026137 -0.101108 1.026875 176 172 154
-0.030378 -0.101896 1.025024 175 170 152
-0.034470 -0.102079 1.023405 187 182 165
-0.038564 -0.102333 1.021765 182 178 160
-0.042583 -0.102275 1.020244 182 177 159
-0.046552 -0.102014 1.018800 178 173 155
-0.050552 -0.101951 1.017288 173 169 150
-0.054608 -0.102242 1.015652 175 170 153
-0.058726 -0.102957 1.013868 157 153 138
-0.062807 -0.103556 1.012133 201 201 192
-0.066820 -0.103851 1.010512 194 193 185
-0.070758 -0.103769 1.009029 182 182 173
-0.074681 -0.103643 1.007564 176 174 166
-0.078587 -0.103467 1.006120 170 169 161
-0.082426 -0.102885 1.004820 171 170 162
-0.086150 -0.101516 1.003793 175 174 166
-0.089826 -0.099755 1.002897 188 187 181
-0.093486 -0.097797 1.002065 202 203 197
-0.097163 -0.095887 1.001212 209 211 204
-0.100891 -0.094318 1.000240 211 211 205
-0.104624 -0.092725 0.999274 211 214 207
-0.108287 -0.090420 0.998541 217 219 212
-0.111925 -0.087729 0.997930 214 216 206
-0.115572 -0.084941 0.997344 194 193 182
-0.119254 -0.082313 0.996697 199 197 185
-0.123036 -0.080619 0.995742 200 198 186
-0.126864 -0.079384 0.994635 198 198 184
-0.130691 -0.078092 0.993546 201 200 187
-0.134519 -0.076748 0.992471 204 203 190
-0.138318 -0.074917 0.991548 204 203 190
-0.142123 -0.073020 0.990643 152 150 136
-0.145952 -0.071367 0.989657 165 160 146
-0.149760 -0.069152 0.988843 173 168 154
-0.153593 -0.067197 0.987944 202 198 183
-0.157460 -0.065794 0.986871 201 200 184
-0.165202 -0.062801 0.984777 191 187 170
-0.169080 -0.061259 0.983740 192 187 170
-0.172960 -0.059461 0.982777 191 187 167
-0.176849 -0.057685 0.981805 191 187 168
-0.180746 -0.055807 0.980858 191 186 168
-0.184652 -0.053730 0.979967 182 178 158
-0.188569 -0.051211 0.979199 187 182 161
-0.192502 -0.048748 0.978408 192 186 163
-0.196444 -0.046977 0.977414 140 142 130
-0.200357 -0.047621 0.975730 94 101 97
-0.204249 -0.048488 0.973989 77 81 78
-0.208163 -0.047772 0.972699 58 57 56
-0.212199 -0.043003 0.972538 148 105 104
0.040758 -0.109215 1.054658 80 55 39
0.036438 -0.109595 1.052887 83 66 53
0.032724 -0.108062 1.051914 86 74 61
0.029213 -0.105835 1.051225 144 139 119
0.025006 -0.105901 1.049590 154 149 130
0.020772 -0.106102 1.047904 156 151 132
0.016600 -0.106130 1.046294 156 152 134
0.012500 -0.105937 1.044776 154 150 134
0.008452 -0.105587 1.043325 159 155 139
0.004460 -0.105055 1.041950 160 157 141
0.000480 -0.104492 1.040588 163 159 143
-0.003508 -0.103974 1.039209 167 163 147
-0.007478 -0.103406 1.037853 168 164 148
-0.011447 -0.102849 1.036493 172 168 152
-0.015497 -0.102647 1.034998 175 171 155
-0.019674 -0.103024 1.033282 187 182 167
-0.023828 -0.103365 1.031586 176 172 155
-0.027910 -0.103446 1.029994 176 172 154
-0.032159 -0.104345 1.028096 176 172 154
-0.036285 -0.104764 1.026387 195 190 173
-0.040361 -0.105010 1.024749 182 178 159
-0.044319 -0.104728 1.023313 179 174 157
-0.048249 -0.104337 1.021919 178 173 154
-0.052220 -0.104198 1.020435 176 171 151
-0.056195 -0.104128 1.018929 173 168 151
-0.060199 -0.104265 1.017351 179 174 158
-0.064234 -0.104654 1.015686 156 154 141
-0.068275 -0.105165 1.013983 194 195 184
-0.072249 -0.105359 1.012399 207 208 200
-0.076163 -0.105237 1.010932 204 203 196
-0.080030 -0.104865 1.009557 200 203 195
-0.083839 -0.104135 1.008310 201 203 196
-0.087574 -0.102882 1.007247 204 206 198
-0.091271 -0.101316 1.006291 207 211 204
-0.094961 -0.099643 1.005369 209 211 204
-0.098651 -0.097907 1.004465 211 213 206
-0.102343 -0.096107 1.003581 211 214 207
-0.106024 -0.094124 1.002754 217 219 212
-0.109650 -0.091519 1.002133 208 208 201
-0.113306 -0.089039 1.001463 187 187 175
-0.116983 -0.086592 1.000775 194 193 180
-0.120718 -0.084602 0.999930 196 195 182
-0.124511 -0.083161 0.998900 198 197 184
-0.128339 -0.082072 0.997752 200 201 187
-0.132158 -0.080851 0.996647 204 203 190
-0.135970 -0.079474 0.995591 201 201 188
-0.139770 -0.077846 0.994613 191 189 176
-0.143536 -0.075534 0.993851 156 154 141
-0.147340 -0.073627 0.992955 163 159 146
-0.151153 -0.071716 0.992056 175 170 157
-0.154984 -0.069965 0.991103 211 208 193
-0.158842 -0.068687 0.990000 200 198 185
-0.166561 -0.065845 0.987877 191 187 172
-0.170425 -0.064285 0.986855 189 186 168
-0.174291 -0.062456 0.985912 188 184 166
-0.178166 -0.060655 0.984957 187 184 166
-0.182049 -0.058691 0.984047 188 184 166
-0.185942 -0.056533 0.983191 182 177 158
-0.189848 -0.053987 0.982444 188 184 164
-0.193769 -0.051646 0.981632 185 181 161
-0.197697 -0.049891 0.980643 123 130 117
-0.201597 -0.050269 0.979033 91 99 96
-0.205476 -0.051007 0.977324 77 80 79
-0.209357 -0.051066 0.975817 57 57 56
-0.213364 -0.046886 0.975515 143 105 104
0.038434 -0.112552 1.057297 80 62 43
0.034237 -0.112610 1.055662 71 53 43
0.030752 -0.110384 1.054990 87 76 66
0.027170 -0.108430 1.054199 145 139 120
0.023044 -0.108276 1.052656 155 150 130
0.018832 -0.108452 1.050979 156 152 133
0.014680 -0.108464 1.049375 159 154 136
0.010596 -0.108266 1.047861 156 152 134
0.006577 -0.107863 1.046433 162 158 142
0.002618 -0.107253 1.045092 163 159 142
-0.001339 -0.106652 1.043747 164 160 144
-0.005325 -0.106178 1.042354 168 164 148
-0.009307 -0.105709 1.040961 169 165 149
-0.013278 -0.105216 1.039579 162 158 142
-0.017303 -0.104967 1.038103 173 169 153
-0.021455 -0.105301 1.036402 179 174 158
-0.025582 -0.105588 1.034724 196 193 176
-0.029634 -0.105595 1.033161 178 173 155
-0.033794 -0.106155 1.031388 175 170 152
-0.037941 -0.106728 1.029616 153 150 137
-0.041984 -0.106876 1.028013 195 190 173
-0.045925 -0.106564 1.026589 179 174 157
-0.049882 -0.106370 1.025122 179 174 156
-0.053816 -0.106101 1.023687 176 172 154
-0.057749 -0.105860 1.022243 178 173 155
-0.061671 -0.105598 1.020811 178 173 155
-0.065600 -0.105420 1.019350 176 172 157
-0.069605 -0.105752 1.017706 163 159 144
-0.073621 -0.106233 1.016013 166 164 151
-0.077594 -0.106536 1.014390 194 195 186
-0.081497 -0.106457 1.012909 211 211 204
-0.085302 -0.105757 1.011654 211 214 207
-0.089029 -0.104503 1.010596 211 213 206
-0.092721 -0.102960 1.009639 211 214 206
-0.096405 -0.101297 1.008721 213 214 208
-0.100073 -0.099432 1.007871 212 216 208
-0.103743 -0.097498 1.007040 204 205 196
-0.107369 -0.095073 1.006374 186 185 174
-0.111015 -0.092673 1.005694 182 181 169
-0.114714 -0.090654 1.004878 189 187 175
-0.118434 -0.088717 1.004029 193 192 179
-0.122195 -0.087126 1.003060 195 193 181
-0.125991 -0.085857 1.001980 199 197 183
-0.129809 -0.084818 1.000822 201 201 188
-0.133615 -0.083610 0.999719 202 203 189
-0.137400 -0.082032 0.998737 202 201 188
-0.141175 -0.080198 0.997836 154 151 138
-0.144956 -0.078297 0.996952 160 157 144
-0.148761 -0.076654 0.995982 165 161 149
-0.152570 -0.074938 0.995032 187 182 169
-0.156396 -0.073440 0.994009 200 198 184
-0.160235 -0.072097 0.992935 199 197 184
-0.171756 -0.067116 0.989998 187 182 169
-0.175611 -0.065409 0.989028 186 182 164
-0.179473 -0.063645 0.988072 187 182 165
-0.183343 -0.061707 0.987165 187 182 164
-0.187223 -0.059501 0.986336 179 174 155
-0.191117 -0.056927 0.985612 182 177 159
-0.195026 -0.054545 0.984825 179 174 155
-0.198940 -0.052862 0.983824 115 119 108
-0.202828 -0.053022 0.982278 89 96 94
-0.206686 -0.053947 0.980511 74 78 77
-0.210548 -0.054098 0.978977 56 57 56
-0.214563 -0.049399 0.978848 131 106 108
0.036127 -0.115874 1.059904 92 74 54
0.032084 -0.115504 1.058455 64 47 37
0.028717 -0.112937 1.057942 94 84 74
0.025059 -0.111278 1.057038 152 147 129
0.020969 -0.111065 1.055521 157 153 133
0.016793 -0.111175 1.053872 159 154 136
0.012670 -0.111143 1.052287 160 156 138
0.008628 -0.110856 1.050811 152 148 130
0.004653 -0.110346 1.049431 162 158 142
0.000721 -0.109689 1.048112 164 160 144
-0.003210 -0.109041 1.046791 165 161 145
-0.007154 -0.108459 1.045444 168 164 148
-0.011103 -0.107909 1.044086 168 164 148
-0.015064 -0.107430 1.042701 157 153 136
-0.019062 -0.107123 1.041249 172 168 150
-0.023301 -0.107898 1.039370 176 172 154
-0.027423 -0.108236 1.037671 187 182 165
-0.031419 -0.108059 1.036180 179 174 157
-0.035487 -0.108263 1.034544 176 172 156
-0.039609 -0.108782 1.032789 118 120 113
-0.043643 -0.108948 1.031178 169 166 155
-0.047601 -0.108786 1.029696 182 178 160
-0.051533 -0.108534 1.028253 181 176 158
-0.055442 -0.108196 1.026845 179 174 157
-0.059343 -0.107849 1.025442 179 174 156
-0.063234 -0.107478 1.024051 179 174 155
-0.067083 -0.106894 1.022742 176 173 155
-0.070970 -0.106559 1.021342 179 174 157
-0.074865 -0.106319 1.019909 175 170 153
-0.078797 -0.106367 1.018373 166 161 146
-0.082744 -0.106589 1.016777 158 154 140
-0.086566 -0.106012 1.015477 164 161 148
-0.090306 -0.104860 1.014384 168 165 153
-0.094027 -0.103540 1.013351 172 171 160
-0.097723 -0.101984 1.012401 170 170 160
-0.101372 -0.099978 1.011607 176 176 162
-0.105021 -0.097875 1.010842 179 177 162
-0.108683 -0.095767 1.010074 182 179 164
-0.112403 -0.094090 1.009152 182 181 167
-0.116149 -0.092597 1.008162 187 185 172
-0.119909 -0.091180 1.007144 192 190 176
-0.123676 -0.089786 1.006116 194 193 180
-0.127457 -0.088494 1.005051 199 197 183
-0.131246 -0.087256 1.003966 200 198 185
-0.135028 -0.085874 1.002929 199 198 185
-0.138774 -0.083881 1.002093 172 170 156
-0.142526 -0.081801 1.001282 160 157 142
-0.146319 -0.080224 1.000300 160 157 145
-0.150124 -0.078752 0.999282 172 168 155
-0.153931 -0.077195 0.998288 209 206 193
-0.157747 -0.075694 0.997274 202 201 186
-0.161577 -0.074404 0.996190 201 200 187
-0.165409 -0.073048 0.995125 191 187 173
-0.169238 -0.071410 0.994148 189 187 174
-0.173079 -0.069999 0.993096 186 181 168
-0.176922 -0.068389 0.992105 185 181 165
-0.180771 -0.066682 0.991141 186 182 166
-0.184628 -0.064772 0.990238 186 182 166
-0.188494 -0.062467 0.989452 176 171 154
-0.192377 -0.059827 0.988762 179 174 157
-0.196273 -0.057520 0.987965 179 174 156
-0.200171 -0.055990 0.986928 100 106 99
-0.204047 -0.055866 0.985467 86 93 93
-0.207882 -0.057039 0.983622 71 75 74
-0.211731 -0.057059 0.982127 52 56 53
-0.215752 -0.051971 0.982138 133 120 126
0.033863 -0.119095 1.062520 113 96 72
0.029915 -0.118479 1.061180 57 43 35
0.026439 -0.116318 1.060508 121 114 101
0.022946 -0.114168 1.059827 153 148 128
0.018871 -0.113962 1.058309 157 152 132
0.014748 -0.113956 1.056710 158 153 136
0.010657 -0.113867 1.055150 160 155 137
0.006681 -0.113401 1.053752 151 147 129
0.002792 -0.112626 1.052486 162 158 141
-0.001126 -0.111965 1.051172 165 161 144
-0.005032 -0.111274 1.049873 167 163 147
-0.008963 -0.110688 1.048530 168 164 148
-0.012881 -0.110068 1.047203 167 163 147
-0.016803 -0.109475 1.045867 157 153 135
-0.020875 -0.109543 1.044264 169 165 147
-0.024997 -0.109875 1.042560 173 169 151
-0.029136 -0.110348 1.040804 173 170 152
-0.033186 -0.110480 1.039191 193 190 174
-0.037247 -0.110722 1.037538 176 172 155
-0.041298 -0.110976 1.035885 140 138 130
-0.045285 -0.110976 1.034337 189 182 175
-0.049193 -0.110619 1.032932 189 184 169
-0.053112 -0.110358 1.031492 181 177 159
-0.056998 -0.109952 1.030111 179 174 156
-0.060881 -0.109559 1.028727 179 174 156
-0.064781 -0.109300 1.027294 178 173 154
-0.068615 -0.108687 1.025998 179 174 156
-0.072427 -0.107956 1.024747 179 174 156
-0.076217 -0.107099 1.023544 176 171 153
-0.080043 -0.106482 1.022252 176 172 153
-0.083880 -0.105960 1.020927 176 172 154
-0.087721 -0.105499 1.019580 176 172 155
-0.091518 -0.104744 1.018342 179 174 159
-0.095261 -0.103580 1.017255 175 171 157
-0.098951 -0.101964 1.016329 157 155 142
-0.102636 -0.100248 1.015437 175 172 157
-0.106353 -0.098733 1.014469 179 177 162
-0.110095 -0.097385 1.013439 182 178 164
-0.113859 -0.096210 1.012347 182 179 164
-0.117622 -0.094996 1.011266 187 184 170
-0.121390 -0.093800 1.010178 188 186 172
-0.125156 -0.092541 1.009112 192 190 176
-0.128936 -0.091406 1.008000 192 190 176
-0.132719 -0.090282 1.006884 193 192 177
-0.136438 -0.088211 1.006090 179 177 164
-0.140145 -0.085771 1.005416 162 155 141
-0.143909 -0.084027 1.004502 160 156 142
-0.147706 -0.082711 1.003441 170 165 151
-0.151494 -0.081131 1.002466 193 190 178
-0.155293 -0.079628 1.001462 202 201 188
-0.159104 -0.078301 1.000399 205 203 191
-0.162924 -0.077083 0.999298 206 206 193
-0.166746 -0.075824 0.998209 194 193 180
-0.170571 -0.074559 0.997121 192 190 177
-0.174396 -0.073107 0.996092 187 182 170
-0.178224 -0.071424 0.995134 187 184 168
-0.182059 -0.069710 0.994182 186 182 166
-0.185901 -0.067509 0.993382 186 182 166
-0.189756 -0.065298 0.992578 173 168 152
-0.193625 -0.062925 0.991821 179 174 159
-0.197512 -0.060385 0.991109 168 163 146
-0.201394 -0.059035 0.990025 97 103 100
-0.205251 -0.058996 0.988540 84 91 90
-0.209066 -0.060205 0.986679 71 74 74
-0.212907 -0.059949 0.985268 49 53 52
-0.216959 -0.053814 0.985620 147 136 149
0.031696 -0.122044 1.065219 132 113 92
0.027276 -0.123022 1.063184 51 38 29
0.024103 -0.119936 1.062934 120 116 102
0.020761 -0.117336 1.062463 155 150 130
0.016868 -0.116570 1.061191 155 150 130
0.012799 -0.116426 1.059651 150 145 126
0.008759 -0.116214 1.058145 156 152 134
0.004779 -0.115813 1.056722 151 147 129
0.000834 -0.115297 1.055350 164 160 144
-0.003006 -0.114402 1.054140 165 161 145
-0.026525 -0.111139 1.046019 169 165 149
-0.030629 -0.111494 1.044306 173 169 153
-0.034775 -0.112110 1.042494 176 172 156
-0.038894 -0.112678 1.040707 191 187 171
-0.042925 -0.112898 1.039066 160 153 142
-0.046911 -0.112951 1.037496 196 190 182
-0.050784 -0.112476 1.036138 134 132 128
-0.054625 -0.111856 1.034840 172 168 156
-0.058501 -0.111447 1.033460 188 184 166
-0.062374 -0.111046 1.032079 179 174 157
-0.066268 -0.110803 1.030640 179 174 156
-0.070110 -0.110291 1.029307 179 174 156
-0.073928 -0.109656 1.028022 179 174 156
-0.077725 -0.108901 1.026784 176 171 152
-0.081522 -0.108157 1.025542 173 167 147
-0.085316 -0.107400 1.024306 172 167 149
-0.089097 -0.106566 1.023099 172 167 149
-0.092870 -0.105672 1.021914 172 168 152
-0.096619 -0.104592 1.020799 173 169 154
-0.100323 -0.103125 1.019825 158 156 143
-0.104040 -0.101714 1.018828 175 171 157
-0.107789 -0.100550 1.017738 179 176 160
-0.111549 -0.099459 1.016622 181 177 162
-0.115313 -0.098387 1.015498 182 179 164
-0.119073 -0.097248 1.014398 185 181 166
-0.122835 -0.096103 1.013298 186 182 168
-0.126593 -0.094883 1.012223 187 182 169
-0.130347 -0.093575 1.011179 187 185 171
-0.134064 -0.091712 1.010326 178 174 160
-0.137769 -0.089518 1.009583 160 156 142
-0.141510 -0.087672 1.008716 164 157 142
-0.145282 -0.086204 1.007715 167 162 146
-0.149062 -0.084762 1.006704 182 179 165
-0.152850 -0.083377 1.005670 202 203 192
-0.156651 -0.082159 1.004579 208 208 198
-0.160458 -0.081038 1.003454 217 216 207
-0.164268 -0.079945 1.002318 212 213 204
-0.168076 -0.078699 1.001233 206 206 197
-0.171887 -0.077404 1.000162 196 195 184
-0.175699 -0.075950 0.999142 193 187 175
-0.179514 -0.074281 0.998189 189 185 171
-0.183336 -0.072573 0.997245 187 182 168
-0.187166 -0.070703 0.996351 186 182 166
-0.191008 -0.068394 0.995592 173 169 154
-0.194866 -0.065818 0.994912 178 173 158
-0.198735 -0.063689 0.994085 155 150 136
-0.202592 -0.062850 0.992850 89 95 98
-0.206421 -0.063165 0.991258 83 87 87
-0.210227 -0.063843 0.989558 68 71 71
-0.214076 -0.062775 0.988400 44 49 49
-0.218291 -0.052288 0.990110 134 134 145
0.029365 -0.125549 1.067636 148 125 109
0.024943 -0.126611 1.065561 46 33 25
0.021874 -0.123233 1.065461 114 110 95
0.018580 -0.120525 1.065054 150 145 125
0.014835 -0.119309 1.063986 147 142 122
0.010830 -0.119001 1.062520 146 141 121
0.006844 -0.118652 1.061075 151 147 129
0.002900 -0.118170 1.059689 150 146 128
-0.032125 -0.112673 1.047782 171 168 152
-0.036255 -0.113259 1.045976 173 170 153
-0.040433 -0.114151 1.044052 179 174 159
-0.044488 -0.114538 1.042340 189 185 171
-0.048466 -0.114606 1.040762 147 145 134
-0.052302 -0.113987 1.039464 142 140 133
-0.056141 -0.113399 1.038154 152 148 138
-0.060006 -0.112977 1.036780 176 171 154
-0.063870 -0.112580 1.035398 188 184 165
-0.067753 -0.112331 1.033961 182 177 157
-0.071596 -0.111872 1.032608 179 174 155
-0.075410 -0.111267 1.031313 179 174 154
-0.079207 -0.110573 1.030054 176 170 150
-0.083007 -0.109908 1.028784 176 168 149
-0.086803 -0.109237 1.027518 175 167 148
-0.090573 -0.108392 1.026319 173 167 150
-0.094330 -0.107449 1.025157 173 169 153
-0.098077 -0.106422 1.024026 173 169 153
-0.101781 -0.105032 1.023030 160 158 144
-0.105501 -0.103729 1.022000 173 169 154
-0.109252 -0.102670 1.020878 179 174 159
-0.113000 -0.101567 1.019771 181 177 161
-0.116755 -0.100503 1.018649 182 178 162
-0.120511 -0.099442 1.017526 182 179 163
-0.124259 -0.098265 1.016444 185 181 165
-0.127975 -0.096676 1.015508 187 182 168
-0.131676 -0.094784 1.014676 173 168 153
-0.135392 -0.092964 1.013816 167 162 145
-0.139134 -0.091378 1.012869 164 159 143
-0.142888 -0.089871 1.011892 168 163 147
-0.146660 -0.088578 1.010838 179 176 160
-0.150431 -0.087197 1.009812 205 205 196
-0.154214 -0.085949 1.008739 209 211 202
-0.158007 -0.084848 1.007615 219 221 214
-0.161801 -0.083747 1.006489 228 228 225
-0.165598 -0.082641 1.005365 218 221 215
-0.169395 -0.081467 1.004262 217 219 212
-0.173194 -0.080259 1.003170 207 208 198
-0.176992 -0.078803 1.002159 198 193 181
-0.180793 -0.077028 1.001250 189 186 172
-0.184603 -0.075285 1.000328 191 186 171
-0.188421 -0.073466 0.999427 187 182 168
-0.192251 -0.071292 0.998637 178 173 158
-0.196097 -0.068726 0.997969 159 154 141
-0.199953 -0.066643 0.997139 152 147 136
-0.203788 -0.066143 0.995802 88 95 98
-0.207589 -0.066819 0.994095 80 86 85
-0.211389 -0.067023 0.992543 62 66 66
-0.215231 -0.065715 0.991466 54 57 58
0.027471 -0.127685 1.070635 138 112 103
0.022928 -0.129196 1.068351 58 40 35
0.019726 -0.126302 1.068054 100 98 83
0.016427 -0.123659 1.067635 145 140 120
0.012752 -0.122257 1.066658 143 138 118
0.008851 -0.121644 1.065330 144 139 120
0.004914 -0.121173 1.063941 144 140 124
0.001005 -0.120613 1.062592 146 142 126
-0.033708 -0.114271 1.051071 169 166 150
-0.037739 -0.114444 1.049432 172 168 152
-0.041821 -0.114917 1.047673 173 170 153
-0.045885 -0.115377 1.045926 179 174 159
-0.049890 -0.115617 1.044274 187 182 168
-0.053745 -0.115126 1.042924 175 170 154
-0.057575 -0.114528 1.041619 173 168 150
-0.061473 -0.114331 1.040154 176 171 153
-0.065363 -0.114129 1.038695 185 180 160
-0.069236 -0.113873 1.037260 184 179 157
-0.073068 -0.113404 1.035911 184 179 158
-0.076887 -0.112887 1.034583 179 172 153
-0.080693 -0.112308 1.033282 176 170 149
-0.084504 -0.111783 1.031960 175 167 148
-0.088297 -0.111165 1.030676 175 167 148
-0.092055 -0.110302 1.029488 175 167 148
-0.095802 -0.109367 1.028327 176 171 155
-0.099537 -0.108323 1.027207 176 171 155
-0.103238 -0.106976 1.026202 160 158 143
-0.106944 -0.105636 1.025191 173 171 155
-0.110679 -0.104520 1.024095 179 174 158
-0.114418 -0.103421 1.022992 179 176 160
-0.118163 -0.102354 1.021876 181 177 161
-0.121910 -0.101292 1.020758 182 179 163
-0.125636 -0.099964 1.019736 178 174 158
-0.129317 -0.098028 1.018933 173 169 153
-0.133012 -0.096133 1.018111 172 167 151
-0.136747 -0.094657 1.017134 173 168 150
-0.140506 -0.093445 1.016061 176 171 155
-0.144259 -0.092097 1.015035 187 182 167
-0.148021 -0.090802 1.013988 201 201 192
-0.151786 -0.089505 1.012940 207 208 200
-0.155562 -0.088351 1.011841 218 221 215
-0.159345 -0.087317 1.010699 230 233 231
-0.163131 -0.086306 1.009548 234 239 235
-0.166918 -0.085314 1.008391 234 237 235
-0.170705 -0.084250 1.007258 230 233 230
-0.174493 -0.083176 1.006127 217 219 212
-0.178279 -0.081836 1.005085 207 206 194
-0.182065 -0.080038 1.004195 196 193 180
-0.185862 -0.078267 1.003292 193 187 175
-0.189666 -0.076442 1.002404 189 184 170
-0.193483 -0.074357 1.001598 179 174 162
-0.197314 -0.072029 1.000866 175 170 157
-0.201152 -0.070088 1.000003 147 144 136
-0.204963 -0.069890 0.998573 90 96 99
-0.208746 -0.070479 0.996893 74 79 80
-0.212534 -0.070418 0.995427 60 64 63
-0.216375 -0.068709 0.994486 75 81 81
0.026033 -0.128362 1.074279 96 74 67
0.020659 -0.132650 1.070716 124 94 88
0.017240 -0.130544 1.070079 68 64 57
0.014213 -0.127039 1.070070 149 144 124
0.010792 -0.124808 1.069476 140 135 116
0.006999 -0.123860 1.068301 145 141 123
0.003090 -0.123336 1.066939 149 145 129
-0.000805 -0.122773 1.065594 149 146 130
-0.039231 -0.115683 1.052852 170 166 150
-0.043177 -0.115537 1.051347 172 168 151
-0.047123 -0.115432 1.049828 175 171 155
-0.051154 -0.115815 1.048111 178 173 157
-0.055130 -0.115977 1.046491 188 185 167
-0.059030 -0.115791 1.045017 169 165 147
-0.062916 -0.115566 1.043563 173 170 152
-0.066809 -0.115433 1.042074 179 174 154
-0.070685 -0.115241 1.040612 188 182 160
-0.074531 -0.114910 1.039209 179 173 151
-0.078364 -0.114538 1.037825 179 173 152
-0.082177 -0.114066 1.036482 175 168 148
-0.085977 -0.113540 1.035163 175 168 147
-0.089748 -0.112828 1.033918 178 170 151
-0.093493 -0.111939 1.032743 178 170 151
-0.097227 -0.110964 1.031601 179 173 155
-0.100954 -0.109915 1.030487 178 173 155
-0.104653 -0.108620 1.029467 167 162 148
-0.108374 -0.107483 1.028386 169 165 149
-0.112107 -0.106439 1.027267 176 172 154
-0.115838 -0.105353 1.026164 178 173 157
-0.119570 -0.104252 1.025066 181 176 159
-0.123297 -0.103076 1.023995 176 172 155
-0.126999 -0.101565 1.023046 173 170 154
-0.130688 -0.099806 1.022187 172 168 153
-0.134398 -0.098224 1.021260 173 169 153
-0.138139 -0.096962 1.020212 176 171 156
-0.141888 -0.095778 1.019135 188 187 174
-0.145630 -0.094433 1.018115 199 200 189
-0.149381 -0.093145 1.017072 204 205 196
-0.153142 -0.091988 1.015982 217 219 213
-0.156909 -0.090909 1.014862 226 228 226
-0.160679 -0.089859 1.013731 239 243 242
-0.164454 -0.088918 1.012562 248 250 250
-0.168227 -0.087907 1.011417 250 253 253
-0.172000 -0.086801 1.010304 246 249 248
-0.175776 -0.085729 1.009179 241 242 241
-0.179550 -0.084424 1.008133 233 232 229
-0.183325 -0.082562 1.007274 222 220 212
-0.187110 -0.080787 1.006382 206 201 189
-0.190903 -0.079045 1.005476 200 195 181
-0.194708 -0.077058 1.004648 187 182 170
-0.198526 -0.074860 1.003886 178 174 161
-0.202347 -0.073212 1.002937 107 113 110
-0.206131 -0.073434 1.001372 87 94 97
-0.209901 -0.073781 0.999770 73 76 78
-0.213699 -0.072888 0.998575 60 63 63
-0.217549 -0.070669 0.997808 118 122 127
0.018696 -0.135127 1.073493 152 123 121
0.014942 -0.134199 1.072328 51 45 43
0.011822 -0.131072 1.072168 151 143 126
0.008679 -0.127934 1.072003 144 139 119
0.005116 -0.126219 1.071184 146 142 125
0.001260 -0.125547 1.069891 152 148 132
-0.002622 -0.124988 1.068548 150 148 133
-0.040695 -0.116808 1.056308 168 164 148
-0.044614 -0.116564 1.054842 170 166 150
-0.048540 -0.116396 1.053348 172 168 152
-0.052502 -0.116457 1.051761 173 169 153
-0.056419 -0.116330 1.050256 175 171 155
-0.060331 -0.116222 1.048747 186 182 164
-0.064259 -0.116263 1.047180 182 178 160
-0.068154 -0.116162 1.045675 172 167 147
-0.072034 -0.116024 1.044189 170 162 143
-0.075887 -0.115772 1.042752 173 167 145
-0.079741 -0.115566 1.041300 186 179 157
-0.083575 -0.115286 1.039880 192 185 163
-0.087379 -0.114833 1.038532 187 180 159
-0.091151 -0.114180 1.037265 181 173 152
-0.094901 -0.113381 1.036058 184 176 157
-0.098630 -0.112423 1.034913 191 182 164
-0.102343 -0.111330 1.033820 187 182 162
-0.106044 -0.110107 1.032777 182 178 159
-0.109761 -0.109002 1.031687 187 182 164
-0.113490 -0.107983 1.030563 193 187 169
-0.117223 -0.106992 1.029428 187 182 165
-0.120949 -0.105918 1.028324 179 174 157
-0.124660 -0.104651 1.027292 178 173 157
-0.128354 -0.103138 1.026352 176 172 156
-0.132055 -0.101610 1.025414 176 173 157
-0.135769 -0.100185 1.024435 185 181 167
-0.139499 -0.098913 1.023397 193 192 179
-0.143237 -0.097701 1.022336 193 193 181
-0.146975 -0.096433 1.021294 200 201 193
-0.150721 -0.095247 1.020220 209 213 206
-0.154473 -0.094115 1.019126 220 224 222
-0.158234 -0.093151 1.017970 239 242 242
-0.161999 -0.092266 1.016786 251 253 253
-0.165764 -0.091386 1.015600 252 255 255
-0.169524 -0.090348 1.014470 254 255 255
-0.173286 -0.089286 1.013348 252 255 255
-0.177049 -0.088212 1.012229 254 255 255
-0.180812 -0.086900 1.011192 254 255 255
-0.184577 -0.085166 1.010300 253 253 253
-0.188350 -0.083580 1.009353 248 247 244
-0.192131 -0.081920 1.008428 230 225 217
-0.195923 -0.079899 1.007623 186 185 174
-0.199731 -0.077532 1.006931 173 168 157
-0.203536 -0.076105 1.005917 103 107 110
-0.207294 -0.076718 1.004221 83 89 93
-0.211049 -0.076954 1.002655 68 70 72
-0.214804 -0.076862 1.001203 57 57 60
-0.218738 -0.072119 1.001276 128 128 137
0.016948 -0.136909 1.076568 133 113 111
0.012703 -0.137696 1.074609 70 57 54
0.009365 -0.135383 1.074093 101 95 86
0.006507 -0.131305 1.074384 145 138 119
0.003156 -0.128886 1.073899 148 145 128
-0.000590 -0.127864 1.072770 154 150 134
-0.004400 -0.127083 1.071532 151 149 134
-0.042241 -0.118349 1.059572 160 157 141
-0.046124 -0.117972 1.058163 166 162 146
-0.050004 -0.117614 1.056749 169 165 149
-0.053947 -0.117616 1.055184 171 167 151
-0.057826 -0.117325 1.053747 173 169 153
-0.061706 -0.117079 1.052294 176 172 154
-0.065616 -0.117044 1.050755 176 172 154
-0.069508 -0.116960 1.049240 185 180 161
-0.073385 -0.116839 1.047745 173 167 149
-0.077241 -0.116640 1.046284 170 162 143
-0.081107 -0.116553 1.044781 171 164 142
-0.084952 -0.116384 1.043315 176 169 147
-0.088774 -0.116103 1.041897 178 171 149
-0.092544 -0.115492 1.040615 176 170 148
-0.096235 -0.114294 1.039569 189 182 163
-0.099924 -0.113051 1.038540 193 185 166
-0.103630 -0.111918 1.037466 192 187 167
-0.107361 -0.110977 1.036315 187 182 162
-0.111086 -0.109984 1.035184 184 179 159
-0.114840 -0.109259 1.033948 179 174 156
-0.118573 -0.108333 1.032791 179 174 156
-0.122296 -0.107297 1.031675 179 174 157
-0.126013 -0.106175 1.030593 178 174 158
-0.129715 -0.104839 1.029591 185 180 165
-0.133423 -0.103514 1.028583 187 184 170
-0.137146 -0.102329 1.027520 187 185 172
-0.140877 -0.101242 1.026420 187 187 174
-0.144606 -0.100072 1.025349 192 192 180
-0.148335 -0.098843 1.024299 204 203 196
-0.152076 -0.097793 1.023182 214 219 212
-0.155821 -0.096774 1.022053 230 234 234
-0.159569 -0.095819 1.020899 245 247 248
-0.163317 -0.094839 1.019755 254 255 255
-0.167066 -0.093882 1.018602 254 255 255
-0.170813 -0.092804 1.017492 254 255 255
-0.174563 -0.091738 1.016377 254 255 255
-0.178314 -0.090653 1.015268 254 255 255
-0.182065 -0.089347 1.014236 254 255 255
-0.185819 -0.087657 1.013337 254 255 255
-0.189581 -0.086070 1.012400 254 255 255
-0.193351 -0.084316 1.011517 250 249 249
-0.197133 -0.082315 1.010715 193 192 184
-0.200931 -0.080067 1.009994 165 164 154
-0.204713 -0.079121 1.008824 100 106 107
-0.208454 -0.079720 1.007131 80 84 87
-0.212200 -0.079691 1.005655 61 63 65
-0.215974 -0.078684 1.004510 89 88 93
-0.220118 -0.068893 1.006287 135 134 142
0.015376 -0.138123 1.079893 94 78 76
0.010683 -0.140481 1.077186 134 117 112
0.006984 -0.139484 1.076068 57 53 52
0.004220 -0.135133 1.076513 148 143 126
0.001132 -0.131820 1.076461 149 148 131
-0.002487 -0.130387 1.075530 155 154 137
-0.006246 -0.129464 1.074361 155 153 138
-0.047632 -0.119397 1.061462 166 162 146
-0.051477 -0.118900 1.060108 163 159 143
-0.055365 -0.118655 1.058647 164 160 144
-0.059198 -0.118148 1.057301 169 165 149
-0.063047 -0.117758 1.055907 172 168 152
-0.066946 -0.117687 1.054381 173 170 154
-0.070836 -0.117621 1.052855 176 171 154
-0.074694 -0.117412 1.051394 170 164 147
-0.078530 -0.117105 1.049976 172 167 147
-0.082391 -0.117010 1.048473 173 169 149
-0.086243 -0.116912 1.046974 175 167 148
-0.090065 -0.116659 1.045542 176 168 149
-0.093828 -0.116021 1.044271 179 171 152
-0.097533 -0.114945 1.043178 179 172 153
-0.101226 -0.113754 1.042131 179 174 157
-0.104941 -0.112726 1.041017 178 173 156
-0.108680 -0.111897 1.039823 176 173 157
-0.112412 -0.111006 1.038654 182 177 159
-0.116172 -0.110398 1.037373 181 176 160
-0.119929 -0.109785 1.036095 182 178 162
-0.123667 -0.108988 1.034891 184 180 164
-0.127394 -0.108080 1.033729 182 179 163
-0.131098 -0.106884 1.032680 182 179 163
-0.134814 -0.105806 1.031583 179 176 163
-0.138537 -0.104786 1.030464 182 180 167
-0.142268 -0.103880 1.029300 187 185 173
-0.145987 -0.102761 1.028217 193 193 182
-0.149699 -0.101461 1.027201 202 203 198
-0.153422 -0.100320 1.026124 209 214 210
-0.157153 -0.099275 1.025011 222 229 229
-0.160887 -0.098295 1.023872 250 251 254
-0.164621 -0.097273 1.022749 254 255 255
-0.168359 -0.096310 1.021603 254 255 255
-0.172094 -0.095218 1.020504 254 255 255
-0.175832 -0.094171 1.019388 254 255 255
-0.179572 -0.093175 1.018253 254 255 255
-0.183312 -0.091978 1.017189 254 255 255
-0.187054 -0.090274 1.016305 254 255 255
-0.190805 -0.088500 1.015442 254 255 255
-0.194565 -0.086630 1.014609 250 251 252
-0.198336 -0.084764 1.013771 201 200 194
-0.202113 -0.083080 1.012866 142 144 141
-0.205865 -0.082781 1.011478 101 108 109
-0.209592 -0.083144 1.009866 77 79 82
-0.213315 -0.083254 1.008344 60 63 65
-0.217160 -0.079958 1.007985 141 131 135
-0.221494 -0.066003 1.011217 168 159 163
0.014055 -0.138495 1.083607 75 62 55
0.008897 -0.142489 1.080103 129 110 102
0.004837 -0.142806 1.078367 62 53 54
0.001601 -0.140202 1.078015 95 95 85
-0.001083 -0.135493 1.078643 159 158 141
-0.004460 -0.133224 1.078114 155 153 138
-0.008104 -0.131923 1.077128 151 149 134
-0.011761 -0.130652 1.076126 155 153 138
-0.064449 -0.118795 1.059360 164 160 144
-0.068294 -0.118451 1.057948 169 165 149
-0.072154 -0.118230 1.056485 167 163 147
-0.075965 -0.117748 1.055137 170 165 147
-0.079730 -0.116999 1.053904 171 166 148
-0.083532 -0.116514 1.052560 171 166 147
-0.087326 -0.115996 1.051231 172 167 149
-0.091119 -0.115504 1.049893 176 170 150
-0.094866 -0.114694 1.048689 178 173 153
-0.098570 -0.113549 1.047623 179 174 157
-0.106024 -0.111585 1.045354 169 164 149
-0.109871 -0.111679 1.043784 172 168 152
-0.113664 -0.111362 1.042383 179 176 160
-0.117453 -0.111064 1.040977 179 176 160
-0.121229 -0.110686 1.039605 179 174 159
-0.124987 -0.110172 1.038289 179 174 159
-0.128718 -0.109392 1.037080 179 174 159
-0.132447 -0.108582 1.035883 178 174 160
-0.136168 -0.107690 1.034718 178 174 162
-0.139890 -0.106801 1.033552 176 174 161
-0.143615 -0.105954 1.032371 179 176 167
-0.147327 -0.104902 1.031267 187 187 178
-0.151036 -0.103743 1.030204 198 198 192
-0.162187 -0.100484 1.026926 252 255 255
-0.165911 -0.099456 1.025810 254 255 255
-0.169639 -0.098568 1.024642 254 255 255
-0.173365 -0.097561 1.023517 254 255 255
-0.177093 -0.096627 1.022365 254 255 255
-0.180822 -0.095736 1.021197 254 255 255
-0.184550 -0.094563 1.020131 254 255 255
-0.188280 -0.092816 1.019272 254 255 255
-0.192020 -0.090930 1.018459 254 255 255
-0.195770 -0.089112 1.017618 248 247 249
-0.199525 -0.087540 1.016685 209 213 210
-0.203278 -0.086441 1.015583 133 139 140
-0.207013 -0.086098 1.014215 96 105 106
-0.210740 -0.085882 1.012804 77 74 79
-0.214486 -0.084917 1.011656 87 73 74
-0.218389 -0.080065 1.011849 186 166 163
0.007319 -0.143799 1.083335 113 93 89
0.002735 -0.146008 1.080686 114 104 101
-0.001025 -0.145362 1.079416 58 54 46
-0.003831 -0.141190 1.079823 147 145 134
-0.006691 -0.137080 1.080185 152 152 136
-0.010093 -0.134922 1.079614 150 150 134
-0.013655 -0.133340 1.078767 155 153 138
-0.069708 -0.119614 1.061334 169 168 151
-0.073539 -0.119266 1.059925 170 166 150
-0.077320 -0.118630 1.058643 164 159 143
-0.081060 -0.117746 1.057468 166 162 144
-0.084795 -0.116832 1.056306 163 159 142
-0.088527 -0.115892 1.055155 168 164 146
-0.092269 -0.115018 1.053976 170 166 148
-0.095933 -0.113550 1.053046 173 170 153
-0.114806 -0.110647 1.046545 176 173 157
-0.118652 -0.110899 1.044911 176 173 157
-0.122461 -0.110883 1.043389 173 170 154
-0.133764 -0.109941 1.039203 173 169 155
-0.137503 -0.109389 1.037907 176 171 159
-0.170912 -0.100864 1.027642 254 255 255
-0.174628 -0.099923 1.026498 254 255 255
-0.193228 -0.093363 1.021450 254 255 255
-0.196967 -0.091553 1.020616 245 245 247
-0.200715 -0.089779 1.019765 193 198 200
-0.204447 -0.089095 1.018519 133 143 143
-0.208159 -0.089142 1.017014 88 97 99
-0.211863 -0.089104 1.015543 104 97 97
-0.215641 -0.086840 1.014859 149 115 111
-0.219697 -0.078287 1.016374 152 136 135
0.006019 -0.144147 1.087022 64 48 45
0.000987 -0.147987 1.083564 126 111 109
-0.003203 -0.148951 1.081519 89 78 74
-0.006609 -0.147074 1.080848 77 74 68
-0.009136 -0.141799 1.081800 171 168 154
-0.012146 -0.138209 1.081929 159 159 145
-0.015539 -0.136025 1.081379 156 154 139
-0.019116 -0.134528 1.080498 157 155 140
-0.194428 -0.095694 1.024454 254 255 255
-0.198155 -0.094039 1.023572 234 236 236
-0.201885 -0.092664 1.022584 178 184 189
-0.205594 -0.092354 1.021207 123 134 136
-0.209285 -0.092505 1.019666 97 104 104
-0.212988 -0.091976 1.018374 112 88 87
-0.216844 -0.087384 1.018536 189 156 154
-0.221061 -0.075359 1.021327 215 201 199
-0.000465 -0.148926 1.086931 113 96 94
-0.005102 -0.151562 1.084059 142 123 117
-0.009090 -0.151918 1.082314 55 49 46
-0.012356 -0.149555 1.081892 103 107 101
-0.014807 -0.143929 1.083035 164 164 150
-0.017726 -0.139959 1.083361 159 158 144
-0.021069 -0.137587 1.082911 149 147 132
-0.024681 -0.136277 1.081949 162 159 145
-0.191912 -0.099895 1.028222 254 255 255
-0.195620 -0.098138 1.027391 252 253 254
-0.199335 -0.096539 1.026497 214 217 219
-0.203044 -0.095639 1.025341 158 165 170
-0.206725 -0.095836 1.023780 102 112 114
-0.210418 -0.095246 1.022512 80 66 69
-0.214197 -0.092184 1.022148 163 118 113
-0.218176 -0.084654 1.023396 152 140 135
-0.001688 -0.149046 1.090695 65 46 44
-0.006725 -0.153186 1.087060 128 100 94
-0.011023 -0.154753 1.084715 129 114 109
-0.014753 -0.154236 1.083403 46 49 45
-0.017798 -0.151030 1.083404 124 125 115
-0.020189 -0.145067 1.084731 131 130 119
-0.022970 -0.140481 1.085371 166 161 147
-0.026552 -0.139106 1.084449 156 154 141
-0.030167 -0.137854 1.083466 160 158 143
-0.189418 -0.103863 1.032032 254 255 255
-0.193108 -0.102092 1.031219 254 255 255
-0.196810 -0.100041 1.030509 245 245 248
-0.200516 -0.098497 1.029601 188 195 201
-0.204198 -0.098379 1.028155 123 129 135
-0.207846 -0.099227 1.026351 86 81 82
-0.211537 -0.098186 1.025256 154 115 115
-0.215418 -0.092038 1.026051 205 181 175
-0.219446 -0.083662 1.027645 235 225 222
-0.008149 -0.154091 1.090402 97 74 70
-0.012688 -0.156608 1.087572 136 105 100
-0.016714 -0.157284 1.085672 116 99 95
-0.020320 -0.156360 1.084567 56 56 49
-0.023213 -0.152530 1.084888 144 142 132
-0.025677 -0.146770 1.086139 166 162 151
-0.028593 -0.142704 1.086544 160 158 145
-0.032052 -0.140852 1.085861 163 161 147
-0.035610 -0.139396 1.084984 165 161 145
-0.190617 -0.105834 1.035085 252 255 255
-0.194300 -0.103929 1.034332 253 253 255
-0.197992 -0.102123 1.033538 208 213 217
-0.201672 -0.101474 1.032295 140 150 149
-0.205301 -0.102936 1.030248 97 104 104
-0.208941 -0.103173 1.028675 131 102 101
-0.212710 -0.099231 1.028684 178 137 135
-0.216661 -0.091367 1.030153 157 149 142
-0.008656 -0.151570 1.095469 95 78 73
-0.013951 -0.156950 1.091172 116 88 83
-0.018348 -0.159097 1.088525 151 110 109
-0.022278 -0.159508 1.086759 107 80 74
-0.025539 -0.157241 1.086328 58 57 52
-0.028302 -0.152813 1.086959 144 143 133
-0.030998 -0.147920 1.087802 168 166 154
-0.034042 -0.144359 1.087975 160 159 146
-0.037399 -0.142077 1.087511 166 162 146
-0.040862 -0.140211 1.086839 167 163 147
-0.044360 -0.138463 1.086105 167 165 148
-0.047920 -0.136967 1.085247 164 160 144
-0.188145 -0.109345 1.039001 252 255 255
-0.191808 -0.108113 1.037996 253 253 255
-0.195476 -0.106796 1.037022 217 219 221
-0.199141 -0.105897 1.035883 154 161 168
-0.202766 -0.107075 1.033937 111 115 112
-0.206378 -0.107912 1.032130 103 91 81
-0.210070 -0.105526 1.031572 156 109 109
-0.213968 -0.097752 1.033068 165 146 141
-0.014751 -0.155508 1.095677 50 37 25
-0.019842 -0.160375 1.091630 121 89 83
-0.024150 -0.162355 1.089068 166 112 110
-0.027812 -0.161794 1.087795 91 61 60
-0.030996 -0.159233 1.087524 58 52 50
-0.033838 -0.155100 1.088026 140 139 131
-0.036580 -0.150354 1.088817 167 166 152
-0.039553 -0.146467 1.089166 165 163 148
-0.042833 -0.143854 1.088876 168 163 149
-0.046240 -0.141755 1.088327 168 164 149
-0.049733 -0.140011 1.087600 167 163 148
-0.178405 -0.115276 1.044887 252 255 255
-0.182047 -0.114135 1.043856 248 250 250
-0.185691 -0.112813 1.042897 248 249 250
-0.189339 -0.111936 1.041756 238 242 242
-0.192981 -0.111990 1.040243 204 208 212
-0.196619 -0.111649 1.038891 162 166 170
-0.200247 -0.111573 1.037436 116 118 116
-0.203866 -0.111507 1.035981 106 93 85
-0.207543 -0.109009 1.035483 158 113 110
-0.211338 -0.103312 1.036225 209 185 183
-0.215287 -0.094752 1.038059 230 227 220
-0.020481 -0.158283 1.096449 58 43 32
-0.025346 -0.162489 1.092730 130 85 82
-0.029557 -0.164221 1.090291 164 107 106
-0.033258 -0.163904 1.088900 93 60 56
-0.036528 -0.161731 1.088446 60 54 50
-0.039473 -0.158035 1.088748 112 112 104
-0.042297 -0.153635 1.089387 173 172 157
-0.045228 -0.149550 1.089854 168 164 150
-0.048334 -0.146137 1.089974 169 164 150
-0.051645 -0.143605 1.089649 166 164 148
-0.179622 -0.117315 1.047823 230 232 230
-0.183256 -0.116466 1.046677 226 230 229
-0.186891 -0.115961 1.045391 218 222 221
-0.190520 -0.116156 1.043820 182 190 192
-0.194139 -0.116292 1.042277 151 154 155
-0.197758 -0.115596 1.041075 113 115 118
-0.201389 -0.114219 1.040147 110 94 84
-0.205034 -0.112418 1.039385 156 116 111
-0.208760 -0.108133 1.039608 199 173 169
-0.212629 -0.100599 1.041100 191 179 174
-0.025980 -0.160331 1.097573 70 46 44
-0.030890 -0.164956 1.093629 131 83 83
-0.034951 -0.166206 1.091436 163 107 103
-0.038579 -0.165655 1.090169 118 80 75
-0.041764 -0.163118 1.089909 48 45 48
-0.044801 -0.159810 1.090030 71 77 76
-0.047673 -0.155580 1.090602 173 171 158
-0.050445 -0.150677 1.091494 166 161 147
-0.053564 -0.147293 1.091613 166 164 149
-0.056823 -0.144480 1.091437 167 163 148
-0.060161 -0.141977 1.091100 167 162 148
-0.177197 -0.119530 1.052164 212 214 211
-0.180833 -0.119454 1.050697 206 208 207
-0.184460 -0.119375 1.049234 199 203 199
-0.188080 -0.119213 1.047809 158 162 162
-0.191691 -0.119500 1.046201 131 137 138
-0.195297 -0.119066 1.044895 112 105 108
-0.198913 -0.117647 1.043993 123 99 92
-0.202550 -0.115495 1.043387 160 116 110
-0.206225 -0.112300 1.043198 199 170 166
-0.209991 -0.106920 1.043878 152 140 136
