ply
format ascii 1.0
element vertex 19929
property float x
property float y
property float z
property uchar red
property uchar green
property uchar blue
end_header
0.078449 -0.216411 0.776567 71 76 74
0.082610 -0.216512 0.776932 70 77 74
0.086823 -0.216736 0.777736 86 94 87
0.091018 -0.216895 0.778309 81 87 83
0.095254 -0.217133 0.779165 75 82 76
0.099446 -0.217255 0.779605 67 78 77
0.103583 -0.217253 0.779599 73 81 78
0.107661 -0.217132 0.779167 71 78 73
0.137801 -0.219020 0.785953 73 81 77
0.057429 -0.210747 0.771059 73 78 79
0.061469 -0.210566 0.770394 74 83 79
0.065529 -0.210473 0.770055 80 87 83
0.069562 -0.210309 0.769459 77 85 84
0.073807 -0.210768 0.771139 78 87 85
0.077950 -0.210903 0.771634 80 88 82
0.082092 -0.211020 0.772065 77 84 81
0.086190 -0.211020 0.772065 77 84 79
0.090284 -0.211011 0.772035 86 91 86
0.094396 -0.211044 0.772155 83 88 84
0.098481 -0.211013 0.772045 89 96 93
0.102519 -0.210891 0.771598 101 108 102
0.106607 -0.210875 0.771543 109 115 108
0.110796 -0.211053 0.772196 114 120 112
0.114974 -0.211200 0.772733 116 120 113
0.119225 -0.211463 0.773699 109 114 110
0.123579 -0.211887 0.775250 95 102 99
0.127978 -0.212358 0.776977 83 92 91
0.132206 -0.212524 0.777585 75 82 79
0.136545 -0.212854 0.778795 74 83 77
0.140961 -0.213281 0.780358 70 72 73
0.145321 -0.213601 0.781532 73 79 78
0.149701 -0.213931 0.782741 73 78 79
0.154286 -0.214529 0.784931 71 75 76
0.158997 -0.215265 0.787627 68 72 73
0.044768 -0.204864 0.764510 75 80 82
0.048722 -0.204431 0.762896 87 93 93
0.052789 -0.204498 0.763145 84 89 89
0.056908 -0.204745 0.764070 80 88 85
0.061046 -0.205021 0.765102 77 90 84
0.065102 -0.205006 0.765046 91 98 93
0.069134 -0.204921 0.764733 104 110 104
0.073288 -0.205186 0.765724 123 128 122
0.077302 -0.205053 0.765226 136 142 131
0.081281 -0.204843 0.764445 151 152 138
0.085127 -0.204336 0.762552 168 169 155
0.089119 -0.204209 0.762079 176 178 163
0.093139 -0.204153 0.761874 188 187 173
0.097167 -0.204120 0.761752 193 195 177
0.101228 -0.204156 0.761888 193 193 175
0.105384 -0.204372 0.762695 191 192 171
0.109492 -0.204485 0.763118 189 190 171
0.113593 -0.204574 0.763453 188 190 170
0.117751 -0.204758 0.764139 189 192 172
0.122005 -0.205092 0.765386 191 192 174
0.126217 -0.205334 0.766292 193 195 177
0.130422 -0.205550 0.767102 191 192 175
0.134711 -0.205882 0.768340 182 182 168
0.139048 -0.206264 0.769771 176 177 165
0.143322 -0.206535 0.770782 157 162 149
0.147639 -0.206851 0.771962 140 143 137
0.152091 -0.207334 0.773768 117 120 114
0.156440 -0.207654 0.774965 81 88 83
0.160879 -0.208075 0.776537 74 79 77
0.165319 -0.208476 0.778036 71 76 75
0.169609 -0.208672 0.778770 99 102 99
0.036301 -0.198850 0.757198 64 75 78
0.040337 -0.198935 0.757526 80 87 84
0.044425 -0.199237 0.758676 107 113 107
0.048417 -0.199091 0.758122 142 145 138
0.052431 -0.199053 0.757977 153 157 146
0.056544 -0.199371 0.759192 160 161 152
0.060574 -0.199372 0.759198 168 170 154
0.064603 -0.199369 0.759186 179 179 160
0.068580 -0.199217 0.758610 191 190 172
0.072517 -0.198971 0.757673 195 197 177
0.076479 -0.198817 0.757087 193 197 178
0.080433 -0.198658 0.756484 193 193 173
0.084371 -0.198475 0.755788 185 186 165
0.088327 -0.198351 0.755315 188 190 170
0.092298 -0.198269 0.755007 186 187 168
0.096303 -0.198264 0.754988 187 187 169
0.100363 -0.198368 0.755386 184 186 167
0.104419 -0.198456 0.755721 168 171 153
0.108507 -0.198596 0.756258 181 184 167
0.112605 -0.198743 0.756820 181 184 166
0.116744 -0.198950 0.757610 179 184 165
0.120908 -0.199184 0.758503 179 184 166
0.125104 -0.199456 0.759541 179 182 165
0.129326 -0.199749 0.760657 179 181 164
0.133588 -0.200086 0.761941 178 180 163
0.137740 -0.200241 0.762536 176 180 165
0.141810 -0.200272 0.762655 179 182 166
0.146001 -0.200469 0.763404 179 184 167
0.150315 -0.200818 0.764737 185 189 174
0.154675 -0.201209 0.766226 189 193 177
0.159009 -0.201547 0.767516 182 187 172
0.163315 -0.201834 0.768610 165 169 158
0.167651 -0.202141 0.769782 200 205 190
0.171802 -0.202218 0.770078 89 98 90
0.027997 -0.192966 0.750090 143 151 147
0.032062 -0.193473 0.752062 105 107 104
0.036038 -0.193388 0.751734 156 158 146
0.040023 -0.193364 0.751643 170 171 162
0.044040 -0.193484 0.752110 172 174 161
0.048079 -0.193673 0.752846 176 178 164
0.052116 -0.193824 0.753436 188 189 170
0.056071 -0.193674 0.752851 202 201 180
0.060019 -0.193519 0.752250 206 209 182
0.063977 -0.193413 0.751842 207 205 180
0.067891 -0.193195 0.750994 199 197 174
0.071804 -0.193000 0.750237 191 193 172
0.075732 -0.192862 0.749702 187 187 166
0.079655 -0.192724 0.749169 182 186 167
0.083562 -0.192564 0.748546 179 182 164
0.087503 -0.192493 0.748271 176 180 163
0.091466 -0.192476 0.748206 176 177 162
0.095455 -0.192512 0.748347 173 176 160
0.099458 -0.192570 0.748575 173 174 158
0.103472 -0.192645 0.748870 171 174 158
0.107515 -0.192767 0.749345 171 174 157
0.111568 -0.192898 0.749857 170 174 157
0.115678 -0.193114 0.750695 168 172 157
0.119823 -0.193372 0.751701 167 172 158
0.123998 -0.193661 0.752829 169 174 159
0.128167 -0.193922 0.753844 168 172 157
0.132371 -0.194219 0.755000 169 174 160
0.136567 -0.194488 0.756047 171 174 160
0.140727 -0.194690 0.756835 173 177 162
0.144968 -0.194992 0.758009 173 177 160
0.149236 -0.195311 0.759253 173 177 160
0.153548 -0.195670 0.760650 175 178 163
0.157933 -0.196101 0.762326 176 180 163
0.162341 -0.196538 0.764029 179 182 166
0.166497 -0.196655 0.764487 182 187 170
0.170254 -0.196309 0.763143 191 195 180
0.019933 -0.187996 0.746305 70 76 76
0.023854 -0.187678 0.745046 77 82 88
0.027805 -0.187656 0.744959 175 193 185
0.031783 -0.187799 0.745529 178 179 164
0.035761 -0.187908 0.745962 182 182 169
0.039780 -0.188189 0.747081 194 195 177
0.043773 -0.188308 0.747553 209 208 186
0.047774 -0.188438 0.748074 211 211 184
0.051700 -0.188279 0.747442 201 200 176
0.055598 -0.188042 0.746501 193 193 171
0.059515 -0.187902 0.745947 188 187 166
0.063380 -0.187621 0.744834 184 185 163
0.067244 -0.187372 0.743844 181 182 164
0.071127 -0.187202 0.743172 179 181 162
0.074998 -0.187018 0.742441 179 180 161
0.078877 -0.186872 0.741865 176 178 160
0.082764 -0.186756 0.741406 172 177 159
0.086674 -0.186701 0.741188 167 173 156
0.090606 -0.186697 0.741176 165 169 154
0.094558 -0.186732 0.741316 160 162 147
0.098526 -0.186795 0.741564 160 161 145
0.102517 -0.186896 0.741969 160 161 144
0.106588 -0.187129 0.742894 160 160 144
0.110650 -0.187329 0.743690 154 155 139
0.114744 -0.187568 0.744644 144 147 132
0.118816 -0.187756 0.745389 142 145 130
0.122971 -0.188059 0.746596 148 150 135
0.127143 -0.188369 0.747829 150 152 137
0.131273 -0.188599 0.748744 148 150 135
0.135341 -0.188729 0.749261 152 153 138
0.139460 -0.188922 0.750028 154 156 140
0.143622 -0.189160 0.750975 154 158 141
0.147760 -0.189354 0.751748 163 167 150
0.151953 -0.189606 0.752749 168 172 157
0.156146 -0.189846 0.753705 170 174 159
0.160439 -0.190192 0.755079 170 174 159
0.164655 -0.190431 0.756033 172 176 161
0.168563 -0.190313 0.755565 172 176 161
0.172776 -0.190536 0.756452 176 180 165
0.181254 -0.191006 0.758323 187 192 177
0.185677 -0.191417 0.759954 176 181 169
0.190149 -0.191858 0.761707 135 140 130
0.015827 -0.182338 0.739569 75 80 73
0.019750 -0.182313 0.739470 124 126 122
0.023669 -0.182268 0.739290 171 177 160
0.027586 -0.182222 0.739102 187 190 170
0.031550 -0.182463 0.740081 196 198 177
0.035521 -0.182679 0.740961 196 195 178
0.039475 -0.182778 0.741362 195 195 175
0.043422 -0.182828 0.741568 193 193 171
0.047318 -0.182674 0.740945 191 192 169
0.051157 -0.182342 0.739599 186 187 167
0.055023 -0.182145 0.738800 179 184 163
0.058881 -0.181947 0.737999 179 181 161
0.062727 -0.181743 0.737172 178 179 160
0.066582 -0.181586 0.736536 176 177 160
0.070453 -0.181487 0.736137 170 174 157
0.074321 -0.181390 0.735746 171 174 159
0.078196 -0.181321 0.735464 165 168 152
0.082077 -0.181270 0.735259 160 164 147
0.085972 -0.181253 0.735194 157 159 141
0.089858 -0.181220 0.735063 153 156 138
0.093787 -0.181272 0.735275 146 147 130
0.097753 -0.181390 0.735753 156 156 139
0.101730 -0.181518 0.736274 155 154 139
0.105748 -0.181707 0.737042 143 143 127
0.109830 -0.181987 0.738182 148 149 134
0.113812 -0.182090 0.738601 155 155 141
0.117844 -0.182262 0.739299 153 154 137
0.121886 -0.182438 0.740015 156 156 140
0.125946 -0.182628 0.740789 156 157 142
0.129862 -0.182606 0.740698 158 158 144
0.162054 -0.183440 0.744097 166 168 153
0.166444 -0.183926 0.746073 168 171 156
0.171088 -0.184663 0.749065 169 173 158
0.175432 -0.185051 0.750640 170 174 159
0.179629 -0.185269 0.751528 172 174 160
0.183838 -0.185491 0.752428 176 181 164
0.188202 -0.185856 0.753911 181 185 169
0.011856 -0.177689 0.736718 84 85 76
0.015732 -0.177309 0.735144 159 160 147
0.019615 -0.177143 0.734455 191 192 171
0.023511 -0.177121 0.734368 195 195 172
0.027432 -0.177271 0.734989 193 193 170
0.031349 -0.177366 0.735384 192 190 168
0.035246 -0.177331 0.735241 189 190 168
0.039132 -0.177260 0.734947 187 189 167
0.042986 -0.177065 0.734140 186 187 167
0.046813 -0.176804 0.733059 185 186 166
0.050645 -0.176599 0.732210 179 182 163
0.054487 -0.176454 0.731613 178 181 162
0.058322 -0.176308 0.731006 170 173 154
0.062159 -0.176186 0.730502 166 169 155
0.066003 -0.176096 0.730130 168 171 156
0.069865 -0.176062 0.729991 162 164 148
0.073729 -0.176037 0.729888 166 166 150
0.077595 -0.176020 0.729819 160 161 144
0.081458 -0.175996 0.729723 156 157 138
0.085339 -0.176012 0.729790 151 151 133
0.089238 -0.176061 0.729997 152 155 136
0.093163 -0.176157 0.730395 150 153 135
0.097107 -0.176278 0.730896 142 144 130
0.101065 -0.176414 0.731466 139 138 125
0.105047 -0.176581 0.732160 158 156 140
0.109061 -0.176788 0.733017 159 157 143
0.113054 -0.176947 0.733681 159 158 144
0.116908 -0.176886 0.733428 160 163 148
0.173865 -0.179414 0.743937 168 170 154
0.177895 -0.179496 0.744277 168 172 157
0.181944 -0.179592 0.744680 168 172 156
0.186231 -0.179915 0.746021 171 174 157
0.190571 -0.180274 0.747510 175 179 162
0.194847 -0.180559 0.748696 178 182 166
0.007916 -0.173110 0.734033 87 86 84
0.011762 -0.172382 0.730944 172 171 157
0.015636 -0.172318 0.730678 193 193 173
0.019507 -0.172259 0.730427 191 190 168
0.023409 -0.172444 0.731214 192 190 167
0.027262 -0.172266 0.730459 189 189 167
0.031104 -0.172072 0.729638 188 187 166
0.034936 -0.171871 0.728787 185 185 163
0.038763 -0.171688 0.728013 182 184 163
0.042583 -0.171513 0.727274 179 182 163
0.046400 -0.171355 0.726602 178 181 162
0.050221 -0.171232 0.726081 173 177 158
0.054057 -0.171177 0.725850 173 176 158
0.057891 -0.171122 0.725618 173 174 158
0.061718 -0.171054 0.725332 159 162 147
0.065554 -0.171016 0.725174 165 169 154
0.069390 -0.170985 0.725041 165 166 149
0.073225 -0.170953 0.724908 162 162 145
0.077072 -0.170952 0.724904 158 159 141
0.080922 -0.170956 0.724926 154 155 137
0.084794 -0.171005 0.725135 156 157 139
0.088690 -0.171095 0.725517 156 158 139
0.092607 -0.171216 0.726034 156 158 141
0.096537 -0.171353 0.726614 162 164 147
0.100488 -0.171513 0.727296 166 167 151
0.104432 -0.171651 0.727881 164 164 149
0.108312 -0.171677 0.727993 159 160 145
0.112091 -0.171546 0.727440 160 162 147
0.115985 -0.160887 0.682221 211 214 201
0.119399 -0.160608 0.681041 225 227 214
0.123034 -0.160635 0.681154 226 228 216
0.126501 -0.160446 0.680357 226 228 216
0.130131 -0.160469 0.680455 226 228 216
0.133800 -0.160537 0.680745 227 229 217
0.137591 -0.160744 0.681626 223 225 213
0.141490 -0.161063 0.682981 217 219 206
0.171776 -0.173322 0.735002 163 164 146
0.176117 -0.173756 0.736841 162 164 147
0.180211 -0.173932 0.737591 166 170 153
0.184300 -0.174096 0.738287 168 172 155
0.188585 -0.174434 0.739725 167 171 154
0.192755 -0.174654 0.740659 170 174 157
0.003999 -0.168327 0.730338 86 83 81
0.007852 -0.167836 0.728209 181 181 165
0.011696 -0.167535 0.726905 193 193 172
0.015542 -0.167402 0.726327 188 187 168
0.019400 -0.167426 0.726432 188 189 165
0.023242 -0.167325 0.725996 185 185 163
0.027057 -0.167090 0.724978 184 182 161
0.030865 -0.166874 0.724042 181 182 161
0.034672 -0.166704 0.723306 178 181 160
0.038483 -0.166580 0.722769 176 179 161
0.042291 -0.166469 0.722287 173 177 158
0.046086 -0.166332 0.721696 151 154 135
0.049883 -0.166219 0.721206 173 177 158
0.053699 -0.166182 0.721049 172 174 157
0.057504 -0.166118 0.720770 172 174 156
0.061304 -0.166047 0.720465 159 163 148
0.065110 -0.166001 0.720268 162 164 147
0.068911 -0.165949 0.720041 160 162 144
0.072718 -0.165915 0.719899 158 159 141
0.076540 -0.165916 0.719902 154 155 135
0.080374 -0.165943 0.720021 154 153 136
0.084253 -0.166056 0.720512 159 159 142
0.088138 -0.166171 0.721012 166 168 151
0.092037 -0.166300 0.721578 169 171 154
0.095946 -0.166436 0.722168 168 170 154
0.099862 -0.166574 0.722768 166 168 153
0.103687 -0.166555 0.722689 165 166 151
0.107381 -0.166335 0.721734 166 168 153
0.109270 -0.157996 0.685534 171 173 160
0.112010 -0.156739 0.680078 230 232 222
0.115285 -0.156284 0.678107 226 228 216
0.118864 -0.156257 0.677991 224 227 214
0.122417 -0.156199 0.677740 224 227 212
0.125992 -0.156171 0.677621 223 225 211
0.129572 -0.156151 0.677535 224 227 214
0.133172 -0.156155 0.677552 223 225 213
0.136900 -0.156305 0.678207 224 227 214
0.140569 -0.156382 0.678540 224 227 214
0.144412 -0.156643 0.679676 225 228 216
0.148506 -0.157157 0.681911 211 214 202
0.174433 -0.168187 0.729802 159 161 144
0.178549 -0.168415 0.730792 160 163 146
0.182633 -0.168604 0.731615 163 165 148
0.186748 -0.168812 0.732521 166 169 152
0.190739 -0.168903 0.732918 160 164 147
0.195010 -0.169233 0.734352 166 170 153
0.210099 -0.172010 0.746412 186 190 171
0.215181 -0.172908 0.750315 173 179 166
0.220179 -0.173709 0.753792 91 95 87
0.000122 -0.163453 0.726062 73 70 64
0.003967 -0.163107 0.724527 179 178 159
0.007795 -0.162757 0.722974 193 192 169
0.011623 -0.162624 0.722382 188 187 166
0.015455 -0.162604 0.722298 185 184 162
0.019261 -0.162370 0.721260 182 182 159
0.023060 -0.162167 0.720357 181 181 160
0.026843 -0.161921 0.719266 179 179 157
0.030619 -0.161700 0.718283 176 177 157
0.034412 -0.161609 0.717882 169 172 153
0.038209 -0.161555 0.717644 172 174 156
0.041998 -0.161477 0.717298 170 173 154
0.045772 -0.161360 0.716782 165 167 150
0.049543 -0.161252 0.716303 172 174 157
0.053328 -0.161201 0.716076 172 174 157
0.057104 -0.161129 0.715759 165 167 149
0.060873 -0.161050 0.715409 169 171 155
0.064648 -0.160994 0.715163 159 161 144
0.068426 -0.160954 0.714985 163 164 146
0.072209 -0.160926 0.714862 151 152 134
0.076028 -0.160977 0.715092 150 151 131
0.079864 -0.161059 0.715458 164 164 147
0.083711 -0.161155 0.715885 169 169 152
0.087565 -0.161253 0.716324 169 170 154
0.091420 -0.161347 0.716743 169 171 154
0.095279 -0.161438 0.717150 169 171 154
0.099145 -0.161535 0.717582 168 170 153
0.102817 -0.161320 0.716629 170 172 157
0.106237 -0.160740 0.714052 171 173 158
0.108006 -0.157790 0.700942 169 171 156
0.108663 -0.153467 0.681729 226 229 219
0.111722 -0.152702 0.678329 230 233 225
0.114877 -0.152113 0.675712 224 227 214
0.118290 -0.151890 0.674721 225 227 215
0.121780 -0.151776 0.674220 223 225 211
0.125398 -0.151823 0.674430 223 225 211
0.129009 -0.151859 0.674592 223 225 212
0.132583 -0.151852 0.674560 223 225 213
0.136173 -0.151863 0.674609 224 227 214
0.139896 -0.152017 0.675295 224 227 214
0.143687 -0.152235 0.676269 225 227 215
0.147608 -0.152577 0.677789 225 227 216
0.151572 -0.152946 0.679433 218 221 208
0.172862 -0.162799 0.723232 150 152 135
0.177011 -0.163084 0.724501 155 157 140
0.181077 -0.163282 0.725383 159 161 144
0.185062 -0.163400 0.725910 160 163 146
0.188945 -0.163426 0.726026 165 167 150
0.192946 -0.163551 0.726583 140 142 125
0.212592 -0.166859 0.741292 176 179 163
0.217388 -0.167521 0.744238 179 182 164
0.222597 -0.168473 0.748471 147 151 140
0.000120 -0.158720 0.722223 141 142 134
0.003943 -0.158278 0.720212 193 192 168
0.007749 -0.157950 0.718723 187 187 163
0.011554 -0.157815 0.718107 182 182 160
0.015349 -0.157645 0.717337 179 180 160
0.019128 -0.157418 0.716305 179 180 159
0.022904 -0.157238 0.715485 175 176 157
0.026663 -0.157010 0.714448 166 168 149
0.030420 -0.156833 0.713645 170 171 153
0.034192 -0.156759 0.713310 172 174 156
0.037964 -0.156702 0.713054 173 176 157
0.041734 -0.156648 0.712807 172 174 157
0.045495 -0.156570 0.712454 171 173 156
0.049248 -0.156480 0.712047 172 174 157
0.053002 -0.156403 0.711699 169 171 154
0.056744 -0.156306 0.711257 166 168 151
0.060486 -0.156220 0.710869 165 167 150
0.064234 -0.156159 0.710593 163 163 147
0.067991 -0.156125 0.710441 150 151 134
0.071772 -0.156147 0.710543 149 150 133
0.075571 -0.156204 0.710802 160 162 144
0.079371 -0.156258 0.711047 168 169 152
0.083183 -0.156329 0.711376 170 170 154
0.087003 -0.156409 0.711738 169 170 153
0.090811 -0.156459 0.711970 168 170 153
0.094584 -0.156449 0.711925 168 170 153
0.098323 -0.156387 0.711643 168 170 153
0.101903 -0.156083 0.710264 168 170 154
0.104998 -0.155088 0.705732 167 169 154
0.106822 -0.152349 0.693264 182 184 171
0.108186 -0.149159 0.678741 246 247 240
0.111230 -0.148414 0.675349 232 234 225
0.114515 -0.148026 0.673584 225 227 215
0.117897 -0.147784 0.672484 226 228 214
0.121386 -0.147686 0.672041 224 227 212
0.124954 -0.147686 0.672044 223 225 211
0.128563 -0.147734 0.672263 224 227 213
0.132128 -0.147730 0.672248 223 225 212
0.135711 -0.147746 0.672320 225 227 215
0.139413 -0.147887 0.672965 225 227 215
0.143135 -0.148042 0.673672 225 227 215
0.146985 -0.148318 0.674930 224 228 216
0.150818 -0.148564 0.676053 223 227 215
0.154768 -0.148912 0.677638 181 182 168
0.175879 -0.158186 0.719871 157 157 141
0.179965 -0.158419 0.720932 153 154 138
0.183881 -0.158495 0.721283 162 163 146
0.187808 -0.158578 0.721662 162 163 145
0.191757 -0.158676 0.722108 165 167 150
0.195623 -0.158702 0.722227 113 116 101
0.219850 -0.162435 0.739237 185 189 173
-0.003707 -0.154587 0.720987 77 78 76
0.000119 -0.153696 0.716832 182 180 161
0.003915 -0.153384 0.715379 187 186 164
0.007700 -0.153148 0.714281 182 180 158
0.011484 -0.153053 0.713838 178 179 157
0.015242 -0.152744 0.712397 176 178 159
0.018997 -0.152536 0.711427 172 173 155
0.022752 -0.152390 0.710748 168 170 152
0.026499 -0.152249 0.710092 165 167 149
0.030246 -0.152136 0.709569 167 169 152
0.034000 -0.152084 0.709326 171 174 155
0.037749 -0.152019 0.709025 172 174 156
0.041486 -0.151924 0.708583 171 173 156
0.045218 -0.151825 0.708124 169 171 154
0.048943 -0.151722 0.707645 167 168 150
0.052669 -0.151635 0.707241 167 169 152
0.056392 -0.151552 0.706856 162 164 147
0.060118 -0.151486 0.706548 157 159 142
0.063845 -0.151433 0.706301 155 155 139
0.067591 -0.151425 0.706268 146 146 130
0.071351 -0.151450 0.706384 158 158 142
0.075122 -0.151492 0.706583 162 162 146
0.078894 -0.151533 0.706777 169 171 153
0.082674 -0.151586 0.707026 168 168 152
0.086457 -0.151639 0.707275 169 169 153
0.090215 -0.151645 0.707303 160 161 145
0.093928 -0.151579 0.706997 168 169 152
0.097605 -0.151461 0.706450 169 170 154
0.101125 -0.151118 0.704849 185 187 173
0.104284 -0.150279 0.700936 220 222 210
0.106421 -0.148078 0.690665 212 214 202
0.107791 -0.144992 0.676263 230 232 220
0.110860 -0.144315 0.673107 230 232 219
0.114067 -0.143853 0.670954 227 229 217
0.117425 -0.143605 0.669794 226 228 214
0.120898 -0.143507 0.669342 226 228 214
0.124407 -0.143457 0.669106 226 228 214
0.128012 -0.143516 0.669385 225 227 213
0.131620 -0.143576 0.669669 225 227 215
0.135216 -0.143619 0.669870 223 227 215
0.138926 -0.143779 0.670620 224 227 214
0.142691 -0.143986 0.671586 224 228 216
0.146364 -0.144092 0.672084 224 228 216
0.150122 -0.144275 0.672939 223 227 215
0.153849 -0.144420 0.673617 201 201 187
0.174710 -0.153305 0.715087 170 171 153
0.178733 -0.153499 0.715999 160 162 144
0.182601 -0.153555 0.716262 153 154 139
0.186507 -0.153641 0.716665 156 158 141
0.190458 -0.153760 0.717219 163 164 146
0.194349 -0.153826 0.717529 169 169 152
0.198032 -0.153727 0.717072 138 135 123
0.201733 -0.153647 0.716698 107 108 94
0.206264 -0.154190 0.719235 136 141 127
0.222715 -0.157726 0.735742 135 138 123
-0.003682 -0.149699 0.716079 179 182 168
0.000118 -0.148978 0.712632 193 193 174
0.003889 -0.148565 0.710658 179 178 157
0.007660 -0.148544 0.710556 178 177 156
0.011415 -0.148331 0.709542 170 171 151
0.015148 -0.148010 0.708006 171 173 155
0.018874 -0.147766 0.706839 171 172 154
0.022611 -0.147669 0.706375 171 173 155
0.026346 -0.147587 0.705987 165 166 148
0.030073 -0.147491 0.705529 156 158 140
0.033796 -0.147396 0.705074 169 172 153
0.037527 -0.147350 0.704857 171 174 154
0.041261 -0.147327 0.704748 171 172 154
0.044975 -0.147238 0.704325 165 167 150
0.048677 -0.147129 0.703803 169 170 152
0.052382 -0.147042 0.703391 168 170 153
0.056086 -0.146965 0.703025 163 165 148
0.059792 -0.146903 0.702730 162 164 147
0.063497 -0.146844 0.702450 160 161 143
0.067217 -0.146826 0.702364 162 163 145
0.070939 -0.146814 0.702307 163 164 148
0.074683 -0.146845 0.702460 167 169 152
0.078437 -0.146894 0.702694 167 169 152
0.082200 -0.146952 0.702974 167 168 150
0.085944 -0.146975 0.703084 160 161 143
0.089671 -0.146967 0.703048 160 161 144
0.093341 -0.146869 0.702582 168 170 152
0.096995 -0.146755 0.702036 206 208 195
0.100530 -0.146476 0.700703 217 219 207
0.103852 -0.145918 0.698036 212 214 202
0.106532 -0.144529 0.691387 213 214 202
0.107637 -0.141167 0.675299 223 224 211
0.110610 -0.140392 0.671589 225 227 215
0.113865 -0.140012 0.669771 224 227 214
0.117030 -0.139547 0.667547 227 229 215
0.120474 -0.139431 0.666995 226 228 214
0.123910 -0.139315 0.666438 226 228 216
0.127432 -0.139298 0.666358 224 228 216
0.131020 -0.139351 0.666617 226 228 216
0.134696 -0.139494 0.667300 226 230 218
0.138396 -0.139653 0.668063 225 229 217
0.142053 -0.139761 0.668585 225 229 217
0.145680 -0.139836 0.668943 224 228 216
0.149539 -0.140125 0.670328 221 225 213
0.153367 -0.140371 0.671508 199 200 185
0.173474 -0.148418 0.710033 168 169 152
0.177570 -0.148691 0.711342 169 170 152
0.181437 -0.148765 0.711699 160 161 145
0.185328 -0.148856 0.712136 153 154 138
0.189307 -0.149012 0.712887 160 162 145
0.193287 -0.149163 0.713610 165 165 149
0.197091 -0.149175 0.713669 166 165 149
0.200656 -0.149009 0.712875 137 133 117
0.203846 -0.148576 0.710807 74 79 70
0.225670 -0.153140 0.732659 173 177 158
-0.007498 -0.146147 0.717475 68 73 71
-0.003655 -0.144738 0.710553 160 158 150
0.000116 -0.144074 0.707295 179 181 164
0.003862 -0.143791 0.705907 176 174 155
0.007611 -0.143833 0.706115 173 173 153
0.011343 -0.143631 0.705124 173 174 156
0.015057 -0.143364 0.703813 170 172 153
0.018771 -0.143196 0.702992 167 168 150
0.022488 -0.143108 0.702559 170 171 153
0.026193 -0.142977 0.701918 167 168 150
0.029900 -0.142887 0.701477 170 172 155
0.033617 -0.142860 0.701346 165 168 151
0.037317 -0.142775 0.700931 168 170 152
0.041033 -0.142761 0.700864 164 164 148
0.044733 -0.142696 0.700549 171 171 155
0.048409 -0.142571 0.699937 171 172 154
0.052088 -0.142472 0.699451 169 170 152
0.055770 -0.142396 0.699078 166 169 152
0.059458 -0.142342 0.698816 167 169 152
0.063139 -0.142278 0.698505 166 167 150
0.066811 -0.142201 0.698129 166 166 149
0.070503 -0.142174 0.697994 165 167 150
0.074237 -0.142230 0.698272 166 168 151
0.077989 -0.142314 0.698686 165 167 150
0.081741 -0.142389 0.699060 164 165 147
0.085465 -0.142411 0.699168 155 155 138
0.089181 -0.142419 0.699206 163 162 146
0.092876 -0.142394 0.699087 165 167 151
0.096447 -0.142188 0.698079 223 225 213
0.099913 -0.141849 0.696412 212 214 202
0.103238 -0.141340 0.693915 211 214 201
0.106279 -0.140492 0.689750 215 216 204
0.108349 -0.138460 0.679770 217 217 205
0.110698 -0.136904 0.672126 209 209 198
0.113742 -0.136277 0.669050 219 221 208
0.116902 -0.135822 0.666816 225 227 213
0.120239 -0.135595 0.665701 233 236 223
0.123605 -0.135411 0.664798 225 227 215
0.127051 -0.135322 0.664366 226 229 217
0.130590 -0.135336 0.664433 226 229 215
0.134177 -0.135396 0.664731 227 232 219
0.137792 -0.135481 0.665149 226 230 218
0.141405 -0.135560 0.665539 225 228 216
0.145166 -0.135773 0.666588 218 222 209
0.149139 -0.136169 0.668537 205 203 189
0.153203 -0.136627 0.670790 195 195 180
0.158739 -0.138348 0.679245 170 170 153
0.172197 -0.143550 0.704808 168 169 151
0.176349 -0.143885 0.706456 168 169 151
0.180268 -0.144020 0.707117 166 167 151
0.184142 -0.144114 0.707581 160 163 147
0.188099 -0.144268 0.708341 160 161 144
0.192079 -0.144433 0.709152 163 163 147
0.196089 -0.144613 0.710042 163 163 147
0.199512 -0.144363 0.708813 160 160 144
0.202605 -0.143888 0.706482 199 177 167
0.205716 -0.143442 0.704292 106 109 100
0.227947 -0.148167 0.727515 173 177 158
0.232721 -0.148750 0.730379 175 177 159
0.237368 -0.149233 0.732757 149 154 134
-0.011361 -0.142994 0.720956 93 94 90
-0.007434 -0.141077 0.711284 124 113 126
-0.003630 -0.139963 0.705668 220 214 210
0.000115 -0.139353 0.702592 130 135 124
0.003839 -0.139173 0.701686 165 164 150
0.007565 -0.139211 0.701878 173 174 155
0.011280 -0.139086 0.701252 170 171 153
0.014980 -0.138883 0.700228 170 171 153
0.018675 -0.138723 0.699423 171 172 154
0.022374 -0.138642 0.699018 172 173 155
0.026065 -0.138541 0.698511 170 172 154
0.029754 -0.138453 0.698066 163 164 147
0.033442 -0.138382 0.697710 155 158 141
0.037127 -0.138315 0.697372 170 172 155
0.040810 -0.138253 0.697062 172 173 156
0.044474 -0.138142 0.696506 171 173 155
0.048125 -0.138009 0.695836 172 173 155
0.051789 -0.137930 0.695442 171 172 154
0.055461 -0.137884 0.695208 168 171 154
0.059136 -0.137848 0.695031 168 170 153
0.062788 -0.137768 0.694628 169 171 153
0.066410 -0.137633 0.693947 168 168 152
0.070069 -0.137584 0.693705 158 161 144
0.073803 -0.137681 0.694194 160 164 148
0.077555 -0.137801 0.694802 162 165 148
0.081289 -0.137879 0.695199 159 159 143
0.085000 -0.137913 0.695372 162 162 144
0.088701 -0.137928 0.695450 170 169 154
0.092359 -0.137879 0.695202 215 217 204
0.095910 -0.137679 0.694194 217 219 206
0.099323 -0.137303 0.692299 213 216 202
0.102549 -0.136705 0.689287 214 216 202
0.105653 -0.135992 0.685691 217 219 206
0.108535 -0.135050 0.680941 222 224 212
0.111365 -0.134106 0.676176 221 224 212
0.114048 -0.133050 0.670852 204 206 191
0.116923 -0.132275 0.666941 211 211 195
0.120064 -0.131836 0.664730 215 216 202
0.123334 -0.131561 0.663345 215 217 203
0.126749 -0.131451 0.662790 213 216 203
0.130270 -0.131454 0.662806 213 216 201
0.133857 -0.131521 0.663148 212 214 199
0.137472 -0.131612 0.663607 211 214 198
0.141125 -0.131733 0.664221 207 208 191
0.145000 -0.132051 0.665828 201 201 185
0.149013 -0.132476 0.667974 195 193 178
0.153554 -0.133339 0.672330 175 174 160
0.159651 -0.135483 0.683149 173 174 158
0.165939 -0.137689 0.694281 164 164 145
0.170962 -0.138773 0.699757 164 165 147
0.175249 -0.139228 0.702051 165 166 148
0.179227 -0.139423 0.703038 164 165 148
0.183114 -0.139540 0.703633 126 131 117
0.187051 -0.139691 0.704395 160 160 145
0.191011 -0.139853 0.705212 160 161 145
0.195214 -0.140182 0.706878 159 159 143
0.199064 -0.140251 0.707223 143 143 128
0.201593 -0.139404 0.702954 179 174 160
0.204207 -0.138646 0.699129 78 85 76
0.208648 -0.139132 0.701585 160 168 148
0.215189 -0.140975 0.710889 165 164 147
0.220919 -0.142234 0.717240 169 170 152
0.225865 -0.142954 0.720874 172 174 156
0.230620 -0.143530 0.723786 173 176 157
0.235310 -0.144049 0.726404 179 179 159
0.240143 -0.144636 0.729371 144 143 116
0.244743 -0.145068 0.731550 78 86 75
-0.011279 -0.138115 0.715683 99 100 95
-0.007379 -0.136245 0.705991 193 182 193
-0.003604 -0.135202 0.700584 194 190 187
0.000114 -0.134871 0.698867 106 103 103
0.003819 -0.134746 0.698220 119 120 115
0.007524 -0.134730 0.698141 170 169 151
0.011227 -0.134694 0.697954 170 170 152
0.014906 -0.134469 0.696790 169 169 153
0.018578 -0.134281 0.695818 171 171 155
0.022264 -0.134236 0.695589 160 162 146
0.025946 -0.134185 0.695326 168 169 152
0.029615 -0.134089 0.694831 171 171 154
0.033272 -0.133964 0.694185 171 171 154
0.036918 -0.133823 0.693453 163 163 147
0.040559 -0.133695 0.692792 171 172 154
0.044194 -0.133565 0.692119 172 173 155
0.047840 -0.133489 0.691727 172 173 155
0.051487 -0.133426 0.691402 170 172 154
0.055148 -0.133405 0.691294 168 170 153
0.058805 -0.133377 0.691151 167 170 151
0.062429 -0.133281 0.690657 164 167 148
0.066009 -0.133108 0.689763 167 167 151
0.069637 -0.133045 0.689437 157 161 144
0.073361 -0.133161 0.690043 151 160 143
0.077107 -0.133306 0.690795 156 160 145
0.080844 -0.133421 0.691395 160 162 146
0.084550 -0.133478 0.691692 160 160 144
0.088247 -0.133517 0.691895 170 169 153
0.091874 -0.133451 0.691552 228 232 218
0.095370 -0.133207 0.690293 215 219 207
0.098699 -0.132757 0.687960 213 216 203
0.101912 -0.132188 0.685013 214 216 204
0.105049 -0.131564 0.681777 217 219 207
0.108207 -0.131006 0.678884 218 222 210
0.111330 -0.130443 0.675970 215 219 207
0.114387 -0.129841 0.672847 199 201 185
0.117271 -0.129085 0.668929 191 187 172
0.120192 -0.128412 0.665442 193 193 176
0.123324 -0.127997 0.663291 198 198 181
0.126668 -0.127819 0.662370 204 203 187
0.130174 -0.127810 0.662322 205 205 190
0.133755 -0.127871 0.662643 204 205 187
0.137417 -0.128006 0.663345 200 201 182
0.141168 -0.128214 0.664425 195 195 177
0.145096 -0.128569 0.666269 184 186 166
0.149527 -0.129342 0.670278 172 171 155
0.155067 -0.131015 0.678957 187 187 173
0.160053 -0.132155 0.684868 192 192 177
0.164917 -0.133146 0.690009 165 166 148
0.169889 -0.134178 0.695368 164 165 147
0.174214 -0.134667 0.697906 165 166 148
0.178211 -0.134889 0.699056 164 164 147
0.182088 -0.135011 0.699694 126 133 122
0.186002 -0.135156 0.700446 160 164 149
0.189919 -0.135298 0.701183 158 159 142
0.193859 -0.135450 0.701973 163 163 146
0.197876 -0.135649 0.703006 164 164 148
0.200642 -0.134999 0.699642 165 166 150
0.202880 -0.134025 0.694589 108 112 98
0.206968 -0.134285 0.695939 88 92 81
0.212967 -0.135752 0.703551 160 162 145
0.223932 -0.137902 0.714706 171 173 152
0.228656 -0.138465 0.717626 171 174 155
0.233034 -0.138803 0.719381 173 174 156
0.237873 -0.139400 0.722481 186 186 158
0.242383 -0.139789 0.724498 149 145 115
0.246983 -0.140216 0.726716 90 96 82
0.251750 -0.140724 0.729352 80 85 76
-0.015273 -0.136017 0.724940 97 97 93
-0.011203 -0.133374 0.710847 78 73 73
-0.007319 -0.131371 0.700166 202 198 203
-0.003589 -0.130859 0.697436 173 172 162
0.000112 -0.130542 0.695749 227 214 215
0.003804 -0.130490 0.695471 175 174 162
0.007491 -0.130430 0.695156 169 168 152
0.011174 -0.130349 0.694722 160 160 142
0.014840 -0.130164 0.693741 164 163 146
0.018497 -0.129989 0.692811 172 171 155
0.022162 -0.129915 0.692417 168 168 152
0.025820 -0.129829 0.691960 168 169 152
0.029462 -0.129696 0.691250 170 171 153
0.033094 -0.129550 0.690477 169 170 152
0.036718 -0.129406 0.689709 167 167 150
0.040329 -0.129247 0.688863 171 171 154
0.043945 -0.129129 0.688235 170 171 153
0.047570 -0.129054 0.687839 172 173 155
0.051207 -0.129018 0.687646 171 173 155
0.054849 -0.129000 0.687555 168 170 153
0.058477 -0.128952 0.687300 167 170 151
0.062083 -0.128865 0.686836 164 166 148
0.065647 -0.128705 0.685984 166 168 149
0.069244 -0.128623 0.685553 159 163 146
0.072940 -0.128723 0.686089 153 162 145
0.076667 -0.128867 0.686854 152 158 144
0.080398 -0.129003 0.687585 160 161 145
0.084092 -0.129071 0.687948 162 163 145
0.087800 -0.129154 0.688394 168 169 153
0.091388 -0.129061 0.687898 205 208 195
0.094846 -0.128799 0.686502 218 221 210
0.098198 -0.128417 0.684470 213 216 204
0.101432 -0.127914 0.681787 214 216 204
0.104618 -0.127387 0.678979 217 219 207
0.107887 -0.126993 0.676878 218 221 208
0.111202 -0.126677 0.675197 228 232 220
0.114496 -0.126357 0.673492 202 203 188
0.117813 -0.126081 0.672018 185 184 168
0.121065 -0.125754 0.670276 176 174 159
0.124181 -0.125308 0.667902 182 179 161
0.127383 -0.124972 0.666112 184 180 163
0.130791 -0.124850 0.665461 181 180 162
0.134371 -0.124894 0.665696 181 177 159
0.138067 -0.125041 0.666484 179 176 157
0.141976 -0.125368 0.668232 173 172 154
0.146367 -0.126095 0.672108 178 179 161
0.151103 -0.127076 0.677344 181 181 166
0.155570 -0.127791 0.681162 182 184 169
0.159749 -0.128242 0.683571 185 187 172
0.164160 -0.128856 0.686844 176 177 162
0.168949 -0.129733 0.691525 167 167 151
0.173238 -0.130196 0.693999 166 167 150
0.177235 -0.130426 0.695228 165 167 149
0.181089 -0.130544 0.695858 162 164 149
0.184978 -0.130682 0.696595 135 138 122
0.188823 -0.130784 0.697141 164 164 147
0.192713 -0.130911 0.697825 165 165 148
0.196413 -0.130909 0.697811 163 163 146
0.199730 -0.130655 0.696462 164 165 149
0.201897 -0.129673 0.691225 182 184 169
0.205648 -0.129725 0.691502 74 80 74
0.211127 -0.130844 0.697474 169 173 160
0.222221 -0.133050 0.709247 167 169 149
0.226920 -0.133599 0.712179 168 170 150
0.231200 -0.133888 0.713723 171 172 153
0.235842 -0.134373 0.716313 173 172 152
0.240100 -0.134628 0.717676 141 141 115
0.244634 -0.135028 0.719807 151 148 113
0.249291 -0.135482 0.722231 86 90 79
-0.019281 -0.133243 0.731031 74 76 68
-0.015122 -0.130827 0.717769 164 164 155
-0.011120 -0.128595 0.705514 71 66 65
-0.007281 -0.126953 0.696500 201 203 188
-0.003570 -0.126452 0.693753 176 174 158
0.000111 -0.126276 0.692787 155 150 137
0.003786 -0.126203 0.692390 169 169 154
0.007458 -0.126150 0.692100 153 154 139
0.011124 -0.126070 0.691666 167 167 150
0.014774 -0.125885 0.690648 168 168 150
0.018413 -0.125709 0.689689 167 167 150
0.022056 -0.125609 0.689140 167 168 151
0.025696 -0.125518 0.688645 168 169 151
0.029326 -0.125413 0.688070 167 168 150
0.032941 -0.125274 0.687305 169 170 152
0.036545 -0.125121 0.686468 168 169 151
0.040138 -0.124964 0.685607 163 163 147
0.043737 -0.124852 0.684994 169 169 153
0.047347 -0.124782 0.684616 170 171 153
0.050960 -0.124732 0.684343 171 173 156
0.054582 -0.124707 0.684207 171 173 156
0.058193 -0.124665 0.683977 166 169 150
0.061786 -0.124589 0.683561 169 171 154
0.065347 -0.124460 0.682856 171 172 153
0.068922 -0.124371 0.682371 163 167 149
0.072561 -0.124400 0.682529 159 166 150
0.076248 -0.124505 0.683108 150 156 142
0.079954 -0.124630 0.683798 155 157 143
0.083638 -0.124711 0.684245 160 162 146
0.087329 -0.124795 0.684708 160 163 145
0.090954 -0.124782 0.684638 162 165 149
0.094445 -0.124593 0.683603 239 242 230
0.097839 -0.124295 0.681971 215 217 205
0.101111 -0.123870 0.679635 214 216 204
0.104400 -0.123493 0.677569 215 217 204
0.107722 -0.123179 0.675848 217 219 206
0.111090 -0.122936 0.674517 214 219 206
0.114482 -0.122735 0.673411 211 213 198
0.117882 -0.122553 0.672418 202 203 187
0.121276 -0.122376 0.671448 182 180 164
0.124591 -0.122132 0.670110 179 179 163
0.127979 -0.121971 0.669226 178 176 161
0.131531 -0.121970 0.669225 176 174 159
0.135260 -0.122130 0.670104 176 172 156
0.139051 -0.122335 0.671232 173 173 156
0.142962 -0.122634 0.672874 175 174 157
0.147058 -0.123072 0.675282 176 178 160
0.151260 -0.123575 0.678047 181 181 167
0.155368 -0.123981 0.680278 182 185 172
0.159468 -0.124361 0.682369 184 186 172
0.163716 -0.124838 0.684990 186 186 172
0.168180 -0.125455 0.688378 169 170 153
0.172367 -0.125843 0.690513 167 169 151
0.176353 -0.126072 0.691771 165 168 149
0.180176 -0.126178 0.692353 164 167 148
0.184003 -0.126282 0.692926 165 167 148
0.187830 -0.126382 0.693477 163 164 146
0.191622 -0.126454 0.693876 152 153 135
0.195414 -0.126524 0.694264 164 165 147
0.198917 -0.126408 0.693630 166 167 149
0.201500 -0.125723 0.689868 168 170 153
0.204569 -0.125360 0.687875 89 95 87
0.209603 -0.126191 0.692442 167 171 155
0.220788 -0.128418 0.704679 167 168 148
0.225430 -0.128933 0.707506 167 169 147
0.229810 -0.129283 0.709433 170 171 150
0.234124 -0.129586 0.711100 170 169 150
0.238106 -0.129699 0.711719 171 169 153
0.242437 -0.129995 0.713346 144 142 112
0.247073 -0.130443 0.715807 136 131 103
0.251998 -0.131027 0.719019 73 80 68
-0.019178 -0.128629 0.727080 80 84 76
-0.015009 -0.126028 0.712373 137 139 134
-0.011005 -0.123526 0.698222 70 68 67
-0.007245 -0.122597 0.692967 187 187 176
-0.003552 -0.122093 0.690118 173 173 154
0.000110 -0.121941 0.689264 167 166 151
0.003768 -0.121929 0.689193 160 161 143
0.007424 -0.121899 0.689030 160 161 144
0.011074 -0.121820 0.688585 165 165 148
0.014703 -0.121604 0.687363 167 167 150
0.018327 -0.121448 0.686485 168 169 152
0.021951 -0.121340 0.685875 166 167 150
0.025571 -0.121242 0.685323 171 172 154
0.029184 -0.121141 0.684754 170 171 153
0.032784 -0.121015 0.684043 170 171 153
0.036373 -0.120874 0.683245 170 171 153
0.039939 -0.120694 0.682228 168 169 152
0.043535 -0.120623 0.681834 169 169 153
0.047133 -0.120569 0.681530 169 170 152
0.050727 -0.120514 0.681221 169 170 152
0.054328 -0.120482 0.681041 172 174 156
0.057924 -0.120441 0.680811 171 174 155
0.061501 -0.120370 0.680412 173 177 158
0.065050 -0.120254 0.679757 176 177 158
0.068613 -0.120177 0.679321 170 172 154
0.072224 -0.120185 0.679368 160 164 148
0.075871 -0.120249 0.679733 160 165 151
0.079545 -0.120349 0.680305 149 155 141
0.083198 -0.120410 0.680649 157 160 145
0.086853 -0.120467 0.680976 160 164 147
0.090474 -0.120476 0.681030 165 168 149
0.094008 -0.120373 0.680445 193 195 182
0.097460 -0.120176 0.679334 221 222 211
0.100799 -0.119859 0.677542 215 217 204
0.104141 -0.119566 0.675888 215 217 203
0.107496 -0.119309 0.674436 214 216 203
0.110913 -0.119133 0.673445 215 217 204
0.114359 -0.118999 0.672689 212 214 202
0.117826 -0.118895 0.672099 207 208 195
0.121321 -0.118824 0.671700 194 193 177
0.124755 -0.118699 0.670994 182 181 167
0.128274 -0.118659 0.670772 176 176 160
0.131869 -0.118690 0.670950 175 174 157
0.135574 -0.118815 0.671660 176 173 157
0.139368 -0.119010 0.672764 175 174 157
0.143253 -0.119272 0.674246 176 176 159
0.147171 -0.119546 0.675800 178 179 161
0.151150 -0.119857 0.677560 181 181 167
0.155122 -0.120146 0.679202 182 184 171
0.159067 -0.120403 0.680656 187 190 175
0.163212 -0.120796 0.682882 189 190 176
0.167494 -0.121271 0.685574 167 169 151
0.171557 -0.121571 0.687270 167 170 151
0.175443 -0.121736 0.688206 167 170 151
0.179224 -0.121822 0.688697 167 170 151
0.183007 -0.121907 0.689178 166 169 150
0.186789 -0.121987 0.689634 163 164 146
0.190565 -0.122061 0.690051 163 164 146
0.194384 -0.122158 0.690606 165 166 148
0.197969 -0.122108 0.690325 169 170 152
0.200785 -0.121595 0.687421 168 169 151
0.203593 -0.121095 0.684595 149 151 135
0.207857 -0.121462 0.686677 165 168 149
0.219614 -0.123981 0.700934 156 156 135
0.224021 -0.124361 0.703086 164 165 143
0.228348 -0.124685 0.704922 169 170 148
0.232532 -0.124922 0.706265 167 168 149
0.236352 -0.124960 0.706480 157 145 131
0.240605 -0.125221 0.707958 165 157 139
0.245101 -0.125598 0.710096 157 145 119
0.249908 -0.126121 0.713056 148 148 116
-0.023221 -0.125731 0.732895 83 80 78
-0.019023 -0.123725 0.721197 84 88 80
-0.014914 -0.121430 0.707809 122 124 117
-0.010981 -0.119511 0.696617 81 79 77
-0.007215 -0.118380 0.690024 158 159 150
-0.003535 -0.117806 0.686678 179 176 157
0.000109 -0.117688 0.685989 169 167 152
0.003748 -0.117626 0.685629 168 169 152
0.007387 -0.117616 0.685576 168 169 150
0.011019 -0.117553 0.685212 167 166 150
0.014635 -0.117380 0.684203 171 171 155
0.018242 -0.117227 0.683314 173 173 157
0.021849 -0.117121 0.682695 175 176 160
0.025455 -0.117040 0.682225 176 177 161
0.029056 -0.116958 0.681750 175 176 159
0.032645 -0.116853 0.681140 175 176 158
0.036224 -0.116739 0.680475 173 173 156
0.039787 -0.116595 0.679640 172 172 155
0.043352 -0.116481 0.678979 160 161 145
0.046927 -0.116410 0.678564 168 169 151
0.050506 -0.116356 0.678254 167 168 150
0.054090 -0.116322 0.678055 168 169 151
0.057670 -0.116284 0.677835 173 174 157
0.061235 -0.116222 0.677477 176 177 159
0.064780 -0.116131 0.676946 176 178 159
0.068333 -0.116063 0.676553 176 178 161
0.071905 -0.116032 0.676372 165 168 150
0.075507 -0.116050 0.676483 163 166 151
0.079145 -0.116119 0.676887 156 160 147
0.082767 -0.116160 0.677126 149 154 140
0.086399 -0.116210 0.677422 159 161 145
0.090029 -0.116254 0.677680 164 166 148
0.093613 -0.116238 0.677593 162 163 147
0.097113 -0.116122 0.676916 200 203 187
0.100500 -0.115885 0.675538 218 222 208
0.103868 -0.115643 0.674125 217 219 204
0.107239 -0.115419 0.672822 213 216 201
0.110688 -0.115292 0.672083 212 214 200
0.114183 -0.115219 0.671656 212 214 202
0.117682 -0.115154 0.671284 211 214 200
0.121213 -0.115124 0.671108 205 206 193
0.124752 -0.115102 0.670983 198 198 183
0.128338 -0.115123 0.671107 187 187 172
0.131945 -0.115162 0.671339 181 180 163
0.135627 -0.115263 0.671927 179 174 161
0.139384 -0.115420 0.672845 179 176 161
0.143221 -0.115634 0.674097 179 179 163
0.147051 -0.115832 0.675255 182 182 167
0.150916 -0.116047 0.676512 187 186 171
0.154773 -0.116246 0.677675 193 195 180
0.158735 -0.116514 0.679239 198 201 186
0.162731 -0.116793 0.680871 184 186 171
0.166842 -0.117142 0.682907 167 169 151
0.170754 -0.117339 0.684058 164 167 148
0.174540 -0.117442 0.684665 168 171 152
0.178281 -0.117512 0.685075 166 169 150
0.182022 -0.117579 0.685469 162 165 146
0.185754 -0.117638 0.685816 160 162 144
0.189553 -0.117736 0.686389 163 164 146
0.193325 -0.117814 0.686848 165 167 149
0.197027 -0.117848 0.687045 168 170 152
0.200264 -0.117606 0.685639 172 173 155
0.203194 -0.117198 0.683257 160 163 146
0.206976 -0.117285 0.683770 168 171 152
0.212916 -0.118570 0.691270 163 164 144
0.218263 -0.119487 0.696623 159 159 135
0.222726 -0.119899 0.699025 166 166 142
0.227009 -0.120201 0.700792 167 166 145
0.231151 -0.120420 0.702073 168 166 145
0.235044 -0.120505 0.702572 117 103 81
0.239147 -0.120693 0.703670 189 165 129
0.243473 -0.120986 0.705383 155 128 96
0.248056 -0.121396 0.707776 129 108 79
-0.023043 -0.120867 0.727251 86 84 79
-0.018874 -0.118922 0.715537 100 98 93
-0.014831 -0.116979 0.703842 114 113 106
-0.010949 -0.115442 0.694588 103 102 98
-0.007190 -0.114285 0.687621 105 107 100
-0.003519 -0.113593 0.683461 179 178 161
0.000108 -0.113431 0.682486 176 176 161
0.003727 -0.113328 0.681868 178 178 163
0.007348 -0.113352 0.682015 176 177 161
0.010964 -0.113319 0.681816 173 176 161
0.014564 -0.113172 0.680933 178 180 165
0.018154 -0.113022 0.680036 178 180 165
0.021744 -0.112922 0.679434 179 180 166
0.025336 -0.112859 0.679056 179 180 166
0.028922 -0.112789 0.678639 178 178 164
0.032498 -0.112698 0.678093 176 176 160
0.036068 -0.112606 0.677540 175 174 157
0.039624 -0.112492 0.676857 173 173 156
0.043176 -0.112387 0.676228 172 172 156
0.046727 -0.112295 0.675672 162 162 145
0.050295 -0.112253 0.675426 166 167 149
0.053857 -0.112206 0.675143 167 168 150
0.057414 -0.112154 0.674832 171 172 154
0.060958 -0.112085 0.674422 173 174 157
0.064493 -0.112007 0.673952 178 181 162
0.068036 -0.111951 0.673620 179 181 164
0.071576 -0.111895 0.673280 176 178 161
0.075134 -0.111872 0.673144 165 167 151
0.078734 -0.111910 0.673376 163 165 150
0.082332 -0.111942 0.673575 155 158 143
0.085953 -0.112002 0.673933 154 158 143
0.089597 -0.112084 0.674433 163 165 149
0.093224 -0.112142 0.674781 165 168 149
0.096774 -0.112104 0.674557 163 164 146
0.100215 -0.111948 0.673622 186 186 168
0.103596 -0.111738 0.672360 223 224 210
0.106938 -0.111502 0.670940 220 222 208
0.110358 -0.111360 0.670083 214 216 202
0.113898 -0.111343 0.669984 212 214 202
0.117451 -0.111340 0.669968 211 214 201
0.120997 -0.111330 0.669913 208 211 196
0.124563 -0.111339 0.669968 205 206 192
0.128172 -0.111385 0.670246 201 201 188
0.131810 -0.111452 0.670656 199 198 185
0.135498 -0.111557 0.671290 195 195 181
0.139224 -0.111687 0.672076 193 193 179
0.142978 -0.111833 0.672953 195 195 181
0.146738 -0.111976 0.673818 198 200 185
0.150560 -0.112158 0.674918 201 203 190
0.154418 -0.112358 0.676123 205 208 194
0.158283 -0.112554 0.677308 194 197 182
0.162267 -0.112824 0.678935 165 168 150
0.166202 -0.113049 0.680290 167 170 151
0.169948 -0.113138 0.680829 167 170 151
0.173619 -0.113175 0.681053 167 170 151
0.177317 -0.113228 0.681376 167 170 151
0.181021 -0.113282 0.681702 160 163 144
0.184752 -0.113350 0.682118 157 158 142
0.188535 -0.113447 0.682706 163 164 146
0.192291 -0.113525 0.683176 166 168 151
0.196007 -0.113576 0.683488 165 167 150
0.199519 -0.113511 0.683093 159 161 144
0.202817 -0.113327 0.681989 156 158 142
0.206720 -0.113482 0.682926 165 167 147
0.212035 -0.114392 0.688410 163 164 144
0.216950 -0.115060 0.692435 160 160 136
0.221433 -0.115480 0.694969 157 157 133
0.225685 -0.115769 0.696707 163 162 141
0.229767 -0.115962 0.697874 154 149 130
0.233680 -0.116065 0.698495 142 116 89
0.237795 -0.116263 0.699695 143 116 92
0.242008 -0.116503 0.701139 137 106 81
0.246308 -0.116776 0.702788 136 109 80
0.251058 -0.117252 0.705655 128 108 93
-0.027042 -0.117576 0.731009 83 77 76
-0.022864 -0.116060 0.721579 89 87 82
-0.018745 -0.114297 0.710611 115 113 108
-0.014763 -0.112690 0.700615 108 107 101
-0.010920 -0.111415 0.692682 116 115 108
-0.007166 -0.110229 0.685307 81 83 75
-0.003505 -0.109464 0.680548 187 187 173
0.000107 -0.109212 0.678980 254 251 255
0.003707 -0.109102 0.678302 192 195 187
0.007308 -0.109122 0.678429 189 195 185
0.010907 -0.109101 0.678297 185 189 177
0.014491 -0.108978 0.677535 179 181 167
0.018064 -0.108841 0.676683 182 184 170
0.021637 -0.108749 0.676116 179 182 167
0.025213 -0.108692 0.675764 179 180 166
0.028785 -0.108639 0.675434 176 176 162
0.032352 -0.108576 0.675049 170 170 155
0.035914 -0.108515 0.674668 167 166 150
0.039470 -0.108444 0.674233 163 164 146
0.043021 -0.108375 0.673801 157 158 140
0.046570 -0.108313 0.673418 150 150 133
0.050114 -0.108246 0.673008 160 161 144
0.053657 -0.108187 0.672639 165 166 149
0.057192 -0.108120 0.672228 169 170 152
0.060710 -0.108031 0.671675 171 172 154
0.064224 -0.107946 0.671149 175 177 160
0.067754 -0.107894 0.670825 182 184 167
0.071262 -0.107815 0.670338 182 184 167
0.074779 -0.107756 0.669971 176 179 162
0.078335 -0.107755 0.669971 162 164 149
0.081897 -0.107763 0.670019 160 163 148
0.085485 -0.107802 0.670267 155 158 143
0.089119 -0.107895 0.670846 159 161 146
0.092782 -0.108013 0.671584 165 166 150
0.096412 -0.108086 0.672041 168 169 152
0.099966 -0.108072 0.671956 160 156 135
0.103413 -0.107946 0.671177 158 154 135
0.106739 -0.107708 0.669693 194 193 179
0.110125 -0.107543 0.668674 220 221 207
0.113574 -0.107448 0.668085 215 217 204
0.117110 -0.107439 0.668027 212 214 202
0.120652 -0.107435 0.668006 212 214 201
0.124236 -0.107467 0.668209 208 211 196
0.127847 -0.107521 0.668545 205 206 192
0.131463 -0.107576 0.668889 204 203 190
0.135128 -0.107667 0.669459 202 203 189
0.138820 -0.107774 0.670130 202 203 189
0.142540 -0.107897 0.670896 204 203 190
0.146293 -0.108038 0.671777 205 206 192
0.150143 -0.108242 0.673050 204 206 191
0.153994 -0.108438 0.674272 193 195 179
0.157849 -0.108628 0.675454 157 158 142
0.161718 -0.108818 0.676637 165 167 149
0.165463 -0.108919 0.677269 166 169 150
0.169093 -0.108941 0.677410 166 169 150
0.172711 -0.108954 0.677495 168 171 152
0.176372 -0.108994 0.677747 166 169 150
0.180081 -0.109061 0.678164 165 168 149
0.183804 -0.109134 0.678623 162 163 146
0.187577 -0.109233 0.679241 163 166 147
0.191285 -0.109291 0.679604 167 169 152
0.194985 -0.109343 0.679929 165 167 150
0.198604 -0.109348 0.679961 163 165 148
0.202029 -0.109248 0.679342 157 159 142
0.206090 -0.109489 0.680847 159 162 144
0.211212 -0.110275 0.685741 160 161 141
0.215762 -0.110742 0.688647 158 159 137
0.220175 -0.111123 0.691022 155 154 133
0.224434 -0.111416 0.692848 157 156 135
0.228558 -0.111633 0.694203 153 150 132
0.232538 -0.111775 0.695085 132 110 85
0.236636 -0.111967 0.696287 112 89 68
0.240800 -0.112185 0.697642 143 110 91
0.244880 -0.112357 0.698716 122 91 77
0.249395 -0.112721 0.700984 115 102 75
-0.026843 -0.112821 0.725612 86 83 81
-0.022720 -0.111485 0.717012 89 88 85
-0.018648 -0.109917 0.706923 124 122 116
-0.014707 -0.108517 0.697910 109 108 100
-0.010892 -0.107426 0.690893 115 103 96
-0.007149 -0.106294 0.683607 86 83 77
-0.003494 -0.105492 0.678447 199 198 190
0.000106 -0.105104 0.675952 254 253 255
0.003690 -0.104998 0.675271 240 242 242
0.007272 -0.104969 0.675092 204 208 201
0.010854 -0.104958 0.675018 191 195 185
0.014423 -0.104860 0.674395 185 187 175
0.017981 -0.104736 0.673595 179 181 168
0.021534 -0.104626 0.672894 168 169 157
0.025088 -0.104557 0.672449 169 169 155
0.028644 -0.104507 0.672133 170 170 155
0.032197 -0.104460 0.671827 170 170 154
0.035749 -0.104421 0.671581 167 167 151
0.039304 -0.104394 0.671408 164 165 147
0.042856 -0.104366 0.671234 166 167 149
0.046405 -0.104335 0.671034 164 165 147
0.049950 -0.104301 0.670819 152 152 136
0.053495 -0.104270 0.670619 154 154 138
0.056994 -0.104159 0.669909 158 158 141
0.060481 -0.104042 0.669157 166 166 150
0.063979 -0.103954 0.668593 170 171 155
0.067489 -0.103894 0.668214 171 174 159
0.070943 -0.103758 0.667338 182 185 168
0.074414 -0.103659 0.666702 185 187 170
0.077918 -0.103613 0.666409 182 184 167
0.081436 -0.103588 0.666253 166 168 153
0.085030 -0.103658 0.666706 159 161 146
0.088666 -0.103771 0.667436 153 157 142
0.092329 -0.103907 0.668312 162 165 149
0.095983 -0.104022 0.669053 168 169 150
0.099610 -0.104100 0.669563 173 169 146
0.103155 -0.104091 0.669506 164 158 136
0.106527 -0.103914 0.668369 167 159 143
0.109880 -0.103731 0.667189 157 152 132
0.113280 -0.103601 0.666357 179 176 159
0.116766 -0.103555 0.666064 200 198 183
0.120300 -0.103554 0.666057 206 206 192
0.123854 -0.103569 0.666160 211 213 198
0.127441 -0.103610 0.666425 208 211 196
0.131024 -0.103646 0.666659 207 208 193
0.134663 -0.103723 0.667157 205 206 192
0.138342 -0.103826 0.667826 205 206 193
0.142079 -0.103966 0.668730 202 201 188
0.145878 -0.104144 0.669873 188 190 176
0.149732 -0.104351 0.671213 168 168 153
0.153520 -0.104504 0.672198 162 163 145
0.157244 -0.104607 0.672866 156 157 138
0.160932 -0.104683 0.673353 160 163 145
0.164568 -0.104722 0.673607 165 168 149
0.168168 -0.104737 0.673707 168 171 152
0.171744 -0.104736 0.673704 167 170 151
0.175343 -0.104750 0.673794 166 169 150
0.179011 -0.104803 0.674139 165 167 149
0.182726 -0.104880 0.674642 164 167 149
0.186528 -0.105005 0.675444 169 172 153
0.190266 -0.105089 0.675987 172 174 157
0.193981 -0.105157 0.676430 171 174 158
0.197640 -0.105193 0.676665 167 169 153
0.201273 -0.105214 0.676803 135 138 122
0.205426 -0.105501 0.678655 157 159 139
0.210173 -0.106078 0.682368 150 152 132
0.214559 -0.106456 0.684809 148 149 129
0.218866 -0.106783 0.686916 145 145 125
0.223077 -0.107054 0.688661 149 148 127
0.227231 -0.107288 0.690174 167 165 143
0.231385 -0.107516 0.691640 107 93 68
0.235476 -0.107707 0.692874 128 103 83
0.239568 -0.107893 0.694076 129 102 82
0.243657 -0.108072 0.695228 118 98 81
0.248053 -0.108380 0.697214 122 109 84
0.252848 -0.108850 0.700243 150 142 113
0.258381 -0.109619 0.705197 142 131 97
-0.026650 -0.108149 0.720377 90 88 84
-0.022579 -0.106976 0.712563 88 92 85
-0.018557 -0.105605 0.703420 129 128 121
-0.014647 -0.104350 0.695059 139 136 129
-0.010861 -0.103425 0.688893 105 92 86
-0.007137 -0.102453 0.682418 88 82 76
-0.003484 -0.101555 0.676430 162 165 155
0.000105 -0.101043 0.673017 240 239 238
0.003671 -0.100866 0.671843 252 255 255
0.007234 -0.100836 0.671643 215 219 216
0.010797 -0.100822 0.671551 193 197 188
0.014349 -0.100733 0.670963 182 185 171
0.017888 -0.100606 0.670120 178 178 163
0.021420 -0.100493 0.669371 173 174 158
0.024954 -0.100417 0.668865 171 170 154
0.028494 -0.100381 0.668630 169 170 152
0.032033 -0.100349 0.668418 167 167 150
0.035575 -0.100333 0.668310 167 166 149
0.039120 -0.100328 0.668282 166 165 146
0.042666 -0.100325 0.668265 165 164 145
0.046213 -0.100325 0.668270 165 164 145
0.049768 -0.100342 0.668381 164 163 144
0.053373 -0.100449 0.669099 150 150 133
0.056946 -0.100486 0.669351 162 162 146
0.060388 -0.100303 0.668129 160 161 145
0.063787 -0.100071 0.666587 159 159 143
0.067258 -0.099971 0.665923 167 168 152
0.070693 -0.099831 0.664992 172 174 157
0.074145 -0.099727 0.664298 182 186 171
0.077603 -0.099639 0.663715 187 190 175
0.081070 -0.099570 0.663258 185 187 172
0.084575 -0.099552 0.663144 171 173 156
0.088196 -0.099666 0.663907 157 161 146
0.091858 -0.099816 0.664908 155 159 144
0.095499 -0.099932 0.665681 166 166 149
0.099135 -0.100036 0.666377 172 168 150
0.102733 -0.100094 0.666768 165 159 140
0.106201 -0.100027 0.666325 160 155 134
0.109631 -0.099930 0.665679 163 156 135
0.113075 -0.099851 0.665153 155 146 123
0.116461 -0.099727 0.664332 148 139 116
0.119915 -0.099667 0.663931 136 134 114
0.123437 -0.099665 0.663920 152 148 128
0.126977 -0.099677 0.664004 156 152 132
0.130531 -0.099699 0.664155 153 150 133
0.134161 -0.099777 0.664676 155 150 130
0.137879 -0.099914 0.665590 147 143 126
0.141692 -0.100111 0.666911 128 126 111
0.145487 -0.100286 0.668081 165 165 151
0.149247 -0.100430 0.669040 156 156 140
0.152892 -0.100491 0.669450 156 157 140
0.156499 -0.100525 0.669681 159 160 142
0.160095 -0.100550 0.669852 160 161 143
0.163681 -0.100569 0.669978 164 166 147
0.167241 -0.100571 0.669996 168 170 151
0.170744 -0.100539 0.669785 167 170 151
0.174294 -0.100536 0.669766 164 167 148
0.177935 -0.100584 0.670090 160 162 144
0.181700 -0.100699 0.670859 173 174 158
0.185533 -0.100846 0.671844 172 174 157
0.189293 -0.100949 0.672533 170 174 157
0.193007 -0.101024 0.673035 172 174 160
0.196675 -0.101073 0.673361 167 171 154
0.200376 -0.101136 0.673789 146 152 134
0.204457 -0.101386 0.675454 158 163 144
0.209059 -0.101880 0.678757 165 168 149
0.213397 -0.102232 0.681101 155 156 136
0.217652 -0.102532 0.683107 145 144 125
0.221835 -0.102790 0.684828 146 145 124
0.225962 -0.103013 0.686323 153 152 130
0.230160 -0.103262 0.687981 113 106 91
0.234291 -0.103473 0.689392 124 109 87
0.238339 -0.103641 0.690515 106 93 73
0.242292 -0.103764 0.691337 112 95 80
0.246669 -0.104062 0.693326 117 103 80
0.251389 -0.104493 0.696205 175 174 148
0.256729 -0.105165 0.700691 141 135 100
0.263156 -0.106257 0.707975 108 101 77
-0.026477 -0.103609 0.715669 88 89 81
-0.022449 -0.102562 0.708431 91 92 83
-0.018485 -0.101440 0.700679 142 141 134
-0.014595 -0.100263 0.692544 188 190 179
-0.010831 -0.099453 0.686948 122 114 107
-0.007124 -0.098615 0.681158 115 103 95
-0.003475 -0.097651 0.674494 84 83 77
0.000104 -0.097075 0.670510 192 190 186
0.003654 -0.096832 0.668838 253 253 255
0.007199 -0.096775 0.668443 233 236 234
0.010743 -0.096741 0.668212 187 187 177
0.014278 -0.096658 0.667640 179 178 163
0.017798 -0.096531 0.666767 173 171 155
0.021311 -0.096416 0.665976 160 160 143
0.024826 -0.096339 0.665441 166 165 149
0.028347 -0.096301 0.665182 164 164 147
0.031869 -0.096276 0.665016 165 164 147
0.035399 -0.096277 0.665025 165 164 147
0.038929 -0.096277 0.665023 165 164 145
0.042457 -0.096272 0.664994 166 163 145
0.045993 -0.096286 0.665093 165 162 144
0.049525 -0.096290 0.665122 163 162 143
0.053056 -0.096290 0.665127 164 163 146
0.056629 -0.096364 0.665638 150 150 133
0.060115 -0.096288 0.665116 150 150 134
0.063542 -0.096132 0.664041 165 165 149
0.067013 -0.096055 0.663510 162 164 147
0.070477 -0.095976 0.662970 165 167 150
0.073917 -0.095873 0.662257 166 170 154
0.077365 -0.095790 0.661687 181 184 167
0.080808 -0.095708 0.661123 189 192 175
0.084258 -0.095640 0.660658 191 192 175
0.087758 -0.095633 0.660608 178 178 161
0.091355 -0.095728 0.661270 164 164 148
0.095013 -0.095877 0.662299 162 162 146
0.098634 -0.095979 0.663011 168 167 149
0.102232 -0.096053 0.663522 170 167 148
0.105735 -0.096036 0.663407 173 170 150
0.109222 -0.096005 0.663196 155 150 130
0.112720 -0.095985 0.663065 154 147 126
0.116197 -0.095950 0.662827 156 149 127
0.119674 -0.095917 0.662600 152 145 123
0.123196 -0.095921 0.662627 150 143 121
0.126765 -0.095960 0.662900 148 142 119
0.130337 -0.095998 0.663167 149 142 119
0.133945 -0.096061 0.663605 147 140 117
0.137607 -0.096159 0.664281 136 132 111
0.141293 -0.096267 0.665035 154 156 139
0.144962 -0.096359 0.665671 160 160 146
0.148598 -0.096425 0.666133 159 159 143
0.152158 -0.096440 0.666241 159 160 142
0.155714 -0.096452 0.666323 160 161 143
0.159243 -0.096447 0.666292 164 165 147
0.162765 -0.096438 0.666230 166 167 149
0.166292 -0.096432 0.666196 165 166 148
0.169804 -0.096418 0.666100 165 166 148
0.173419 -0.096462 0.666405 163 165 147
0.177122 -0.096551 0.667028 176 180 161
0.180913 -0.096685 0.667955 176 180 161
0.184691 -0.096806 0.668797 176 180 161
0.188408 -0.096892 0.669391 170 174 157
0.192113 -0.096968 0.669920 167 172 156
0.195806 -0.097035 0.670388 159 163 146
0.199575 -0.097137 0.671096 157 162 144
0.203641 -0.097378 0.672761 163 166 147
0.208013 -0.097753 0.675363 162 165 146
0.212250 -0.098054 0.677444 158 159 139
0.216431 -0.098319 0.679279 154 154 134
0.220575 -0.098559 0.680942 150 149 128
0.224689 -0.098778 0.682458 152 150 127
0.228924 -0.099042 0.684288 160 155 131
0.233121 -0.099282 0.685950 105 103 79
0.237195 -0.099463 0.687203 101 97 76
0.241153 -0.099590 0.688089 94 90 77
0.245514 -0.099878 0.690079 141 134 116
0.249988 -0.100202 0.692327 168 169 143
0.255485 -0.100921 0.697298 182 181 154
0.261434 -0.101794 0.703343 122 119 90
-0.026310 -0.099145 0.711143 91 91 84
-0.022361 -0.098375 0.705619 93 95 86
-0.018417 -0.097324 0.698075 141 141 131
-0.014549 -0.096248 0.690356 164 163 152
-0.010804 -0.095530 0.685198 135 132 122
-0.007114 -0.094825 0.680144 108 98 92
-0.003470 -0.093890 0.673434 75 75 68
0.000103 -0.093191 0.668415 173 172 165
0.003639 -0.092888 0.666242 219 216 217
0.007169 -0.092808 0.665671 204 206 198
0.010696 -0.092759 0.665320 178 177 161
0.014217 -0.092692 0.664844 172 171 153
0.017725 -0.092585 0.664080 168 167 148
0.021223 -0.092469 0.663248 167 166 148
0.024722 -0.092389 0.662677 153 154 136
0.028227 -0.092349 0.662395 164 164 146
0.031732 -0.092317 0.662166 164 163 146
0.035242 -0.092305 0.662081 164 162 145
0.038752 -0.092294 0.662005 163 162 143
0.042264 -0.092290 0.661981 162 161 142
0.045786 -0.092308 0.662110 166 162 144
0.049329 -0.092362 0.662501 162 161 142
0.052846 -0.092361 0.662501 163 162 143
0.056321 -0.092294 0.662020 164 162 143
0.059820 -0.092270 0.661852 157 157 141
0.063290 -0.092208 0.661408 164 163 146
0.066763 -0.092156 0.661035 165 166 149
0.070231 -0.092103 0.660661 166 166 149
0.073707 -0.092064 0.660380 164 164 146
0.077164 -0.092007 0.659976 167 168 150
0.080584 -0.091912 0.659296 173 176 160
0.084026 -0.091848 0.658843 182 185 167
0.087489 -0.091813 0.658589 154 155 134
0.090977 -0.091805 0.658535 168 169 151
0.094553 -0.091883 0.659100 167 167 150
0.098140 -0.091966 0.659695 167 166 149
0.101696 -0.092014 0.660050 167 164 149
0.105196 -0.092011 0.660025 169 165 148
0.108685 -0.091999 0.659943 164 160 142
0.112201 -0.092009 0.660017 158 154 134
0.115714 -0.092016 0.660075 152 148 126
0.119217 -0.092015 0.660069 145 141 118
0.122768 -0.092051 0.660328 144 140 118
0.126365 -0.092117 0.660808 139 134 112
0.129947 -0.092170 0.661186 137 134 111
0.133533 -0.092222 0.661568 141 138 116
0.137135 -0.092283 0.662005 165 164 145
0.140672 -0.092297 0.662112 166 167 149
0.144217 -0.092317 0.662253 164 165 148
0.147782 -0.092347 0.662477 160 162 144
0.151316 -0.092358 0.662555 160 161 144
0.154830 -0.092356 0.662546 164 165 147
0.158324 -0.092342 0.662448 167 168 148
0.161834 -0.092338 0.662423 165 166 148
0.165368 -0.092348 0.662497 163 164 146
0.168909 -0.092361 0.662593 168 168 150
0.172645 -0.092478 0.663433 182 184 167
0.176385 -0.092592 0.664256 178 182 163
0.180170 -0.092725 0.665213 176 181 163
0.183930 -0.092840 0.666041 175 179 162
0.187657 -0.092934 0.666723 166 170 153
0.191384 -0.093025 0.667379 159 162 145
0.195085 -0.093100 0.667921 162 164 147
0.198875 -0.093215 0.668745 155 157 140
0.202875 -0.093422 0.670234 163 166 147
0.207078 -0.093713 0.672327 163 164 145
0.211219 -0.093966 0.674153 160 161 142
0.215341 -0.094204 0.675860 158 161 140
0.219450 -0.094427 0.677469 154 155 134
0.223520 -0.094627 0.678909 149 148 127
0.227784 -0.094902 0.680881 156 153 130
0.231993 -0.095145 0.682633 157 158 136
0.236104 -0.095341 0.684045 147 145 126
0.240187 -0.095521 0.685334 137 133 114
0.244626 -0.095834 0.687586 169 167 147
0.249059 -0.096135 0.689754 167 168 145
0.254337 -0.096749 0.694167 178 174 153
0.260337 -0.097616 0.700395 182 185 164
-0.026217 -0.094997 0.708617 90 92 83
-0.022283 -0.094265 0.703156 94 96 87
-0.018360 -0.093295 0.695915 133 133 124
-0.014515 -0.092328 0.688699 105 103 91
-0.010778 -0.091634 0.683521 90 89 75
-0.007103 -0.091035 0.679050 98 91 84
-0.003470 -0.090269 0.673333 99 91 87
0.000103 -0.089438 0.667134 71 73 66
0.003627 -0.089040 0.664161 173 170 153
0.007140 -0.088895 0.663081 173 173 155
0.010653 -0.088837 0.662652 170 168 151
0.014159 -0.088770 0.662151 167 166 148
0.017654 -0.088671 0.661417 165 164 145
0.021137 -0.088555 0.660550 165 164 145
0.024619 -0.088471 0.659932 164 164 147
0.028106 -0.088422 0.659570 157 157 139
0.031591 -0.088376 0.659225 163 162 143
0.035081 -0.088354 0.659068 164 160 142
0.038575 -0.088345 0.659000 160 159 140
0.042083 -0.088365 0.659155 160 157 139
0.045588 -0.088379 0.659256 162 158 138
0.049075 -0.088356 0.659094 162 158 139
0.052630 -0.088451 0.659800 163 159 141
0.056155 -0.088487 0.660075 164 160 142
0.059573 -0.088360 0.659128 164 161 143
0.063036 -0.088310 0.658762 158 157 140
0.066505 -0.088273 0.658484 164 165 147
0.069971 -0.088236 0.658212 167 168 150
0.073450 -0.088219 0.658086 167 169 150
0.076933 -0.088207 0.658006 169 169 151
0.080375 -0.088152 0.657591 167 168 148
0.083835 -0.088119 0.657353 168 170 151
0.087324 -0.088119 0.657350 173 174 155
0.090790 -0.088096 0.657186 168 169 150
0.094280 -0.088097 0.657198 156 157 140
0.097797 -0.088123 0.657390 168 167 151
0.101289 -0.088125 0.657412 146 144 128
0.104743 -0.088095 0.657190 155 151 133
0.108186 -0.088058 0.656913 159 156 138
0.111653 -0.088042 0.656800 163 164 142
0.115127 -0.088032 0.656728 166 165 144
0.118606 -0.088027 0.656692 168 165 145
0.122172 -0.088084 0.657122 168 164 144
0.125752 -0.088149 0.657608 167 165 145
0.129304 -0.088190 0.657917 141 140 121
0.132859 -0.088232 0.658232 164 163 144
0.136373 -0.088244 0.658328 167 166 147
0.139858 -0.088238 0.658284 168 167 150
0.143368 -0.088247 0.658357 165 166 148
0.146907 -0.088273 0.658557 165 168 149
0.150438 -0.088294 0.658715 165 167 149
0.153963 -0.088310 0.658838 165 165 147
0.157484 -0.088323 0.658937 164 166 146
0.161036 -0.088352 0.659159 164 167 146
0.164575 -0.088374 0.659320 179 178 158
0.168227 -0.088454 0.659919 187 186 166
0.172006 -0.088595 0.660981 187 186 168
0.175731 -0.088704 0.661797 179 182 165
0.179466 -0.088813 0.662617 176 180 162
0.183254 -0.088944 0.663596 167 171 154
0.186991 -0.089046 0.664360 164 166 149
0.190712 -0.089137 0.665039 163 165 148
0.194390 -0.089204 0.665545 157 159 142
0.198143 -0.089303 0.666287 145 147 130
0.202015 -0.089451 0.667394 158 161 142
0.206167 -0.089715 0.669372 159 160 142
0.210253 -0.089942 0.671072 160 161 141
0.214323 -0.090156 0.672667 160 161 141
0.218387 -0.090359 0.674190 152 154 133
0.222470 -0.090564 0.675723 148 147 126
0.226794 -0.090858 0.677924 158 157 134
0.231008 -0.091100 0.679737 158 158 132
0.235140 -0.091303 0.681254 158 156 132
0.239231 -0.091484 0.682609 159 156 131
0.243644 -0.091781 0.684828 166 165 141
0.247948 -0.092028 0.686680 170 169 147
0.253103 -0.092580 0.690801 173 172 150
0.259177 -0.093446 0.697274 186 190 169
0.266278 -0.094652 0.706290 58 70 62
-0.026085 -0.090740 0.705038 93 91 84
-0.022198 -0.090150 0.700451 95 97 90
-0.018321 -0.089375 0.694423 115 115 107
-0.014485 -0.088457 0.687286 99 100 87
-0.010753 -0.087765 0.681905 176 174 164
-0.007086 -0.087183 0.677381 143 139 128
-0.003466 -0.086546 0.672432 103 93 87
0.000102 -0.085803 0.666652 68 62 58
0.003617 -0.085265 0.662475 116 120 109
0.007110 -0.084992 0.660348 163 160 142
0.010607 -0.084923 0.659820 166 164 146
0.014102 -0.084884 0.659515 165 163 145
0.017588 -0.084814 0.658980 165 164 145
0.021060 -0.084709 0.658162 163 162 143
0.024526 -0.084616 0.657441 163 162 143
0.027990 -0.084540 0.656853 160 160 142
0.031454 -0.084478 0.656378 153 153 134
0.034919 -0.084434 0.656034 164 160 142
0.038398 -0.084428 0.655991 162 158 140
0.041876 -0.084419 0.655924 160 157 139
0.045359 -0.084422 0.655948 160 157 139
0.048832 -0.084406 0.655833 160 156 138
0.052303 -0.084391 0.655717 160 157 139
0.055803 -0.084420 0.655948 162 158 140
0.059274 -0.084404 0.655826 160 160 141
0.062727 -0.084366 0.655534 164 164 145
0.066185 -0.084339 0.655326 158 159 142
0.069653 -0.084326 0.655230 158 161 142
0.073141 -0.084338 0.655319 166 169 149
0.076640 -0.084360 0.655496 168 169 151
0.080111 -0.084352 0.655435 169 170 152
0.083569 -0.084330 0.655269 168 169 150
0.087055 -0.084338 0.655334 167 168 149
0.090548 -0.084350 0.655434 166 167 149
0.094045 -0.084367 0.655564 170 169 153
0.097546 -0.084385 0.655711 160 160 144
0.101013 -0.084373 0.655621 142 142 122
0.104419 -0.084313 0.655159 141 137 117
0.107843 -0.084272 0.654838 136 132 114
0.111290 -0.084249 0.654667 133 129 111
0.114718 -0.084215 0.654400 138 134 116
0.118137 -0.084175 0.654097 146 139 121
0.121600 -0.084169 0.654051 153 151 130
0.125105 -0.084191 0.654227 156 157 139
0.128591 -0.084200 0.654295 155 156 138
0.132123 -0.084237 0.654589 158 157 139
0.135635 -0.084260 0.654770 160 160 143
0.139113 -0.084261 0.654781 164 164 148
0.142615 -0.084276 0.654902 168 168 151
0.146105 -0.084284 0.654967 172 173 155
0.149646 -0.084320 0.655247 173 174 156
0.153224 -0.084375 0.655678 182 182 161
0.156759 -0.084404 0.655907 186 186 164
0.160368 -0.084470 0.656429 186 185 162
0.164085 -0.084590 0.657359 182 181 160
0.167767 -0.084686 0.658115 186 186 166
0.171466 -0.084788 0.658907 182 185 165
0.175164 -0.084884 0.659663 173 176 158
0.178915 -0.085002 0.660583 162 165 148
0.182645 -0.085106 0.661393 163 165 150
0.186363 -0.085200 0.662130 163 165 148
0.190057 -0.085281 0.662757 163 163 147
0.193707 -0.085338 0.663209 160 163 145
0.197432 -0.085426 0.663897 152 154 137
0.201227 -0.085541 0.664791 131 135 118
0.205281 -0.085760 0.666499 156 157 139
0.209336 -0.085971 0.668147 158 159 139
0.213344 -0.086157 0.669595 158 159 141
0.217332 -0.086329 0.670935 156 157 138
0.221397 -0.086525 0.672464 151 150 129
0.225637 -0.086782 0.674469 154 151 129
0.229901 -0.087040 0.676481 154 151 128
0.234080 -0.087259 0.678184 160 158 133
0.238159 -0.087434 0.679551 163 160 136
0.242317 -0.087633 0.681099 160 157 134
0.246572 -0.087860 0.682871 171 168 147
0.251698 -0.088386 0.686967 173 173 149
0.257594 -0.089163 0.693020 187 190 168
0.264874 -0.090390 0.702569 62 60 59
-0.025996 -0.086664 0.702610 91 93 84
-0.022120 -0.086095 0.697990 96 96 88
-0.018276 -0.085441 0.692689 109 109 101
-0.014468 -0.084668 0.686417 140 134 127
-0.010738 -0.083992 0.680930 173 173 165
-0.007074 -0.083405 0.676174 115 113 101
-0.003462 -0.082828 0.671488 98 87 82
0.000101 -0.082170 0.666152 97 85 85
0.003611 -0.081577 0.661346 55 60 52
0.007085 -0.081168 0.658027 149 151 133
0.010558 -0.081022 0.656847 163 162 143
0.014042 -0.081006 0.656716 163 163 144
0.017524 -0.080990 0.656592 163 163 144
0.020985 -0.080899 0.655858 164 163 145
0.024435 -0.080795 0.655017 162 161 142
0.027879 -0.080701 0.654253 162 161 142
0.031317 -0.080611 0.653531 163 162 143
0.034760 -0.080553 0.653059 157 156 137
0.038218 -0.080536 0.652925 160 159 140
0.041680 -0.080529 0.652872 160 157 139
0.045147 -0.080531 0.652888 160 156 138
0.048596 -0.080503 0.652669 160 156 138
0.052042 -0.080475 0.652442 160 157 139
0.055508 -0.080480 0.652487 163 162 143
0.058966 -0.080472 0.652426 166 165 146
0.062404 -0.080440 0.652172 168 167 149
0.065843 -0.080413 0.651949 168 168 151
0.069300 -0.080408 0.651914 160 165 146
0.072773 -0.080422 0.652031 158 163 143
0.076263 -0.080452 0.652277 166 167 149
0.079754 -0.080481 0.652520 167 168 150
0.083240 -0.080503 0.652695 168 168 150
0.086717 -0.080514 0.652789 168 168 151
0.090193 -0.080524 0.652874 168 168 151
0.093693 -0.080553 0.653117 167 166 149
0.097187 -0.080576 0.653302 165 165 148
0.100662 -0.080581 0.653345 167 168 150
0.104111 -0.080566 0.653230 166 166 149
0.107546 -0.080541 0.653034 151 150 131
0.111001 -0.080533 0.652972 138 135 117
0.114451 -0.080522 0.652879 131 129 111
0.117843 -0.080471 0.652471 133 126 111
0.121286 -0.080458 0.652365 131 128 110
0.124753 -0.080460 0.652391 132 128 111
0.128217 -0.080460 0.652395 168 169 151
0.131721 -0.080485 0.652601 175 174 157
0.135221 -0.080506 0.652772 181 181 161
0.138689 -0.080508 0.652791 192 193 173
0.142160 -0.080511 0.652815 194 197 173
0.145618 -0.080506 0.652784 193 193 172
0.149117 -0.080524 0.652934 191 193 173
0.152705 -0.080588 0.653457 188 190 167
0.156300 -0.080653 0.653987 187 187 165
0.159979 -0.080758 0.654838 182 184 164
0.163660 -0.080858 0.655659 178 178 159
0.167273 -0.080922 0.656180 160 161 141
0.170931 -0.081005 0.656855 167 168 150
0.174596 -0.081087 0.657526 167 168 150
0.178322 -0.081194 0.658397 166 167 151
0.182006 -0.081278 0.659081 163 165 148
0.185689 -0.081358 0.659737 162 164 147
0.189366 -0.081433 0.660349 163 164 146
0.192983 -0.081480 0.660733 160 161 142
0.196672 -0.081555 0.661342 156 156 139
0.200428 -0.081655 0.662156 154 156 139
0.204386 -0.081832 0.663595 154 156 136
0.208406 -0.082027 0.665182 156 157 137
0.212361 -0.082190 0.666514 152 153 134
0.216301 -0.082343 0.667755 149 150 130
0.220322 -0.082520 0.669200 144 145 125
0.224492 -0.082748 0.671049 150 150 129
0.237034 -0.083398 0.676343 159 156 132
0.241217 -0.083603 0.678009 163 160 137
0.245394 -0.083800 0.679611 167 164 143
0.250501 -0.084303 0.683702 173 173 149
0.256409 -0.085058 0.689833 188 190 171
0.263801 -0.086276 0.699726 73 69 68
-0.025921 -0.082661 0.700578 91 91 83
-0.022045 -0.082075 0.695608 96 98 89
-0.018225 -0.081499 0.690721 101 105 93
-0.014440 -0.080832 0.685067 154 153 145
-0.010724 -0.080234 0.679998 80 81 72
-0.007065 -0.079676 0.675265 136 135 124
-0.003458 -0.079134 0.670673 123 118 110
0.000101 -0.078541 0.665637 93 84 82
0.003607 -0.077969 0.660794 75 68 66
0.007072 -0.077502 0.656832 74 75 65
0.010514 -0.077183 0.654127 158 157 140
0.013974 -0.077115 0.653556 164 163 144
0.017458 -0.077185 0.654149 163 162 145
0.020917 -0.077135 0.653726 162 161 143
0.024352 -0.077025 0.652798 160 160 140
0.027767 -0.076888 0.651642 160 159 140
0.031185 -0.076789 0.650800 160 159 140
0.034606 -0.076714 0.650173 156 155 136
0.038050 -0.076701 0.650061 156 155 136
0.041504 -0.076706 0.650111 160 159 140
0.044953 -0.076704 0.650094 160 157 139
0.048390 -0.076683 0.649918 155 153 137
0.051822 -0.076657 0.649701 156 154 138
0.055269 -0.076653 0.649676 160 159 142
0.058711 -0.076646 0.649616 167 165 150
0.062137 -0.076618 0.649382 169 168 151
0.065555 -0.076584 0.649097 170 170 152
0.068985 -0.076567 0.648959 168 169 151
0.072427 -0.076564 0.648936 167 169 151
0.075885 -0.076578 0.649056 160 160 143
0.079353 -0.076599 0.649238 164 165 147
0.082822 -0.076620 0.649418 166 166 149
0.086309 -0.076655 0.649721 165 165 147
0.089794 -0.076686 0.649988 166 166 149
0.093293 -0.076726 0.650333 165 165 149
0.096781 -0.076755 0.650576 166 167 149
0.100267 -0.076779 0.650787 166 167 149
0.103750 -0.076800 0.650966 166 167 149
0.107222 -0.076812 0.651069 165 166 149
0.110680 -0.076813 0.651083 165 167 149
0.114126 -0.076806 0.651028 172 171 156
0.117546 -0.076782 0.650830 165 162 148
0.121036 -0.076804 0.651022 158 156 137
0.124550 -0.076840 0.651329 152 153 136
0.128071 -0.076878 0.651655 154 155 137
0.131549 -0.076889 0.651752 152 150 134
0.135046 -0.076910 0.651930 147 145 129
0.138511 -0.076912 0.651953 139 141 123
0.141893 -0.076869 0.651593 182 189 169
0.145280 -0.076831 0.651272 182 185 167
0.148741 -0.076833 0.651290 178 181 163
0.152342 -0.076905 0.651906 173 176 158
0.155926 -0.076966 0.652425 170 172 155
0.159584 -0.077060 0.653224 169 169 153
0.163222 -0.077139 0.653906 165 166 149
0.166746 -0.077164 0.654116 165 166 149
0.170364 -0.077230 0.654678 164 164 148
0.173990 -0.077296 0.655246 164 165 148
0.177680 -0.077388 0.656030 163 165 148
0.181335 -0.077461 0.656654 160 163 146
0.184988 -0.077531 0.657249 162 163 145
0.188648 -0.077601 0.657847 160 162 144
0.192245 -0.077643 0.658206 159 160 142
0.195913 -0.077712 0.658794 154 154 137
0.199625 -0.077795 0.659503 144 146 131
0.203521 -0.077946 0.660789 149 150 129
0.207515 -0.078128 0.662339 142 143 122
0.211443 -0.078280 0.663632 147 148 126
0.215365 -0.078425 0.664868 147 148 126
0.219335 -0.078582 0.666206 144 145 125
0.223404 -0.078769 0.667797 146 147 126
0.235889 -0.079390 0.673079 158 155 132
0.240135 -0.079613 0.674970 160 158 135
0.244261 -0.079790 0.676475 164 161 139
0.249177 -0.080215 0.680092 169 168 145
0.255219 -0.080985 0.686633 195 195 177
0.263402 -0.082403 0.698668 80 77 72
0.271062 -0.083619 0.709000 55 44 44
-0.025837 -0.078651 0.698290 90 90 82
-0.021973 -0.078088 0.693292 95 97 89
-0.018170 -0.077563 0.688625 99 102 93
-0.014411 -0.077008 0.683694 129 131 124
-0.010711 -0.076499 0.679181 119 112 106
-0.007058 -0.075970 0.674480 176 174 167
-0.003454 -0.075444 0.669810 104 101 91
0.000100 -0.074917 0.665128 97 92 85
0.003606 -0.074423 0.660740 90 84 80
0.007070 -0.073968 0.656694 53 57 51
0.010498 -0.073568 0.653143 77 81 70
0.013923 -0.073351 0.651217 169 168 149
0.017378 -0.073346 0.651179 151 150 131
0.020849 -0.073397 0.651634 155 154 135
0.024275 -0.073299 0.650760 155 154 136
0.027672 -0.073148 0.649423 150 149 132
0.031072 -0.073038 0.648452 148 147 130
0.034476 -0.072958 0.647741 146 145 128
0.037898 -0.072927 0.647468 148 147 130
0.041335 -0.072927 0.647473 143 146 127
0.044772 -0.072928 0.647488 145 147 130
0.048201 -0.072916 0.647384 153 154 141
0.051622 -0.072894 0.647192 166 165 151
0.055052 -0.072888 0.647138 170 168 155
0.058479 -0.072878 0.647053 173 172 156
0.061894 -0.072855 0.646851 170 170 154
0.065299 -0.072823 0.646571 169 169 152
0.068711 -0.072801 0.646381 164 162 145
0.072133 -0.072792 0.646303 165 164 147
0.075564 -0.072792 0.646312 162 161 144
0.079005 -0.072801 0.646396 154 156 139
0.082446 -0.072810 0.646479 158 157 140
0.085903 -0.072832 0.646675 164 163 146
0.089366 -0.072856 0.646891 164 164 147
0.092854 -0.072898 0.647274 165 165 148
0.096364 -0.072954 0.647773 165 166 148
0.099857 -0.072994 0.648127 165 166 148
0.103314 -0.073005 0.648236 166 167 148
0.106761 -0.073010 0.648276 166 166 149
0.110232 -0.073029 0.648454 164 167 148
0.113701 -0.073046 0.648604 167 167 151
0.117142 -0.073044 0.648596 164 164 148
0.120684 -0.073104 0.649134 163 164 149
0.124177 -0.073132 0.649383 160 162 147
0.127683 -0.073165 0.649682 162 162 146
0.131172 -0.073188 0.649884 162 164 148
0.134658 -0.073207 0.650059 162 165 149
0.138094 -0.073199 0.649995 164 166 149
0.141477 -0.073164 0.649684 167 167 151
0.144908 -0.073155 0.649606 166 166 150
0.148433 -0.073193 0.649946 167 167 151
0.152024 -0.073260 0.650548 166 166 150
0.155589 -0.073312 0.651016 166 166 150
0.159182 -0.073375 0.651579 164 164 148
0.162741 -0.073420 0.651984 163 163 147
0.166250 -0.073441 0.652171 160 161 145
0.169832 -0.073493 0.652635 163 163 147
0.173397 -0.073535 0.653016 159 161 144
0.177032 -0.073605 0.653639 155 157 140
0.180659 -0.073668 0.654209 155 158 139
0.184284 -0.073729 0.654749 155 158 139
0.187923 -0.073793 0.655322 151 154 135
0.191523 -0.073839 0.655737 152 155 136
0.195166 -0.073900 0.656284 154 157 138
0.198815 -0.073961 0.656830 149 150 133
0.202668 -0.074094 0.658020 155 156 136
0.206645 -0.074268 0.659566 152 153 131
0.210565 -0.074415 0.660881 149 150 128
0.214469 -0.074552 0.662102 150 151 129
0.218406 -0.074696 0.663385 144 145 125
0.230638 -0.075239 0.668219 160 157 135
0.234772 -0.075426 0.669893 160 157 134
0.238997 -0.075637 0.671773 160 158 136
0.243217 -0.075841 0.673584 163 160 137
0.248024 -0.076218 0.676946 168 163 137
0.253872 -0.076900 0.683011 170 172 154
0.262495 -0.078389 0.696262 87 90 82
0.269796 -0.079449 0.705692 67 65 59
-0.025769 -0.074711 0.696435 75 74 67
-0.021923 -0.074205 0.691711 95 96 88
-0.018125 -0.073688 0.686895 100 101 93
-0.014387 -0.073217 0.682499 110 112 103
-0.010704 -0.072807 0.678681 154 149 138
-0.007055 -0.072324 0.674175 77 78 71
-0.003452 -0.071807 0.669350 176 171 160
0.000100 -0.071332 0.664919 116 114 105
0.003607 -0.070899 0.660883 88 83 79
0.007073 -0.070485 0.657017 80 79 73
0.010500 -0.070085 0.653291 46 51 43
0.013902 -0.069759 0.650250 91 93 81
0.017310 -0.069584 0.648619 163 162 143
0.020757 -0.069598 0.648756 162 161 143
0.024199 -0.069596 0.648745 160 160 143
0.027608 -0.069508 0.647924 160 160 141
0.031001 -0.069407 0.646981 160 160 140
0.034385 -0.069306 0.646044 160 158 140
0.037786 -0.069254 0.645559 163 159 141
0.041189 -0.069214 0.645196 158 157 140
0.044599 -0.069192 0.644989 158 157 142
0.048012 -0.069177 0.644851 168 166 151
0.051423 -0.069160 0.644702 173 172 157
0.054843 -0.069158 0.644680 178 176 161
0.061652 -0.069119 0.644327 178 177 160
0.065050 -0.069096 0.644113 176 174 156
0.068447 -0.069073 0.643906 173 172 153
0.071845 -0.069054 0.643729 168 167 148
0.075254 -0.069046 0.643666 164 163 146
0.078682 -0.069056 0.643757 159 157 142
0.082102 -0.069058 0.643784 158 156 140
0.085517 -0.069056 0.643769 148 147 130
0.088934 -0.069056 0.643768 155 155 138
0.092412 -0.069101 0.644198 155 155 139
0.095884 -0.069139 0.644552 160 161 142
0.099347 -0.069168 0.644826 158 158 142
0.102807 -0.069192 0.645058 160 163 145
0.106258 -0.069210 0.645226 163 164 146
0.109707 -0.069225 0.645369 163 164 146
0.113167 -0.069245 0.645564 166 167 149
0.116636 -0.069270 0.645800 165 165 148
0.120145 -0.069316 0.646234 163 164 147
0.123642 -0.069353 0.646585 163 163 147
0.127142 -0.069391 0.646934 162 162 146
0.130639 -0.069424 0.647247 160 162 144
0.134117 -0.069445 0.647452 160 162 144
0.137578 -0.069457 0.647567 159 160 142
0.141048 -0.069473 0.647720 156 156 140
0.144539 -0.069498 0.647957 150 154 139
0.148064 -0.069538 0.648332 150 154 139
0.151632 -0.069595 0.648873 158 160 145
0.155145 -0.069626 0.649161 158 161 144
0.158678 -0.069664 0.649519 156 158 142
0.162186 -0.069689 0.649760 158 158 142
0.165675 -0.069706 0.649918 152 153 136
0.169233 -0.069750 0.650334 151 153 136
0.172760 -0.069780 0.650616 150 153 136
0.176349 -0.069833 0.651118 154 156 137
0.179952 -0.069890 0.651650 157 158 141
0.183562 -0.069947 0.652187 156 157 139
0.187189 -0.070008 0.652762 157 158 140
0.190788 -0.070057 0.653223 157 158 140
0.194407 -0.070111 0.653733 155 157 138
0.198019 -0.070161 0.654202 152 153 133
0.201835 -0.070280 0.655319 147 148 128
0.205782 -0.070440 0.656814 152 151 130
0.229633 -0.071347 0.665308 157 154 131
0.233749 -0.071525 0.666975 160 158 135
0.237994 -0.071737 0.668957 162 159 136
0.242216 -0.071935 0.670815 170 163 140
0.247036 -0.072303 0.674250 124 109 88
0.253472 -0.073125 0.681936 98 102 86
0.261822 -0.074468 0.694480 83 80 72
0.268994 -0.075444 0.703594 80 81 73
-0.025717 -0.070835 0.695006 99 85 71
-0.021859 -0.070291 0.689664 95 95 87
-0.018083 -0.069846 0.685295 100 100 91
-0.014354 -0.069403 0.680947 106 106 98
-0.010694 -0.069103 0.678011 138 140 128
-0.007056 -0.068720 0.674248 113 112 102
-0.003452 -0.068203 0.669169 113 115 105
0.000099 -0.067727 0.664501 120 113 98
0.003605 -0.067332 0.660620 106 102 91
0.007073 -0.066973 0.657096 84 80 69
0.010507 -0.066634 0.653766 77 69 63
0.013901 -0.066273 0.650222 53 54 50
0.017281 -0.066002 0.647568 96 97 85
0.020678 -0.065875 0.646324 167 163 147
0.024116 -0.065895 0.646520 163 159 143
0.027537 -0.065871 0.646289 160 159 143
0.030931 -0.065793 0.645533 162 159 143
0.034310 -0.065703 0.644645 163 159 143
0.037689 -0.065628 0.643916 163 159 141
0.041067 -0.065565 0.643299 164 161 145
0.044451 -0.065519 0.642851 168 166 150
0.047844 -0.065493 0.642596 171 169 154
0.051238 -0.065472 0.642398 179 177 162
0.054642 -0.065465 0.642332 182 180 165
0.064821 -0.065414 0.641844 176 176 157
0.068211 -0.065398 0.641692 173 172 153
0.071590 -0.065374 0.641455 169 168 151
0.074978 -0.065358 0.641307 165 164 147
0.078391 -0.065365 0.641382 162 161 144
0.081792 -0.065362 0.641355 160 159 142
0.085191 -0.065358 0.641319 159 158 140
0.088603 -0.065364 0.641382 155 155 137
0.092024 -0.065375 0.641493 152 153 135
0.095448 -0.065388 0.641624 158 159 141
0.098883 -0.065407 0.641817 158 158 141
0.102316 -0.065423 0.641979 155 156 138
0.105748 -0.065438 0.642130 154 155 137
0.109180 -0.065452 0.642270 151 152 134
0.112613 -0.065466 0.642409 154 155 135
0.116069 -0.065491 0.642663 153 156 137
0.119555 -0.065532 0.643065 152 153 135
0.123049 -0.065575 0.643490 153 154 136
0.126552 -0.065620 0.643935 155 156 138
0.130067 -0.065668 0.644414 153 154 136
0.133571 -0.065709 0.644819 153 153 137
0.137056 -0.065738 0.645114 151 153 136
0.140538 -0.065765 0.645377 152 154 137
0.144041 -0.065800 0.645724 148 150 135
0.147548 -0.065835 0.646075 150 152 136
0.151056 -0.065869 0.646411 141 145 129
0.154535 -0.065889 0.646614 141 145 130
0.158048 -0.065922 0.646941 151 153 137
0.161531 -0.065942 0.647140 157 157 140
0.164990 -0.065951 0.647233 156 157 139
0.168522 -0.065988 0.647605 155 156 138
0.172045 -0.066021 0.647927 156 157 139
0.175624 -0.066073 0.648443 156 156 139
0.179218 -0.066128 0.648994 158 159 141
0.182832 -0.066189 0.649594 155 156 138
0.186456 -0.066251 0.650211 154 155 137
0.190049 -0.066300 0.650694 154 155 135
0.193666 -0.066356 0.651245 154 155 136
0.197273 -0.066405 0.651738 153 153 134
0.201083 -0.066521 0.652878 142 143 123
0.204964 -0.066655 0.654202 151 150 129
0.228747 -0.067522 0.662743 154 151 128
0.232786 -0.067672 0.664229 155 151 128
0.236974 -0.067862 0.666092 167 157 135
0.241330 -0.068092 0.668362 133 114 94
0.246239 -0.068470 0.672078 114 105 86
0.253545 -0.069492 0.682135 54 50 43
0.261158 -0.070569 0.692719 74 71 61
0.268337 -0.071500 0.701879 87 87 78
0.274508 -0.072141 0.708186 41 37 28
-0.021810 -0.066445 0.688099 90 90 79
-0.018039 -0.066011 0.683599 100 98 90
-0.014331 -0.065646 0.679818 104 104 95
-0.010678 -0.065373 0.676993 110 112 102
-0.007056 -0.065105 0.674211 147 144 133
-0.003456 -0.064686 0.669873 92 96 80
0.000099 -0.064150 0.664321 176 173 164
0.003601 -0.063737 0.660039 106 104 91
0.007072 -0.063445 0.657011 92 90 78
0.010511 -0.063158 0.654045 77 73 65
0.013916 -0.062859 0.650946 71 72 67
0.017285 -0.062549 0.647735 55 55 51
0.020649 -0.062327 0.645435 93 92 87
0.024032 -0.062217 0.644295 159 155 139
0.027447 -0.062205 0.644178 167 167 152
0.030879 -0.062231 0.644453 167 170 159
0.034258 -0.062156 0.643678 159 157 139
0.037613 -0.062055 0.642633 165 161 144
0.040969 -0.061971 0.641766 169 168 151
0.044324 -0.061899 0.641029 178 174 160
0.047696 -0.061859 0.640616 182 180 165
0.051073 -0.061831 0.640327 182 181 165
0.054462 -0.061820 0.640220 185 182 168
0.071368 -0.061745 0.639462 169 166 150
0.074749 -0.061735 0.639357 166 165 148
0.078146 -0.061737 0.639384 164 161 143
0.081531 -0.061730 0.639312 164 160 142
0.084911 -0.061720 0.639212 160 159 141
0.088295 -0.061713 0.639153 159 158 139
0.091674 -0.061704 0.639060 157 156 137
0.095056 -0.061697 0.638996 152 151 134
0.098462 -0.061706 0.639085 155 156 138
0.101849 -0.061703 0.639057 158 159 141
0.105276 -0.061723 0.639269 157 158 140
0.108699 -0.061739 0.639444 157 157 140
0.112123 -0.061755 0.639617 157 158 138
0.115574 -0.061785 0.639927 156 157 139
0.119050 -0.061825 0.640352 154 155 137
0.122541 -0.061872 0.640838 154 155 137
0.126048 -0.061923 0.641371 156 157 139
0.129558 -0.061973 0.641896 156 155 138
0.133059 -0.062016 0.642348 158 157 140
0.136525 -0.062042 0.642617 155 156 138
0.139985 -0.062063 0.642841 157 157 141
0.143480 -0.062098 0.643213 156 157 139
0.146981 -0.062134 0.643592 156 157 139
0.150468 -0.062164 0.643898 154 156 138
0.153931 -0.062181 0.644085 146 148 131
0.157412 -0.062206 0.644342 143 144 127
0.160861 -0.062216 0.644457 152 153 134
0.164289 -0.062219 0.644488 151 151 132
0.167800 -0.062252 0.644833 153 152 132
0.171321 -0.062287 0.645204 153 152 132
0.174891 -0.062338 0.645739 154 153 134
0.178475 -0.062392 0.646305 156 155 136
0.182083 -0.062453 0.646935 153 152 133
0.185697 -0.062513 0.647564 146 147 129
0.189295 -0.062566 0.648115 147 146 127
0.192918 -0.062624 0.648729 149 148 129
0.196530 -0.062678 0.649286 150 149 128
0.200295 -0.062777 0.650323 145 146 126
0.204171 -0.062907 0.651673 150 150 130
0.223892 -0.063593 0.658810 142 139 118
0.227882 -0.063730 0.660238 154 151 128
0.231829 -0.063851 0.661501 159 153 129
0.236049 -0.064043 0.663492 139 122 106
0.240431 -0.064272 0.665874 118 118 103
0.245721 -0.064733 0.670664 125 123 112
0.253258 -0.065763 0.681363 95 88 77
0.260316 -0.066642 0.690489 71 65 58
0.267241 -0.067463 0.699012 84 84 75
0.273098 -0.067996 0.704549 49 47 40
-0.021779 -0.062670 0.687123 81 72 61
-0.017997 -0.062201 0.681978 99 95 88
-0.014298 -0.061858 0.678214 101 100 92
-0.010659 -0.061629 0.675707 105 107 98
-0.007045 -0.061392 0.673101 133 132 122
-0.003456 -0.061097 0.669870 122 119 108
0.000098 -0.060674 0.665232 74 74 60
0.003602 -0.060228 0.660334 171 172 159
0.007069 -0.059903 0.656763 109 107 98
0.010511 -0.059657 0.654077 84 82 74
0.013925 -0.059413 0.651397 78 75 69
0.017302 -0.059139 0.648393 68 66 63
0.020647 -0.058866 0.645392 52 54 48
0.023984 -0.058648 0.643006 78 83 69
0.027338 -0.058523 0.641638 153 150 134
0.030733 -0.058502 0.641415 164 163 150
0.034166 -0.058551 0.641960 185 182 166
0.037557 -0.058525 0.641679 181 179 163
0.040886 -0.058415 0.640471 186 184 170
0.044212 -0.058319 0.639420 192 190 178
0.047570 -0.058275 0.638942 194 193 179
0.050928 -0.058236 0.638515 192 190 176
0.054292 -0.058209 0.638230 185 182 168
0.077875 -0.058110 0.637169 160 158 142
0.081239 -0.058097 0.637032 160 158 140
0.084601 -0.058084 0.636888 160 158 139
0.087973 -0.058077 0.636823 159 158 139
0.091330 -0.058063 0.636668 158 157 138
0.094692 -0.058052 0.636552 157 156 137
0.098060 -0.058045 0.636483 150 151 133
0.101433 -0.058042 0.636451 144 146 129
0.104816 -0.058044 0.636478 157 158 140
0.108252 -0.058074 0.636819 154 153 136
0.111669 -0.058093 0.637026 156 155 138
0.115111 -0.058123 0.637366 156 155 136
0.118563 -0.058157 0.637739 156 155 136
0.122023 -0.058192 0.638132 155 154 135
0.125506 -0.058236 0.638615 155 154 135
0.129005 -0.058285 0.639161 156 155 138
0.132494 -0.058327 0.639623 156 155 138
0.135939 -0.058348 0.639862 155 154 137
0.139379 -0.058366 0.640063 156 155 138
0.142861 -0.058400 0.640441 155 156 138
0.146362 -0.058440 0.640887 155 156 138
0.149847 -0.058472 0.641241 156 156 137
0.153313 -0.058496 0.641502 145 145 127
0.156780 -0.058518 0.641756 145 145 129
0.160222 -0.058531 0.641902 142 142 124
0.163639 -0.058534 0.641937 148 147 128
0.167125 -0.058561 0.642240 145 144 125
0.170635 -0.058595 0.642621 147 146 126
0.174181 -0.058641 0.643122 149 148 129
0.177750 -0.058691 0.643683 150 149 130
0.181336 -0.058745 0.644283 149 148 129
0.184924 -0.058798 0.644870 145 144 126
0.188534 -0.058857 0.645512 145 144 125
0.192168 -0.058919 0.646209 147 146 127
0.195784 -0.058975 0.646824 149 148 129
0.199530 -0.059067 0.647839 147 148 128
0.203364 -0.059182 0.649101 146 147 127
0.219065 -0.059702 0.654836 149 148 128
0.223096 -0.059850 0.656470 139 138 119
0.227067 -0.059978 0.657879 152 149 126
0.230955 -0.060080 0.659009 153 144 123
0.235108 -0.060247 0.660849 117 107 96
0.239734 -0.060529 0.663945 119 116 107
0.245373 -0.061054 0.669717 50 46 39
0.252741 -0.061987 0.679973 126 123 112
0.259249 -0.062686 0.687660 70 69 61
0.265833 -0.063384 0.695333 83 83 72
0.271636 -0.063879 0.700782 48 46 40
-0.021781 -0.058992 0.687158 155 125 114
-0.017941 -0.058366 0.679856 93 90 82
-0.014259 -0.058066 0.676361 101 99 91
-0.010636 -0.057882 0.674215 102 104 95
-0.007031 -0.057664 0.671684 110 110 101
-0.003452 -0.057435 0.669009 142 138 131
0.000098 -0.057152 0.665715 111 111 100
0.003607 -0.056778 0.661356 70 72 60
0.007071 -0.056410 0.657061 158 156 150
0.010511 -0.056156 0.654101 106 104 90
0.013929 -0.055942 0.651613 92 86 79
0.017317 -0.055714 0.648954 81 76 71
0.020671 -0.055471 0.646131 73 66 62
0.023993 -0.055225 0.643265 61 54 51
0.027312 -0.055034 0.641038 75 71 68
0.030638 -0.054898 0.639450 150 145 129
0.033987 -0.054824 0.638594 189 185 168
0.037368 -0.054811 0.638450 251 247 249
0.040758 -0.054813 0.638471 238 236 235
0.044130 -0.054793 0.638243 226 225 221
0.047476 -0.054744 0.637674 208 209 200
0.050796 -0.054674 0.636872 199 201 188
0.054130 -0.054627 0.636328 193 193 180
0.057461 -0.054583 0.635819 185 182 170
0.077574 -0.054486 0.634709 159 158 141
0.080913 -0.054466 0.634480 159 158 139
0.084251 -0.054446 0.634259 160 157 138
0.087602 -0.054437 0.634148 160 156 136
0.090940 -0.054419 0.633948 158 156 136
0.094303 -0.054418 0.633937 157 156 137
0.097676 -0.054422 0.633993 156 155 138
0.101047 -0.054425 0.634028 155 154 137
0.104424 -0.054431 0.634101 146 146 127
0.107831 -0.054451 0.634345 150 149 131
0.111230 -0.054466 0.634529 157 153 135
0.114640 -0.054486 0.634763 155 154 135
0.118076 -0.054516 0.635121 155 154 135
0.121524 -0.054550 0.635523 155 154 135
0.124987 -0.054589 0.635981 155 154 135
0.128449 -0.054625 0.636410 154 153 134
0.131902 -0.054656 0.636768 154 153 135
0.135323 -0.054672 0.636965 154 153 135
0.138739 -0.054686 0.637126 154 153 136
0.142210 -0.054720 0.637526 154 153 136
0.145695 -0.054757 0.637967 152 152 135
0.149174 -0.054791 0.638365 154 153 134
0.152642 -0.054819 0.638698 152 151 132
0.156111 -0.054846 0.639023 151 150 132
0.159567 -0.054868 0.639280 147 146 128
0.162984 -0.054875 0.639371 137 136 119
0.166447 -0.054898 0.639640 145 144 125
0.169945 -0.054930 0.640025 146 145 126
0.173489 -0.054976 0.640568 147 146 127
0.177036 -0.055022 0.641100 147 146 127
0.180605 -0.055072 0.641689 147 146 127
0.184187 -0.055124 0.642303 146 145 126
0.187782 -0.055178 0.642940 145 144 125
0.191427 -0.055244 0.643721 145 144 125
0.195071 -0.055308 0.644469 147 146 127
0.198798 -0.055393 0.645464 147 148 128
0.202604 -0.055496 0.646676 143 144 124
0.218336 -0.056007 0.652661 144 143 124
0.222307 -0.056134 0.654150 147 146 124
0.226128 -0.056221 0.655161 157 154 131
0.230131 -0.056349 0.656660 153 147 132
0.234247 -0.056500 0.658430 102 100 97
0.239410 -0.056895 0.663049 101 98 93
0.245263 -0.057440 0.669417 60 60 53
0.252179 -0.058214 0.678462 141 137 130
0.258213 -0.058766 0.684913 73 73 67
0.264724 -0.059410 0.692433 83 83 75
0.270107 -0.059787 0.696837 54 54 46
-0.017933 -0.054698 0.679534 89 76 69
-0.014228 -0.054324 0.674881 100 96 88
-0.010610 -0.054139 0.672580 103 104 93
-0.007020 -0.053976 0.670564 108 108 99
-0.003448 -0.053784 0.668182 122 117 110
0.000098 -0.053565 0.665452 139 137 128
0.003610 -0.053283 0.661950 105 104 95
0.007079 -0.052948 0.657780 71 77 67
0.010507 -0.052635 0.653895 146 146 136
0.013918 -0.052411 0.651107 109 108 98
0.017317 -0.052238 0.648963 92 89 81
0.020688 -0.052054 0.646675 83 78 72
0.024034 -0.051870 0.644388 78 70 65
0.027344 -0.051660 0.641789 67 63 62
0.030620 -0.051443 0.639084 71 74 70
0.033913 -0.051292 0.637215 123 123 106
0.037227 -0.051199 0.636063 193 187 177
0.040557 -0.051141 0.635340 248 247 248
0.043923 -0.051133 0.635255 254 253 255
0.047310 -0.051149 0.635451 250 249 249
0.050654 -0.051120 0.635092 217 217 212
0.053979 -0.051077 0.634564 202 203 192
0.057288 -0.051023 0.633904 193 193 180
0.060597 -0.050976 0.633324 184 182 169
0.063922 -0.050947 0.632965 173 172 157
0.077276 -0.050890 0.632278 158 156 140
0.080599 -0.050869 0.632018 158 157 140
0.083914 -0.050845 0.631725 160 157 138
0.087239 -0.050828 0.631523 160 157 137
0.090560 -0.050810 0.631303 160 156 137
0.093915 -0.050813 0.631337 158 155 137
0.097273 -0.050816 0.631377 154 153 135
0.100630 -0.050818 0.631414 154 152 134
0.103987 -0.050821 0.631453 155 151 131
0.107397 -0.050848 0.631794 151 147 129
0.110813 -0.050876 0.632153 142 140 123
0.114192 -0.050887 0.632286 151 150 131
0.117606 -0.050911 0.632597 152 151 132
0.121035 -0.050940 0.632967 153 152 133
0.124476 -0.050973 0.633380 154 153 134
0.127921 -0.051006 0.633792 154 153 134
0.131348 -0.051030 0.634097 152 151 132
0.134750 -0.051043 0.634269 153 152 133
0.138159 -0.051058 0.634462 151 150 131
0.141618 -0.051091 0.634872 150 149 131
0.145076 -0.051122 0.635262 151 150 133
0.148533 -0.051151 0.635626 152 151 133
0.151996 -0.051180 0.636000 151 150 132
0.155468 -0.051211 0.636391 149 148 129
0.158941 -0.051241 0.636771 150 149 130
0.162373 -0.051258 0.636977 143 143 126
0.165804 -0.051273 0.637170 139 140 122
0.169282 -0.051301 0.637530 146 147 126
0.172819 -0.051346 0.638097 136 137 118
0.176358 -0.051390 0.638647 143 143 124
0.179913 -0.051437 0.639234 143 142 123
0.183492 -0.051488 0.639880 142 141 122
0.187080 -0.051541 0.640536 137 138 120
0.190727 -0.051607 0.641367 140 139 121
0.194392 -0.051676 0.642229 137 139 120
0.198119 -0.051758 0.643262 137 139 119
0.201895 -0.051851 0.644417 134 137 118
0.205767 -0.051964 0.645832 150 149 130
0.213685 -0.052222 0.649057 149 148 127
0.217694 -0.052357 0.650742 146 145 124
0.221586 -0.052460 0.652029 155 154 134
0.225327 -0.052524 0.652840 149 148 128
0.229305 -0.052642 0.654305 119 121 117
0.233781 -0.052867 0.657121 107 105 109
0.239411 -0.053343 0.663054 45 47 43
0.245391 -0.053882 0.669767 62 65 50
0.251816 -0.054501 0.677486 77 74 66
0.257381 -0.054920 0.682709 80 81 75
0.263508 -0.055445 0.689256 83 84 74
0.268859 -0.055795 0.693620 54 53 46
-0.022177 -0.052565 0.699629 191 159 135
-0.017981 -0.051192 0.681317 193 172 155
-0.014202 -0.050613 0.673607 90 86 79
-0.010591 -0.050441 0.671322 102 101 92
-0.007010 -0.050313 0.669618 105 104 95
-0.003444 -0.050132 0.667207 111 108 100
0.000097 -0.049955 0.664850 129 126 119
0.003611 -0.049759 0.662249 132 130 118
0.007092 -0.049521 0.659071 96 99 86
0.010527 -0.049226 0.655151 75 78 68
0.013917 -0.048921 0.651086 151 151 137
0.017305 -0.048731 0.648557 115 115 101
0.020688 -0.048591 0.646694 97 92 85
0.024044 -0.048439 0.644668 83 75 69
0.027374 -0.048276 0.642499 78 72 69
0.030665 -0.048089 0.640014 73 70 67
0.033919 -0.047888 0.637339 80 79 72
0.037169 -0.047717 0.635068 106 104 96
0.040440 -0.047600 0.633506 163 159 149
0.043739 -0.047531 0.632600 226 220 221
0.047084 -0.047518 0.632427 254 253 255
0.050446 -0.047522 0.632490 253 253 253
0.053796 -0.047516 0.632416 235 236 231
0.057127 -0.047495 0.632132 202 203 193
0.060432 -0.047455 0.631610 189 189 176
0.063728 -0.047412 0.631046 175 173 158
0.067034 -0.047382 0.630646 158 156 141
0.070337 -0.047351 0.630243 155 152 138
0.073645 -0.047327 0.629928 157 152 137
0.076974 -0.047318 0.629808 155 153 137
0.080278 -0.047295 0.629509 156 155 138
0.083581 -0.047273 0.629217 159 157 139
0.086895 -0.047259 0.629033 160 156 138
0.090214 -0.047248 0.628895 153 149 131
0.093556 -0.047250 0.628923 153 149 131
0.096902 -0.047253 0.628973 152 151 132
0.100256 -0.047260 0.629071 155 151 131
0.103606 -0.047265 0.629142 154 150 130
0.106995 -0.047286 0.629434 153 149 130
0.110407 -0.047316 0.629836 148 147 131
0.113769 -0.047324 0.629942 140 139 121
0.117157 -0.047341 0.630181 149 148 129
0.120551 -0.047360 0.630440 149 147 128
0.123958 -0.047383 0.630750 152 151 133
0.127388 -0.047413 0.631156 149 148 129
0.130814 -0.047440 0.631521 142 141 122
0.134225 -0.047460 0.631799 145 144 125
0.137639 -0.047481 0.632077 143 142 123
0.141084 -0.047511 0.632481 143 142 123
0.144526 -0.047538 0.632854 146 145 128
0.147962 -0.047562 0.633183 146 145 128
0.151419 -0.047592 0.633587 144 143 124
0.154883 -0.047623 0.634000 145 144 125
0.158339 -0.047650 0.634363 143 143 123
0.161775 -0.047670 0.634633 141 141 123
0.165214 -0.047690 0.634906 136 138 119
0.168667 -0.047712 0.635216 135 136 119
0.172192 -0.047754 0.635782 134 135 119
0.175730 -0.047798 0.636375 134 135 117
0.179268 -0.047841 0.636943 134 134 117
0.182830 -0.047887 0.637574 137 138 120
0.186419 -0.047940 0.638276 138 137 120
0.190055 -0.048002 0.639110 137 137 119
0.193719 -0.048069 0.640007 138 140 121
0.197449 -0.048149 0.641089 140 141 123
0.201226 -0.048238 0.642282 137 138 119
0.205120 -0.048352 0.643803 146 143 122
0.209086 -0.048478 0.645496 145 143 123
0.213107 -0.048613 0.647302 147 144 123
0.217061 -0.048729 0.648851 149 144 122
0.220839 -0.048802 0.649833 154 151 133
0.224772 -0.048907 0.651235 128 125 122
0.228778 -0.049024 0.652802 105 110 112
0.233616 -0.049312 0.656660 58 61 59
0.239572 -0.049825 0.663501 60 62 57
0.245360 -0.050287 0.669684 125 130 115
0.251501 -0.050808 0.676640 39 37 32
0.256698 -0.051127 0.680899 80 81 72
0.262240 -0.051504 0.685939 77 79 68
0.267510 -0.051819 0.690141 49 48 44
-0.030486 -0.050271 0.720493 215 211 195
-0.026506 -0.049977 0.716278 209 195 177
-0.022369 -0.049238 0.705677 198 172 147
-0.018101 -0.047858 0.685860 189 165 138
-0.014236 -0.047115 0.675198 122 113 105
-0.010578 -0.046785 0.670455 98 94 87
-0.006995 -0.046623 0.668141 103 103 94
-0.003439 -0.046488 0.666203 107 106 98
0.000096 -0.046339 0.664070 113 112 103
0.003609 -0.046181 0.661808 131 132 120
0.007096 -0.046017 0.659460 124 125 112
0.010551 -0.045824 0.656695 101 98 91
0.013951 -0.045546 0.652709 62 69 58
0.017320 -0.045297 0.649142 162 166 153
0.020691 -0.045136 0.646823 110 106 91
0.024052 -0.045000 0.644881 98 94 83
0.027397 -0.044872 0.643047 83 79 73
0.030702 -0.044715 0.640802 78 76 71
0.033974 -0.044546 0.638385 83 80 75
0.037216 -0.044372 0.635885 81 79 72
0.040435 -0.044202 0.633449 89 93 83
0.043663 -0.044066 0.631505 122 120 112
0.046941 -0.043997 0.630513 178 174 170
0.050263 -0.043975 0.630212 238 237 238
0.053578 -0.043950 0.629858 253 253 252
0.056890 -0.043926 0.629513 248 247 244
0.060215 -0.043914 0.629343 205 203 195
0.063527 -0.043894 0.629064 182 181 168
0.066839 -0.043876 0.628814 164 162 147
0.070114 -0.043837 0.628257 156 154 139
0.073404 -0.043810 0.627873 151 148 133
0.076713 -0.043796 0.627684 152 150 134
0.080004 -0.043774 0.627365 151 149 133
0.083298 -0.043754 0.627094 150 148 131
0.086605 -0.043743 0.626936 152 148 130
0.089924 -0.043739 0.626879 142 138 120
0.093251 -0.043738 0.626879 143 139 121
0.096591 -0.043743 0.626957 142 139 120
0.099946 -0.043755 0.627130 142 138 118
0.103288 -0.043760 0.627214 143 139 119
0.106661 -0.043778 0.627474 145 141 122
0.110041 -0.043797 0.627755 142 141 123
0.113397 -0.043806 0.627884 139 138 121
0.116764 -0.043818 0.628072 138 137 120
0.120127 -0.043829 0.628226 144 144 126
0.123504 -0.043843 0.628443 142 143 126
0.126913 -0.043868 0.628803 149 147 129
0.130330 -0.043894 0.629188 150 148 129
0.133750 -0.043920 0.629565 148 147 128
0.137159 -0.043942 0.629878 149 148 129
0.140585 -0.043967 0.630248 152 149 131
0.144014 -0.043992 0.630617 152 148 131
0.147436 -0.044014 0.630936 151 149 129
0.150884 -0.044042 0.631348 150 149 130
0.154335 -0.044070 0.631757 149 148 128
0.157772 -0.044093 0.632094 149 148 128
0.161204 -0.044114 0.632394 147 147 129
0.164628 -0.044131 0.632653 147 145 127
0.168065 -0.044152 0.632953 139 138 122
0.171578 -0.044191 0.633519 140 140 124
0.175113 -0.044234 0.634142 138 138 122
0.178655 -0.044277 0.634766 138 138 122
0.182216 -0.044323 0.635437 140 141 121
0.185804 -0.044374 0.636172 135 134 115
0.189441 -0.044434 0.637047 136 137 119
0.193117 -0.044502 0.638021 138 138 119
0.196873 -0.044585 0.639220 140 140 121
0.200677 -0.044676 0.640532 134 134 115
0.204588 -0.044787 0.642134 143 140 118
0.208571 -0.044910 0.643908 144 141 117
0.212569 -0.045032 0.645669 142 134 113
0.216441 -0.045124 0.646999 150 140 119
0.220298 -0.045210 0.648243 124 123 115
0.224353 -0.045333 0.650021 107 107 113
0.228640 -0.045499 0.652409 60 65 65
0.233863 -0.045843 0.657356 45 50 45
0.239722 -0.046299 0.663918 63 65 56
0.245195 -0.046669 0.669236 103 104 95
0.250912 -0.047073 0.675057 71 65 59
0.255975 -0.047346 0.678983 81 81 75
0.261193 -0.047639 0.683202 71 70 65
0.266320 -0.047908 0.687072 54 51 49
-0.041871 -0.046315 0.718985 223 216 203
-0.037955 -0.046194 0.717096 220 216 203
-0.034117 -0.046150 0.716427 219 214 199
-0.030304 -0.046132 0.716160 217 213 195
-0.026410 -0.045971 0.713661 219 208 192
-0.022456 -0.045634 0.708424 198 173 151
-0.018301 -0.044671 0.693440 192 165 142
-0.014286 -0.043648 0.677522 193 174 153
-0.010558 -0.043110 0.669157 84 78 67
-0.006975 -0.042918 0.666181 101 101 92
-0.003432 -0.042827 0.664771 105 106 96
0.000096 -0.042716 0.663060 108 108 99
0.003605 -0.042597 0.661206 116 117 107
0.007092 -0.042465 0.659169 142 139 130
0.010555 -0.042323 0.656955 125 120 110
0.013975 -0.042121 0.653817 96 97 87
0.017350 -0.041893 0.650282 49 56 46
0.020701 -0.041691 0.647139 175 172 160
0.024052 -0.041545 0.644884 110 104 86
0.027403 -0.041438 0.643215 114 107 90
0.030729 -0.041319 0.641377 97 93 83
0.034028 -0.041193 0.639413 88 85 79
0.037287 -0.041044 0.637112 86 82 75
0.040510 -0.040884 0.634619 86 80 73
0.043709 -0.040726 0.632177 87 84 78
0.046934 -0.040614 0.630432 99 101 90
0.050187 -0.040538 0.629257 125 123 115
0.053445 -0.040476 0.628303 179 176 169
0.056719 -0.040432 0.627622 207 205 205
0.060012 -0.040407 0.627234 236 233 236
0.063322 -0.040394 0.627040 223 220 213
0.066646 -0.040391 0.627003 165 161 146
0.069941 -0.040372 0.626709 157 155 140
0.073223 -0.040347 0.626332 155 154 137
0.076521 -0.040333 0.626115 154 152 133
0.079804 -0.040312 0.625797 152 151 132
0.083084 -0.040291 0.625484 155 151 133
0.086371 -0.040276 0.625247 153 149 130
0.089671 -0.040267 0.625118 148 144 125
0.092968 -0.040258 0.624980 147 143 123
0.096291 -0.040260 0.625018 146 142 121
0.099635 -0.040270 0.625180 145 141 120
0.102951 -0.040269 0.625171 144 140 119
0.106299 -0.040280 0.625342 142 138 118
0.109663 -0.040296 0.625600 147 143 123
0.113019 -0.040308 0.625797 150 146 126
0.116389 -0.040324 0.626057 144 141 123
0.119748 -0.040336 0.626247 144 141 120
0.123105 -0.040347 0.626417 152 149 129
0.126484 -0.040363 0.626684 152 148 128
0.129876 -0.040383 0.626998 151 149 130
0.133285 -0.040407 0.627382 151 147 129
0.136687 -0.040428 0.627714 151 148 130
0.140108 -0.040453 0.628112 150 146 128
0.143535 -0.040479 0.628520 149 145 127
0.146945 -0.040499 0.628836 149 145 125
0.150385 -0.040526 0.629266 150 146 127
0.153836 -0.040555 0.629718 148 146 126
0.157268 -0.040577 0.630077 149 146 127
0.160673 -0.040592 0.630315 148 145 125
0.164067 -0.040604 0.630502 148 145 126
0.167484 -0.040621 0.630767 142 142 125
0.170983 -0.040656 0.631323 137 137 121
0.174511 -0.040697 0.631964 138 138 122
0.178081 -0.040745 0.632728 140 139 122
0.181651 -0.040792 0.633466 139 137 118
0.185232 -0.040840 0.634214 134 134 114
0.188870 -0.040898 0.635129 134 134 113
0.192557 -0.040965 0.636171 134 133 112
0.196347 -0.041051 0.637515 134 133 114
0.200192 -0.041145 0.638986 136 135 115
0.204134 -0.041255 0.640713 136 132 111
0.208095 -0.041366 0.642442 132 119 98
0.212007 -0.041463 0.643966 130 109 90
0.215887 -0.041552 0.645346 123 107 92
0.219873 -0.041657 0.646995 108 107 104
0.224125 -0.041809 0.649364 51 52 52
0.228745 -0.042023 0.652710 49 53 48
0.234226 -0.042387 0.658378 60 61 51
0.239888 -0.042772 0.664378 139 142 131
0.245246 -0.043092 0.669375 15 16 9
0.250738 -0.043427 0.674591 77 76 69
0.255265 -0.043587 0.677099 83 82 74
0.259873 -0.043757 0.679753 56 56 54
0.264933 -0.043997 0.683497 51 50 45
-0.049256 -0.042253 0.715399 219 216 203
-0.045423 -0.042219 0.714830 218 217 202
-0.041562 -0.042151 0.713672 217 216 200
-0.037736 -0.042108 0.712949 219 214 200
-0.033920 -0.042067 0.712273 218 214 198
-0.030137 -0.042063 0.712206 217 213 197
-0.026345 -0.042044 0.711897 217 209 193
-0.022501 -0.041921 0.709813 209 190 171
-0.018469 -0.041330 0.699795 195 166 144
-0.014425 -0.040405 0.684094 187 160 137
-0.010570 -0.039569 0.669915 187 166 150
-0.006951 -0.039212 0.663861 86 83 73
-0.003419 -0.039114 0.662203 104 104 95
0.000095 -0.039088 0.661766 106 106 97
0.003600 -0.039013 0.660492 111 112 101
0.007088 -0.038913 0.658815 120 122 110
0.010551 -0.038791 0.656750 143 142 132
0.013982 -0.038639 0.654170 120 119 108
0.017377 -0.038470 0.651314 96 99 90
0.020726 -0.038270 0.647924 36 44 33
0.024053 -0.038093 0.644919 153 153 142
0.027391 -0.037976 0.642938 134 126 108
0.030728 -0.037883 0.641366 135 128 107
0.034042 -0.037782 0.639671 108 101 87
0.037332 -0.037677 0.637881 101 96 85
0.040596 -0.037564 0.635979 93 87 80
0.043825 -0.037439 0.633858 83 79 76
0.047032 -0.037314 0.631746 77 78 71
0.050228 -0.037198 0.629782 77 76 69
0.053417 -0.037091 0.627970 90 92 81
0.056620 -0.037006 0.626534 128 126 110
0.059877 -0.036964 0.625823 173 169 149
0.063166 -0.036944 0.625498 179 176 158
0.066469 -0.036934 0.625341 194 190 173
0.069786 -0.036933 0.625324 176 174 156
0.073080 -0.036920 0.625109 158 155 137
0.076366 -0.036904 0.624846 160 157 138
0.079637 -0.036883 0.624490 154 151 133
0.082885 -0.036853 0.623990 150 148 129
0.086145 -0.036830 0.623618 154 150 130
0.089423 -0.036817 0.623394 152 148 128
0.092706 -0.036806 0.623217 151 146 125
0.096015 -0.036806 0.623227 148 144 123
0.099345 -0.036814 0.623367 148 144 121
0.102642 -0.036810 0.623299 146 142 122
0.105976 -0.036818 0.623449 145 140 120
0.109319 -0.036829 0.623644 147 141 120
0.112660 -0.036839 0.623812 148 142 120
0.116017 -0.036853 0.624062 151 147 127
0.119370 -0.036865 0.624271 148 143 123
0.122711 -0.036873 0.624410 146 141 122
0.126062 -0.036883 0.624593 152 148 129
0.129428 -0.036897 0.624842 152 149 131
0.132822 -0.036918 0.625202 151 147 129
0.136204 -0.036935 0.625498 149 145 127
0.139613 -0.036958 0.625895 148 144 126
0.143041 -0.036985 0.626358 148 144 126
0.146452 -0.037006 0.626728 147 143 123
0.149889 -0.037033 0.627193 148 144 124
0.153334 -0.037060 0.627665 147 143 123
0.156769 -0.037084 0.628080 145 142 121
0.160183 -0.037103 0.628395 143 140 118
0.163576 -0.037115 0.628615 146 143 121
0.166990 -0.037132 0.628906 143 143 124
0.170482 -0.037165 0.629474 133 133 116
0.177575 -0.037250 0.630933 138 137 120
0.181147 -0.037295 0.631711 139 135 117
0.184738 -0.037343 0.632525 133 132 111
0.188394 -0.037402 0.633531 133 132 111
0.192118 -0.037471 0.634724 133 131 109
0.195965 -0.037562 0.636276 136 133 110
0.199824 -0.037652 0.637811 124 121 101
0.203769 -0.037755 0.639568 118 106 87
0.207582 -0.037831 0.640858 135 116 97
0.211335 -0.037893 0.641926 118 102 88
0.215311 -0.037993 0.643625 126 123 112
0.219571 -0.038139 0.646108 41 41 37
0.224146 -0.038333 0.649424 41 42 38
0.229007 -0.038570 0.653457 51 52 48
0.234624 -0.038925 0.659496 87 86 74
0.240092 -0.039246 0.664943 51 52 47
0.245281 -0.039512 0.669473 53 53 47
0.250193 -0.039726 0.673125 77 77 69
0.254362 -0.039819 0.674707 77 77 69
0.258931 -0.039971 0.677291 48 48 46
0.264083 -0.040206 0.681306 50 49 44
-0.056761 -0.038361 0.714265 219 216 202
-0.052749 -0.038202 0.711293 220 216 203
-0.048915 -0.038155 0.710437 220 216 202
-0.045087 -0.038106 0.709534 217 216 199
-0.041319 -0.038103 0.709481 217 214 198
-0.037537 -0.038087 0.709185 217 213 198
-0.033750 -0.038060 0.708687 217 213 197
-0.029982 -0.038052 0.708545 217 213 197
-0.026240 -0.038078 0.709040 217 211 194
-0.022474 -0.038072 0.708946 219 208 193
-0.018554 -0.037753 0.702995 199 169 146
-0.014579 -0.037131 0.691392 192 163 141
-0.010669 -0.036314 0.676131 182 157 135
-0.006957 -0.035684 0.664379 169 158 144
-0.003409 -0.035456 0.660124 88 88 81
0.000094 -0.035401 0.659112 103 105 94
0.003593 -0.035411 0.659315 108 110 100
0.007082 -0.035357 0.658318 112 114 104
0.010548 -0.035265 0.656594 119 120 113
0.013984 -0.035142 0.654308 148 146 137
0.017390 -0.035008 0.651816 123 123 113
0.020758 -0.034854 0.648956 96 101 91
0.024089 -0.034690 0.645898 43 50 40
0.027406 -0.034551 0.643301 96 100 89
0.030723 -0.034441 0.641266 192 186 170
0.034037 -0.034351 0.639583 126 120 102
0.037346 -0.034273 0.638133 112 104 91
0.040640 -0.034195 0.636678 109 104 88
0.043907 -0.034107 0.635045 102 97 88
0.047155 -0.034018 0.633400 86 83 78
0.050369 -0.033919 0.631555 78 76 70
0.053542 -0.033806 0.629444 70 67 63
0.056697 -0.033695 0.627392 58 63 59
0.059861 -0.033602 0.625662 61 73 66
0.063050 -0.033532 0.624356 109 113 101
0.066282 -0.033490 0.623588 168 165 143
0.069551 -0.033471 0.623224 173 169 145
0.072868 -0.033474 0.623302 176 171 151
0.076169 -0.033471 0.623242 166 159 140
0.079463 -0.033464 0.623128 162 156 134
0.082714 -0.033441 0.622710 157 150 132
0.085945 -0.033412 0.622170 150 145 127
0.089196 -0.033393 0.621816 149 144 126
0.092470 -0.033383 0.621640 152 148 128
0.095761 -0.033379 0.621582 151 147 125
0.099091 -0.033389 0.621775 151 147 124
0.102380 -0.033385 0.621711 149 145 123
0.105674 -0.033383 0.621672 149 143 122
0.108989 -0.033387 0.621762 149 142 120
0.112313 -0.033394 0.621893 148 141 119
0.115648 -0.033403 0.622078 148 144 121
0.118979 -0.033411 0.622229 150 145 125
0.122308 -0.033418 0.622362 149 144 124
0.125644 -0.033426 0.622526 143 139 120
0.128993 -0.033437 0.622744 148 144 126
0.132369 -0.033455 0.623073 148 144 126
0.135746 -0.033471 0.623395 147 143 125
0.139147 -0.033493 0.623809 148 144 125
0.142570 -0.033519 0.624300 147 143 124
0.145985 -0.033542 0.624732 147 143 122
0.149416 -0.033567 0.625215 145 142 120
0.152838 -0.033590 0.625639 145 141 121
0.156263 -0.033611 0.626054 144 140 119
0.159698 -0.033634 0.626494 141 137 114
0.163115 -0.033653 0.626845 140 137 114
0.166537 -0.033672 0.627204 138 134 114
0.170026 -0.033703 0.627792 134 131 112
0.173535 -0.033736 0.628432 133 129 111
0.177106 -0.033781 0.629268 137 133 115
0.180682 -0.033824 0.630092 139 135 116
0.184295 -0.033873 0.631011 137 134 113
0.188007 -0.033938 0.632230 135 132 112
0.191775 -0.034011 0.633592 135 131 108
0.195637 -0.034097 0.635212 128 123 98
0.199441 -0.034170 0.636591 129 122 99
0.203185 -0.034231 0.637736 136 125 103
0.206830 -0.034274 0.638539 136 126 108
0.210754 -0.034360 0.640162 105 99 87
0.214991 -0.034494 0.642669 29 31 25
0.219586 -0.034680 0.646152 43 44 40
0.224468 -0.034904 0.650358 47 48 44
0.229521 -0.035148 0.654926 61 60 54
0.235001 -0.035449 0.660558 112 113 105
0.240246 -0.035706 0.665370 21 18 14
0.244874 -0.035866 0.668362 70 67 61
0.249390 -0.036005 0.670966 77 80 70
0.253480 -0.036079 0.672368 62 61 55
0.257944 -0.036204 0.674711 53 53 49
0.263107 -0.036422 0.678789 43 42 36
-0.056359 -0.034291 0.709199 220 219 206
-0.052453 -0.034198 0.707291 220 219 204
-0.048637 -0.034154 0.706390 218 216 201
-0.044873 -0.034142 0.706147 215 214 199
-0.041111 -0.034130 0.705907 215 213 198
-0.037333 -0.034101 0.705309 217 213 197
-0.033575 -0.034085 0.704995 217 214 198
-0.029839 -0.034092 0.705139 217 211 196
-0.026131 -0.034137 0.706078 217 211 196
-0.022389 -0.034144 0.706236 217 208 192
-0.018580 -0.034032 0.703931 213 193 177
-0.014682 -0.033662 0.696271 193 165 142
-0.010791 -0.033064 0.683856 185 157 136
-0.006997 -0.032304 0.668105 166 140 121
-0.003409 -0.031910 0.659927 157 152 138
0.000093 -0.031777 0.657176 94 94 85
0.003581 -0.031776 0.657167 105 107 98
0.007073 -0.031793 0.657524 109 111 102
0.010542 -0.031729 0.656210 113 113 106
0.013982 -0.031633 0.654224 121 119 111
0.017396 -0.031527 0.652042 147 145 135
0.020780 -0.031411 0.649649 137 137 128
0.024141 -0.031299 0.647322 99 102 92
0.027469 -0.031176 0.644789 73 73 64
0.030750 -0.031034 0.641839 48 51 49
0.034038 -0.030926 0.639612 187 193 173
0.037330 -0.030841 0.637859 134 126 112
0.040645 -0.030788 0.636760 123 117 90
0.043941 -0.030729 0.635548 105 102 85
0.047216 -0.030665 0.634231 107 103 88
0.050463 -0.030593 0.632735 94 90 80
0.053676 -0.030510 0.631029 83 79 72
0.056856 -0.030420 0.629163 73 68 66
0.060015 -0.030328 0.627274 57 61 60
0.063131 -0.030226 0.625162 53 55 54
0.066280 -0.030149 0.623576 60 59 55
0.069460 -0.030093 0.622411 98 105 90
0.072708 -0.030070 0.621938 155 155 137
0.075981 -0.030058 0.621711 178 172 153
0.079251 -0.030046 0.621471 173 166 140
0.082488 -0.030023 0.621007 169 162 141
0.085731 -0.030005 0.620624 170 164 143
0.088968 -0.029985 0.620232 158 153 134
0.092222 -0.029972 0.619973 153 148 129
0.095477 -0.029961 0.619741 147 143 123
0.098754 -0.029957 0.619665 150 146 124
0.102008 -0.029946 0.619453 150 146 125
0.105281 -0.029941 0.619362 150 145 124
0.108576 -0.029943 0.619407 150 145 123
0.111884 -0.029948 0.619521 149 144 122
0.115221 -0.029960 0.619784 147 143 120
0.118563 -0.029973 0.620055 148 143 123
0.121900 -0.029984 0.620293 148 143 123
0.125237 -0.029994 0.620511 148 143 123
0.128575 -0.030004 0.620729 142 138 118
0.131929 -0.030017 0.621005 143 139 120
0.135286 -0.030030 0.621286 145 142 122
0.138684 -0.030052 0.621736 147 143 123
0.142101 -0.030076 0.622248 147 143 123
0.145511 -0.030097 0.622708 148 144 123
0.148928 -0.030119 0.623173 146 142 121
0.152334 -0.030138 0.623575 143 139 118
0.155759 -0.030160 0.624039 139 135 113
0.159205 -0.030185 0.624563 137 133 110
0.162640 -0.030207 0.625024 137 132 112
0.166065 -0.030226 0.625426 134 130 111
0.169572 -0.030259 0.626117 129 124 105
0.173138 -0.030301 0.626999 129 124 105
0.176684 -0.030338 0.627773 129 124 102
0.180273 -0.030380 0.628666 135 132 108
0.183899 -0.030428 0.629657 141 135 113
0.187647 -0.030493 0.631022 135 130 109
0.191385 -0.030554 0.632305 133 123 105
0.195125 -0.030614 0.633549 129 119 96
0.198743 -0.030653 0.634366 138 129 102
0.202546 -0.030718 0.635734 129 124 105
0.206414 -0.030791 0.637255 51 51 40
0.210700 -0.030923 0.639999 32 34 28
0.215262 -0.031090 0.643482 38 42 37
0.219987 -0.031275 0.647333 62 64 59
0.224892 -0.031479 0.651590 46 48 40
0.230023 -0.031709 0.656360 126 128 119
0.235411 -0.031966 0.661709 11 12 9
0.240073 -0.032119 0.664894 55 57 49
0.244399 -0.032223 0.667069 77 74 67
0.248634 -0.032312 0.668936 73 77 65
0.252729 -0.032381 0.670378 55 54 51
0.257404 -0.032521 0.673300 53 51 49
0.262609 -0.032723 0.677505 57 39 33
-0.059880 -0.030369 0.706328 215 217 204
-0.056049 -0.030324 0.705293 220 219 206
-0.052179 -0.030251 0.703588 220 219 204
-0.048413 -0.030230 0.703120 219 217 203
-0.044659 -0.030215 0.702781 217 216 201
-0.040917 -0.030206 0.702569 215 214 199
-0.037174 -0.030194 0.702305 218 214 199
-0.033436 -0.030184 0.702084 217 213 199
-0.029713 -0.030186 0.702153 217 214 198
-0.026020 -0.030225 0.703067 218 214 198
-0.022303 -0.030243 0.703501 217 213 197
-0.018550 -0.030212 0.702779 217 209 195
-0.014729 -0.030027 0.698484 191 165 143
-0.010881 -0.029643 0.689513 189 157 136
-0.007082 -0.029074 0.676252 182 152 131
-0.003423 -0.028492 0.662675 155 130 112
0.000093 -0.028232 0.656620 151 142 130
0.003567 -0.028146 0.654618 93 92 85
0.007051 -0.028186 0.655553 106 108 99
0.010531 -0.028187 0.655584 110 111 101
0.013976 -0.028117 0.653962 116 115 105
0.017393 -0.028030 0.651956 123 123 111
0.020786 -0.027940 0.649850 144 143 132
0.024166 -0.027860 0.648003 154 152 143
0.027523 -0.027777 0.646066 109 108 98
0.030834 -0.027671 0.643605 88 87 80
0.034092 -0.027544 0.640642 21 26 20
0.037348 -0.027438 0.638175 89 98 87
0.040622 -0.027361 0.636399 209 208 189
0.043927 -0.027316 0.635351 122 116 96
0.047237 -0.027280 0.634512 129 123 103
0.050508 -0.027228 0.633308 96 92 78
0.053754 -0.027169 0.631946 94 91 79
0.056972 -0.027104 0.630441 90 80 74
0.060162 -0.027034 0.628815 77 70 66
0.063329 -0.026961 0.627130 68 62 61
0.066470 -0.026885 0.625367 60 55 53
0.069580 -0.026805 0.623491 42 47 41
0.072733 -0.026747 0.622149 49 54 48
0.075923 -0.026707 0.621240 68 72 67
0.079130 -0.026676 0.620525 108 112 98
0.082329 -0.026646 0.619815 149 149 134
0.085540 -0.026621 0.619244 172 166 147
0.088754 -0.026599 0.618741 145 140 119
0.091967 -0.026578 0.618259 160 156 136
0.095185 -0.026560 0.617852 169 164 144
0.098427 -0.026549 0.617617 171 164 145
0.101684 -0.026544 0.617490 167 159 140
0.104950 -0.026540 0.617422 156 149 128
0.108222 -0.026539 0.617392 154 150 127
0.111530 -0.026545 0.617563 153 150 127
0.114889 -0.026564 0.617998 150 146 123
0.118236 -0.026578 0.618349 151 146 124
0.121582 -0.026592 0.618676 150 146 124
0.124911 -0.026601 0.618898 151 146 126
0.128233 -0.026608 0.619080 146 141 121
0.131558 -0.026616 0.619262 144 139 119
0.134876 -0.026621 0.619403 142 137 117
0.138255 -0.026639 0.619815 147 143 123
0.141646 -0.026657 0.620257 148 144 124
0.145040 -0.026675 0.620692 148 144 124
0.148454 -0.026696 0.621192 146 142 122
0.151859 -0.026715 0.621635 141 137 117
0.155278 -0.026735 0.622112 140 135 115
0.158706 -0.026755 0.622606 137 133 110
0.162137 -0.026776 0.623091 133 128 108
0.165541 -0.026791 0.623458 128 123 103
0.169090 -0.026828 0.624341 125 122 100
0.172655 -0.026867 0.625251 125 123 101
0.176223 -0.026904 0.626134 131 123 100
0.179852 -0.026950 0.627202 130 123 99
0.183408 -0.026982 0.627976 135 125 103
0.187114 -0.027036 0.629232 125 119 96
0.190803 -0.027085 0.630385 124 116 91
0.194580 -0.027144 0.631783 114 106 87
0.198430 -0.027211 0.633367 57 53 42
0.202505 -0.027307 0.635606 30 31 25
0.206860 -0.027436 0.638634 39 40 35
0.211403 -0.027585 0.642137 36 38 32
0.215917 -0.027726 0.645439 68 70 62
0.220624 -0.027887 0.649209 55 60 52
0.225578 -0.028074 0.653578 128 126 123
0.230682 -0.028273 0.658240 7 8 7
0.235450 -0.028425 0.661821 38 37 34
0.239658 -0.028507 0.663745 68 70 62
0.243903 -0.028591 0.665715 78 79 70
0.247899 -0.028644 0.666959 60 60 54
0.252344 -0.028746 0.669357 53 50 48
0.257297 -0.028902 0.673020 46 43 41
-0.059613 -0.026467 0.703171 215 216 203
-0.055714 -0.026388 0.701078 223 222 209
-0.051918 -0.026349 0.700058 221 221 206
-0.048177 -0.026335 0.699682 219 217 203
-0.044447 -0.026325 0.699433 219 217 203
-0.040729 -0.026320 0.699327 217 214 200
-0.037012 -0.026316 0.699224 217 216 201
-0.033296 -0.026312 0.699133 218 214 200
-0.029593 -0.026318 0.699295 217 214 198
-0.025909 -0.026346 0.700052 217 214 198
-0.022216 -0.026371 0.700750 217 213 197
-0.018494 -0.026368 0.700667 217 209 195
-0.014737 -0.026299 0.698841 217 203 187
-0.010939 -0.026087 0.693210 192 157 135
-0.007157 -0.025716 0.683310 184 152 131
-0.003462 -0.025221 0.670126 176 145 121
0.000093 -0.024808 0.659103 146 124 102
0.003562 -0.024611 0.653856 144 136 124
0.007017 -0.024557 0.652435 97 93 84
0.010495 -0.024591 0.653342 108 109 100
0.013963 -0.024592 0.653387 113 112 101
0.017393 -0.024538 0.651958 116 116 104
0.020785 -0.024458 0.649832 119 120 108
0.024172 -0.024395 0.648172 135 135 123
0.027543 -0.024334 0.646547 168 166 155
0.030883 -0.024262 0.644648 118 115 104
0.034188 -0.024180 0.642458 101 99 84
0.037445 -0.024081 0.639835 54 54 45
0.040670 -0.023981 0.637165 29 34 25
0.043924 -0.023911 0.635322 149 147 136
0.047221 -0.023873 0.634306 194 192 173
0.050511 -0.023836 0.633353 128 118 97
0.053778 -0.023795 0.632243 116 110 92
0.057030 -0.023751 0.631089 96 92 79
0.060258 -0.023703 0.629817 96 90 81
0.063460 -0.023650 0.628431 83 77 71
0.066628 -0.023591 0.626855 73 65 60
0.069783 -0.023533 0.625312 68 65 60
0.072949 -0.023483 0.624001 61 57 53
0.076127 -0.023442 0.622910 60 56 55
0.079300 -0.023402 0.621867 44 44 43
0.082458 -0.023362 0.620792 41 39 42
0.085615 -0.023324 0.619792 50 53 54
0.088785 -0.023292 0.618960 81 82 78
0.091979 -0.023269 0.618346 107 108 107
0.095191 -0.023251 0.617893 149 146 131
0.098407 -0.023236 0.617496 178 169 152
0.101616 -0.023220 0.617077 182 176 160
0.104893 -0.023220 0.617088 168 160 140
0.108162 -0.023218 0.617053 158 154 133
0.111435 -0.023217 0.617039 148 146 125
0.114759 -0.023227 0.617304 158 154 131
0.118062 -0.023232 0.617441 164 159 136
0.121372 -0.023238 0.617611 170 164 142
0.124674 -0.023242 0.617727 166 161 140
0.127974 -0.023245 0.617832 162 159 136
0.131265 -0.023247 0.617885 160 155 133
0.134542 -0.023246 0.617873 160 155 135
0.137878 -0.023255 0.618125 156 152 132
0.141210 -0.023263 0.618352 159 155 137
0.144569 -0.023275 0.618679 160 156 137
0.147961 -0.023291 0.619131 156 152 133
0.151356 -0.023307 0.619577 143 139 120
0.154730 -0.023320 0.619919 133 129 107
0.158078 -0.023328 0.620144 134 129 108
0.161418 -0.023334 0.620330 126 122 101
0.164782 -0.023344 0.620601 126 122 100
0.168311 -0.023376 0.621465 130 124 102
0.171905 -0.023416 0.622537 138 133 109
0.175548 -0.023460 0.623739 135 126 102
0.179255 -0.023512 0.625123 130 120 98
0.182986 -0.023564 0.626534 129 119 100
0.186825 -0.023628 0.628261 91 86 71
0.190670 -0.023691 0.629946 41 39 31
0.194615 -0.023764 0.631897 36 35 28
0.198758 -0.023858 0.634417 42 40 37
0.203049 -0.023966 0.637315 45 43 39
0.207457 -0.024084 0.640478 34 32 28
0.211874 -0.024199 0.643568 57 62 53
0.216366 -0.024319 0.646784 78 80 67
0.221215 -0.024474 0.650949 97 100 94
0.226183 -0.024638 0.655329 5 6 7
0.230823 -0.024761 0.658645 30 29 33
0.235068 -0.024840 0.660748 65 65 57
0.239085 -0.024892 0.662160 81 82 75
0.243190 -0.024952 0.663772 65 65 57
0.247406 -0.025021 0.665634 57 56 54
0.252120 -0.025138 0.668764 54 50 48
0.257161 -0.025283 0.672665 46 33 31
-0.059267 -0.022569 0.699082 215 216 202
-0.055428 -0.022516 0.697466 233 232 220
-0.051660 -0.022487 0.696568 223 224 210
-0.047953 -0.022482 0.696423 221 220 206
-0.044231 -0.022468 0.696025 219 217 203
-0.040541 -0.022470 0.696097 218 216 202
-0.036852 -0.022473 0.696193 217 214 200
-0.033165 -0.022478 0.696356 217 214 200
-0.029478 -0.022484 0.696574 217 214 199
-0.025798 -0.022498 0.697030 217 213 197
-0.022119 -0.022519 0.697682 215 211 195
-0.018433 -0.022539 0.698324 217 211 195
-0.014716 -0.022522 0.697827 215 208 192
-0.010969 -0.022433 0.695065 199 178 157
-0.007205 -0.022203 0.687910 184 153 132
-0.003500 -0.021865 0.677398 179 146 123
0.000093 -0.021489 0.665716 168 140 116
0.003573 -0.021173 0.655873 137 117 97
0.007002 -0.021017 0.651038 157 145 132
0.010438 -0.020978 0.649829 92 90 81
0.013917 -0.021023 0.651249 108 108 96
0.017374 -0.021023 0.651275 112 111 100
0.020781 -0.020973 0.649732 115 115 104
0.024168 -0.020920 0.648072 118 119 107
0.027544 -0.020872 0.646589 128 126 115
0.030896 -0.020818 0.644925 164 162 151
0.034228 -0.020762 0.643217 159 153 140
0.037533 -0.020702 0.641347 104 104 95
0.040802 -0.020634 0.639243 84 84 73
0.044025 -0.020555 0.636790 30 28 23
0.047256 -0.020490 0.634791 39 40 36
0.050519 -0.020447 0.633459 168 164 152
0.053780 -0.020408 0.632269 175 167 149
0.057051 -0.020378 0.631334 116 105 89
0.060302 -0.020344 0.630283 102 93 79
0.063539 -0.020309 0.629214 89 83 73
0.066748 -0.020269 0.627981 88 82 75
0.069932 -0.020226 0.626646 77 73 64
0.073122 -0.020188 0.625487 74 68 58
0.076310 -0.020153 0.624406 74 66 57
0.079485 -0.020118 0.623320 70 63 53
0.082672 -0.020088 0.622407 70 63 55
0.085855 -0.020059 0.621533 68 63 57
0.089028 -0.020031 0.620658 60 54 49
0.092196 -0.020003 0.619808 46 40 44
0.095373 -0.019979 0.619074 33 31 34
0.098583 -0.019964 0.618603 44 44 44
0.101751 -0.019941 0.617903 56 57 56
0.104964 -0.019928 0.617506 78 79 71
0.108217 -0.019923 0.617368 110 107 91
0.111468 -0.019918 0.617225 130 132 114
0.114734 -0.019916 0.617172 141 139 120
0.117990 -0.019912 0.617069 171 170 149
0.121261 -0.019911 0.617046 181 177 154
0.124528 -0.019909 0.617004 173 171 149
0.127797 -0.019908 0.616979 168 167 145
0.131027 -0.019901 0.616767 164 158 136
0.134238 -0.019891 0.616480 157 152 130
0.137518 -0.019892 0.616514 146 142 122
0.140798 -0.019892 0.616546 138 140 122
0.144113 -0.019898 0.616732 128 125 110
0.147468 -0.019908 0.617070 138 137 120
0.150847 -0.019921 0.617494 138 141 123
0.154215 -0.019933 0.617857 135 135 114
0.157617 -0.019948 0.618339 122 121 103
0.161022 -0.019962 0.618811 104 108 93
0.164441 -0.019978 0.619316 86 89 77
0.168028 -0.020013 0.620425 80 79 69
0.171734 -0.020061 0.621918 97 96 85
0.175538 -0.020118 0.623705 89 89 74
0.179351 -0.020173 0.625455 51 50 41
0.183134 -0.020224 0.627041 50 47 43
0.187046 -0.020286 0.629004 45 42 38
0.191066 -0.020358 0.631257 42 40 35
0.195247 -0.020444 0.633952 41 39 34
0.199414 -0.020526 0.636511 31 29 25
0.203614 -0.020608 0.639088 58 57 49
0.207809 -0.020687 0.641567 60 57 49
0.212180 -0.020781 0.644498 117 117 109
0.216907 -0.020906 0.648402 55 55 49
0.221769 -0.021039 0.652581 5 6 4
0.226312 -0.021139 0.655705 32 32 32
0.230498 -0.021203 0.657719 62 68 60
0.234495 -0.021248 0.659139 75 78 69
0.238476 -0.021291 0.660476 68 70 63
0.242674 -0.021351 0.662365 60 60 53
0.247091 -0.021428 0.664788 56 55 50
0.251757 -0.021524 0.667805 54 51 48
0.257202 -0.021683 0.672774 132 81 80
-0.058952 -0.018724 0.695369 212 213 198
-0.055149 -0.018686 0.693956 233 232 220
-0.051421 -0.018669 0.693350 227 227 214
-0.047736 -0.018666 0.693265 221 221 208
-0.044026 -0.018653 0.692782 220 219 204
-0.040354 -0.018655 0.692875 217 216 201
-0.036691 -0.018662 0.693138 217 214 200
-0.033022 -0.018667 0.693346 215 214 199
-0.029353 -0.018673 0.693618 217 211 198
-0.025683 -0.018681 0.693906 215 211 196
-0.022016 -0.018694 0.694410 215 211 194
-0.018350 -0.018713 0.695164 214 209 193
-0.014663 -0.018716 0.695290 215 206 191
-0.010959 -0.018692 0.694414 217 208 188
-0.007232 -0.018584 0.690393 185 154 133
-0.003528 -0.018378 0.682691 181 149 128
0.000094 -0.018124 0.673243 175 143 120
0.003611 -0.017850 0.662988 166 133 115
0.007023 -0.017583 0.653054 140 115 95
0.010424 -0.017475 0.649006 170 161 149
0.013849 -0.017449 0.648077 86 79 69
0.017310 -0.017471 0.648891 109 107 96
0.020748 -0.017466 0.648717 111 112 100
0.024151 -0.017436 0.647623 116 116 106
0.027535 -0.017402 0.646386 119 118 108
0.030894 -0.017362 0.644891 124 123 110
0.034233 -0.017319 0.643312 143 140 126
0.037554 -0.017276 0.641725 185 182 172
0.040860 -0.017234 0.640149 129 124 113
0.044140 -0.017188 0.638454 100 101 87
0.047392 -0.017139 0.636623 77 76 71
0.050619 -0.017087 0.634719 20 18 19
0.053841 -0.017040 0.632990 35 34 31
0.057086 -0.017006 0.631718 139 139 125
0.060331 -0.016976 0.630594 173 167 144
0.063570 -0.016947 0.629526 98 92 79
0.066803 -0.016919 0.628507 109 100 83
0.070018 -0.016889 0.627423 74 75 57
0.073243 -0.016865 0.626525 77 71 61
0.076457 -0.016840 0.625614 80 75 63
0.079641 -0.016811 0.624546 74 69 57
0.082838 -0.016787 0.623654 70 64 53
0.086027 -0.016763 0.622779 71 65 55
0.089205 -0.016739 0.621893 73 65 56
0.092371 -0.016714 0.620984 75 66 59
0.095541 -0.016692 0.620166 78 68 60
0.098760 -0.016679 0.619712 80 67 60
0.101940 -0.016661 0.619050 68 60 53
0.105090 -0.016639 0.618249 56 50 44
0.108303 -0.016629 0.617858 53 48 42
0.111556 -0.016624 0.617717 40 37 35
0.114809 -0.016620 0.617576 40 38 35
0.118039 -0.016613 0.617325 42 40 39
0.121279 -0.016608 0.617138 44 45 43
0.124494 -0.016599 0.616838 55 57 50
0.127701 -0.016590 0.616517 62 62 55
0.130911 -0.016582 0.616223 63 64 57
0.134122 -0.016574 0.615950 65 65 57
0.137356 -0.016570 0.615791 71 72 63
0.140612 -0.016568 0.615734 58 63 59
0.143959 -0.016576 0.616072 55 60 56
0.147311 -0.016585 0.616418 52 54 53
0.150694 -0.016597 0.616873 37 41 41
0.154108 -0.016611 0.617429 36 38 36
0.157603 -0.016634 0.618285 30 32 29
0.161131 -0.016659 0.619233 24 29 28
0.164691 -0.016686 0.620262 31 33 36
0.168398 -0.016726 0.621791 51 47 49
0.172176 -0.016772 0.623520 68 61 62
0.175975 -0.016818 0.625259 58 52 53
0.179786 -0.016863 0.626975 52 47 44
0.183628 -0.016910 0.628737 41 42 36
0.187629 -0.016969 0.630965 43 43 37
0.191717 -0.017034 0.633407 33 33 28
0.195797 -0.017096 0.635737 60 59 53
0.199869 -0.017155 0.637965 70 67 59
0.203987 -0.017216 0.640259 77 77 65
0.208277 -0.017289 0.643012 125 123 114
0.212904 -0.017387 0.646698 17 18 16
0.217527 -0.017481 0.650256 6 7 7
0.221856 -0.017550 0.652837 37 36 33
0.225934 -0.017597 0.654612 62 62 56
0.229863 -0.017631 0.655908 74 79 71
0.233902 -0.017672 0.657474 68 71 63
0.237892 -0.017709 0.658858 61 60 55
0.242254 -0.017772 0.661219 60 57 55
0.246544 -0.017827 0.663319 55 53 53
0.251251 -0.017911 0.666463 48 37 35
-0.058752 -0.014948 0.693004 211 208 193
-0.054927 -0.014908 0.691153 220 219 207
-0.051198 -0.014890 0.690336 220 220 207
-0.047502 -0.014880 0.689863 218 219 205
-0.043824 -0.014874 0.689597 217 214 200
-0.040172 -0.014876 0.689745 214 213 198
-0.036525 -0.014881 0.690004 213 213 197
-0.032872 -0.014885 0.690190 215 213 199
-0.029219 -0.014889 0.690432 217 211 198
-0.025560 -0.014892 0.690580 212 208 193
-0.021910 -0.014902 0.691040 213 208 193
-0.018259 -0.014915 0.691670 212 208 192
-0.014599 -0.014925 0.692198 215 208 191
-0.010922 -0.014921 0.692025 214 208 191
-0.007234 -0.014890 0.690580 213 200 181
-0.003545 -0.014790 0.685960 182 150 128
0.000094 -0.014632 0.678574 179 146 125
0.003650 -0.014452 0.670203 173 140 121
0.007104 -0.014248 0.660653 165 132 113
0.010469 -0.014058 0.651829 139 116 97
0.013839 -0.013968 0.647626 169 161 151
0.017235 -0.013935 0.646093 80 76 68
0.020661 -0.013932 0.646013 106 101 93
0.024089 -0.013932 0.645990 112 110 102
0.027500 -0.013922 0.645578 116 114 106
0.030874 -0.013898 0.644480 118 117 106
0.034223 -0.013869 0.643139 122 121 108
0.037551 -0.013838 0.641679 128 126 114
0.040868 -0.013807 0.640292 157 154 142
0.044175 -0.013779 0.638968 178 174 163
0.047472 -0.013751 0.637692 119 116 105
0.050751 -0.013722 0.636371 93 91 84
0.054002 -0.013690 0.634885 68 67 60
0.057226 -0.013655 0.633273 17 18 16
0.060408 -0.013615 0.631407 18 23 20
0.063615 -0.013584 0.629978 86 86 79
0.066832 -0.013558 0.628787 173 170 155
0.070043 -0.013533 0.627648 115 104 90
0.073287 -0.013517 0.626904 106 102 84
0.076532 -0.013502 0.626231 112 105 90
0.079750 -0.013484 0.625404 83 81 67
0.082971 -0.013468 0.624665 57 52 42
0.086178 -0.013450 0.623879 52 46 36
0.089363 -0.013431 0.622997 65 60 51
0.092533 -0.013411 0.622079 64 60 50
0.095708 -0.013393 0.621256 68 62 51
0.098918 -0.013381 0.620707 68 61 51
0.102106 -0.013367 0.620062 70 65 55
0.105287 -0.013352 0.619411 68 60 54
0.108512 -0.013344 0.619053 74 64 59
0.111749 -0.013338 0.618783 74 67 63
0.114997 -0.013333 0.618590 74 66 60
0.118268 -0.013332 0.618524 78 67 62
0.121497 -0.013325 0.618252 78 68 63
0.124695 -0.013316 0.617839 77 66 61
0.127926 -0.013311 0.617605 81 70 65
0.131182 -0.013308 0.617500 71 61 53
0.134465 -0.013308 0.617523 64 57 49
0.137737 -0.013307 0.617502 60 53 46
0.141018 -0.013307 0.617514 53 48 44
0.144375 -0.013314 0.617855 48 43 39
0.147763 -0.013323 0.618310 46 42 40
0.151203 -0.013337 0.618958 56 54 53
0.154707 -0.013355 0.619830 53 52 49
0.158283 -0.013378 0.620955 52 48 47
0.161855 -0.013401 0.622014 58 51 50
0.165506 -0.013428 0.623331 65 53 54
0.169253 -0.013462 0.624948 62 52 54
0.172965 -0.013493 0.626380 44 38 39
0.176699 -0.013523 0.627834 41 37 37
0.180497 -0.013557 0.629456 29 26 19
0.184365 -0.013596 0.631258 28 26 20
0.188269 -0.013635 0.633121 74 72 67
0.192153 -0.013671 0.634849 68 63 56
0.196075 -0.013709 0.636641 77 75 64
0.200131 -0.013755 0.638800 141 136 123
0.204412 -0.013814 0.641596 41 44 37
0.208905 -0.013885 0.644952 8 10 7
0.213392 -0.013954 0.648181 11 10 10
0.217462 -0.013994 0.650063 49 49 47
0.221328 -0.014019 0.651285 74 71 66
0.225198 -0.014044 0.652481 77 76 70
0.229123 -0.014072 0.653799 67 69 62
0.233131 -0.014104 0.655310 61 62 56
0.237398 -0.014150 0.657492 60 57 54
0.241812 -0.014203 0.660015 58 55 53
0.246141 -0.014250 0.662234 49 45 45
-0.058642 -0.011215 0.691694 202 198 186
-0.054752 -0.011170 0.688947 214 214 200
-0.050994 -0.011148 0.687574 219 217 204
-0.047299 -0.011137 0.686905 217 216 204
-0.043622 -0.011128 0.686419 215 214 201
-0.039982 -0.011129 0.686464 215 214 199
-0.036358 -0.011134 0.686840 215 214 198
-0.032718 -0.011135 0.686944 214 211 197
-0.029079 -0.011137 0.687100 211 209 193
-0.025437 -0.011139 0.687231 213 209 194
-0.021798 -0.011143 0.687501 212 208 192
-0.018163 -0.011151 0.688038 211 206 191
-0.014525 -0.011161 0.688693 212 208 192
-0.010877 -0.011167 0.689115 214 206 190
-0.007215 -0.011160 0.688717 213 206 190
-0.003551 -0.011132 0.686996 205 182 164
0.000094 -0.011052 0.682001 179 147 125
0.003677 -0.010943 0.675240 175 142 123
0.007178 -0.010819 0.667520 167 134 113
0.010586 -0.010683 0.659127 163 129 108
0.013896 -0.010542 0.650312 142 114 94
0.017226 -0.010468 0.645771 139 122 113
0.020585 -0.010434 0.643634 107 95 86
0.023982 -0.010425 0.643138 98 96 87
0.027417 -0.010433 0.643641 109 108 99
0.030822 -0.010429 0.643405 114 112 104
0.034197 -0.010416 0.642651 116 114 106
0.037543 -0.010398 0.641550 119 117 106
0.040864 -0.010376 0.640233 121 120 109
0.044174 -0.010355 0.638955 137 134 120
0.047490 -0.010339 0.637948 169 168 157
0.050805 -0.010324 0.637052 173 172 161
0.054099 -0.010307 0.636037 114 112 105
0.057366 -0.010288 0.634831 93 94 83
0.060606 -0.010265 0.633473 80 78 71
0.063820 -0.010241 0.632007 18 18 16
0.066981 -0.010212 0.630189 14 16 13
0.070140 -0.010185 0.628528 22 23 22
0.073331 -0.010164 0.627282 91 91 85
0.076546 -0.010149 0.626347 169 162 151
0.079769 -0.010136 0.625556 118 117 100
0.083000 -0.010125 0.624885 90 85 72
0.086255 -0.010117 0.624434 106 99 83
0.089497 -0.010109 0.623935 107 104 87
0.092708 -0.010097 0.623254 87 82 68
0.095921 -0.010087 0.622638 52 47 34
0.099152 -0.010079 0.622180 49 44 34
0.102354 -0.010069 0.621568 48 47 36
0.105555 -0.010059 0.620994 53 52 41
0.108779 -0.010052 0.620582 58 56 50
0.112022 -0.010047 0.620298 56 54 49
0.115272 -0.010043 0.620069 60 57 51
0.118566 -0.010043 0.620086 68 57 52
0.121838 -0.010041 0.619989 68 57 50
0.125079 -0.010037 0.619742 58 50 44
0.128341 -0.010034 0.619610 68 57 53
0.131633 -0.010034 0.619623 68 57 51
0.134951 -0.010036 0.619760 60 51 42
0.138270 -0.010037 0.619893 55 50 40
0.141615 -0.010041 0.620129 58 53 46
0.145020 -0.010048 0.620615 51 45 40
0.148470 -0.010058 0.621267 43 40 37
0.151936 -0.010069 0.621958 49 46 44
0.155414 -0.010080 0.622665 39 37 35
0.159003 -0.010097 0.623778 42 40 39
0.162558 -0.010112 0.624717 48 44 43
0.166168 -0.010129 0.625826 49 46 41
0.169862 -0.010150 0.627200 34 31 26
0.173535 -0.010170 0.628442 34 32 26
0.177230 -0.010190 0.629719 64 64 53
0.180976 -0.010212 0.631126 77 74 60
0.184761 -0.010235 0.632615 52 47 36
0.188616 -0.010262 0.634287 100 95 86
0.192486 -0.010288 0.635951 136 134 123
0.196505 -0.010321 0.638039 36 35 28
0.200647 -0.010359 0.640449 7 7 7
0.205077 -0.010410 0.643683 5 4 6
0.209249 -0.010447 0.646014 30 29 29
0.212999 -0.010462 0.646989 55 51 50
0.216801 -0.010479 0.648087 75 75 68
0.220567 -0.010494 0.649048 77 74 68
0.224453 -0.010514 0.650325 68 67 61
0.228419 -0.010537 0.651790 62 62 56
0.232453 -0.010563 0.653404 60 60 54
0.236773 -0.010600 0.655763 61 57 53
0.241139 -0.010638 0.658179 57 55 53
0.246115 -0.010701 0.662166 67 93 77
-0.058544 -0.007497 0.690536 189 177 168
-0.054639 -0.007464 0.687514 209 208 195
-0.050805 -0.007437 0.685023 217 214 201
-0.047118 -0.007429 0.684266 217 216 203
-0.043440 -0.007420 0.683547 215 216 202
-0.039798 -0.007417 0.683300 217 214 200
-0.036190 -0.007421 0.683649 214 214 197
-0.032566 -0.007421 0.683743 212 211 195
-0.028941 -0.007422 0.683834 212 211 195
-0.025317 -0.007423 0.683985 213 209 194
-0.021695 -0.007425 0.684233 211 208 192
-0.018073 -0.007428 0.684605 211 206 191
-0.014450 -0.007433 0.685086 211 206 191
-0.010824 -0.007439 0.685710 215 208 192
-0.007190 -0.007444 0.686239 215 208 191
-0.003545 -0.007439 0.685744 213 208 192
0.000094 -0.007416 0.683651 192 161 142
0.003697 -0.007365 0.678962 178 145 124
0.007233 -0.007298 0.672693 168 135 114
0.010698 -0.007227 0.666130 160 128 105
0.014048 -0.007134 0.657482 155 122 101
0.017299 -0.007038 0.648517 141 104 87
0.020598 -0.006990 0.644050 106 77 65
0.023941 -0.006968 0.642045 157 137 127
0.027310 -0.006958 0.641133 80 75 66
0.030712 -0.006957 0.641116 105 104 95
0.034124 -0.006959 0.641300 110 109 99
0.037506 -0.006954 0.640929 114 113 102
0.040847 -0.006944 0.639970 116 115 104
0.044165 -0.006931 0.638834 116 115 104
0.047485 -0.006921 0.637879 125 123 113
0.050809 -0.006912 0.637117 132 130 119
0.054123 -0.006903 0.636317 163 159 151
0.057420 -0.006893 0.635426 171 163 154
0.060702 -0.006883 0.634481 125 116 106
0.063974 -0.006872 0.633536 98 94 88
0.067204 -0.006858 0.632286 83 79 72
0.070395 -0.006842 0.630809 39 37 33
0.073567 -0.006826 0.629307 8 8 7
0.076701 -0.006807 0.627622 15 17 17
0.079866 -0.006793 0.626321 17 15 14
0.083063 -0.006782 0.625360 56 60 53
0.086290 -0.006775 0.624696 141 142 130
0.089551 -0.006770 0.624313 144 141 130
0.092795 -0.006765 0.623847 106 103 87
0.096047 -0.006760 0.623462 84 79 65
0.099311 -0.006757 0.623174 91 86 72
0.102532 -0.006751 0.622654 94 91 77
0.105748 -0.006745 0.622129 84 81 71
0.108979 -0.006740 0.621722 74 69 63
0.112232 -0.006737 0.621464 47 45 39
0.115508 -0.006735 0.621343 38 36 29
0.118811 -0.006735 0.621369 47 41 35
0.122109 -0.006734 0.621368 42 36 28
0.125390 -0.006733 0.621285 44 41 35
0.128694 -0.006733 0.621314 48 46 39
0.132032 -0.006735 0.621503 39 38 35
0.135406 -0.006738 0.621851 8 5 4
0.138737 -0.006739 0.621986 39 39 38
0.142107 -0.006742 0.622286 44 43 41
0.145565 -0.006748 0.622949 8 7 4
0.149009 -0.006754 0.623525 37 38 35
0.152445 -0.006759 0.624043 33 35 29
0.155892 -0.006764 0.624581 25 26 22
0.159423 -0.006773 0.625428 44 45 44
0.162970 -0.006782 0.626304 56 54 51
0.166566 -0.006792 0.627323 80 78 72
0.170188 -0.006803 0.628402 65 64 54
0.173895 -0.006817 0.629749 49 49 38
0.177627 -0.006831 0.631133 95 95 87
0.181401 -0.006847 0.632610 148 143 133
0.185142 -0.006860 0.633921 81 82 71
0.188978 -0.006877 0.635507 12 12 10
0.192926 -0.006896 0.637404 9 7 6
0.197010 -0.006920 0.639678 6 7 6
0.201158 -0.006945 0.642080 29 29 28
0.205095 -0.006963 0.643742 62 59 51
0.208703 -0.006968 0.644329 74 74 63
0.212339 -0.006975 0.644985 77 80 67
0.216143 -0.006987 0.646123 73 72 63
0.219924 -0.006997 0.647156 68 68 60
0.223771 -0.007009 0.648349 65 65 57
0.227769 -0.007026 0.649938 63 63 57
0.231947 -0.007047 0.651983 60 57 52
0.236455 -0.007077 0.654883 60 57 53
0.241373 -0.007119 0.658818 64 64 56
-0.054542 -0.003775 0.686289 195 193 180
-0.050696 -0.003760 0.683540 214 209 199
-0.046948 -0.003750 0.681798 217 216 202
-0.043280 -0.003745 0.681009 215 216 202
-0.039649 -0.003743 0.680724 215 214 199
-0.036031 -0.003742 0.680638 215 214 199
-0.032421 -0.003742 0.680679 211 211 195
-0.028811 -0.003742 0.680737 211 209 194
-0.025202 -0.003742 0.680851 214 211 195
-0.021594 -0.003742 0.681047 211 208 192
-0.017986 -0.003743 0.681279 211 208 192
-0.014378 -0.003745 0.681651 211 206 190
-0.010768 -0.003747 0.682181 211 206 190
-0.007154 -0.003750 0.682788 214 208 192
-0.003534 -0.003753 0.683423 215 208 191
0.000094 -0.003751 0.683147 215 208 191
0.003708 -0.003739 0.681120 171 140 115
0.007273 -0.003714 0.676431 171 139 114
0.010771 -0.003683 0.670721 162 129 106
0.014189 -0.003647 0.664082 155 120 98
0.017498 -0.003604 0.655999 150 109 89
0.020707 -0.003558 0.647480 147 107 85
0.023994 -0.003536 0.643476 120 91 74
0.027302 -0.003523 0.640968 156 124 119
0.030617 -0.003512 0.639145 114 95 86
0.033996 -0.003511 0.638896 95 91 79
0.037416 -0.003513 0.639389 109 109 96
0.040811 -0.003512 0.639412 112 110 101
0.044151 -0.003508 0.638633 114 113 100
0.047476 -0.003503 0.637770 114 113 102
0.050807 -0.003499 0.637093 116 116 107
0.054112 -0.003494 0.636189 116 115 104
0.057399 -0.003488 0.635202 118 118 106
0.060695 -0.003483 0.634415 136 136 124
0.063993 -0.003479 0.633729 159 159 147
0.067286 -0.003475 0.633065 130 128 116
0.070558 -0.003470 0.632274 107 105 94
0.073782 -0.003464 0.631145 88 85 73
0.076973 -0.003457 0.629848 68 66 57
0.080143 -0.003449 0.628491 23 23 22
0.083311 -0.003442 0.627227 9 10 10
0.086475 -0.003435 0.626037 13 14 13
0.089660 -0.003430 0.625078 11 10 10
0.092863 -0.003425 0.624302 18 16 16
0.096096 -0.003422 0.623781 51 53 47
0.099353 -0.003420 0.623443 119 123 110
0.102583 -0.003417 0.622962 158 153 141
0.105808 -0.003414 0.622487 137 136 126
0.109047 -0.003411 0.622113 107 106 84
0.112295 -0.003409 0.621813 80 78 64
0.115590 -0.003409 0.621784 74 72 61
0.118901 -0.003409 0.621844 80 74 67
0.122206 -0.003408 0.621867 77 70 64
0.125511 -0.003408 0.621886 78 76 69
0.128842 -0.003408 0.622032 86 83 76
0.132195 -0.003409 0.622275 83 79 76
0.135555 -0.003410 0.622535 71 66 66
0.138929 -0.003411 0.622849 78 78 67
0.142319 -0.003413 0.623218 75 71 62
0.145751 -0.003415 0.623749 64 61 53
0.149181 -0.003417 0.624248 58 63 53
0.152667 -0.003421 0.624954 55 55 46
0.156156 -0.003424 0.625640 55 51 44
0.159653 -0.003427 0.626334 64 63 55
0.163224 -0.003432 0.627278 105 109 97
0.166823 -0.003437 0.628295 141 142 131
0.170452 -0.003442 0.629379 123 129 118
0.174230 -0.003450 0.630965 58 64 55
0.178046 -0.003458 0.632620 10 7 7
0.181835 -0.003466 0.634126 9 9 10
0.185542 -0.003471 0.635294 7 7 7
0.189362 -0.003479 0.636798 4 6 4
0.193329 -0.003489 0.638736 42 39 39
0.197257 -0.003497 0.640484 49 51 42
0.200975 -0.003502 0.641498 68 68 57
0.204551 -0.003505 0.642035 86 84 71
0.208147 -0.003507 0.642615 74 75 65
0.211842 -0.003512 0.643479 74 72 64
0.215642 -0.003517 0.644626 71 70 62
0.219466 -0.003523 0.645810 67 66 58
0.223201 -0.003527 0.646701 64 64 58
0.227341 -0.003537 0.648718 62 60 55
0.231976 -0.003555 0.652066 63 59 54
0.236814 -0.003574 0.655878 63 63 57
-0.054660 -0.000098 0.687764 179 161 154
-0.050657 -0.000098 0.683002 199 195 187
-0.046859 -0.000097 0.680489 212 211 198
-0.043116 -0.000097 0.678432 215 214 201
-0.039486 -0.000096 0.677929 217 216 202
-0.035872 -0.000096 0.677616 215 214 199
-0.032267 -0.000096 0.677448 214 213 198
-0.028678 -0.000095 0.677583 214 214 197
-0.025085 -0.000095 0.677689 214 211 195
-0.021496 -0.000094 0.677923 213 209 194
-0.017902 -0.000094 0.678078 211 208 192
-0.014310 -0.000093 0.678398 211 206 191
-0.010718 -0.000093 0.678938 208 205 189
-0.007121 -0.000092 0.679573 211 206 191
-0.003518 -0.000092 0.680377 215 211 195
0.000093 -0.000091 0.681199 217 209 196
0.003706 -0.000091 0.680798 215 206 191
0.007297 -0.000090 0.678741 162 131 111
0.010829 -0.000090 0.674370 162 125 105
0.014291 -0.000090 0.668850 153 114 94
0.017670 -0.000089 0.662444 154 112 92
0.020952 -0.000089 0.655147 152 109 89
0.024151 -0.000089 0.647704 147 107 86
0.027413 -0.000089 0.643583 137 98 78
0.030666 -0.000088 0.640172 98 65 55
0.033957 -0.000088 0.638175 176 140 137
0.037284 -0.000088 0.637150 83 76 70
0.040661 -0.000087 0.637075 101 98 90
0.044046 -0.000087 0.637120 107 106 94
0.047399 -0.000086 0.636747 112 111 101
0.050762 -0.000086 0.636530 113 111 103
0.054107 -0.000085 0.636139 114 114 103
0.057426 -0.000085 0.635505 114 115 101
0.060730 -0.000085 0.634783 115 115 102
0.064021 -0.000084 0.634011 122 119 106
0.067306 -0.000084 0.633254 123 119 108
0.070579 -0.000083 0.632472 139 135 121
0.073838 -0.000083 0.631634 141 139 127
0.077091 -0.000082 0.630819 115 115 99
0.080314 -0.000082 0.629834 97 97 89
0.083539 -0.000082 0.628952 80 80 72
0.086757 -0.000081 0.628077 70 66 60
0.089958 -0.000081 0.627152 47 44 39
0.093141 -0.000081 0.626177 14 13 11
0.096308 -0.000080 0.625158 11 9 11
0.099505 -0.000080 0.624399 13 10 13
0.102679 -0.000079 0.623548 11 10 10
0.105876 -0.000079 0.622887 4 7 6
0.109087 -0.000079 0.622344 5 8 7
0.112304 -0.000078 0.621868 14 14 10
0.115582 -0.000078 0.621746 54 54 49
0.118903 -0.000077 0.621856 88 88 83
0.122187 -0.000077 0.621770 105 107 102
0.125456 -0.000076 0.621615 125 129 122
0.128774 -0.000076 0.621704 139 142 132
0.132142 -0.000075 0.622024 146 147 139
0.135518 -0.000075 0.622366 151 149 143
0.138912 -0.000075 0.622773 146 146 139
0.142313 -0.000074 0.623191 144 141 133
0.145760 -0.000074 0.623786 128 134 125
0.149194 -0.000073 0.624301 102 107 101
0.152737 -0.000073 0.625240 89 91 86
0.156305 -0.000072 0.626241 54 54 51
0.159849 -0.000072 0.627102 11 13 10
0.163459 -0.000071 0.628185 4 6 3
0.167073 -0.000071 0.629239 7 8 7
0.170709 -0.000070 0.630330 7 8 7
0.174428 -0.000070 0.631682 4 6 6
0.178176 -0.000069 0.633086 8 8 9
0.181858 -0.000068 0.634205 32 29 25
0.185517 -0.000068 0.635209 54 48 44
0.189340 -0.000067 0.636725 60 57 54
0.193193 -0.000067 0.638291 83 81 75
0.196896 -0.000066 0.639312 75 78 66
0.200492 -0.000066 0.639959 77 79 67
0.204161 -0.000065 0.640811 74 74 66
0.207829 -0.000065 0.641635 74 70 63
0.211549 -0.000064 0.642590 71 69 61
0.215274 -0.000064 0.643528 68 68 60
0.218917 -0.000063 0.644197 67 66 58
0.223116 -0.000063 0.646455 64 64 57
0.227749 -0.000062 0.649884 56 57 47
0.232320 -0.000061 0.653035 108 82 76
-0.050677 0.003563 0.683271 175 168 159
-0.046800 0.003543 0.679636 199 195 185
-0.043051 0.003532 0.677400 211 209 197
-0.039378 0.003525 0.676069 213 214 200
-0.035752 0.003522 0.675341 215 214 199
-0.032149 0.003520 0.674947 215 214 199
-0.028550 0.003519 0.674563 215 214 199
-0.024965 0.003518 0.674416 213 211 197
-0.021395 0.003520 0.674730 213 211 196
-0.017820 0.003522 0.674966 211 208 192
-0.014246 0.003525 0.675342 211 206 191
-0.010671 0.003528 0.675938 211 206 190
-0.007091 0.003533 0.676639 211 206 190
-0.003505 0.003538 0.677608 211 206 191
0.000092 0.003544 0.678654 211 206 190
0.003697 0.003548 0.679286 211 201 186
0.007298 0.003546 0.678836 209 195 175
0.010865 0.003535 0.676622 159 122 101
0.014368 0.003513 0.672467 155 111 92
0.017789 0.003484 0.666945 155 112 91
0.021141 0.003452 0.661060 154 111 88
0.024433 0.003422 0.655273 150 109 87
0.027653 0.003389 0.649206 147 105 85
0.030842 0.003361 0.643855 140 101 80
0.034067 0.003342 0.640247 122 86 76
0.037343 0.003331 0.638157 118 85 82
0.040607 0.003321 0.636236 150 128 126
0.043940 0.003318 0.635595 83 76 70
0.047311 0.003318 0.635564 97 94 88
0.050659 0.003317 0.635252 107 105 93
0.054020 0.003317 0.635121 108 107 94
0.057352 0.003315 0.634693 111 110 98
0.060671 0.003313 0.634176 112 111 98
0.063969 0.003310 0.633505 113 112 100
0.067257 0.003306 0.632797 112 111 98
0.070546 0.003303 0.632174 116 112 100
0.073838 0.003301 0.631632 114 115 101
0.077112 0.003298 0.630995 118 119 106
0.080369 0.003294 0.630268 123 123 114
0.083641 0.003292 0.629720 124 123 114
0.086911 0.003289 0.629196 114 115 107
0.090172 0.003287 0.628648 104 103 93
0.093407 0.003284 0.627967 95 91 83
0.096632 0.003280 0.627263 71 72 62
0.099867 0.003278 0.626671 62 62 55
0.103070 0.003274 0.625928 51 46 47
0.106296 0.003271 0.625362 25 28 22
0.109531 0.003269 0.624879 9 12 10
0.112752 0.003267 0.624352 6 9 9
0.116001 0.003265 0.624002 10 10 10
0.119265 0.003264 0.623750 10 9 10
0.122540 0.003264 0.623566 11 10 10
0.125786 0.003263 0.623253 10 10 9
0.129073 0.003263 0.623153 11 12 10
0.132448 0.003265 0.623468 10 10 9
0.135823 0.003267 0.623769 10 10 9
0.139199 0.003269 0.624064 11 12 10
0.142607 0.003271 0.624479 10 10 7
0.146077 0.003276 0.625144 8 9 9
0.149555 0.003280 0.625816 6 9 7
0.153097 0.003285 0.626715 4 7 7
0.156623 0.003290 0.627515 4 7 6
0.160156 0.003294 0.628308 6 9 9
0.163744 0.003300 0.629279 8 10 9
0.167306 0.003305 0.630118 26 29 23
0.170888 0.003310 0.630991 55 51 47
0.174487 0.003316 0.631898 67 61 53
0.178120 0.003322 0.632887 62 61 62
0.181734 0.003327 0.633777 78 76 69
0.185374 0.003332 0.634720 83 82 73
0.189098 0.003339 0.635912 80 78 72
0.192812 0.003346 0.637034 78 78 69
0.196510 0.003352 0.638060 77 76 67
0.200141 0.003357 0.638838 75 73 65
0.203835 0.003362 0.639792 74 71 63
0.207496 0.003367 0.640609 74 72 61
0.211306 0.003374 0.641853 73 71 60
0.214902 0.003378 0.642418 71 67 60
0.218843 0.003387 0.643980 70 66 59
0.223385 0.003405 0.647236 57 49 43
0.228159 0.003426 0.651054 146 108 98
-0.046988 0.007214 0.682358 175 166 157
-0.043062 0.007163 0.677563 192 190 181
-0.039332 0.007138 0.675262 205 205 194
-0.035665 0.007122 0.673692 239 239 225
-0.032039 0.007111 0.672623 217 216 201
-0.028457 0.007108 0.672349 212 213 197
-0.024887 0.007108 0.672302 212 211 196
-0.021325 0.007111 0.672513 211 209 195
-0.017765 0.007115 0.672866 211 206 191
-0.014203 0.007121 0.673307 207 203 188
-0.010639 0.007127 0.673854 205 201 186
-0.007070 0.007136 0.674633 205 201 184
-0.003496 0.007149 0.675845 201 195 181
0.000091 0.007164 0.677115 199 193 174
0.003691 0.007175 0.678150 193 185 170
0.007296 0.007182 0.678713 186 177 165
0.010886 0.007174 0.677954 147 115 97
0.014427 0.007146 0.675279 155 112 91
0.017889 0.007097 0.670685 154 111 90
0.021284 0.007042 0.665558 154 111 89
0.024660 0.006997 0.661361 152 109 88
0.027982 0.006951 0.656952 150 107 86
0.031122 0.006873 0.649717 146 105 85
0.034297 0.006818 0.644571 138 99 84
0.037492 0.006777 0.640707 131 94 81
0.040719 0.006749 0.637995 110 82 68
0.043965 0.006727 0.635972 113 95 90
0.047251 0.006715 0.634768 139 123 122
0.050564 0.006708 0.634064 77 73 66
0.053905 0.006705 0.633774 96 94 84
0.057247 0.006703 0.633542 105 103 95
0.060583 0.006700 0.633263 106 107 96
0.063894 0.006695 0.632763 107 107 94
0.067191 0.006690 0.632187 106 107 93
0.070498 0.006685 0.631756 107 108 96
0.073812 0.006682 0.631417 107 108 96
0.077101 0.006677 0.630910 107 108 96
0.080378 0.006672 0.630343 108 108 96
0.083667 0.006668 0.629920 106 105 96
0.086953 0.006663 0.629501 109 108 95
0.090244 0.006660 0.629154 115 112 101
0.093529 0.006657 0.628791 114 114 101
0.096808 0.006653 0.628411 116 115 104
0.100080 0.006649 0.628014 111 109 98
0.103309 0.006643 0.627379 106 105 94
0.106560 0.006638 0.626916 106 101 93
0.109831 0.006635 0.626594 87 87 75
0.113090 0.006632 0.626225 83 81 69
0.116354 0.006629 0.625900 77 75 67
0.119636 0.006627 0.625694 64 70 58
0.122929 0.006626 0.625549 65 62 54
0.126206 0.006624 0.625336 60 55 49
0.129521 0.006624 0.625315 48 46 42
0.132882 0.006627 0.625512 46 48 44
0.136224 0.006628 0.625614 46 45 40
0.139589 0.006631 0.625811 51 50 44
0.142977 0.006634 0.626104 52 47 43
0.146411 0.006640 0.626576 58 54 49
0.149871 0.006647 0.627137 52 54 46
0.153377 0.006655 0.627862 53 56 46
0.156862 0.006662 0.628474 54 57 47
0.160353 0.006669 0.629082 64 68 60
0.163876 0.006677 0.629790 74 77 71
0.167362 0.006683 0.630327 83 85 81
0.170890 0.006691 0.631002 84 82 74
0.174448 0.006699 0.631757 83 82 73
0.178061 0.006710 0.632680 83 82 73
0.181684 0.006720 0.633601 80 80 71
0.185291 0.006730 0.634439 78 77 68
0.188961 0.006741 0.635454 77 75 66
0.192645 0.006753 0.636483 75 75 66
0.196337 0.006764 0.637499 74 73 64
0.199961 0.006773 0.638267 74 71 63
0.203632 0.006783 0.639155 73 70 62
0.207248 0.006791 0.639845 71 70 59
0.211037 0.006804 0.641036 71 69 58
0.215009 0.006823 0.642738 65 64 53
0.219206 0.006848 0.645048 70 57 46
-0.043274 0.010846 0.680897 169 158 150
-0.039369 0.010766 0.675895 185 180 169
-0.035609 0.010714 0.672623 195 193 180
-0.031958 0.010687 0.670915 200 201 187
-0.028369 0.010676 0.670247 204 201 189
-0.024815 0.010679 0.670352 205 201 188
-0.021269 0.010685 0.670718 202 201 186
-0.017720 0.010692 0.671141 200 195 183
-0.014171 0.010702 0.671742 196 192 178
-0.010621 0.010719 0.672731 192 187 169
-0.007064 0.010739 0.673953 186 181 163
-0.003494 0.010762 0.675355 179 172 155
0.000091 0.010788 0.676931 171 161 147
0.003694 0.010818 0.678764 156 144 132
0.007309 0.010837 0.679937 148 130 120
0.010918 0.010839 0.679992 132 105 87
0.014489 0.010810 0.678207 155 112 90
0.017980 0.010745 0.674143 154 111 88
0.021412 0.010672 0.669565 154 111 89
0.024810 0.010605 0.665393 152 109 88
0.028195 0.010551 0.661964 151 108 87
0.031512 0.010485 0.657846 147 105 86
0.034644 0.010377 0.651097 143 103 85
0.037799 0.010294 0.645962 140 102 85
0.040972 0.010230 0.641969 135 96 80
0.044148 0.010177 0.638615 129 93 79
0.047357 0.010138 0.636189 113 80 70
0.050600 0.010112 0.634516 109 87 84
0.053857 0.010091 0.633214 154 126 127
0.057140 0.010078 0.632352 95 75 69
0.060473 0.010074 0.632112 86 84 71
0.063788 0.010068 0.631722 95 97 86
0.067091 0.010061 0.631250 101 101 92
0.070400 0.010056 0.630878 103 104 92
0.073723 0.010053 0.630658 104 103 92
0.077030 0.010048 0.630333 104 104 92
0.080325 0.010042 0.629930 103 102 92
0.083629 0.010037 0.629634 104 103 91
0.086928 0.010033 0.629326 104 103 90
0.090236 0.010030 0.629102 104 103 91
0.093559 0.010029 0.628997 103 103 92
0.096874 0.010026 0.628841 104 105 93
0.100168 0.010023 0.628568 103 104 92
0.103431 0.010016 0.628125 104 104 93
0.106708 0.010011 0.627789 103 104 92
0.109996 0.010007 0.627536 102 105 93
0.113284 0.010004 0.627301 102 104 91
0.116595 0.010003 0.627201 103 105 93
0.119918 0.010003 0.627170 103 104 92
0.123220 0.010001 0.627032 102 101 90
0.126511 0.009998 0.626846 98 98 88
0.129841 0.009999 0.626860 97 99 89
0.133190 0.010001 0.626963 100 100 91
0.136516 0.010002 0.626957 96 96 88
0.139890 0.010005 0.627164 93 92 84
0.143261 0.010009 0.627346 95 95 87
0.146642 0.010013 0.627568 92 92 82
0.150066 0.010019 0.627957 90 93 80
0.153537 0.010029 0.628520 90 92 79
0.156978 0.010036 0.628941 86 89 76
0.160420 0.010043 0.629347 84 89 76
0.163923 0.010054 0.629970 83 87 74
0.167408 0.010063 0.630504 83 85 74
0.170935 0.010074 0.631168 77 77 69
0.174503 0.010087 0.631959 77 77 69
0.178110 0.010102 0.632857 77 76 67
0.181696 0.010115 0.633645 75 75 66
0.185263 0.010127 0.634344 74 74 65
0.188897 0.010142 0.635240 74 73 64
0.192564 0.010158 0.636215 74 71 63
0.196219 0.010173 0.637119 74 71 63
0.199677 0.010178 0.637361 74 70 60
0.203373 0.010194 0.638345 74 70 60
0.207147 0.010214 0.639534 71 66 59
0.211173 0.010245 0.641453 64 55 48
0.215622 0.010296 0.644573 122 104 99
-0.039534 0.014447 0.678706 157 144 138
-0.035704 0.014355 0.674416 160 156 147
-0.031966 0.014284 0.671080 176 170 158
-0.028389 0.014277 0.670710 184 178 167
-0.024813 0.014268 0.670279 186 181 170
-0.021257 0.014270 0.670335 184 179 166
-0.017720 0.014287 0.671121 176 172 160
-0.014183 0.014313 0.672279 170 161 147
-0.010637 0.014343 0.673695 163 149 137
-0.007079 0.014379 0.675335 149 136 125
-0.003503 0.014417 0.677092 144 126 118
0.000091 0.014466 0.679336 141 124 113
0.003710 0.014521 0.681857 139 120 110
0.007343 0.014549 0.683170 137 117 105
0.010972 0.014554 0.683361 132 102 82
0.014555 0.014510 0.681291 154 111 89
0.018068 0.014428 0.677450 154 111 88
0.021529 0.014338 0.673250 154 111 89
0.024964 0.014259 0.669530 152 109 87
0.028369 0.014184 0.666038 149 106 85
0.031748 0.014115 0.662779 148 106 86
0.035051 0.014029 0.658759 145 104 86
0.038200 0.013902 0.652819 143 104 85
0.041345 0.013795 0.647809 141 102 83
0.044466 0.013697 0.643220 138 99 82
0.047631 0.013626 0.639881 134 94 76
0.050822 0.013571 0.637308 129 90 74
0.054021 0.013525 0.635155 121 83 67
0.057243 0.013490 0.633505 113 75 65
0.060479 0.013462 0.632180 160 128 121
0.063724 0.013439 0.631084 113 103 97
0.066979 0.013420 0.630199 74 73 65
0.070269 0.013410 0.629708 87 88 78
0.073576 0.013404 0.629403 96 93 86
0.076891 0.013400 0.629193 97 96 86
0.080197 0.013395 0.628934 100 99 90
0.083520 0.013393 0.628816 101 100 90
0.086848 0.013392 0.628748 101 100 89
0.090176 0.013391 0.628684 101 100 89
0.093518 0.013392 0.628719 101 100 89
0.096857 0.013393 0.628733 99 98 87
0.100174 0.013391 0.628607 99 99 88
0.103482 0.013387 0.628434 97 98 86
0.106789 0.013384 0.628266 97 97 86
0.110092 0.013381 0.628086 100 97 87
0.113396 0.013378 0.627920 97 96 85
0.116735 0.013379 0.627953 98 96 85
0.120087 0.013382 0.628054 96 95 84
0.123401 0.013380 0.627954 95 96 84
0.126706 0.013377 0.627814 94 95 83
0.130045 0.013378 0.627847 93 94 82
0.133400 0.013381 0.627954 93 93 82
0.136731 0.013381 0.627944 91 92 80
0.140111 0.013387 0.628156 87 90 77
0.143484 0.013391 0.628324 88 88 77
0.146867 0.013395 0.628529 86 87 75
0.150286 0.013403 0.628876 84 85 73
0.153724 0.013413 0.629287 84 84 74
0.157118 0.013418 0.629502 83 82 73
0.160513 0.013423 0.629713 80 80 71
0.164020 0.013437 0.630345 77 79 68
0.167530 0.013451 0.630965 75 77 67
0.171064 0.013466 0.631647 77 76 67
0.174662 0.013485 0.632534 74 73 64
0.178244 0.013503 0.633333 73 72 63
0.181757 0.013515 0.633860 73 72 63
0.185256 0.013525 0.634320 74 73 64
0.188857 0.013542 0.635109 73 72 63
0.192421 0.013556 0.635744 74 71 63
0.195939 0.013567 0.636211 74 71 62
0.199365 0.013571 0.636367 73 68 58
0.203210 0.013603 0.637833 70 60 51
0.207677 0.013675 0.641170 126 103 95
0.212618 0.013776 0.645841 131 108 101
-0.032215 0.018019 0.676290 147 132 128
-0.028503 0.017942 0.673406 148 132 128
-0.024885 0.017910 0.672202 150 135 130
-0.021322 0.017916 0.672374 150 131 125
-0.017794 0.017957 0.673911 150 132 120
-0.014256 0.018006 0.675718 149 124 116
-0.010700 0.018059 0.677652 146 122 112
-0.007123 0.018110 0.679544 148 120 109
-0.003532 0.018191 0.682564 147 116 104
0.000092 0.018339 0.688036 140 112 102
0.003750 0.018374 0.689327 139 113 106
0.007405 0.018366 0.689009 138 115 105
0.011041 0.018330 0.687648 132 99 79
0.014625 0.018248 0.684575 153 110 85
0.018158 0.018147 0.680820 154 111 86
0.021644 0.018041 0.676832 154 111 87
0.025102 0.017945 0.673241 151 108 87
0.028529 0.017854 0.669815 150 106 87
0.031930 0.017768 0.666592 148 105 86
0.035293 0.017680 0.663315 146 105 87
0.038595 0.017580 0.659571 143 104 85
0.041777 0.017447 0.654585 143 104 85
0.044945 0.017329 0.650157 141 102 85
0.048105 0.017225 0.646257 144 100 83
0.051257 0.017131 0.642771 137 96 77
0.054393 0.017045 0.639532 134 93 76
0.057546 0.016974 0.636857 126 88 74
0.060703 0.016912 0.634526 123 88 77
0.063876 0.016860 0.632594 104 71 62
0.067060 0.016817 0.630962 123 92 83
0.070273 0.016785 0.629749 155 121 115
0.073514 0.016762 0.628877 122 95 88
0.076765 0.016743 0.628166 87 70 65
0.080032 0.016730 0.627644 84 77 71
0.083362 0.016730 0.627637 92 92 83
0.086679 0.016728 0.627533 94 96 84
0.090001 0.016726 0.627470 97 96 86
0.093348 0.016730 0.627579 96 94 86
0.096707 0.016735 0.627764 97 96 85
0.100055 0.016738 0.627867 95 94 83
0.103405 0.016742 0.627972 96 96 86
0.106759 0.016745 0.628092 95 96 84
0.110095 0.016746 0.628104 95 94 83
0.113415 0.016745 0.628029 94 95 81
0.116784 0.016750 0.628221 93 94 81
0.120160 0.016756 0.628437 92 93 81
0.123494 0.016757 0.628429 95 94 83
0.126830 0.016757 0.628430 92 91 80
0.130209 0.016763 0.628644 90 89 78
0.133560 0.016766 0.628707 90 89 78
0.136874 0.016763 0.628602 89 88 77
0.140261 0.016770 0.628831 86 85 76
0.143646 0.016776 0.629035 84 83 74
0.147009 0.016779 0.629141 83 82 73
0.150425 0.016788 0.629462 80 80 71
0.153833 0.016796 0.629734 80 79 71
0.157182 0.016797 0.629761 77 77 69
0.160503 0.016795 0.629677 74 74 66
0.164038 0.016816 0.630417 74 74 64
0.167578 0.016836 0.631145 74 74 65
0.171112 0.016854 0.631826 74 73 64
0.174715 0.016879 0.632727 74 71 63
0.178269 0.016898 0.633423 73 71 62
0.181688 0.016904 0.633622 71 70 61
0.185000 0.016900 0.633444 70 71 61
0.188636 0.016925 0.634366 68 67 58
0.192133 0.016937 0.634794 71 65 59
0.195939 0.016975 0.636211 83 66 56
0.199480 0.016990 0.636737 136 105 95
0.204371 0.017118 0.641477 136 103 90
0.211209 0.017403 0.652075 133 101 89
-0.021617 0.021816 0.681661 144 121 113
-0.007524 0.022980 0.717774 138 90 83
-0.003688 0.022819 0.712745 136 89 81
0.000094 0.022648 0.707403 131 90 80
0.003811 0.022426 0.700501 126 88 78
0.007479 0.022278 0.695875 139 106 95
0.011109 0.022151 0.691918 143 106 84
0.014705 0.022037 0.688378 151 111 85
0.018253 0.021911 0.684419 152 111 85
0.021763 0.021787 0.680566 152 108 86
0.025244 0.021674 0.677049 151 107 87
0.028695 0.021568 0.673716 150 106 87
0.032123 0.021469 0.670637 148 105 86
0.035519 0.021370 0.667561 147 106 86
0.038871 0.021266 0.664297 143 104 85
0.042173 0.021153 0.660787 143 104 85
0.045446 0.021045 0.657414 143 104 85
0.048730 0.020957 0.654647 144 101 84
0.051986 0.020869 0.651911 141 100 82
0.055191 0.020773 0.648916 139 98 80
0.058159 0.020604 0.643641 133 94 78
0.061164 0.020466 0.639351 128 92 78
0.064279 0.020378 0.636589 126 89 75
0.067405 0.020302 0.634217 124 85 70
0.070535 0.020234 0.632100 122 83 69
0.073725 0.020189 0.630690 117 78 65
0.076899 0.020144 0.629270 138 98 87
0.080092 0.020107 0.628118 158 119 111
0.083298 0.020077 0.627156 140 108 102
0.086526 0.020054 0.626427 101 83 78
0.089796 0.020042 0.626047 81 73 67
0.093099 0.020038 0.625910 83 79 72
0.096434 0.020041 0.625993 89 85 75
0.099781 0.020047 0.626148 92 89 80
0.103173 0.020061 0.626566 93 92 80
0.106569 0.020074 0.626977 92 91 81
0.109928 0.020081 0.627158 93 92 81
0.113250 0.020080 0.627116 90 92 81
0.116640 0.020091 0.627450 91 91 80
0.120037 0.020103 0.627797 92 91 80
0.123383 0.020105 0.627869 91 89 81
0.126723 0.020107 0.627905 89 88 77
0.130138 0.020120 0.628301 88 87 76
0.133526 0.020129 0.628549 86 86 75
0.136821 0.020123 0.628362 84 85 73
0.140191 0.020129 0.628518 84 83 74
0.143538 0.020130 0.628565 81 81 72
0.146890 0.020133 0.628634 80 79 71
0.150295 0.020143 0.628918 77 76 67
0.153659 0.020147 0.629024 77 76 68
0.156975 0.020144 0.628933 74 74 66
0.160297 0.020143 0.628869 74 74 65
0.163861 0.020171 0.629739 71 70 62
0.167347 0.020189 0.630280 74 73 64
0.170865 0.020210 0.630913 70 67 59
0.174466 0.020240 0.631827 67 64 56
0.178112 0.020274 0.632868 68 65 56
0.181502 0.020278 0.632976 65 62 56
0.185217 0.020317 0.634189 77 70 59
0.189025 0.020366 0.635677 125 104 100
0.192993 0.020429 0.637636 137 104 99
0.196912 0.020486 0.639371 124 90 72
0.203608 0.020826 0.649909 110 80 63
0.211387 0.021264 0.663496 67 52 44
-0.015841 0.028067 0.750877 149 102 93
-0.011686 0.027664 0.740121 123 84 75
-0.007654 0.027290 0.730151 142 96 86
-0.003735 0.026972 0.721654 134 92 82
0.000095 0.026714 0.714782 132 92 81
0.003852 0.026466 0.708151 130 91 78
0.007547 0.026245 0.702251 129 91 76
0.011188 0.026044 0.696880 144 106 82
0.014790 0.025874 0.692349 149 110 85
0.018357 0.025723 0.688317 151 108 85
0.021882 0.025574 0.684327 152 107 85
0.025383 0.025442 0.680803 151 106 86
0.028857 0.025320 0.677521 150 105 85
0.032306 0.025205 0.674463 148 104 86
0.035723 0.025091 0.671401 146 105 87
0.039109 0.024978 0.668376 144 105 86
0.042468 0.024867 0.665416 144 105 86
0.045793 0.024755 0.662428 142 103 84
0.049127 0.024664 0.659993 143 102 82
0.052439 0.024575 0.657592 142 101 83
0.055705 0.024477 0.654964 140 100 82
0.058906 0.024363 0.651916 137 99 80
0.061965 0.024206 0.647718 135 96 81
0.064996 0.024055 0.643693 134 94 74
0.068037 0.023923 0.640161 134 90 75
0.071096 0.023809 0.637126 132 87 70
0.074187 0.023716 0.634642 129 85 67
0.077272 0.023630 0.632321 128 84 69
0.080362 0.023552 0.630240 126 84 71
0.083505 0.023495 0.628715 122 82 72
0.086658 0.023446 0.627383 118 79 72
0.089849 0.023410 0.626418 140 103 97
0.093057 0.023381 0.625633 150 121 116
0.096287 0.023359 0.625046 136 120 114
0.099514 0.023338 0.624475 113 100 95
0.102777 0.023327 0.624161 89 78 65
0.106060 0.023321 0.623988 83 73 67
0.109298 0.023305 0.623565 80 71 64
0.112549 0.023294 0.623238 83 77 68
0.115966 0.023316 0.623826 86 79 73
0.119418 0.023344 0.624562 83 77 71
0.122795 0.023357 0.624877 83 77 70
0.126161 0.023366 0.625124 83 79 71
0.129563 0.023382 0.625527 86 81 74
0.132910 0.023387 0.625653 77 76 68
0.136201 0.023382 0.625519 78 80 69
0.139563 0.023390 0.625704 75 75 66
0.142904 0.023394 0.625792 77 76 68
0.146275 0.023402 0.626004 73 71 63
0.149662 0.023413 0.626271 71 69 61
0.153059 0.023424 0.626570 68 64 57
0.156447 0.023434 0.626822 63 61 56
0.159746 0.023430 0.626709 62 59 54
0.163397 0.023478 0.627957 74 61 56
0.167074 0.023527 0.629251 71 57 51
0.170726 0.023571 0.630404 83 72 62
0.174476 0.023626 0.631867 122 101 91
0.178458 0.023710 0.634097 143 114 104
0.182463 0.023795 0.636328 135 102 90
0.186758 0.023913 0.639468 125 88 74
0.192340 0.024190 0.646824 120 79 66
0.197621 0.024420 0.652925 108 70 57
0.203430 0.024706 0.660534 101 74 65
0.210433 0.025126 0.671692 32 22 19
0.216822 0.025460 0.680554 24 16 16
-0.020389 0.033003 0.772186 152 101 92
-0.015999 0.032410 0.758350 143 103 90
-0.011789 0.031908 0.746618 136 102 91
-0.007718 0.031464 0.736272 122 83 70
-0.003764 0.031079 0.727270 134 92 82
0.000095 0.030759 0.719809 125 89 75
0.003880 0.030484 0.713378 125 90 75
0.007599 0.030215 0.707107 130 94 76
0.011256 0.029961 0.701160 143 105 82
0.014873 0.029751 0.696265 148 108 84
0.018457 0.029572 0.692077 150 107 84
0.022004 0.029404 0.688154 150 107 86
0.025519 0.029247 0.684468 151 106 86
0.029014 0.029108 0.681215 150 105 85
0.032484 0.028978 0.678180 147 105 88
0.035925 0.028851 0.675211 145 105 87
0.039342 0.028729 0.672359 144 105 86
0.042728 0.028607 0.669508 143 104 85
0.046086 0.028487 0.666682 142 103 84
0.049454 0.028389 0.664387 143 102 84
0.052776 0.028279 0.661825 142 101 81
0.056074 0.028171 0.659300 141 100 81
0.059339 0.028061 0.656712 139 100 81
0.062555 0.027940 0.653892 137 99 80
0.065715 0.027809 0.650813 139 96 77
0.068847 0.027679 0.647783 138 93 76
0.072065 0.027595 0.645812 137 91 73
0.075244 0.027504 0.643686 134 89 71
0.078324 0.027387 0.640936 132 88 72
0.081197 0.027209 0.636785 131 86 71
0.084180 0.027082 0.633802 129 84 72
0.087235 0.026986 0.631567 123 85 73
0.090262 0.026889 0.629295 122 86 77
0.093413 0.026835 0.628029 120 84 71
0.096542 0.026779 0.626700 117 81 66
0.099670 0.026726 0.625456 116 76 62
0.102862 0.026693 0.624682 126 88 73
0.106034 0.026657 0.623834 128 96 85
0.109160 0.026612 0.622779 138 110 97
0.112317 0.026577 0.621957 143 118 106
0.115597 0.026573 0.621843 149 121 109
0.118938 0.026582 0.622053 147 118 107
0.122345 0.026606 0.622593 143 115 104
0.125688 0.026615 0.622781 129 101 96
0.129071 0.026631 0.623157 124 99 93
0.132401 0.026636 0.623260 116 90 83
0.135717 0.026638 0.623298 111 90 83
0.139275 0.026687 0.624416 107 90 85
0.142724 0.026712 0.625006 105 93 87
0.146141 0.026731 0.625433 111 97 89
0.149600 0.026757 0.626014 118 107 97
0.153093 0.026787 0.626710 128 113 108
0.156575 0.026814 0.627335 135 115 111
0.160108 0.026849 0.628131 143 107 97
0.164076 0.026954 0.630566 136 96 89
0.168136 0.027070 0.633251 122 88 78
0.172227 0.027186 0.635946 123 85 74
0.176456 0.027319 0.639037 123 85 71
0.181700 0.027602 0.645616 120 82 65
0.186694 0.027837 0.651081 112 76 59
0.191540 0.028042 0.655838 107 71 56
0.196548 0.028263 0.660971 99 73 59
0.201596 0.028482 0.666058 67 50 42
0.207183 0.028768 0.672719 16 13 10
0.212868 0.029058 0.679464 22 17 19
0.220093 0.029546 0.690821 50 37 36
-0.025077 0.038035 0.790756 167 112 103
-0.020496 0.037334 0.776205 153 110 98
-0.016104 0.036712 0.763305 125 97 78
-0.011867 0.036144 0.751527 130 108 96
-0.007768 0.035636 0.740990 130 92 79
-0.003790 0.035209 0.732125 125 86 73
0.000095 0.034839 0.724449 130 91 78
0.003903 0.034515 0.717710 125 91 75
0.007644 0.034206 0.711299 132 95 76
0.011321 0.033914 0.705236 142 104 81
0.014954 0.033665 0.700074 149 107 84
0.018555 0.033458 0.695768 151 106 86
0.022120 0.033267 0.691794 152 106 86
0.025653 0.033087 0.688063 151 105 87
0.029167 0.032931 0.684824 150 104 86
0.032657 0.032786 0.681811 148 104 85
0.036120 0.032645 0.678874 145 104 85
0.039562 0.032513 0.676123 143 104 85
0.042976 0.032381 0.673387 142 103 84
0.046362 0.032251 0.670678 143 102 82
0.049742 0.032135 0.668262 143 102 83
0.053088 0.032013 0.665735 143 100 80
0.056429 0.031905 0.663482 143 99 80
0.059736 0.031791 0.661104 142 99 80
0.063023 0.031680 0.658790 142 98 79
0.066272 0.031562 0.656340 141 97 78
0.069481 0.031438 0.653751 141 95 77
0.072723 0.031340 0.651712 142 94 76
0.075950 0.031244 0.649730 139 92 74
0.079147 0.031146 0.647672 138 91 74
0.082412 0.031081 0.646315 134 90 75
0.085513 0.030961 0.643837 131 89 75
0.088743 0.030896 0.642482 126 90 76
0.091852 0.030796 0.640381 123 88 75
0.094899 0.030682 0.638017 122 86 72
0.097656 0.030485 0.633934 123 85 69
0.100635 0.030369 0.631510 126 84 68
0.103723 0.030292 0.629910 124 84 66
0.106815 0.030221 0.628433 125 86 67
0.109837 0.030135 0.626643 124 86 67
0.113038 0.030102 0.625949 124 84 67
0.116276 0.030081 0.625496 124 84 69
0.119517 0.030061 0.625086 123 83 68
0.122920 0.030083 0.625518 121 79 65
0.126220 0.030078 0.625419 123 78 64
0.129519 0.030074 0.625318 119 78 66
0.132915 0.030092 0.625680 119 81 68
0.136354 0.030119 0.626221 114 80 66
0.139870 0.030161 0.627086 119 81 69
0.143391 0.030202 0.627929 121 83 70
0.146947 0.030248 0.628881 120 81 69
0.150782 0.030349 0.630963 124 85 69
0.154634 0.030449 0.633019 121 87 70
0.158561 0.030559 0.635291 118 88 75
0.162624 0.030691 0.638000 119 87 72
0.166970 0.030869 0.641689 118 85 71
0.171394 0.031055 0.645520 116 83 69
0.175884 0.031245 0.649446 110 76 61
0.180442 0.031440 0.653472 107 73 57
0.185087 0.031642 0.657650 104 71 54
0.189681 0.031828 0.661496 103 80 66
0.194305 0.032013 0.665304 68 52 45
0.199000 0.032202 0.669219 15 14 13
0.203804 0.032402 0.673352 20 21 16
0.209267 0.032699 0.679485 24 21 20
0.215206 0.033059 0.686926 28 21 22
-0.025184 0.042451 0.794105 157 123 108
-0.020593 0.041687 0.779842 142 117 104
-0.016198 0.041037 0.767710 131 109 95
-0.011940 0.040415 0.756096 125 98 87
-0.007816 0.039848 0.745502 138 97 84
-0.003813 0.039367 0.736525 128 87 74
0.000095 0.038953 0.728795 129 88 76
0.003926 0.038589 0.721997 130 92 74
0.007687 0.038237 0.715407 135 97 78
0.011384 0.037902 0.709159 146 105 81
0.015033 0.037615 0.703802 150 107 85
0.018650 0.037377 0.699353 151 106 86
0.022234 0.037164 0.695362 151 105 85
0.025792 0.036973 0.691797 151 104 86
0.029323 0.036797 0.688490 150 104 86
0.032835 0.036638 0.685521 147 103 84
0.036322 0.036486 0.682676 145 104 86
0.039790 0.036344 0.680030 143 102 84
0.043218 0.036193 0.677189 141 102 83
0.046623 0.036047 0.674457 143 102 81
0.050023 0.035918 0.672040 143 100 81
0.053397 0.035789 0.669626 144 100 81
0.056769 0.035674 0.667476 142 98 79
0.060115 0.035558 0.665301 143 99 80
0.063444 0.035445 0.663190 142 98 79
0.066746 0.035330 0.661038 142 97 78
0.070019 0.035212 0.658823 141 95 77
0.073313 0.035115 0.657001 141 94 76
0.076598 0.035023 0.655277 141 94 77
0.079870 0.034932 0.653584 139 92 74
0.083171 0.034862 0.652273 137 91 74
0.086516 0.034816 0.651389 133 92 77
0.089767 0.034736 0.649894 128 92 78
0.092962 0.034641 0.648121 126 91 78
0.096171 0.034559 0.646571 128 89 77
0.099346 0.034470 0.644905 128 89 74
0.102467 0.034369 0.643012 129 87 69
0.105595 0.034276 0.641276 126 86 68
0.108711 0.034186 0.639585 128 89 70
0.111672 0.034054 0.637114 126 88 69
0.114636 0.033930 0.634799 125 85 68
0.117989 0.033926 0.634712 126 85 71
0.121368 0.033929 0.634768 128 84 69
0.124720 0.033925 0.634677 125 85 67
0.128228 0.033962 0.635366 128 84 67
0.131583 0.033959 0.635286 124 86 69
0.134999 0.033970 0.635492 122 84 70
0.138450 0.033990 0.635849 122 84 70
0.142014 0.034036 0.636697 124 86 71
0.145682 0.034104 0.637958 125 86 71
0.149470 0.034197 0.639679 128 85 69
0.153359 0.034308 0.641743 125 87 69
0.157328 0.034432 0.644048 122 87 70
0.161339 0.034560 0.646423 119 83 70
0.165388 0.034690 0.648846 114 80 63
0.169627 0.034855 0.651900 108 74 59
0.173884 0.035016 0.654899 104 71 55
0.178254 0.035194 0.658199 99 75 53
0.182702 0.035380 0.661656 88 67 52
0.187161 0.035561 0.665019 52 40 36
0.191562 0.035724 0.668055 11 9 9
0.195889 0.035868 0.670730 21 18 16
0.200356 0.036032 0.673776 21 20 16
0.205265 0.036269 0.678181 22 20 19
0.210911 0.036625 0.684822 16 10 10
0.217236 0.037087 0.693407 93 65 59
-0.025256 0.046839 0.796371 148 130 110
-0.020689 0.046080 0.783488 139 116 102
-0.016283 0.045386 0.771716 134 114 99
-0.012004 0.044703 0.760117 134 101 87
-0.007862 0.044097 0.749839 136 92 80
-0.003835 0.043559 0.740703 138 92 80
0.000095 0.043102 0.732938 128 84 70
0.003948 0.042699 0.726094 130 90 72
0.007728 0.042297 0.719270 135 97 77
0.011443 0.041922 0.712898 147 105 82
0.015113 0.041608 0.707571 150 105 85
0.018750 0.041347 0.703128 153 106 86
0.022353 0.041110 0.699100 152 105 85
0.025930 0.040899 0.695522 151 105 85
0.029489 0.040715 0.692400 150 104 86
0.033017 0.040536 0.689342 147 103 86
0.036523 0.040366 0.686462 143 103 84
0.040010 0.040209 0.683789 142 103 83
0.043457 0.040042 0.680946 142 101 81
0.046883 0.039882 0.678218 144 100 81
0.050302 0.039739 0.675791 144 101 80
0.053699 0.039599 0.673417 143 99 80
0.057099 0.039479 0.671367 142 98 79
0.060482 0.039362 0.669374 142 98 79
0.063844 0.039244 0.667371 142 96 78
0.067190 0.039131 0.665438 142 96 78
0.070522 0.039020 0.663551 142 95 77
0.073848 0.038917 0.661800 143 95 77
0.077165 0.038819 0.660121 140 94 76
0.080489 0.038733 0.658656 139 93 76
0.083849 0.038671 0.657592 138 92 74
0.093901 0.038500 0.654670 129 93 79
0.097139 0.038406 0.653078 129 92 78
0.100359 0.038313 0.651481 129 89 76
0.103573 0.038223 0.649952 130 89 72
0.106822 0.038151 0.648733 130 89 71
0.110108 0.038097 0.647808 129 90 71
0.113372 0.038039 0.646812 128 89 70
0.116673 0.037996 0.646081 128 88 70
0.120087 0.037992 0.646000 128 87 70
0.123534 0.037998 0.646094 130 86 69
0.126965 0.037999 0.646104 128 87 69
0.130412 0.038005 0.646190 128 87 70
0.133923 0.038028 0.646579 125 87 70
0.137450 0.038055 0.647027 124 86 71
0.140733 0.038015 0.646336 124 86 69
0.144271 0.038044 0.646817 124 86 69
0.147882 0.038090 0.647595 123 84 70
0.151594 0.038160 0.648768 121 81 65
0.155426 0.038256 0.650392 114 78 62
0.159325 0.038365 0.652222 107 75 60
0.163315 0.038490 0.654337 104 72 59
0.167409 0.038634 0.656774 103 72 59
0.171596 0.038794 0.659467 87 65 52
0.175736 0.038936 0.661876 68 55 44
0.180003 0.039101 0.664657 25 20 11
0.184270 0.039259 0.667332 16 15 13
0.188458 0.039395 0.669628 17 15 13
0.192427 0.039481 0.671073 17 14 13
0.196472 0.039579 0.672728 19 18 16
0.201172 0.039804 0.676523 20 18 17
0.206138 0.040072 0.681065 11 8 9
0.212011 0.040505 0.688395 71 51 50
-0.029909 0.051844 0.807863 65 51 47
-0.025309 0.051211 0.798019 128 102 87
-0.020767 0.050465 0.786406 140 116 97
-0.016351 0.049728 0.774940 137 114 95
-0.012061 0.049003 0.763670 144 102 89
-0.007903 0.048363 0.753703 137 89 75
-0.003856 0.047784 0.744693 138 92 79
0.000095 0.047268 0.736671 136 90 76
0.003968 0.046826 0.729787 133 89 73
0.007767 0.046386 0.722931 140 96 78
0.011503 0.045981 0.716637 147 103 82
0.015197 0.045651 0.711495 150 105 85
0.018858 0.045374 0.707174 152 105 85
0.022478 0.045107 0.703026 152 105 85
0.026069 0.044865 0.699247 150 104 84
0.029643 0.044658 0.696025 149 104 84
0.033187 0.044457 0.692897 147 102 84
0.036713 0.044274 0.690041 145 102 84
0.040216 0.044100 0.687320 141 101 82
0.043685 0.043920 0.684514 141 100 80
0.047138 0.043753 0.681917 144 100 81
0.050583 0.043603 0.679571 144 100 81
0.054004 0.043453 0.677239 143 99 80
0.057424 0.043322 0.675194 142 98 79
0.060829 0.043195 0.673214 143 97 79
0.064212 0.043068 0.671228 142 96 78
0.067591 0.042951 0.669404 143 97 79
0.070960 0.042840 0.667674 142 96 78
0.074327 0.042739 0.666098 141 95 75
0.077687 0.042643 0.664597 140 94 76
0.081048 0.042556 0.663229 139 93 75
0.084415 0.042479 0.662034 138 94 76
0.101302 0.042196 0.657600 132 90 77
0.104545 0.042097 0.656049 133 90 71
0.107853 0.042030 0.654991 132 91 71
0.111191 0.041978 0.654178 129 90 69
0.114494 0.041916 0.653213 130 91 70
0.117826 0.041868 0.652465 130 89 71
0.121264 0.041860 0.652330 129 88 70
0.124744 0.041867 0.652424 129 88 70
0.128076 0.041824 0.651757 128 87 69
0.131558 0.041832 0.651870 126 86 68
0.135087 0.041854 0.652200 124 86 69
0.138618 0.041875 0.652526 121 83 67
0.142196 0.041910 0.653055 117 81 64
0.145798 0.041950 0.653663 111 78 62
0.149462 0.042005 0.654512 106 75 62
0.153204 0.042079 0.655659 105 75 62
0.157067 0.042182 0.657259 95 71 58
0.160988 0.042297 0.659030 83 59 51
0.164975 0.042424 0.660991 57 43 38
0.169023 0.042560 0.663107 25 18 16
0.173009 0.042676 0.664898 15 14 11
0.176969 0.042781 0.666519 17 18 13
0.180972 0.042892 0.668235 16 17 13
0.185037 0.043013 0.670114 18 18 14
0.188992 0.043105 0.671526 20 21 17
0.192507 0.043094 0.671353 23 22 20
0.196377 0.043162 0.672404 28 26 26
0.201151 0.043424 0.676454 39 34 33
0.206259 0.043747 0.681465 77 54 58
-0.029939 0.056227 0.808657 86 98 92
-0.025351 0.055576 0.799313 70 57 51
-0.020827 0.054834 0.788653 131 103 81
-0.016410 0.054070 0.777675 144 119 96
-0.012115 0.053332 0.767081 148 102 88
-0.007944 0.052673 0.757610 147 98 84
-0.003877 0.052051 0.748675 134 87 73
0.000095 0.051499 0.740744 138 92 78
0.003988 0.050997 0.733538 141 94 76
0.007806 0.050515 0.726611 143 97 79
0.011562 0.050076 0.720308 150 103 85
0.015275 0.049720 0.715187 150 103 84
0.018958 0.049425 0.710949 152 105 85
0.022601 0.049141 0.706860 152 104 85
0.026209 0.048873 0.703010 151 104 85
0.029798 0.048642 0.699688 150 103 84
0.033370 0.048435 0.696716 148 102 84
0.036915 0.048236 0.693846 144 102 84
0.040431 0.048038 0.691003 142 101 83
0.043914 0.047838 0.688117 142 101 82
0.047386 0.047657 0.685511 145 99 81
0.050856 0.047499 0.683249 144 99 80
0.054306 0.047345 0.681030 144 98 80
0.057747 0.047204 0.678994 143 97 79
0.061170 0.047065 0.676990 142 96 78
0.064579 0.046932 0.675071 143 97 79
0.067988 0.046812 0.673345 142 96 78
0.071385 0.046696 0.671676 141 95 77
0.074791 0.046597 0.670256 142 95 77
0.078179 0.046497 0.668808 141 94 76
0.081563 0.046403 0.667448 139 93 75
0.105295 0.045940 0.660757 133 91 73
0.108584 0.045848 0.659431 133 92 72
0.111961 0.045798 0.658709 130 91 70
0.115329 0.045748 0.657977 130 91 70
0.118699 0.045701 0.657301 130 91 72
0.122092 0.045665 0.656784 130 90 72
0.125515 0.045643 0.656454 131 88 71
0.128981 0.045637 0.656364 130 88 70
0.132483 0.045644 0.656455 126 85 69
0.136022 0.045663 0.656716 104 75 58
0.139598 0.045693 0.657142 83 63 51
0.143242 0.045743 0.657858 75 56 44
0.146932 0.045806 0.658748 61 46 41
0.150676 0.045882 0.659831 39 29 25
0.154494 0.045976 0.661179 23 18 16
0.158375 0.046085 0.662734 16 14 13
0.162243 0.046186 0.664170 16 15 14
0.166086 0.046275 0.665439 18 17 16
0.169844 0.046337 0.666328 17 17 16
0.173604 0.046398 0.667185 18 17 16
0.177233 0.046421 0.667516 17 18 16
0.180920 0.046459 0.668044 27 26 28
0.184543 0.046479 0.668326 24 23 23
0.187974 0.046450 0.667910 33 31 35
0.191469 0.046439 0.667737 53 57 62
0.196021 0.046680 0.671187 32 38 42
0.201040 0.047022 0.676081 48 65 67
0.207278 0.047632 0.684833 80 57 72
-0.029982 0.060645 0.809798 81 102 98
-0.025387 0.059942 0.800430 78 78 79
-0.020868 0.059176 0.790205 112 89 74
-0.016470 0.058448 0.780495 143 105 88
-0.012174 0.057721 0.770799 152 105 90
-0.007989 0.057047 0.761816 148 100 85
-0.003901 0.056403 0.753220 145 97 83
0.000095 0.055806 0.745262 138 90 76
0.004011 0.055250 0.737851 143 95 79
0.007848 0.054699 0.730500 146 98 80
0.011617 0.054195 0.723771 150 101 84
0.015346 0.053802 0.718530 158 110 92
0.019043 0.053476 0.714174 151 103 85
0.022707 0.053178 0.710199 151 104 84
0.026341 0.052906 0.706572 151 103 85
0.029953 0.052664 0.703329 150 102 84
0.033541 0.052438 0.700314 147 101 83
0.037109 0.052228 0.697514 143 102 84
0.040637 0.052005 0.694539 142 101 83
0.044146 0.051797 0.691749 144 100 82
0.047636 0.051601 0.689136 144 98 80
0.051126 0.051432 0.686873 144 99 79
0.054601 0.051272 0.684741 143 97 79
0.058063 0.051121 0.682714 143 97 79
0.061508 0.050972 0.680731 143 97 79
0.064940 0.050831 0.678841 143 97 79
0.068373 0.050705 0.677156 142 96 78
0.071796 0.050585 0.675554 141 95 77
0.075229 0.050483 0.674187 142 95 77
0.078646 0.050380 0.672807 141 93 75
0.082087 0.050300 0.671736 140 93 76
0.105958 0.049793 0.664924 133 92 73
0.109234 0.049677 0.663384 133 92 72
0.112647 0.049630 0.662748 130 91 70
0.116032 0.049574 0.661992 130 91 70
0.119383 0.049507 0.661089 130 91 72
0.122820 0.049478 0.660704 130 91 72
0.126256 0.049451 0.660335 131 87 70
0.129702 0.049429 0.660035 132 89 74
0.133202 0.049428 0.660015 61 40 37
0.136728 0.049437 0.660125 26 23 16
0.140286 0.049457 0.660381 23 23 19
0.143924 0.049503 0.660993 20 18 17
0.147605 0.049561 0.661763 20 18 17
0.151324 0.049630 0.662671 19 17 16
0.155133 0.049724 0.663915 18 18 17
0.158960 0.049820 0.665184 16 17 17
0.162711 0.049888 0.666085 16 16 16
0.166317 0.049910 0.666368 14 15 16
0.169707 0.049867 0.665790 13 14 13
0.173167 0.049846 0.665506 10 9 9
0.176643 0.049831 0.665295 22 21 20
0.180087 0.049807 0.664974 33 32 35
0.183626 0.049810 0.665008 45 46 52
0.187479 0.049897 0.666156 53 57 67
0.191872 0.050122 0.669143 64 71 81
0.196982 0.050523 0.674476 80 89 97
0.202548 0.051025 0.681155 60 70 75
0.209464 0.051844 0.692056 90 67 73
-0.025416 0.064303 0.801333 60 62 66
-0.020913 0.063543 0.791878 53 48 42
-0.016526 0.062843 0.783153 130 93 86
-0.012227 0.062114 0.774087 153 106 91
-0.008030 0.061440 0.765694 150 103 86
-0.003924 0.060791 0.757608 147 99 84
0.000096 0.060165 0.749823 145 97 81
0.004035 0.059566 0.742359 146 96 80
0.007890 0.058937 0.734531 148 99 82
0.011675 0.058366 0.727421 149 99 83
0.015415 0.057913 0.721786 153 103 86
0.019124 0.057546 0.717211 160 112 94
0.022799 0.057215 0.713081 154 106 88
0.026453 0.056935 0.709593 149 101 83
0.030087 0.056685 0.706484 149 102 84
0.033697 0.056452 0.703573 147 101 84
0.037284 0.056230 0.700807 144 101 84
0.040839 0.056003 0.697984 144 101 84
0.044374 0.055791 0.695337 145 99 81
0.047885 0.055583 0.692743 145 99 81
0.051391 0.055398 0.690441 144 99 79
0.054888 0.055231 0.688347 143 97 79
0.058362 0.055061 0.686230 143 97 79
0.061832 0.054908 0.684323 142 96 78
0.065290 0.054762 0.682502 142 96 78
0.068745 0.054629 0.680843 141 95 77
0.072204 0.054513 0.679389 141 95 77
0.075679 0.054419 0.678218 141 95 77
0.079161 0.054339 0.677210 139 92 74
0.082555 0.054207 0.675571 138 91 73
0.109859 0.053537 0.667183 132 91 71
0.113289 0.053485 0.666525 131 92 71
0.116663 0.053410 0.665595 130 91 70
0.120029 0.053336 0.664668 130 91 72
0.123468 0.053298 0.664192 129 90 71
0.126910 0.053264 0.663756 130 86 69
0.130348 0.053229 0.663321 117 87 73
0.133845 0.053221 0.663205 28 23 26
0.137388 0.053230 0.663314 26 18 20
0.140896 0.053226 0.663256 22 17 17
0.144535 0.053270 0.663800 22 17 17
0.148229 0.053332 0.664566 21 18 17
0.151875 0.053374 0.665083 19 16 16
0.155591 0.053439 0.665879 15 14 16
0.159254 0.053482 0.666415 11 10 13
0.162699 0.053453 0.666039 8 7 10
0.165960 0.053365 0.664940 12 9 13
0.169317 0.053311 0.664265 25 20 20
0.173075 0.053383 0.665157 51 40 36
0.176777 0.053435 0.665799 56 43 43
0.180588 0.053518 0.666823 44 44 50
0.184539 0.053639 0.668313 70 70 79
0.188919 0.053877 0.671272 84 93 96
0.193673 0.054212 0.675425 80 87 96
0.199030 0.054700 0.681490 68 84 89
0.204904 0.055311 0.689077 63 55 60
-0.025460 0.068715 0.802721 17 18 25
-0.020958 0.067929 0.793549 77 77 72
-0.016569 0.067209 0.785142 80 64 57
-0.012275 0.066524 0.777147 135 98 82
-0.008072 0.065878 0.769614 150 105 89
-0.003948 0.065232 0.762074 149 103 87
0.000096 0.064588 0.754552 148 100 83
0.004059 0.063938 0.746974 149 99 82
0.007939 0.063259 0.739046 149 99 82
0.011744 0.062633 0.731738 151 102 84
0.015498 0.062113 0.725667 152 102 83
0.019214 0.061680 0.720618 150 101 83
0.022891 0.061283 0.715982 155 107 88
0.026556 0.060973 0.712351 160 113 94
0.030202 0.060702 0.709190 148 101 83
0.033833 0.060464 0.706407 144 100 82
0.037446 0.060245 0.703854 145 101 84
0.041030 0.060023 0.701257 144 100 82
0.044597 0.059816 0.698834 144 99 80
0.048138 0.059608 0.696399 145 99 81
0.051652 0.059399 0.693955 143 97 79
0.055161 0.059212 0.691775 143 97 79
0.058657 0.059035 0.689700 143 97 78
0.062146 0.058873 0.687809 143 97 79
0.065632 0.058725 0.686080 142 96 78
0.069112 0.058589 0.684490 140 94 76
0.072589 0.058464 0.683017 140 94 76
0.076093 0.058371 0.681930 139 93 75
0.079572 0.058268 0.680727 138 92 74
0.110411 0.057399 0.670538 131 90 70
0.113833 0.057330 0.669729 130 91 70
0.117248 0.057262 0.668931 131 92 71
0.120656 0.057195 0.668143 130 91 72
0.124099 0.057148 0.667588 129 89 71
0.127595 0.057127 0.667341 129 85 69
0.131047 0.057088 0.666880 54 39 36
0.134559 0.057077 0.666744 26 23 23
0.138152 0.057100 0.667004 30 23 22
0.141706 0.057106 0.667069 29 21 20
0.145305 0.057129 0.667334 27 21 20
0.148908 0.057153 0.667608 25 18 19
0.152536 0.057186 0.667979 24 18 19
0.156143 0.057209 0.668242 24 18 20
0.159595 0.057175 0.667845 23 18 20
0.162702 0.057022 0.666054 32 22 25
0.165868 0.056895 0.664572 49 36 40
0.169735 0.057010 0.665904 71 57 58
0.173570 0.057110 0.667058 74 56 56
0.177564 0.057257 0.668765 93 84 87
0.181690 0.057440 0.670893 86 94 98
0.185915 0.057647 0.673299 91 100 107
0.190654 0.058002 0.677436 74 85 91
0.195857 0.058484 0.683041 41 46 61
0.201876 0.059187 0.691232 45 54 66
0.208057 0.059912 0.699679 84 68 71
-0.025551 0.073274 0.805563 35 37 39
-0.021014 0.072371 0.795642 55 54 50
-0.016611 0.071597 0.787137 64 55 54
-0.012322 0.070952 0.780051 112 88 79
-0.008113 0.070352 0.773463 144 103 87
-0.003972 0.069727 0.766599 150 104 88
0.000096 0.069058 0.759249 152 104 86
0.004084 0.068358 0.751561 151 101 84
0.007987 0.067634 0.743612 150 100 83
0.011814 0.066957 0.736176 154 104 87
0.015591 0.066398 0.730035 157 107 89
0.019329 0.065933 0.724918 149 101 82
0.023019 0.065484 0.719991 151 103 84
0.026684 0.065104 0.715805 150 102 83
0.030336 0.064789 0.712353 154 109 89
0.033972 0.064514 0.709322 156 111 90
0.037585 0.064255 0.706476 143 99 81
0.041192 0.064033 0.704038 143 100 80
0.044794 0.063841 0.701923 144 99 81
0.048374 0.063651 0.699827 144 98 79
0.051916 0.063440 0.697512 142 96 78
0.055453 0.063252 0.695441 143 97 79
0.058970 0.063066 0.693387 142 96 78
0.062486 0.062901 0.691575 141 96 77
0.065991 0.062744 0.689841 141 95 77
0.069478 0.062586 0.688111 140 94 76
0.072974 0.062453 0.686643 139 93 76
0.076474 0.062336 0.685349 138 93 74
0.079971 0.062227 0.684148 138 92 74
0.111032 0.061335 0.674310 132 91 71
0.114468 0.061258 0.673464 131 92 71
0.117893 0.061181 0.672611 130 91 70
0.121338 0.061119 0.671920 129 90 71
0.124826 0.061081 0.671499 125 87 69
0.128334 0.061055 0.671207 126 90 81
0.131822 0.061021 0.670827 28 25 28
0.135387 0.061023 0.670847 28 23 22
0.139022 0.061056 0.671207 31 25 22
0.142559 0.061046 0.671086 34 23 23
0.146040 0.061012 0.670712 31 23 22
0.149613 0.061018 0.670771 28 21 22
0.153242 0.061046 0.671071 26 20 22
0.156701 0.061007 0.670632 27 21 23
0.159885 0.060864 0.669061 30 23 28
0.162976 0.060693 0.667175 49 29 33
0.166622 0.060731 0.667594 106 93 94
0.170653 0.060906 0.669506 100 88 87
0.174784 0.061109 0.671726 94 83 85
0.178893 0.061296 0.673774 93 90 95
0.183124 0.061517 0.676188 60 57 65
0.187724 0.061851 0.679851 33 35 45
0.192791 0.062324 0.685029 52 57 70
0.198670 0.063037 0.692849 54 57 72
0.205519 0.064027 0.703707 52 57 68
-0.021078 0.076868 0.798075 35 33 31
-0.016656 0.076015 0.789222 71 63 64
-0.012356 0.075335 0.782168 65 49 47
-0.008147 0.074808 0.776702 130 98 85
-0.003994 0.074232 0.770728 153 106 89
0.000096 0.073547 0.763618 153 104 87
0.004107 0.072799 0.755858 154 103 87
0.008032 0.072026 0.747837 153 102 85
0.011882 0.071313 0.740439 152 103 85
0.015679 0.070713 0.734220 153 103 86
0.019441 0.070224 0.729145 159 110 92
0.023163 0.069777 0.724507 151 103 84
0.026845 0.069356 0.720131 148 101 82
0.030495 0.068966 0.716087 146 100 82
0.034124 0.068622 0.712512 147 102 83
0.037742 0.068324 0.709427 154 109 88
0.041339 0.068049 0.706564 153 109 84
0.044950 0.067839 0.704386 146 100 82
0.048556 0.067655 0.702466 142 96 78
0.052144 0.067472 0.700571 141 98 77
0.055729 0.067312 0.698904 140 97 77
0.059269 0.067120 0.696906 142 96 78
0.062800 0.066942 0.695054 142 98 78
0.066348 0.066800 0.693578 141 95 77
0.069864 0.066643 0.691944 139 95 76
0.073366 0.066488 0.690331 138 94 75
0.076857 0.066339 0.688783 138 94 75
0.080282 0.066149 0.686809 138 92 74
0.108248 0.065429 0.679301 132 90 70
0.111644 0.065306 0.678029 132 91 71
0.115113 0.065233 0.677264 130 91 70
0.118585 0.065166 0.676562 126 88 67
0.122082 0.065116 0.676045 125 88 69
0.125592 0.065076 0.675623 125 88 70
0.129101 0.065038 0.675219 88 68 57
0.132674 0.065033 0.675162 32 25 25
0.136289 0.065048 0.675317 32 26 25
0.139901 0.065062 0.675451 31 26 22
0.143384 0.065016 0.674968 34 23 23
0.146817 0.064950 0.674285 32 22 22
0.153967 0.064948 0.674247 26 21 26
0.157343 0.064865 0.673380 22 20 25
0.160384 0.064650 0.671150 33 26 34
0.163803 0.064594 0.670562 68 46 48
0.167642 0.064702 0.671684 92 74 75
0.171843 0.064944 0.674177 74 54 55
0.176118 0.065202 0.676853 50 43 47
0.180380 0.065446 0.679375 50 45 54
0.184876 0.065764 0.682657 60 49 60
0.189865 0.066242 0.687603 52 54 64
0.195756 0.067010 0.695564 62 56 66
0.202318 0.067977 0.705570 71 57 65
-0.021160 0.081458 0.801160 44 43 43
-0.016713 0.080515 0.791900 26 22 23
-0.012395 0.079774 0.784615 97 79 78
-0.008179 0.079273 0.779686 63 48 40
-0.004016 0.078784 0.774884 142 97 87
0.000096 0.078101 0.768170 154 104 87
0.004132 0.077325 0.760536 153 103 86
0.008081 0.076496 0.752396 153 103 86
0.011952 0.075721 0.744774 154 105 86
0.015765 0.075055 0.738229 151 103 88
0.019542 0.074517 0.732944 150 104 89
0.023291 0.074070 0.728546 155 109 93
0.027001 0.073642 0.724340 158 112 94
0.030675 0.073235 0.720340 141 95 77
0.034318 0.072852 0.716568 144 100 83
0.037929 0.072484 0.712953 144 100 83
0.041521 0.072151 0.709676 144 98 80
0.045113 0.071873 0.706939 151 105 87
0.048710 0.071645 0.704700 155 109 90
0.052304 0.071446 0.702737 145 102 81
0.055904 0.071281 0.701107 137 95 73
0.059493 0.071122 0.699549 141 96 77
0.063067 0.070966 0.698012 141 96 77
0.066636 0.070822 0.696593 139 95 75
0.070176 0.070664 0.695036 140 94 76
0.073725 0.070530 0.693714 138 94 75
0.077252 0.070390 0.692327 136 92 73
0.080815 0.070293 0.691372 136 92 73
0.084516 0.070319 0.691626 137 91 73
0.108732 0.069377 0.682336 132 89 71
0.112185 0.069273 0.681314 133 90 72
0.115730 0.069231 0.680897 128 88 68
0.119291 0.069201 0.680592 125 87 66
0.122837 0.069164 0.680223 124 86 67
0.126373 0.069124 0.679823 123 87 72
0.129921 0.069092 0.679506 43 33 28
0.133516 0.069087 0.679450 33 26 25
0.137169 0.069110 0.679678 29 23 20
0.140759 0.069103 0.679597 32 26 22
0.144182 0.069015 0.678729 32 23 22
0.154572 0.068830 0.676898 24 22 26
0.157895 0.068713 0.675746 25 23 28
0.161211 0.068598 0.674612 35 29 34
0.164836 0.068617 0.674794 60 34 37
0.168888 0.068809 0.676675 61 33 38
0.173314 0.069143 0.679947 63 41 45
0.177891 0.069523 0.683666 48 41 46
0.182652 0.069958 0.687930 58 44 50
0.187731 0.070495 0.693200 73 47 51
0.193119 0.071126 0.699386 67 50 58
0.199652 0.072147 0.709406 77 53 60
0.206389 0.073203 0.719768 75 57 62
-0.016775 0.085069 0.794807 27 26 31
-0.012431 0.084220 0.786876 95 74 82
-0.008204 0.083698 0.781997 56 40 41
-0.004036 0.083335 0.778609 131 92 88
0.000096 0.082715 0.772823 153 105 88
0.004158 0.081937 0.765559 154 104 87
0.008135 0.081079 0.757545 152 104 87
0.012029 0.080230 0.749623 155 106 90
0.015862 0.079500 0.742805 155 109 94
0.019656 0.078905 0.737249 144 103 89
0.023420 0.078407 0.732596 144 103 89
0.027152 0.077958 0.728406 144 103 87
0.030849 0.077532 0.724419 151 109 92
0.034518 0.077139 0.720748 150 106 89
0.038158 0.076767 0.717277 142 97 80
0.041759 0.076390 0.713753 144 98 80
0.045343 0.076047 0.710546 144 99 80
0.048925 0.075754 0.707809 144 100 79
0.052497 0.075489 0.705334 147 104 81
0.056072 0.075263 0.703218 149 108 86
0.059673 0.075097 0.701669 150 108 86
0.063275 0.074953 0.700314 138 96 74
0.066864 0.074810 0.698976 136 93 72
0.070436 0.074664 0.697614 139 94 75
0.074045 0.074570 0.696733 137 93 74
0.077620 0.074452 0.695628 136 92 73
0.081195 0.074345 0.694624 136 92 73
0.084850 0.074318 0.694364 136 91 74
0.088499 0.074288 0.694080 135 91 74
0.092036 0.074170 0.692970 135 91 75
0.095487 0.073995 0.691332 134 90 73
0.098928 0.073825 0.689740 133 89 72
0.102353 0.073655 0.688149 133 89 72
0.105816 0.073523 0.686921 133 87 71
0.109261 0.073389 0.685661 131 87 70
0.112799 0.073324 0.685047 132 88 71
0.116441 0.073328 0.685081 130 87 68
0.120051 0.073312 0.684929 126 86 66
0.123621 0.073274 0.684570 123 85 66
0.127164 0.073222 0.684080 117 85 72
0.130731 0.073187 0.683748 49 35 32
0.134365 0.073190 0.683768 33 26 25
0.138017 0.073203 0.683885 30 25 20
0.141577 0.073167 0.683546 29 23 19
0.144915 0.073021 0.682182 32 23 22
0.155362 0.072828 0.680361 26 23 28
0.158793 0.072745 0.679589 28 26 31
0.162361 0.072728 0.679426 40 29 33
0.166330 0.072888 0.680910 58 34 35
0.171011 0.073347 0.685182 63 37 38
0.175929 0.073886 0.690205 67 41 42
0.181132 0.074521 0.696122 68 44 47
0.196974 0.076370 0.713347 74 51 56
0.202835 0.077160 0.720715 74 50 55
-0.016843 0.089686 0.797992 77 63 65
-0.012477 0.088760 0.789760 86 65 72
-0.008229 0.088150 0.784336 87 66 69
-0.004047 0.087737 0.780657 65 46 42
0.000096 0.087333 0.777063 143 98 80
0.004185 0.086603 0.770573 155 105 88
0.008194 0.085750 0.762992 153 106 90
0.012115 0.084852 0.755006 151 106 91
0.015969 0.084046 0.747838 150 107 92
0.019783 0.083391 0.742015 153 112 97
0.023560 0.082826 0.736989 146 107 90
0.027307 0.082328 0.732559 142 101 85
0.031022 0.081872 0.728504 143 102 86
0.034712 0.081458 0.724817 145 102 86
0.038378 0.081076 0.721420 152 107 89
0.042017 0.080710 0.718167 148 103 82
0.045624 0.080349 0.714954 141 96 76
0.049216 0.080020 0.712024 142 98 77
0.052797 0.079722 0.709368 142 99 78
0.056352 0.079425 0.706727 138 97 77
0.059908 0.079168 0.704434 137 97 75
0.063481 0.078962 0.702605 145 105 82
0.067063 0.078789 0.701061 148 108 86
0.070647 0.078637 0.699709 148 106 84
0.074257 0.078528 0.698732 139 96 76
0.077861 0.078423 0.697791 134 88 70
0.081461 0.078324 0.696907 135 90 72
0.085056 0.078229 0.696059 135 91 74
0.088631 0.078123 0.695117 135 90 73
0.092158 0.077987 0.693899 134 90 73
0.095694 0.077867 0.692828 134 90 72
0.099254 0.077775 0.692013 133 89 71
0.102790 0.077672 0.691091 132 88 71
0.106365 0.077605 0.690489 132 88 71
0.109912 0.077522 0.689746 129 87 69
0.113493 0.077468 0.689261 130 87 70
0.117160 0.077474 0.689311 128 86 67
0.120841 0.077489 0.689436 126 86 66
0.124450 0.077458 0.689161 125 84 66
0.128018 0.077404 0.688674 74 51 45
0.131599 0.077361 0.688290 40 29 26
0.135203 0.077333 0.688037 29 23 20
0.138874 0.077344 0.688129 30 26 22
0.142376 0.077263 0.687404 29 23 19
0.145889 0.077192 0.686765 28 22 19
0.149041 0.076937 0.684499 33 23 22
0.152564 0.076883 0.684008 33 23 23
0.156208 0.076889 0.684064 27 23 29
0.159860 0.076900 0.684156 24 23 26
0.163682 0.076991 0.684953 50 31 33
0.168710 0.077633 0.690651 61 36 37
0.174114 0.078417 0.697613 67 39 40
-0.012521 0.093317 0.792526 93 60 67
-0.008256 0.092658 0.786932 68 55 51
-0.004059 0.092192 0.782977 52 36 35
0.000096 0.091856 0.780121 129 91 79
0.004209 0.091260 0.775061 156 106 90
0.008247 0.090432 0.768032 152 106 93
0.012200 0.089527 0.760350 148 108 95
0.016080 0.088670 0.753072 146 106 93
0.019914 0.087948 0.746949 145 105 92
0.023700 0.087289 0.741355 147 107 91
0.027457 0.086730 0.736606 152 113 96
0.031192 0.086247 0.732503 141 98 83
0.034908 0.085824 0.728911 143 99 83
0.038597 0.085426 0.725534 144 98 80
0.042262 0.085052 0.722355 146 100 79
0.045905 0.084699 0.719363 150 106 83
0.049532 0.084375 0.716603 153 108 88
0.053150 0.084081 0.714110 142 100 78
0.056738 0.083783 0.711579 137 95 74
0.060278 0.083455 0.708791 136 96 74
0.063816 0.083164 0.706317 137 97 75
0.067384 0.082942 0.704426 134 94 73
0.070939 0.082727 0.702599 137 95 74
0.074506 0.082548 0.701076 142 99 78
0.078081 0.082394 0.699771 147 103 82
0.081672 0.082271 0.698718 146 102 82
0.085255 0.082150 0.697688 148 102 84
0.088829 0.082030 0.696671 141 97 80
0.092396 0.081916 0.695692 131 87 70
0.096008 0.081847 0.695108 131 87 70
0.099643 0.081803 0.694727 130 87 70
0.103267 0.081753 0.694303 130 88 70
0.106882 0.081700 0.693848 131 90 72
0.110489 0.081645 0.693371 129 88 70
0.114141 0.081625 0.693201 128 86 68
0.117872 0.081662 0.693505 126 86 68
0.121608 0.081699 0.693818 125 86 67
0.125247 0.081671 0.693573 130 90 73
0.128821 0.081603 0.692996 54 37 36
0.132426 0.081558 0.692612 32 25 25
0.136057 0.081532 0.692384 25 22 17
0.139655 0.081487 0.692000 29 26 22
0.143166 0.081396 0.691219 27 23 19
0.146490 0.081205 0.689597 27 20 19
0.149922 0.081082 0.688550 31 20 19
0.153487 0.081035 0.688146 37 23 25
0.157248 0.081091 0.688620 32 28 36
0.161041 0.081162 0.689212 45 39 49
0.165247 0.081433 0.691502 57 35 38
0.202879 0.086535 0.734731 75 50 53
-0.008291 0.097273 0.790172 113 74 65
-0.004080 0.096870 0.786895 86 53 49
0.000096 0.096411 0.783170 135 92 83
0.004229 0.095882 0.778866 154 107 92
0.008297 0.095126 0.772730 150 107 95
0.012283 0.094240 0.765535 147 108 97
0.016194 0.093363 0.758421 144 107 95
0.020050 0.092582 0.752079 143 103 90
0.023852 0.091849 0.746129 142 102 88
0.027616 0.091202 0.740873 143 102 87
0.031354 0.090641 0.736314 150 106 90
0.035095 0.090211 0.732824 152 107 89
0.038814 0.089817 0.729628 143 97 80
0.042505 0.089434 0.726514 145 97 79
0.046168 0.089064 0.723503 143 97 79
0.049819 0.088727 0.720766 142 97 77
0.053462 0.088424 0.718305 143 102 81
0.057074 0.088115 0.715797 146 105 85
0.060655 0.087799 0.713226 145 105 82
0.064219 0.087498 0.710777 133 93 71
0.067784 0.087232 0.708613 135 92 72
0.071319 0.086956 0.706373 135 92 72
0.074854 0.086707 0.704351 136 93 73
0.078394 0.086490 0.702581 136 92 72
0.081974 0.086333 0.701303 136 92 72
0.085562 0.086198 0.700205 136 92 73
0.089166 0.086090 0.699322 135 94 76
0.092785 0.086004 0.698622 136 96 77
0.096443 0.085959 0.698258 136 96 77
0.100130 0.085944 0.698127 140 99 80
0.103788 0.085905 0.697810 142 102 83
0.107470 0.085888 0.697665 140 101 82
0.111133 0.085858 0.697416 136 97 79
0.114851 0.085871 0.697514 134 94 76
0.118619 0.085918 0.697896 132 92 74
0.122374 0.085955 0.698187 126 87 69
0.126052 0.085936 0.698034 94 68 57
0.129663 0.085875 0.697531 47 35 33
0.133296 0.085830 0.697163 29 23 22
0.136855 0.085743 0.696449 26 22 17
0.140392 0.085645 0.695655 27 23 19
0.143809 0.085482 0.694328 33 29 25
0.147274 0.085355 0.693288 22 16 14
0.150984 0.085372 0.693426 34 22 22
0.154707 0.085396 0.693615 39 25 28
0.158516 0.085466 0.694175 40 35 44
0.162511 0.085630 0.695501 46 37 47
0.199859 0.090872 0.737981 77 50 55
-0.004099 0.101553 0.790531 152 99 91
0.000096 0.101108 0.787065 151 103 93
0.004249 0.100528 0.782551 152 108 97
0.008353 0.099941 0.777980 148 108 96
0.012374 0.099077 0.771256 147 108 97
0.016316 0.098160 0.764129 145 106 95
0.020194 0.097307 0.757485 143 104 91
0.024014 0.096501 0.751216 142 102 89
0.027783 0.095750 0.745371 144 102 88
0.031523 0.095097 0.740295 146 101 86
0.035261 0.094584 0.736304 146 101 83
0.038988 0.094148 0.732904 152 105 85
0.042721 0.093804 0.730228 155 108 89
0.046421 0.093450 0.727473 141 95 77
0.050092 0.093097 0.724722 140 94 76
0.053739 0.092752 0.722035 140 96 77
0.057372 0.092431 0.719535 138 97 76
0.060989 0.092126 0.717159 140 98 77
0.064608 0.091861 0.715092 144 102 79
0.068209 0.091599 0.713056 146 105 83
0.071787 0.091337 0.711011 147 105 83
0.075371 0.091108 0.709226 136 93 72
0.078937 0.090879 0.707442 134 90 71
0.082526 0.090697 0.706026 135 91 71
0.086112 0.090528 0.704703 133 91 73
0.089735 0.090410 0.703786 131 92 76
0.093335 0.090280 0.702769 130 91 75
0.096981 0.090202 0.702158 128 90 73
0.100692 0.090188 0.702046 126 88 70
0.104393 0.090167 0.701878 129 91 73
0.108114 0.090164 0.701851 129 91 74
0.111840 0.090165 0.701854 128 89 72
0.115613 0.090203 0.702143 125 87 70
0.119396 0.090246 0.702471 126 87 69
0.123141 0.090259 0.702568 126 86 69
0.126859 0.090251 0.702504 60 38 38
0.130527 0.090209 0.702175 40 28 26
0.134210 0.090181 0.701949 32 25 20
0.137758 0.090065 0.701043 30 25 20
0.141110 0.089830 0.699217 32 23 22
0.144466 0.089610 0.697499 37 29 25
0.148030 0.089527 0.696851 35 25 22
0.151941 0.089653 0.697823 38 25 25
0.155886 0.089793 0.698906 40 28 32
0.160060 0.090055 0.700938 40 34 42
0.164584 0.090497 0.704372 53 37 42
0.196790 0.095236 0.741176 81 48 49
0.202538 0.096098 0.747873 87 57 58
0.000096 0.106017 0.792231 152 107 97
0.004284 0.105612 0.789206 147 106 95
0.008423 0.104983 0.784503 147 107 96
0.012469 0.104001 0.777175 147 107 97
0.016437 0.103017 0.769823 145 106 96
0.020341 0.102104 0.763006 144 105 92
0.024190 0.101267 0.756750 144 102 90
0.027990 0.100489 0.750938 147 101 88
0.031759 0.099806 0.745835 148 101 86
0.035481 0.099145 0.740898 148 99 83
0.039198 0.098603 0.736850 148 99 80
0.042933 0.098202 0.733853 147 99 80
0.046668 0.097865 0.731338 149 103 85
0.050373 0.097525 0.728790 153 107 89
0.054060 0.097198 0.726350 144 100 81
0.057736 0.096898 0.724105 139 94 75
0.061381 0.096586 0.721775 140 97 76
0.065010 0.096287 0.719538 139 96 75
0.068632 0.096012 0.717478 135 94 73
0.072245 0.095753 0.715545 135 94 73
0.075869 0.095535 0.713909 139 98 74
0.079465 0.095304 0.712179 143 99 79
0.083085 0.095121 0.710810 145 101 81
0.086712 0.094962 0.709620 141 101 82
0.090359 0.094837 0.708683 136 98 81
0.094025 0.094741 0.707965 129 90 73
0.097704 0.094665 0.707393 125 88 70
0.101407 0.094617 0.707032 126 88 71
0.105111 0.094574 0.706707 128 91 72
0.108855 0.094569 0.706660 128 91 74
0.112613 0.094575 0.706705 125 89 71
0.116406 0.094610 0.706960 125 87 71
0.120180 0.094627 0.707086 124 85 69
0.123931 0.094626 0.707074 119 86 72
0.127693 0.094634 0.707124 51 37 41
0.131420 0.094615 0.706981 36 23 23
0.135141 0.094594 0.706816 34 23 20
0.138753 0.094499 0.706107 33 23 19
0.142018 0.094179 0.703717 35 23 22
0.145388 0.093943 0.701951 35 23 22
0.149050 0.093904 0.701653 38 25 22
0.153037 0.094066 0.702858 42 26 28
0.157469 0.094488 0.706003 46 33 36
0.162493 0.095238 0.711591 54 42 48
0.183962 0.098655 0.737070 78 46 45
0.000097 0.111368 0.800173 151 107 101
0.004321 0.110779 0.795943 147 106 98
0.008478 0.109906 0.789677 145 105 97
0.012556 0.108926 0.782639 146 106 97
0.016553 0.107906 0.775309 146 107 96
0.020486 0.106955 0.768482 146 106 93
0.024366 0.106089 0.762262 146 102 90
0.028199 0.105294 0.756556 148 101 85
0.032002 0.104600 0.751565 150 100 84
0.035772 0.103963 0.746991 149 99 82
0.039489 0.103315 0.742337 148 98 81
0.043185 0.102734 0.738168 147 100 80
0.046892 0.102274 0.734857 144 98 79
0.050605 0.101897 0.732150 142 96 78
0.054303 0.101546 0.729625 147 102 82
0.058011 0.101258 0.727557 147 106 84
0.061703 0.100982 0.725567 151 107 86
0.065376 0.100707 0.723594 139 96 75
0.069052 0.100469 0.721877 134 92 71
0.072715 0.100237 0.720210 135 91 73
0.076388 0.100041 0.718804 137 90 72
0.080028 0.099822 0.717226 136 90 72
0.083690 0.099651 0.715991 136 91 74
0.087359 0.099501 0.714913 132 92 76
0.091040 0.099378 0.714027 133 95 78
0.094749 0.099293 0.713415 134 96 79
0.098461 0.099219 0.712879 134 96 79
0.102170 0.099147 0.712353 133 96 79
0.105885 0.099085 0.711910 137 100 84
0.109625 0.099052 0.711663 135 98 83
0.113384 0.099036 0.711545 131 95 77
0.117201 0.099071 0.711790 128 91 74
0.120982 0.099073 0.711806 126 87 72
0.124759 0.099073 0.711799 74 46 35
0.128581 0.099108 0.712043 45 29 33
0.132399 0.099137 0.712250 39 26 23
0.136229 0.099174 0.712511 38 23 22
0.139950 0.099131 0.712200 39 23 22
0.143365 0.098879 0.710388 39 26 23
0.146814 0.098664 0.708840 39 23 22
0.150473 0.098596 0.708349 38 23 22
0.154779 0.098946 0.710857 47 29 33
0.160556 0.100199 0.719839 37 23 25
0.166869 0.101721 0.730753 15 10 10
0.177590 0.103449 0.743150 13 8 10
0.004347 0.115755 0.800861 146 110 108
0.008534 0.114902 0.794966 145 105 98
0.012637 0.113853 0.787710 144 104 97
0.016670 0.112852 0.780791 146 106 96
0.020637 0.111891 0.774145 146 105 93
0.024544 0.110982 0.767854 148 102 90
0.028407 0.110154 0.762132 150 102 86
0.032243 0.109445 0.757228 150 100 84
0.036052 0.108810 0.752837 150 99 83
0.039823 0.108201 0.748618 148 98 81
0.043562 0.107621 0.744608 148 98 81
0.047263 0.107054 0.740684 146 99 79
0.050954 0.106551 0.737202 145 99 79
0.054644 0.106118 0.734209 144 98 80
0.058327 0.105732 0.731534 142 98 77
0.062007 0.105387 0.729148 141 96 75
0.065707 0.105115 0.727265 143 100 79
0.069419 0.104891 0.725715 144 101 80
0.073140 0.104705 0.724421 151 106 87
0.076879 0.104561 0.723423 148 100 82
0.080583 0.104386 0.722209 137 91 73
0.084282 0.104219 0.721054 134 88 72
0.087976 0.104062 0.719967 132 92 75
0.091688 0.103939 0.719109 131 93 76
0.095418 0.103845 0.718458 131 92 75
0.099135 0.103745 0.717759 129 92 75
0.102847 0.103647 0.717081 125 89 72
0.106607 0.103603 0.716770 128 92 76
0.110368 0.103562 0.716484 125 90 75
0.114142 0.103537 0.716306 123 89 72
0.117998 0.103585 0.716635 123 89 72
0.121823 0.103603 0.716757 121 83 67
0.125642 0.103616 0.716838 119 81 71
0.129502 0.103661 0.717145 36 18 17
0.133385 0.103721 0.717559 43 26 25
0.137284 0.103790 0.718030 42 25 25
0.141162 0.103840 0.718371 43 26 26
0.144979 0.103843 0.718387 42 25 26
0.148650 0.103744 0.717703 42 26 25
0.152472 0.103753 0.717760 40 25 23
0.157597 0.104628 0.723802 31 18 20
0.163630 0.106050 0.733621 11 10 9
0.170015 0.107629 0.744530 14 9 10
0.174514 0.107969 0.746869 16 9 7
0.178990 0.108279 0.749009 68 46 41
0.008601 0.120101 0.801232 144 107 102
0.012749 0.119129 0.794750 145 107 99
0.016809 0.118012 0.787303 145 105 96
0.020803 0.116978 0.780406 147 105 94
0.024736 0.115997 0.773861 148 103 90
0.028630 0.115140 0.768146 151 102 87
0.032493 0.114384 0.763106 151 99 83
0.036339 0.113747 0.758856 150 98 82
0.040152 0.113140 0.754807 150 98 82
0.043930 0.112555 0.750905 148 96 80
0.047689 0.112023 0.747359 148 98 79
0.051441 0.111558 0.744256 146 99 79
0.055162 0.111096 0.741172 144 98 78
0.058853 0.110641 0.738131 143 97 76
0.062525 0.110208 0.735246 140 96 74
0.066197 0.109825 0.732689 142 96 76
0.069877 0.109498 0.730503 138 92 74
0.073583 0.109244 0.728810 137 91 73
0.077326 0.109067 0.727628 141 93 75
0.081070 0.108910 0.726573 142 94 76
0.084811 0.108763 0.725590 142 97 80
0.088537 0.108609 0.724558 140 99 83
0.092298 0.108509 0.723894 147 108 91
0.096061 0.108421 0.723297 137 98 81
0.099813 0.108327 0.722669 133 94 77
0.103569 0.108244 0.722112 128 90 73
0.107371 0.108213 0.721904 126 92 74
0.111164 0.108177 0.721656 123 89 73
0.114969 0.108153 0.721497 124 90 72
0.118856 0.108206 0.721843 124 88 73
0.122717 0.108233 0.722017 123 82 67
0.126544 0.108228 0.721986 156 103 89
0.130396 0.108246 0.722099 122 80 69
0.134224 0.108243 0.722072 113 75 65
0.138106 0.108282 0.722328 94 61 54
0.142110 0.108412 0.723195 73 47 46
0.146216 0.108611 0.724517 55 32 31
0.150294 0.108781 0.725642 49 26 28
0.154619 0.109116 0.727869 45 28 26
0.159854 0.110062 0.734167 48 28 25
0.165145 0.111000 0.740413 74 51 46
0.170842 0.112161 0.748150 100 64 54
0.175401 0.112540 0.750666 111 72 57
0.012870 0.124560 0.802299 136 107 110
0.016960 0.123335 0.794412 144 105 99
0.020985 0.122224 0.787256 147 105 94
0.024938 0.121128 0.780203 149 103 90
0.028855 0.120193 0.774179 152 102 88
0.032755 0.119429 0.769265 151 99 84
0.036630 0.118755 0.764924 151 99 84
0.040469 0.118112 0.760782 149 97 81
0.044278 0.117504 0.756863 149 96 80
0.048068 0.116952 0.753307 148 97 79
0.051848 0.116461 0.750144 146 97 78
0.055623 0.116032 0.747380 145 97 79
0.059431 0.115722 0.745381 145 98 78
0.063158 0.115304 0.742690 143 96 74
0.066875 0.114918 0.740204 140 94 75
0.070585 0.114563 0.737915 141 94 76
0.074270 0.114207 0.735620 140 92 74
0.077970 0.113908 0.733694 140 92 74
0.081705 0.113688 0.732270 139 91 73
0.085446 0.113495 0.731026 140 92 74
0.089176 0.113305 0.729797 138 91 74
0.092916 0.113142 0.728745 134 93 76
0.096691 0.113034 0.728047 132 93 76
0.100493 0.112964 0.727595 133 94 76
0.104287 0.112892 0.727125 133 95 77
0.108128 0.112872 0.726996 130 95 77
0.111986 0.112873 0.726996 126 93 75
0.115869 0.112897 0.727147 123 92 73
0.119811 0.112975 0.727646 125 91 74
0.123702 0.113002 0.727818 137 95 79
0.127557 0.112996 0.727770 148 94 79
0.131438 0.113012 0.727871 129 83 71
0.135238 0.112959 0.727527 129 82 71
0.139105 0.112964 0.727555 131 83 67
0.143201 0.113150 0.728747 131 83 67
0.147425 0.113424 0.730509 130 83 67
0.151662 0.113695 0.732248 126 80 65
0.156257 0.114213 0.735578 118 71 60
0.161077 0.114868 0.739786 110 65 50
0.165745 0.115385 0.743108 114 68 51
0.170750 0.116107 0.747750 130 88 75
0.174671 0.116076 0.747545 148 107 90
0.176573 0.114733 0.738904 102 65 56
0.179447 0.114067 0.734612 44 26 19
0.182791 0.113722 0.732389 37 23 19
0.017113 0.128746 0.801599 128 100 100
0.021161 0.127502 0.793853 150 103 94
0.025142 0.126335 0.786592 152 101 90
0.029105 0.125420 0.780898 154 100 88
0.033024 0.124570 0.775603 153 99 85
0.036911 0.123800 0.770810 152 99 84
0.040771 0.123103 0.766472 150 98 82
0.044606 0.122460 0.762473 149 97 81
0.048424 0.121885 0.758892 148 96 80
0.052229 0.121367 0.755663 149 96 80
0.056029 0.120913 0.752836 146 97 78
0.059819 0.120499 0.750259 144 95 76
0.063595 0.120109 0.747827 144 95 76
0.067365 0.119756 0.745625 142 94 76
0.071121 0.119418 0.743520 142 94 76
0.074864 0.119095 0.741507 142 92 75
0.078584 0.118768 0.739473 141 91 74
0.082341 0.118528 0.737975 141 91 74
0.086099 0.118310 0.736615 140 92 74
0.089847 0.118098 0.735292 137 90 72
0.093630 0.117947 0.734353 136 90 74
0.097440 0.117841 0.733688 134 92 75
0.101251 0.117744 0.733083 130 92 74
0.105078 0.117674 0.732640 125 93 74
0.108977 0.117685 0.732708 125 92 74
0.112916 0.117738 0.733032 120 90 72
0.116878 0.117810 0.733477 123 91 72
0.120868 0.117906 0.734070 123 90 71
0.124781 0.117922 0.734165 151 100 86
0.128660 0.117906 0.734064 137 88 74
0.132599 0.117945 0.734299 130 85 70
0.136563 0.118003 0.734657 130 83 69
0.140563 0.118088 0.735183 131 83 67
0.144675 0.118261 0.736251 130 82 64
0.148857 0.118479 0.737606 126 79 63
0.153130 0.118758 0.739337 126 77 63
0.157643 0.119204 0.742106 113 66 54
0.162058 0.119556 0.744289 118 71 52
0.166156 0.119663 0.744953 138 93 69
0.169497 0.119231 0.742266 133 91 80
0.171527 0.117918 0.734095 44 29 22
0.174801 0.117500 0.731489 33 26 25
0.178495 0.117376 0.730716 29 23 25
0.182572 0.117504 0.731511 44 44 43
0.186886 0.117777 0.733204 29 26 25
0.025351 0.131636 0.793132 156 104 94
0.029359 0.130737 0.787719 153 99 87
0.033275 0.129706 0.781509 153 99 85
0.037203 0.128944 0.776921 152 98 84
0.041090 0.128205 0.772467 151 97 83
0.044956 0.127543 0.768477 149 97 81
0.048806 0.126946 0.764879 149 97 81
0.052624 0.126367 0.761391 150 96 80
0.056446 0.125877 0.758439 150 97 79
0.060263 0.125444 0.755829 146 95 77
0.064063 0.125031 0.753337 145 93 77
0.067860 0.124661 0.751110 143 93 76
0.071652 0.124325 0.749080 143 93 76
0.075423 0.123987 0.747042 143 93 76
0.079187 0.123673 0.745149 141 91 74
0.082985 0.123441 0.743751 140 90 73
0.086782 0.123227 0.742456 140 90 73
0.090541 0.122980 0.740967 138 89 73
0.094360 0.122833 0.740078 136 90 74
0.098217 0.122744 0.739538 135 90 73
0.102072 0.122661 0.739034 129 94 75
0.105954 0.122613 0.738746 125 93 74
0.109922 0.122667 0.739067 121 90 72
0.113925 0.122754 0.739583 122 91 73
0.117908 0.122814 0.739943 126 93 76
0.121911 0.122891 0.740401 135 93 72
0.125837 0.122888 0.740379 153 101 83
0.129740 0.122863 0.740229 131 85 71
0.133751 0.122939 0.740679 129 83 71
0.137847 0.123087 0.741568 128 82 68
0.141950 0.123232 0.742437 128 82 67
0.146101 0.123410 0.743506 130 82 66
0.150282 0.123604 0.744668 128 79 66
0.154594 0.123893 0.746404 126 77 64
0.158917 0.124176 0.748104 121 71 58
0.162913 0.124196 0.748219 145 96 73
0.166172 0.123666 0.745026 116 85 73
0.167596 0.121826 0.733947 25 17 16
0.170678 0.121248 0.730465 196 206 196
0.174482 0.121198 0.730159 45 41 42
0.178633 0.121385 0.731284 26 23 25
0.182944 0.121672 0.733005 28 28 26
0.187275 0.121959 0.734732 46 47 43
0.192228 0.122632 0.738777 16 7 11
0.029609 0.136111 0.794449 150 89 84
0.033579 0.135119 0.788661 153 96 87
0.037511 0.134212 0.783366 154 96 86
0.041408 0.133371 0.778462 151 98 84
0.045323 0.132736 0.774752 151 96 81
0.049189 0.132076 0.770902 151 95 80
0.053009 0.131401 0.766958 149 95 79
0.056851 0.130876 0.763894 149 95 79
0.060696 0.130425 0.761263 148 95 79
0.064524 0.129998 0.758767 146 94 78
0.068352 0.129620 0.756562 145 93 77
0.072181 0.129285 0.754605 144 92 76
0.075987 0.128949 0.752641 144 92 76
0.079790 0.128639 0.750830 142 90 74
0.083624 0.128407 0.749475 140 90 73
0.087461 0.128202 0.748272 140 90 73
0.091284 0.127994 0.747055 139 89 72
0.095146 0.127855 0.746245 138 90 72
0.099053 0.127786 0.745839 135 90 71
0.102972 0.127738 0.745554 130 93 77
0.106906 0.127710 0.745388 126 93 75
0.110903 0.127757 0.745659 124 92 75
0.114923 0.127827 0.746064 122 92 76
0.118897 0.127843 0.746150 124 93 74
0.122860 0.127846 0.746167 151 105 84
0.126824 0.127851 0.746188 142 92 73
0.130801 0.127867 0.746280 128 86 70
0.134871 0.127971 0.746882 128 84 72
0.138966 0.128092 0.747587 128 83 71
0.143097 0.128239 0.748436 130 82 68
0.147276 0.128420 0.749490 131 81 66
0.151459 0.128595 0.750505 129 79 66
0.155670 0.128783 0.751598 124 75 62
0.159637 0.128766 0.751496 131 82 67
0.162885 0.128183 0.748091 125 87 72
0.164429 0.126318 0.737215 17 10 9
0.167023 0.125328 0.731441 12 10 11
0.170669 0.125155 0.730429 40 46 44
0.174752 0.125303 0.731290 185 192 183
0.178977 0.125545 0.732696 35 35 36
0.183292 0.125838 0.734402 13 10 13
0.187762 0.126224 0.736644 16 10 9
0.192732 0.126923 0.740718 62 50 52
0.037798 0.139467 0.789353 149 89 78
0.041748 0.138671 0.784848 153 94 82
0.045679 0.137963 0.780837 152 93 82
0.049545 0.137194 0.776485 151 95 80
0.053402 0.136517 0.772655 150 94 79
0.057263 0.135948 0.769436 149 95 79
0.061142 0.135493 0.766860 148 94 78
0.065002 0.135058 0.764394 148 94 78
0.068854 0.134657 0.762125 148 94 78
0.072708 0.134305 0.760127 145 93 77
0.076548 0.133963 0.758194 144 92 76
0.080385 0.133652 0.756431 143 91 75
0.084257 0.133427 0.755154 141 91 74
0.088134 0.133229 0.754029 140 90 73
0.092006 0.133041 0.752963 138 89 71
0.095912 0.132917 0.752257 137 89 71
0.099875 0.132877 0.752032 136 89 72
0.103845 0.132850 0.751876 131 93 74
0.107803 0.132810 0.751643 129 92 76
0.111819 0.132842 0.751820 126 93 75
0.115846 0.132885 0.752061 122 91 75
0.119820 0.132865 0.751947 124 89 71
0.123792 0.132845 0.751828 151 103 85
0.127793 0.132857 0.751892 129 89 72
0.131828 0.132902 0.752141 128 87 71
0.135929 0.133009 0.752745 128 86 73
0.140046 0.133125 0.753397 128 85 72
0.144205 0.133274 0.754234 126 81 68
0.148388 0.133437 0.755151 129 78 65
0.152561 0.133582 0.755967 128 78 65
0.156480 0.133502 0.755512 121 72 59
0.159227 0.132451 0.749567 149 100 87
0.160331 0.130117 0.736368 46 25 22
0.163528 0.129553 0.733177 30 22 22
0.167387 0.129529 0.733034 14 10 13
0.171204 0.129473 0.732717 22 20 20
0.175241 0.129583 0.733336 15 18 16
0.179505 0.129853 0.734859 33 28 28
0.183842 0.130163 0.736606 57 49 51
0.188724 0.130838 0.740418 55 40 40
0.046002 0.143153 0.786366 141 86 73
0.049915 0.142409 0.782280 150 91 79
0.053801 0.141709 0.778434 148 92 77
0.057672 0.141072 0.774934 148 92 77
0.061603 0.140656 0.772645 149 93 78
0.065522 0.140267 0.770510 148 92 77
0.069424 0.139890 0.768435 148 92 77
0.073293 0.139490 0.766239 145 92 76
0.077165 0.139140 0.764310 144 91 75
0.081037 0.138824 0.762575 142 90 74
0.084945 0.138596 0.761322 141 89 73
0.088852 0.138388 0.760175 139 89 72
0.092761 0.138201 0.759143 138 89 73
0.096702 0.138076 0.758452 137 89 73
0.100698 0.138035 0.758228 137 89 73
0.104699 0.138005 0.758058 135 89 74
0.108682 0.137954 0.757776 131 90 73
0.112737 0.137996 0.758000 129 91 72
0.116774 0.138012 0.758085 126 92 74
0.120762 0.137971 0.757859 141 96 76
0.124758 0.137942 0.757697 148 99 81
0.128784 0.137948 0.757722 128 88 74
0.132832 0.137976 0.757872 125 86 72
0.136971 0.138094 0.758517 125 86 72
0.141110 0.138205 0.759126 124 84 71
0.145248 0.138309 0.759690 129 81 67
0.149360 0.138383 0.760095 129 79 66
0.153451 0.138435 0.760376 129 79 66
0.157237 0.138216 0.759169 124 75 62
0.159600 0.136787 0.751325 134 88 76
0.160725 0.134392 0.738181 49 28 26
0.163941 0.133819 0.735030 43 33 32
0.167857 0.133831 0.735093 16 12 13
0.171847 0.133901 0.735472 15 9 10
0.175881 0.134001 0.736018 77 63 64
0.180037 0.134187 0.737038 33 21 25
0.184625 0.134681 0.739745 29 18 22
0.054276 0.147170 0.785313 113 68 62
0.058120 0.146354 0.780960 152 100 89
0.062037 0.145818 0.778096 147 93 80
0.065985 0.145418 0.775961 145 89 76
0.069903 0.145002 0.773740 144 90 74
0.073874 0.144735 0.772315 144 90 74
0.077789 0.144394 0.770494 144 90 74
0.081721 0.144117 0.769011 142 90 74
0.085671 0.143896 0.767830 141 89 73
0.089599 0.143661 0.766573 140 89 72
0.093552 0.143483 0.765620 138 89 73
0.097523 0.143348 0.764899 137 89 73
0.101531 0.143275 0.764503 136 89 73
0.105548 0.143220 0.764207 134 88 73
0.109554 0.143155 0.763861 134 88 71
0.113621 0.143171 0.763943 134 87 70
0.117655 0.143147 0.763810 133 88 72
0.121676 0.143108 0.763598 150 99 81
0.125724 0.143103 0.763567 137 91 77
0.129768 0.143094 0.763518 126 87 73
0.133862 0.143138 0.763748 125 86 72
0.138025 0.143252 0.764353 123 85 72
0.142209 0.143381 0.765038 124 84 73
0.146338 0.143449 0.765394 128 80 69
0.150418 0.143466 0.765483 130 79 69
0.154551 0.143531 0.765827 131 79 67
0.157894 0.142878 0.762341 130 78 66
0.160690 0.141775 0.756457 131 80 68
0.161939 0.139393 0.743754 121 81 71
0.164956 0.138611 0.739585 55 37 38
0.168432 0.138242 0.737613 37 21 23
0.172473 0.138343 0.738151 93 79 75
0.176657 0.138553 0.739266 31 18 22
0.066593 0.150954 0.783110 94 56 51
0.070504 0.150432 0.780401 132 87 84
0.074453 0.150043 0.778380 148 97 86
0.078460 0.149804 0.777140 141 90 74
0.082419 0.149504 0.775580 140 88 72
0.086373 0.149223 0.774122 140 89 72
0.090350 0.149007 0.772995 139 89 73
0.094383 0.148898 0.772427 138 88 73
0.098382 0.148745 0.771632 137 87 72
0.102399 0.148632 0.771042 136 88 72
0.106436 0.148556 0.770643 136 87 71
0.110450 0.148453 0.770106 137 87 72
0.114526 0.148438 0.770026 135 87 71
0.118525 0.148328 0.769454 134 85 73
0.122525 0.148228 0.768931 146 97 81
0.126612 0.148234 0.768960 130 88 72
0.130712 0.148257 0.769074 125 87 73
0.134920 0.148395 0.769789 123 88 74
0.139177 0.148579 0.770738 123 87 74
0.143436 0.148753 0.771638 123 82 70
0.147668 0.148892 0.772350 125 81 70
0.151697 0.148823 0.771993 130 81 70
0.155637 0.148673 0.771212 130 82 70
0.158686 0.147701 0.766168 126 78 68
0.161687 0.146733 0.761152 114 75 62
0.083274 0.155255 0.783630 94 51 40
0.087122 0.154703 0.780841 115 69 55
0.091039 0.154318 0.778898 128 85 68
0.095091 0.154185 0.778223 138 91 80
0.099130 0.154043 0.777504 143 96 84
0.103177 0.153925 0.776905 145 95 84
0.107260 0.153868 0.776611 139 95 83
0.111292 0.153744 0.775982 140 94 83
0.115340 0.153650 0.775508 139 91 81
0.119363 0.153531 0.774901 136 89 80
0.123427 0.153470 0.774593 129 86 76
0.127580 0.153520 0.774843 123 79 68
0.131820 0.153670 0.775593 126 84 74
0.136113 0.153870 0.776599 124 86 78
0.140451 0.154108 0.777794 123 82 75
0.144879 0.154427 0.779402 128 85 77
0.149180 0.154598 0.780260 119 75 64
0.153546 0.154826 0.781405 110 72 64
0.256038 -0.141562 0.724040 168 156 148
0.255092 -0.138164 0.720925 166 152 142
0.254021 -0.134851 0.717782 164 153 142
0.252908 -0.131565 0.714628 165 157 145
0.251286 -0.128646 0.711378 168 162 148
0.248204 -0.126800 0.707863 169 171 158
0.245923 -0.124380 0.704504 192 186 169
0.243803 -0.121851 0.701181 155 139 110
0.249704 -0.154263 0.734996 121 115 111
0.249163 -0.150627 0.732003 80 69 61
0.243757 -0.142370 0.722218 111 83 78
0.242081 -0.139537 0.718988 114 89 80
0.240592 -0.136569 0.715797 116 94 83
0.238621 -0.133958 0.712514 164 154 141
0.235713 -0.132045 0.709061 176 173 156
0.232704 -0.130223 0.705602 143 124 98
0.230702 -0.127665 0.702336 144 128 99
0.229108 -0.124806 0.699147 150 133 102
0.227870 -0.121678 0.696020 152 133 106
0.240489 -0.160868 0.739397 104 107 108
0.238581 -0.158227 0.736135 68 63 71
0.237369 -0.155101 0.733030 60 53 55
0.231711 -0.147174 0.723286 134 96 92
0.229691 -0.144641 0.720019 132 105 91
0.227538 -0.142212 0.716731 147 126 111
0.225025 -0.140058 0.713378 163 152 137
0.221721 -0.138506 0.709883 137 123 106
0.219571 -0.136110 0.706621 144 130 113
0.218552 -0.132869 0.703572 150 140 120
0.217742 -0.129465 0.700558 151 140 121
0.216607 -0.126303 0.697483 153 146 127
0.216016 -0.122718 0.694499 148 144 127
0.239458 -0.173638 0.754021 116 119 126
0.237241 -0.171218 0.750685 110 112 119
0.234980 -0.168836 0.747344 100 99 108
0.232336 -0.166730 0.743920 95 93 102
0.229674 -0.164651 0.740502 90 89 98
0.227247 -0.162421 0.737148 93 84 94
0.225108 -0.159998 0.733867 121 94 89
0.218444 -0.152960 0.724008 153 124 113
0.216135 -0.150698 0.720717 165 156 137
0.213708 -0.148534 0.717410 152 147 124
0.208928 -0.140225 0.708023 143 138 123
0.208256 -0.136760 0.705071 151 145 129
0.207610 -0.133267 0.702119 151 147 132
0.206100 -0.130434 0.699006 151 146 133
0.204127 -0.127962 0.695812 151 146 133
0.154650 -0.155275 0.679123 182 184 177
0.150406 -0.154912 0.675770 230 233 226
0.149016 -0.152279 0.672885 225 227 219
0.147960 -0.149375 0.670053 226 229 221
0.147190 -0.146234 0.667261 226 230 221
0.146278 -0.143205 0.664444 225 228 220
0.146133 -0.139533 0.661731 226 229 221
0.144601 -0.137011 0.658822 230 233 227
0.144596 -0.133203 0.656113 228 232 226
0.229761 -0.176550 0.755239 84 88 97
0.227109 -0.174468 0.751814 88 91 101
0.224321 -0.172495 0.748366 95 96 106
0.220903 -0.170977 0.744778 108 106 114
0.217709 -0.169325 0.741258 115 115 122
0.215372 -0.167084 0.737954 136 118 118
0.213254 -0.164698 0.734707 159 119 101
0.203454 -0.156221 0.721500 144 138 121
0.202116 -0.153307 0.718454 148 141 125
0.201196 -0.150079 0.715494 125 120 105
0.200081 -0.146993 0.712491 121 121 108
0.199123 -0.143786 0.709517 134 135 119
0.198661 -0.140193 0.706637 149 144 128
0.197988 -0.136754 0.703709 149 144 128
0.196207 -0.134169 0.700571 146 142 125
0.193372 -0.132417 0.697245 151 146 131
0.151275 -0.157968 0.684330 187 189 179
0.147743 -0.157044 0.681077 220 227 219
0.144057 -0.156271 0.677817 223 228 219
0.142533 -0.153767 0.674925 225 228 220
0.140925 -0.151335 0.672022 224 227 219
0.140042 -0.148309 0.669232 224 227 219
0.139174 -0.145266 0.666441 223 227 218
0.138262 -0.142255 0.663640 224 227 218
0.137239 -0.139334 0.660822 225 229 220
0.137213 -0.135563 0.658135 224 229 221
0.138227 -0.130884 0.655574 227 232 223
0.141050 -0.124619 0.653220 198 200 191
0.221953 -0.182104 0.759607 89 93 100
0.219822 -0.179695 0.756328 93 100 112
0.216595 -0.178054 0.752777 105 106 115
0.213223 -0.176536 0.749204 119 118 123
0.210074 -0.174884 0.745701 131 123 129
0.207321 -0.172970 0.742309 124 121 121
0.204926 -0.170817 0.739014 139 129 121
0.202426 -0.168751 0.735702 156 141 123
0.197493 -0.164610 0.729122 147 138 121
0.195272 -0.162377 0.725901 148 140 125
0.193613 -0.159737 0.722810 150 143 128
0.192528 -0.156671 0.719844 149 143 129
0.191771 -0.153353 0.716947 145 142 129
0.191009 -0.150034 0.714043 133 130 119
0.190255 -0.146702 0.711137 133 131 117
0.189448 -0.143403 0.708215 145 139 122
0.188678 -0.140071 0.705297 160 153 136
0.186371 -0.137937 0.702081 165 159 140
0.181390 -0.137928 0.698375 169 159 141
0.144588 -0.159570 0.686281 213 219 211
0.141264 -0.158513 0.683067 222 230 223
0.138790 -0.156788 0.680016 224 229 223
0.136602 -0.154845 0.677022 224 227 219
0.135251 -0.152220 0.674170 223 227 218
0.134217 -0.149333 0.671370 221 224 216
0.132729 -0.146825 0.668498 221 224 216
0.131519 -0.144085 0.665670 222 225 217
0.130832 -0.140899 0.662917 223 227 218
0.130534 -0.137373 0.660213 224 228 219
0.131249 -0.132962 0.657638 224 227 219
0.132985 -0.127640 0.655179 226 229 221
0.216099 -0.190158 0.767090 95 95 104
0.214173 -0.187634 0.763877 102 103 113
0.212329 -0.185060 0.760690 107 110 119
0.192042 -0.172564 0.736726 151 141 125
0.189615 -0.170505 0.733463 148 137 122
0.187532 -0.168205 0.730290 148 138 122
0.185879 -0.165593 0.727220 155 148 132
0.184812 -0.162547 0.724285 152 146 131
0.184005 -0.159301 0.721405 152 146 131
0.183368 -0.155921 0.718558 150 144 129
0.182782 -0.152493 0.715716 145 139 122
0.181940 -0.149255 0.712814 145 138 120
0.180747 -0.146285 0.709838 147 139 119
0.179711 -0.143189 0.706891 148 141 122
0.176334 -0.141942 0.703485 151 143 127
0.170476 -0.142693 0.699622 160 151 131
0.140652 -0.158992 0.688698 194 200 192
0.136557 -0.158581 0.685340 221 229 224
0.133279 -0.157533 0.682149 230 236 231
0.131505 -0.155268 0.679231 232 237 230
0.130186 -0.152630 0.676394 227 232 224
0.128848 -0.150010 0.673554 223 227 219
0.127534 -0.147371 0.670719 222 225 217
0.126353 -0.144619 0.667905 221 224 216
0.124829 -0.142161 0.665039 222 225 218
0.125196 -0.138074 0.662449 224 227 219
0.125907 -0.133668 0.659893 225 228 220
0.127664 -0.128321 0.657462 224 227 218
0.131674 -0.120951 0.655300 204 200 188
0.207159 -0.196437 0.770905 98 100 109
0.205831 -0.193543 0.767882 111 115 123
0.204422 -0.190706 0.764836 121 121 131
0.182072 -0.176152 0.737777 148 138 124
0.180066 -0.173827 0.734637 148 138 120
0.178501 -0.171183 0.731608 154 144 122
0.177237 -0.168316 0.728651 171 165 150
0.176326 -0.165182 0.725775 167 162 146
0.175630 -0.161881 0.722944 151 145 129
0.175063 -0.158473 0.720137 145 137 119
0.174373 -0.155151 0.717297 145 135 117
0.173221 -0.152182 0.714353 144 134 117
0.171675 -0.149521 0.711327 146 136 116
0.168672 -0.148014 0.708003 147 138 119
0.163839 -0.147983 0.704328 143 134 120
0.157126 -0.149503 0.700312 173 170 157
0.149934 -0.151475 0.696250 188 187 176
0.138946 -0.156610 0.691524 187 187 178
0.133285 -0.157492 0.687859 200 203 197
0.129763 -0.156661 0.684615 220 227 221
0.126852 -0.155348 0.681498 230 237 232
0.125432 -0.152806 0.678650 232 239 234
0.123856 -0.150398 0.675777 233 239 232
0.122320 -0.147961 0.672914 237 240 234
0.121018 -0.145326 0.670091 245 247 241
0.119972 -0.142471 0.667307 239 242 236
0.119892 -0.138774 0.664667 233 236 229
0.121003 -0.134020 0.662189 228 232 223
0.123637 -0.127892 0.659904 221 224 215
0.128683 -0.119574 0.657913 173 164 149
0.148113 -0.086184 0.649301 141 134 114
0.200617 -0.201090 0.775297 94 92 103
0.198856 -0.198517 0.772166 116 117 126
0.197244 -0.195848 0.769080 125 123 133
0.171597 -0.176419 0.736011 150 140 122
0.170366 -0.173556 0.733083 144 129 99
0.169412 -0.170484 0.730220 176 169 154
0.168626 -0.167280 0.727394 173 169 154
0.167884 -0.164037 0.724574 143 136 119
0.167185 -0.160754 0.721759 146 136 118
0.166341 -0.157577 0.718908 145 135 117
0.165071 -0.154728 0.715960 143 133 115
0.162423 -0.152969 0.712716 145 135 117
0.157188 -0.153285 0.708942 141 134 117
0.151891 -0.153698 0.705187 191 189 183
0.147288 -0.153599 0.701606 188 187 179
0.143874 -0.152572 0.698287 187 190 177
0.139429 -0.152416 0.694787 187 190 177
0.128525 -0.153898 0.687497 186 189 180
0.124233 -0.153743 0.684115 209 214 206
0.121823 -0.152036 0.681090 223 229 222
0.119615 -0.150173 0.678110 231 236 229
0.117763 -0.148015 0.675198 233 236 230
0.116505 -0.145353 0.672388 241 245 238
0.115676 -0.142318 0.669646 236 239 232
0.115608 -0.138611 0.667019 227 229 223
0.117570 -0.133099 0.664686 217 219 210
0.121102 -0.126151 0.662553 201 203 193
0.127751 -0.116353 0.660818 156 151 139
0.134214 -0.106621 0.658987 142 126 103
0.137469 -0.099702 0.656663 148 131 106
0.139366 -0.093967 0.654125 147 133 108
0.139684 -0.089644 0.651364 148 132 106
0.139395 -0.085863 0.648516 143 134 114
0.191881 -0.203488 0.776355 91 85 91
0.189011 -0.201711 0.772916 119 115 125
0.163567 -0.178741 0.737439 153 144 124
0.162470 -0.175806 0.734564 147 130 102
0.161647 -0.172660 0.731754 155 143 119
0.160953 -0.169411 0.728972 164 155 136
0.160197 -0.166201 0.726170 144 136 114
0.159447 -0.162981 0.723365 145 136 115
0.158418 -0.159974 0.720493 144 134 116
0.156911 -0.157342 0.717511 144 134 116
0.154043 -0.155795 0.714234 145 135 117
0.149030 -0.155988 0.710508 141 139 125
0.144318 -0.155984 0.706877 205 208 198
0.140939 -0.154935 0.703550 189 189 180
0.138254 -0.153343 0.700382 187 190 177
0.135041 -0.152204 0.697121 187 189 176
0.131310 -0.151521 0.693776 186 187 178
0.127913 -0.150588 0.690515 188 195 187
0.124129 -0.150008 0.687201 196 201 194
0.120218 -0.149568 0.683886 200 206 198
0.117402 -0.148224 0.680788 200 206 199
0.115242 -0.146331 0.677816 202 206 197
0.113942 -0.143703 0.674997 199 203 190
0.113425 -0.140390 0.672307 199 200 189
0.114025 -0.136082 0.669789 196 198 186
0.116516 -0.130069 0.667547 200 203 192
0.120886 -0.122327 0.665556 200 203 193
0.127222 -0.108809 0.661083 173 170 156
0.129663 -0.102629 0.658688 147 129 106
0.131378 -0.097070 0.656163 149 131 104
0.131661 -0.092800 0.653427 146 129 102
0.131366 -0.089050 0.650605 145 129 102
0.130705 -0.085630 0.647731 143 131 104
0.185137 -0.208298 0.780521 111 105 115
0.182600 -0.206319 0.777188 111 108 113
0.179433 -0.204789 0.773674 131 123 129
0.155328 -0.181278 0.738760 150 140 122
0.154427 -0.178223 0.735957 152 135 107
0.153775 -0.174971 0.733212 151 136 109
0.153186 -0.171665 0.730478 149 135 112
0.152522 -0.168410 0.727720 143 134 112
0.151783 -0.165205 0.724940 145 136 115
0.150687 -0.162277 0.722072 145 136 115
0.149196 -0.159660 0.719112 145 135 117
0.146497 -0.158015 0.715883 145 135 117
0.142618 -0.157342 0.712406 160 159 145
0.138898 -0.156570 0.708986 209 213 204
0.135906 -0.155232 0.705740 199 201 192
0.133475 -0.153450 0.702625 189 190 180
0.130513 -0.152125 0.699412 188 190 180
0.127494 -0.150870 0.696202 192 195 186
0.124910 -0.149268 0.693092 195 201 193
0.122708 -0.147359 0.690067 199 206 198
0.120676 -0.145314 0.687081 205 209 202
0.118703 -0.143230 0.684113 205 208 202
0.116909 -0.140999 0.681183 196 200 191
0.114687 -0.131537 0.672942 184 184 174
0.116252 -0.126306 0.670555 201 205 195
0.117967 -0.120902 0.668167 202 206 197
0.120394 -0.110900 0.663164 214 216 208
0.122227 -0.105280 0.660718 139 125 111
0.123672 -0.099978 0.658190 148 130 102
0.123697 -0.095969 0.655448 148 130 102
0.123278 -0.092360 0.652638 148 130 104
0.122675 -0.088914 0.649797 148 130 104
0.121916 -0.085608 0.646931 143 134 112
0.177214 -0.210222 0.781696 130 116 112
0.174139 -0.208648 0.778207 112 91 86
0.147616 -0.183472 0.740166 150 140 120
0.146764 -0.180405 0.737395 151 135 110
0.146124 -0.177169 0.734676 154 137 110
0.145443 -0.173957 0.731941 151 135 110
0.144739 -0.170757 0.729195 144 131 110
0.144051 -0.167537 0.726450 146 137 116
0.142994 -0.164604 0.723611 146 137 117
0.141705 -0.161855 0.720716 145 135 117
0.139970 -0.159466 0.717720 145 135 118
0.137530 -0.157658 0.714568 137 131 117
0.134709 -0.156176 0.711342 213 216 208
0.131999 -0.154622 0.708152 207 211 202
0.129662 -0.152775 0.705055 202 205 196
0.126832 -0.151355 0.701864 195 198 189
0.124241 -0.149753 0.698735 193 197 188
0.121908 -0.147948 0.695670 195 201 191
0.119894 -0.145883 0.692676 199 205 197
0.118097 -0.143640 0.689730 200 206 198
0.116489 -0.141240 0.686825 199 203 196
0.115176 -0.138585 0.683976 200 203 196
0.114069 -0.135749 0.681165 199 201 193
0.113247 -0.132660 0.678403 200 203 195
0.112892 -0.129145 0.675716 205 206 199
0.113066 -0.125142 0.673108 208 211 203
0.113548 -0.120840 0.670538 209 211 202
0.114315 -0.116256 0.667996 208 211 203
0.115185 -0.111550 0.665453 211 213 204
0.116491 -0.106411 0.662954 185 179 169
0.117087 -0.101903 0.660331 141 123 100
0.116760 -0.098238 0.657563 144 125 99
0.116190 -0.094793 0.654754 148 130 104
0.115375 -0.091571 0.651907 147 130 104
0.114349 -0.088546 0.649030 144 129 107
0.173486 -0.212985 0.786673 173 161 153
0.168941 -0.212437 0.782706 141 109 102
0.166411 -0.210522 0.779399 155 116 103
0.165175 -0.207712 0.776504 140 111 97
0.139126 -0.182621 0.738791 148 137 117
0.138367 -0.179501 0.736062 154 138 113
0.137630 -0.176358 0.733335 156 138 115
0.136999 -0.173126 0.730631 153 135 114
0.136488 -0.169790 0.727951 147 136 116
0.135580 -0.166763 0.725168 145 137 118
0.134397 -0.163955 0.722317 146 137 118
0.133023 -0.161302 0.719420 147 136 118
0.131595 -0.158694 0.716512 145 135 119
0.129652 -0.156514 0.713489 164 158 147
0.127288 -0.154694 0.710377 220 224 215
0.125002 -0.152821 0.707292 211 214 204
0.122670 -0.151000 0.704206 206 209 201
0.120527 -0.149032 0.701169 208 211 203
0.118556 -0.146928 0.698175 208 211 203
0.116716 -0.144719 0.695214 208 214 205
0.115054 -0.142364 0.692293 211 216 207
0.113645 -0.139791 0.689424 212 217 210
0.112471 -0.137013 0.686600 213 216 210
0.111332 -0.134204 0.683783 213 216 208
0.110411 -0.131198 0.681004 214 217 209
0.109766 -0.127938 0.678270 213 216 208
0.109289 -0.124518 0.675559 212 216 207
0.109125 -0.120801 0.672894 209 213 204
0.109297 -0.116761 0.670273 208 211 203
0.110071 -0.112141 0.667734 213 214 205
0.110922 -0.107425 0.665188 184 182 167
0.110963 -0.103442 0.662504 140 123 99
0.110160 -0.100244 0.659687 136 119 95
0.109259 -0.097132 0.656851 142 123 97
0.108165 -0.094202 0.653987 145 126 103
0.106906 -0.091428 0.651100 139 123 103
0.165610 -0.214936 0.787754 186 182 172
0.161138 -0.214381 0.783811 170 149 137
0.157558 -0.209585 0.777698 157 142 126
0.131987 -0.184503 0.740270 148 139 123
0.131009 -0.181577 0.737503 150 137 116
0.130192 -0.178521 0.734776 154 137 114
0.129462 -0.175390 0.732067 156 138 117
0.128922 -0.172100 0.729403 151 136 114
0.128186 -0.168960 0.726683 147 137 115
0.127219 -0.166002 0.723904 147 137 115
0.126165 -0.163112 0.721100 145 135 117
0.125159 -0.160181 0.718307 147 137 119
0.123815 -0.157527 0.715433 145 135 119
0.121991 -0.155277 0.712451 153 148 133
0.119978 -0.153194 0.709431 212 216 207
0.117863 -0.151209 0.706395 224 228 220
0.115864 -0.149134 0.703392 208 213 204
0.114238 -0.146747 0.700474 208 211 203
0.112771 -0.144226 0.697592 211 214 205
0.111390 -0.141633 0.694729 212 216 208
0.110109 -0.138952 0.691887 213 216 209
0.109005 -0.136115 0.689080 214 217 211
0.107896 -0.133281 0.686271 213 216 209
0.106824 -0.130412 0.683467 212 216 207
0.105929 -0.127379 0.680694 211 214 205
0.105133 -0.124251 0.677935 211 214 204
0.104739 -0.120747 0.675241 207 211 202
0.104849 -0.116763 0.672624 214 217 208
0.105236 -0.112501 0.670039 217 219 210
0.105440 -0.108391 0.667410 136 126 109
0.104935 -0.104934 0.664660 149 133 105
0.103856 -0.102016 0.661818 147 126 103
0.102705 -0.099164 0.658963 137 119 94
0.101476 -0.096387 0.656097 142 123 102
0.100096 -0.093756 0.653210 142 123 102
0.165826 -0.214984 0.793973 33 31 29
0.157760 -0.216919 0.788790 200 201 191
0.152942 -0.216652 0.784733 173 160 144
0.151123 -0.214303 0.781682 146 140 125
0.149749 -0.211643 0.778779 154 149 133
0.148052 -0.209217 0.775774 159 151 134
0.123942 -0.183475 0.738975 148 139 122
0.122874 -0.180640 0.736200 152 138 115
0.121909 -0.177721 0.733450 155 139 116
0.121327 -0.174489 0.730797 157 140 115
0.120789 -0.171213 0.728150 155 138 113
0.120058 -0.168086 0.725449 148 137 114
0.119201 -0.165058 0.722713 147 137 116
0.118365 -0.162007 0.719978 147 136 118
0.117450 -0.159018 0.717222 147 137 119
0.116302 -0.156222 0.714408 146 136 120
0.114787 -0.153737 0.711509 134 131 118
0.112741 -0.151711 0.708494 164 164 152
0.110752 -0.149646 0.705498 206 209 199
0.109402 -0.147034 0.702646 230 236 227
0.108191 -0.144301 0.699825 228 233 226
0.107045 -0.141511 0.697017 219 224 217
0.105881 -0.138736 0.694205 214 219 212
0.104849 -0.135842 0.691418 211 214 208
0.103791 -0.132968 0.688625 209 213 204
0.102716 -0.130107 0.685826 211 214 205
0.101742 -0.127152 0.683045 217 220 212
0.100877 -0.124092 0.680282 222 225 217
0.100428 -0.120642 0.677588 225 228 220
0.100319 -0.116862 0.674946 205 205 192
0.100268 -0.113012 0.672303 168 162 145
0.099842 -0.109502 0.669588 158 147 127
0.098842 -0.106530 0.666775 148 132 108
0.097567 -0.103821 0.663917 150 130 105
0.096202 -0.101197 0.661046 150 130 105
0.094898 -0.098517 0.658185 143 124 99
0.093441 -0.095988 0.655303 140 122 98
0.091977 -0.093468 0.652423 139 122 97
0.099460 -0.028019 0.614211 83 105 102
0.160133 -0.215453 0.795716 64 57 57
0.151239 -0.218021 0.790223 115 112 107
0.145718 -0.218290 0.785923 170 165 146
0.142758 -0.216782 0.782506 152 147 129
0.141796 -0.213858 0.779758 153 148 130
0.140458 -0.211203 0.776886 155 148 131
0.139234 -0.208466 0.774051 149 144 124
0.117256 -0.185119 0.740507 147 138 123
0.115948 -0.182499 0.737683 149 140 122
0.114805 -0.179746 0.734903 149 139 120
0.114048 -0.176677 0.732225 156 139 115
0.113462 -0.173463 0.729587 157 140 116
0.112810 -0.170295 0.726927 156 139 117
0.112159 -0.167119 0.724262 148 135 114
0.111569 -0.163885 0.721608 148 136 116
0.110976 -0.160644 0.718947 145 137 118
0.110303 -0.157464 0.716262 147 137 121
0.109357 -0.154512 0.713508 146 142 126
0.108066 -0.151854 0.710672 151 144 129
0.106241 -0.149662 0.707716 148 142 125
0.104604 -0.147313 0.704807 147 142 126
0.103326 -0.144650 0.701980 168 167 153
0.102233 -0.141825 0.699192 187 189 172
0.101204 -0.138940 0.696416 199 200 188
0.100207 -0.136023 0.693645 211 211 200
0.099047 -0.133252 0.690839 211 211 200
0.098050 -0.130330 0.688065 207 206 196
0.097082 -0.127379 0.685293 198 197 182
0.095587 -0.121051 0.679824 153 149 133
0.094444 -0.114363 0.674398 170 160 139
0.093445 -0.111415 0.671604 173 163 142
0.092232 -0.108670 0.668773 168 157 135
0.090955 -0.105986 0.665931 148 132 105
0.089579 -0.103400 0.663074 149 131 105
0.088266 -0.100753 0.660228 147 129 103
0.086776 -0.098283 0.657357 146 129 100
0.085265 -0.095837 0.654486 148 130 101
0.090931 -0.032547 0.616516 77 97 98
0.092953 -0.026055 0.613791 83 97 103
0.167813 -0.210299 0.804597 125 121 111
0.155252 -0.215382 0.797713 123 116 114
0.145187 -0.218830 0.791779 22 18 22
0.138520 -0.219957 0.787074 167 159 139
0.135305 -0.218666 0.783577 150 143 124
0.133853 -0.216121 0.780685 152 146 127
0.132811 -0.213279 0.777929 151 144 126
0.131686 -0.210496 0.775145 139 134 114
0.108982 -0.184438 0.739110 148 143 127
0.107486 -0.181996 0.736251 147 140 125
0.106492 -0.179146 0.733530 146 136 119
0.105905 -0.175957 0.730914 150 139 116
0.105505 -0.172604 0.728342 158 145 120
0.104953 -0.169369 0.725724 159 142 118
0.104470 -0.166067 0.723118 154 140 117
0.104066 -0.162687 0.720526 147 136 113
0.103620 -0.159334 0.717916 146 136 121
0.103076 -0.156055 0.715276 160 155 142
0.102229 -0.153032 0.712559 155 149 133
0.100892 -0.150434 0.709725 154 146 131
0.099595 -0.147801 0.706901 149 141 125
0.098357 -0.145117 0.704090 145 138 121
0.097182 -0.142377 0.701294 145 135 117
0.096056 -0.139592 0.698508 140 130 113
0.095005 -0.136737 0.695736 140 130 113
0.093884 -0.133944 0.692948 142 135 116
0.092785 -0.131129 0.690164 149 144 124
0.091774 -0.128231 0.687396 152 145 125
0.089869 -0.122314 0.681877 148 140 124
0.088929 -0.119339 0.679115 156 149 131
0.087882 -0.116462 0.676332 170 160 139
0.086641 -0.113770 0.673513 172 162 144
0.085421 -0.111056 0.670698 170 161 140
0.084144 -0.108400 0.667874 158 149 124
0.082702 -0.105905 0.665024 147 129 103
0.081285 -0.103390 0.662179 150 133 104
0.079782 -0.100962 0.659323 152 134 105
0.078091 -0.098726 0.656443 153 135 106
0.076947 -0.095944 0.653644 154 135 103
0.079564 -0.044492 0.621347 179 182 168
0.080704 -0.039044 0.618634 91 100 103
0.082898 -0.032386 0.615973 81 94 99
0.086138 -0.024501 0.613350 73 84 90
0.161914 -0.210889 0.806266 132 129 122
0.150391 -0.215316 0.799697 125 120 115
0.140162 -0.218940 0.793661 22 16 17
0.132379 -0.220910 0.788544 121 116 100
0.128308 -0.220269 0.784754 148 140 122
0.126110 -0.218293 0.781622 152 144 124
0.125178 -0.215397 0.778923 146 138 121
0.123983 -0.212693 0.776135 137 132 114
0.122808 -0.209974 0.773352 144 139 124
0.100027 -0.180771 0.735083 145 140 126
0.098730 -0.178192 0.732293 142 138 123
0.097772 -0.175329 0.729595 137 131 115
0.097262 -0.172083 0.727012 151 138 117
0.097061 -0.168566 0.724503 154 142 115
0.096698 -0.165174 0.721944 153 143 120
0.096279 -0.161821 0.719364 158 146 120
0.095895 -0.158426 0.716786 159 147 124
0.095320 -0.155189 0.714154 160 151 133
0.094224 -0.152403 0.711394 160 153 138
0.093079 -0.149661 0.708621 160 153 138
0.092007 -0.146851 0.705864 157 151 133
0.090950 -0.144025 0.703109 157 147 130
0.089828 -0.141258 0.700338 155 146 128
0.088781 -0.138419 0.697583 154 146 127
0.087724 -0.135588 0.694824 154 147 128
0.086632 -0.132787 0.692056 152 147 129
0.085455 -0.130064 0.689270 153 147 129
0.084304 -0.127316 0.686489 155 147 130
0.083205 -0.124517 0.683717 152 144 127
0.082128 -0.121695 0.680948 154 145 128
0.081099 -0.118826 0.678186 169 159 139
0.079905 -0.116114 0.675394 175 162 142
0.078665 -0.113446 0.672593 151 139 114
0.077285 -0.110917 0.669768 149 134 106
0.075821 -0.108473 0.666930 157 140 112
0.074404 -0.105986 0.664103 154 138 108
0.072948 -0.103540 0.661271 156 139 109
0.071790 -0.100795 0.658487 149 134 105
0.071421 -0.048768 0.623528 179 177 161
0.071136 -0.044927 0.620734 141 144 141
0.072402 -0.039330 0.618051 90 101 103
0.076222 -0.030807 0.615530 86 99 104
0.156330 -0.211287 0.808018 141 138 131
0.146105 -0.214861 0.801866 108 102 98
0.136108 -0.218375 0.795865 74 62 61
0.127594 -0.220918 0.790456 25 23 19
0.121610 -0.221699 0.785988 125 120 105
0.119022 -0.220038 0.782730 155 150 128
0.117849 -0.217344 0.779967 144 139 121
0.116715 -0.214620 0.777216 147 143 125
0.115634 -0.211854 0.774483 141 137 121
0.089695 -0.174754 0.728279 143 139 123
0.088944 -0.171732 0.725650 131 128 109
0.088525 -0.168416 0.723104 143 135 118
0.088272 -0.164947 0.720593 151 141 119
0.088198 -0.161307 0.718119 156 144 121
0.087756 -0.157978 0.715544 156 144 125
0.086984 -0.154934 0.712883 159 151 137
0.085975 -0.152096 0.710162 156 152 140
0.084907 -0.149309 0.707425 155 151 137
0.083830 -0.146528 0.704684 153 147 130
0.082615 -0.143872 0.701912 154 146 129
0.081523 -0.141103 0.699166 155 147 129
0.080475 -0.138291 0.696429 156 150 133
0.079193 -0.135696 0.693641 170 158 139
0.078097 -0.132927 0.690892 169 159 140
0.077230 -0.129937 0.688188 155 146 125
0.076288 -0.127016 0.685467 147 139 115
0.075297 -0.124137 0.682733 157 146 122
0.074350 -0.121213 0.680006 155 141 117
0.073209 -0.118475 0.677240 157 140 116
0.072032 -0.115771 0.674468 159 142 115
0.070718 -0.113203 0.671670 158 141 113
0.069351 -0.110689 0.668865 155 138 111
0.068190 -0.107970 0.666096 152 137 107
0.067154 -0.105124 0.663346 160 145 123
0.064409 -0.060092 0.631212 164 163 151
0.063787 -0.056679 0.628432 160 160 147
0.063003 -0.053438 0.625630 99 100 89
0.062737 -0.049608 0.622869 129 126 114
0.063439 -0.044667 0.620180 101 105 99
0.066778 -0.036692 0.617677 86 100 103
0.071055 -0.027572 0.615197 23 32 34
0.150483 -0.211900 0.809643 84 84 77
0.141686 -0.214515 0.803973 49 46 43
0.133119 -0.217051 0.798445 116 97 97
0.124053 -0.220038 0.792794 27 18 16
0.116171 -0.222246 0.787625 62 59 51
0.112845 -0.221154 0.784110 132 123 106
0.110792 -0.219137 0.781054 143 139 121
0.109869 -0.216278 0.778392 141 137 119
0.108730 -0.213579 0.775656 141 137 121
0.107795 -0.210724 0.772986 147 142 128
0.081542 -0.170691 0.724519 143 138 124
0.080536 -0.167902 0.721835 139 134 120
0.079566 -0.165079 0.719158 133 128 112
0.078643 -0.162212 0.716491 136 131 115
0.078009 -0.159081 0.713893 150 144 132
0.077408 -0.155912 0.711299 155 151 139
0.076749 -0.152790 0.708685 166 160 149
0.076170 -0.149585 0.706085 160 157 142
0.075290 -0.146651 0.703411 156 152 138
0.074376 -0.143745 0.700726 149 141 124
0.073259 -0.141025 0.697993 149 139 120
0.072322 -0.138133 0.695298 160 145 124
0.071452 -0.135175 0.692616 158 145 122
0.070542 -0.132249 0.689922 157 145 120
0.069543 -0.129406 0.687207 157 144 121
0.068668 -0.126439 0.684515 156 144 118
0.067747 -0.123514 0.681812 158 144 118
0.066647 -0.120759 0.679071 157 142 117
0.065558 -0.117993 0.676332 156 141 117
0.064511 -0.115184 0.673599 153 142 123
0.063470 -0.112366 0.670865 157 145 127
0.062690 -0.109280 0.668175 155 149 132
0.062237 -0.105855 0.665535 152 147 133
0.055239 -0.077706 0.641089 173 170 152
0.056576 -0.064133 0.633261 133 132 124
0.056253 -0.060416 0.630539 155 155 147
0.055421 -0.057259 0.627758 168 167 154
0.055533 -0.053027 0.625061 179 180 166
0.056007 -0.048362 0.622383 168 166 156
0.059080 -0.040686 0.619904 88 101 101
0.064417 -0.030328 0.617559 27 32 32
0.070536 -0.018958 0.615204 86 88 80
0.146746 -0.211030 0.812030 43 44 37
0.137278 -0.214176 0.806067 71 70 63
0.129304 -0.216330 0.800719 121 99 97
0.121318 -0.218571 0.795420 112 81 81
0.112878 -0.221230 0.790009 20 18 19
0.108031 -0.221290 0.785939 118 118 108
0.104554 -0.220362 0.782381 148 143 124
0.103064 -0.217951 0.779536 140 135 117
0.101871 -0.215317 0.776797 140 136 119
0.100918 -0.212498 0.774139 139 137 123
0.099703 -0.209879 0.771391 134 134 120
0.070690 -0.161813 0.715254 144 139 127
0.070457 -0.158334 0.712774 142 137 125
0.069970 -0.155076 0.710224 132 128 114
0.069243 -0.152031 0.707609 132 128 114
0.068510 -0.148985 0.704989 135 132 117
0.067926 -0.145792 0.702399 144 139 122
0.066916 -0.142994 0.699707 150 142 125
0.066082 -0.140027 0.697052 157 145 127
0.065113 -0.137184 0.694365 156 145 127
0.064075 -0.134403 0.691661 152 142 124
0.062694 -0.131955 0.688883 153 143 124
0.061498 -0.129328 0.686146 156 148 128
0.060526 -0.126479 0.683453 152 146 128
0.059512 -0.123670 0.680749 152 146 126
0.058577 -0.120778 0.678059 153 146 125
0.058090 -0.117431 0.675450 151 146 129
0.057366 -0.114315 0.672792 153 147 131
0.056749 -0.111082 0.670148 150 145 131
0.056526 -0.107435 0.667566 150 145 131
0.055885 -0.100303 0.662343 150 145 131
0.055074 -0.097233 0.659641 150 145 131
0.054036 -0.094398 0.656900 151 146 132
0.052639 -0.091943 0.654105 153 149 133
0.051472 -0.089243 0.651344 152 148 132
0.050077 -0.086790 0.648552 144 146 132
0.048619 -0.084408 0.645753 77 80 78
0.047342 -0.081831 0.642979 93 99 92
0.047111 -0.078101 0.640336 129 126 114
0.048399 -0.072669 0.637864 171 166 152
0.049306 -0.067626 0.635324 172 168 152
0.049407 -0.063458 0.632674 172 168 153
0.049271 -0.059537 0.629987 181 177 162
0.049113 -0.055626 0.627286 179 176 162
0.049316 -0.051283 0.624609 188 186 174
0.051916 -0.044145 0.622129 91 109 107
0.057331 -0.033669 0.619847 31 32 35
0.066306 -0.018915 0.617775 87 85 80
0.142022 -0.210881 0.814031 50 51 45
0.132796 -0.213907 0.808117 136 136 127
0.125644 -0.215503 0.803043 74 57 57
0.118324 -0.217294 0.797952 123 93 89
0.110603 -0.219458 0.792762 65 51 51
0.103734 -0.221058 0.787932 24 26 25
0.099567 -0.220675 0.784119 135 133 120
0.096754 -0.219292 0.780810 113 109 95
0.095052 -0.217071 0.777905 143 139 123
0.093939 -0.214399 0.775209 144 142 129
0.092973 -0.211610 0.772562 142 143 129
0.091571 -0.209163 0.769766 143 143 129
0.059665 -0.138381 0.696275 142 137 123
0.058873 -0.135378 0.693637 135 131 116
0.057878 -0.132569 0.690952 130 124 112
0.056575 -0.130061 0.688201 125 123 112
0.055611 -0.127217 0.685520 122 121 111
0.054654 -0.124363 0.682838 123 123 111
0.053677 -0.121525 0.680151 128 125 114
0.053211 -0.118166 0.677559 128 125 112
0.052640 -0.114903 0.674941 133 131 116
0.051883 -0.111823 0.672283 139 136 122
0.051073 -0.108792 0.669612 145 142 127
0.050409 -0.105602 0.666962 148 143 129
0.049712 -0.102440 0.664301 149 144 130
0.048811 -0.099486 0.661602 150 145 131
0.047796 -0.096650 0.658882 151 146 132
0.046247 -0.094383 0.656079 150 146 131
0.044899 -0.091905 0.653308 131 132 116
0.043355 -0.089643 0.650511 96 106 91
0.042000 -0.087178 0.647743 115 121 126
0.040594 -0.084772 0.644970 81 87 88
0.039566 -0.081949 0.642248 105 109 101
0.040686 -0.076718 0.639792 176 172 158
0.042592 -0.070568 0.637406 175 170 155
0.042816 -0.066277 0.634796 181 176 161
0.042817 -0.062218 0.632148 182 178 162
0.042450 -0.058564 0.629449 182 179 163
0.042701 -0.054182 0.626803 188 185 171
0.045239 -0.047110 0.624357 99 108 105
0.051199 -0.035963 0.622177 36 32 35
0.059218 -0.022269 0.620095 86 84 79
0.066164 -0.009705 0.617833 94 92 85
0.136957 -0.210998 0.815880 46 47 44
0.128790 -0.213304 0.810333 47 48 43
0.121841 -0.214790 0.805303 75 72 65
0.114779 -0.216429 0.800277 110 90 85
0.107852 -0.218036 0.795345 108 87 85
0.100527 -0.220015 0.790312 44 33 34
0.095249 -0.220501 0.786076 44 46 39
0.091634 -0.219755 0.782473 145 143 131
0.088968 -0.218301 0.779229 147 145 130
0.087139 -0.216209 0.776292 148 146 132
0.086018 -0.213565 0.773609 147 146 132
0.084845 -0.210963 0.770907 145 143 130
0.083714 -0.208326 0.768219 143 143 129
0.052852 -0.133419 0.692953 153 149 134
0.051798 -0.130679 0.690264 150 148 133
0.050961 -0.127720 0.687620 149 147 133
0.050131 -0.124748 0.684974 145 144 129
0.049295 -0.121778 0.682324 144 142 128
0.048569 -0.118690 0.679692 137 135 123
0.047935 -0.115499 0.677074 135 133 120
0.046871 -0.112748 0.674369 139 137 124
0.045837 -0.109963 0.671668 138 134 121
0.045009 -0.106959 0.669003 141 136 124
0.044031 -0.104109 0.666308 143 138 125
0.043030 -0.101279 0.663608 147 142 128
0.042044 -0.098431 0.660908 149 145 130
0.040674 -0.095995 0.658144 150 145 130
0.039463 -0.093389 0.655407 152 150 133
0.038041 -0.091014 0.652638 124 124 113
0.036631 -0.088630 0.649874 71 81 76
0.034812 -0.086703 0.647054 67 75 71
0.033309 -0.084434 0.644283 71 74 74
0.034456 -0.079178 0.641859 166 161 149
0.036796 -0.072532 0.639562 178 174 158
0.036963 -0.068316 0.636967 179 176 160
0.036726 -0.064544 0.634313 182 179 163
0.036408 -0.060850 0.631640 185 181 165
0.036889 -0.056209 0.629041 176 173 159
0.040072 -0.048367 0.626694 38 45 45
0.046168 -0.037011 0.624577 50 52 51
0.052823 -0.024872 0.622434 63 63 56
0.059625 -0.012431 0.620221 83 82 73
0.067242 0.001125 0.617988 48 44 45
0.133314 -0.210095 0.818265 36 38 29
0.125131 -0.212456 0.812672 49 50 44
0.117917 -0.214177 0.807507 102 103 95
0.110909 -0.215815 0.802469 55 50 41
0.104537 -0.217041 0.797717 114 93 90
0.098514 -0.218062 0.793137 103 77 74
0.092414 -0.219202 0.788566 48 36 41
0.087847 -0.219209 0.784599 26 23 25
0.084029 -0.218673 0.780930 112 115 102
0.081054 -0.217503 0.777586 158 158 144
0.079043 -0.215588 0.774599 151 149 134
0.077973 -0.212928 0.771950 148 146 133
0.077017 -0.210174 0.769339 144 143 129
0.076110 -0.207378 0.766744 142 142 128
0.075429 -0.204394 0.764223 139 140 125
0.052290 -0.159773 0.715267 122 121 106
0.051160 -0.157162 0.712596 150 146 132
0.047311 -0.138578 0.697242 154 149 135
0.046495 -0.135628 0.694627 153 148 134
0.045691 -0.132661 0.692010 152 148 134
0.044915 -0.129660 0.689397 147 145 130
0.044088 -0.126706 0.686768 142 142 127
0.043270 -0.123736 0.684138 141 139 126
0.042376 -0.120841 0.681490 140 138 125
0.041510 -0.117911 0.678844 139 138 124
0.040617 -0.115005 0.676190 138 136 123
0.039794 -0.112022 0.673546 137 135 122
0.038952 -0.109053 0.670896 139 135 123
0.038079 -0.106112 0.668236 139 136 123
0.037160 -0.103215 0.665565 142 137 125
0.036095 -0.100473 0.662867 145 140 125
0.035071 -0.097685 0.660175 148 143 129
0.034158 -0.094771 0.657499 151 146 129
0.032847 -0.092294 0.654758 148 146 129
0.031393 -0.089978 0.651997 151 149 133
0.029633 -0.088010 0.649194 110 109 98
0.028047 -0.085853 0.646420 166 163 147
0.028859 -0.080976 0.643976 178 173 154
0.030623 -0.074979 0.641636 179 174 157
0.030750 -0.070821 0.639061 181 177 159
0.030418 -0.067176 0.636418 185 181 165
0.030580 -0.062940 0.633822 187 184 168
0.031887 -0.057336 0.631338 96 100 87
0.035946 -0.048432 0.629118 31 32 31
0.041683 -0.037446 0.627011 118 121 116
0.046860 -0.027018 0.624778 58 57 52
0.051955 -0.016586 0.622471 84 83 74
0.058497 -0.004292 0.620220 51 53 48
0.121332 -0.211720 0.814947 51 52 46
0.114280 -0.213359 0.809813 54 55 48
0.107588 -0.214796 0.804864 146 145 135
0.101347 -0.215954 0.800132 73 61 55
0.096395 -0.216180 0.795932 120 91 87
0.090988 -0.216806 0.791590 97 75 76
0.085741 -0.217358 0.787341 55 39 42
0.081128 -0.217460 0.783360 26 23 20
0.077315 -0.216969 0.779698 60 63 52
0.074196 -0.215953 0.776308 169 168 149
0.071854 -0.214334 0.773213 149 147 131
0.070449 -0.211966 0.770458 140 138 124
0.069664 -0.209091 0.767922 145 143 130
0.069003 -0.206110 0.765426 139 141 126
0.068423 -0.203054 0.762954 146 145 131
0.050288 -0.165085 0.722641 143 143 128
0.048908 -0.162719 0.719910 144 142 127
0.047543 -0.160341 0.717184 145 143 128
0.046280 -0.157869 0.714487 158 154 140
0.045074 -0.155343 0.711806 151 149 134
0.044014 -0.152676 0.709162 117 117 104
0.043194 -0.149775 0.706578 149 146 132
0.042343 -0.146898 0.703982 173 170 155
0.041550 -0.143959 0.701398 155 151 135
0.040817 -0.140955 0.698825 153 148 134
0.040159 -0.137870 0.696265 154 149 136
0.039457 -0.134822 0.693690 154 149 135
0.037027 -0.125971 0.685870 145 143 130
0.036170 -0.123059 0.683246 138 136 123
0.035318 -0.120136 0.680621 139 138 125
0.034445 -0.117232 0.677988 138 136 123
0.033693 -0.114195 0.675376 137 135 122
0.032957 -0.111132 0.672763 135 133 120
0.032063 -0.108235 0.670116 138 136 123
0.031206 -0.105293 0.667474 140 136 123
0.030299 -0.102400 0.664819 142 137 124
0.029442 -0.099449 0.662170 143 138 124
0.028796 -0.096259 0.659553 149 144 128
0.027672 -0.093593 0.656854 151 146 131
0.026416 -0.091075 0.654134 150 147 132
0.025126 -0.088595 0.651409 153 150 134
0.023735 -0.086233 0.648670 158 154 135
0.023945 -0.082039 0.646160 178 174 155
0.024910 -0.076954 0.643738 181 176 158
0.024582 -0.073335 0.641124 182 178 160
0.024530 -0.069380 0.638537 187 182 166
0.025411 -0.064308 0.636051 198 193 179
0.028075 -0.057091 0.633750 35 39 34
0.032340 -0.047898 0.631586 38 37 33
0.037158 -0.037955 0.629424 111 112 106
0.041744 -0.028194 0.627175 64 63 58
0.046742 -0.017837 0.624905 86 84 76
0.052216 -0.006794 0.622611 52 54 49
0.118089 -0.210574 0.817438 43 41 37
0.110984 -0.212289 0.812247 58 57 52
0.104820 -0.213357 0.807474 43 44 36
0.098619 -0.214513 0.802726 140 134 129
0.093972 -0.214524 0.798620 80 70 64
0.089229 -0.214652 0.794505 108 88 87
0.084554 -0.214771 0.790443 89 71 71
0.079733 -0.215050 0.786355 48 42 42
0.075376 -0.215002 0.782468 31 29 28
0.071325 -0.214747 0.778720 27 32 23
0.068088 -0.213865 0.775292 144 147 132
0.065332 -0.212614 0.772053 160 160 145
0.063653 -0.210491 0.769211 147 147 131
0.062431 -0.207994 0.766534 142 141 126
0.061794 -0.205007 0.764060 146 145 130
0.061125 -0.202040 0.761572 148 145 131
0.060221 -0.199267 0.758999 151 146 133
0.059213 -0.196579 0.756389 150 146 131
0.057993 -0.194074 0.753708 146 144 128
0.056791 -0.191554 0.751033 146 142 127
0.055532 -0.189084 0.748340 146 142 127
0.045684 -0.169161 0.726891 150 145 132
0.044457 -0.166671 0.724214 149 147 132
0.043173 -0.164237 0.721521 147 145 130
0.041989 -0.161708 0.718857 146 143 128
0.040884 -0.159104 0.716214 146 144 129
0.039713 -0.156562 0.713554 147 144 130
0.038708 -0.153859 0.710936 147 145 132
0.037826 -0.151032 0.708349 160 157 143
0.036767 -0.148377 0.705715 173 170 154
0.035487 -0.145941 0.703025 181 177 159
0.034603 -0.143108 0.700432 186 181 162
0.034050 -0.139938 0.697915 182 177 161
0.033591 -0.136662 0.695415 166 161 146
0.032825 -0.133690 0.692838 157 152 137
0.031873 -0.130906 0.690216 152 148 134
0.031075 -0.127957 0.687625 149 145 132
0.030299 -0.124980 0.685036 149 146 132
0.029543 -0.121977 0.682446 147 145 131
0.028715 -0.119043 0.679839 141 138 124
0.027928 -0.116060 0.677236 139 137 124
0.027099 -0.113118 0.674621 135 133 120
0.026241 -0.110201 0.671998 137 134 121
0.023863 -0.101205 0.664143 143 138 124
0.023465 -0.097754 0.661585 147 142 126
0.022730 -0.094670 0.658963 151 146 130
0.021686 -0.091928 0.656287 150 146 130
0.020558 -0.089280 0.653596 151 147 131
0.019595 -0.086443 0.650930 156 152 136
0.019286 -0.082845 0.648357 172 167 148
0.019134 -0.079052 0.645798 181 176 158
0.018532 -0.075769 0.643167 182 179 160
0.019035 -0.071175 0.640675 192 187 172
0.021459 -0.064274 0.638409 46 51 44
0.025294 -0.055629 0.636277 29 32 29
0.028847 -0.047241 0.634060 57 55 52
0.033005 -0.038043 0.631861 67 66 61
0.037149 -0.028776 0.629604 74 73 66
0.041649 -0.018981 0.627326 92 93 83
0.046803 -0.008285 0.625050 47 47 45
0.107223 -0.211580 0.814487 57 56 50
0.100886 -0.212815 0.809617 60 61 54
0.095806 -0.213137 0.805288 43 43 36
0.091129 -0.213191 0.801148 135 130 123
0.086706 -0.213088 0.797135 65 62 52
0.082529 -0.212830 0.793243 101 81 78
0.078084 -0.212825 0.789272 90 64 65
0.073876 -0.212668 0.785417 67 47 48
0.069674 -0.212547 0.781588 40 35 33
0.065776 -0.212212 0.777898 26 26 23
0.062324 -0.211545 0.774392 56 56 52
0.059647 -0.210260 0.771186 171 171 157
0.057604 -0.208462 0.768219 157 159 145
0.056101 -0.206218 0.765451 147 148 134
0.055064 -0.203580 0.762848 146 144 131
0.054609 -0.200439 0.760446 150 147 133
0.053937 -0.197479 0.757964 151 146 132
0.052890 -0.194839 0.755351 150 145 131
0.051490 -0.192508 0.752620 149 144 130
0.050162 -0.190116 0.749914 149 144 130
0.048848 -0.187715 0.747214 147 145 130
0.047378 -0.185456 0.744466 147 145 130
0.045886 -0.183221 0.741714 143 140 125
0.039918 -0.170710 0.728433 153 148 134
0.038747 -0.168188 0.725785 153 148 134
0.037555 -0.165686 0.723130 151 147 133
0.036469 -0.163083 0.720506 150 146 132
0.035475 -0.160389 0.717907 148 145 130
0.034357 -0.157814 0.715272 150 145 131
0.033444 -0.155037 0.712692 154 149 135
0.032668 -0.152121 0.710145 156 151 137
0.031753 -0.149338 0.707559 159 155 140
0.030631 -0.146760 0.704918 170 166 150
0.029526 -0.144164 0.702282 186 181 162
0.028703 -0.141279 0.699713 187 182 166
0.027948 -0.138320 0.697158 187 182 166
0.027207 -0.135340 0.694603 184 178 162
0.026223 -0.132608 0.691987 154 149 134
0.025342 -0.129764 0.689393 149 144 130
0.024553 -0.126819 0.686817 146 141 127
0.023824 -0.123805 0.684250 148 144 129
0.023060 -0.120821 0.681671 151 146 132
0.022317 -0.117810 0.679093 139 134 121
0.021529 -0.114841 0.676502 140 136 123
0.020742 -0.111864 0.673908 138 134 119
0.018041 -0.099397 0.663571 152 146 131
0.017446 -0.096170 0.660989 153 148 132
0.016606 -0.093215 0.658359 152 147 131
0.015762 -0.090257 0.655726 140 135 119
0.014899 -0.087317 0.653087 157 153 137
0.014015 -0.084396 0.650441 170 165 147
0.013360 -0.081201 0.647826 179 173 155
0.013619 -0.076921 0.645335 182 181 163
0.015325 -0.070898 0.643029 65 70 62
0.019099 -0.062355 0.640966 34 37 35
0.022580 -0.054083 0.638815 43 44 40
0.025389 -0.046550 0.636533 93 95 88
0.028934 -0.038054 0.634295 16 18 14
0.032616 -0.029310 0.632022 83 82 75
0.036360 -0.020408 0.629705 90 92 83
0.041304 -0.009929 0.627455 47 47 45
0.046891 0.001461 0.625201 40 42 42
0.104893 -0.209776 0.817309 63 51 46
0.097708 -0.211698 0.812057 61 61 55
0.092658 -0.212021 0.807716 63 63 57
0.087823 -0.212223 0.803492 45 45 38
0.083687 -0.211914 0.799573 141 140 132
0.079826 -0.211423 0.795786 80 70 62
0.076031 -0.210910 0.792047 98 79 74
0.072265 -0.210408 0.788340 92 63 64
0.068434 -0.209993 0.784628 77 54 55
0.064497 -0.209699 0.780899 57 41 47
0.060426 -0.209552 0.777142 44 37 38
0.056951 -0.208943 0.773628 30 31 29
0.054091 -0.207842 0.770358 97 102 95
0.051703 -0.206360 0.767272 173 177 165
0.049877 -0.204411 0.764396 162 160 147
0.048708 -0.201902 0.761756 148 145 131
0.048099 -0.198902 0.759312 148 145 131
0.047426 -0.195953 0.756841 150 145 131
0.046331 -0.193371 0.754223 147 145 130
0.045052 -0.190952 0.751543 148 146 131
0.043617 -0.188676 0.748812 150 146 132
0.042137 -0.186445 0.746069 150 145 131
0.040660 -0.184215 0.743330 150 145 131
0.039287 -0.181894 0.740626 150 145 131
0.038129 -0.179377 0.737992 146 142 128
0.036944 -0.176884 0.735350 151 146 132
0.035740 -0.174410 0.732702 152 149 135
0.034596 -0.171880 0.730073 153 148 134
0.033431 -0.169370 0.727437 154 149 135
0.032286 -0.166841 0.724807 152 148 134
0.031177 -0.164277 0.722188 150 145 131
0.030151 -0.161631 0.719591 150 145 131
0.029082 -0.159026 0.716981 151 146 134
0.028216 -0.156218 0.714427 154 149 135
0.027404 -0.153352 0.711884 154 149 135
0.026534 -0.150540 0.709322 155 152 139
0.025561 -0.147828 0.706732 159 157 144
0.024539 -0.145163 0.704127 157 154 141
0.023299 -0.142720 0.701466 169 165 150
0.022462 -0.139862 0.698906 185 181 165
0.021621 -0.137002 0.696341 187 182 165
0.020605 -0.134323 0.693732 187 182 162
0.019686 -0.131538 0.691144 178 173 157
0.018866 -0.128644 0.688576 156 151 136
0.018292 -0.125482 0.686060 149 144 129
0.017546 -0.122496 0.683501 151 146 131
0.016824 -0.119478 0.680943 149 144 130
0.016106 -0.116449 0.678381 151 146 131
0.015379 -0.113423 0.675814 147 143 125
0.014677 -0.110363 0.673247 146 141 125
0.013977 -0.107292 0.670676 149 144 128
0.013310 -0.104179 0.668106 149 144 128
0.012973 -0.100683 0.665593 150 145 129
0.012349 -0.097501 0.663020 153 148 132
0.011663 -0.094383 0.660430 153 148 132
0.010861 -0.091390 0.657816 139 134 118
0.009526 -0.089014 0.655112 138 133 117
0.008705 -0.086037 0.652490 170 163 146
0.008840 -0.081924 0.650012 179 174 159
0.010094 -0.076459 0.647686 60 63 55
0.013276 -0.068647 0.645610 30 32 28
0.016567 -0.060632 0.643505 40 41 37
0.019168 -0.053381 0.641262 55 56 50
0.021725 -0.046122 0.638974 137 139 130
0.024911 -0.038027 0.636723 40 38 33
0.028126 -0.029821 0.634429 83 84 75
0.031508 -0.021334 0.632107 74 77 70
0.036239 -0.011075 0.629879 49 48 45
0.041515 -0.000027 0.627643 39 42 40
0.093463 -0.211419 0.814051 60 51 46
0.088897 -0.211392 0.809889 68 70 63
0.084673 -0.211136 0.805894 71 71 65
0.080576 -0.210816 0.801973 53 53 48
0.076807 -0.210267 0.798207 140 137 132
0.073215 -0.209608 0.794531 84 81 75
0.069886 -0.208763 0.790978 97 75 71
0.066509 -0.207986 0.787423 103 74 75
0.062985 -0.207359 0.783831 86 59 61
0.059306 -0.206894 0.780198 74 54 57
0.055466 -0.206598 0.776526 53 44 49
0.051988 -0.206028 0.773010 29 31 32
0.048942 -0.205116 0.769672 47 53 51
0.046430 -0.203766 0.766543 77 79 72
0.044293 -0.202107 0.763560 156 154 139
0.042577 -0.200090 0.760734 163 161 144
0.041326 -0.197668 0.758075 155 154 137
0.040607 -0.194772 0.755601 152 149 135
0.039623 -0.192109 0.753034 154 151 138
0.038369 -0.189688 0.750373 152 150 137
0.037018 -0.187358 0.747682 150 148 135
0.035622 -0.185072 0.744977 152 147 134
0.034293 -0.182727 0.742296 151 148 137
0.033105 -0.180253 0.739662 154 149 137
0.031842 -0.177850 0.737005 156 151 139
0.030578 -0.175450 0.734348 152 151 137
0.029401 -0.172967 0.731719 148 145 132
0.028294 -0.170418 0.729111 146 141 127
0.027189 -0.167867 0.726504 147 145 130
0.026043 -0.165355 0.723884 146 144 129
0.024954 -0.162787 0.721281 148 145 130
0.023892 -0.160191 0.718685 149 144 130
0.023028 -0.157397 0.716143 154 149 135
0.022152 -0.154610 0.713596 156 151 137
0.021249 -0.151846 0.711039 158 155 143
0.020340 -0.149086 0.708477 162 160 147
0.019486 -0.146266 0.705928 166 164 151
0.018447 -0.143631 0.703329 169 167 154
0.017488 -0.140913 0.700749 173 171 158
0.016611 -0.138105 0.698188 171 169 155
0.015650 -0.135382 0.695603 179 174 159
0.014753 -0.132589 0.693032 182 177 162
0.013853 -0.129794 0.690458 184 179 163
0.012946 -0.127003 0.687880 185 179 161
0.012184 -0.124051 0.685332 178 171 153
0.011435 -0.121079 0.682783 154 150 135
0.010757 -0.118021 0.680245 152 147 133
0.010048 -0.114991 0.677696 147 143 125
0.009356 -0.111935 0.675146 148 143 127
0.008763 -0.108760 0.672612 146 141 125
0.008208 -0.105533 0.670079 149 144 128
0.007807 -0.102121 0.667569 153 148 132
0.007029 -0.099130 0.664982 155 150 134
0.006186 -0.096208 0.662380 160 155 139
0.004990 -0.093693 0.659713 146 139 125
0.004391 -0.090477 0.657148 194 190 173
0.004508 -0.086406 0.654694 137 137 122
0.005468 -0.081311 0.652361 42 40 39
0.007770 -0.074572 0.650213 31 31 28
0.010607 -0.067129 0.648109 39 38 37
0.013165 -0.059960 0.645924 49 49 45
0.015564 -0.052924 0.643677 86 84 78
0.018119 -0.045635 0.641414 26 26 19
0.021258 -0.037560 0.639186 77 77 68
0.024230 -0.029620 0.636891 95 97 87
0.027384 -0.021380 0.634573 55 54 50
0.031900 -0.011342 0.632362 49 48 45
0.105567 -0.201966 0.825249 155 114 100
0.092450 -0.208604 0.817391 157 128 116
0.085498 -0.210486 0.812203 60 52 48
0.080867 -0.210578 0.808021 74 74 68
0.077477 -0.209711 0.804375 74 72 69
0.073852 -0.209063 0.800651 74 73 66
0.070325 -0.208365 0.796987 93 92 84
0.067064 -0.207478 0.793446 112 118 107
0.063966 -0.206482 0.789988 74 69 62
0.060751 -0.205609 0.786498 102 85 77
0.057401 -0.204878 0.782974 98 75 74
0.054093 -0.204139 0.779484 90 71 74
0.050850 -0.203372 0.776036 74 60 65
0.047683 -0.202568 0.772633 55 45 51
0.044567 -0.201745 0.769266 42 37 40
0.041836 -0.200610 0.766056 35 29 32
0.039374 -0.199257 0.762956 35 31 26
0.037248 -0.197621 0.759987 116 117 104
0.035568 -0.195597 0.757183 168 169 156
0.034179 -0.193316 0.754485 150 151 141
0.032766 -0.191060 0.751781 157 155 145
0.031416 -0.188749 0.749101 152 149 141
0.030216 -0.186303 0.746472 152 150 140
0.029091 -0.183787 0.743869 154 151 140
0.028073 -0.181169 0.741301 158 156 143
0.026873 -0.178724 0.738673 160 156 144
0.025658 -0.176292 0.736041 163 158 146
0.024501 -0.173807 0.733427 162 157 146
0.023385 -0.171281 0.730826 158 153 139
0.022319 -0.168706 0.728241 154 149 135
0.021195 -0.166188 0.725637 151 146 132
0.020129 -0.163612 0.723050 152 147 133
0.019074 -0.161023 0.720466 152 147 133
0.018117 -0.158335 0.717909 154 149 135
0.017155 -0.155649 0.715348 158 153 141
0.016114 -0.153041 0.712765 160 158 145
0.015109 -0.150394 0.710190 166 164 151
0.014149 -0.147699 0.707626 171 169 156
0.013110 -0.145083 0.705039 175 173 160
0.012161 -0.142371 0.702475 178 176 163
0.011255 -0.139612 0.699920 176 174 162
0.010335 -0.136863 0.697359 173 171 157
0.009529 -0.133988 0.694823 169 164 150
0.008827 -0.130996 0.692310 165 160 145
0.008117 -0.128005 0.689790 173 168 151
0.007463 -0.124947 0.687279 182 176 157
0.006906 -0.121774 0.684785 184 179 159
0.006336 -0.118605 0.682282 193 187 163
0.005669 -0.115537 0.679753 184 178 159
0.004873 -0.112605 0.677192 164 159 142
0.003972 -0.109789 0.674605 147 141 125
0.002975 -0.107078 0.671997 154 149 131
0.002218 -0.104088 0.669435 158 153 135
0.001459 -0.101093 0.666868 166 161 144
0.000896 -0.097865 0.664333 176 171 154
0.000598 -0.094314 0.661840 152 147 135
0.000849 -0.090099 0.659435 36 37 35
0.001851 -0.084966 0.657143 28 32 35
0.003413 -0.079127 0.654922 38 36 33
0.005346 -0.072794 0.652731 40 39 36
0.007296 -0.066388 0.650512 56 56 51
0.009896 -0.059134 0.648357 60 59 53
0.012548 -0.051754 0.646169 115 113 106
0.015200 -0.044309 0.643942 58 57 51
0.017764 -0.036909 0.641662 86 88 81
0.020396 -0.029358 0.639351 75 75 68
0.023411 -0.021258 0.637046 50 49 46
0.027952 -0.011138 0.634876 49 47 46
0.094241 -0.203533 0.821958 150 112 96
0.084049 -0.208020 0.815338 164 128 117
0.077918 -0.209338 0.810497 73 61 57
0.073913 -0.208986 0.806581 77 77 72
0.070610 -0.208094 0.802977 80 79 72
0.067264 -0.207264 0.799372 78 78 70
0.064109 -0.206304 0.795862 48 49 41
0.061222 -0.205143 0.792475 131 136 125
0.058251 -0.204077 0.789069 95 97 97
0.055220 -0.203085 0.785654 83 77 67
0.052210 -0.202100 0.782263 101 86 74
0.049274 -0.201075 0.778915 95 76 69
0.046353 -0.200061 0.775588 86 68 68
0.043417 -0.199083 0.772269 71 55 56
0.040624 -0.198003 0.769019 57 44 46
0.037972 -0.196818 0.765834 47 38 38
0.035136 -0.195820 0.762596 38 36 36
0.032647 -0.194531 0.759495 28 28 28
0.030587 -0.192866 0.756559 68 70 65
0.028709 -0.191047 0.753694 173 173 165
0.027024 -0.189058 0.750902 198 195 187
0.025503 -0.186924 0.748170 204 201 191
0.024130 -0.184655 0.745492 212 209 207
0.022963 -0.182194 0.742885 208 201 205
0.021938 -0.179597 0.740324 189 184 183
0.020883 -0.177028 0.737753 176 171 166
0.019727 -0.174556 0.735148 168 162 156
0.018655 -0.172002 0.732571 159 155 142
0.017581 -0.169449 0.729992 155 150 138
0.016498 -0.166903 0.727409 155 150 136
0.015451 -0.164321 0.724838 155 150 136
0.014382 -0.161760 0.722258 156 151 137
0.013353 -0.159157 0.719690 156 153 138
0.012365 -0.156511 0.717133 155 153 138
0.011280 -0.153962 0.714547 160 157 146
0.010209 -0.151399 0.711964 173 170 162
0.009179 -0.148790 0.709392 182 181 175
0.006275 -0.140759 0.701717 192 190 183
0.005355 -0.138025 0.699168 186 182 174
0.004553 -0.135160 0.696646 173 169 159
0.003905 -0.132122 0.694159 168 163 149
0.003267 -0.129066 0.691669 163 158 144
0.002545 -0.126093 0.689155 164 159 145
0.001835 -0.123102 0.686640 168 163 145
0.001072 -0.120163 0.684108 172 167 146
0.000049 -0.117512 0.681515 185 180 160
-0.001100 -0.115001 0.678894 199 195 170
-0.001767 -0.111939 0.676374 151 144 126
-0.002318 -0.108736 0.673874 154 150 134
-0.002562 -0.105167 0.671430 151 150 136
-0.002541 -0.101272 0.669028 96 93 84
-0.002467 -0.097298 0.666625 39 38 32
-0.002183 -0.093055 0.664249 36 33 33
-0.001340 -0.088120 0.661959 37 35 34
0.000041 -0.082506 0.659744 38 38 36
0.001706 -0.076506 0.657551 42 41 38
0.003377 -0.070452 0.655330 54 54 46
0.005283 -0.064063 0.653117 74 75 64
0.007648 -0.057055 0.650944 132 132 124
0.010098 -0.049882 0.648746 51 51 47
0.012264 -0.043002 0.646468 88 88 81
0.014072 -0.036516 0.644105 90 93 86
0.016609 -0.029053 0.641808 57 59 57
0.019359 -0.021255 0.639498 56 53 50
0.023055 -0.012171 0.637262 51 44 45
0.102355 -0.193328 0.829339 155 112 96
0.084402 -0.204078 0.819270 155 107 88
0.075917 -0.207326 0.813378 151 117 107
0.071636 -0.207213 0.809323 80 70 67
0.067288 -0.207196 0.805264 80 78 71
0.064253 -0.206124 0.801776 83 83 77
0.061069 -0.205202 0.798241 81 83 75
0.058271 -0.203979 0.794880 71 74 65
0.055766 -0.202526 0.791650 71 70 63
0.052868 -0.201430 0.788275 139 133 126
0.049927 -0.200395 0.784896 108 111 100
0.047233 -0.199167 0.781629 89 86 79
0.044549 -0.197950 0.778378 95 84 84
0.041896 -0.196728 0.775152 87 73 74
0.039265 -0.195506 0.771947 80 63 57
0.036633 -0.194304 0.768754 73 55 51
0.033997 -0.193126 0.765571 61 47 43
0.031379 -0.191953 0.762409 53 46 45
0.028917 -0.190655 0.759315 48 44 43
0.026701 -0.189148 0.756320 42 40 39
0.024633 -0.187517 0.753386 41 38 38
0.022777 -0.185699 0.750534 58 57 54
0.021148 -0.183675 0.747767 95 96 90
0.019741 -0.181446 0.745078 159 155 157
0.018529 -0.179032 0.742458 205 203 204
0.017305 -0.176632 0.739834 228 224 229
0.015938 -0.174372 0.737165 233 232 230
0.014468 -0.172217 0.734464 196 193 181
0.013209 -0.169858 0.731833 165 161 146
0.011896 -0.167553 0.729187 160 156 142
0.010806 -0.165028 0.726611 160 155 141
0.009714 -0.162503 0.724034 160 156 142
0.008701 -0.159898 0.721480 164 162 147
0.007742 -0.157234 0.718940 189 189 177
0.006739 -0.154614 0.716387 220 217 218
0.005745 -0.151983 0.713835 243 236 242
0.004776 -0.149322 0.711288 253 251 254
0.003819 -0.146647 0.708743 254 253 253
0.002901 -0.143927 0.706208 254 253 255
0.001959 -0.141230 0.703663 254 251 254
0.000974 -0.138577 0.701106 253 250 253
0.000079 -0.135823 0.698570 235 232 234
-0.000669 -0.132903 0.696069 178 179 165
-0.001653 -0.130239 0.693506 165 164 149
-0.002609 -0.127542 0.690948 163 157 142
-0.003280 -0.124521 0.688456 157 148 121
-0.003928 -0.121467 0.685965 125 118 93
-0.004565 -0.118393 0.683472 129 118 100
-0.005121 -0.115218 0.680991 99 98 83
-0.005356 -0.111663 0.678575 63 62 55
-0.005473 -0.107955 0.676175 27 35 32
-0.005342 -0.103942 0.673815 30 36 32
-0.004922 -0.099567 0.671502 35 35 33
-0.004492 -0.095154 0.669175 36 35 34
-0.004029 -0.090677 0.666838 39 37 37
-0.003157 -0.085680 0.664561 40 39 37
-0.001830 -0.080098 0.662346 40 39 38
-0.000258 -0.074177 0.660149 70 67 61
0.001436 -0.068060 0.657945 86 85 75
0.003206 -0.061800 0.655723 123 125 117
0.005201 -0.055211 0.653507 49 48 42
0.007028 -0.048777 0.651231 87 90 85
0.008839 -0.042313 0.648921 91 91 84
0.010687 -0.035749 0.646584 67 66 58
0.013094 -0.028418 0.644293 61 60 55
0.015954 -0.020440 0.642024 60 54 51
0.122184 -0.177413 0.844448 159 111 99
0.106995 -0.185789 0.835335 159 111 97
0.090331 -0.195547 0.825687 155 107 90
0.076396 -0.203263 0.817347 154 108 91
0.069801 -0.205066 0.812263 125 94 88
0.065239 -0.205241 0.808087 111 96 97
0.061185 -0.205033 0.804154 77 76 69
0.058303 -0.203870 0.800733 86 87 78
0.055274 -0.202854 0.797265 87 89 80
0.052573 -0.201581 0.793946 90 92 84
0.049889 -0.200314 0.790647 70 72 63
0.047270 -0.199010 0.787387 77 79 70
0.044754 -0.197634 0.784179 129 134 125
0.042315 -0.196209 0.781013 109 112 104
0.039963 -0.194722 0.777892 93 84 81
0.037596 -0.193266 0.774775 103 84 82
0.035165 -0.191885 0.771643 101 78 77
0.032749 -0.190508 0.768528 88 71 68
0.030252 -0.189222 0.765394 77 61 58
0.027832 -0.187884 0.762300 74 57 55
0.025545 -0.186439 0.759265 65 54 55
0.023325 -0.184948 0.756264 58 51 52
0.021303 -0.183282 0.753342 54 52 52
0.019358 -0.181556 0.750455 49 48 49
0.017535 -0.179724 0.747617 61 57 59
0.015997 -0.177624 0.744882 64 62 59
0.014491 -0.175499 0.742162 58 57 58
0.012982 -0.173381 0.739444 57 57 57
0.011422 -0.171320 0.736713 74 72 70
0.009941 -0.169186 0.734011 98 97 92
0.008483 -0.167034 0.731319 119 118 109
0.007191 -0.164719 0.728683 135 132 122
0.006072 -0.162228 0.726102 151 147 137
0.005096 -0.159589 0.723564 157 153 142
0.003982 -0.157092 0.720983 160 158 146
0.002796 -0.154670 0.718381 164 162 152
0.001882 -0.151962 0.715859 164 161 156
0.000963 -0.149256 0.713333 178 173 171
-0.000014 -0.146608 0.710788 181 176 175
-0.000829 -0.143785 0.708288 179 174 173
-0.001717 -0.141034 0.705764 173 168 168
-0.002719 -0.138406 0.703207 160 153 153
-0.003695 -0.135746 0.700656 146 144 135
-0.004436 -0.132823 0.698164 137 135 119
-0.005226 -0.129949 0.695656 122 122 108
-0.005960 -0.127006 0.693159 93 85 73
-0.006415 -0.123743 0.690725 67 61 51
-0.006821 -0.120411 0.688297 43 41 39
-0.006966 -0.116768 0.685922 33 35 34
-0.007308 -0.113338 0.683493 36 37 35
-0.007181 -0.109348 0.681160 38 37 36
-0.007318 -0.105647 0.678757 31 33 34
-0.007050 -0.101453 0.676431 33 35 34
-0.006491 -0.096889 0.674150 37 36 35
-0.005911 -0.092272 0.671857 39 37 35
-0.005370 -0.087673 0.669539 41 38 38
-0.004560 -0.082720 0.667255 51 48 47
-0.003328 -0.077218 0.665030 80 77 72
-0.002069 -0.071643 0.662786 108 105 96
-0.000724 -0.065920 0.660532 97 96 88
0.000684 -0.060076 0.658262 67 66 58
0.002173 -0.054086 0.655978 96 94 86
0.003622 -0.048100 0.653660 99 95 89
0.005363 -0.041698 0.651360 77 74 71
0.007351 -0.034928 0.649065 70 67 63
0.009577 -0.027795 0.646772 61 60 55
0.013132 -0.018877 0.644629 48 47 42
0.121758 -0.173831 0.848381 151 110 102
0.107802 -0.181275 0.839716 157 111 96
0.093818 -0.188906 0.831140 156 108 90
0.080975 -0.195759 0.823168 153 107 89
0.071471 -0.199977 0.816747 158 111 95
0.064175 -0.202447 0.811348 96 72 74
0.059542 -0.202737 0.807139 146 122 125
0.055489 -0.202578 0.803205 78 74 69
0.052229 -0.201774 0.799627 86 87 79
0.049727 -0.200340 0.796382 91 93 84
0.047160 -0.198980 0.793121 89 94 85
0.044677 -0.197565 0.789906 90 93 84
0.042324 -0.196053 0.786754 74 76 68
0.039950 -0.194575 0.783604 67 67 58
0.037629 -0.193067 0.780485 126 129 119
0.035361 -0.191526 0.777396 120 123 115
0.033105 -0.189990 0.774321 87 87 82
0.030898 -0.188424 0.771275 94 87 84
0.028619 -0.186939 0.768210 100 87 85
0.026433 -0.185382 0.765190 94 76 74
0.024336 -0.183758 0.762212 84 70 67
0.022162 -0.182218 0.759213 74 61 61
0.020161 -0.180529 0.756286 80 67 68
0.018317 -0.178699 0.753423 73 61 61
0.016559 -0.176797 0.750596 71 60 61
0.014803 -0.174900 0.747775 63 55 55
0.013070 -0.172991 0.744967 60 54 55
0.011496 -0.170931 0.742219 52 49 50
0.009882 -0.168919 0.739461 47 44 46
0.008259 -0.166923 0.736704 43 41 43
0.006749 -0.164818 0.733989 38 36 34
0.005412 -0.162541 0.731333 37 36 33
0.004265 -0.160073 0.728738 41 37 35
0.003050 -0.157674 0.726123 53 50 48
0.001686 -0.155434 0.723462 36 36 34
0.000371 -0.153145 0.720819 47 46 45
-0.000759 -0.150662 0.718232 56 54 52
-0.001712 -0.147990 0.715697 62 59 60
-0.002647 -0.145295 0.713165 65 61 62
-0.003543 -0.142555 0.710643 62 59 59
-0.004466 -0.139841 0.708111 62 59 57
-0.005403 -0.137140 0.705573 57 53 54
-0.006246 -0.134330 0.703059 50 48 48
-0.006830 -0.131227 0.700610 44 46 40
-0.007350 -0.128043 0.698173 40 41 40
-0.007779 -0.124748 0.695752 36 37 35
-0.008106 -0.121323 0.693351 39 38 37
-0.008378 -0.117823 0.690954 35 37 39
-0.008519 -0.114157 0.688581 33 35 34
-0.008558 -0.110356 0.686222 36 35 34
-0.008417 -0.106326 0.683893 33 33 32
-0.008229 -0.102219 0.681562 33 33 33
-0.008048 -0.098099 0.679216 37 36 37
-0.007652 -0.093699 0.676902 38 35 34
-0.007162 -0.089160 0.674593 54 50 46
-0.006882 -0.084848 0.672223 83 82 74
-0.006206 -0.080027 0.669919 101 96 86
-0.005124 -0.074676 0.667674 129 126 119
-0.004074 -0.069327 0.665399 51 49 42
-0.003041 -0.063961 0.663098 86 85 76
-0.001910 -0.058433 0.660792 99 99 91
-0.000969 -0.053107 0.658428 93 93 85
0.000295 -0.047332 0.656097 83 80 74
0.001759 -0.041257 0.653771 77 72 70
0.002984 -0.035444 0.651380 68 63 61
0.005715 -0.027631 0.649192 54 50 47
0.121138 -0.170371 0.852264 144 111 104
0.107439 -0.177670 0.843619 156 111 96
0.094725 -0.184316 0.835517 155 110 91
0.083536 -0.189839 0.828190 153 109 89
0.074238 -0.193903 0.821781 151 105 89
0.066241 -0.196971 0.816009 149 109 98
0.058737 -0.199706 0.810507 97 72 63
0.053622 -0.200469 0.806087 131 110 109
0.049852 -0.200115 0.802273 115 102 98
0.047027 -0.198970 0.798880 91 89 81
0.044480 -0.197602 0.795617 95 94 89
0.042015 -0.196179 0.792400 95 97 88
0.039713 -0.194628 0.789260 93 98 88
0.037396 -0.193107 0.786124 94 99 90
0.035104 -0.191578 0.783007 88 93 84
0.032878 -0.190005 0.779927 60 63 54
0.030710 -0.188393 0.776878 106 108 98
0.028630 -0.186713 0.773872 138 139 131
0.026553 -0.185044 0.770875 119 114 108
0.024609 -0.183262 0.767937 109 99 94
0.022761 -0.181400 0.765042 102 92 87
0.020804 -0.179652 0.762112 97 85 81
0.018961 -0.177806 0.759231 96 82 81
0.017188 -0.175902 0.756382 91 77 75
0.015457 -0.173966 0.753553 83 71 70
0.013675 -0.172087 0.750712 74 61 62
0.011956 -0.170157 0.747898 73 60 58
0.010384 -0.168087 0.745140 64 54 56
0.008796 -0.166039 0.742380 61 53 51
0.007331 -0.163874 0.739666 62 51 53
0.005892 -0.161686 0.736964 55 45 45
0.004476 -0.159479 0.734271 51 43 43
0.003225 -0.157105 0.731635 49 41 41
0.002035 -0.154668 0.729019 49 42 41
0.000772 -0.152309 0.726381 47 40 41
-0.000524 -0.149988 0.723733 47 41 41
-0.001741 -0.147584 0.721111 47 41 41
-0.002790 -0.145000 0.718540 51 45 46
-0.003758 -0.142327 0.715993 49 43 44
-0.004779 -0.139709 0.713428 45 40 41
-0.005673 -0.136949 0.710898 45 44 43
-0.006535 -0.134151 0.708375 43 42 41
-0.007267 -0.131202 0.705886 43 40 40
-0.007806 -0.128029 0.703444 40 39 39
-0.008272 -0.124765 0.701017 38 37 38
-0.008717 -0.121465 0.698588 36 37 35
-0.009029 -0.118002 0.696186 38 37 36
-0.009236 -0.114403 0.693803 38 36 37
-0.009347 -0.110678 0.691434 38 37 34
-0.009425 -0.106896 0.689063 35 34 33
-0.009395 -0.102969 0.686707 36 38 35
-0.009232 -0.098864 0.684369 53 55 48
-0.009115 -0.094792 0.682008 68 68 55
-0.009026 -0.090734 0.679628 107 104 94
-0.008758 -0.086435 0.677274 117 113 100
-0.008623 -0.082277 0.674876 122 122 110
-0.007955 -0.077439 0.672576 64 65 54
-0.007105 -0.072344 0.670293 80 80 74
-0.006435 -0.067440 0.667953 101 101 93
-0.005878 -0.062645 0.665573 98 99 91
-0.005150 -0.057604 0.663207 94 94 86
-0.004498 -0.052627 0.660806 87 85 78
-0.003432 -0.047086 0.658458 80 77 72
-0.002274 -0.041385 0.656102 74 69 67
-0.001173 -0.035719 0.653711 60 53 51
0.002110 -0.027150 0.651641 90 97 94
0.120512 -0.166883 0.856178 147 113 107
0.106892 -0.174183 0.847473 158 113 96
0.094712 -0.180442 0.839527 156 113 92
0.084836 -0.184907 0.832715 152 108 89
0.076548 -0.188139 0.826688 151 107 90
0.068971 -0.190859 0.821035 148 107 91
0.061412 -0.193647 0.815442 151 107 89
0.054195 -0.196226 0.810051 142 101 88
0.048257 -0.197765 0.805264 78 54 53
0.044566 -0.197387 0.801483 140 117 115
0.041562 -0.196433 0.798014 100 95 91
0.039152 -0.194970 0.794811 91 91 85
0.036830 -0.193446 0.791656 98 99 91
0.034640 -0.191817 0.788565 100 101 93
0.032537 -0.190124 0.785517 102 103 95
0.030396 -0.188478 0.782462 101 105 96
0.028283 -0.186820 0.779427 102 104 97
0.026233 -0.185116 0.776426 95 97 90
0.024181 -0.183427 0.773430 70 71 63
0.022261 -0.181625 0.770494 104 103 96
0.020441 -0.179739 0.767603 143 138 134
0.018628 -0.177855 0.764720 145 139 130
0.016977 -0.175822 0.761904 129 122 116
0.015398 -0.173726 0.759119 114 105 99
0.013829 -0.171628 0.756341 107 100 92
0.012181 -0.169613 0.753538 108 98 94
0.010629 -0.167509 0.750775 96 84 82
0.009164 -0.165324 0.748045 84 71 72
0.007668 -0.163176 0.745307 80 66 66
0.006228 -0.160975 0.742592 71 60 60
0.004811 -0.158754 0.739888 71 60 58
0.003388 -0.156544 0.737184 71 59 58
0.002114 -0.154182 0.734531 68 57 57
0.000938 -0.151718 0.731912 62 52 52
-0.000274 -0.149294 0.729281 53 44 43
-0.001413 -0.146792 0.726674 51 43 42
-0.002629 -0.144374 0.724043 49 42 41
-0.003633 -0.141726 0.721478 49 43 41
-0.004670 -0.139112 0.718902 50 45 41
-0.005857 -0.136661 0.716280 48 43 42
-0.006777 -0.133915 0.713736 46 42 41
-0.007616 -0.131074 0.711214 44 43 41
-0.008317 -0.128074 0.708727 43 41 39
-0.008935 -0.124972 0.706260 39 38 37
-0.009436 -0.121728 0.703819 38 37 36
-0.009881 -0.118409 0.701387 38 36 35
-0.010226 -0.114963 0.698975 40 38 37
-0.010458 -0.111372 0.696583 47 45 44
-0.010567 -0.107621 0.694214 57 55 53
-0.010829 -0.104034 0.691796 86 79 77
-0.010955 -0.100270 0.689403 107 106 97
-0.010956 -0.096339 0.687028 119 119 110
-0.010987 -0.092425 0.684635 124 124 112
-0.010756 -0.088173 0.682291 111 110 96
-0.010528 -0.083902 0.679931 65 65 56
-0.010377 -0.079700 0.677540 96 97 86
-0.010059 -0.075269 0.675172 107 109 98
-0.009543 -0.070565 0.672828 106 106 97
-0.009237 -0.066097 0.670425 98 99 89
-0.008999 -0.061688 0.667993 95 94 86
-0.008425 -0.056826 0.665610 90 88 80
-0.007863 -0.051948 0.663206 83 82 74
-0.007460 -0.047245 0.660755 80 77 72
-0.006216 -0.041419 0.658435 67 60 57
-0.004320 -0.034692 0.656199 104 92 89
0.120349 -0.162977 0.860348 146 112 107
0.106676 -0.170383 0.851520 157 112 94
0.094384 -0.176791 0.843433 155 111 92
0.084374 -0.181411 0.836488 152 108 89
0.076913 -0.183967 0.830779 151 107 89
0.070032 -0.186107 0.825384 150 106 89
0.063254 -0.188234 0.820081 152 106 89
0.056251 -0.190635 0.814723 154 107 85
0.049134 -0.193215 0.809363 159 118 98
0.043194 -0.194830 0.804566 78 51 43
0.039399 -0.194588 0.800736 86 64 59
0.036538 -0.193537 0.797329 131 121 112
0.034261 -0.191978 0.794184 100 99 92
0.032115 -0.190315 0.791103 96 97 90
0.030014 -0.188625 0.788048 104 105 97
0.027818 -0.187035 0.784963 105 107 99
0.025676 -0.185410 0.781909 108 109 100
0.023618 -0.183719 0.778897 109 111 102
0.021614 -0.181990 0.775914 108 112 102
0.019757 -0.180132 0.772996 110 111 103
0.017974 -0.178212 0.770113 105 105 98
0.016260 -0.176234 0.767263 86 89 80
0.014614 -0.174198 0.764443 103 101 94
0.013022 -0.172116 0.761648 159 158 148
0.011550 -0.169920 0.758902 182 178 172
0.010029 -0.167778 0.756140 166 163 156
0.008564 -0.165586 0.753402 151 147 139
0.007164 -0.163332 0.750691 143 132 128
0.005736 -0.161110 0.747972 120 113 107
0.004325 -0.158875 0.745261 97 94 87
0.002955 -0.156602 0.742566 98 89 85
0.001565 -0.154352 0.739868 104 92 88
0.000335 -0.151938 0.737225 95 85 82
-0.000879 -0.149507 0.734588 80 71 68
-0.002132 -0.147120 0.731939 86 76 72
-0.003361 -0.144708 0.729299 77 67 64
-0.004582 -0.142289 0.726662 75 66 62
-0.005616 -0.139667 0.724085 70 63 57
-0.006620 -0.137009 0.721516 70 63 59
-0.007650 -0.134378 0.718937 75 69 65
-0.008619 -0.131678 0.716376 74 66 62
-0.009528 -0.128906 0.713830 80 76 70
-0.010277 -0.125949 0.711329 86 83 72
-0.010971 -0.122923 0.708839 86 84 77
-0.011495 -0.119693 0.706393 101 99 92
-0.011948 -0.116372 0.703960 116 111 106
-0.012239 -0.112848 0.701564 128 122 115
-0.012525 -0.109305 0.699160 135 128 121
-0.012823 -0.105763 0.696745 124 122 114
-0.013031 -0.102098 0.694344 125 121 112
-0.013061 -0.098203 0.691978 99 100 89
-0.013065 -0.094260 0.689607 74 75 66
-0.013220 -0.090479 0.687189 99 98 89
-0.013050 -0.086284 0.684836 114 114 105
-0.012895 -0.082083 0.682466 110 110 101
-0.012923 -0.078087 0.680041 108 109 100
-0.012854 -0.073951 0.677626 103 104 93
-0.012687 -0.069668 0.675219 99 100 89
-0.012571 -0.065428 0.672787 96 96 87
-0.012441 -0.061147 0.670344 91 91 82
-0.011990 -0.056429 0.667951 86 85 77
-0.011711 -0.051906 0.665508 77 76 68
-0.010553 -0.046208 0.663213 71 65 59
-0.008566 -0.039381 0.661045 139 110 101
0.120478 -0.158785 0.864702 147 112 106
0.105439 -0.167404 0.855121 156 112 93
0.093126 -0.173893 0.846939 155 112 91
0.083595 -0.178150 0.840149 152 109 88
0.076874 -0.180096 0.834731 151 107 90
0.070316 -0.181975 0.829432 150 106 88
0.064527 -0.183252 0.824528 151 106 87
0.057792 -0.185428 0.819233 152 107 85
0.051087 -0.187654 0.813997 153 108 86
0.044354 -0.189981 0.808795 152 110 87
0.038521 -0.191571 0.804034 141 102 86
0.034892 -0.191219 0.800272 56 34 28
0.031757 -0.190448 0.796743 80 64 64
0.029190 -0.189179 0.793474 125 115 115
0.027234 -0.187361 0.790475 118 105 102
0.025150 -0.185673 0.787430 97 94 87
0.023096 -0.183971 0.784404 108 109 100
0.021056 -0.182269 0.781392 113 114 104
0.019067 -0.180531 0.778408 114 116 106
0.017220 -0.178666 0.775488 113 116 107
0.015407 -0.176779 0.772588 116 117 110
0.013674 -0.174823 0.769725 115 119 112
0.012020 -0.172796 0.766898 118 120 113
0.010389 -0.170755 0.764085 119 121 113
0.008830 -0.168649 0.761302 114 113 108
0.007302 -0.166517 0.758535 101 100 92
0.005821 -0.164343 0.755789 99 98 92
0.004454 -0.162056 0.753088 108 105 103
0.003094 -0.159766 0.750391 129 129 123
0.001752 -0.157460 0.747702 134 135 125
0.000425 -0.155142 0.745021 141 140 133
-0.000976 -0.152905 0.742315 136 134 126
-0.002220 -0.150503 0.739666 134 132 124
-0.003492 -0.148134 0.737008 143 140 135
-0.004745 -0.145747 0.734357 157 154 147
-0.006009 -0.143373 0.731705 163 160 154
-0.007319 -0.141051 0.729038 162 160 152
-0.008348 -0.138422 0.726463 164 163 155
-0.009206 -0.135601 0.723940 166 163 156
-0.010136 -0.132855 0.721392 167 163 156
-0.011070 -0.130110 0.718842 166 165 157
-0.011962 -0.127315 0.716301 171 166 157
-0.012695 -0.124333 0.713806 154 149 136
-0.013319 -0.121219 0.711338 138 134 127
-0.013728 -0.117846 0.708926 131 131 121
-0.014199 -0.114534 0.706490 114 114 108
-0.014543 -0.111061 0.704082 104 104 98
-0.014879 -0.107566 0.701669 90 91 84
-0.015081 -0.103896 0.699283 104 106 96
-0.015305 -0.100237 0.696881 122 122 115
-0.015329 -0.096320 0.694522 123 123 114
-0.015422 -0.092467 0.692134 119 119 111
-0.015747 -0.088882 0.689677 116 117 107
-0.015800 -0.084946 0.687278 110 111 102
-0.015789 -0.080911 0.684882 107 109 100
-0.015966 -0.077091 0.682431 103 103 94
-0.015985 -0.073055 0.680005 99 99 90
-0.015949 -0.068927 0.677579 97 98 86
-0.015880 -0.064738 0.675148 94 94 85
-0.016177 -0.060996 0.672626 88 87 79
-0.015661 -0.056184 0.670262 68 67 59
-0.014596 -0.050626 0.667989 89 85 78
-0.012112 -0.043158 0.665967 144 123 117
0.120079 -0.154993 0.868846 149 111 103
0.104489 -0.164155 0.858889 157 111 93
0.092362 -0.170546 0.850708 154 111 90
0.083516 -0.174254 0.844175 152 108 89
0.076642 -0.176352 0.838634 151 107 88
0.070418 -0.177956 0.833442 151 106 88
0.064415 -0.179433 0.828393 152 106 88
0.058980 -0.180472 0.823644 152 107 85
0.053219 -0.181862 0.818782 153 108 86
0.047202 -0.183545 0.813842 153 108 86
0.041147 -0.185332 0.808925 152 107 85
0.035406 -0.186900 0.804187 159 111 88
0.031123 -0.187181 0.800128 117 87 76
0.027666 -0.186737 0.796453 40 26 25
0.024925 -0.185653 0.793105 68 50 49
0.022758 -0.184049 0.790015 122 101 100
0.020698 -0.182356 0.786979 128 110 106
0.018616 -0.180698 0.783942 110 106 99
0.016652 -0.178939 0.780961 107 108 99
0.014774 -0.177107 0.778022 117 119 110
0.012963 -0.175220 0.775116 120 123 115
0.011198 -0.173298 0.772235 121 123 117
0.009513 -0.171304 0.769391 124 123 116
0.007849 -0.169299 0.766559 124 123 115
0.006229 -0.167255 0.763750 126 125 118
0.004662 -0.165165 0.760964 128 129 119
0.003170 -0.163004 0.758211 128 130 118
0.001753 -0.160770 0.755489 128 128 121
0.000357 -0.158519 0.752777 130 131 124
-0.000961 -0.156189 0.750095 136 137 128
-0.002257 -0.153839 0.747423 134 135 126
-0.003645 -0.151589 0.744720 131 130 122
-0.004914 -0.149215 0.742061 126 126 119
-0.006129 -0.146785 0.739422 124 123 119
-0.007437 -0.144457 0.736751 125 125 120
-0.008756 -0.142144 0.734078 125 125 119
-0.009959 -0.139705 0.731446 129 128 121
-0.010878 -0.136952 0.728907 134 133 125
-0.011662 -0.134042 0.726409 142 141 133
-0.012479 -0.131165 0.723897 144 143 135
-0.013245 -0.128224 0.721398 145 144 136
-0.014059 -0.125331 0.718881 148 147 141
-0.014796 -0.122345 0.716383 152 151 144
-0.015333 -0.119119 0.713942 160 160 154
-0.015791 -0.115790 0.711517 160 159 152
-0.016297 -0.112507 0.709072 151 150 142
-0.016730 -0.109127 0.706641 150 149 141
-0.017049 -0.105598 0.704234 139 138 130
-0.017424 -0.102121 0.701805 133 134 126
-0.017867 -0.098715 0.699349 124 122 115
-0.018050 -0.094978 0.696954 118 118 109
-0.018212 -0.091200 0.694554 113 113 103
-0.018510 -0.087572 0.692110 110 110 101
-0.018641 -0.083722 0.689699 106 108 99
-0.018774 -0.079855 0.687276 103 104 94
-0.019018 -0.076110 0.684816 101 101 92
-0.019066 -0.072100 0.682392 96 96 87
-0.019038 -0.067973 0.679974 91 91 82
-0.019175 -0.064037 0.677506 77 76 68
-0.018741 -0.059340 0.675151 101 99 90
-0.017477 -0.053529 0.672954 138 131 120
-0.014502 -0.045417 0.671083 131 112 96
-0.009184 -0.034122 0.669637 155 128 113
0.119692 -0.151151 0.873037 151 108 98
0.103716 -0.160724 0.862775 158 110 92
0.091875 -0.166927 0.854646 153 111 90
0.082981 -0.170713 0.848024 153 110 89
0.076102 -0.172837 0.842429 153 107 89
0.070045 -0.174312 0.837271 153 107 87
0.064388 -0.175497 0.832340 155 108 88
0.058942 -0.176556 0.827544 153 108 86
0.053796 -0.177402 0.822921 153 108 86
0.049137 -0.177859 0.818554 153 108 86
0.044363 -0.178470 0.814163 153 108 86
0.038596 -0.180052 0.809356 152 107 85
0.033000 -0.181539 0.804663 151 108 88
0.028167 -0.182373 0.800344 158 116 98
0.024339 -0.182306 0.796496 120 90 78
0.021228 -0.181594 0.792980 55 36 32
0.018450 -0.180590 0.789625 36 20 17
0.016092 -0.179202 0.786461 90 79 77
0.014158 -0.177418 0.783485 132 116 113
0.012459 -0.175414 0.780615 140 123 120
0.010633 -0.173543 0.777696 124 115 110
0.008808 -0.171683 0.774784 121 122 113
0.007029 -0.169785 0.771896 129 128 120
0.005373 -0.167772 0.769063 136 135 127
0.003793 -0.165690 0.766264 135 134 126
0.002165 -0.163663 0.763451 133 131 124
0.000597 -0.161581 0.760665 130 132 124
-0.000886 -0.159418 0.757914 132 131 123
-0.002308 -0.157194 0.755190 131 132 124
-0.003665 -0.154907 0.752493 132 133 126
-0.005000 -0.152599 0.749805 134 135 127
-0.006337 -0.150297 0.747119 134 135 127
-0.007591 -0.147907 0.744464 135 136 127
-0.008770 -0.145438 0.741836 139 141 132
-0.010008 -0.143033 0.739188 144 143 135
-0.011185 -0.140563 0.736562 147 146 138
-0.012205 -0.137918 0.733989 151 150 142
-0.013060 -0.135085 0.731471 160 159 151
-0.013890 -0.132220 0.728957 158 157 149
-0.014630 -0.129247 0.726470 160 159 151
-0.015316 -0.126206 0.723996 160 159 151
-0.016119 -0.123292 0.721481 159 158 150
-0.016886 -0.120331 0.718974 155 154 146
-0.017471 -0.117150 0.716518 150 149 141
-0.017990 -0.113881 0.714077 144 143 135
-0.018526 -0.110622 0.711625 142 141 132
-0.018982 -0.107257 0.709189 136 135 127
-0.019423 -0.103862 0.706751 129 129 120
-0.019920 -0.100523 0.704290 124 124 117
-0.020406 -0.097159 0.701825 118 118 108
-0.020705 -0.093554 0.699404 114 114 105
-0.020986 -0.089910 0.696980 111 111 102
-0.021314 -0.086311 0.694533 107 107 98
-0.021544 -0.082574 0.692104 104 105 96
-0.021774 -0.078820 0.689664 97 99 90
-0.022095 -0.075166 0.687192 83 82 74
-0.022028 -0.070998 0.684805 84 85 78
-0.021891 -0.066719 0.682420 125 123 115
-0.021064 -0.061516 0.680180 144 136 130
-0.019299 -0.055049 0.678128 124 111 97
-0.015891 -0.046359 0.676402 169 142 124
-0.010025 -0.034320 0.675149 166 141 122
0.119429 -0.147164 0.877332 155 106 94
0.103071 -0.157147 0.866761 159 109 92
0.091314 -0.163335 0.858586 154 109 89
0.082430 -0.167149 0.851903 153 109 89
0.075620 -0.169235 0.846290 152 106 88
0.069583 -0.170709 0.841096 154 107 87
0.064061 -0.171788 0.836186 154 107 87
0.058723 -0.172760 0.831400 153 107 85
0.053635 -0.173563 0.826764 152 107 85
0.048935 -0.174063 0.822341 153 108 86
0.044584 -0.174291 0.818108 152 107 85
0.040698 -0.174128 0.814114 152 107 87
0.036529 -0.174271 0.810015 152 109 88
0.032251 -0.174559 0.805892 152 109 88
0.026702 -0.176108 0.801229 152 109 88
0.022123 -0.176785 0.797032 156 113 93
0.018433 -0.176651 0.793251 143 103 90
0.015512 -0.175802 0.789823 84 59 58
0.012971 -0.174605 0.786573 31 20 20
0.010813 -0.173048 0.783497 38 29 25
0.008627 -0.171535 0.780418 91 77 74
0.006569 -0.169909 0.777401 131 114 113
0.004639 -0.168166 0.774445 148 129 125
0.002830 -0.166311 0.771544 135 124 118
0.001248 -0.164232 0.768740 132 123 120
-0.000305 -0.162129 0.765952 134 129 124
-0.001883 -0.160059 0.763158 134 134 126
-0.003413 -0.157945 0.760385 139 140 131
-0.004861 -0.155750 0.757648 136 137 130
-0.006237 -0.153483 0.754941 133 134 127
-0.007623 -0.151230 0.752232 132 133 126
-0.008951 -0.148918 0.749547 132 133 126
-0.010181 -0.146503 0.746899 134 136 129
-0.011325 -0.143993 0.744283 140 141 132
-0.012533 -0.141554 0.741644 142 141 133
-0.013664 -0.139031 0.739033 144 143 135
-0.014645 -0.136338 0.736473 147 146 138
-0.015542 -0.133549 0.733940 151 150 142
-0.016351 -0.130654 0.731435 149 148 140
-0.017067 -0.127648 0.728957 151 150 142
-0.017745 -0.124590 0.726487 151 150 142
-0.018504 -0.121619 0.723987 150 149 141
-0.019269 -0.118648 0.721481 149 148 140
-0.019917 -0.115532 0.719008 143 142 134
-0.020511 -0.112344 0.716546 141 140 132
-0.021091 -0.109129 0.714084 136 135 127
-0.021529 -0.105733 0.711657 130 128 121
-0.021992 -0.102356 0.709216 123 123 115
-0.022533 -0.099062 0.706746 119 119 111
-0.023040 -0.095716 0.704279 114 115 106
-0.023462 -0.092253 0.701829 111 111 102
-0.023859 -0.088744 0.699379 100 101 91
-0.024288 -0.085264 0.696912 89 88 80
-0.024521 -0.081523 0.694488 95 94 85
-0.024578 -0.077539 0.692100 121 120 112
-0.024730 -0.073657 0.689677 148 148 139
-0.024274 -0.068972 0.687392 125 122 117
-0.023210 -0.063463 0.685236 107 91 84
-0.020800 -0.056147 0.683374 158 129 111
-0.017150 -0.047128 0.681758 181 147 125
-0.010471 -0.033988 0.680771 179 150 132
-0.003326 -0.020079 0.679802 185 156 140
0.003230 -0.006811 0.678616 186 169 155
0.119163 -0.143136 0.881671 156 106 92
0.102252 -0.153687 0.870697 160 108 92
0.090304 -0.160101 0.862338 155 107 89
0.081685 -0.163720 0.855723 153 106 88
0.074980 -0.165736 0.850111 152 106 87
0.068988 -0.167188 0.844893 154 106 88
0.063569 -0.168188 0.839992 154 107 87
0.058309 -0.169101 0.835202 154 107 85
0.053242 -0.169895 0.830538 153 107 85
0.048608 -0.170342 0.826110 152 107 85
0.044358 -0.170480 0.821890 152 107 85
0.040328 -0.170454 0.817798 152 108 87
0.036758 -0.170033 0.813942 153 110 89
0.032870 -0.169950 0.809960 153 110 87
0.028963 -0.169925 0.805993 154 109 87
0.024624 -0.170359 0.801856 153 109 87
0.020062 -0.171058 0.797647 152 107 87
0.015918 -0.171395 0.793651 153 108 88
0.012577 -0.170979 0.790029 157 114 96
0.009877 -0.169955 0.786702 130 92 77
0.007423 -0.168706 0.783494 80 59 47
0.005193 -0.167249 0.780390 35 22 22
0.003144 -0.165623 0.777372 28 18 14
0.001045 -0.164063 0.774341 61 47 44
-0.000913 -0.162370 0.771377 103 85 82
-0.002537 -0.160340 0.768554 134 112 108
-0.004053 -0.158204 0.765779 149 131 126
-0.005648 -0.156158 0.762975 150 133 126
-0.007228 -0.154103 0.760182 136 123 116
-0.008742 -0.151983 0.757418 125 116 111
-0.010211 -0.149820 0.754674 117 114 112
-0.011555 -0.147526 0.751981 112 111 107
-0.012820 -0.145148 0.749319 115 114 110
-0.013991 -0.142668 0.746692 121 121 116
-0.015179 -0.140206 0.744060 125 125 118
-0.016295 -0.137665 0.741453 131 130 122
-0.017283 -0.134978 0.738891 133 132 124
-0.018242 -0.132255 0.736338 134 133 125
-0.019093 -0.129406 0.733820 135 134 127
-0.019850 -0.126441 0.731332 136 135 127
-0.020579 -0.123438 0.728848 136 135 127
-0.021314 -0.120435 0.726359 134 131 124
-0.022086 -0.117470 0.723854 133 130 122
-0.022775 -0.114398 0.721371 129 124 116
-0.023424 -0.111272 0.718897 123 121 112
-0.024043 -0.108099 0.716426 114 108 102
-0.024440 -0.104648 0.714018 106 104 99
-0.024853 -0.101203 0.711598 97 95 86
-0.025407 -0.097919 0.709128 97 94 87
-0.025961 -0.094625 0.706653 100 98 92
-0.026446 -0.091233 0.704191 116 113 105
-0.026927 -0.087826 0.701723 141 138 127
-0.027225 -0.084173 0.699298 140 136 128
-0.027118 -0.079988 0.696973 116 111 105
-0.026750 -0.075443 0.694703 83 76 69
-0.026008 -0.070387 0.692514 103 83 74
-0.024408 -0.064174 0.690521 162 131 115
-0.021689 -0.056442 0.688776 182 147 126
-0.017654 -0.046895 0.687308 181 146 124
-0.012563 -0.035845 0.686035 182 152 132
-0.006875 -0.023878 0.684832 185 157 136
-0.002317 -0.013310 0.683299 189 171 156
-0.000790 -0.006759 0.681035 206 200 186
0.000667 -0.000251 0.678726 204 198 189
0.000345 0.003854 0.676013 206 200 191
0.118893 -0.139069 0.886052 155 104 90
0.101749 -0.149915 0.874830 159 107 91
0.089416 -0.156728 0.866185 157 107 90
0.081006 -0.160198 0.859610 154 106 89
0.074361 -0.162182 0.853979 150 104 86
0.068372 -0.163649 0.848717 153 105 87
0.063042 -0.164581 0.843819 152 106 88
0.057860 -0.165436 0.839027 154 107 85
0.052836 -0.166200 0.834344 154 107 85
0.048189 -0.166667 0.829873 153 108 86
0.043906 -0.166840 0.825605 152 107 85
0.039996 -0.166704 0.821538 152 109 88
0.036210 -0.166489 0.817552 153 110 89
0.032612 -0.166131 0.813675 154 110 88
0.029297 -0.165532 0.809949 155 110 88
0.025796 -0.165148 0.806155 155 110 88
0.022226 -0.164865 0.802351 155 110 88
0.017662 -0.165606 0.798123 154 109 87
0.014024 -0.165471 0.794335 156 108 87
0.010721 -0.165035 0.790714 156 110 88
0.007504 -0.164544 0.787149 155 110 90
0.004978 -0.163377 0.783898 157 116 98
0.002842 -0.161829 0.780825 131 97 81
0.000570 -0.160436 0.777704 100 70 60
-0.001652 -0.159009 0.774613 62 41 37
-0.003687 -0.157401 0.771609 27 17 13
-0.005602 -0.155680 0.768661 28 17 13
-0.007474 -0.153924 0.765737 40 32 25
-0.009190 -0.152011 0.762883 68 57 57
-0.010825 -0.150020 0.760065 96 80 76
-0.012406 -0.147977 0.757272 114 93 98
-0.013854 -0.145795 0.754535 129 110 116
-0.015206 -0.143510 0.751836 138 120 120
-0.016446 -0.141104 0.749182 144 123 126
-0.017719 -0.138737 0.746516 140 124 126
-0.018806 -0.136160 0.743919 139 124 124
-0.019748 -0.133416 0.741374 131 118 116
-0.020809 -0.130808 0.738784 131 119 115
-0.021848 -0.128171 0.736202 128 117 112
-0.022656 -0.125262 0.733699 126 117 114
-0.023492 -0.122381 0.731182 124 115 111
-0.024277 -0.119435 0.728679 125 115 112
-0.024989 -0.116396 0.726197 131 117 111
-0.025632 -0.113264 0.723734 131 116 109
-0.026117 -0.109934 0.721316 133 115 106
-0.026699 -0.106711 0.718861 139 118 113
-0.027075 -0.103226 0.716464 124 107 105
-0.027381 -0.099639 0.714080 117 100 96
-0.027916 -0.096323 0.711619 96 86 79
-0.028437 -0.092978 0.709157 75 72 67
-0.028811 -0.089438 0.706730 63 59 54
-0.028996 -0.085641 0.704349 60 46 40
-0.029007 -0.081606 0.702007 100 77 68
-0.028323 -0.076653 0.699844 145 115 101
-0.026899 -0.070706 0.697862 176 142 124
-0.024871 -0.063923 0.696012 179 142 121
-0.021718 -0.055600 0.694421 179 145 123
-0.018177 -0.046683 0.692883 182 150 127
-0.014448 -0.037427 0.691342 186 153 132
-0.010373 -0.027616 0.689831 185 155 135
-0.007107 -0.018800 0.688072 199 182 170
-0.005642 -0.012356 0.685843 206 201 187
-0.006174 -0.008600 0.683131 206 201 188
-0.005584 -0.003280 0.680661 205 201 191
-0.006040 0.000620 0.677943 205 200 190
-0.007466 0.003177 0.675012 202 198 188
0.118514 -0.135053 0.890423 154 104 89
0.101123 -0.146213 0.878940 158 106 92
0.088699 -0.153169 0.870154 156 106 91
0.080301 -0.156663 0.863522 154 106 88
0.073725 -0.158608 0.857875 150 104 87
0.067842 -0.159996 0.852621 152 105 87
0.062560 -0.160896 0.847706 152 106 88
0.057363 -0.161775 0.842866 151 106 86
0.052312 -0.162576 0.838131 152 107 87
0.047632 -0.163082 0.833608 153 108 88
0.043305 -0.163303 0.829285 152 107 87
0.039389 -0.163176 0.825185 152 109 87
0.035674 -0.162896 0.821204 153 110 89
0.032156 -0.162461 0.817336 156 110 88
0.028823 -0.161879 0.813575 157 110 87
0.025534 -0.161285 0.809852 157 110 88
0.022233 -0.160735 0.806142 158 111 89
0.018457 -0.160692 0.802234 158 111 89
0.015163 -0.160203 0.798565 159 111 89
0.011905 -0.159708 0.794931 160 111 89
0.008897 -0.158990 0.791425 159 112 88
0.005894 -0.158294 0.787938 159 112 89
0.003270 -0.157232 0.784630 159 112 89
0.000803 -0.156029 0.781403 158 111 87
-0.001514 -0.154687 0.778250 160 114 91
-0.003558 -0.153073 0.775222 160 114 97
-0.005585 -0.151456 0.772209 137 98 87
-0.007439 -0.149664 0.769275 112 81 69
-0.009206 -0.147789 0.766383 90 68 55
-0.011154 -0.146123 0.763423 64 43 38
-0.012854 -0.144196 0.760569 46 31 25
-0.014395 -0.142100 0.757782 27 16 16
-0.015895 -0.139965 0.755015 21 10 10
-0.017358 -0.137794 0.752265 26 14 16
-0.018771 -0.135571 0.749537 33 21 20
-0.020015 -0.133160 0.746874 39 26 26
-0.021131 -0.130603 0.744259 50 36 38
-0.022184 -0.127971 0.741666 57 41 43
-0.023277 -0.125385 0.739058 52 42 42
-0.024187 -0.122582 0.736515 52 47 46
-0.025081 -0.119757 0.733974 51 46 45
-0.025750 -0.116658 0.731508 45 42 41
-0.026411 -0.113541 0.729040 45 38 37
-0.027106 -0.110456 0.726556 42 28 28
-0.027630 -0.107157 0.724124 30 17 14
-0.028090 -0.103766 0.721705 28 15 14
-0.028435 -0.100221 0.719317 42 28 25
-0.028788 -0.096673 0.716918 68 47 44
-0.029199 -0.093182 0.714493 95 72 59
-0.029445 -0.089470 0.712110 123 94 81
-0.029542 -0.085551 0.709762 162 125 108
-0.029365 -0.081262 0.707483 175 139 116
-0.028336 -0.075849 0.705436 176 139 118
-0.026546 -0.069406 0.703581 176 139 117
-0.024527 -0.062610 0.701758 179 142 121
-0.022186 -0.055330 0.699989 182 145 124
-0.019486 -0.047509 0.698278 185 150 128
-0.016671 -0.039463 0.696556 188 155 133
-0.013767 -0.031221 0.694815 189 164 146
-0.011978 -0.024414 0.692749 208 195 183
-0.011544 -0.019399 0.690318 207 203 190
-0.011750 -0.015232 0.687716 208 203 191
-0.012715 -0.012096 0.684924 207 203 191
-0.013498 -0.008700 0.682171 207 203 191
-0.014278 -0.005291 0.679413 205 201 190
-0.014460 -0.001029 0.676781 202 201 190
-0.014834 0.002982 0.674095 202 198 188
0.117752 -0.131334 0.894634 154 104 89
0.100069 -0.142853 0.882864 157 105 91
0.087988 -0.149568 0.874164 155 106 91
0.079645 -0.153048 0.867496 153 107 90
0.073163 -0.154929 0.861848 150 105 88
0.067282 -0.156331 0.856549 151 105 87
0.061994 -0.157249 0.851590 154 106 88
0.056794 -0.158144 0.846708 152 107 87
0.051709 -0.158987 0.841916 152 107 87
0.046955 -0.159573 0.837320 153 108 88
0.042600 -0.159828 0.832951 152 107 87
0.038678 -0.159712 0.828818 152 109 86
0.034963 -0.159435 0.824808 155 109 87
0.031483 -0.158964 0.820931 157 110 89
0.028046 -0.158484 0.817095 157 110 88
0.024663 -0.157985 0.813303 158 111 88
0.021426 -0.157373 0.809597 157 110 88
0.018224 -0.156756 0.805926 158 111 89
0.015311 -0.155875 0.802404 159 112 89
0.012507 -0.154910 0.798946 160 113 89
0.009652 -0.154022 0.795480 160 113 89
0.006776 -0.153182 0.792019 160 113 89
0.004125 -0.152132 0.788672 160 114 90
0.001626 -0.150944 0.785405 162 115 91
-0.000665 -0.149556 0.782238 162 113 90
-0.002694 -0.147906 0.779193 163 114 91
-0.004769 -0.146317 0.776137 163 114 90
-0.006693 -0.144580 0.773152 160 114 91
-0.008559 -0.142790 0.770198 164 115 92
-0.010526 -0.141124 0.767209 166 116 95
-0.012254 -0.139206 0.764323 162 118 94
-0.013696 -0.136975 0.761557 159 117 98
-0.015184 -0.134801 0.758776 147 106 90
-0.016785 -0.132761 0.755953 141 103 88
-0.018137 -0.130443 0.753231 132 97 86
-0.019444 -0.128077 0.750527 124 91 75
-0.020808 -0.125779 0.747803 117 86 75
-0.021928 -0.123199 0.745171 117 86 76
-0.022834 -0.120366 0.742618 116 85 74
-0.023853 -0.117663 0.740021 120 87 77
-0.024899 -0.114990 0.737413 120 86 76
-0.025578 -0.111872 0.734933 119 88 77
-0.026382 -0.108899 0.732404 130 97 81
-0.027345 -0.106113 0.729818 139 104 87
-0.028118 -0.103091 0.727294 151 113 98
-0.028531 -0.099615 0.724885 160 117 94
-0.028767 -0.095905 0.722526 169 125 106
-0.028983 -0.092153 0.720164 166 123 99
-0.029150 -0.088321 0.717808 167 122 98
-0.028872 -0.083906 0.715580 166 123 101
-0.028410 -0.079228 0.713393 172 133 111
-0.027572 -0.074034 0.711302 176 137 116
-0.026247 -0.068169 0.709334 176 138 117
-0.024538 -0.061754 0.707451 179 143 122
-0.022558 -0.054930 0.705614 185 147 125
-0.020678 -0.048179 0.703716 188 152 130
-0.018531 -0.041013 0.701859 186 153 131
-0.017241 -0.034940 0.699736 202 184 170
-0.016800 -0.029973 0.697362 212 206 195
-0.016977 -0.025818 0.694811 211 206 195
-0.017277 -0.021813 0.692218 211 206 194
-0.018118 -0.018540 0.689481 209 206 194
-0.019306 -0.015744 0.686655 207 205 192
-0.020661 -0.013181 0.683790 206 203 192
-0.021377 -0.009716 0.681073 206 205 192
-0.021945 -0.006029 0.678384 205 203 192
-0.021727 -0.001203 0.675859 206 205 193
-0.021649 0.003451 0.673288 206 203 193
-0.021651 0.008013 0.670686 201 197 186
0.116874 -0.127681 0.898823 154 104 89
0.099216 -0.139281 0.886929 153 107 91
0.087440 -0.145782 0.878299 152 106 92
0.079162 -0.149237 0.871601 152 106 90
0.072508 -0.151296 0.865811 149 105 90
0.066580 -0.152759 0.860442 150 106 89
0.061255 -0.153726 0.855422 152 105 89
0.056098 -0.154594 0.850522 151 106 86
0.051037 -0.155427 0.845703 152 107 87
0.046236 -0.156067 0.841048 152 107 87
0.041830 -0.156380 0.836618 152 107 87
0.037897 -0.156279 0.832450 153 108 86
0.034207 -0.155981 0.828424 156 109 87
0.030730 -0.155509 0.824522 157 110 88
0.027341 -0.154984 0.820682 157 110 86
0.024030 -0.154414 0.816898 156 110 87
0.020892 -0.153700 0.813214 156 110 88
0.017815 -0.152954 0.809576 159 112 90
0.014952 -0.152018 0.806053 160 113 90
0.012232 -0.150960 0.802610 160 113 89
0.009460 -0.149979 0.799158 160 113 89
0.006795 -0.148911 0.795767 160 114 90
0.004154 -0.147841 0.792401 160 114 90
0.001711 -0.146583 0.789135 160 114 90
-0.000530 -0.145127 0.785969 163 114 91
-0.002528 -0.143426 0.782918 164 115 92
-0.004505 -0.141716 0.779883 165 116 93
-0.006476 -0.140011 0.776858 165 116 93
-0.008280 -0.138135 0.773910 165 116 93
-0.009948 -0.136119 0.771025 165 116 93
-0.011603 -0.134095 0.768149 164 117 93
-0.013209 -0.132023 0.765299 164 119 94
-0.014620 -0.129739 0.762530 165 119 96
-0.015968 -0.127384 0.759789 167 118 96
-0.017205 -0.124906 0.757092 167 120 95
-0.018383 -0.122358 0.754420 167 120 93
-0.019619 -0.119881 0.751724 167 120 93
-0.020839 -0.117383 0.749037 168 121 95
-0.021827 -0.114613 0.746435 167 120 94
-0.022756 -0.111768 0.743854 168 120 94
-0.023767 -0.109017 0.741241 169 120 95
-0.024626 -0.106080 0.738680 166 120 97
-0.025539 -0.103203 0.736097 166 120 96
-0.026403 -0.100262 0.733529 165 120 96
-0.027013 -0.097000 0.731045 165 120 96
-0.027471 -0.093538 0.728607 165 120 95
-0.027722 -0.089802 0.726230 165 120 97
-0.027851 -0.085895 0.723884 165 120 96
-0.027844 -0.081796 0.721572 166 121 97
-0.027527 -0.077276 0.719345 168 124 102
-0.026890 -0.072316 0.717203 173 135 113
-0.025913 -0.066879 0.715147 178 139 118
-0.024698 -0.061089 0.713141 181 142 121
-0.023390 -0.055131 0.711137 184 146 125
-0.022135 -0.049199 0.709090 187 150 128
-0.021026 -0.043415 0.706977 194 168 151
-0.020589 -0.038496 0.704649 212 201 189
-0.021223 -0.035002 0.702009 212 206 196
-0.021837 -0.031469 0.699367 213 208 197
-0.022540 -0.028047 0.696696 212 209 198
-0.023252 -0.024627 0.694016 211 208 196
-0.024207 -0.021538 0.691269 211 208 196
-0.025375 -0.018742 0.688465 209 208 197
-0.026395 -0.015735 0.685697 211 208 196
-0.027078 -0.012244 0.683007 208 206 194
-0.027614 -0.008530 0.680345 207 208 194
-0.027980 -0.004556 0.677714 209 208 195
-0.027778 0.000262 0.675198 207 208 196
-0.028332 0.004000 0.672503 206 206 194
0.115910 -0.124068 0.903002 153 104 90
0.098540 -0.135512 0.891129 148 109 92
0.086866 -0.141981 0.882461 147 108 94
0.078558 -0.145497 0.875682 150 106 89
0.071845 -0.147633 0.869808 150 106 91
0.065918 -0.149114 0.864393 149 105 90
0.060552 -0.150132 0.859310 149 106 89
0.055383 -0.151024 0.854364 151 106 86
0.050292 -0.151899 0.849491 151 106 86
0.045502 -0.152540 0.844803 152 107 87
0.041099 -0.152858 0.840341 151 108 87
0.037119 -0.152808 0.836118 154 109 87
0.033430 -0.152511 0.832064 155 108 86
0.029969 -0.152026 0.828143 157 108 87
0.026603 -0.151479 0.824288 157 110 88
0.023321 -0.150880 0.820492 156 110 88
0.020249 -0.150098 0.816816 155 110 89
0.017250 -0.149270 0.813190 157 112 91
0.014424 -0.148292 0.809661 158 112 91
0.011705 -0.147227 0.806197 160 113 89
0.009010 -0.146160 0.802758 162 113 90
0.006436 -0.144989 0.799387 162 113 90
0.003973 -0.143722 0.796079 162 113 90
0.001643 -0.142332 0.792842 163 114 91
-0.000693 -0.140967 0.789612 163 114 91
-0.002816 -0.139389 0.786487 164 115 92
-0.004706 -0.137569 0.783473 165 116 93
-0.006594 -0.135758 0.780466 165 116 93
-0.008311 -0.133768 0.777538 165 116 93
-0.009933 -0.131682 0.774655 166 117 94
-0.011474 -0.129510 0.771811 165 118 94
-0.013032 -0.127363 0.768962 166 119 95
-0.014471 -0.125088 0.766166 168 119 98
-0.015780 -0.122664 0.763425 168 119 98
-0.017039 -0.120186 0.760705 167 121 95
-0.018287 -0.117697 0.757990 167 121 94
-0.019483 -0.115147 0.755297 168 121 95
-0.020600 -0.112503 0.752634 169 121 95
-0.021637 -0.109762 0.750000 169 121 95
-0.022538 -0.106854 0.747417 168 120 94
-0.023283 -0.103753 0.744888 168 120 94
-0.023975 -0.100579 0.742374 167 120 96
-0.024760 -0.097511 0.739823 167 120 96
-0.025538 -0.094428 0.737269 165 120 96
-0.026191 -0.091180 0.734756 165 120 96
-0.026644 -0.087671 0.732307 165 120 96
-0.026865 -0.083855 0.729928 165 120 96
-0.026875 -0.079751 0.727612 166 121 97
-0.026721 -0.075415 0.725337 167 122 98
-0.026270 -0.070669 0.723145 170 126 104
-0.025799 -0.065868 0.720942 175 136 115
-0.025165 -0.060821 0.718773 179 140 119
-0.024519 -0.055723 0.716590 186 147 123
-0.023853 -0.050566 0.714392 189 159 138
-0.023989 -0.046450 0.711935 208 193 181
-0.024606 -0.042964 0.709326 213 208 196
-0.025359 -0.039651 0.706671 213 208 197
-0.026259 -0.036532 0.703969 213 208 197
-0.027152 -0.033397 0.701265 212 209 197
-0.027885 -0.030033 0.698602 212 211 197
-0.028583 -0.026610 0.695942 211 211 198
-0.029488 -0.023470 0.693223 211 211 198
-0.030618 -0.020641 0.690443 211 211 199
-0.031564 -0.017549 0.687707 211 211 199
-0.032249 -0.014074 0.685033 209 209 198
-0.032987 -0.010666 0.682339 209 209 198
-0.033122 -0.006368 0.679781 211 211 199
-0.033536 -0.002458 0.677148 211 211 199
-0.034024 0.001358 0.674488 209 209 198
-0.033369 0.006894 0.672067 202 203 190
0.115293 -0.120104 0.907414 151 106 92
0.098082 -0.131504 0.895490 146 107 94
0.086410 -0.138029 0.886730 149 107 95
0.078057 -0.141621 0.879859 151 107 90
0.071395 -0.143733 0.873959 149 106 90
0.065395 -0.145297 0.868458 148 106 89
0.059958 -0.146397 0.863294 148 106 91
0.054708 -0.147378 0.858264 151 106 87
0.049557 -0.148325 0.853319 151 105 87
0.044750 -0.148993 0.848585 151 108 87
0.040380 -0.149286 0.844105 151 108 87
0.036390 -0.149251 0.839846 152 107 85
0.032706 -0.148954 0.835765 155 108 86
0.029248 -0.148466 0.831819 156 107 86
0.025876 -0.147925 0.827935 156 109 86
0.022605 -0.147315 0.824118 156 109 87
0.019537 -0.146528 0.820419 156 111 90
0.016582 -0.145653 0.816791 157 112 92
0.013791 -0.144633 0.813257 158 112 92
0.011126 -0.143507 0.809796 160 113 90
0.008499 -0.142363 0.806367 160 112 91
0.005958 -0.141150 0.802990 160 112 91
0.003494 -0.139875 0.799661 162 113 92
0.001162 -0.138478 0.796403 162 115 91
-0.001040 -0.136959 0.793215 163 114 91
-0.003131 -0.135332 0.790086 164 115 92
-0.005096 -0.133582 0.787020 165 116 93
-0.007023 -0.131800 0.783979 165 116 93
-0.008747 -0.129805 0.781033 166 117 92
-0.010346 -0.127675 0.778146 165 117 94
-0.011881 -0.125479 0.775289 165 118 95
-0.013404 -0.123276 0.772442 165 118 96
-0.014796 -0.120928 0.769651 167 118 95
-0.016090 -0.118468 0.766903 167 118 96
-0.017381 -0.116006 0.764158 167 119 94
-0.018620 -0.113484 0.761434 168 120 94
-0.019771 -0.110860 0.758746 168 121 95
-0.020840 -0.108136 0.756090 168 121 94
-0.021835 -0.105320 0.753461 168 120 95
-0.022686 -0.102325 0.750886 168 119 95
-0.023449 -0.099218 0.748340 167 120 96
-0.024163 -0.096042 0.745809 167 120 96
-0.024856 -0.092832 0.743281 165 119 95
-0.025520 -0.089576 0.740758 166 120 96
-0.026057 -0.086151 0.738276 165 120 96
-0.026435 -0.082512 0.735844 165 120 96
-0.026389 -0.078316 0.733550 166 121 97
-0.026240 -0.073964 0.731280 166 121 97
-0.025996 -0.069464 0.729027 167 122 98
-0.025798 -0.064998 0.726745 169 126 104
-0.025806 -0.060777 0.724381 173 136 112
-0.026054 -0.056852 0.721926 182 148 129
-0.026591 -0.053295 0.719371 206 192 175
-0.027521 -0.050255 0.716685 215 208 195
-0.028624 -0.047443 0.713944 213 208 197
-0.029782 -0.044704 0.711185 215 211 199
-0.030867 -0.041863 0.708446 215 211 199
-0.031755 -0.038748 0.705764 214 211 199
-0.032519 -0.035453 0.703114 211 209 197
-0.033201 -0.032035 0.700481 211 209 197
-0.033762 -0.028435 0.697876 211 211 199
-0.034568 -0.025171 0.695198 211 211 200
-0.035617 -0.022246 0.692451 213 214 202
-0.036570 -0.019181 0.689727 212 213 201
-0.037421 -0.015961 0.687026 213 214 202
-0.038064 -0.012430 0.684372 209 209 198
-0.038602 -0.008733 0.681737 211 211 200
-0.038753 -0.004449 0.679184 211 211 201
-0.039106 -0.000443 0.676574 211 211 200
-0.039218 0.003943 0.674007 201 201 191
0.097478 -0.127588 0.899814 146 106 97
0.085873 -0.134111 0.890998 149 108 95
0.077462 -0.137792 0.884028 151 106 88
0.070791 -0.139935 0.878069 150 105 89
0.064762 -0.141545 0.872504 149 105 88
0.059337 -0.142647 0.867304 149 105 89
0.054070 -0.143659 0.862222 149 105 87
0.048856 -0.144679 0.857202 151 105 87
0.043973 -0.145433 0.852390 151 107 87
0.039607 -0.145731 0.847878 151 108 87
0.035643 -0.145676 0.843601 151 106 84
0.031970 -0.145370 0.839497 154 107 85
0.028509 -0.144886 0.835522 156 107 86
0.025144 -0.144338 0.831614 155 108 86
0.021895 -0.143706 0.827783 155 109 88
0.018810 -0.142934 0.824051 157 110 89
0.015844 -0.142069 0.820394 157 111 90
0.013075 -0.141022 0.816848 159 112 90
0.010415 -0.139886 0.813369 160 113 90
0.007809 -0.138714 0.809928 160 112 91
0.005295 -0.137466 0.806544 160 112 91
0.002818 -0.136200 0.803188 162 113 92
0.000453 -0.134831 0.799896 162 115 91
-0.001742 -0.133294 0.796693 163 114 91
-0.003811 -0.131634 0.793557 163 114 91
-0.005765 -0.129860 0.790481 163 114 91
-0.007654 -0.128025 0.787440 165 116 93
-0.009370 -0.126006 0.784483 165 116 93
-0.010975 -0.123868 0.781580 164 117 95
-0.012526 -0.121676 0.778703 165 118 96
-0.014024 -0.119429 0.775853 165 118 96
-0.015395 -0.117037 0.773059 167 118 95
-0.016695 -0.114566 0.770297 167 119 93
-0.017979 -0.112079 0.767543 167 119 93
-0.019188 -0.109503 0.764820 167 119 93
-0.020318 -0.106832 0.762130 168 120 95
-0.021372 -0.104068 0.759470 168 119 96
-0.022325 -0.101179 0.756847 168 119 96
-0.023157 -0.098138 0.754270 168 119 96
-0.023911 -0.094993 0.751720 167 120 96
-0.024598 -0.091756 0.749191 166 120 96
-0.025252 -0.088470 0.746669 164 119 95
-0.025825 -0.085072 0.744172 167 120 96
-0.026302 -0.081540 0.741704 166 120 96
-0.026573 -0.077732 0.739303 165 120 96
-0.026549 -0.073524 0.736997 165 120 98
-0.026271 -0.068965 0.734768 166 121 97
-0.026004 -0.064392 0.732520 166 121 97
-0.026187 -0.060386 0.730104 168 124 102
-0.027086 -0.057311 0.727437 185 159 142
-0.028592 -0.055044 0.724566 212 206 196
-0.030418 -0.053211 0.721595 214 209 198
-0.032177 -0.051300 0.718652 212 208 198
-0.033711 -0.049091 0.715785 215 213 202
-0.035044 -0.046614 0.712983 217 214 202
-0.036156 -0.043831 0.710251 214 211 200
-0.037025 -0.040707 0.707589 212 211 200
-0.037755 -0.037383 0.704964 212 211 200
-0.038523 -0.034103 0.702324 212 211 200
-0.039032 -0.030444 0.699751 212 211 200
-0.039777 -0.027110 0.697105 212 213 201
-0.040713 -0.024043 0.694403 215 216 204
-0.041728 -0.021084 0.691677 215 216 204
-0.042455 -0.017701 0.689023 215 216 206
-0.043100 -0.014187 0.686384 212 214 202
-0.043677 -0.010559 0.683756 211 211 200
-0.043907 -0.006401 0.681204 212 213 201
-0.044124 -0.002201 0.678645 208 211 198
-0.044257 0.002146 0.676093 198 195 187
0.096954 -0.123556 0.904228 146 108 99
0.085228 -0.130251 0.895249 149 107 95
0.076682 -0.134096 0.888135 152 107 89
0.070018 -0.136256 0.882128 151 104 86
0.064043 -0.137835 0.876544 151 105 87
0.058715 -0.138858 0.871353 150 105 88
0.053521 -0.139812 0.866269 151 105 88
0.048262 -0.140889 0.861182 151 106 86
0.043280 -0.141753 0.856277 151 108 87
0.038831 -0.142140 0.851686 151 108 87
0.034814 -0.142143 0.847350 151 106 84
0.031106 -0.141877 0.843198 154 107 85
0.027664 -0.141375 0.839206 156 107 85
0.024352 -0.140775 0.835299 156 109 87
0.021133 -0.140111 0.831457 157 110 89
0.018067 -0.139319 0.827710 157 110 88
0.015091 -0.138461 0.824024 155 110 88
0.012312 -0.137422 0.820451 159 112 89
0.009659 -0.136272 0.816955 160 111 88
0.007080 -0.135067 0.813506 159 112 89
0.004579 -0.133799 0.810108 160 113 91
0.002061 -0.132570 0.806713 159 113 91
-0.000309 -0.131200 0.803399 160 114 91
-0.002510 -0.129663 0.800176 163 115 91
-0.004583 -0.127997 0.797021 163 114 91
-0.006516 -0.126188 0.793939 164 115 92
-0.008330 -0.124258 0.790917 164 115 92
-0.010011 -0.122185 0.787961 165 116 93
-0.011600 -0.120014 0.785051 165 118 96
-0.013130 -0.117782 0.782170 164 117 95
-0.014596 -0.115480 0.779321 164 117 95
-0.015952 -0.113053 0.776522 166 118 92
-0.017230 -0.110537 0.773757 166 118 92
-0.018508 -0.108023 0.770993 166 118 92
-0.019684 -0.105387 0.768273 167 119 93
-0.020775 -0.102647 0.765588 167 119 93
-0.021784 -0.099806 0.762935 168 119 95
-0.022737 -0.096893 0.760303 168 119 96
-0.023583 -0.093843 0.757711 167 120 96
-0.024313 -0.090642 0.755161 166 119 95
-0.024956 -0.087322 0.752641 166 119 95
-0.025581 -0.083971 0.750122 165 119 95
-0.026192 -0.080591 0.747603 166 119 95
-0.026617 -0.076962 0.745146 166 120 96
-0.026939 -0.073185 0.742721 166 121 97
-0.026910 -0.068934 0.740414 166 121 99
-0.026567 -0.064249 0.738206 165 120 98
-0.026406 -0.059776 0.735919 166 123 101
-0.027096 -0.056409 0.733321 156 120 96
-0.029011 -0.054672 0.730298 187 174 164
-0.031761 -0.054075 0.727000 198 190 181
-0.034382 -0.053333 0.723761 208 203 193
-0.036642 -0.052124 0.720655 214 211 200
-0.038519 -0.050407 0.717683 217 214 204
-0.039972 -0.048115 0.714853 217 216 204
-0.041078 -0.045342 0.712133 215 214 203
-0.041925 -0.042204 0.709491 214 214 202
-0.042604 -0.038821 0.706896 212 213 201
-0.043407 -0.035604 0.704259 215 216 204
-0.043916 -0.031956 0.701703 213 213 201
-0.044728 -0.028733 0.699052 217 216 205
-0.045733 -0.025782 0.696344 217 216 205
-0.046630 -0.022670 0.693663 217 217 206
-0.047491 -0.019498 0.690987 214 216 204
-0.048201 -0.016094 0.688348 214 216 206
-0.048751 -0.012439 0.685744 214 214 204
-0.049233 -0.008669 0.683149 212 211 201
-0.049675 -0.004824 0.680555 204 203 194
-0.048881 0.000930 0.678248 186 170 164
0.096672 -0.119252 0.908826 146 110 101
0.084769 -0.126174 0.899649 151 106 94
0.075903 -0.130360 0.892283 153 105 88
0.069152 -0.132629 0.886172 154 106 88
0.063231 -0.134175 0.880571 152 104 86
0.058020 -0.135099 0.875403 152 106 87
0.052927 -0.135967 0.870332 151 106 86
0.047687 -0.137039 0.865213 151 106 86
0.042566 -0.138052 0.860191 150 107 86
0.038092 -0.138475 0.855551 150 107 86
0.034014 -0.138545 0.851149 151 106 84
0.030275 -0.138313 0.846952 153 106 84
0.026830 -0.137817 0.842931 155 106 85
0.023527 -0.137208 0.839002 157 109 87
0.020312 -0.136540 0.835137 157 110 88
0.017252 -0.135740 0.831369 157 110 88
0.014302 -0.134853 0.827672 156 111 89
0.011564 -0.133766 0.824098 159 112 89
0.008946 -0.132574 0.820597 160 111 88
0.006382 -0.131347 0.817135 160 113 90
0.003832 -0.130125 0.813692 159 113 92
0.001256 -0.128955 0.810248 158 113 92
-0.001128 -0.127593 0.806909 160 114 93
-0.003327 -0.126045 0.803669 162 115 91
-0.005369 -0.124335 0.800513 163 115 91
-0.007288 -0.122501 0.797421 164 115 92
-0.009083 -0.120535 0.794394 164 115 92
-0.010792 -0.118481 0.791411 164 115 92
-0.012381 -0.116296 0.788488 163 116 94
-0.013882 -0.114015 0.785608 164 117 95
-0.015377 -0.111731 0.782733 165 118 94
-0.016668 -0.109211 0.779951 166 117 94
-0.017897 -0.106619 0.777197 165 116 93
-0.019135 -0.104038 0.774439 166 117 94
-0.020282 -0.101346 0.771720 167 118 95
-0.021336 -0.098540 0.769040 167 118 95
-0.022323 -0.095649 0.766387 167 118 94
-0.023270 -0.092705 0.763747 166 119 95
-0.024087 -0.089594 0.761159 165 118 94
-0.024796 -0.086339 0.758609 166 119 95
-0.025420 -0.082969 0.756089 166 119 95
-0.026060 -0.079608 0.753556 166 119 95
-0.026668 -0.076195 0.751031 165 118 94
-0.027056 -0.072487 0.748583 165 120 96
-0.027391 -0.068694 0.746146 164 119 97
-0.027335 -0.064371 0.743846 165 120 98
-0.026968 -0.059613 0.741647 165 120 98
-0.026944 -0.055282 0.739308 165 122 101
-0.027952 -0.052313 0.736589 154 117 102
-0.030392 -0.051274 0.733365 171 158 148
-0.034235 -0.052168 0.729669 181 168 156
-0.037474 -0.052285 0.726207 188 182 171
-0.040216 -0.051755 0.722932 200 197 186
-0.042368 -0.050434 0.719868 211 208 197
-0.044239 -0.048740 0.716905 215 214 204
-0.045600 -0.046340 0.714112 217 216 206
-0.046584 -0.043406 0.711439 217 216 206
-0.047439 -0.040285 0.708803 217 217 206
-0.048333 -0.037213 0.706152 218 219 207
-0.048870 -0.033617 0.703604 217 217 207
-0.049636 -0.030342 0.700981 217 219 208
-0.050555 -0.027283 0.698310 217 217 207
-0.051481 -0.024229 0.695633 217 217 208
-0.052340 -0.021069 0.692972 214 216 206
-0.053046 -0.017672 0.690348 213 214 205
-0.053323 -0.013617 0.687832 211 211 202
-0.053582 -0.009515 0.685309 205 208 196
-0.053280 -0.004533 0.682917 188 186 178
0.096483 -0.114812 0.913530 142 106 99
0.084349 -0.122015 0.904119 150 107 93
0.075149 -0.126561 0.896486 153 105 87
0.068296 -0.128954 0.890261 154 104 87
0.062257 -0.130636 0.884545 157 108 89
0.057052 -0.131569 0.879339 152 105 85
0.052148 -0.132264 0.874333 151 105 85
0.047126 -0.133132 0.869293 151 106 86
0.042158 -0.134004 0.864313 150 106 87
0.037598 -0.134521 0.859588 150 107 86
0.033431 -0.134685 0.855104 151 106 84
0.029639 -0.134510 0.850847 154 107 83
0.026147 -0.134062 0.846772 155 106 83
0.022800 -0.133500 0.842793 156 108 86
0.019539 -0.132880 0.838878 157 110 86
0.016456 -0.132102 0.835073 157 110 86
0.013542 -0.131173 0.831371 157 110 87
0.010818 -0.130067 0.827782 159 112 88
0.008221 -0.128848 0.824270 158 111 88
0.005677 -0.127592 0.820798 158 112 90
0.003069 -0.126428 0.817305 158 113 93
0.000420 -0.125334 0.813804 158 113 93
-0.001973 -0.123976 0.810441 159 114 94
-0.004108 -0.122347 0.807215 160 115 93
-0.006109 -0.120580 0.804061 163 114 92
-0.008036 -0.118743 0.800950 164 115 92
-0.009828 -0.116761 0.797909 164 115 92
-0.011546 -0.114704 0.794908 164 116 92
-0.013155 -0.112528 0.791962 164 117 95
-0.014683 -0.110264 0.789057 164 117 94
-0.016144 -0.107925 0.786185 164 117 93
-0.017390 -0.105333 0.783413 165 116 93
-0.018592 -0.102689 0.780660 166 118 95
-0.019790 -0.100039 0.777909 166 117 94
-0.020911 -0.097295 0.775191 166 117 94
-0.021945 -0.094444 0.772510 166 117 94
-0.022933 -0.091530 0.769846 165 117 94
-0.023864 -0.088543 0.767205 165 118 95
-0.024654 -0.085372 0.764619 165 118 94
-0.025354 -0.082080 0.762065 165 118 94
-0.025942 -0.078636 0.759552 166 119 95
-0.026559 -0.075216 0.757022 167 120 96
-0.027146 -0.071748 0.754497 166 119 95
-0.027532 -0.068005 0.752044 163 118 94
-0.027812 -0.064107 0.749623 163 118 95
-0.027694 -0.059664 0.747344 163 118 96
-0.027368 -0.054918 0.745129 163 118 96
-0.027451 -0.050692 0.742747 162 121 99
-0.028495 -0.047745 0.740003 162 133 122
-0.031005 -0.046793 0.736732 167 153 144
-0.035074 -0.048006 0.732924 172 157 149
-0.039020 -0.049104 0.729188 176 162 153
-0.042585 -0.049724 0.725612 182 171 161
-0.045680 -0.049732 0.722219 193 186 177
-0.047883 -0.048517 0.719143 204 201 191
-0.049662 -0.046721 0.716216 212 211 201
-0.050972 -0.044263 0.713447 217 216 206
-0.052400 -0.041979 0.710641 219 219 210
-0.053297 -0.038928 0.708002 219 220 209
-0.053630 -0.035047 0.705532 220 220 210
-0.054397 -0.031786 0.702923 218 219 210
-0.055419 -0.028895 0.700234 217 219 209
-0.056532 -0.026137 0.697517 215 216 207
-0.057141 -0.022618 0.694941 213 214 205
-0.057273 -0.018366 0.692490 211 213 201
-0.057065 -0.013572 0.690120 201 201 192
-0.057248 -0.009349 0.687629 187 185 173
0.096303 -0.110312 0.918292 147 108 98
0.083850 -0.117885 0.908589 152 106 91
0.074319 -0.122795 0.900686 154 106 88
0.067402 -0.125277 0.894368 154 104 87
0.061136 -0.127203 0.888473 154 105 85
0.055765 -0.128318 0.883129 158 109 88
0.050976 -0.128914 0.878151 156 109 86
0.046341 -0.129409 0.873289 152 105 85
0.041798 -0.129862 0.868507 150 105 87
0.037355 -0.130264 0.863808 150 107 86
0.033076 -0.130548 0.859226 151 106 84
0.029161 -0.130501 0.854869 154 107 83
0.025571 -0.130155 0.850711 155 107 84
0.022159 -0.129660 0.846669 156 108 85
0.018812 -0.129129 0.842680 158 111 87
0.015678 -0.128405 0.838823 156 109 85
0.012753 -0.127485 0.835092 158 110 87
0.009997 -0.126409 0.831464 159 111 88
0.007421 -0.125161 0.827942 159 111 88
0.004898 -0.123876 0.824459 159 112 90
0.002255 -0.122747 0.820927 158 113 93
-0.000448 -0.121709 0.817378 158 113 93
-0.002839 -0.120342 0.813997 159 114 94
-0.004916 -0.118639 0.810782 159 114 93
-0.006899 -0.116841 0.807621 160 114 92
-0.008819 -0.114983 0.804498 163 114 91
-0.010605 -0.112983 0.801445 163 114 91
-0.012288 -0.110871 0.798446 163 116 93
-0.013867 -0.108645 0.795501 164 117 95
-0.015401 -0.106371 0.792580 164 117 95
-0.016836 -0.103984 0.789708 165 116 93
-0.018096 -0.101390 0.786918 167 116 94
-0.019279 -0.098702 0.784163 166 117 93
-0.020455 -0.096006 0.781411 166 116 93
-0.021553 -0.093213 0.778693 166 116 94
-0.022575 -0.090324 0.776008 166 117 94
-0.023572 -0.087399 0.773331 166 117 94
-0.024504 -0.084389 0.770680 165 118 94
-0.025324 -0.081231 0.768073 165 118 94
-0.026024 -0.077912 0.765513 166 118 95
-0.026584 -0.074403 0.763006 166 118 94
-0.027154 -0.070896 0.760487 166 118 94
-0.027684 -0.067323 0.757979 166 118 95
-0.028062 -0.063538 0.755523 165 119 95
-0.028304 -0.059556 0.753113 162 118 95
-0.028167 -0.055049 0.750839 162 117 95
-0.027878 -0.050311 0.748610 162 117 95
-0.027964 -0.046053 0.746223 160 119 97
-0.028808 -0.042806 0.743543 167 151 142
-0.030695 -0.040988 0.740476 145 117 113
-0.033818 -0.040891 0.736969 119 98 89
-0.038911 -0.043580 0.732781 157 137 128
-0.043494 -0.045630 0.728813 175 159 150
-0.047150 -0.046434 0.725201 176 163 152
-0.049994 -0.046131 0.721891 185 176 166
-0.052634 -0.045567 0.718667 194 190 181
-0.054442 -0.043833 0.715733 206 205 196
-0.056475 -0.042437 0.712732 211 214 204
-0.057824 -0.040056 0.709959 227 227 218
-0.058547 -0.036755 0.707383 234 234 225
-0.058641 -0.032511 0.704995 218 219 210
-0.059275 -0.029051 0.702432 213 213 204
-0.060055 -0.025799 0.699819 208 208 200
-0.060422 -0.021913 0.697321 202 201 192
-0.060374 -0.017374 0.694933 193 190 181
-0.059435 -0.011440 0.692778 178 170 160
0.096069 -0.105812 0.923076 150 107 95
0.083194 -0.113862 0.913014 153 104 89
0.073490 -0.118987 0.904928 153 104 87
0.066443 -0.121625 0.898476 154 104 87
0.059943 -0.123808 0.892392 153 105 86
0.054382 -0.125131 0.886896 153 104 83
0.049490 -0.125846 0.881822 154 107 84
0.045007 -0.126202 0.877011 163 116 92
0.040857 -0.126266 0.872418 149 104 83
0.036826 -0.126254 0.867915 150 105 85
0.032757 -0.126325 0.863414 152 106 84
0.028841 -0.126280 0.859022 154 107 83
0.025186 -0.126001 0.854797 155 108 84
0.021711 -0.125571 0.850691 157 109 85
0.018252 -0.125158 0.846613 156 109 85
0.015012 -0.124545 0.842672 157 110 86
0.012022 -0.123693 0.838881 158 110 87
0.009195 -0.122690 0.835192 159 110 87
0.006587 -0.121471 0.831633 159 110 87
0.004039 -0.120209 0.828116 159 112 90
0.001364 -0.119111 0.824546 159 112 91
-0.001372 -0.118106 0.820958 159 113 92
-0.003757 -0.116727 0.817562 160 113 92
-0.005807 -0.114983 0.814344 159 113 91
-0.007767 -0.113149 0.811178 160 114 92
-0.009634 -0.111219 0.808065 163 114 91
-0.011405 -0.109187 0.805005 163 114 91
-0.013092 -0.107066 0.801991 162 116 94
-0.014639 -0.104787 0.799048 164 117 95
-0.016148 -0.102467 0.796126 164 117 94
-0.017574 -0.100052 0.793246 165 115 93
-0.018826 -0.097429 0.790449 165 115 92
-0.019973 -0.094678 0.787700 167 116 93
-0.021146 -0.091957 0.784939 168 117 95
-0.022231 -0.089127 0.782217 168 117 95
-0.023235 -0.086192 0.779530 166 117 94
-0.024237 -0.083251 0.776842 166 117 94
-0.025164 -0.080210 0.774184 165 118 94
-0.025982 -0.077025 0.771571 165 118 94
-0.026675 -0.073670 0.769006 165 118 94
-0.027232 -0.070128 0.766494 165 118 94
-0.027783 -0.066567 0.763977 166 118 94
-0.028287 -0.062930 0.761474 165 118 94
-0.028643 -0.059083 0.759022 166 118 94
-0.028843 -0.055011 0.756624 163 118 96
-0.028690 -0.050444 0.754356 162 117 95
-0.028364 -0.045614 0.752140 163 117 94
-0.028342 -0.041169 0.749792 157 115 94
-0.028893 -0.037490 0.747212 137 97 86
-0.029892 -0.034418 0.744457 131 94 85
-0.030455 -0.030732 0.741861 126 93 85
-0.032238 -0.028748 0.738813 125 90 82
-0.037364 -0.031513 0.734572 125 89 83
-0.046765 -0.040453 0.728861 155 131 121
-0.051075 -0.042244 0.725010 172 160 151
-0.054133 -0.042286 0.721621 178 166 158
-0.056560 -0.041446 0.718466 185 176 167
-0.059238 -0.041000 0.715240 192 186 177
-0.061201 -0.039526 0.712265 195 190 182
-0.062241 -0.036698 0.709593 199 195 186
-0.062987 -0.033423 0.707013 196 193 186
-0.062278 -0.027944 0.704878 192 189 178
-0.063019 -0.024630 0.702281 185 179 170
-0.062747 -0.019754 0.699981 176 170 159
-0.061913 -0.013981 0.697829 163 155 146
0.096000 -0.101101 0.928014 153 106 91
0.082851 -0.109488 0.917674 155 104 88
0.073005 -0.114801 0.909419 154 104 87
0.065755 -0.117666 0.902785 153 104 87
0.059167 -0.119960 0.896594 153 106 86
0.053450 -0.121458 0.890960 152 104 83
0.048248 -0.122502 0.885663 151 104 82
0.043525 -0.123115 0.880679 153 106 82
0.039317 -0.123252 0.876019 159 114 93
0.035552 -0.122974 0.871639 152 107 85
0.031945 -0.122570 0.867369 152 105 81
0.028313 -0.122230 0.863105 154 107 83
0.024757 -0.121847 0.858903 155 108 84
0.021314 -0.121379 0.854785 157 110 86
0.017865 -0.120955 0.850682 157 110 86
0.014619 -0.120345 0.846709 156 109 85
0.011591 -0.119528 0.842872 157 109 86
0.008680 -0.118612 0.839113 159 110 87
0.005972 -0.117497 0.835477 159 110 88
0.003329 -0.116333 0.831889 159 112 90
0.000586 -0.115306 0.828261 159 112 90
-0.002226 -0.114384 0.824610 160 113 91
-0.004677 -0.113074 0.821160 160 113 90
-0.006725 -0.111318 0.817927 158 113 91
-0.008635 -0.109415 0.814771 160 114 91
-0.010436 -0.107396 0.811676 162 113 90
-0.012178 -0.105317 0.808616 163 114 91
-0.013863 -0.103179 0.805588 162 115 91
-0.015393 -0.100863 0.802640 163 116 94
-0.016883 -0.098504 0.799715 164 116 94
-0.018279 -0.096035 0.796837 164 115 92
-0.019473 -0.093321 0.794056 165 116 93
-0.020585 -0.090505 0.791313 167 116 94
-0.021772 -0.087780 0.788535 167 116 94
-0.022865 -0.084937 0.785800 166 117 94
-0.023854 -0.081960 0.783110 166 117 94
-0.024869 -0.079011 0.780406 165 117 93
-0.025790 -0.075937 0.777742 165 118 94
-0.026559 -0.072661 0.775142 165 118 94
-0.027240 -0.069264 0.772575 166 119 95
-0.027833 -0.065739 0.770041 165 118 94
-0.028381 -0.062143 0.767519 165 118 94
-0.028860 -0.058443 0.765020 166 117 94
-0.029198 -0.054539 0.762571 166 117 94
-0.029339 -0.050351 0.760194 164 117 93
-0.029132 -0.045670 0.757945 164 117 93
-0.028748 -0.040717 0.755753 164 117 93
-0.028603 -0.036062 0.753450 153 108 90
-0.028815 -0.031876 0.750993 140 96 83
-0.028961 -0.027577 0.748550 134 94 82
-0.028572 -0.022502 0.746299 128 91 84
-0.028027 -0.017173 0.744087 126 90 83
-0.027825 -0.012296 0.741731 133 90 82
-0.051977 -0.033633 0.725880 145 121 108
-0.057237 -0.036921 0.721709 173 156 145
-0.060691 -0.037619 0.718196 175 165 154
-0.063250 -0.037030 0.715006 173 165 154
-0.064277 -0.034170 0.712336 175 165 156
-0.064828 -0.030587 0.709817 173 161 155
-0.063949 -0.024813 0.707746 169 163 153
0.082598 -0.104974 0.922442 156 104 89
0.072688 -0.110398 0.914061 154 104 87
0.065394 -0.113335 0.907337 151 104 86
0.058799 -0.115659 0.901084 151 105 84
0.052969 -0.117286 0.895332 155 108 86
0.047586 -0.118528 0.889884 152 105 83
0.042606 -0.119417 0.884707 151 105 83
0.038027 -0.119949 0.879796 153 106 84
0.034016 -0.119935 0.875243 153 106 83
0.030477 -0.119467 0.870985 173 126 103
0.027082 -0.118882 0.866830 150 103 79
0.023774 -0.118239 0.862741 154 107 83
0.020525 -0.117564 0.858704 156 109 85
0.017276 -0.116922 0.854684 156 109 85
0.014199 -0.116124 0.850777 156 109 85
0.011274 -0.115188 0.846969 158 110 87
0.008379 -0.114247 0.843193 159 110 87
0.005654 -0.113142 0.839523 159 110 88
0.002967 -0.112018 0.835887 160 111 90
0.000133 -0.111087 0.832186 160 111 89
-0.002804 -0.110303 0.828444 160 113 90
-0.005394 -0.109144 0.824900 160 113 89
-0.007490 -0.107433 0.821625 158 113 90
-0.009396 -0.105513 0.818455 160 114 90
-0.011183 -0.103463 0.815352 163 114 91
-0.012902 -0.101344 0.812288 164 115 92
-0.014581 -0.099182 0.809249 163 115 92
-0.016111 -0.096849 0.806288 164 117 95
-0.017619 -0.094495 0.803341 165 116 94
-0.019019 -0.092012 0.800449 165 116 93
-0.020177 -0.089233 0.797676 166 117 95
-0.021284 -0.086389 0.794925 165 117 94
-0.022481 -0.083656 0.792131 166 117 94
-0.023576 -0.080793 0.789385 165 117 94
-0.024566 -0.077793 0.786686 165 116 93
-0.025579 -0.074819 0.783974 165 117 93
-0.026488 -0.071706 0.781307 165 118 94
-0.027237 -0.068377 0.778708 165 118 94
-0.027886 -0.064909 0.776149 165 118 94
-0.028454 -0.061323 0.773619 165 118 94
-0.028973 -0.057657 0.771104 165 117 94
-0.029402 -0.053857 0.768620 166 117 94
-0.029674 -0.049829 0.766194 165 116 93
-0.029710 -0.045463 0.763857 164 116 92
-0.029489 -0.040718 0.761613 165 117 92
-0.029126 -0.035748 0.759412 164 117 93
-0.028893 -0.030928 0.757142 152 105 88
-0.028831 -0.026317 0.754788 140 94 82
-0.028631 -0.021487 0.752474 135 93 81
-0.027970 -0.015970 0.750324 129 91 83
-0.026595 -0.009393 0.748424 126 89 81
-0.025010 -0.002458 0.746574 134 91 82
-0.023735 0.004084 0.744579 132 89 77
0.082358 -0.100396 0.927272 155 103 87
0.072329 -0.105987 0.918730 154 103 87
0.064927 -0.109061 0.911875 152 106 85
0.058312 -0.111428 0.905552 149 104 82
0.052507 -0.113047 0.899764 150 105 83
0.047115 -0.114312 0.894263 155 108 86
0.042085 -0.115264 0.889012 152 107 85
0.037329 -0.115989 0.883956 154 107 85
0.032985 -0.116334 0.879172 154 107 85
0.029169 -0.116164 0.874724 154 107 84
0.025681 -0.115683 0.870488 159 112 89
0.022439 -0.114972 0.866413 175 128 104
0.019355 -0.114122 0.862445 151 104 80
0.016330 -0.113235 0.858527 152 105 81
0.013530 -0.112130 0.854751 156 109 85
0.010833 -0.110934 0.851046 157 110 86
0.008096 -0.109808 0.847331 159 110 87
0.005446 -0.108609 0.843678 159 110 88
0.002788 -0.107442 0.840032 160 110 90
-0.000051 -0.106508 0.836301 160 110 88
-0.003041 -0.105777 0.832504 160 112 89
-0.005718 -0.104711 0.828888 160 112 89
-0.007938 -0.103130 0.825528 160 114 90
-0.009949 -0.101320 0.822285 160 114 90
-0.011808 -0.099340 0.819129 163 114 91
-0.013543 -0.097222 0.816042 163 114 91
-0.015209 -0.095030 0.812995 163 114 91
-0.016765 -0.092711 0.810007 165 116 95
-0.018273 -0.090337 0.807047 165 116 95
-0.019686 -0.087853 0.804136 165 116 93
-0.020855 -0.085065 0.801346 166 117 95
-0.021976 -0.082215 0.798580 165 118 95
-0.023172 -0.079460 0.795775 165 118 96
-0.024248 -0.076549 0.793028 165 118 96
-0.025243 -0.073533 0.790317 165 118 95
-0.026236 -0.070508 0.787605 162 117 95
-0.027135 -0.067355 0.784934 163 118 95
-0.027874 -0.063987 0.782332 162 117 95
-0.028469 -0.060417 0.779791 165 118 96
-0.028945 -0.056676 0.777296 166 117 94
-0.029400 -0.052893 0.774802 165 116 93
-0.029788 -0.049003 0.772330 166 117 94
-0.029974 -0.044821 0.769936 165 116 93
-0.029947 -0.040325 0.767622 164 115 92
-0.029766 -0.035591 0.765360 163 116 92
-0.029486 -0.030690 0.763124 163 116 92
-0.029201 -0.025752 0.760873 153 105 85
-0.028921 -0.020790 0.758604 142 95 82
-0.028391 -0.015439 0.756420 135 94 81
-0.027468 -0.009489 0.754371 131 92 80
-0.025623 -0.002162 0.752657 132 91 79
-0.022950 0.006434 0.751228 129 86 74
-0.020389 0.014949 0.749713 132 91 77
-0.019251 0.021442 0.747626 137 97 83
0.082347 -0.095533 0.932303 155 103 87
0.072087 -0.101406 0.923525 154 105 87
0.064474 -0.104723 0.916472 151 106 84
0.057726 -0.107251 0.910007 152 108 86
0.051899 -0.108910 0.904156 150 105 83
0.046479 -0.110220 0.898590 152 105 83
0.041462 -0.111170 0.893304 155 108 86
0.036709 -0.111902 0.888208 159 112 90
0.032278 -0.112346 0.883334 150 103 80
0.028289 -0.112366 0.878750 156 106 83
0.024555 -0.112154 0.874339 156 107 84
0.021085 -0.111694 0.870105 153 106 82
0.017896 -0.110961 0.866052 156 109 86
0.014889 -0.110058 0.862122 176 130 107
0.012199 -0.108829 0.858388 162 115 91
0.009660 -0.107455 0.854752 150 103 79
0.007156 -0.106062 0.851148 157 108 86
0.004691 -0.104646 0.847576 159 110 87
0.002204 -0.103276 0.844003 160 110 90
-0.000431 -0.102100 0.840359 160 110 89
-0.003228 -0.101137 0.836639 160 111 88
-0.005824 -0.099964 0.833042 162 113 90
-0.008133 -0.098474 0.829612 160 114 90
-0.010269 -0.096795 0.826284 162 114 90
-0.012280 -0.094982 0.823029 163 114 91
-0.014094 -0.092943 0.819885 163 114 91
-0.015798 -0.090779 0.816803 164 113 91
-0.017393 -0.088490 0.813781 164 115 94
-0.018880 -0.086073 0.810817 165 116 95
-0.020313 -0.083591 0.807883 165 116 95
-0.021495 -0.080798 0.805076 165 118 96
-0.022626 -0.077939 0.802294 163 118 96
-0.023802 -0.075134 0.799489 163 117 96
-0.024862 -0.072180 0.796739 164 118 97
-0.025859 -0.069139 0.794018 164 118 96
-0.026831 -0.066062 0.791306 162 117 95
-0.027740 -0.062896 0.788622 164 119 97
-0.028437 -0.059443 0.786032 163 118 96
-0.028988 -0.055783 0.783504 164 117 95
-0.029410 -0.051936 0.781028 166 117 94
-0.029827 -0.048068 0.778545 165 116 93
-0.030170 -0.044080 0.776087 165 116 93
-0.030288 -0.039766 0.773719 164 115 92
-0.030287 -0.035263 0.771391 164 115 92
-0.030097 -0.030472 0.769130 162 115 91
-0.029828 -0.025541 0.766888 158 113 87
-0.029494 -0.020485 0.764658 150 103 82
-0.029026 -0.015207 0.762466 141 94 80
-0.028309 -0.009534 0.760357 134 91 79
-0.027124 -0.003145 0.758416 128 88 76
-0.024962 0.004720 0.756837 132 90 79
-0.021995 0.013839 0.755536 136 94 82
-0.018866 0.023286 0.754252 133 93 79
-0.016029 0.032392 0.752808 132 94 79
-0.013320 0.041394 0.751270 147 112 91
0.082640 -0.090303 0.937590 155 103 87
0.072337 -0.096269 0.928689 154 107 87
0.063971 -0.100386 0.921088 152 107 85
0.057238 -0.102923 0.914573 152 107 87
0.051258 -0.104761 0.908573 153 108 86
0.045767 -0.106160 0.902916 152 107 85
0.040700 -0.107177 0.897555 151 106 84
0.035943 -0.107924 0.892416 153 107 85
0.031606 -0.108276 0.887561 160 113 91
0.027637 -0.108278 0.882954 154 107 85
0.023784 -0.108199 0.878439 153 106 82
0.020117 -0.107957 0.874058 153 106 83
0.016711 -0.107464 0.869851 155 108 86
0.013519 -0.106769 0.865788 155 108 86
0.010617 -0.105779 0.861910 156 109 87
0.008028 -0.104460 0.858228 166 119 95
0.005576 -0.103007 0.854636 182 134 110
0.003229 -0.101455 0.851113 156 107 85
0.000938 -0.099855 0.847633 149 98 78
-0.001402 -0.098330 0.844134 160 109 89
-0.003889 -0.096999 0.840563 160 110 88
-0.006251 -0.095540 0.837072 160 112 89
-0.008451 -0.093907 0.833679 162 113 90
-0.010603 -0.092233 0.830322 162 113 90
-0.012646 -0.090441 0.827031 162 113 90
-0.014482 -0.088411 0.823857 163 114 91
-0.016234 -0.086288 0.820733 164 113 91
-0.017900 -0.084066 0.817659 163 114 93
-0.019402 -0.081648 0.814674 164 115 94
-0.020837 -0.079148 0.811725 164 117 95
-0.022103 -0.076437 0.808865 164 118 98
-0.023285 -0.073619 0.806046 163 118 97
-0.024410 -0.070726 0.803256 162 117 97
-0.025442 -0.067711 0.800510 163 117 97
-0.026462 -0.064675 0.797767 163 117 96
-0.027421 -0.061554 0.795052 162 117 95
-0.028273 -0.058285 0.792386 163 118 96
-0.028946 -0.054768 0.789800 162 117 95
-0.029514 -0.051100 0.787257 162 117 95
-0.029907 -0.047179 0.784789 166 117 94
-0.030277 -0.043210 0.782323 166 117 94
-0.030605 -0.039165 0.779867 165 116 93
-0.030720 -0.034807 0.777496 164 115 92
-0.030713 -0.030255 0.775168 164 115 92
-0.030478 -0.025355 0.772927 162 115 90
-0.030184 -0.020341 0.770696 151 107 84
-0.029763 -0.015115 0.768502 143 98 78
-0.029152 -0.009579 0.766370 137 91 76
-0.028223 -0.003543 0.764352 136 91 79
-0.026767 0.003308 0.762526 136 94 82
-0.024367 0.011605 0.761055 134 92 81
-0.020962 0.021468 0.759947 139 94 82
-0.017466 0.031567 0.758824 132 93 79
-0.013835 0.041971 0.757700 142 103 83
0.083527 -0.084402 0.943331 156 104 88
0.072717 -0.090933 0.934003 152 105 87
0.063577 -0.095885 0.925826 152 107 87
0.056744 -0.098552 0.919186 154 109 87
0.050657 -0.100521 0.913065 153 108 86
0.045054 -0.102055 0.907288 155 110 88
0.039847 -0.103236 0.901794 153 106 84
0.035081 -0.104005 0.896608 153 106 84
0.030843 -0.104258 0.891777 154 107 85
0.026910 -0.104225 0.887157 154 107 85
0.023028 -0.104181 0.882592 169 122 100
0.019291 -0.104019 0.878136 154 107 85
0.015829 -0.103591 0.873866 153 106 84
0.012578 -0.102960 0.869741 157 109 85
0.009596 -0.102059 0.865792 158 109 86
0.006777 -0.100999 0.861953 157 108 85
0.004138 -0.099759 0.858233 158 109 86
0.001663 -0.098351 0.854620 157 108 85
-0.000691 -0.096822 0.851087 167 116 94
-0.002952 -0.095202 0.847617 187 137 115
-0.005236 -0.093628 0.844142 169 119 97
-0.007380 -0.091904 0.840756 150 101 78
-0.009391 -0.090034 0.837451 153 105 79
-0.011379 -0.088150 0.834165 159 110 87
-0.013267 -0.086157 0.830941 160 111 88
-0.015004 -0.083988 0.827805 162 113 90
-0.016737 -0.081824 0.824675 164 113 91
-0.018426 -0.079612 0.821573 162 113 92
-0.019954 -0.077206 0.818560 162 115 94
-0.021384 -0.074679 0.815601 163 116 94
-0.022724 -0.072041 0.812689 162 116 97
-0.023943 -0.069246 0.809841 162 115 97
-0.025012 -0.066256 0.807068 162 116 97
-0.026008 -0.063168 0.804330 163 117 97
-0.027026 -0.060102 0.801579 162 117 96
-0.027935 -0.056888 0.798879 162 117 95
-0.028704 -0.053479 0.796244 160 117 95
-0.029394 -0.049953 0.793642 162 117 95
-0.030008 -0.046312 0.791071 162 117 95
-0.030417 -0.042378 0.788590 165 116 93
-0.030800 -0.038391 0.786113 164 115 91
-0.031174 -0.034374 0.783631 160 112 90
-0.031331 -0.030034 0.781239 154 106 83
-0.031313 -0.025425 0.778914 157 109 85
-0.031061 -0.020457 0.776681 176 130 104
-0.030712 -0.015320 0.774474 162 117 98
-0.030151 -0.009843 0.772343 147 101 83
-0.029328 -0.003947 0.770306 141 95 81
-0.028155 0.002506 0.768395 141 93 79
-0.026375 0.009904 0.766713 139 92 81
-0.023732 0.018648 0.765356 133 90 79
-0.019948 0.029182 0.764424 139 92 80
-0.015992 0.040084 0.763506 145 100 84
-0.011175 0.052403 0.762873 152 106 89
0.083981 -0.078870 0.948865 157 105 89
0.072945 -0.085688 0.939287 152 105 87
0.063485 -0.091016 0.930815 154 109 89
0.056297 -0.094079 0.923881 155 110 88
0.050110 -0.096175 0.917640 156 109 87
0.044381 -0.097860 0.911732 155 108 86
0.039013 -0.099229 0.906090 156 109 87
0.034183 -0.100080 0.900821 156 109 87
0.029956 -0.100329 0.895960 153 106 84
0.026029 -0.100295 0.891310 155 106 83
0.022161 -0.100241 0.886719 155 106 83
0.018399 -0.100110 0.882216 155 108 86
0.014915 -0.099709 0.877903 169 122 100
0.011713 -0.099023 0.873780 166 118 96
0.008768 -0.098076 0.869827 155 106 83
0.005949 -0.097012 0.865964 158 109 86
0.003215 -0.095875 0.862166 159 110 87
0.000564 -0.094667 0.858429 159 110 89
-0.001984 -0.093361 0.854764 160 109 87
-0.004342 -0.091852 0.851220 160 109 87
-0.006636 -0.090285 0.847723 160 111 88
-0.008787 -0.088563 0.844317 160 112 89
-0.010770 -0.086652 0.841013 173 124 102
-0.012667 -0.084649 0.837764 186 137 114
-0.014468 -0.082539 0.834574 187 138 115
-0.016139 -0.080276 0.831461 172 123 100
-0.017823 -0.078036 0.828345 155 104 82
-0.019446 -0.075728 0.825265 150 101 80
-0.020939 -0.073261 0.822259 153 105 84
-0.022319 -0.070652 0.819314 154 107 86
-0.023650 -0.067983 0.816397 156 108 90
-0.024855 -0.065151 0.813546 157 109 91
-0.025920 -0.062133 0.810767 156 109 88
-0.026918 -0.059023 0.808020 158 112 91
-0.027915 -0.055906 0.805271 155 110 90
-0.028781 -0.052608 0.802585 154 109 88
-0.029541 -0.049159 0.799948 153 108 86
-0.030238 -0.045614 0.797337 149 104 82
-0.030849 -0.041940 0.794762 153 107 85
-0.031269 -0.037988 0.792272 171 122 99
-0.031652 -0.033967 0.789792 188 142 112
-0.031982 -0.029856 0.787327 185 136 111
-0.032103 -0.025427 0.784950 172 123 102
-0.032097 -0.020795 0.782620 160 114 91
-0.031846 -0.015787 0.780387 156 111 88
-0.031390 -0.010448 0.778232 155 107 89
-0.030695 -0.004726 0.776164 150 102 84
-0.029767 0.001379 0.774178 145 97 83
-0.028249 0.008401 0.772425 142 94 79
-0.026131 0.016375 0.770899 138 90 79
-0.023172 0.025683 0.769693 142 96 82
-0.018783 0.037239 0.769040 148 100 86
-0.014287 0.049080 0.768368 149 102 86
-0.008990 0.062274 0.767959 160 109 94
0.083777 -0.073950 0.954033 157 106 90
0.073058 -0.080497 0.944562 159 110 91
0.063677 -0.085786 0.936053 157 108 89
0.056204 -0.089177 0.928862 157 108 89
0.049723 -0.091605 0.922371 159 110 89
0.043801 -0.093517 0.916284 157 108 87
0.038224 -0.095128 0.910459 156 107 86
0.033231 -0.096170 0.905043 155 107 85
0.028935 -0.096504 0.900101 166 117 96
0.025066 -0.096412 0.895454 153 105 82
0.021360 -0.096181 0.890931 156 105 83
0.017696 -0.095944 0.886456 156 107 84
0.014088 -0.095683 0.882035 158 108 86
0.010808 -0.095086 0.877836 157 105 83
0.007845 -0.094157 0.873847 166 115 93
0.005079 -0.093027 0.869993 178 126 105
0.002426 -0.091790 0.866219 156 106 83
-0.000214 -0.090561 0.862466 156 106 84
-0.002789 -0.089281 0.858763 159 108 86
-0.005176 -0.087796 0.855182 159 110 87
-0.007506 -0.086263 0.851644 160 111 88
-0.009736 -0.084628 0.848173 160 111 88
-0.011793 -0.082796 0.844811 160 112 89
-0.013748 -0.080852 0.841514 160 112 89
-0.015649 -0.078854 0.838253 163 112 90
-0.017369 -0.076640 0.835100 160 110 88
-0.019065 -0.074404 0.831964 163 112 91
-0.020638 -0.072018 0.828900 163 112 90
-0.022138 -0.069545 0.825879 169 120 98
-0.023523 -0.066927 0.822922 170 123 101
-0.024805 -0.064176 0.820021 175 128 109
-0.026005 -0.061318 0.817164 178 131 111
-0.027118 -0.058343 0.814352 179 132 110
-0.028123 -0.055221 0.811595 176 129 107
-0.029068 -0.052013 0.808867 173 129 108
-0.029939 -0.048698 0.806172 169 126 105
-0.030704 -0.045231 0.803528 167 122 100
-0.031318 -0.041546 0.800954 164 118 96
-0.031783 -0.037642 0.798447 163 113 93
-0.032126 -0.033550 0.795992 162 113 91
-0.032421 -0.029372 0.793551 163 114 93
-0.032613 -0.025028 0.791149 163 114 93
-0.032689 -0.020497 0.788792 160 115 93
-0.032688 -0.015829 0.786458 160 115 93
-0.032406 -0.010729 0.784241 159 112 88
-0.031894 -0.005260 0.782114 154 106 87
-0.031104 0.000656 0.780093 152 104 86
-0.030111 0.006915 0.778142 148 98 83
-0.028433 0.014245 0.776471 146 98 84
-0.026009 0.022757 0.775094 146 99 85
-0.022520 0.032960 0.774139 148 99 88
-0.017795 0.045147 0.773659 152 101 89
-0.012288 0.058667 0.773444 156 104 93
-0.007384 0.071406 0.772902 168 110 102
0.073124 -0.075291 0.949872 160 106 90
0.064087 -0.080258 0.941504 159 108 88
0.056310 -0.084000 0.934037 159 108 88
0.049635 -0.086658 0.927355 159 110 89
0.043516 -0.088799 0.921082 156 107 86
0.037765 -0.090617 0.915090 155 106 85
0.032559 -0.091906 0.909489 156 107 86
0.028067 -0.092464 0.904383 156 107 86
0.024066 -0.092526 0.899617 158 109 88
0.020446 -0.092201 0.895117 169 120 98
0.016969 -0.091755 0.890727 153 104 81
0.013540 -0.091289 0.886387 157 106 84
0.010234 -0.090720 0.882141 159 107 85
0.007102 -0.089981 0.878021 160 108 86
0.004241 -0.088957 0.874083 159 108 86
0.001553 -0.087755 0.870265 158 107 85
-0.001037 -0.086462 0.866519 169 118 96
-0.003539 -0.085085 0.862837 182 131 109
-0.005874 -0.083528 0.859266 163 112 90
-0.008171 -0.081944 0.855727 155 106 83
-0.010438 -0.080341 0.852215 158 109 86
-0.012560 -0.078576 0.848796 159 110 87
-0.014552 -0.076665 0.845460 163 113 90
-0.016498 -0.074709 0.842158 163 112 90
-0.018185 -0.072438 0.839008 163 112 90
-0.019879 -0.070182 0.835859 163 112 92
-0.021534 -0.067884 0.832736 166 113 93
-0.023155 -0.065549 0.829635 162 115 95
-0.024622 -0.063020 0.826622 162 115 95
-0.025937 -0.060294 0.823694 163 115 97
-0.027134 -0.057412 0.820830 163 116 96
-0.028227 -0.054390 0.818020 164 115 94
-0.029209 -0.051215 0.815268 163 117 97
-0.030127 -0.047946 0.812547 163 118 96
-0.030956 -0.044549 0.809868 160 118 95
-0.031618 -0.040913 0.807271 160 118 95
-0.032132 -0.037059 0.804744 164 115 94
-0.032511 -0.033001 0.802276 164 115 94
-0.032762 -0.028744 0.799864 164 115 94
-0.032986 -0.024428 0.797455 163 114 93
-0.033123 -0.019965 0.795077 162 114 92
-0.033214 -0.015413 0.792710 155 109 86
-0.033200 -0.010683 0.790380 165 118 96
-0.032859 -0.005448 0.788193 167 120 98
-0.032317 0.000118 0.786082 159 110 91
-0.031498 0.006133 0.784080 154 104 88
-0.030215 0.012887 0.782268 151 101 84
-0.028212 0.020778 0.780755 149 101 87
-0.025404 0.029961 0.779567 146 102 90
-0.021458 0.040969 0.778837 146 101 89
-0.016701 0.053338 0.778403 151 101 91
-0.011435 0.066630 0.778123 111 79 73
-0.007360 0.078213 0.777262 92 57 57
0.073496 -0.069693 0.955459 160 105 90
0.064486 -0.074670 0.947020 160 107 89
0.056513 -0.078652 0.939345 160 107 87
0.049695 -0.081486 0.932500 159 108 88
0.043455 -0.083777 0.926087 157 106 86
0.037639 -0.085681 0.919996 157 106 86
0.032329 -0.087098 0.914276 156 107 86
0.027603 -0.087924 0.908973 154 107 85
0.023254 -0.088383 0.903944 155 108 86
0.019361 -0.088372 0.899235 156 108 85
0.015955 -0.087846 0.894861 158 109 86
0.012762 -0.087109 0.890642 172 123 100
0.009631 -0.086334 0.886477 156 105 83
0.006623 -0.085445 0.882406 157 105 83
0.003768 -0.084406 0.878445 160 108 86
0.000956 -0.083343 0.874525 160 108 87
-0.001700 -0.082119 0.870715 160 110 89
-0.004237 -0.080775 0.866989 159 110 88
-0.006625 -0.079272 0.863364 159 110 87
-0.008960 -0.077724 0.859782 162 113 90
-0.011227 -0.076111 0.856250 176 130 103
-0.013354 -0.074339 0.852810 182 135 109
-0.015430 -0.072521 0.849407 173 123 98
-0.017293 -0.070446 0.846136 164 113 89
-0.018849 -0.067988 0.843048 155 104 82
-0.020521 -0.065686 0.839896 159 108 86
-0.022161 -0.063349 0.836766 162 111 91
-0.023770 -0.060980 0.833656 160 111 91
-0.025238 -0.058429 0.830629 160 111 92
-0.026596 -0.055737 0.827665 160 112 93
-0.027777 -0.052809 0.824798 162 113 94
-0.028824 -0.049699 0.822004 164 115 94
-0.029798 -0.046483 0.819247 163 114 93
-0.030691 -0.043152 0.816529 160 114 92
-0.031467 -0.039651 0.813870 160 116 94
-0.032064 -0.035891 0.811300 158 114 91
-0.032584 -0.032008 0.808764 160 113 92
-0.032971 -0.027922 0.806288 158 109 88
-0.033218 -0.023620 0.803874 168 119 97
-0.033457 -0.019284 0.801453 181 132 109
-0.033643 -0.014849 0.799048 178 131 107
-0.033749 -0.010275 0.796672 166 119 95
-0.033684 -0.005425 0.794366 160 114 90
-0.033280 -0.000047 0.792210 160 110 88
-0.032615 0.005756 0.790161 157 108 87
-0.031552 0.012195 0.788279 155 105 88
-0.029897 0.019579 0.786649 152 104 88
-0.027522 0.028119 0.785320 151 106 92
-0.024513 0.037709 0.784241 141 103 91
-0.020791 0.048492 0.783437 142 101 91
-0.016419 0.060395 0.782867 116 86 75
-0.012077 0.072381 0.782221 37 23 23
-0.008557 0.083201 0.781154 126 87 87
0.073809 -0.064085 0.961080 160 105 90
0.064867 -0.069029 0.952598 160 106 89
0.056828 -0.073113 0.944798 160 107 88
0.049886 -0.076104 0.937801 159 108 88
0.043453 -0.078626 0.931195 156 105 85
0.037593 -0.080594 0.925018 156 105 87
0.032247 -0.082061 0.919222 156 107 88
0.027371 -0.083064 0.913772 153 108 87
0.022932 -0.083630 0.908641 155 108 86
0.018754 -0.083949 0.903708 156 107 86
0.015013 -0.083809 0.899085 158 107 85
0.011692 -0.083222 0.894754 159 108 88
0.008707 -0.082273 0.890657 158 107 86
0.005868 -0.081180 0.886667 173 122 101
0.003122 -0.080005 0.882750 171 120 98
0.000423 -0.078798 0.878875 156 104 82
-0.002183 -0.077504 0.875070 160 108 84
-0.004720 -0.076150 0.871320 160 109 84
-0.007167 -0.074706 0.867637 159 110 87
-0.009562 -0.073220 0.863996 160 112 89
-0.011879 -0.071656 0.860413 160 114 87
-0.014062 -0.069942 0.856919 163 114 91
-0.016049 -0.067996 0.853551 163 112 90
-0.017886 -0.065870 0.850278 166 113 91
-0.019520 -0.063492 0.847130 166 113 91
-0.021177 -0.061152 0.843971 171 120 98
-0.022773 -0.058738 0.840851 173 122 100
-0.024287 -0.056222 0.837781 182 131 109
-0.025698 -0.053573 0.834772 182 132 110
-0.027005 -0.050786 0.831823 186 135 113
-0.028157 -0.047791 0.828961 184 133 113
-0.029192 -0.044634 0.826162 182 133 113
-0.030176 -0.041401 0.823389 181 132 111
-0.031051 -0.038013 0.820672 181 135 113
-0.031827 -0.034477 0.818004 176 131 109
-0.032476 -0.030753 0.815399 173 125 104
-0.033022 -0.026869 0.812842 168 118 97
-0.033463 -0.022821 0.810333 164 114 93
-0.033771 -0.018565 0.807884 162 113 92
-0.034039 -0.014230 0.805445 163 114 93
-0.034212 -0.009735 0.803044 162 115 93
-0.034314 -0.005111 0.800668 160 114 92
-0.034208 -0.000156 0.798382 160 111 90
-0.033628 0.005536 0.796315 160 110 90
-0.032619 0.011912 0.794438 164 113 93
-0.031159 0.019018 0.792754 160 110 93
-0.029287 0.026811 0.791236 154 107 91
-0.026941 0.035401 0.789908 149 107 94
-0.024308 0.044515 0.788674 135 99 88
-0.021055 0.054682 0.787682 109 81 70
-0.017610 0.065253 0.786728 40 29 29
-0.013897 0.076353 0.785841 55 34 39
0.073444 -0.059140 0.966299 160 103 89
0.064830 -0.063770 0.957959 160 105 89
0.057118 -0.067529 0.950307 159 106 88
0.050167 -0.070552 0.943234 160 107 88
0.043747 -0.073077 0.936572 156 105 85
0.037714 -0.075254 0.930217 157 106 88
0.032277 -0.076833 0.924306 154 107 87
0.027356 -0.077895 0.918777 154 110 89
0.022874 -0.078511 0.913573 154 109 89
0.018664 -0.078868 0.908577 156 107 86
0.014801 -0.078869 0.903835 156 107 86
0.011216 -0.078586 0.899298 158 107 87
0.007989 -0.077919 0.895015 159 109 88
0.004989 -0.077013 0.890895 160 110 90
0.002188 -0.075898 0.886918 160 110 89
-0.000426 -0.074582 0.883074 162 111 89
-0.002974 -0.073209 0.879283 178 126 105
-0.005450 -0.071770 0.875549 176 124 102
-0.007839 -0.070245 0.871879 160 111 87
-0.010176 -0.068674 0.868253 157 108 85
-0.012452 -0.067046 0.864673 160 111 88
-0.014612 -0.065289 0.861172 160 111 88
-0.016595 -0.063320 0.857788 162 111 89
-0.018466 -0.061220 0.854477 164 113 91
-0.020154 -0.058892 0.851281 167 114 92
-0.021815 -0.056536 0.848105 167 114 94
-0.023384 -0.054066 0.844986 165 114 94
-0.024834 -0.051442 0.841939 167 116 96
-0.026186 -0.048689 0.838951 166 115 95
-0.027460 -0.045833 0.836008 167 114 94
-0.028635 -0.042841 0.833120 167 115 95
-0.029684 -0.039673 0.830303 166 115 95
-0.030664 -0.036404 0.827522 166 116 95
-0.031523 -0.032961 0.824805 165 116 96
-0.032320 -0.029421 0.822118 166 119 99
-0.033020 -0.025733 0.819478 162 117 95
-0.033591 -0.021849 0.816902 165 116 95
-0.034111 -0.017877 0.814346 164 115 94
-0.034476 -0.013663 0.811864 162 113 92
-0.034706 -0.009233 0.809442 162 113 92
-0.034819 -0.004608 0.807071 164 116 94
-0.034896 0.000097 0.804705 167 118 97
-0.034689 0.005250 0.802471 176 126 106
-0.033791 0.011474 0.800568 165 115 95
-0.032383 0.018518 0.798896 160 109 89
-0.030684 0.026066 0.797338 159 108 91
-0.028895 0.033818 0.795790 154 110 93
-0.027095 0.041658 0.794216 140 104 91
-0.024887 0.050202 0.792800 62 50 43
-0.022177 0.059615 0.791583 40 29 28
-0.019206 0.069532 0.790441 41 32 33
-0.016134 0.079710 0.789299 51 17 20
0.065173 -0.058026 0.963658 160 104 89
0.057385 -0.061898 0.955874 160 105 90
0.050733 -0.064607 0.948940 160 107 89
0.044256 -0.067212 0.942171 156 105 85
0.038072 -0.069573 0.935649 157 106 88
0.032489 -0.071329 0.929581 152 108 88
0.027490 -0.072484 0.923949 151 111 89
0.022943 -0.073179 0.918654 153 110 89
0.018699 -0.073575 0.913592 157 110 88
0.014792 -0.073624 0.908782 158 108 87
0.011173 -0.073377 0.904186 158 109 88
0.007737 -0.072951 0.899731 160 109 89
0.004467 -0.072363 0.895404 160 109 89
0.001474 -0.071474 0.891275 162 110 88
-0.001281 -0.070322 0.887315 163 110 88
-0.003898 -0.069027 0.883457 162 111 89
-0.006414 -0.067629 0.879675 162 111 89
-0.008805 -0.066097 0.875984 162 113 90
-0.011130 -0.064501 0.872345 167 118 95
-0.013317 -0.062749 0.868801 181 132 109
-0.015340 -0.060803 0.865367 176 128 105
-0.017244 -0.058717 0.862013 164 115 92
-0.019070 -0.056540 0.858712 160 111 88
-0.020754 -0.054187 0.855502 160 108 86
-0.022377 -0.051760 0.852333 163 110 90
-0.023948 -0.049271 0.849198 165 112 92
-0.025377 -0.046594 0.846150 164 113 93
-0.026674 -0.043741 0.843182 164 111 91
-0.027961 -0.040875 0.840218 163 110 90
-0.029172 -0.037904 0.837299 163 111 91
-0.030243 -0.034737 0.834459 164 111 91
-0.031217 -0.031430 0.831671 164 113 93
-0.032122 -0.028019 0.828920 163 114 93
-0.032946 -0.024484 0.826209 162 114 93
-0.033652 -0.020771 0.823560 163 116 94
-0.034276 -0.016928 0.820949 160 112 91
-0.034824 -0.012959 0.818373 168 119 98
-0.035144 -0.008641 0.815911 179 130 107
-0.035314 -0.004081 0.813520 179 130 108
-0.035411 0.000611 0.811155 168 119 96
-0.035391 0.005504 0.808839 163 114 93
-0.034906 0.011128 0.806750 163 112 92
-0.033595 0.018041 0.805064 163 112 92
-0.031951 0.025522 0.803521 160 110 92
-0.030486 0.032793 0.801855 160 109 92
-0.029164 0.039906 0.800088 150 109 90
-0.027821 0.047113 0.798303 74 57 53
-0.025906 0.055278 0.796766 51 48 51
-0.023621 0.064105 0.795372 28 23 26
-0.020587 0.074208 0.794292 14 4 13
0.058125 -0.055661 0.961854 160 105 90
0.050898 -0.059036 0.954441 159 106 88
0.044521 -0.061546 0.947677 158 106 86
0.038320 -0.063943 0.941078 157 106 88
0.032688 -0.065766 0.934919 151 107 88
0.027625 -0.067002 0.929190 150 110 90
0.023024 -0.067762 0.923812 154 111 90
0.018735 -0.068211 0.918675 156 110 88
0.014789 -0.068303 0.913798 156 109 87
0.011088 -0.068149 0.909109 159 110 89
0.007548 -0.067842 0.904550 160 109 89
0.004224 -0.067313 0.900153 160 109 89
0.001105 -0.066570 0.895910 162 109 87
-0.001819 -0.065616 0.891812 163 110 88
-0.004564 -0.064470 0.887846 164 111 89
-0.007177 -0.063184 0.883977 162 111 89
-0.009669 -0.061769 0.880199 160 112 89
-0.012106 -0.060306 0.876467 163 114 91
-0.014364 -0.058635 0.872859 164 115 92
-0.016407 -0.056703 0.869395 163 114 91
-0.018310 -0.054601 0.866026 166 115 93
-0.020079 -0.052335 0.862746 165 114 92
-0.021696 -0.049876 0.859564 166 113 91
-0.023273 -0.047369 0.856409 173 120 98
-0.024825 -0.044834 0.853272 178 126 106
-0.026211 -0.042077 0.850238 179 129 108
-0.027468 -0.039147 0.847282 182 132 112
-0.028734 -0.036228 0.844319 182 131 111
-0.029924 -0.033202 0.841402 182 131 111
-0.030983 -0.029990 0.838559 182 131 111
-0.031946 -0.026639 0.835769 181 131 110
-0.032875 -0.023230 0.832996 178 130 108
-0.033731 -0.019710 0.830261 173 125 104
-0.034475 -0.016019 0.827583 167 119 97
-0.035117 -0.012167 0.824958 164 116 92
-0.035614 -0.008089 0.822405 167 118 97
-0.035875 -0.003645 0.819974 165 116 95
-0.036020 0.000994 0.817595 166 115 93
-0.035989 0.005922 0.815298 166 115 93
-0.035677 0.011303 0.813137 165 114 94
-0.034857 0.017492 0.811227 164 113 93
-0.033338 0.024798 0.809660 163 112 92
-0.031842 0.032132 0.808051 162 111 92
-0.030787 0.038846 0.806185 157 110 92
-0.029796 0.045514 0.804261 78 60 51
-0.028682 0.052429 0.802373 49 44 51
-0.027062 0.060205 0.800710 41 36 44
-0.024498 0.069557 0.799476 19 12 16
0.051251 -0.053178 0.960150 162 105 87
0.044441 -0.056202 0.953010 160 105 86
0.038522 -0.058290 0.946550 157 106 88
0.032936 -0.060072 0.940363 152 109 89
0.027800 -0.061400 0.934531 150 110 89
0.023076 -0.062307 0.929018 150 111 89
0.018741 -0.062811 0.923805 155 113 92
0.014751 -0.062954 0.918857 156 111 91
0.010931 -0.062939 0.914048 158 112 90
0.007277 -0.062767 0.909374 160 111 90
0.003888 -0.062313 0.904900 160 109 89
0.000726 -0.061613 0.900598 163 110 88
-0.002267 -0.060738 0.896424 160 110 88
-0.005090 -0.059679 0.892379 162 111 89
-0.007746 -0.058437 0.888457 164 111 89
-0.010269 -0.057049 0.884634 164 112 90
-0.012733 -0.055610 0.880861 165 114 92
-0.015056 -0.054008 0.877190 164 113 91
-0.017177 -0.052162 0.873657 165 114 92
-0.019143 -0.050128 0.870230 166 113 91
-0.020962 -0.047909 0.866903 165 114 92
-0.022616 -0.045480 0.863684 167 114 94
-0.024247 -0.043027 0.860482 168 115 95
-0.025831 -0.040517 0.857313 168 115 93
-0.027227 -0.037753 0.854261 169 116 96
-0.028486 -0.034802 0.851294 168 115 95
-0.029704 -0.031793 0.848351 168 115 93
-0.030828 -0.028651 0.845462 169 116 94
-0.031837 -0.025342 0.842641 170 117 95
-0.032764 -0.021909 0.839865 168 117 95
-0.033645 -0.018403 0.837112 167 117 96
-0.034463 -0.014797 0.834390 167 118 96
-0.035173 -0.011022 0.831726 164 117 94
-0.035676 -0.006930 0.829174 166 118 94
-0.036051 -0.002632 0.826685 168 116 93
-0.036251 0.001947 0.824284 167 116 93
-0.036301 0.006776 0.821955 166 116 91
-0.036018 0.012135 0.819795 165 114 92
-0.035399 0.018042 0.817801 164 113 93
-0.034472 0.024465 0.815952 164 113 93
-0.033162 0.031529 0.814283 163 112 93
-0.032111 0.038252 0.812449 163 112 93
-0.031257 0.044721 0.810487 101 73 64
-0.030611 0.050912 0.808393 60 56 57
-0.029460 0.057953 0.806536 43 35 45
-0.027681 0.066055 0.804968 16 8 14
0.044496 -0.050631 0.958510 163 104 89
0.038247 -0.053120 0.951750 158 106 88
0.032794 -0.054761 0.945603 154 111 91
0.027857 -0.055862 0.939859 152 111 91
0.023061 -0.056860 0.934247 151 110 90
0.018664 -0.057439 0.928945 155 112 91
0.014583 -0.057691 0.923891 154 111 89
0.010636 -0.057829 0.918955 158 112 92
0.006861 -0.057804 0.914160 160 111 90
0.003367 -0.057475 0.909581 160 111 89
0.000145 -0.056847 0.905205 160 111 89
-0.002869 -0.055990 0.900989 160 112 89
-0.005689 -0.054919 0.896918 162 110 89
-0.008351 -0.053674 0.892967 164 111 89
-0.010850 -0.052244 0.889136 164 113 91
-0.013273 -0.050738 0.885366 164 113 91
-0.015585 -0.049109 0.881679 164 113 91
-0.017668 -0.047195 0.878150 165 113 91
-0.019627 -0.045131 0.874709 167 114 92
-0.021470 -0.042924 0.871349 165 114 93
-0.023183 -0.040552 0.868076 167 114 94
-0.024843 -0.038116 0.864840 167 114 94
-0.026418 -0.035569 0.861661 168 115 95
-0.027849 -0.032828 0.858574 168 115 95
-0.029109 -0.029852 0.855594 169 116 96
-0.030284 -0.026755 0.852666 167 116 94
-0.031347 -0.023496 0.849804 168 117 95
-0.032321 -0.020105 0.846994 168 117 96
-0.033234 -0.016618 0.844217 168 117 96
-0.034055 -0.012990 0.841490 167 116 95
-0.034808 -0.009252 0.838799 166 118 95
-0.035407 -0.005275 0.836191 165 118 95
-0.035804 -0.000984 0.833693 165 119 96
-0.036093 0.003489 0.831248 166 116 94
-0.036253 0.008180 0.828866 165 114 92
-0.036197 0.013223 0.826593 166 116 91
-0.035805 0.018809 0.824493 168 115 93
-0.035146 0.024843 0.822523 167 114 94
-0.034346 0.031143 0.820609 165 114 94
-0.033347 0.037800 0.818781 165 114 94
-0.032536 0.044216 0.816826 168 115 97
-0.032111 0.050073 0.814642 55 32 38
-0.031063 0.056963 0.812768 74 65 69
-0.029826 0.064213 0.810965 55 42 52
0.038120 -0.047709 0.957125 156 106 91
0.032616 -0.049422 0.950884 157 106 89
0.027409 -0.050855 0.944894 151 109 89
0.022814 -0.051619 0.939378 153 110 89
0.018497 -0.052105 0.934089 153 110 89
0.014357 -0.052429 0.928951 155 112 91
0.010333 -0.052662 0.923919 157 112 92
0.006434 -0.052790 0.918999 157 112 92
0.002864 -0.052553 0.914331 159 112 92
-0.000389 -0.051958 0.909902 160 113 93
-0.003439 -0.051140 0.905631 162 114 94
-0.006252 -0.050052 0.901538 164 111 90
-0.008907 -0.048786 0.897565 165 112 90
-0.011390 -0.047322 0.893721 164 113 91
-0.013778 -0.045757 0.889950 165 112 90
-0.016043 -0.044050 0.886272 164 112 90
-0.018062 -0.042031 0.882765 166 113 91
-0.019964 -0.039871 0.879341 167 114 92
-0.021749 -0.037562 0.876000 167 114 94
-0.023444 -0.035141 0.872720 167 114 94
-0.025073 -0.032635 0.869487 168 115 95
-0.026585 -0.029973 0.866332 168 115 95
-0.027967 -0.027134 0.863260 168 117 97
-0.029186 -0.024067 0.860292 167 116 96
-0.030374 -0.020954 0.857341 167 116 96
-0.031415 -0.017626 0.854481 168 117 97
-0.032352 -0.014144 0.851682 167 116 96
-0.033232 -0.010571 0.848913 168 117 97
-0.034005 -0.006831 0.846205 168 117 97
-0.034692 -0.002951 0.843543 166 119 97
-0.035251 0.001131 0.840950 164 119 98
-0.035684 0.005419 0.838423 164 119 99
-0.035960 0.009963 0.835979 166 117 96
-0.036102 0.014735 0.833602 167 116 96
-0.036040 0.019846 0.831330 167 116 96
-0.035653 0.025487 0.829228 169 116 96
-0.035077 0.031461 0.827214 168 115 95
-0.034439 0.037577 0.825214 168 115 95
-0.033618 0.044026 0.823295 167 114 96
-0.033064 0.050103 0.821206 164 111 95
-0.032133 0.056826 0.819300 143 102 98
0.032937 -0.043413 0.956604 143 97 82
0.027242 -0.045444 0.950198 158 107 89
0.022651 -0.046208 0.944637 153 108 89
0.018406 -0.046607 0.939355 152 108 89
0.014296 -0.046893 0.934196 155 111 91
0.010177 -0.047243 0.929053 156 113 92
0.006185 -0.047486 0.924026 156 112 92
0.002538 -0.047342 0.919266 158 113 93
-0.000850 -0.046912 0.914709 159 113 93
-0.003950 -0.046151 0.910372 160 114 94
-0.006783 -0.045078 0.906236 163 112 92
-0.009455 -0.043824 0.902226 166 113 91
-0.011961 -0.042378 0.898341 166 113 91
-0.014362 -0.040814 0.894538 165 112 90
-0.016640 -0.039109 0.890829 167 113 91
-0.018670 -0.037087 0.887295 166 114 92
-0.020507 -0.034818 0.883897 167 114 94
-0.022191 -0.032350 0.880604 167 114 94
-0.023838 -0.029837 0.877340 168 115 95
-0.025424 -0.027247 0.874118 168 115 95
-0.026898 -0.024503 0.870972 169 116 96
-0.028283 -0.021639 0.867884 167 116 97
-0.029540 -0.018594 0.864878 166 117 98
-0.030688 -0.015390 0.861941 166 117 96
-0.031677 -0.011953 0.859102 167 117 96
-0.032574 -0.008374 0.856318 167 116 96
-0.033396 -0.004677 0.853575 168 117 97
-0.034101 -0.000795 0.850899 167 117 97
-0.034765 0.003161 0.848242 164 119 99
-0.035348 0.007254 0.845627 163 120 99
-0.035706 0.011702 0.843139 165 120 100
-0.035924 0.016387 0.840725 167 118 97
-0.036065 0.021214 0.838344 167 116 96
-0.035938 0.026482 0.836107 168 117 97
-0.035544 0.032200 0.834010 168 117 97
-0.035097 0.038040 0.831924 170 117 97
-0.034486 0.044179 0.829913 168 116 96
-0.033668 0.050695 0.827998 167 114 96
-0.032496 0.057828 0.826256 167 111 97
-0.031314 0.065038 0.824493 155 112 108
0.022828 -0.040305 0.950218 147 101 84
0.018698 -0.040560 0.944975 152 106 88
0.014553 -0.040885 0.939744 152 108 89
0.010477 -0.041177 0.934588 155 112 92
0.006311 -0.041635 0.929390 155 112 91
0.002390 -0.041835 0.924393 156 111 91
-0.001169 -0.041617 0.919678 158 112 92
-0.004427 -0.041052 0.915197 162 113 92
-0.007154 -0.039830 0.911107 163 112 92
-0.009831 -0.038568 0.907066 165 112 92
-0.012429 -0.037229 0.903091 165 113 93
-0.014938 -0.035795 0.899189 166 113 92
-0.017271 -0.034148 0.895420 167 114 94
-0.019323 -0.032138 0.891851 167 114 93
-0.021144 -0.029825 0.888447 167 114 95
-0.022802 -0.027299 0.885156 168 115 96
-0.024404 -0.024699 0.881906 168 115 97
-0.025945 -0.022021 0.878698 167 116 98
-0.027393 -0.019215 0.875554 168 117 98
-0.028818 -0.016379 0.872426 167 118 99
-0.030134 -0.013388 0.869370 166 117 99
-0.031214 -0.010055 0.866466 165 117 98
-0.032169 -0.006533 0.863640 166 119 98
-0.033045 -0.002889 0.860859 168 117 98
-0.033823 0.000913 0.858137 168 117 96
-0.034476 0.004911 0.855486 166 119 100
-0.035117 0.008943 0.852836 163 118 99
-0.035666 0.013132 0.850235 164 121 101
-0.035878 0.017850 0.847833 164 120 101
-0.036007 0.022723 0.845468 166 119 99
-0.036051 0.027753 0.843142 167 117 98
-0.035788 0.033293 0.840985 168 117 97
-0.035490 0.038926 0.838832 168 117 98
-0.035187 0.044604 0.836664 168 116 96
-0.034327 0.051210 0.834801 168 114 98
-0.033154 0.058369 0.833095 167 111 96
-0.030615 0.067794 0.832137 170 108 100
0.014941 -0.034626 0.945470 148 106 88
0.011046 -0.034682 0.940402 152 107 89
0.006909 -0.035097 0.935177 155 110 91
0.003081 -0.035166 0.930204 156 110 90
-0.000486 -0.034945 0.925441 157 110 91
-0.003862 -0.034518 0.920835 160 112 91
-0.006966 -0.033771 0.916443 164 112 92
-0.009801 -0.032701 0.912258 165 112 94
-0.012443 -0.031402 0.908224 164 113 95
-0.015002 -0.030016 0.904260 165 114 95
-0.017347 -0.028364 0.900456 165 115 96
-0.019533 -0.026514 0.896772 166 114 95
-0.021467 -0.024333 0.893269 168 115 97
-0.023251 -0.021954 0.889875 167 115 99
-0.024914 -0.019414 0.886568 167 116 98
-0.026457 -0.016711 0.883344 168 116 99
-0.027884 -0.013847 0.880200 166 117 98
-0.029285 -0.010947 0.877074 166 118 100
-0.030581 -0.007896 0.874017 165 117 99
-0.031644 -0.004505 0.871113 164 117 99
-0.032605 -0.000955 0.868274 166 118 99
-0.033469 0.002745 0.865492 167 118 99
-0.034225 0.006618 0.862776 168 118 99
-0.034845 0.010708 0.860139 165 118 100
-0.035393 0.014925 0.857541 162 118 99
-0.035819 0.019345 0.855011 162 121 101
-0.035970 0.024211 0.852643 163 121 101
-0.036105 0.029128 0.850272 164 120 101
-0.036094 0.034302 0.847977 166 119 99
-0.035830 0.039906 0.845822 166 118 99
-0.035494 0.045662 0.843692 167 116 99
-0.034851 0.051948 0.841728 164 114 97
-0.033908 0.058764 0.839919 165 110 97
-0.032374 0.066592 0.838431 169 105 97
0.008091 -0.027709 0.941489 145 102 86
0.004318 -0.027690 0.936508 162 112 94
0.000641 -0.027594 0.931619 159 109 90
-0.002546 -0.026895 0.927111 160 109 92
-0.006004 -0.026594 0.922420 163 110 92
-0.009215 -0.026003 0.917928 164 111 93
-0.012108 -0.025020 0.913681 160 111 94
-0.014533 -0.023428 0.909783 163 113 95
-0.017318 -0.022353 0.905638 163 114 96
-0.019673 -0.020713 0.901810 164 114 98
-0.021675 -0.018602 0.898238 166 116 99
-0.023402 -0.016115 0.894865 166 116 100
-0.025087 -0.013577 0.891524 166 117 100
-0.026675 -0.010908 0.888252 165 117 100
-0.028069 -0.007964 0.885115 165 117 100
-0.029492 -0.005063 0.881958 164 118 101
-0.030803 -0.001999 0.878878 164 117 100
-0.031833 0.001479 0.875985 163 117 100
-0.032773 0.005098 0.873148 165 117 99
-0.033649 0.008823 0.870349 167 118 100
-0.034386 0.012768 0.867635 167 119 100
-0.034938 0.017007 0.865035 164 119 100
-0.035365 0.021458 0.862508 160 119 99
-0.035673 0.026112 0.860047 160 120 101
-0.035744 0.031159 0.857725 160 121 102
-0.036041 0.035882 0.855248 160 120 102
-0.035901 0.041321 0.853032 160 120 102
-0.035597 0.047053 0.850900 158 117 100
-0.035069 0.053186 0.848889 157 114 100
-0.034527 0.059384 0.846865 150 104 96
-0.029799 0.072423 0.847340 162 97 95
0.000673 -0.021583 0.937079 135 92 74
-0.002967 -0.021476 0.932198 151 104 86
-0.005893 -0.020453 0.927865 160 109 92
-0.008760 -0.019384 0.923589 160 108 92
-0.011378 -0.018003 0.919509 159 108 92
-0.013968 -0.016610 0.915460 159 110 93
-0.016457 -0.015102 0.911495 160 111 95
-0.018743 -0.013334 0.907686 159 113 99
-0.020966 -0.011496 0.903930 160 114 100
-0.022848 -0.009192 0.900424 160 115 102
-0.024602 -0.006715 0.897013 160 115 100
-0.026221 -0.004052 0.893699 162 116 101
-0.027731 -0.001236 0.890463 163 117 100
-0.029174 0.001675 0.887274 163 117 103
-0.030482 0.004784 0.884179 163 117 101
-0.031523 0.008291 0.881264 162 116 100
-0.032480 0.011933 0.878403 165 116 99
-0.033445 0.015570 0.875532 166 116 98
-0.034269 0.019432 0.872751 166 118 100
-0.034858 0.023666 0.870118 162 120 101
-0.035378 0.028025 0.867524 159 120 101
-0.035780 0.032588 0.864996 155 121 101
-0.035890 0.037631 0.862648 151 117 100
-0.035681 0.043206 0.860489 150 120 105
-0.035521 0.048744 0.858284 143 107 96
-0.034941 0.054991 0.856326 138 91 82
-0.011036 -0.011418 0.925141 134 98 82
-0.013564 -0.009915 0.921107 152 112 97
-0.015567 -0.007701 0.917468 158 112 98
-0.018000 -0.006105 0.913523 155 108 98
-0.020276 -0.004309 0.909700 155 110 99
-0.022219 -0.002056 0.906125 157 112 101
-0.023990 0.000435 0.902678 158 112 101
-0.025671 0.003047 0.899299 157 110 99
-0.027209 0.005863 0.896023 158 111 99
-0.028619 0.008866 0.892839 159 110 99
-0.029965 0.011963 0.889699 160 112 99
-0.031152 0.015299 0.886668 160 112 98
-0.032152 0.018922 0.883764 163 112 96
-0.033089 0.022650 0.880898 164 111 96
-0.033939 0.026522 0.878087 159 112 96
-0.034431 0.030961 0.875511 156 113 102
-0.034886 0.035479 0.872950 149 111 99
-0.035346 0.040010 0.870377 139 109 96
-0.035422 0.045171 0.868045 129 95 87
-0.018750 0.004187 0.916178 133 98 75
-0.020806 0.006323 0.912490 138 98 81
-0.022978 0.008276 0.908725 145 94 84
-0.024961 0.010490 0.905104 150 90 85
-0.026848 0.012833 0.901557 151 90 85
-0.028457 0.015580 0.898213 153 90 86
-0.029680 0.018902 0.895143 154 91 86
-0.030747 0.022465 0.892182 152 87 82
-0.031686 0.026231 0.889306 148 83 77
-0.032454 0.030269 0.886543 145 79 74
-0.033137 0.034455 0.883833 142 76 73
0.232920 -0.041616 0.653190 73 76 76
0.037222 -0.198631 0.764574 194 193 180
0.037988 -0.196288 0.759896 173 174 158
0.204437 -0.051013 0.646411 125 119 114
0.209234 -0.048257 0.646691 123 118 118
0.224846 -0.039635 0.648459 103 107 106
0.032414 -0.195393 0.760700 195 197 183
0.032823 -0.193041 0.755415 175 176 162
0.034798 -0.190864 0.752937 158 162 152
0.202332 -0.046108 0.642871 126 114 109
0.211760 -0.040580 0.643248 102 101 101
0.217768 -0.037512 0.644629 105 106 106
0.225411 -0.034059 0.647517 71 74 72
0.029582 -0.194799 0.766425 47 49 52
0.027403 -0.192172 0.756396 198 200 189
0.027749 -0.189846 0.751021 170 173 158
0.030025 -0.187716 0.749120 165 169 159
0.200720 -0.041137 0.639830 123 106 95
0.205038 -0.038450 0.639657 115 109 106
0.210341 -0.035529 0.640408 104 103 102
0.218985 -0.031830 0.644332 61 61 60
0.229248 -0.027719 0.649701 83 81 78
0.025814 -0.191694 0.764335 45 47 50
0.022756 -0.189027 0.752679 181 182 174
0.022990 -0.186721 0.747121 178 178 162
0.202873 -0.033623 0.636091 97 90 87
0.211276 -0.029955 0.639858 70 65 59
0.223114 -0.025435 0.646829 84 81 76
0.235139 -0.020810 0.653823 84 72 73
0.022033 -0.188611 0.762182 48 45 44
0.018766 -0.185977 0.750100 120 123 120
0.018663 -0.183671 0.743935 179 179 163
0.196084 -0.031626 0.632385 95 83 79
0.202294 -0.028458 0.634084 83 76 70
0.215859 -0.023474 0.642831 78 76 70
0.229397 -0.018425 0.651368 88 82 80
0.021940 -0.188246 0.773101 141 146 137
0.018612 -0.185582 0.760654 101 80 83
0.015555 -0.183016 0.748906 58 63 64
0.014806 -0.180687 0.741548 192 190 173
0.189064 -0.029746 0.628401 110 98 88
0.194830 -0.026675 0.629725 75 70 65
0.207338 -0.021895 0.637549 58 57 54
0.221453 -0.016643 0.646754 83 81 78
0.231658 -0.012322 0.652028 71 68 66
0.018838 -0.185211 0.772202 144 150 143
0.015744 -0.182616 0.760132 144 126 124
0.012831 -0.180105 0.748587 43 47 47
0.011310 -0.177753 0.739781 187 186 176
0.182578 -0.027796 0.624894 135 124 105
0.188536 -0.024666 0.626463 60 57 51
0.200022 -0.020091 0.633377 38 39 37
0.214306 -0.014730 0.642853 80 77 75
0.225190 -0.010190 0.648861 78 75 72
0.235477 -0.005758 0.654161 64 54 52
0.015748 -0.182190 0.771303 124 130 127
0.013052 -0.179671 0.759922 102 101 93
0.010884 -0.177252 0.749708 48 45 45
0.008165 -0.174859 0.738629 71 70 67
0.008075 -0.172662 0.732541 185 185 168
0.144421 -0.049705 0.631863 135 131 114
0.176682 -0.025753 0.621930 144 136 125
0.182308 -0.022696 0.623221 80 76 71
0.193385 -0.018176 0.629818 33 29 31
0.206711 -0.013001 0.638461 78 76 75
0.218502 -0.008174 0.645436 80 79 74
0.226265 -0.004390 0.648394 71 66 62
0.012811 -0.179192 0.770675 77 82 78
0.010660 -0.176752 0.760271 77 80 64
0.008706 -0.174381 0.750401 121 109 106
0.006384 -0.172047 0.739992 49 48 49
0.004655 -0.169797 0.730839 170 170 159
0.139842 -0.047359 0.629911 145 141 125
0.166056 -0.028150 0.622742 135 122 100
0.168332 -0.025979 0.620743 135 122 102
0.171590 -0.023548 0.619732 140 128 116
0.177472 -0.020407 0.621323 103 101 93
0.188177 -0.015934 0.627623 26 22 25
0.199895 -0.011132 0.634776 74 71 69
0.212617 -0.005993 0.642746 83 80 75
0.218404 -0.002737 0.643856 77 72 68
0.011723 -0.178645 0.780058 63 60 60
0.010067 -0.176218 0.770400 60 57 58
0.008523 -0.173849 0.761105 104 106 100
0.006749 -0.171520 0.751513 119 101 102
0.004638 -0.169230 0.741434 67 55 60
0.002622 -0.166999 0.731685 48 52 48
0.155207 -0.030610 0.623137 141 133 112
0.158232 -0.028256 0.621955 142 132 110
0.160747 -0.026032 0.620233 136 123 101
0.163500 -0.023742 0.618749 134 121 99
0.167444 -0.021125 0.618461 80 72 63
0.174166 -0.017733 0.620932 109 106 96
0.185747 -0.012960 0.628161 28 23 26
0.195345 -0.008687 0.633276 70 68 66
0.205922 -0.004092 0.639225 83 81 76
0.211794 -0.000800 0.640472 78 76 71
0.219762 0.003122 0.643676 68 60 53
0.007138 -0.173241 0.769750 70 71 69
0.006105 -0.170932 0.761398 157 156 155
0.004418 -0.168641 0.751918 102 90 91
0.002705 -0.166400 0.742532 118 100 103
0.000825 -0.164205 0.732975 42 42 45
0.000031 -0.162083 0.725582 84 87 81
0.000160 -0.160010 0.719989 171 171 157
0.007514 -0.153898 0.716075 153 151 138
0.009847 -0.151853 0.714536 160 160 146
0.130815 -0.042739 0.626059 133 132 115
0.144592 -0.033015 0.623578 151 144 125
0.147781 -0.030630 0.622627 144 141 123
0.150715 -0.028307 0.621389 145 135 117
0.152979 -0.026160 0.619437 141 132 109
0.155365 -0.023978 0.617611 134 122 98
0.158995 -0.021452 0.617059 138 125 105
0.163888 -0.018565 0.617768 52 49 45
0.171402 -0.014920 0.621076 129 124 116
0.182317 -0.010272 0.627697 29 23 25
0.192006 -0.005925 0.632953 70 67 66
0.200000 -0.002027 0.636415 81 80 76
0.205400 0.001141 0.637252 78 76 71
0.212117 0.004719 0.639310 77 69 64
0.004291 -0.170280 0.769243 71 71 68
0.003623 -0.168015 0.761562 78 79 78
0.002364 -0.165771 0.752854 77 77 72
0.001125 -0.163574 0.744313 112 98 98
-0.000460 -0.161414 0.735244 104 89 90
-0.001590 -0.159308 0.727165 48 43 47
-0.002131 -0.157245 0.720293 140 140 135
-0.001472 -0.155213 0.715720 158 154 147
0.000346 -0.153190 0.713301 171 167 156
0.003323 -0.151153 0.712980 164 162 149
0.006064 -0.149111 0.712208 157 157 143
0.129646 -0.038086 0.623423 138 137 119
0.136585 -0.033207 0.622299 138 134 116
0.140000 -0.030770 0.621641 147 142 124
0.142892 -0.028466 0.620402 139 134 116
0.145459 -0.026246 0.618804 139 132 111
0.147809 -0.024084 0.616970 139 129 105
0.150704 -0.021768 0.615702 135 126 96
0.155135 -0.019012 0.616008 80 75 63
0.160951 -0.015846 0.617692 57 55 54
0.168991 -0.012012 0.621573 139 138 130
0.178921 -0.007590 0.627254 25 23 23
0.187963 -0.003385 0.631916 74 70 70
0.194736 0.000184 0.634217 81 80 77
0.199544 0.003187 0.634513 81 78 73
0.205190 0.006459 0.635584 78 72 67
0.001149 -0.167317 0.768132 74 75 69
0.000694 -0.165090 0.760844 71 73 67
0.000459 -0.162902 0.754084 156 159 151
-0.000463 -0.160737 0.746096 91 89 86
-0.001688 -0.158608 0.737649 110 94 96
-0.002707 -0.156524 0.729713 94 75 79
-0.003794 -0.154479 0.721766 54 53 56
-0.003831 -0.152464 0.715877 200 197 199
-0.002944 -0.150460 0.711755 182 179 168
-0.000798 -0.148442 0.709958 165 164 149
0.002116 -0.146401 0.709540 155 155 140
0.052014 -0.099591 0.668112 154 152 138
0.119036 -0.040490 0.623364 140 136 118
0.122058 -0.038185 0.622386 138 134 116
0.125311 -0.035813 0.621648 136 135 116
0.128772 -0.033378 0.621119 135 134 115
0.132043 -0.030986 0.620356 140 136 118
0.137610 -0.026450 0.617719 135 128 111
0.140267 -0.024212 0.616248 133 125 107
0.142955 -0.021962 0.614801 144 131 106
0.146746 -0.019391 0.614500 130 123 106
0.151931 -0.016405 0.615619 55 50 47
0.158496 -0.012995 0.618106 70 67 65
0.166746 -0.009057 0.622237 100 98 93
0.175986 -0.004787 0.627264 25 25 25
0.183895 -0.000877 0.630834 80 79 77
0.189769 0.002444 0.632280 83 81 78
0.194151 0.005326 0.632194 86 79 75
0.199037 0.008376 0.632564 80 74 70
-0.001624 -0.164380 0.767730 77 76 71
-0.001898 -0.162183 0.760769 83 83 77
-0.001779 -0.160024 0.754673 80 82 75
-0.002439 -0.157887 0.747146 102 105 97
-0.003169 -0.155786 0.739594 107 94 94
-0.003847 -0.153722 0.732247 121 96 90
-0.004833 -0.151698 0.724425 95 79 78
-0.005337 -0.149703 0.717615 51 50 56
-0.005224 -0.147725 0.712039 140 137 131
-0.004057 -0.145737 0.708457 182 179 163
-0.001689 -0.143716 0.707082 170 167 155
0.045755 -0.099171 0.667645 158 156 141
0.048012 -0.097121 0.665973 159 157 142
0.120978 -0.033572 0.619848 134 130 112
0.124242 -0.031188 0.619129 137 134 111
0.135540 -0.022088 0.614154 138 137 117
0.139076 -0.019595 0.613636 89 90 80
0.143537 -0.016819 0.614067 46 47 39
0.149369 -0.013621 0.615889 54 53 48
0.156338 -0.010058 0.618825 68 65 58
0.164330 -0.006154 0.622726 44 41 37
0.172757 -0.002082 0.626969 33 31 31
0.179250 0.001427 0.629149 81 80 78
0.184309 0.004512 0.629821 83 80 77
0.189118 0.007535 0.630196 86 79 74
0.194067 0.010616 0.630666 81 72 69
-0.004329 -0.161454 0.767450 77 76 78
-0.004538 -0.159282 0.760588 83 84 77
-0.004527 -0.157143 0.754254 87 88 81
-0.004975 -0.155034 0.747110 122 124 122
-0.005321 -0.152958 0.740262 81 76 71
-0.005626 -0.150913 0.733589 113 94 91
-0.006057 -0.148901 0.726767 115 95 91
-0.006550 -0.146923 0.719925 98 83 83
-0.006842 -0.144970 0.713549 49 45 47
-0.006323 -0.143013 0.708752 101 102 97
-0.005173 -0.141047 0.705162 193 193 183
-0.003259 -0.139051 0.702984 207 203 198
-0.000545 -0.137011 0.702242 175 168 163
0.001956 -0.134977 0.701101 175 170 158
0.004052 -0.132966 0.699235 176 171 159
0.041935 -0.096696 0.665714 159 157 142
0.044203 -0.094651 0.664082 158 156 141
0.046445 -0.092609 0.662409 143 141 126
0.048725 -0.090558 0.660785 152 150 135
0.051004 -0.088506 0.659153 153 151 136
0.102231 -0.042672 0.623369 135 131 113
0.116557 -0.031389 0.617918 136 132 112
0.119586 -0.029070 0.616967 136 132 112
0.127907 -0.022305 0.613173 158 150 135
0.131645 -0.019756 0.612926 78 81 74
0.136144 -0.016969 0.613462 45 49 51
0.141412 -0.013935 0.614770 54 55 52
0.147314 -0.010687 0.616689 54 54 50
0.154032 -0.007165 0.619390 130 131 121
0.162048 -0.003211 0.623352 38 38 35
0.169480 0.000594 0.626613 49 47 46
0.175016 0.003827 0.627855 81 81 75
0.179624 0.006783 0.628105 86 79 73
0.184281 0.009767 0.628363 83 77 71
0.189397 0.012916 0.629036 80 70 67
-0.007488 -0.158531 0.766234 62 61 64
-0.007323 -0.156388 0.760102 83 83 79
-0.007482 -0.154273 0.753409 89 91 84
-0.007821 -0.152191 0.746453 90 92 88
-0.007883 -0.150136 0.740134 148 150 139
-0.007742 -0.148104 0.734292 91 81 75
-0.007636 -0.146099 0.728456 114 96 95
-0.007642 -0.144123 0.722487 115 97 97
-0.008037 -0.142189 0.715866 102 86 86
-0.007920 -0.140260 0.710286 58 51 52
-0.007364 -0.138330 0.705582 70 73 69
-0.006271 -0.136386 0.701910 175 176 167
0.024809 -0.106401 0.673739 154 152 137
0.026985 -0.104386 0.672020 154 152 137
0.029134 -0.102373 0.670255 156 154 140
0.031321 -0.100354 0.668546 160 155 142
0.033505 -0.098334 0.666830 162 159 145
0.035738 -0.096305 0.665184 160 159 144
0.038060 -0.094260 0.663665 160 159 144
0.040374 -0.092213 0.662128 143 141 126
0.042660 -0.090169 0.660543 158 156 141
0.044936 -0.088125 0.658938 151 149 134
0.047179 -0.086085 0.657279 153 150 135
0.098407 -0.040353 0.621974 133 130 113
0.101234 -0.038117 0.620892 131 128 109
0.104087 -0.035868 0.619827 131 126 109
0.112047 -0.029265 0.615857 139 134 116
0.114788 -0.027032 0.614611 134 130 112
0.117667 -0.024753 0.613506 143 137 122
0.120963 -0.022346 0.612848 146 154 134
0.124687 -0.019802 0.612635 75 78 67
0.129046 -0.017056 0.613082 48 48 48
0.134062 -0.014093 0.614193 53 53 52
0.139679 -0.010927 0.615894 47 46 41
0.145581 -0.007650 0.617831 64 59 55
0.152148 -0.004140 0.620398 67 68 61
0.159579 -0.000328 0.623784 29 25 28
0.165733 0.003103 0.625760 68 66 64
0.170779 0.006198 0.626533 83 82 75
0.174965 0.009026 0.626387 86 79 73
0.179618 0.012021 0.626676 83 75 70
0.185693 0.015503 0.628340 77 66 63
-0.010408 -0.153506 0.758992 83 83 80
-0.010764 -0.151421 0.751884 90 91 87
-0.010681 -0.149360 0.745747 96 98 91
-0.010522 -0.147323 0.739840 99 95 89
-0.010214 -0.145307 0.734303 156 150 141
-0.009590 -0.143301 0.729441 90 84 77
-0.009213 -0.141325 0.724168 113 97 94
-0.009000 -0.139379 0.718647 113 96 94
-0.008989 -0.137467 0.712820 108 93 93
-0.008949 -0.135577 0.707121 67 63 61
-0.008289 -0.133669 0.702631 62 66 60
0.021212 -0.103911 0.671935 154 149 135
0.023391 -0.101901 0.670243 153 150 136
0.025525 -0.099897 0.668478 154 152 139
0.027691 -0.097888 0.666760 158 156 143
0.029813 -0.095884 0.664972 160 158 145
0.036762 -0.089764 0.660463 157 155 140
0.039043 -0.087726 0.658892 160 158 143
0.043487 -0.083666 0.655564 155 150 136
0.102673 -0.031449 0.616880 144 140 122
0.105002 -0.029345 0.615207 137 133 115
0.110548 -0.024867 0.612850 150 147 131
0.114157 -0.022369 0.612590 140 136 126
0.118205 -0.019727 0.612788 68 72 67
0.122715 -0.016931 0.613459 40 41 39
0.127519 -0.014028 0.614404 57 56 52
0.132672 -0.010998 0.615676 46 44 41
0.138121 -0.007856 0.617211 55 54 48
0.144197 -0.004493 0.619351 128 122 117
0.150792 -0.000938 0.621967 26 23 25
0.156788 0.002447 0.623876 42 39 42
0.161966 0.005585 0.624869 80 78 75
0.166405 0.008494 0.625049 83 79 72
0.170823 0.011409 0.625168 83 78 72
0.175835 0.014537 0.625851 81 75 70
0.181978 0.018067 0.627617 71 61 57
-0.012592 -0.150625 0.759693 60 68 64
-0.013566 -0.148577 0.751294 92 93 89
-0.013686 -0.146545 0.744731 97 99 93
-0.013191 -0.144520 0.739475 102 102 96
-0.012658 -0.142514 0.734359 97 97 91
-0.011920 -0.140518 0.729703 169 163 156
-0.011188 -0.138539 0.725088 90 84 76
-0.010648 -0.136589 0.720160 117 101 99
-0.010211 -0.134665 0.715094 110 93 92
-0.009862 -0.132766 0.709927 106 92 90
-0.009679 -0.130901 0.704517 87 75 74
0.013712 -0.105382 0.674161 156 152 136
0.015740 -0.103402 0.672251 157 152 138
0.017821 -0.101414 0.670426 157 152 138
0.019947 -0.099418 0.668672 153 151 138
0.116400 -0.016819 0.613787 49 50 48
0.121115 -0.013938 0.614697 53 54 52
0.125853 -0.011034 0.615581 49 48 45
0.130767 -0.008057 0.616609 71 70 65
0.136550 -0.004780 0.618523 106 104 97
0.142969 -0.001272 0.621049 30 29 26
0.148611 0.002004 0.622671 32 32 32
0.153090 0.004910 0.623007 64 63 64
0.157747 0.007891 0.623488 80 77 72
0.162195 0.010814 0.623708 83 78 73
0.167023 0.013881 0.624279 77 74 67
0.172502 0.017187 0.625464 77 72 67
0.178910 0.020836 0.627529 81 70 53
-0.015807 -0.145726 0.751828 87 87 83
-0.015955 -0.143717 0.745172 99 101 95
-0.015495 -0.141709 0.739822 104 106 99
-0.014947 -0.139718 0.734713 109 109 103
-0.014136 -0.137732 0.730181 99 99 91
-0.013381 -0.135765 0.725592 163 159 152
-0.012525 -0.133807 0.721247 97 93 86
-0.011802 -0.131875 0.716697 112 102 97
-0.011149 -0.129964 0.712066 100 87 81
-0.010609 -0.128080 0.707277 103 86 82
-0.010059 -0.126212 0.702563 94 78 76
-0.009604 -0.124372 0.697729 68 63 63
-0.008809 -0.122513 0.693566 62 64 64
-0.007743 -0.120639 0.689932 73 70 70
0.010504 -0.102867 0.672883 154 152 137
0.012552 -0.100890 0.671023 158 153 139
0.014606 -0.098911 0.669172 157 152 138
0.016715 -0.096923 0.667409 148 145 132
0.079772 -0.039859 0.622211 146 142 124
0.082321 -0.037713 0.620892 156 152 134
0.084989 -0.035530 0.619709 162 158 135
0.114837 -0.013828 0.615062 54 53 50
0.119622 -0.010902 0.616062 43 46 43
0.124235 -0.008016 0.616820 50 50 45
0.129347 -0.004950 0.618077 93 92 85
0.135051 -0.001669 0.619921 48 48 46
0.140902 0.001683 0.621856 27 26 25
0.145372 0.004588 0.622248 55 53 54
0.149253 0.007305 0.621974 78 76 72
0.153427 0.010132 0.621977 80 77 72
0.158084 0.013140 0.622447 78 74 70
0.163259 0.016342 0.623407 77 72 66
0.169372 0.019893 0.625273 77 71 66
-0.018085 -0.140884 0.745892 101 101 96
-0.018174 -0.138921 0.739410 105 107 98
-0.017366 -0.136933 0.734805 110 112 103
-0.016203 -0.134936 0.730952 114 115 107
-0.015395 -0.132978 0.726443 105 109 100
-0.014578 -0.131034 0.722001 143 141 132
-0.013647 -0.129096 0.717827 116 115 103
-0.012814 -0.127181 0.713511 120 110 102
-0.011997 -0.125281 0.709213 95 82 78
-0.011172 -0.123396 0.704974 98 81 78
-0.010498 -0.121541 0.700502 95 80 77
-0.009962 -0.119716 0.695830 87 75 80
-0.009309 -0.117895 0.691422 60 56 58
-0.008315 -0.116046 0.687670 52 51 50
0.009268 -0.098413 0.669612 158 155 141
0.011384 -0.096429 0.667880 159 154 140
0.039010 -0.070537 0.645313 154 149 135
0.041027 -0.068566 0.643406 151 147 132
0.043061 -0.066590 0.641522 151 147 131
0.076361 -0.037517 0.621166 162 157 139
0.078778 -0.035411 0.619703 155 149 131
0.081195 -0.033303 0.618232 146 141 122
0.083456 -0.031240 0.616563 152 148 129
0.088466 -0.026958 0.613796 148 144 133
0.104330 -0.016474 0.614885 56 56 50
0.108817 -0.013654 0.615656 50 49 46
0.113346 -0.010804 0.616428 45 44 41
0.118104 -0.007864 0.617409 55 55 51
0.122889 -0.004899 0.618367 93 91 84
0.128228 -0.001730 0.619887 60 55 51
0.133754 0.001522 0.621549 22 23 22
0.138133 0.004398 0.621904 43 39 39
0.141925 0.007084 0.621587 74 70 67
0.145542 0.009718 0.621054 80 79 73
0.149752 0.012570 0.621122 75 73 66
0.154521 0.015632 0.621737 74 71 65
0.159666 0.018843 0.622695 75 69 64
0.166862 0.022811 0.625711 68 61 51
-0.019502 -0.138008 0.748075 86 81 76
-0.020230 -0.136103 0.740246 105 106 97
-0.019805 -0.134153 0.734848 111 113 104
-0.018477 -0.132155 0.731314 115 115 107
-0.017412 -0.130188 0.727292 118 119 110
-0.016526 -0.128250 0.722964 118 118 109
-0.015795 -0.126341 0.718383 120 120 110
-0.014706 -0.124412 0.714537 150 146 133
-0.013652 -0.122498 0.710663 125 117 106
-0.012571 -0.120593 0.706879 111 98 89
-0.011606 -0.118712 0.702914 92 78 70
-0.010790 -0.116862 0.698716 91 77 75
-0.010103 -0.115043 0.694329 87 76 75
-0.009244 -0.113215 0.690297 78 68 67
-0.008378 -0.111398 0.686322 68 57 57
-0.007280 -0.109561 0.682795 52 48 46
-0.005981 -0.107703 0.679652 50 56 54
-0.004518 -0.105827 0.676816 80 86 82
-0.002835 -0.103922 0.674376 126 123 115
-0.000950 -0.101987 0.672291 157 155 143
0.001115 -0.100022 0.670513 166 163 151
0.003257 -0.098044 0.668861 162 160 145
0.005518 -0.096042 0.667403 162 159 144
0.007925 -0.094012 0.666174 171 166 152
0.010384 -0.091968 0.665019 164 162 150
0.033890 -0.070070 0.646290 155 150 136
0.035860 -0.068114 0.644327 155 150 136
0.037878 -0.066147 0.642435 153 148 134
0.039888 -0.064181 0.640531 153 149 133
0.041943 -0.062205 0.638691 148 144 128
0.044144 -0.060190 0.637054 148 143 127
0.056026 -0.049856 0.629981 151 146 128
0.058520 -0.047749 0.628697 150 146 128
0.068024 -0.039425 0.622851 164 158 137
0.070307 -0.037366 0.621252 139 135 118
0.072559 -0.035315 0.619610 152 147 131
0.077239 -0.031154 0.616529 172 167 153
0.079928 -0.028962 0.615405 128 126 114
0.082934 -0.026666 0.614651 68 69 65
0.086373 -0.024226 0.614398 53 49 47
0.090366 -0.021599 0.614775 57 53 47
0.094450 -0.018930 0.615219 70 63 59
0.102907 -0.013459 0.616317 46 44 39
0.107483 -0.010587 0.617201 55 54 49
0.112076 -0.007695 0.618054 56 56 50
0.116810 -0.004739 0.619017 110 107 96
0.121636 -0.001736 0.620031 48 48 40
0.126722 0.001373 0.621282 26 25 22
0.131048 0.004235 0.621639 39 38 35
0.134758 0.006892 0.621285 71 68 65
0.138399 0.009534 0.620826 83 80 77
0.141949 0.012151 0.620243 78 76 71
0.146748 0.015227 0.620960 73 68 64
0.151384 0.018258 0.621458 73 67 63
0.157370 0.021798 0.623320 71 65 59
0.166005 0.026336 0.627855 103 95 80
-0.020150 -0.135066 0.751871 142 117 106
-0.022352 -0.133288 0.740951 90 86 80
-0.022279 -0.131382 0.734813 112 112 105
-0.020758 -0.129377 0.731658 115 115 106
-0.019481 -0.127402 0.728043 118 118 110
-0.018240 -0.125440 0.724391 124 123 115
-0.017469 -0.123537 0.719859 130 129 121
-0.016690 -0.121649 0.715394 104 105 97
-0.015605 -0.119740 0.711559 184 182 169
-0.014314 -0.117818 0.708154 162 155 144
-0.013108 -0.115915 0.704617 130 123 110
-0.012044 -0.114041 0.700851 94 84 77
-0.011088 -0.112193 0.696920 87 76 70
-0.010080 -0.110349 0.693126 86 74 68
-0.009048 -0.108512 0.689410 86 74 69
-0.007967 -0.106679 0.685816 78 67 64
-0.006838 -0.104847 0.682339 68 57 59
-0.005739 -0.103030 0.678841 49 48 48
-0.004472 -0.101194 0.675665 54 53 52
-0.003039 -0.099337 0.672796 60 60 58
-0.001396 -0.097447 0.670305 75 76 73
0.000374 -0.095538 0.668037 116 116 108
0.002314 -0.093600 0.666059 145 145 131
0.036816 -0.061766 0.639663 143 138 124
0.038901 -0.059785 0.637880 147 143 127
0.041104 -0.057772 0.636260 152 147 128
0.043403 -0.055732 0.634770 153 149 129
0.045722 -0.053685 0.633301 153 148 129
0.048077 -0.051625 0.631874 153 148 131
0.050445 -0.049559 0.630456 158 152 134
0.052824 -0.047488 0.629044 167 162 141
0.055258 -0.045398 0.627699 168 164 144
0.057624 -0.043325 0.626252 167 162 144
0.064365 -0.037200 0.621409 172 167 147
0.066633 -0.035149 0.619811 154 153 138
0.071716 -0.030871 0.617286 80 81 73
0.074664 -0.028599 0.616511 49 47 45
0.077915 -0.026224 0.616088 48 46 41
0.081529 -0.023723 0.616084 51 49 41
0.085666 -0.021042 0.616677 74 64 55
0.089649 -0.018398 0.617040 65 57 53
0.093398 -0.015820 0.617087 48 45 40
0.097285 -0.013185 0.617261 43 44 37
0.101503 -0.010426 0.617784 57 59 53
0.106031 -0.007548 0.618621 68 67 56
0.110700 -0.004607 0.619572 114 115 102
0.115440 -0.001626 0.620552 32 26 25
0.120021 0.001315 0.621301 23 22 22
0.124205 0.004130 0.621559 38 37 35
0.127747 0.006728 0.621065 64 63 60
0.131322 0.009346 0.620583 81 80 76
0.135102 0.012046 0.620297 78 76 71
0.138761 0.014711 0.619850 71 69 63
0.143341 0.017724 0.620359 68 66 61
0.148385 0.020923 0.621316 71 64 61
0.155300 0.024837 0.624184 60 55 47
-0.019835 -0.132019 0.757724 154 122 106
-0.023655 -0.130403 0.743344 138 107 105
-0.024293 -0.128576 0.735705 87 86 79
-0.023159 -0.126613 0.731755 113 114 104
-0.021677 -0.124626 0.728542 119 119 110
-0.020402 -0.122669 0.724945 123 123 114
-0.019254 -0.120737 0.721131 128 126 118
-0.018227 -0.118830 0.717119 133 132 124
-0.017204 -0.116935 0.713141 116 116 108
-0.016143 -0.115048 0.709277 136 134 124
-0.014892 -0.113146 0.705807 186 182 170
-0.013705 -0.111262 0.702249 148 139 124
-0.012588 -0.109398 0.698594 131 120 103
-0.011411 -0.107535 0.695082 97 88 76
-0.010228 -0.105680 0.691611 83 71 66
-0.009031 -0.103832 0.688198 83 70 66
-0.007810 -0.101989 0.684855 83 71 67
-0.006595 -0.100154 0.681531 80 69 66
-0.005367 -0.098326 0.678255 70 59 57
-0.004054 -0.096491 0.675154 67 57 57
-0.002670 -0.094648 0.672198 52 47 48
-0.001204 -0.092797 0.669400 54 52 53
0.000469 -0.090909 0.666967 55 55 54
0.002332 -0.088986 0.664862 71 69 68
0.034080 -0.059278 0.639262 162 158 142
0.036242 -0.057279 0.637597 167 161 141
0.038441 -0.055268 0.635982 173 167 146
0.051901 -0.043096 0.626551 158 153 137
0.054233 -0.041035 0.625078 160 155 141
0.059120 -0.036838 0.622403 103 105 95
0.061579 -0.034731 0.621069 70 67 63
0.064257 -0.032551 0.620009 52 51 46
0.067096 -0.030316 0.619137 43 41 36
0.070118 -0.028017 0.618479 49 44 43
0.073603 -0.025560 0.618376 58 52 49
0.077374 -0.023001 0.618597 64 59 52
0.081049 -0.020462 0.618660 62 57 50
0.084859 -0.017868 0.618855 55 51 43
0.088624 -0.015278 0.618956 38 36 28
0.092362 -0.012686 0.618990 55 53 45
0.096130 -0.010073 0.619024 62 59 52
0.100312 -0.007307 0.619510 101 101 90
0.104836 -0.004408 0.620351 80 80 75
0.109455 -0.001461 0.621251 20 18 16
0.113733 0.001380 0.621712 20 18 17
0.117598 0.004085 0.621662 47 44 44
0.121171 0.006695 0.621249 71 67 64
0.124460 0.009209 0.620493 83 81 74
0.128192 0.011893 0.620203 78 76 71
0.132180 0.014680 0.620164 70 66 62
0.135892 0.017375 0.619791 68 64 60
0.140252 0.020322 0.620085 67 63 59
0.145910 0.023774 0.621721 60 51 50
0.155314 0.028677 0.627250 84 71 69
-0.017947 -0.128784 0.766964 157 122 108
-0.023498 -0.127364 0.748799 166 120 103
-0.025692 -0.125706 0.737865 128 105 103
-0.025572 -0.123855 0.731820 94 88 81
-0.024016 -0.121868 0.728751 117 116 108
-0.022637 -0.119908 0.725352 120 120 111
-0.021413 -0.117976 0.721676 124 124 115
-0.020081 -0.116040 0.718243 129 128 120
-0.018709 -0.114107 0.714920 142 141 133
-0.017596 -0.112219 0.711129 142 139 132
-0.016645 -0.110365 0.707065 104 102 93
-0.015616 -0.108512 0.703191 122 121 110
-0.014513 -0.106658 0.699492 153 147 138
-0.013246 -0.104788 0.696130 153 145 132
-0.011917 -0.102916 0.692911 123 116 103
-0.010551 -0.101044 0.689784 104 95 88
-0.009182 -0.099180 0.686685 84 74 66
-0.007820 -0.097323 0.683598 80 69 65
-0.006478 -0.095477 0.680499 83 68 64
-0.005078 -0.093626 0.677524 78 65 62
-0.002065 -0.089901 0.671998 70 61 59
-0.000494 -0.088032 0.669369 63 60 60
0.001126 -0.086157 0.666837 61 56 60
0.011841 -0.074743 0.653474 99 95 92
0.013960 -0.072767 0.651791 104 99 96
0.020395 -0.066812 0.646842 87 89 79
0.026971 -0.060809 0.642070 125 125 115
0.035867 -0.052749 0.635818 135 128 114
0.040044 -0.048788 0.632282 117 113 104
0.042314 -0.046754 0.630762 108 112 97
0.044636 -0.044702 0.629307 94 97 84
0.046960 -0.042647 0.627848 86 83 76
0.049251 -0.040600 0.626336 64 63 59
0.051670 -0.038512 0.624990 52 50 45
0.057086 -0.034144 0.623028 44 46 39
0.059907 -0.031916 0.622171 48 47 45
0.062961 -0.029608 0.621597 55 49 47
0.066183 -0.027239 0.621212 58 52 50
0.069598 -0.024798 0.621046 58 52 51
0.073174 -0.022294 0.621053 60 54 49
0.076851 -0.019746 0.621151 60 53 47
0.080249 -0.017283 0.620868 48 44 38
0.083696 -0.014794 0.620617 56 55 46
0.087215 -0.012272 0.620423 77 73 63
0.090724 -0.009744 0.620185 89 89 79
0.094651 -0.007060 0.620416 105 104 99
0.099041 -0.004200 0.621157 37 37 35
0.103479 -0.001309 0.621905 21 18 16
0.107461 0.001431 0.622076 26 22 25
0.111116 0.004062 0.621832 56 53 51
0.114551 0.006623 0.621309 77 74 72
0.117921 0.009166 0.620685 81 81 75
0.121567 0.011820 0.620347 80 77 70
0.125456 0.014573 0.620249 73 69 65
0.129494 0.017393 0.620281 68 64 62
0.132660 0.019890 0.619327 65 61 59
0.137194 0.022919 0.619833 61 55 54
0.145800 0.027539 0.624660 102 90 85
-0.020284 -0.123962 0.760736 171 122 106
-0.025431 -0.122638 0.743492 167 121 108
-0.027202 -0.121012 0.733482 119 103 97
-0.026536 -0.119135 0.728587 93 90 80
-0.025021 -0.117168 0.725456 115 115 106
-0.023693 -0.115232 0.721978 124 123 115
-0.022303 -0.113296 0.718653 125 124 117
-0.020792 -0.111351 0.715591 133 132 124
-0.019328 -0.109419 0.712461 139 137 129
-0.017944 -0.107507 0.709202 145 142 134
-0.016742 -0.105631 0.705625 133 128 120
-0.015834 -0.103814 0.701529 101 98 91
-0.014670 -0.101966 0.697950 97 97 88
-0.013474 -0.100120 0.694463 135 133 124
-0.012189 -0.098268 0.691170 154 151 138
-0.010729 -0.096390 0.688219 121 116 102
-0.009290 -0.094523 0.685251 119 111 99
-0.007832 -0.092657 0.682337 96 86 78
-0.006338 -0.090790 0.679505 74 65 59
-0.004744 -0.088908 0.676865 81 72 67
-0.003177 -0.087035 0.674194 78 68 65
-0.001581 -0.085161 0.671587 74 65 63
0.000070 -0.083278 0.669087 74 64 64
0.001715 -0.081400 0.666588 74 65 65
0.005215 -0.077605 0.661971 73 65 66
0.007015 -0.075699 0.659755 71 65 68
0.008780 -0.073804 0.657491 70 66 66
0.012434 -0.069988 0.653178 62 60 61
0.014379 -0.068052 0.651214 60 59 59
0.018514 -0.064117 0.647668 49 50 47
0.020703 -0.062116 0.646076 46 46 44
0.022796 -0.060140 0.644336 44 43 44
0.024849 -0.058174 0.642534 40 42 41
0.027079 -0.056158 0.640992 41 42 41
0.029329 -0.054135 0.639473 41 43 42
0.033839 -0.050080 0.636430 46 44 44
0.036069 -0.048057 0.634865 49 45 44
0.038261 -0.046044 0.633239 53 52 48
0.040497 -0.044017 0.631670 52 53 48
0.042796 -0.041968 0.630184 53 53 47
0.045275 -0.039862 0.628937 50 46 46
0.053329 -0.033324 0.625954 64 57 51
0.056230 -0.031066 0.625214 60 56 49
0.059183 -0.028784 0.624523 62 57 53
0.062289 -0.026446 0.624008 61 55 50
0.065545 -0.024050 0.623661 60 53 47
0.068900 -0.021612 0.623413 58 52 49
0.072256 -0.019166 0.623138 53 47 41
0.075455 -0.016766 0.622635 70 61 54
0.078638 -0.014363 0.622089 77 73 61
0.082040 -0.011877 0.621786 106 97 91
0.085603 -0.009326 0.621652 110 108 100
0.089182 -0.006759 0.621504 48 52 47
0.093282 -0.003995 0.621951 18 18 16
0.097573 -0.001150 0.622582 19 18 17
0.101258 0.001486 0.622452 40 39 37
0.104710 0.004045 0.622019 64 61 60
0.108097 0.006588 0.621483 83 81 77
0.111557 0.009165 0.621004 83 81 74
0.115165 0.011807 0.620669 77 77 70
0.118924 0.014514 0.620474 73 70 65
0.123075 0.017381 0.620684 68 65 62
0.126791 0.020091 0.620374 65 62 59
0.129907 0.022576 0.619376 60 56 54
0.136675 0.026500 0.622333 92 84 84
0.152056 0.033855 0.634490 60 46 43
-0.017644 -0.120513 0.771650 172 123 107
-0.021923 -0.119130 0.755988 173 123 108
-0.027466 -0.117986 0.737988 164 118 103
-0.028338 -0.116316 0.729880 118 90 85
-0.027548 -0.114452 0.725264 112 97 95
-0.026194 -0.112523 0.721832 109 109 99
-0.024589 -0.110564 0.718930 123 123 115
-0.023165 -0.108639 0.715693 124 123 116
-0.021628 -0.106703 0.712699 131 129 122
-0.020040 -0.104765 0.709827 137 134 127
-0.018531 -0.102845 0.706820 141 138 130
-0.017142 -0.100953 0.703610 145 139 132
-0.015872 -0.099089 0.700204 128 125 116
-0.014682 -0.097249 0.696677 104 102 93
-0.013495 -0.095419 0.693177 88 86 76
-0.012290 -0.093594 0.689740 110 112 101
-0.010962 -0.091752 0.686556 152 147 136
-0.009457 -0.089880 0.683711 138 133 124
-0.007880 -0.087999 0.681011 114 112 103
-0.006204 -0.086100 0.678500 117 110 100
-0.004559 -0.084212 0.675948 100 90 84
-0.002896 -0.082323 0.673439 78 69 66
-0.001172 -0.080423 0.671047 74 65 63
0.000525 -0.078533 0.668617 74 65 63
0.002216 -0.076647 0.666188 77 69 66
0.004003 -0.074741 0.663929 78 71 67
0.005835 -0.072825 0.661751 77 70 71
0.007623 -0.070923 0.659505 75 69 69
0.009429 -0.069017 0.657297 73 68 67
0.011338 -0.067086 0.655259 71 65 66
0.013260 -0.065153 0.653244 64 61 59
0.015230 -0.063208 0.651308 61 59 55
0.017300 -0.061235 0.649526 58 57 54
0.019447 -0.059241 0.647860 55 54 51
0.021562 -0.057255 0.646143 56 52 52
0.023651 -0.055275 0.644383 58 54 53
0.025847 -0.053264 0.642780 55 51 47
0.028076 -0.051242 0.641222 54 49 48
0.030293 -0.049221 0.639640 53 50 50
0.032577 -0.047179 0.638150 55 49 49
0.034843 -0.045140 0.636627 58 52 50
0.037099 -0.043103 0.635084 61 57 53
0.039468 -0.041028 0.633693 63 57 54
0.041929 -0.038923 0.632421 65 60 56
0.044511 -0.036775 0.631307 67 61 58
0.047167 -0.034599 0.630278 67 61 55
0.049919 -0.032388 0.629365 68 61 55
0.055667 -0.027869 0.627812 60 56 48
0.058602 -0.025580 0.627086 60 57 51
0.061559 -0.023278 0.626367 56 51 45
0.064553 -0.020957 0.625676 58 52 46
0.067588 -0.018616 0.625015 77 72 63
0.070588 -0.016280 0.624287 84 80 71
0.073688 -0.013904 0.623664 115 111 97
0.077087 -0.011414 0.623392 98 101 94
0.080667 -0.008850 0.623314 46 46 43
0.084378 -0.006230 0.623364 14 16 13
0.087981 -0.003639 0.623248 19 18 19
0.091480 -0.001078 0.622975 34 37 33
0.094950 0.001482 0.622636 61 60 57
0.098293 0.004001 0.622117 80 79 75
0.101657 0.006536 0.621599 84 83 77
0.105103 0.009109 0.621150 83 82 75
0.108707 0.011751 0.620856 78 76 69
0.112549 0.014493 0.620803 73 70 65
0.116357 0.017231 0.620679 68 66 61
0.120049 0.019934 0.620392 68 63 60
0.122846 0.022290 0.619076 55 52 49
0.126985 0.025186 0.619232 92 88 86
0.142508 0.032656 0.631808 45 38 37
-0.020219 -0.115741 0.764879 173 124 108
-0.025021 -0.114551 0.748209 172 123 104
-0.028805 -0.113299 0.733940 166 120 101
-0.029385 -0.111642 0.726468 103 76 71
-0.028590 -0.109804 0.721889 132 119 117
-0.027170 -0.107882 0.718612 98 93 90
-0.025556 -0.105935 0.715749 119 119 110
-0.024019 -0.104006 0.712755 126 124 118
-0.022362 -0.102062 0.710013 130 126 120
-0.020740 -0.100129 0.707220 133 130 122
-0.019178 -0.098212 0.704331 132 126 119
-0.017672 -0.096311 0.701356 133 131 122
-0.016251 -0.094432 0.698242 136 134 125
-0.014911 -0.092576 0.695004 131 129 120
-0.013545 -0.090723 0.691838 113 113 106
-0.012267 -0.088895 0.688537 90 90 82
-0.010959 -0.087067 0.685317 94 92 85
-0.009521 -0.085219 0.682355 113 114 104
-0.007868 -0.083327 0.679791 152 148 136
-0.006222 -0.081440 0.677229 149 142 131
-0.004572 -0.079556 0.674686 119 112 98
-0.002846 -0.077657 0.672287 113 107 91
-0.001103 -0.075757 0.669925 115 110 92
0.000610 -0.073867 0.667523 107 103 89
0.002392 -0.071962 0.665245 93 88 81
0.004288 -0.070030 0.663162 83 78 74
0.006151 -0.068107 0.661030 77 69 65
0.008001 -0.066189 0.658880 77 70 66
0.009957 -0.064245 0.656906 74 68 67
0.011899 -0.062304 0.654913 68 63 59
0.013875 -0.060354 0.652974 67 62 58
0.015912 -0.058388 0.651131 65 61 59
0.018049 -0.056393 0.649443 65 60 58
0.020202 -0.054392 0.647774 67 60 56
0.022346 -0.052392 0.646089 63 57 53
0.024565 -0.050370 0.644512 62 57 53
0.026793 -0.048343 0.642943 60 53 48
0.029021 -0.046314 0.641369 58 53 48
0.031316 -0.044263 0.639887 55 50 47
0.033602 -0.042213 0.638384 61 56 51
0.035909 -0.040154 0.636905 62 57 51
0.038395 -0.038036 0.635672 65 60 55
0.040936 -0.035896 0.634504 68 62 56
0.043547 -0.033730 0.633421 68 61 55
0.046232 -0.031535 0.632425 67 60 54
0.048995 -0.029310 0.631520 63 57 51
0.051768 -0.027076 0.630609 74 67 61
0.054547 -0.024835 0.629689 80 73 66
0.057328 -0.022589 0.628754 83 75 68
0.060033 -0.020364 0.627702 91 84 76
0.062837 -0.018100 0.626763 109 106 95
0.065841 -0.015760 0.626067 120 119 108
0.068956 -0.013374 0.625489 74 74 65
0.072446 -0.010846 0.625364 30 32 25
0.076021 -0.008277 0.625315 12 10 13
0.079541 -0.005719 0.625163 23 22 25
0.082803 -0.003249 0.624659 39 43 42
0.085868 -0.000845 0.623890 67 62 55
0.088993 0.001587 0.623171 83 81 73
0.092297 0.004093 0.622646 89 87 81
0.095576 0.006598 0.622066 86 86 79
0.098957 0.009148 0.621583 83 82 74
0.102533 0.011781 0.621301 78 76 70
0.106142 0.014436 0.621027 74 71 66
0.109792 0.017116 0.620771 70 67 62
0.113040 0.019643 0.620024 67 64 59
0.116228 0.022153 0.619189 55 54 49
0.120380 0.025058 0.619413 101 90 88
0.153557 0.041081 0.647137 37 32 33
-0.018585 -0.112278 0.773761 172 125 108
-0.023764 -0.111194 0.756091 168 122 101
-0.027222 -0.109934 0.742324 170 123 102
-0.029570 -0.108564 0.731085 171 124 105
-0.029880 -0.106910 0.724189 98 70 67
-0.029186 -0.105113 0.719421 143 120 122
-0.028273 -0.103294 0.715147 104 95 90
-0.026574 -0.101344 0.712477 111 107 101
-0.024838 -0.099392 0.709892 124 121 115
-0.023142 -0.097452 0.707242 125 123 116
-0.021501 -0.095525 0.704503 131 125 119
-0.019851 -0.093602 0.701798 131 124 118
-0.018223 -0.091688 0.699065 132 128 121
-0.016663 -0.089792 0.696223 134 131 123
-0.015109 -0.087903 0.693388 138 135 127
-0.013550 -0.086017 0.690580 135 134 125
-0.012139 -0.084170 0.687524 132 129 122
-0.010755 -0.082335 0.684439 112 110 104
-0.009302 -0.080491 0.681502 97 94 87
-0.007824 -0.078645 0.678628 91 87 80
-0.006227 -0.076776 0.675980 107 102 94
-0.004569 -0.074895 0.673453 144 142 122
-0.002907 -0.073017 0.670943 187 182 162
-0.001208 -0.071132 0.668510 184 180 162
0.000562 -0.069232 0.666205 154 148 135
0.002504 -0.067288 0.664193 136 129 113
0.004416 -0.065352 0.662135 137 129 111
0.006272 -0.063433 0.659989 134 124 109
0.008261 -0.061478 0.658062 125 119 106
0.010228 -0.059530 0.656101 114 106 101
0.012228 -0.057572 0.654194 95 88 83
0.014276 -0.055600 0.652364 92 85 78
0.016419 -0.053601 0.650679 88 83 76
0.018575 -0.051596 0.649010 86 78 69
0.020731 -0.049590 0.647339 87 80 70
0.022988 -0.047552 0.645816 86 77 69
0.025274 -0.045503 0.644328 80 72 63
0.027580 -0.043446 0.642864 77 70 63
0.029888 -0.041386 0.641396 80 75 60
0.032164 -0.039334 0.639872 80 76 61
0.034475 -0.037269 0.638393 91 87 73
0.036992 -0.035134 0.637200 81 78 70
0.039512 -0.032995 0.635999 84 79 72
0.042092 -0.030832 0.634869 87 81 73
0.044748 -0.028638 0.633831 98 91 80
0.047452 -0.026425 0.632843 105 101 89
0.050180 -0.024198 0.631872 118 111 103
0.052881 -0.021977 0.630847 131 123 113
0.055598 -0.019745 0.629827 112 109 100
0.058400 -0.017478 0.628905 71 68 61
0.061307 -0.015169 0.628102 36 39 35
0.064389 -0.012790 0.627508 16 17 13
0.067907 -0.010245 0.627452 23 18 16
0.071557 -0.007641 0.627531 48 48 44
0.074712 -0.005213 0.626947 57 57 54
0.077427 -0.002944 0.625787 73 70 67
0.080376 -0.000582 0.624902 84 84 78
0.083251 0.001756 0.623910 91 88 80
0.086339 0.004182 0.623159 92 89 82
0.089656 0.006702 0.622665 87 85 77
0.092923 0.009210 0.622084 83 84 75
0.096226 0.011739 0.621522 80 78 70
0.099706 0.014345 0.621144 75 73 68
0.103185 0.016958 0.620736 71 69 64
0.106362 0.019457 0.619950 68 65 59
0.109954 0.022131 0.619619 53 49 46
0.114176 0.025070 0.619976 116 102 98
0.122643 0.029772 0.625081 101 81 74
0.144209 0.039943 0.644703 38 29 31
0.159232 0.047485 0.656692 46 39 40
-0.017374 -0.108797 0.781873 171 125 105
-0.022504 -0.107763 0.764100 165 119 101
-0.026056 -0.106558 0.749963 170 123 103
-0.028246 -0.105189 0.738902 170 122 103
-0.029650 -0.103733 0.729644 168 125 109
-0.030176 -0.102157 0.722320 125 92 81
-0.029801 -0.100444 0.716921 89 74 70
-0.029103 -0.098687 0.712236 144 130 126
-0.027688 -0.096804 0.709020 91 88 81
-0.025812 -0.094834 0.706733 113 112 105
-0.024076 -0.092896 0.704182 130 124 118
-0.022263 -0.090945 0.701790 123 120 113
-0.020477 -0.089002 0.699357 128 122 116
-0.018718 -0.087068 0.696884 131 124 118
-0.017028 -0.085153 0.694293 131 128 120
-0.015405 -0.083256 0.691594 132 131 122
-0.013803 -0.081369 0.688871 134 133 124
-0.012209 -0.079488 0.686151 142 139 132
-0.010583 -0.077604 0.683503 142 139 132
-0.009044 -0.075745 0.680716 133 130 123
-0.007485 -0.073886 0.677981 118 117 110
-0.005860 -0.072014 0.675378 111 111 100
-0.004272 -0.070156 0.672723 97 95 88
-0.002674 -0.068299 0.670101 96 94 84
-0.000959 -0.066413 0.667691 102 101 92
0.000882 -0.064495 0.665502 123 121 114
0.002687 -0.062589 0.663257 166 161 151
0.004489 -0.060686 0.661017 182 180 165
0.006407 -0.058750 0.658970 202 198 190
0.008380 -0.056800 0.657015 207 203 187
0.010454 -0.054820 0.655222 173 166 153
0.012542 -0.052835 0.653450 153 150 136
0.014702 -0.050827 0.651789 137 133 119
0.016841 -0.048825 0.650090 124 121 106
0.018991 -0.046818 0.648406 128 120 105
0.021263 -0.044772 0.646904 118 112 95
0.023567 -0.042714 0.645442 114 107 91
0.025871 -0.040653 0.643972 119 113 100
0.028219 -0.038576 0.642560 120 116 100
0.030524 -0.036511 0.641077 132 128 115
0.032847 -0.034438 0.639612 139 135 124
0.035289 -0.032323 0.638309 139 137 129
0.037803 -0.030179 0.637100 132 129 122
0.040433 -0.027992 0.636041 99 99 89
0.043053 -0.025805 0.634953 74 72 65
0.045734 -0.023592 0.633935 48 51 42
0.048491 -0.021347 0.633005 30 29 22
0.051222 -0.019108 0.632022 19 16 11
0.054011 -0.016842 0.631099 19 18 16
0.056927 -0.014525 0.630329 35 34 32
0.060107 -0.012105 0.629887 58 53 50
0.063291 -0.009677 0.629424 60 60 52
0.066427 -0.007258 0.628873 80 76 70
0.069340 -0.004919 0.628009 86 84 76
0.072041 -0.002656 0.626856 95 93 85
0.074932 -0.000315 0.625929 95 95 83
0.077814 0.002027 0.624973 92 92 81
0.080743 0.004392 0.624057 90 88 80
0.083846 0.006831 0.623337 88 86 78
0.087027 0.009307 0.622690 84 82 74
0.090167 0.011772 0.621969 80 79 72
0.093350 0.014261 0.621280 77 74 67
0.096496 0.016741 0.620522 75 71 66
0.099838 0.019307 0.619974 68 63 59
0.103791 0.022132 0.620112 71 62 58
0.108766 0.025391 0.621395 120 105 99
0.116185 0.029688 0.625417 110 91 81
0.137070 0.039680 0.644616 68 54 51
0.150785 0.046736 0.655374 40 31 33
0.161126 0.052414 0.662141 50 41 39
-0.013480 -0.106685 0.803092 175 136 110
-0.017983 -0.105535 0.786182 168 125 102
-0.021924 -0.104371 0.770781 165 122 100
-0.025013 -0.103131 0.757458 169 123 103
-0.027374 -0.101821 0.745894 170 122 104
-0.028767 -0.100383 0.736532 168 122 104
-0.029983 -0.098951 0.727685 166 123 106
-0.030564 -0.097431 0.720267 154 119 104
-0.030458 -0.095801 0.714341 77 59 51
-0.029703 -0.094058 0.709788 121 107 103
-0.028496 -0.092232 0.706178 129 117 112
-0.026697 -0.090286 0.703755 94 89 83
-0.024754 -0.088312 0.701620 117 113 109
-0.022862 -0.086349 0.699395 123 118 113
-0.021055 -0.084409 0.697012 123 121 114
-0.019300 -0.082483 0.694543 125 123 115
-0.017549 -0.080561 0.692078 128 125 118
-0.015861 -0.078657 0.689508 129 126 119
-0.014194 -0.076763 0.686912 134 133 124
-0.012475 -0.074858 0.684425 137 134 127
-0.010700 -0.072942 0.682048 144 141 134
-0.008886 -0.071018 0.679750 152 149 142
-0.007086 -0.069100 0.677436 150 148 141
-0.005375 -0.067208 0.674974 151 148 141
-0.003754 -0.065345 0.672371 133 131 121
-0.002058 -0.063463 0.669908 125 122 116
-0.000219 -0.061544 0.667695 118 112 103
0.001555 -0.059645 0.665383 114 107 98
0.003236 -0.057776 0.662924 102 100 86
0.005055 -0.055868 0.660701 86 85 78
0.007002 -0.053923 0.658694 75 76 71
0.008939 -0.051982 0.656671 68 66 59
0.010947 -0.050019 0.654764 60 61 54
0.013081 -0.048016 0.653058 58 61 54
0.015172 -0.046027 0.651279 60 62 54
0.017298 -0.044026 0.649552 62 57 49
0.019526 -0.041990 0.647980 55 50 43
0.021787 -0.039942 0.646452 51 46 41
0.024023 -0.037901 0.644879 42 39 35
0.026360 -0.035823 0.643451 36 33 29
0.028742 -0.033729 0.642080 29 26 23
0.031086 -0.031645 0.640645 26 26 20
0.033626 -0.029489 0.639486 24 23 19
0.036208 -0.027317 0.638371 27 26 20
0.038762 -0.025150 0.637204 36 38 32
0.041344 -0.022969 0.636062 46 45 39
0.044012 -0.020753 0.635028 53 53 46
0.046751 -0.018508 0.634075 63 63 55
0.049449 -0.016273 0.633048 74 72 64
0.052213 -0.014009 0.632094 86 84 75
0.055098 -0.011695 0.631286 91 90 80
0.058023 -0.009361 0.630512 96 95 84
0.060894 -0.007042 0.629646 100 101 89
0.063817 -0.004697 0.628828 98 99 87
0.066634 -0.002389 0.627852 96 96 84
0.069408 -0.000093 0.626806 96 94 84
0.072346 0.002271 0.625950 93 93 81
0.075249 0.004628 0.625032 90 89 81
0.078115 0.006973 0.624049 88 86 78
0.081108 0.009375 0.623206 86 83 75
0.084067 0.011769 0.622302 83 80 72
0.086912 0.014120 0.621240 80 79 72
0.090111 0.016621 0.620588 74 72 66
0.093745 0.019310 0.620433 62 52 50
0.098077 0.022299 0.621071 114 97 94
0.103243 0.025652 0.622642 121 100 91
0.111011 0.030125 0.627175 117 97 88
0.130216 0.039509 0.644771 97 79 69
0.143088 0.046264 0.654785 35 28 28
0.153506 0.052015 0.661805 46 33 35
0.162173 0.057048 0.666699 71 56 53
-0.013630 -0.103245 0.808640 179 140 113
-0.018502 -0.102221 0.790746 165 125 102
-0.021430 -0.100933 0.777376 166 123 100
-0.024456 -0.099724 0.764033 169 123 101
-0.026461 -0.098379 0.753078 170 123 102
-0.027767 -0.096945 0.743768 170 123 103
-0.028707 -0.095476 0.735368 167 121 103
-0.029692 -0.094050 0.727005 166 122 105
-0.030250 -0.092566 0.719639 168 123 107
-0.030340 -0.091009 0.713321 134 98 86
-0.029816 -0.089338 0.708310 57 44 39
-0.028835 -0.087577 0.704262 135 113 112
-0.027322 -0.085705 0.701289 137 118 116
-0.025442 -0.083749 0.699046 97 83 80
-0.023517 -0.081785 0.696896 111 107 100
-0.021646 -0.079835 0.694649 120 116 110
-0.019796 -0.077893 0.692368 122 120 112
-0.018050 -0.075979 0.689904 125 123 115
-0.016329 -0.074074 0.687404 128 125 117
-0.014590 -0.072168 0.684949 131 129 120
-0.012751 -0.070237 0.682684 135 133 126
-0.010838 -0.068288 0.680558 141 138 131
-0.008919 -0.066339 0.678446 144 141 134
-0.007082 -0.064413 0.676197 149 146 139
-0.005307 -0.062508 0.673848 153 150 143
-0.003518 -0.060600 0.671531 165 162 153
-0.001640 -0.058669 0.669374 165 162 152
0.000177 -0.056757 0.667117 167 163 152
0.001904 -0.054874 0.664720 160 159 144
0.003714 -0.052968 0.662470 148 145 133
0.005702 -0.051008 0.660516 129 123 116
0.007585 -0.049082 0.658394 120 117 107
0.009551 -0.047130 0.656408 109 111 100
0.011608 -0.045149 0.654570 103 107 94
0.013654 -0.043171 0.652713 98 101 89
0.015784 -0.041166 0.650986 99 95 84
0.017970 -0.039140 0.649344 93 88 80
0.020214 -0.037094 0.647785 88 85 78
0.022457 -0.035046 0.646217 83 83 74
0.024740 -0.032983 0.644704 83 81 74
0.027129 -0.030881 0.643342 87 85 80
0.029463 -0.028796 0.641888 87 85 79
0.031974 -0.026645 0.640685 88 86 80
0.034476 -0.024494 0.639455 89 86 79
0.036960 -0.022347 0.638189 96 92 85
0.039499 -0.020176 0.636988 101 96 88
0.042094 -0.017982 0.635852 103 102 92
0.044684 -0.015785 0.634696 106 105 95
0.047289 -0.013579 0.633548 105 106 94
0.049977 -0.011338 0.632498 103 106 94
0.052757 -0.009057 0.631557 101 103 90
0.055542 -0.006770 0.630606 99 101 88
0.058344 -0.004472 0.629659 97 98 86
0.061225 -0.002138 0.628797 93 94 81
0.063998 0.000158 0.627778 94 94 81
0.066750 0.002450 0.626713 93 92 81
0.069687 0.004820 0.625871 91 89 79
0.072562 0.007170 0.624928 88 86 78
0.075342 0.009486 0.623851 84 82 75
0.078128 0.011809 0.622763 81 79 72
0.080826 0.014099 0.621553 74 74 67
0.084440 0.016776 0.621451 60 53 48
0.088081 0.019472 0.621346 103 90 88
0.092455 0.022489 0.622092 134 99 94
0.097754 0.025913 0.623889 128 89 80
0.108325 0.031622 0.631843 124 93 81
0.123362 0.039310 0.644845 119 99 89
0.137597 0.046717 0.656649 77 65 62
0.144998 0.051193 0.660351 39 33 33
0.152625 0.055796 0.664207 74 60 64
-0.013962 -0.099788 0.813867 172 131 107
-0.018657 -0.098799 0.796180 162 123 101
-0.021591 -0.097558 0.782651 165 123 101
-0.024259 -0.096325 0.769932 170 123 101
-0.026064 -0.094973 0.759274 170 123 102
-0.027320 -0.093552 0.749951 170 122 104
-0.027550 -0.091951 0.742920 168 121 103
-0.028531 -0.090540 0.734442 168 122 104
-0.029056 -0.089061 0.727027 167 121 103
-0.029603 -0.087614 0.719681 166 121 102
-0.029940 -0.086146 0.712864 164 121 104
-0.029682 -0.084561 0.707324 117 84 76
-0.028806 -0.082843 0.703071 57 38 36
-0.027437 -0.081014 0.699821 125 106 106
-0.025841 -0.079134 0.697032 147 133 133
-0.023995 -0.077194 0.694739 98 89 87
-0.022054 -0.075230 0.692633 101 99 91
-0.020248 -0.073304 0.690279 114 112 104
-0.018472 -0.071389 0.687878 120 120 110
-0.016731 -0.069486 0.685423 126 123 117
-0.014902 -0.067560 0.683139 128 126 119
-0.013002 -0.065617 0.680989 131 130 122
-0.011075 -0.063666 0.678893 136 133 125
-0.009183 -0.061727 0.676738 137 135 126
-0.007247 -0.059776 0.674665 140 137 130
-0.005296 -0.057822 0.672622 142 139 131
-0.003358 -0.055872 0.670560 149 146 137
-0.001473 -0.053939 0.668411 152 150 140
0.000315 -0.052039 0.666106 159 158 146
0.002149 -0.050126 0.663883 165 163 152
0.004102 -0.048175 0.661863 168 165 155
0.006021 -0.046237 0.659791 166 164 153
0.008045 -0.044264 0.657890 170 164 156
0.010122 -0.042274 0.656076 166 163 154
0.012134 -0.040306 0.654157 163 159 149
0.014272 -0.038294 0.652435 158 156 144
0.016477 -0.036259 0.650814 155 150 141
0.018701 -0.034215 0.649218 147 141 132
0.020926 -0.032170 0.647619 136 133 125
0.023224 -0.030097 0.646124 133 130 122
0.025543 -0.028015 0.644652 131 130 121
0.027838 -0.025939 0.643138 125 123 114
0.030276 -0.023809 0.641825 123 122 113
0.032735 -0.021669 0.640533 121 118 108
0.035123 -0.019552 0.639128 118 116 106
0.037563 -0.017413 0.637788 113 112 102
0.040139 -0.015220 0.636628 112 111 100
0.042674 -0.013039 0.635399 106 105 94
0.045177 -0.010868 0.634113 104 103 92
0.047834 -0.008633 0.633026 98 100 89
0.050548 -0.006372 0.632002 96 98 86
0.053197 -0.004133 0.630875 96 96 85
0.055827 -0.001898 0.629707 94 94 83
0.058583 0.000392 0.628694 93 93 80
0.061268 0.002657 0.627569 92 91 80
0.063951 0.004925 0.626429 90 89 79
0.066763 0.007250 0.625440 87 86 77
0.069432 0.009519 0.624252 84 83 76
0.072174 0.011822 0.623142 74 74 66
0.075429 0.014346 0.622661 60 53 47
0.079167 0.017082 0.622753 115 93 89
0.083239 0.019970 0.623221 138 105 99
0.088157 0.023233 0.624678 123 84 80
0.094657 0.027197 0.627987 128 88 79
0.106076 0.033332 0.637098 132 89 79
0.118132 0.039796 0.646767 132 92 83
0.130818 0.046591 0.656968 114 89 81
0.138552 0.051241 0.661171 24 18 22
0.145304 0.055481 0.664126 67 54 60
0.153279 0.060293 0.668390 58 60 63
-0.013778 -0.096185 0.820329 178 129 112
-0.018555 -0.095278 0.802265 165 124 103
-0.021692 -0.094123 0.788136 162 120 98
-0.024296 -0.092919 0.775416 169 122 102
-0.026017 -0.091582 0.764813 170 123 102
-0.027093 -0.090148 0.755760 171 122 103
-0.027626 -0.088628 0.747995 169 122 103
-0.027981 -0.087097 0.740720 168 122 103
-0.028128 -0.085544 0.733981 168 122 103
-0.028510 -0.084071 0.726860 168 122 101
-0.028688 -0.082574 0.720257 167 121 100
-0.029683 -0.081305 0.712116 169 123 104
-0.029242 -0.079700 0.706941 170 123 106
-0.028599 -0.078059 0.702227 123 90 80
-0.027520 -0.076317 0.698414 58 38 41
-0.026054 -0.074480 0.695379 94 73 79
-0.024363 -0.072586 0.692796 159 140 141
-0.022460 -0.070637 0.690624 126 113 109
-0.020676 -0.068722 0.688237 89 85 75
-0.018909 -0.066815 0.685829 102 100 94
-0.017112 -0.064902 0.683484 119 116 110
-0.015241 -0.062969 0.681282 122 120 113
-0.013319 -0.061022 0.679177 125 125 117
-0.011499 -0.059107 0.676896 129 128 120
-0.009649 -0.057185 0.674676 132 130 122
-0.007690 -0.055230 0.672651 138 135 128
-0.005696 -0.053265 0.670690 139 136 128
-0.003775 -0.051323 0.668605 141 138 130
-0.001888 -0.049394 0.666466 143 140 132
0.000058 -0.047447 0.664430 142 139 131
0.002053 -0.045483 0.662481 143 140 132
0.004070 -0.043513 0.660566 143 140 135
0.006151 -0.041520 0.658757 144 138 132
0.008265 -0.039516 0.656999 141 135 128
0.010333 -0.037528 0.655165 140 135 126
0.012566 -0.035480 0.653590 138 137 127
0.014811 -0.033427 0.652030 134 133 124
0.017017 -0.031387 0.650402 129 125 118
0.019247 -0.029336 0.648806 126 124 116
0.021562 -0.027253 0.647333 124 122 113
0.023847 -0.025179 0.645808 120 120 110
0.026108 -0.023113 0.644239 116 116 104
0.028507 -0.020993 0.642869 113 112 101
0.030885 -0.018878 0.641459 112 110 100
0.033228 -0.016775 0.639988 111 110 98
0.035596 -0.014660 0.638545 107 106 96
0.038024 -0.012519 0.637179 106 104 94
0.040445 -0.010379 0.635793 103 102 91
0.042864 -0.008237 0.634396 101 99 89
0.045438 -0.006031 0.633203 97 97 87
0.048114 -0.003779 0.632138 96 96 85
0.050680 -0.001570 0.630906 94 95 83
0.053265 0.000651 0.629690 93 92 83
0.055943 0.002913 0.628582 91 90 80
0.058534 0.005143 0.627346 89 87 78
0.061074 0.007355 0.626031 88 84 77
0.063923 0.009700 0.625105 68 63 56
0.066973 0.012134 0.624420 83 69 64
0.070376 0.014726 0.624162 136 106 101
0.074284 0.017543 0.624510 140 102 93
0.078758 0.020617 0.625526 126 85 73
0.084763 0.024372 0.628386 125 85 74
0.092214 0.028785 0.632935 129 89 78
0.101812 0.034177 0.639980 129 89 78
0.112499 0.040094 0.648177 134 91 81
0.123094 0.046015 0.656080 136 94 84
0.132316 0.051362 0.662177 102 77 71
0.138800 0.055504 0.664912 30 26 28
0.145944 0.059969 0.668327 78 55 58
0.155374 0.065506 0.674279 83 74 75
-0.013328 -0.092470 0.827494 175 124 109
-0.018176 -0.091643 0.809066 167 123 104
-0.021683 -0.090613 0.793947 169 124 104
-0.024488 -0.089496 0.780642 169 122 102
-0.026091 -0.088166 0.770174 170 121 102
-0.027147 -0.086753 0.761054 170 121 102
-0.027567 -0.085225 0.753434 170 122 102
-0.027822 -0.083687 0.746273 169 122 102
-0.027907 -0.082131 0.739572 169 123 102
-0.028046 -0.080613 0.732858 169 122 100
-0.028019 -0.079076 0.726578 169 122 100
-0.028236 -0.077624 0.719894 170 123 103
-0.028669 -0.076253 0.712876 171 123 104
-0.028680 -0.074792 0.706794 172 124 104
-0.028143 -0.073200 0.701868 172 125 105
-0.027117 -0.071486 0.697944 155 114 99
-0.025854 -0.069713 0.694518 81 56 51
-0.024407 -0.067895 0.691469 61 40 46
-0.022866 -0.066054 0.688620 126 112 111
-0.021291 -0.064208 0.685851 185 174 170
-0.019471 -0.062292 0.683552 137 133 126
-0.017553 -0.060348 0.681437 94 90 83
-0.015677 -0.058417 0.679254 87 88 80
-0.013899 -0.056519 0.676900 104 105 96
-0.012087 -0.054613 0.674615 118 118 109
-0.010155 -0.052669 0.672548 122 122 112
-0.008108 -0.050688 0.670684 126 125 119
-0.006098 -0.048720 0.668756 129 129 120
-0.004118 -0.046761 0.666778 133 132 123
-0.002064 -0.044778 0.664926 134 132 124
-0.000009 -0.042795 0.663075 137 134 127
0.002019 -0.040821 0.661179 137 134 129
0.004096 -0.038829 0.659364 136 132 126
0.006183 -0.036834 0.657563 131 129 121
0.008272 -0.034837 0.655764 131 131 121
0.010516 -0.032784 0.654209 129 125 118
0.012804 -0.030713 0.652716 124 123 115
0.015016 -0.028669 0.651098 120 120 112
0.017239 -0.026619 0.649492 120 119 111
0.019553 -0.024533 0.648021 116 117 105
0.021811 -0.022467 0.646456 114 115 103
0.024061 -0.020402 0.644874 111 112 100
0.026470 -0.018274 0.643521 110 110 97
0.028844 -0.016158 0.642107 109 109 97
0.031181 -0.014054 0.640631 107 106 96
0.033522 -0.011946 0.639151 104 104 94
0.035850 -0.009842 0.637646 103 102 91
0.038151 -0.007747 0.636094 100 100 89
0.040532 -0.005618 0.634649 96 95 85
0.043085 -0.003416 0.633435 94 94 87
0.045612 -0.001222 0.632172 92 93 83
0.048110 0.000963 0.630858 92 90 82
0.050642 0.003166 0.629580 86 84 79
0.053252 0.005404 0.628394 68 63 62
0.056024 0.007714 0.627410 75 69 64
0.059042 0.010133 0.626733 123 107 104
0.062425 0.012717 0.626511 139 112 102
0.066228 0.015490 0.626800 123 88 76
0.070373 0.018422 0.627487 128 86 74
0.075606 0.021846 0.629510 128 85 73
0.081886 0.025752 0.632780 129 87 75
0.089698 0.030364 0.637865 129 89 77
0.097960 0.035209 0.643379 129 91 81
0.106951 0.040416 0.649650 128 92 83
0.116738 0.046022 0.656739 132 93 85
0.125711 0.051294 0.662683 137 95 86
0.133507 0.056061 0.667079 77 54 52
0.139530 0.060037 0.669262 37 28 31
0.146544 0.064492 0.672527 81 55 55
0.156303 0.070253 0.678881 104 69 72
-0.018007 -0.087989 0.815499 173 123 108
-0.021484 -0.087007 0.800273 172 123 105
-0.024470 -0.085976 0.786412 170 120 102
-0.026391 -0.084753 0.775123 170 121 102
-0.027293 -0.083330 0.766231 170 121 102
-0.027720 -0.081823 0.758498 170 121 102
-0.027921 -0.080287 0.751363 168 122 101
-0.028019 -0.078750 0.744549 169 122 101
-0.027985 -0.077202 0.738108 169 122 100
-0.027748 -0.075621 0.732176 170 123 101
-0.027542 -0.074068 0.726261 170 123 103
-0.027480 -0.072574 0.720137 171 123 103
-0.027736 -0.071189 0.713466 171 123 102
-0.027817 -0.069778 0.707235 171 123 102
-0.027196 -0.068181 0.702460 172 124 102
-0.026318 -0.066522 0.698238 172 125 104
-0.025295 -0.064831 0.694339 169 125 104
-0.024136 -0.063107 0.690736 140 103 91
-0.022838 -0.061349 0.687428 81 60 50
-0.021383 -0.059547 0.684439 70 57 52
-0.019791 -0.057707 0.681723 102 97 91
-0.018057 -0.055825 0.679282 167 169 160
-0.016442 -0.053985 0.676635 187 187 177
-0.014738 -0.052118 0.674165 148 147 137
-0.012851 -0.050193 0.672027 102 102 91
-0.010801 -0.048214 0.670179 81 81 71
-0.008687 -0.046212 0.668441 95 93 84
-0.006703 -0.044256 0.666477 104 104 96
-0.004593 -0.042255 0.664730 114 113 105
-0.002503 -0.040260 0.662945 116 118 108
-0.000473 -0.038287 0.661059 114 119 109
0.001613 -0.036293 0.659265 118 120 113
0.003686 -0.034304 0.657449 118 120 111
0.005725 -0.032327 0.655576 120 120 111
0.007935 -0.030286 0.653977 122 118 111
0.010229 -0.028212 0.652504 119 119 111
0.012459 -0.026161 0.650925 116 116 109
0.014678 -0.024112 0.649322 113 113 104
0.016960 -0.022038 0.647810 113 112 101
0.019205 -0.019976 0.646236 111 111 100
0.021474 -0.017904 0.644692 109 109 98
0.023900 -0.015767 0.643376 107 104 94
0.026284 -0.013645 0.641986 105 102 93
0.028670 -0.011520 0.640591 102 101 92
0.030944 -0.009438 0.639023 97 99 89
0.033205 -0.007360 0.637431 96 96 86
0.035440 -0.005292 0.635795 87 87 76
0.037791 -0.003174 0.634319 80 78 70
0.040260 -0.001005 0.633000 70 64 59
0.042949 0.001260 0.631977 93 75 69
0.045672 0.003544 0.630983 121 103 93
0.048507 0.005880 0.630127 136 123 119
0.051568 0.008318 0.629555 107 94 96
0.054900 0.010880 0.629322 111 83 74
0.058483 0.013560 0.629391 120 84 72
0.062770 0.016559 0.630349 122 87 73
0.067541 0.019786 0.631884 125 87 72
0.073468 0.023545 0.634849 130 88 75
0.080369 0.027763 0.638969 133 91 78
0.088319 0.032483 0.644309 132 91 78
0.095373 0.036826 0.648390 131 92 81
0.102737 0.041337 0.652745 126 95 86
0.110422 0.046023 0.657381 123 94 88
0.119079 0.051189 0.663083 129 97 91
0.127031 0.056059 0.667792 135 96 90
0.134078 0.060535 0.671290 48 31 33
0.140134 0.064567 0.673508 57 41 45
0.147500 0.069239 0.677191 86 61 60
-0.018051 -0.084325 0.821547 173 122 107
-0.021267 -0.083336 0.806738 171 120 105
-0.024290 -0.082362 0.792630 172 120 104
-0.026305 -0.081198 0.780996 171 121 103
-0.027338 -0.079832 0.771704 170 121 102
-0.027850 -0.078366 0.763689 169 122 101
-0.028080 -0.076855 0.756400 167 122 100
-0.028150 -0.075326 0.749559 168 123 101
-0.028092 -0.073785 0.743086 169 123 101
-0.027759 -0.072189 0.737273 169 122 101
-0.027356 -0.070591 0.731683 170 123 103
-0.026988 -0.069021 0.726096 170 123 102
-0.027111 -0.067611 0.719598 172 124 104
-0.026930 -0.066133 0.713796 173 126 105
-0.026564 -0.064616 0.708435 173 126 103
-0.025892 -0.063022 0.703740 175 128 104
-0.025085 -0.061398 0.699359 169 124 102
-0.024125 -0.059737 0.695320 173 133 112
-0.023033 -0.058043 0.691572 172 136 114
-0.021845 -0.056327 0.688040 171 135 113
-0.020549 -0.054583 0.684739 160 128 110
-0.019143 -0.052808 0.681669 114 90 75
-0.017783 -0.051054 0.678538 67 53 44
-0.016285 -0.049259 0.675678 60 53 48
-0.014629 -0.047413 0.673121 84 84 77
-0.013002 -0.045580 0.670523 141 138 127
-0.011180 -0.043682 0.668280 186 179 171
-0.009345 -0.041781 0.666065 189 187 180
-0.007411 -0.039845 0.664028 163 158 154
-0.005493 -0.037916 0.661966 138 136 129
-0.003346 -0.035903 0.660292 110 109 102
-0.001164 -0.033876 0.658670 87 86 80
0.000839 -0.031915 0.656750 80 79 73
0.002861 -0.029948 0.654862 81 77 70
0.005023 -0.027926 0.653201 80 75 69
0.007197 -0.025899 0.651553 86 81 75
0.009363 -0.023874 0.649887 84 80 75
0.011631 -0.021808 0.648379 78 78 71
0.014003 -0.019698 0.647025 83 76 69
0.016264 -0.017631 0.645489 84 75 69
0.018512 -0.015568 0.643928 86 75 70
0.020930 -0.013434 0.642617 81 70 65
0.023305 -0.011315 0.641230 81 72 66
0.025616 -0.009220 0.639741 90 83 75
0.027920 -0.007127 0.638232 109 99 93
0.030257 -0.005018 0.636765 134 116 110
0.032788 -0.002825 0.635569 154 128 118
0.035467 -0.000565 0.634571 151 123 117
0.038367 0.001793 0.633867 117 88 82
0.041394 0.004212 0.633320 95 65 59
0.044547 0.006692 0.632922 101 75 69
0.047886 0.009259 0.632751 114 84 69
0.051548 0.011977 0.632987 119 84 71
0.055489 0.014829 0.633560 126 87 71
0.060082 0.017984 0.634959 129 91 75
0.066112 0.021801 0.638197 132 93 75
0.072962 0.026013 0.642415 131 92 75
0.079116 0.029933 0.645617 135 94 78
0.085249 0.033865 0.648696 135 94 79
0.091399 0.037826 0.651704 133 93 79
0.097432 0.041754 0.654473 130 93 81
0.104550 0.046210 0.658514 125 97 88
0.112529 0.051096 0.663511 119 94 87
0.120618 0.056064 0.668516 124 98 94
0.128143 0.060793 0.672704 120 89 84
0.134681 0.065078 0.675586 42 26 31
0.141010 0.069283 0.678127 64 56 67
0.149166 0.074390 0.682749 91 63 67
-0.018158 -0.080618 0.827548 173 123 107
-0.021371 -0.079683 0.812577 172 120 104
-0.024326 -0.078744 0.798460 172 120 103
-0.026314 -0.077611 0.786749 170 119 102
-0.027402 -0.076287 0.777219 169 120 101
-0.027971 -0.074857 0.768977 167 121 100
-0.028243 -0.073375 0.761506 166 122 100
-0.028372 -0.071879 0.754450 166 122 100
-0.028285 -0.070345 0.747954 166 121 99
-0.027973 -0.068766 0.742023 167 121 101
-0.027510 -0.067161 0.736484 168 123 103
-0.027223 -0.065625 0.730657 168 123 103
-0.026964 -0.064116 0.724855 171 124 104
-0.026760 -0.062642 0.719018 175 128 107
-0.025956 -0.060997 0.714450 176 130 106
-0.024950 -0.059299 0.710332 176 130 107
-0.023917 -0.057602 0.706309 181 138 115
-0.023035 -0.055965 0.702039 179 140 116
-0.022105 -0.054322 0.697906 176 139 114
-0.021255 -0.052716 0.693667 175 137 112
-0.020219 -0.051058 0.689821 175 137 112
-0.019008 -0.049347 0.686337 173 135 111
-0.017816 -0.047650 0.682849 171 134 109
-0.016548 -0.045934 0.679529 171 136 113
-0.015091 -0.044156 0.676577 162 129 108
-0.013616 -0.042376 0.673677 149 119 103
-0.012163 -0.040610 0.670757 114 91 82
-0.010605 -0.038808 0.668042 86 69 68
-0.008954 -0.036976 0.665501 62 52 53
-0.007227 -0.035118 0.663104 60 50 45
-0.005398 -0.033224 0.660888 60 53 48
-0.003448 -0.031284 0.658881 77 69 64
-0.001582 -0.029378 0.656737 105 97 91
0.000335 -0.027452 0.654683 129 120 118
0.002482 -0.025437 0.653005 140 132 130
0.004583 -0.023439 0.651250 145 130 130
0.006772 -0.021405 0.649632 130 119 120
0.008958 -0.019372 0.648005 121 110 113
0.011352 -0.017252 0.646698 128 109 110
0.013758 -0.015124 0.645398 124 105 106
0.016085 -0.013028 0.643966 113 93 92
0.018580 -0.010859 0.642781 90 70 70
0.021100 -0.008676 0.641621 74 55 51
0.023623 -0.006489 0.640451 71 51 46
0.026244 -0.004257 0.639412 81 56 47
0.029021 -0.001954 0.638584 105 73 63
0.031948 0.000419 0.637955 117 84 71
0.035052 0.002875 0.637556 120 86 69
0.038333 0.005415 0.637381 121 89 72
0.041684 0.007993 0.637272 121 89 72
0.045261 0.010679 0.637444 125 92 76
0.049310 0.013587 0.638231 130 91 81
0.053828 0.016719 0.639609 131 91 78
0.058762 0.020053 0.641491 134 94 78
0.070977 0.027851 0.648171 135 97 78
0.076225 0.031385 0.650230 135 96 78
0.098971 0.046518 0.659967 125 93 84
0.106099 0.051034 0.664015 123 97 89
0.115482 0.056658 0.670770 121 96 89
0.122515 0.061184 0.674453 121 96 91
0.129255 0.065593 0.677673 89 66 62
0.135450 0.069758 0.680131 47 34 38
0.141752 0.073994 0.682634 68 71 82
0.150813 0.079608 0.688346 94 65 74
-0.018227 -0.076845 0.833733 178 135 119
-0.021699 -0.076033 0.817995 173 121 105
-0.024572 -0.075125 0.803907 172 121 103
-0.026353 -0.073977 0.792525 170 121 102
-0.027503 -0.072698 0.782739 168 120 101
-0.028097 -0.071298 0.774337 167 121 100
-0.028435 -0.069854 0.766624 165 122 99
-0.028612 -0.068389 0.759375 164 121 98
-0.028452 -0.066848 0.752953 166 121 99
-0.028122 -0.065276 0.746979 166 121 101
-0.027723 -0.063701 0.741232 167 122 102
-0.027718 -0.062265 0.734751 168 123 103
-0.028269 -0.061027 0.727228 171 125 105
-0.027632 -0.059432 0.722216 173 126 106
-0.026366 -0.057645 0.718522 178 134 110
-0.025004 -0.055835 0.715053 184 142 117
-0.023707 -0.054053 0.711489 182 143 120
-0.022506 -0.052311 0.707769 182 143 119
-0.021376 -0.050601 0.703951 182 142 118
-0.020205 -0.048885 0.700247 179 142 117
-0.018961 -0.047151 0.696716 179 141 116
-0.017658 -0.045403 0.693328 176 138 114
-0.016390 -0.043675 0.689903 176 137 112
-0.015123 -0.041953 0.686506 176 136 112
-0.013836 -0.040231 0.683176 173 135 111
-0.012625 -0.038543 0.679736 171 134 111
-0.011448 -0.036874 0.676268 168 131 108
-0.010200 -0.035185 0.672953 166 129 107
-0.008770 -0.033433 0.669982 166 128 111
-0.007186 -0.031625 0.667298 159 123 105
-0.005514 -0.029786 0.664777 158 123 103
-0.003839 -0.027949 0.662274 154 122 100
-0.002244 -0.026146 0.659650 149 119 99
-0.000582 -0.024320 0.657151 151 120 100
0.001478 -0.022334 0.655313 144 114 94
0.003581 -0.020331 0.653546 144 111 94
0.005646 -0.018343 0.651714 144 107 96
0.007805 -0.016316 0.650031 145 104 93
0.010197 -0.014190 0.648711 143 101 87
0.012666 -0.012029 0.647501 140 98 84
0.015118 -0.009873 0.646250 133 94 79
0.017794 -0.007618 0.645330 123 93 80
0.020575 -0.005313 0.644551 128 94 79
0.023409 -0.002981 0.643832 119 92 85
0.026368 -0.000589 0.643274 130 91 80
0.029508 0.001889 0.642959 134 93 79
0.032787 0.004435 0.642816 136 96 80
0.036392 0.007134 0.643112 136 96 79
0.040294 0.009977 0.643790 135 96 81
0.044203 0.012833 0.644430 135 97 82
0.048448 0.015853 0.645495 133 97 83
0.099985 0.051100 0.664852 126 94 85
0.108181 0.056192 0.670258 122 96 90
0.116405 0.061327 0.675562 122 96 91
0.123407 0.065892 0.679208 116 94 88
0.130314 0.070433 0.682631 65 43 43
0.136329 0.074553 0.684861 44 33 43
0.143156 0.079096 0.687994 67 64 73
0.152700 0.085024 0.694296 112 76 76
-0.017589 -0.072824 0.841666 170 133 122
-0.022070 -0.072343 0.823398 173 124 110
-0.024600 -0.071393 0.809937 170 119 104
-0.026365 -0.070279 0.798452 170 120 102
-0.027594 -0.069052 0.788366 168 121 101
-0.028286 -0.067705 0.779639 166 121 100
-0.028665 -0.066294 0.771736 164 121 98
-0.028839 -0.064847 0.764403 163 120 97
-0.028663 -0.063316 0.757931 163 120 99
-0.028263 -0.061734 0.752027 165 120 100
-0.027968 -0.060203 0.745983 166 121 101
-0.029951 -0.059429 0.735291 166 123 104
-0.031309 -0.058488 0.726065 158 120 102
-0.029498 -0.056523 0.723434 214 192 178
-0.027615 -0.054536 0.720962 187 158 141
-0.025829 -0.052586 0.718308 184 147 125
-0.024149 -0.050675 0.715456 184 146 124
-0.022569 -0.048803 0.712430 185 145 121
-0.021092 -0.046972 0.709224 187 147 123
-0.019709 -0.045180 0.705865 186 147 120
-0.018342 -0.043401 0.702503 185 145 120
-0.016957 -0.041620 0.699204 182 143 119
-0.015549 -0.039838 0.695974 182 142 118
-0.014051 -0.038026 0.692936 181 141 117
-0.012470 -0.036188 0.690070 179 140 117
-0.011001 -0.034397 0.687021 176 138 115
-0.009586 -0.032632 0.683897 173 136 113
-0.008216 -0.030889 0.680718 171 134 111
-0.006831 -0.029146 0.677589 170 131 110
-0.005261 -0.027334 0.674805 169 130 109
-0.003581 -0.025482 0.672226 166 128 106
-0.001874 -0.023621 0.669706 165 128 103
-0.000321 -0.021826 0.666939 160 123 101
0.001190 -0.020052 0.664119 160 122 100
0.002925 -0.018188 0.661684 154 119 95
0.004791 -0.016272 0.659474 151 113 94
0.006801 -0.014295 0.657504 148 109 89
0.008948 -0.012261 0.655752 148 108 90
0.011470 -0.010065 0.654593 147 106 84
0.013973 -0.007874 0.653390 147 105 84
0.016606 -0.005623 0.652376 146 105 84
0.019645 -0.003191 0.651968 143 102 85
0.022652 -0.000766 0.651486 141 102 85
0.025705 0.001685 0.651045 141 100 85
0.028886 0.004200 0.650768 142 101 83
0.032265 0.006811 0.650751 143 101 81
0.035631 0.009424 0.650682 142 99 78
0.039326 0.012194 0.651055 142 99 80
0.043386 0.015143 0.651911 140 100 84
0.101092 0.055793 0.669914 132 94 85
0.108893 0.060754 0.674824 124 97 90
0.117467 0.066129 0.680584 122 96 91
0.124859 0.070942 0.684718 117 94 90
0.131387 0.075345 0.687663 50 29 35
0.137310 0.079462 0.689769 56 52 63
0.144398 0.084188 0.693218 62 57 67
0.155560 0.091019 0.701490 117 76 74
-0.022349 -0.068575 0.829101 185 135 118
-0.024678 -0.067617 0.815948 172 121 104
-0.026748 -0.066632 0.803627 171 122 102
-0.027958 -0.065434 0.793464 167 121 101
-0.028658 -0.064116 0.784612 166 123 100
-0.029075 -0.062740 0.776530 165 122 99
-0.029270 -0.061320 0.769060 164 121 99
-0.029067 -0.059796 0.762567 164 121 100
-0.028667 -0.058227 0.756585 165 120 100
-0.028197 -0.056653 0.750838 165 120 100
-0.034665 -0.057426 0.730635 166 122 103
-0.033756 -0.055766 0.726103 172 149 135
-0.031780 -0.053750 0.723809 212 206 193
-0.029807 -0.051736 0.721518 220 211 198
-0.027858 -0.049731 0.719186 219 209 196
-0.025903 -0.047726 0.716873 221 211 195
-0.023928 -0.045716 0.714604 214 198 180
-0.021990 -0.043720 0.712271 193 167 148
-0.020239 -0.041795 0.709585 182 146 127
-0.018596 -0.039914 0.706707 182 143 121
-0.016982 -0.038047 0.703794 186 146 123
-0.015402 -0.036198 0.700834 184 144 120
-0.013850 -0.034364 0.697844 185 146 121
-0.012252 -0.032516 0.694959 184 145 121
-0.010690 -0.030686 0.692027 179 142 119
-0.009160 -0.028874 0.689056 179 141 117
-0.007654 -0.027075 0.686064 175 138 115
-0.006067 -0.025247 0.683237 173 136 113
-0.004407 -0.023393 0.680552 173 135 108
-0.002744 -0.021542 0.677887 171 133 106
-0.000955 -0.019640 0.675454 167 130 107
0.000891 -0.017717 0.673126 165 128 105
0.002736 -0.015795 0.670804 165 126 104
0.004702 -0.013824 0.668689 160 123 100
0.006726 -0.011828 0.666676 155 117 94
0.008924 -0.009758 0.664945 152 113 92
0.011237 -0.007636 0.663397 151 110 90
0.013633 -0.005476 0.661975 151 107 88
0.016133 -0.003268 0.660706 148 107 87
0.018921 -0.000928 0.659877 147 108 89
0.021979 0.001537 0.659444 144 106 87
0.024941 0.003965 0.658836 142 104 85
0.027808 0.006355 0.658059 142 103 84
0.030852 0.008831 0.657526 144 102 82
0.034016 0.011369 0.657145 145 101 82
0.037303 0.013969 0.656917 144 100 82
0.041022 0.016779 0.657288 144 100 82
0.095117 0.055918 0.670929 134 94 81
0.101819 0.060362 0.674542 133 93 80
0.110052 0.065603 0.680017 129 96 89
0.118875 0.071174 0.686107 122 96 91
0.126191 0.076007 0.690142 106 81 76
0.132596 0.080396 0.692922 49 36 39
0.138843 0.084722 0.695417 68 66 75
0.146503 0.089799 0.699560 60 53 61
-0.022549 -0.064729 0.835079 173 131 114
-0.025226 -0.063925 0.820962 182 133 114
-0.027335 -0.062999 0.808411 171 122 103
-0.028526 -0.061830 0.798175 168 122 102
-0.029276 -0.060557 0.789110 167 123 101
-0.029693 -0.059205 0.780934 165 122 99
-0.029932 -0.057822 0.773280 165 122 99
-0.029676 -0.056299 0.766824 166 121 101
-0.029325 -0.054761 0.760666 166 121 101
-0.029134 -0.053297 0.754254 165 120 100
-0.037395 -0.054794 0.730081 160 121 102
-0.036306 -0.053089 0.725913 205 190 181
-0.034578 -0.051164 0.723115 217 211 196
-0.032759 -0.049211 0.720519 218 214 200
-0.030777 -0.047200 0.718267 219 214 200
-0.028729 -0.045166 0.716152 218 211 197
-0.026559 -0.043087 0.714283 218 209 196
-0.024321 -0.040981 0.712545 217 209 195
-0.022214 -0.038925 0.710549 218 208 195
-0.020243 -0.036922 0.708291 219 208 196
-0.018332 -0.034943 0.705924 221 206 192
-0.016453 -0.032979 0.703506 215 193 181
-0.014612 -0.031032 0.701025 194 169 148
-0.012774 -0.029088 0.698549 179 147 129
-0.011017 -0.027178 0.695937 179 142 120
-0.009325 -0.025299 0.693219 181 143 120
-0.007688 -0.023445 0.690418 181 143 118
-0.005986 -0.021568 0.687749 181 143 118
-0.004275 -0.019689 0.685111 178 140 116
-0.002584 -0.017823 0.682449 176 137 112
-0.000818 -0.015926 0.679933 175 137 113
0.001061 -0.013983 0.677620 169 132 109
0.002993 -0.012019 0.675404 169 131 108
0.004973 -0.010035 0.673273 166 128 105
0.007027 -0.008019 0.671268 160 122 100
0.009208 -0.005946 0.669473 156 116 95
0.011563 -0.003795 0.667959 155 111 92
0.014031 -0.001592 0.666616 152 108 89
0.016554 0.000640 0.665351 151 107 88
0.019211 0.002935 0.664283 146 107 88
0.022120 0.005350 0.663594 144 106 87
0.025024 0.007767 0.662872 143 105 86
0.027882 0.010168 0.662056 142 103 84
0.030978 0.012685 0.661579 144 103 83
0.034281 0.015305 0.661385 145 101 82
0.037697 0.017987 0.661328 144 100 82
0.041509 0.020865 0.661817 143 99 82
0.095654 0.060398 0.675358 133 92 78
0.102871 0.065158 0.679647 134 94 81
0.111595 0.070720 0.685769 134 94 85
0.119883 0.076086 0.691178 133 96 88
0.127621 0.081195 0.695751 94 70 63
0.134017 0.085628 0.698509 50 37 41
0.140849 0.090308 0.701720 74 71 76
0.148911 0.095658 0.706350 95 85 91
-0.022663 -0.060797 0.841361 172 135 118
-0.025767 -0.060182 0.826069 173 125 106
-0.027989 -0.059341 0.813115 176 129 108
-0.029251 -0.058232 0.802599 167 123 100
-0.029948 -0.056972 0.793552 166 123 100
-0.030299 -0.055625 0.785428 167 123 101
-0.030533 -0.054263 0.777697 168 123 101
-0.030232 -0.052741 0.771262 166 121 100
-0.030189 -0.051327 0.764358 165 120 100
-0.030191 -0.049951 0.757458 164 119 101
-0.040026 -0.052140 0.729717 159 118 104
-0.039062 -0.050496 0.725278 211 203 192
-0.037665 -0.048701 0.721796 217 213 198
-0.035753 -0.046720 0.719407 219 214 201
-0.033959 -0.044786 0.716785 220 214 201
-0.031942 -0.042769 0.714629 220 214 201
-0.029798 -0.040703 0.712731 217 211 198
-0.027563 -0.038603 0.711010 218 211 196
-0.025339 -0.036505 0.709264 218 211 196
-0.023194 -0.034438 0.707360 217 211 197
-0.021063 -0.032376 0.705430 217 211 197
-0.018930 -0.030314 0.703501 218 209 197
-0.016805 -0.028254 0.701557 217 208 196
-0.014668 -0.026190 0.699634 217 208 195
-0.012464 -0.024097 0.697834 214 206 196
-0.010438 -0.022079 0.695708 218 208 195
-0.008550 -0.020120 0.693334 211 193 178
-0.006659 -0.018162 0.690974 194 172 152
-0.004830 -0.016231 0.688513 176 147 123
-0.002993 -0.014300 0.686075 175 139 117
-0.001115 -0.012352 0.683719 176 141 118
0.000836 -0.010374 0.681495 173 136 113
0.002834 -0.008375 0.679357 173 135 112
0.004852 -0.006369 0.677256 170 132 108
0.006936 -0.004333 0.675268 166 128 105
0.009099 -0.002261 0.673411 157 116 98
0.011420 -0.000116 0.671810 155 111 92
0.013898 0.002103 0.670458 153 109 90
0.016528 0.004394 0.669338 151 107 88
0.019297 0.006755 0.668422 146 107 86
0.022121 0.009145 0.667574 144 105 86
0.024970 0.011551 0.666743 144 105 86
0.027886 0.013994 0.665993 143 103 84
0.030996 0.016535 0.665517 143 102 84
0.034312 0.019181 0.665324 144 101 82
0.037794 0.021914 0.665347 144 100 82
0.041477 0.024753 0.665629 144 100 83
0.103879 0.070000 0.684753 135 93 81
0.113195 0.075945 0.691661 136 92 80
0.121324 0.081296 0.696870 132 89 79
0.129082 0.086478 0.701466 74 46 46
0.135118 0.090767 0.703755 58 44 46
0.142438 0.095760 0.707572 77 67 72
0.153051 0.102545 0.715376 57 45 50
-0.022526 -0.056722 0.848346 169 134 118
-0.026189 -0.056351 0.831540 173 125 107
-0.028639 -0.055636 0.817900 171 125 105
-0.029995 -0.054597 0.807048 172 129 107
-0.030727 -0.053381 0.797815 165 122 100
-0.030976 -0.052025 0.789832 167 123 101
-0.031178 -0.050676 0.782082 169 123 102
-0.030930 -0.049190 0.775451 168 121 99
-0.030890 -0.047799 0.768459 167 120 102
-0.031152 -0.046539 0.760918 166 120 102
-0.042743 -0.049530 0.729151 146 111 99
-0.042129 -0.048035 0.723960 213 208 195
-0.040887 -0.046312 0.720157 215 214 201
-0.039076 -0.044378 0.717579 217 214 202
-0.037260 -0.042444 0.715023 219 214 202
-0.035261 -0.040440 0.712854 219 214 200
-0.033166 -0.038398 0.710882 217 211 198
-0.030999 -0.036328 0.709054 218 209 197
-0.028815 -0.034251 0.707256 218 209 197
-0.026683 -0.032194 0.705354 217 211 198
-0.024493 -0.030113 0.703564 217 211 198
-0.022239 -0.028004 0.701893 217 211 198
-0.019996 -0.025899 0.700195 218 211 198
-0.017745 -0.023790 0.698507 217 211 197
-0.015488 -0.021677 0.696825 217 211 197
-0.013258 -0.019574 0.695087 215 206 194
-0.011066 -0.017488 0.693276 213 206 190
-0.008826 -0.015379 0.691549 213 205 192
-0.006635 -0.013292 0.689730 213 205 192
-0.004528 -0.011241 0.687759 211 203 189
-0.002421 -0.009191 0.685789 211 205 190
-0.000232 -0.007103 0.683961 215 203 188
0.001871 -0.005054 0.681983 205 187 170
0.003961 -0.003012 0.679982 191 167 147
0.006167 -0.000915 0.678178 171 142 121
0.008419 0.001203 0.676448 156 123 105
0.010806 0.003386 0.674935 150 110 90
0.013426 0.005681 0.673795 150 109 89
0.016231 0.008067 0.672937 148 107 87
0.019161 0.010517 0.672258 145 106 85
0.022035 0.012946 0.671466 144 105 86
0.024904 0.015376 0.670643 143 104 85
0.027873 0.017859 0.669952 143 102 84
0.031039 0.020444 0.669541 143 102 84
0.034354 0.023109 0.669328 144 102 82
0.037872 0.025881 0.669387 145 100 81
0.104847 0.074889 0.689869 135 93 81
0.114403 0.081040 0.697111 136 91 80
0.122704 0.086551 0.702548 132 95 84
0.130180 0.091643 0.706782 54 31 36
0.136087 0.095905 0.708892 80 51 57
0.143570 0.101043 0.712916 95 75 78
0.154114 0.107880 0.720658 74 51 46
-0.022125 -0.052486 0.856085 162 134 121
-0.026084 -0.052284 0.838359 175 131 114
-0.029048 -0.051800 0.823333 167 122 105
-0.030558 -0.050856 0.811988 171 126 107
-0.031495 -0.049744 0.802170 175 132 110
-0.031707 -0.048400 0.794180 169 124 103
-0.031862 -0.047060 0.786444 168 124 102
-0.031639 -0.045602 0.779676 167 122 102
-0.031697 -0.044269 0.772389 166 120 102
-0.032010 -0.043054 0.764652 165 119 103
-0.045719 -0.047034 0.728005 154 123 112
-0.045353 -0.045658 0.722273 215 211 200
-0.043965 -0.043894 0.718789 217 214 202
-0.042265 -0.042011 0.715992 217 213 201
-0.040494 -0.040103 0.713361 215 211 199
-0.038588 -0.038143 0.711021 217 211 197
-0.036584 -0.036144 0.708890 217 211 197
-0.034478 -0.034104 0.706967 215 209 196
-0.032356 -0.032056 0.705075 215 211 197
-0.030266 -0.030022 0.703121 217 211 200
-0.028106 -0.027959 0.701302 215 211 197
-0.025844 -0.025850 0.699678 215 211 197
-0.023590 -0.023745 0.698031 215 211 197
-0.021344 -0.021641 0.696364 214 209 197
-0.019094 -0.019534 0.694700 214 208 195
-0.016826 -0.017419 0.693062 217 208 195
-0.014543 -0.015295 0.691445 214 206 193
-0.012226 -0.013155 0.689883 214 206 193
-0.009932 -0.011024 0.688273 213 205 192
-0.007616 -0.008881 0.686696 213 205 192
-0.005309 -0.006742 0.685095 211 206 192
-0.002998 -0.004599 0.683493 211 205 191
-0.000757 -0.002488 0.681763 211 205 191
0.001515 -0.000361 0.680083 211 205 191
0.003925 0.001833 0.678629 206 201 189
0.006561 0.004136 0.677546 199 192 180
0.009573 0.006624 0.677071 159 135 123
0.012482 0.009068 0.676396 148 107 87
0.015693 0.011664 0.676188 148 107 87
0.018953 0.014290 0.676025 145 106 87
0.021934 0.016785 0.675383 143 104 85
0.024830 0.019243 0.674578 143 104 85
0.027816 0.021750 0.673892 143 102 84
0.030982 0.024352 0.673461 145 101 84
0.034344 0.027059 0.673300 144 100 81
0.037700 0.029770 0.673096 143 99 80
0.084463 0.065278 0.682198 133 94 75
0.090210 0.069372 0.684740 134 93 77
0.105944 0.079916 0.695214 136 91 79
0.115801 0.086314 0.702875 136 93 82
0.124150 0.091920 0.708381 113 78 67
0.131313 0.096899 0.712203 56 36 41
0.137252 0.101223 0.714342 87 55 57
0.144640 0.106366 0.718243 78 47 47
0.157340 0.114493 0.728728 130 90 79
-0.021841 -0.048213 0.863670 160 137 121
-0.026123 -0.048199 0.844946 167 130 114
-0.029239 -0.047831 0.829371 175 133 114
-0.030889 -0.046980 0.817554 168 123 104
-0.032093 -0.046002 0.806989 172 128 108
-0.032359 -0.044704 0.798776 179 135 114
-0.032421 -0.043353 0.791159 165 120 99
-0.032284 -0.041947 0.784113 167 122 102
-0.032416 -0.040666 0.776570 166 121 102
-0.033055 -0.039607 0.768026 166 120 102
-0.048850 -0.044621 0.726487 191 169 159
-0.048675 -0.043348 0.720334 217 214 205
-0.047245 -0.041581 0.716954 217 216 203
-0.045612 -0.039736 0.714033 219 214 203
-0.043725 -0.037790 0.711666 217 213 201
-0.041867 -0.035856 0.709248 213 211 198
-0.039922 -0.033888 0.707018 215 211 197
-0.037858 -0.031870 0.705037 214 209 196
-0.035745 -0.029831 0.703154 215 211 197
-0.033627 -0.027790 0.701281 215 211 197
-0.031472 -0.025732 0.699479 215 211 197
-0.029271 -0.023654 0.697764 215 211 197
-0.027072 -0.021575 0.696040 215 211 197
-0.024868 -0.019493 0.694322 214 209 197
-0.022687 -0.017421 0.692554 213 208 195
-0.020451 -0.015324 0.690887 213 206 193
-0.018163 -0.013201 0.689312 213 205 192
-0.015848 -0.011064 0.687777 212 203 191
-0.013577 -0.008947 0.686154 211 203 190
-0.011269 -0.006811 0.684592 213 205 192
-0.008929 -0.004658 0.683079 211 205 191
-0.006560 -0.002489 0.681608 209 203 190
-0.004212 -0.000329 0.680092 211 203 191
-0.001807 0.001859 0.678664 211 203 191
0.000532 0.004018 0.677115 205 200 186
0.003218 0.006348 0.676143 189 181 168
0.007462 0.009451 0.677759 140 117 104
0.011438 0.012433 0.678861 147 106 88
0.015218 0.015329 0.679582 146 106 88
0.018991 0.018231 0.680240 144 105 86
0.021871 0.020691 0.679408 143 104 85
0.024801 0.023180 0.678634 144 103 85
0.027809 0.025714 0.677959 143 102 84
0.030998 0.028345 0.677542 145 101 84
0.034339 0.031061 0.677329 144 100 81
0.037622 0.033753 0.676993 144 100 81
0.041276 0.036644 0.677187 144 100 81
0.071082 0.059377 0.683406 139 95 78
0.075326 0.062658 0.684054 136 95 77
0.079646 0.065989 0.684757 133 94 75
0.084492 0.069618 0.686133 134 93 75
0.090433 0.073861 0.688941 136 92 77
0.097836 0.078928 0.693637 136 92 78
0.107114 0.085057 0.700723 140 96 81
0.117402 0.091780 0.708979 135 92 81
0.125571 0.097355 0.714248 100 67 55
0.132187 0.102084 0.717351 51 33 35
0.138572 0.106702 0.720056 106 67 68
0.147557 0.112807 0.725998 123 83 76
0.160046 0.120929 0.736236 139 98 89
-0.021368 -0.043791 0.871852 154 139 127
-0.026067 -0.044012 0.851872 163 132 118
-0.029299 -0.043751 0.835825 167 130 112
-0.031133 -0.043014 0.823416 175 128 110
-0.032470 -0.042125 0.812406 171 125 107
-0.032837 -0.040893 0.803847 167 122 102
-0.032906 -0.039568 0.796118 181 136 116
-0.032777 -0.038187 0.788962 166 121 100
-0.033003 -0.036968 0.781114 166 121 102
-0.051859 -0.042182 0.725204 201 187 179
-0.051937 -0.041045 0.718481 217 216 204
-0.050452 -0.039268 0.715234 218 216 204
-0.048902 -0.037469 0.712151 218 216 204
-0.046985 -0.035516 0.709872 217 216 203
-0.045114 -0.033585 0.707502 217 214 202
-0.043157 -0.031618 0.705319 217 211 200
-0.041104 -0.029609 0.703338 214 213 200
-0.038973 -0.027566 0.701517 214 213 200
-0.036822 -0.025514 0.699732 217 211 200
-0.034653 -0.023453 0.697983 217 211 200
-0.032491 -0.021395 0.696213 217 211 200
-0.030338 -0.019340 0.694425 214 209 198
-0.028185 -0.017285 0.692632 214 209 197
-0.026048 -0.015236 0.690807 213 208 195
-0.023849 -0.013158 0.689097 213 208 194
-0.021578 -0.011046 0.687514 211 206 192
-0.019307 -0.008932 0.685927 211 205 191
-0.017091 -0.006842 0.684232 209 203 190
-0.014801 -0.004717 0.682665 211 205 191
-0.012506 -0.002588 0.681100 211 205 191
-0.010167 -0.000435 0.679606 211 201 189
-0.007861 0.001702 0.678046 209 203 190
-0.005779 0.003729 0.676087 207 201 189
-0.003225 0.005993 0.674941 199 193 180
0.000195 0.008693 0.675255 175 165 151
0.005498 0.012353 0.678698 138 109 95
0.010621 0.015940 0.681735 146 105 87
0.015099 0.019215 0.683607 145 104 86
0.018942 0.022178 0.684366 144 103 85
0.021803 0.024642 0.683477 143 102 86
0.024742 0.027151 0.682694 143 102 84
0.027752 0.029701 0.681998 145 101 82
0.030997 0.032379 0.681648 144 100 81
0.034396 0.035145 0.681504 143 99 80
0.037735 0.037885 0.681233 144 99 81
0.041405 0.040806 0.681432 143 99 82
0.045428 0.043926 0.682125 142 98 82
0.066782 0.060338 0.686606 134 95 79
0.070829 0.063527 0.687015 135 94 78
0.074918 0.066747 0.687435 135 94 78
0.079453 0.070224 0.688434 134 93 77
0.084590 0.074047 0.690209 135 93 77
0.090623 0.078386 0.693147 136 92 77
0.098342 0.083690 0.698289 141 97 82
0.108707 0.090512 0.706869 139 93 79
0.119255 0.097474 0.715493 136 91 79
0.126870 0.102803 0.720026 135 90 78
0.133355 0.107508 0.722945 132 91 81
0.140619 0.112678 0.726782 136 89 82
0.150181 0.119191 0.733468 104 63 55
-0.020567 -0.039160 0.880990 151 144 133
-0.025894 -0.039707 0.859204 157 128 116
-0.029294 -0.039579 0.842546 168 129 110
-0.031497 -0.039035 0.829088 173 125 108
-0.032785 -0.038168 0.818056 175 129 111
-0.033230 -0.036996 0.809202 169 123 104
-0.033439 -0.035752 0.801044 166 120 101
-0.033396 -0.034428 0.793598 179 134 114
-0.033536 -0.033200 0.785850 169 123 104
-0.055186 -0.039903 0.723177 202 192 184
-0.054898 -0.038642 0.717246 217 216 204
-0.053808 -0.037048 0.713147 218 216 206
-0.052154 -0.035215 0.710309 218 216 204
-0.050315 -0.033304 0.707886 218 216 204
-0.048446 -0.031381 0.705536 217 216 203
-0.046486 -0.029419 0.703384 217 214 202
-0.044442 -0.027419 0.701412 217 214 202
-0.042304 -0.025377 0.699631 217 214 202
-0.040137 -0.023321 0.697908 218 214 202
-0.037951 -0.021256 0.696216 217 214 201
-0.035775 -0.019194 0.694502 217 211 200
-0.033614 -0.017138 0.692753 217 211 200
-0.031481 -0.015096 0.690946 217 211 200
-0.029341 -0.013049 0.689151 215 209 196
-0.027154 -0.010980 0.687442 211 206 192
-0.024895 -0.008874 0.685865 213 208 194
-0.022651 -0.006775 0.684253 212 206 193
-0.020452 -0.004697 0.682551 211 205 191
-0.018169 -0.002577 0.680996 211 205 191
-0.015928 -0.000475 0.679361 209 203 190
-0.013681 0.001630 0.677729 208 203 189
-0.011410 0.003748 0.676134 208 203 189
-0.009142 0.005865 0.674526 204 198 187
-0.006327 0.008263 0.673860 188 184 172
-0.002371 0.011252 0.675127 153 137 124
0.004423 0.015719 0.681151 132 101 86
0.010513 0.019847 0.685834 143 102 85
0.015062 0.023192 0.687820 144 103 85
0.018852 0.026152 0.688476 143 102 84
0.021751 0.028651 0.687624 143 102 84
0.024678 0.031168 0.686795 145 101 83
0.027707 0.033744 0.686106 144 100 81
0.031043 0.036489 0.685878 145 101 82
0.034453 0.039280 0.685731 144 99 81
0.037705 0.041992 0.685303 144 99 81
0.041311 0.044901 0.685388 143 99 82
0.045243 0.047996 0.685928 142 98 82
0.049338 0.051189 0.686665 140 99 83
0.053552 0.054458 0.687528 138 98 84
0.057984 0.057857 0.688657 136 96 83
0.062418 0.061268 0.689727 135 96 79
0.066536 0.064511 0.690277 135 96 79
0.070650 0.067762 0.690771 134 95 78
0.074678 0.070974 0.691094 135 94 78
0.079312 0.074536 0.692225 134 93 77
0.084511 0.078429 0.694086 136 92 77
0.090875 0.083002 0.697487 144 98 84
0.099483 0.088878 0.703866 140 94 80
0.111295 0.096626 0.714445 140 94 80
0.121045 0.103223 0.722003 138 93 81
0.128258 0.108382 0.725990 141 94 80
0.135028 0.113304 0.729274 140 91 76
0.142957 0.118921 0.733973 137 88 79
0.151372 0.124845 0.739171 132 85 79
-0.025373 -0.035186 0.867526 147 123 113
-0.029183 -0.035293 0.849641 173 130 111
-0.031642 -0.034907 0.835383 175 125 109
-0.033017 -0.034118 0.823999 171 123 106
-0.033535 -0.033006 0.814852 178 133 113
-0.033800 -0.031813 0.806451 170 123 103
-0.033861 -0.030556 0.798662 168 120 102
-0.033899 -0.029309 0.791052 172 123 106
-0.058506 -0.037652 0.721121 187 169 156
-0.058519 -0.036554 0.714516 211 208 199
-0.057213 -0.034883 0.710907 219 217 207
-0.055538 -0.033051 0.708138 218 216 206
-0.053703 -0.031150 0.705730 218 216 204
-0.051778 -0.029209 0.703525 218 216 204
-0.049804 -0.027247 0.701429 217 216 203
-0.047734 -0.025240 0.699536 217 216 203
-0.045579 -0.023193 0.697818 217 216 203
-0.043411 -0.021140 0.696124 217 216 203
-0.041229 -0.019079 0.694452 217 216 203
-0.039050 -0.017018 0.692770 218 214 202
-0.036859 -0.014951 0.691106 215 211 199
-0.034695 -0.012897 0.689384 215 211 199
-0.032546 -0.010848 0.687629 214 209 197
-0.030363 -0.008783 0.685936 212 208 194
-0.028107 -0.006681 0.684377 212 208 194
-0.025888 -0.004595 0.682741 211 206 193
-0.023705 -0.002528 0.681033 212 208 196
-0.021428 -0.000411 0.679493 212 208 196
-0.019182 0.001691 0.677889 209 205 193
-0.016965 0.003779 0.676226 208 203 192
-0.014752 0.005866 0.674552 206 201 189
-0.012329 0.008062 0.673242 199 195 183
-0.009240 0.010610 0.673084 179 173 161
-0.004447 0.014059 0.675836 137 113 102
0.004431 0.019683 0.685487 130 99 85
0.010921 0.024077 0.690861 143 103 85
0.015080 0.027250 0.692180 145 102 85
0.018552 0.030064 0.692290 146 102 85
0.021653 0.032685 0.691747 145 101 84
0.024608 0.035233 0.690940 145 101 82
0.027680 0.037847 0.690296 145 99 81
0.031031 0.040619 0.690071 146 100 82
0.034380 0.043396 0.689807 144 98 80
0.037744 0.046187 0.689531 144 98 80
0.041385 0.049138 0.689651 144 98 80
0.045277 0.052236 0.690114 142 98 81
0.049304 0.055418 0.690736 139 98 80
0.053483 0.058694 0.691532 138 97 83
0.057902 0.062116 0.692633 137 97 83
0.062196 0.065476 0.693487 135 95 81
0.066163 0.068659 0.693805 134 95 81
0.070274 0.071933 0.694287 131 95 79
0.074502 0.075283 0.694886 134 96 79
0.079236 0.078932 0.696153 146 106 93
0.084466 0.082881 0.698056 138 94 81
0.091733 0.088027 0.702726 138 92 77
0.101247 0.094507 0.710374 140 94 80
0.113692 0.102735 0.721853 144 98 84
0.122832 0.109063 0.728589 135 90 78
0.129685 0.114069 0.732080 145 98 83
0.136855 0.119281 0.735884 140 90 77
0.145380 0.125318 0.741362 140 91 80
0.153116 0.130908 0.745661 135 88 78
-0.024500 -0.030431 0.876876 160 129 119
-0.028887 -0.030855 0.857313 176 128 113
-0.031699 -0.030676 0.842001 176 126 111
-0.033236 -0.030000 0.830070 173 124 107
-0.033801 -0.028940 0.820685 170 122 104
-0.034079 -0.027780 0.812139 178 131 111
-0.034124 -0.026540 0.804283 169 122 103
-0.034274 -0.025368 0.796306 168 120 102
-0.060933 -0.035029 0.721039 166 132 121
-0.060836 -0.033911 0.714647 193 190 181
-0.060134 -0.032530 0.709691 213 213 202
-0.058309 -0.030637 0.707261 222 220 210
-0.056896 -0.028939 0.703951 217 216 203
-0.054982 -0.027010 0.701744 217 216 203
-0.052956 -0.025028 0.699783 217 216 203
-0.050932 -0.023047 0.697817 217 216 203
-0.048824 -0.021026 0.696028 217 216 203
-0.046668 -0.018981 0.694335 217 216 203
-0.044509 -0.016933 0.692644 217 216 203
-0.042360 -0.014890 0.690928 215 214 201
-0.040160 -0.012821 0.689309 217 213 200
-0.037965 -0.010754 0.687676 217 211 200
-0.035821 -0.008711 0.685936 214 209 198
-0.033649 -0.006654 0.684247 214 209 197
-0.031420 -0.004566 0.682664 213 208 196
-0.029211 -0.002488 0.681035 212 208 194
-0.027016 -0.000417 0.679373 214 209 198
-0.024762 0.001687 0.677817 214 209 198
-0.022503 0.003794 0.676263 212 208 196
-0.020293 0.005876 0.674612 211 206 194
-0.018003 0.008002 0.673099 206 201 190
-0.015292 0.010353 0.672327 193 187 177
-0.011865 0.013091 0.672793 160 147 137
-0.005386 0.017479 0.678526 103 79 70
0.004981 0.023994 0.690815 129 94 81
0.011415 0.028417 0.696103 143 100 83
0.015046 0.031332 0.696507 145 101 84
0.018368 0.034086 0.696347 146 100 84
0.021512 0.036747 0.695854 145 101 84
0.024539 0.039348 0.695139 144 100 82
0.027662 0.042007 0.694553 145 99 81
0.030915 0.044744 0.694149 145 99 81
0.034302 0.047560 0.693924 144 98 80
0.037786 0.050438 0.693819 144 98 80
0.041475 0.053438 0.693994 144 98 81
0.045348 0.056550 0.694410 142 98 81
0.049293 0.059711 0.694890 139 98 80
0.053335 0.062936 0.695466 139 98 82
0.057434 0.066202 0.696077 137 97 83
0.061475 0.069443 0.696549 134 94 80
0.065437 0.072646 0.696855 134 96 81
0.069660 0.076009 0.697496 140 102 84
0.074172 0.079550 0.698501 143 106 88
0.079147 0.083373 0.700110 132 93 79
0.084770 0.087590 0.702567 134 92 79
0.093090 0.093420 0.708729 141 95 80
0.103940 0.100779 0.718256 141 95 81
0.115871 0.108821 0.729053 140 94 80
0.124339 0.114828 0.734872 139 91 77
0.131256 0.119928 0.738439 144 96 82
0.139230 0.125683 0.743311 141 90 80
0.146741 0.131180 0.747432 140 93 82
-0.023498 -0.025518 0.886717 181 128 119
-0.028268 -0.026194 0.865929 179 126 114
-0.031669 -0.026337 0.848943 176 125 111
-0.033511 -0.025842 0.836106 178 130 112
-0.034086 -0.024820 0.826571 173 123 107
-0.034408 -0.023709 0.817803 171 121 104
-0.034450 -0.022494 0.809842 176 129 110
-0.034466 -0.021287 0.802071 173 125 106
-0.035191 -0.020428 0.792787 166 118 100
-0.063028 -0.031215 0.715050 179 163 157
-0.062471 -0.029922 0.709747 193 187 177
-0.061158 -0.028279 0.706185 206 205 194
-0.059463 -0.026457 0.703497 214 214 201
-0.058054 -0.024776 0.700209 217 216 203
-0.056007 -0.022788 0.698312 217 216 203
-0.053958 -0.020799 0.696422 217 216 203
-0.051959 -0.018834 0.694427 218 216 204
-0.049914 -0.016847 0.692528 218 216 204
-0.047835 -0.014843 0.690700 217 216 203
-0.045733 -0.012826 0.688919 217 216 203
-0.043530 -0.010758 0.687335 217 214 201
-0.041330 -0.008691 0.685740 217 213 201
-0.039157 -0.006636 0.684085 217 213 201
-0.036959 -0.004567 0.682475 217 213 201
-0.034745 -0.002490 0.680888 215 211 199
-0.032523 -0.000407 0.679311 214 209 198
-0.030302 0.001677 0.677725 214 209 198
-0.028132 0.003734 0.676036 214 209 198
-0.025925 0.005812 0.674413 212 208 196
-0.023699 0.007901 0.672818 209 205 193
-0.021191 0.010144 0.671728 200 197 185
-0.018000 0.012762 0.671845 184 174 165
-0.013424 0.016144 0.674378 138 115 105
-0.002837 0.022848 0.687375 114 85 76
0.005980 0.028620 0.696996 128 93 80
0.011792 0.032758 0.701214 143 100 83
0.015127 0.035532 0.701089 145 101 84
0.018288 0.038215 0.700632 145 101 84
0.021412 0.040882 0.700081 144 100 83
0.024525 0.043547 0.699483 144 100 83
0.027680 0.046241 0.698924 144 100 81
0.030960 0.049011 0.698539 144 100 81
0.034399 0.051877 0.698375 143 99 80
0.037964 0.054822 0.698376 143 98 81
0.041639 0.057837 0.698508 142 98 81
0.045384 0.060899 0.698706 141 97 80
0.049161 0.063986 0.698908 141 97 80
0.052992 0.067113 0.699150 137 96 80
0.056866 0.070272 0.699410 136 96 81
0.060844 0.073500 0.699781 139 101 86
0.064879 0.076769 0.700188 146 109 90
0.069271 0.080258 0.701071 132 99 81
0.074274 0.084121 0.702787 130 96 80
0.079533 0.088149 0.704798 132 96 82
0.085829 0.092813 0.708212 139 99 86
0.095182 0.099340 0.715848 139 95 80
0.107515 0.107701 0.727477 140 94 80
0.117709 0.114803 0.735872 141 95 81
0.125489 0.120464 0.740742 139 91 77
0.133114 0.126053 0.745266 144 94 82
0.142041 0.132460 0.751417 141 92 81
0.149747 0.138141 0.755776 146 104 89
-0.027664 -0.021445 0.874656 179 126 115
-0.031305 -0.021770 0.856841 170 125 112
-0.033650 -0.021557 0.842579 167 124 114
-0.034389 -0.020644 0.832510 179 131 114
-0.034772 -0.019593 0.823474 173 123 107
-0.034830 -0.018413 0.815365 171 121 104
-0.034652 -0.017140 0.807946 172 123 105
-0.034915 -0.016096 0.799617 179 131 113
-0.063751 -0.026804 0.712176 182 160 149
-0.062915 -0.025403 0.707517 186 177 172
-0.061798 -0.023872 0.703537 198 193 186
-0.060213 -0.022114 0.700625 208 206 196
-0.058418 -0.020253 0.698188 213 211 199
-0.056842 -0.018504 0.695295 217 214 203
-0.054954 -0.016600 0.693085 218 216 204
-0.052983 -0.014654 0.691052 218 216 204
-0.050970 -0.012686 0.689110 219 217 205
-0.048893 -0.010686 0.687299 220 219 206
-0.046727 -0.008639 0.685667 218 216 204
-0.044569 -0.006595 0.684015 217 216 203
-0.042411 -0.004550 0.682357 217 214 202
-0.040209 -0.002481 0.680780 215 213 200
-0.037992 -0.000403 0.679225 215 213 200
-0.035781 0.001672 0.677652 213 211 198
-0.033575 0.003747 0.676065 213 208 197
-0.031362 0.005826 0.674483 212 208 196
-0.029117 0.007923 0.672953 208 203 192
-0.026619 0.010161 0.671885 204 198 187
-0.023684 0.012644 0.671594 188 182 174
-0.019904 0.015603 0.672798 162 148 139
-0.014124 0.019691 0.677514 118 85 78
0.008236 0.034036 0.705467 131 93 81
0.011952 0.037040 0.706020 143 99 83
0.015136 0.039748 0.705608 144 100 83
0.018214 0.042401 0.704983 144 100 83
0.021349 0.045091 0.704426 145 101 84
0.024499 0.047794 0.703863 145 101 84
0.027704 0.050533 0.703362 145 101 82
0.031028 0.053347 0.703024 144 100 81
0.034507 0.056257 0.702902 143 99 80
0.038102 0.059240 0.702926 142 98 80
0.041690 0.062226 0.702900 140 97 79
0.045318 0.065242 0.702894 138 96 77
0.049059 0.068331 0.703023 141 97 79
0.052751 0.071398 0.703035 147 104 86
0.056503 0.074506 0.703094 147 106 91
0.060614 0.077837 0.703654 129 94 79
0.064886 0.081274 0.704404 133 99 83
0.069726 0.085064 0.705940 129 97 81
0.075083 0.089179 0.708162 130 98 82
0.081207 0.093775 0.711416 133 101 85
0.088169 0.098900 0.715772 129 97 82
0.097931 0.105766 0.723994 136 96 82
0.109849 0.113992 0.735064 141 94 82
0.119096 0.120603 0.742144 138 92 78
0.126883 0.126335 0.747021 147 97 84
0.135153 0.132388 0.752426 141 90 79
0.143158 0.138298 0.757323 141 92 81
-0.027101 -0.016618 0.883436 181 125 116
-0.030714 -0.017011 0.865450 165 125 118
-0.033547 -0.017087 0.849767 163 124 117
-0.034766 -0.016440 0.838365 171 123 108
-0.035177 -0.015435 0.829139 175 124 108
-0.035245 -0.014288 0.820896 173 125 108
-0.035086 -0.013049 0.813328 168 120 102
-0.034840 -0.011785 0.806088 167 119 101
-0.035058 -0.010768 0.797877 172 123 108
-0.063092 -0.021717 0.712417 167 147 137
-0.062728 -0.020577 0.706696 179 167 160
-0.061694 -0.019104 0.702534 187 179 171
-0.060303 -0.017453 0.699199 195 190 181
-0.058782 -0.015740 0.696173 205 201 190
-0.057256 -0.014027 0.693184 211 206 194
-0.055535 -0.012215 0.690628 214 211 201
-0.053744 -0.010367 0.688234 221 219 208
-0.051718 -0.008396 0.686334 225 224 211
-0.049553 -0.006350 0.684719 225 224 211
-0.047464 -0.004344 0.682944 223 220 209
-0.045362 -0.002331 0.681194 217 216 203
-0.043198 -0.000283 0.679564 214 213 200
-0.040967 0.001802 0.678058 213 211 199
-0.038749 0.003881 0.676520 209 208 196
-0.036537 0.005959 0.674964 211 206 194
-0.034324 0.008037 0.673401 205 201 191
-0.031903 0.010233 0.672224 198 195 183
-0.028887 0.012768 0.672136 185 179 170
-0.025731 0.015387 0.672269 162 151 142
-0.020848 0.018996 0.675503 141 112 105
0.003937 0.034904 0.708450 123 89 79
0.008606 0.038474 0.710729 134 94 81
0.011937 0.041280 0.710583 142 98 84
0.015073 0.043979 0.710063 144 100 83
0.018082 0.046607 0.709293 145 101 84
0.021209 0.049308 0.708696 143 99 82
0.024393 0.052048 0.708166 144 100 81
0.027679 0.054853 0.707776 144 100 81
0.031032 0.057702 0.707461 144 100 81
0.034442 0.060590 0.707204 143 99 80
0.037916 0.063523 0.707014 145 101 82
0.041411 0.066473 0.706819 147 105 85
0.045050 0.069516 0.706815 150 108 89
0.048660 0.072547 0.706724 146 102 84
0.052376 0.075650 0.706759 138 97 79
0.056438 0.078969 0.707282 136 97 83
0.060894 0.082538 0.708353 130 95 80
0.065743 0.086358 0.709953 131 99 84
0.071128 0.090520 0.712281 135 103 87
0.076930 0.094953 0.715139 128 98 82
0.083340 0.099779 0.718789 128 97 83
0.090747 0.105244 0.723774 131 101 87
0.100492 0.112193 0.731978 133 97 84
0.111711 0.120096 0.742078 138 94 81
0.120435 0.126463 0.748427 137 90 76
0.128714 0.132571 0.753990 148 98 82
0.136792 0.138575 0.759123 141 90 80
-0.026162 -0.011514 0.893343 179 126 117
-0.030363 -0.012270 0.873601 164 125 119
-0.033100 -0.012370 0.857944 163 125 119
-0.034774 -0.011991 0.845237 171 123 111
-0.035551 -0.011201 0.834975 170 121 105
-0.035711 -0.010128 0.826392 170 122 106
-0.035583 -0.008931 0.818647 176 129 111
-0.035183 -0.007613 0.811671 169 121 103
-0.034868 -0.006354 0.804603 166 118 102
-0.035056 -0.005369 0.796475 164 118 102
-0.061821 -0.015362 0.707473 160 144 134
-0.061150 -0.014097 0.702496 176 166 157
-0.060017 -0.012594 0.698587 181 171 162
-0.058941 -0.011128 0.694601 187 180 170
-0.057399 -0.009416 0.691652 193 187 177
-0.055551 -0.007540 0.689367 199 193 183
-0.053738 -0.005685 0.687018 202 198 187
-0.051742 -0.003730 0.685057 205 201 190
-0.049772 -0.001790 0.683042 205 201 191
-0.047741 0.000184 0.681156 204 200 189
-0.045573 0.002235 0.679541 202 198 189
-0.043389 0.004295 0.677952 200 195 186
-0.041191 0.006364 0.676385 199 192 182
-0.038895 0.008491 0.675002 193 187 177
-0.036414 0.010724 0.673960 184 177 168
-0.033545 0.013183 0.673636 171 162 152
-0.030582 0.015700 0.673455 151 137 131
-0.026106 0.019101 0.676043 140 119 111
0.005293 0.039952 0.715573 125 90 78
0.008771 0.042859 0.715702 133 93 81
0.011886 0.045557 0.715146 140 96 82
0.014944 0.048225 0.714461 142 98 81
0.017894 0.050833 0.713562 140 96 79
0.020978 0.053525 0.712868 142 98 81
0.024159 0.056279 0.712309 146 104 81
0.027451 0.059105 0.711906 147 104 83
0.030744 0.061936 0.711472 148 105 85
0.034035 0.064770 0.711000 152 108 89
0.037554 0.067749 0.710866 146 104 84
0.041084 0.070740 0.710711 140 99 78
0.044760 0.073827 0.710751 142 99 80
0.048506 0.076963 0.710858 141 98 80
0.052483 0.080248 0.711282 136 97 79
0.056889 0.083808 0.712319 139 101 84
0.061511 0.087512 0.713626 141 106 85
0.066851 0.091676 0.715954 131 99 84
0.072500 0.096047 0.718661 129 99 83
0.078370 0.100571 0.721602 126 96 83
0.085337 0.105804 0.726060 130 100 85
0.092795 0.111367 0.731107 130 102 88
0.102677 0.118496 0.739519 125 98 89
0.113624 0.126334 0.749253 133 96 86
0.122443 0.132840 0.755737 136 88 75
0.131225 0.139346 0.762000 146 98 85
0.139196 0.145352 0.766970 142 91 81
-0.025557 -0.006462 0.902560 179 125 116
-0.029399 -0.007133 0.883473 160 122 116
-0.032205 -0.007336 0.867403 160 126 120
-0.034484 -0.007313 0.852978 168 124 115
-0.035558 -0.006714 0.841820 171 122 110
-0.036115 -0.005876 0.832134 169 122 109
-0.036140 -0.004785 0.823907 169 123 108
-0.035835 -0.003540 0.816606 176 130 113
-0.035257 -0.002167 0.810068 171 123 108
-0.034738 -0.000838 0.803490 162 117 101
-0.034504 0.000325 0.796347 160 118 103
-0.060651 -0.009094 0.702352 150 131 121
-0.059486 -0.007588 0.698505 164 147 138
-0.058327 -0.006091 0.694689 168 154 144
-0.056582 -0.004272 0.692156 173 162 151
-0.054824 -0.002447 0.689664 173 163 154
-0.053038 -0.000609 0.687244 176 165 158
-0.051184 0.001267 0.684975 176 167 160
-0.049438 0.003080 0.682493 176 166 157
-0.047382 0.005069 0.680647 176 165 157
-0.045121 0.007177 0.679208 175 163 155
-0.042909 0.009257 0.677664 169 155 147
-0.040480 0.011465 0.676536 167 150 145
-0.037674 0.013896 0.676119 159 142 135
-0.034185 0.016733 0.676973 150 132 122
-0.030252 0.019840 0.678610 129 106 95
0.002339 0.041668 0.721150 122 84 74
0.005777 0.044568 0.721217 130 91 79
0.008846 0.047252 0.720580 135 97 81
0.011765 0.049848 0.719646 146 102 87
0.014655 0.052430 0.718638 154 110 93
0.017534 0.055008 0.717590 155 111 92
0.020586 0.057695 0.716816 153 109 90
0.023726 0.060440 0.716168 145 106 82
0.026951 0.063241 0.715632 143 102 82
0.030241 0.066088 0.715175 141 100 80
0.033685 0.069033 0.714938 140 99 79
0.037288 0.072084 0.714925 140 99 80
0.041019 0.075221 0.715078 140 99 78
0.044844 0.078423 0.715335 140 96 77
0.048823 0.081729 0.715792 146 103 84
0.053008 0.085172 0.716520 144 105 88
0.057523 0.088832 0.717708 140 102 85
0.062505 0.092798 0.719549 132 98 80
0.067894 0.097036 0.721935 130 98 82
0.073601 0.101490 0.724713 131 99 86
0.080082 0.106455 0.728556 134 103 89
0.086884 0.111643 0.732758 126 99 86
0.094746 0.117534 0.738394 124 100 87
0.115519 0.132665 0.756495 126 97 87
0.124572 0.139404 0.763314 140 94 83
0.133737 0.146240 0.770115 138 93 82
-0.029069 -0.002208 0.891879 158 122 115
-0.031433 -0.002255 0.876720 157 123 118
-0.033712 -0.002296 0.862075 162 124 117
-0.035663 -0.002201 0.848539 166 123 115
-0.036365 -0.001478 0.838354 166 123 112
-0.036707 -0.000586 0.829228 166 122 108
-0.036488 0.000587 0.821621 168 122 108
-0.035988 0.001897 0.814807 166 121 105
-0.035170 0.003366 0.808848 173 129 114
-0.034548 0.004717 0.802514 164 122 109
-0.034105 0.005957 0.795859 160 115 99
-0.034019 0.006986 0.788490 159 114 99
-0.056967 -0.001427 0.702721 133 100 90
-0.055990 -0.000042 0.698457 142 111 102
-0.054651 0.001545 0.695013 148 120 112
-0.053158 0.003217 0.691922 148 124 116
-0.051451 0.005010 0.689300 150 130 122
-0.050117 0.006582 0.685928 149 130 122
-0.048172 0.008510 0.683828 151 129 121
-0.046063 0.010535 0.682063 150 124 117
-0.043352 0.012918 0.681488 145 119 111
-0.040619 0.015317 0.680929 139 110 102
-0.037222 0.018117 0.681632 129 98 88
-0.032610 0.021656 0.684619 118 85 75
-0.001054 0.043151 0.726016 120 83 72
0.002715 0.046270 0.726713 125 87 76
0.005775 0.048960 0.726056 131 91 78
0.008705 0.051574 0.725136 137 97 80
0.011556 0.054141 0.724050 139 98 80
0.014409 0.056714 0.722947 144 100 80
0.017324 0.059327 0.721932 144 102 82
0.020400 0.062044 0.721175 142 100 80
0.023567 0.064821 0.720547 141 101 80
0.026825 0.067660 0.720041 141 100 80
0.030186 0.070568 0.719678 141 99 79
0.033693 0.073574 0.719524 140 99 80
0.037392 0.076707 0.719646 144 103 83
0.041171 0.079897 0.719853 146 103 84
0.045127 0.083207 0.720302 148 104 85
0.049082 0.086523 0.720696 141 97 80
0.053370 0.090061 0.721569 137 97 82
0.058022 0.093841 0.722953 137 97 82
0.063226 0.097990 0.725125 138 100 83
0.068711 0.102332 0.727645 138 104 89
0.074409 0.106826 0.730398 133 100 85
0.081187 0.112040 0.734685 126 97 84
0.088247 0.117457 0.739267 125 100 87
0.096925 0.123956 0.746112 121 99 89
0.117247 0.138990 0.763588 136 111 101
0.126372 0.145860 0.770514 143 96 86
0.135367 0.152667 0.777077 128 92 79
-0.028998 0.002675 0.899757 157 121 112
-0.030996 0.002754 0.885338 157 123 117
-0.032872 0.002864 0.871514 159 123 117
-0.034736 0.002948 0.857984 162 123 116
-0.036059 0.003294 0.846067 163 124 116
-0.036729 0.003972 0.835987 166 123 111
-0.036842 0.004936 0.827448 166 123 108
-0.036439 0.006169 0.820297 165 122 107
-0.035681 0.007587 0.814106 163 121 107
-0.034926 0.008992 0.807996 162 121 108
-0.034126 0.010411 0.802079 169 123 107
-0.033489 0.011729 0.795871 163 117 101
-0.032900 0.013006 0.789640 155 111 95
-0.032765 0.014011 0.782475 152 109 95
-0.004024 0.044923 0.731766 124 85 73
-0.000180 0.048108 0.732624 124 85 74
0.002756 0.050733 0.731731 129 89 75
0.005677 0.053353 0.730787 133 93 79
0.008482 0.055901 0.729606 136 96 80
0.011291 0.058455 0.728414 138 97 79
0.014196 0.061073 0.727374 139 97 78
0.017232 0.063776 0.726543 141 100 80
0.020391 0.066560 0.725900 141 101 80
0.023618 0.069393 0.725347 145 104 84
0.026939 0.072290 0.724921 148 107 87
0.030328 0.075235 0.724577 148 107 87
0.033813 0.078247 0.724358 149 108 88
0.037456 0.081367 0.724364 140 99 79
0.041324 0.084638 0.724696 139 96 77
0.045237 0.087945 0.725051 141 96 79
0.049238 0.091316 0.725500 140 95 80
0.053635 0.094954 0.726528 140 96 83
0.058371 0.098824 0.728029 146 102 88
0.063529 0.102981 0.730119 142 100 84
0.069149 0.107457 0.732842 133 99 83
0.075253 0.112266 0.736211 130 99 84
0.082322 0.117733 0.740939 124 99 84
0.090089 0.123684 0.746582 123 100 88
0.109784 0.138444 0.763558 125 106 97
0.118968 0.145415 0.770762 136 113 103
0.128730 0.152800 0.778617 126 80 73
-0.030656 0.007810 0.893860 158 123 120
-0.032350 0.007959 0.880298 159 124 121
-0.033844 0.008189 0.867513 162 126 120
-0.035278 0.008423 0.855119 162 123 116
-0.036223 0.008907 0.844182 163 123 114
-0.036745 0.009607 0.834484 162 123 109
-0.036611 0.010663 0.826559 160 121 108
-0.036008 0.011973 0.819891 159 120 107
-0.035253 0.013360 0.813689 160 120 107
-0.034384 0.014802 0.807843 164 117 100
-0.033613 0.016177 0.801850 163 117 101
-0.032722 0.017613 0.796221 163 117 101
-0.031802 0.019057 0.790733 155 115 97
-0.030829 0.020523 0.785436 150 111 92
-0.029822 0.022002 0.780286 147 107 91
-0.028254 0.023809 0.776436 145 103 90
-0.026960 0.025447 0.772026 142 100 86
-0.025499 0.027181 0.768025 138 97 84
-0.024090 0.028878 0.763954 135 95 82
-0.022877 0.030450 0.759511 132 94 81
-0.012181 0.041906 0.740617 126 87 74
-0.008879 0.044764 0.740516 124 85 72
-0.005613 0.047602 0.740301 123 84 71
-0.002676 0.050238 0.739419 123 84 71
0.000084 0.052763 0.738173 125 87 76
0.002880 0.055314 0.736978 132 92 79
0.005567 0.057797 0.735559 134 94 82
0.008277 0.060297 0.734170 138 98 83
0.011084 0.062861 0.732941 144 103 86
0.014038 0.065523 0.731959 148 105 88
0.017132 0.068278 0.731201 152 110 90
0.020303 0.071088 0.730552 147 106 85
0.023557 0.073954 0.730016 143 101 83
0.026901 0.076885 0.729604 140 99 79
0.030308 0.079860 0.729265 142 101 80
0.033869 0.082942 0.729149 140 99 79
0.037565 0.086118 0.729217 140 97 78
0.041392 0.089387 0.729459 139 94 76
0.045281 0.092702 0.729755 146 100 84
0.049296 0.096108 0.730206 148 102 86
0.053752 0.099816 0.731314 145 99 85
0.058676 0.103846 0.733102 141 96 81
0.063990 0.108148 0.735427 141 95 81
0.069884 0.112854 0.738570 137 96 82
0.076505 0.118064 0.742732 132 100 87
0.084022 0.123899 0.748141 130 100 86
0.092678 0.130528 0.755129 128 101 87
0.102244 0.137799 0.763302 128 103 92
0.111528 0.144902 0.770852 130 109 100
0.120905 0.152092 0.778347 130 86 82
-0.032356 0.012856 0.887868 160 129 125
-0.033590 0.013177 0.875568 163 126 123
-0.034848 0.013458 0.863438 162 123 116
-0.035966 0.013795 0.851891 164 123 116
-0.036670 0.014350 0.841591 162 123 111
-0.036694 0.015283 0.833145 160 121 108
-0.036265 0.016470 0.825948 159 120 107
-0.035570 0.017801 0.819499 160 120 106
-0.034690 0.019232 0.813587 163 117 100
-0.033906 0.020596 0.807534 163 116 100
-0.032961 0.022048 0.801941 160 115 97
-0.031929 0.023543 0.796623 155 114 96
-0.030757 0.025117 0.791693 154 114 95
-0.029138 0.026957 0.787827 151 112 95
-0.027743 0.028655 0.783502 148 106 92
-0.026299 0.030378 0.779331 146 103 88
-0.024726 0.032176 0.775485 142 99 85
-0.023352 0.033847 0.771248 140 97 84
-0.021909 0.035555 0.767202 137 96 82
-0.020342 0.037336 0.763456 133 94 81
-0.018554 0.039253 0.760207 132 92 79
-0.016606 0.041269 0.757309 131 91 78
-0.014398 0.043449 0.754960 132 91 76
-0.012082 0.045697 0.752830 131 89 76
-0.009729 0.047969 0.750773 130 89 76
-0.007307 0.050285 0.748852 130 90 76
-0.004855 0.052622 0.746985 129 88 76
-0.002358 0.054987 0.745197 129 89 76
0.000210 0.057401 0.743540 131 91 78
0.002792 0.059825 0.741899 134 94 80
0.005374 0.062249 0.740246 135 95 81
0.008074 0.064753 0.738802 138 99 84
0.011025 0.067423 0.737804 140 99 83
0.014038 0.070138 0.736894 144 98 82
0.017185 0.072943 0.736198 143 99 80
0.020397 0.075796 0.735589 142 99 79
0.023660 0.078687 0.735039 139 98 78
0.027010 0.081639 0.734607 143 99 80
0.030438 0.084648 0.734273 140 97 77
0.033950 0.087717 0.734046 147 104 85
0.037579 0.090870 0.733976 148 104 85
0.041351 0.094125 0.734105 149 103 85
0.045257 0.097476 0.734406 145 97 81
0.049315 0.100937 0.734908 144 97 82
0.053918 0.104775 0.736240 143 95 81
0.059147 0.109051 0.738508 142 94 80
0.065023 0.113781 0.741714 143 95 81
0.071503 0.118940 0.745765 138 95 81
0.078442 0.124429 0.750406 138 98 86
0.086178 0.130485 0.756143 139 97 85
0.094754 0.137142 0.763005 141 94 85
0.103890 0.144209 0.770537 140 95 86
0.113062 0.151322 0.777927 140 95 91
-0.032783 0.017593 0.894463 176 128 129
-0.033912 0.017920 0.882268 165 128 126
-0.035043 0.018220 0.870300 160 122 116
-0.036173 0.018497 0.858559 164 123 116
-0.036812 0.019046 0.848274 163 123 114
-0.036803 0.019966 0.839783 159 120 111
-0.036509 0.021045 0.832136 160 120 108
-0.035887 0.022310 0.825407 160 118 105
-0.035094 0.023670 0.819195 163 118 102
-0.034257 0.025047 0.813174 163 117 101
-0.033262 0.026512 0.807608 159 116 98
-0.032215 0.028002 0.802240 155 116 98
-0.031061 0.029552 0.797190 153 115 97
-0.029577 0.031301 0.792950 151 112 95
-0.028004 0.033102 0.788954 150 109 93
-0.026336 0.034959 0.785208 149 105 90
-0.024336 0.037024 0.782227 147 102 86
-0.022527 0.038964 0.778848 145 101 85
-0.020776 0.040865 0.775370 142 99 83
-0.019102 0.042712 0.771756 140 97 83
-0.017396 0.044578 0.768243 136 95 81
-0.015502 0.046562 0.765147 135 94 79
-0.013454 0.048644 0.762388 136 93 78
-0.011438 0.050704 0.759575 133 91 78
-0.009260 0.052869 0.757105 134 90 78
-0.007010 0.055080 0.754782 133 91 78
-0.004729 0.057311 0.752525 134 91 79
-0.002422 0.059560 0.750320 134 93 80
0.000038 0.061910 0.748410 134 94 80
0.002544 0.064291 0.746583 135 95 81
0.005111 0.066714 0.744865 135 95 81
0.007911 0.069294 0.743574 138 98 84
0.010818 0.071948 0.742459 139 98 82
0.013862 0.074697 0.741576 143 98 81
0.017028 0.077532 0.740887 144 100 81
0.020294 0.080438 0.740345 149 105 87
0.023562 0.083348 0.739773 150 107 89
0.026901 0.086311 0.739294 149 105 86
0.030325 0.089336 0.738928 149 106 86
0.033845 0.092431 0.738690 144 101 81
0.037446 0.095585 0.738549 142 98 79
0.041218 0.098862 0.738655 144 98 80
0.045244 0.102321 0.739139 145 97 81
0.049538 0.105971 0.740011 145 97 83
0.054404 0.110025 0.741755 143 95 81
0.060110 0.114675 0.744780 143 95 81
0.066600 0.119885 0.748958 143 95 81
0.073350 0.125290 0.753419 142 96 82
0.080416 0.130932 0.758245 139 96 85
0.088197 0.137093 0.764040 142 94 83
0.096613 0.143719 0.770654 143 93 86
0.105731 0.150862 0.778163 148 96 90
-0.035442 0.022938 0.876751 162 120 114
-0.036295 0.023331 0.865564 162 123 115
-0.036787 0.023925 0.855500 164 124 116
-0.036844 0.024771 0.846706 163 123 114
-0.036593 0.025794 0.838828 162 123 110
-0.036114 0.026946 0.831637 164 120 106
-0.035420 0.028224 0.825083 165 119 102
-0.034608 0.029565 0.818906 163 118 101
-0.033676 0.030974 0.813105 160 118 101
-0.032638 0.032442 0.807631 156 117 98
-0.031446 0.034001 0.802588 155 117 100
-0.030038 0.035693 0.798102 152 114 97
-0.028458 0.037492 0.794057 152 109 93
-0.026667 0.039422 0.790523 151 106 90
-0.024844 0.041371 0.787090 149 104 88
-0.022985 0.043340 0.783762 147 102 85
-0.021079 0.045338 0.780562 145 101 84
-0.019304 0.047247 0.777103 144 100 84
-0.017437 0.049215 0.773867 142 99 83
-0.015487 0.051235 0.770828 141 98 83
-0.013579 0.053225 0.767720 140 96 81
-0.011630 0.055240 0.764714 137 93 81
-0.009513 0.057367 0.762069 138 93 80
-0.007243 0.059596 0.759740 139 95 81
-0.004931 0.061852 0.757497 138 93 81
-0.002603 0.064119 0.755287 137 96 83
-0.000190 0.066443 0.753243 137 97 83
0.002322 0.068835 0.751386 138 98 84
0.004901 0.071274 0.749651 141 101 87
0.007651 0.073831 0.748229 143 103 89
0.010598 0.076525 0.747158 145 102 86
0.013657 0.079299 0.746270 152 107 90
0.016804 0.082135 0.745515 149 105 87
0.020044 0.085040 0.744900 146 102 85
0.023302 0.087960 0.744283 144 99 81
0.026670 0.090960 0.743830 145 100 82
0.030153 0.094044 0.743541 144 100 81
0.033754 0.097215 0.743419 143 99 80
0.037495 0.100489 0.743495 142 97 79
0.041450 0.103917 0.743887 145 97 80
0.045678 0.107544 0.744685 146 96 81
0.050195 0.111382 0.745903 146 97 82
0.055259 0.115615 0.747953 144 96 82
0.061355 0.120589 0.751600 144 95 81
0.067896 0.125893 0.755847 144 95 82
0.074616 0.131338 0.760251 144 96 84
0.081854 0.137167 0.765340 144 96 85
0.089697 0.143446 0.771232 144 95 84
0.098053 0.150109 0.777756 144 93 86
-0.036339 0.028297 0.872894 160 120 112
-0.036741 0.028904 0.862907 162 122 113
-0.037027 0.029568 0.853392 165 123 114
-0.036909 0.030475 0.845055 165 123 110
-0.036453 0.031586 0.837698 167 120 106
-0.035814 0.032804 0.830902 162 121 104
-0.035050 0.034093 0.824515 162 119 102
-0.034238 0.035405 0.818336 159 120 101
-0.033308 0.036785 0.812527 156 117 98
-0.032169 0.038295 0.807285 156 118 100
-0.030788 0.039958 0.802671 153 115 97
-0.029085 0.041828 0.798844 153 110 93
-0.027181 0.043829 0.795509 153 107 92
-0.025290 0.045819 0.792168 150 104 88
-0.023393 0.047811 0.788865 147 103 87
-0.021495 0.049801 0.785590 145 102 85
-0.019663 0.051744 0.782196 143 101 85
-0.017759 0.053734 0.778981 143 100 84
-0.015785 0.055769 0.775936 143 99 84
-0.013798 0.057810 0.772935 142 97 84
-0.011732 0.059904 0.770116 141 96 84
-0.009577 0.062058 0.767493 140 96 81
-0.007406 0.064222 0.764912 140 96 81
-0.005144 0.066448 0.762520 140 98 85
-0.002826 0.068713 0.760245 139 99 85
-0.000455 0.071014 0.758074 139 99 85
0.002046 0.073405 0.756154 137 98 85
0.004644 0.075865 0.754417 138 98 84
0.007419 0.078448 0.753003 141 99 86
0.010356 0.081148 0.751879 144 99 84
0.013390 0.083918 0.750915 147 100 84
0.016538 0.086770 0.750132 145 100 83
0.019787 0.089697 0.749506 145 99 81
0.023090 0.092665 0.748942 146 100 82
0.026544 0.095744 0.748615 146 100 82
0.030143 0.098930 0.748506 145 100 81
0.033888 0.102224 0.748607 145 99 81
0.037815 0.105653 0.748975 145 96 79
0.041963 0.109246 0.749670 147 97 81
0.046414 0.113063 0.750819 146 96 81
0.051193 0.117122 0.752447 147 97 82
0.056458 0.121540 0.754806 146 96 81
0.062618 0.126615 0.758541 144 94 81
0.069010 0.131870 0.762535 145 95 82
0.075675 0.137335 0.766841 145 96 85
0.082952 0.143260 0.771992 145 96 85
0.090752 0.149579 0.777818 144 94 87
-0.036197 0.033473 0.880845 175 116 114
-0.037000 0.033775 0.869656 167 120 110
-0.037096 0.034522 0.860487 167 122 111
-0.037166 0.035271 0.851540 168 122 108
-0.036802 0.036292 0.843835 168 121 107
-0.036241 0.037433 0.836742 164 123 107
-0.035541 0.038657 0.830100 160 123 104
-0.034847 0.039868 0.823542 158 120 102
-0.034104 0.041102 0.817201 157 119 100
-0.033234 0.042414 0.811250 156 120 100
-0.031984 0.043974 0.806271 153 115 97
-0.030095 0.045964 0.802827 146 107 96
-0.028071 0.048041 0.799716 142 104 94
-0.026106 0.050078 0.796493 129 94 82
-0.024130 0.052120 0.793317 122 92 80
-0.022152 0.054160 0.790165 134 99 84
-0.020231 0.056160 0.786910 137 98 84
-0.018261 0.058192 0.783785 139 97 81
-0.016207 0.060281 0.780857 140 98 82
-0.014137 0.062379 0.777980 141 97 82
-0.012020 0.064508 0.775213 140 96 82
-0.009843 0.066678 0.772584 143 99 84
-0.007660 0.068852 0.769976 142 98 84
-0.005398 0.071081 0.767536 141 100 86
-0.003043 0.073375 0.765286 141 101 87
-0.000667 0.075684 0.763080 140 100 87
0.001813 0.078066 0.761075 139 100 87
0.004467 0.080573 0.759404 139 99 85
0.007311 0.083216 0.758084 142 98 86
0.010262 0.085939 0.756950 145 100 83
0.013298 0.088723 0.755952 148 100 84
0.016477 0.091614 0.755194 146 100 82
0.019784 0.094599 0.754641 147 100 82
0.023149 0.097629 0.754158 148 100 83
0.026666 0.100772 0.753911 147 99 83
0.030359 0.104047 0.753938 146 99 82
0.034240 0.107463 0.754250 146 99 83
0.038331 0.111037 0.754874 147 97 81
0.042660 0.114790 0.755851 148 97 82
0.047358 0.118820 0.757392 147 97 82
0.052405 0.123113 0.759445 147 95 82
0.058003 0.127819 0.762332 147 95 82
0.063948 0.132791 0.765691 146 96 82
0.070083 0.137913 0.769246 145 95 82
0.076796 0.143474 0.773622 145 96 86
0.083554 0.149081 0.777935 142 96 85
0.092607 0.156404 0.785765 109 75 64
-0.037350 0.039438 0.867230 173 116 108
-0.037343 0.040200 0.858346 169 119 106
-0.037080 0.041122 0.850261 166 120 106
-0.036638 0.042155 0.842757 164 124 109
-0.035849 0.043414 0.836230 160 123 106
-0.035209 0.044563 0.829436 157 122 104
-0.034728 0.045594 0.822364 156 120 101
-0.034317 0.046567 0.815236 155 120 101
-0.033101 0.048088 0.810112 137 104 88
-0.031151 0.050113 0.806762 62 47 50
-0.029161 0.052165 0.803529 63 51 52
-0.027294 0.054128 0.800038 68 55 59
-0.025283 0.056191 0.796901 74 62 65
-0.023232 0.058279 0.793871 77 67 69
-0.021241 0.060323 0.790726 86 69 69
-0.019194 0.062406 0.787724 92 69 66
-0.017049 0.064557 0.784951 98 78 74
-0.014868 0.066732 0.782266 109 87 80
-0.012683 0.068909 0.779599 124 93 82
-0.010443 0.071125 0.777056 131 97 85
-0.008157 0.073374 0.774615 130 94 80
-0.005833 0.075649 0.772256 139 100 86
-0.003412 0.077994 0.770097 141 101 88
-0.000948 0.080369 0.768020 141 101 88
0.001622 0.082823 0.766151 140 101 88
0.004378 0.085412 0.764636 140 100 86
0.007301 0.088124 0.763430 144 99 87
0.010294 0.090889 0.762333 147 100 84
0.013368 0.093715 0.761368 148 100 84
0.016625 0.096678 0.760719 148 100 83
0.020012 0.099739 0.760275 148 100 84
0.023403 0.102807 0.759804 148 100 84
0.026922 0.105972 0.759527 148 98 83
0.030688 0.109323 0.759651 148 98 83
0.034675 0.112842 0.760118 148 98 83
0.038875 0.116525 0.760906 148 96 82
0.043400 0.120455 0.762194 149 97 83
0.048342 0.124702 0.764127 149 97 83
0.053621 0.129209 0.766549 149 96 83
0.059258 0.133992 0.769477 147 95 83
0.064991 0.138856 0.772461 145 96 82
0.071001 0.143938 0.775794 144 96 83
0.077197 0.149170 0.779318 137 90 79
-0.037159 0.045464 0.866201 171 113 104
-0.037038 0.046254 0.857612 163 116 104
-0.036617 0.047242 0.849928 157 121 106
-0.036033 0.048334 0.842772 159 123 107
-0.035435 0.049427 0.835764 158 123 106
-0.035297 0.050187 0.827747 155 121 103
-0.035219 0.050895 0.819719 155 120 102
-0.034239 0.052232 0.813964 132 105 89
-0.032343 0.054213 0.810439 112 102 102
-0.030239 0.056342 0.807429 100 89 89
-0.028261 0.058378 0.804144 74 62 66
-0.026275 0.060419 0.800903 71 59 64
-0.024237 0.062495 0.797799 53 43 47
-0.022207 0.064565 0.794698 61 51 54
-0.020114 0.066678 0.791753 73 60 64
-0.017951 0.068840 0.788976 67 62 61
-0.015767 0.071017 0.786257 73 62 64
-0.013518 0.073241 0.783686 70 57 60
-0.011270 0.075463 0.781120 77 67 69
-0.008935 0.077748 0.778741 57 45 47
-0.006500 0.080107 0.776572 88 66 61
-0.003954 0.082547 0.774626 139 101 88
-0.001392 0.085000 0.772708 140 99 86
0.001300 0.087550 0.771041 140 101 88
0.004209 0.090262 0.769788 142 100 89
0.007285 0.093099 0.768840 145 100 88
0.010371 0.095946 0.767883 148 101 85
0.013483 0.098814 0.766948 148 100 84
0.016746 0.101798 0.766272 148 100 83
0.020150 0.104890 0.765824 148 99 84
0.023584 0.108008 0.765396 149 99 83
0.027152 0.111229 0.765173 148 98 83
0.030989 0.114657 0.765394 148 98 83
0.035104 0.118299 0.766061 148 98 82
0.039516 0.122171 0.767193 149 97 83
0.044293 0.126326 0.768895 149 96 83
0.049313 0.130672 0.770936 148 96 82
0.054371 0.135054 0.772953 148 95 83
0.060004 0.139881 0.775858 145 94 81
0.065564 0.144662 0.778536 145 98 84
0.071596 0.149811 0.781895 125 82 67
-0.036554 0.052450 0.857333 157 116 107
-0.035987 0.053502 0.850009 152 116 102
-0.035438 0.054532 0.842758 155 122 107
-0.035190 0.055336 0.834880 155 121 105
-0.035200 0.055944 0.826508 153 121 103
-0.034702 0.056911 0.819494 157 122 106
-0.033172 0.058621 0.815034 92 80 71
-0.031162 0.060679 0.811752 81 69 67
-0.029114 0.062762 0.808579 78 65 68
-0.027006 0.064888 0.805563 37 25 29
-0.024913 0.067002 0.802534 37 28 31
-0.022879 0.069071 0.799388 38 29 29
-0.020809 0.071165 0.796339 41 31 36
-0.018592 0.073367 0.793633 51 38 38
-0.016371 0.075571 0.790946 37 26 26
-0.014183 0.077750 0.788196 67 55 58
-0.011971 0.079946 0.785510 71 60 63
-0.009663 0.082213 0.783032 62 50 56
-0.007236 0.084569 0.780808 61 52 53
-0.004619 0.087067 0.778971 47 39 40
-0.001950 0.089607 0.777233 92 65 62
0.000702 0.092133 0.775448 140 100 89
0.003897 0.095072 0.774732 140 101 90
0.007296 0.098168 0.774383 146 100 87
0.010517 0.101131 0.773648 149 101 86
0.013647 0.104027 0.772705 149 101 85
0.016896 0.107017 0.771963 149 101 85
0.020367 0.110178 0.771602 149 99 84
0.023887 0.113381 0.771297 149 99 83
0.027535 0.116684 0.771183 148 98 83
0.031461 0.120204 0.771532 148 98 83
0.035576 0.123874 0.772166 149 97 83
0.040082 0.127850 0.773437 149 97 83
0.044946 0.132109 0.775268 148 96 83
0.050098 0.136597 0.777517 147 95 82
0.055389 0.141199 0.779911 148 95 84
0.060574 0.145727 0.782027 130 84 74
-0.035127 0.059959 0.850660 148 113 101
-0.034439 0.061055 0.843736 152 118 107
-0.034413 0.061652 0.835297 149 118 105
-0.034176 0.062396 0.827513 152 118 104
-0.033108 0.063752 0.821841 155 117 103
-0.031444 0.065548 0.817660 134 100 92
-0.029565 0.067502 0.814022 80 63 65
-0.027633 0.069494 0.810541 40 28 33
-0.025511 0.071628 0.807521 42 32 36
-0.023394 0.073755 0.804504 38 29 32
-0.021320 0.075850 0.801410 42 33 36
-0.019118 0.078041 0.798617 41 32 35
-0.016868 0.080266 0.795939 39 29 34
-0.014664 0.082457 0.793173 43 31 36
-0.012412 0.084683 0.790519 33 23 26
-0.010116 0.086943 0.787969 64 51 60
-0.007779 0.089233 0.785509 84 73 75
-0.005216 0.091696 0.783521 94 88 91
-0.002521 0.094262 0.781798 68 40 45
0.000310 0.096933 0.780338 143 103 94
0.003621 0.099977 0.779822 143 103 92
0.007362 0.103355 0.780119 148 101 91
0.010718 0.106439 0.779607 149 101 87
0.013926 0.109410 0.778772 150 100 87
0.017260 0.112481 0.778145 150 101 86
0.020823 0.115734 0.777920 150 100 87
0.024426 0.119020 0.777724 150 100 87
0.028104 0.122369 0.777625 148 98 84
0.032047 0.125928 0.777967 148 98 83
0.036284 0.129722 0.778788 149 97 83
0.041011 0.133905 0.780425 148 96 84
0.045622 0.138002 0.781773 149 96 87
0.050795 0.142548 0.784036 136 87 79
-0.033830 0.067322 0.843739 147 116 105
-0.033867 0.067823 0.835141 147 115 103
-0.032722 0.069218 0.829544 148 112 99
-0.031108 0.070967 0.825142 151 112 100
-0.029467 0.072734 0.820854 146 106 95
-0.027674 0.074614 0.816966 113 79 74
-0.025608 0.076703 0.813742 96 72 69
-0.023414 0.078889 0.810833 90 73 75
-0.021293 0.081017 0.807773 101 89 92
-0.019133 0.083175 0.804818 99 88 93
-0.016873 0.085409 0.802097 77 65 72
-0.014661 0.087606 0.799282 58 48 53
-0.012441 0.089808 0.796496 36 23 33
-0.010263 0.091977 0.793633 65 52 62
-0.007907 0.094284 0.791157 57 45 51
-0.005257 0.096821 0.789299 73 57 56
-0.002447 0.099484 0.787762 118 88 86
0.000587 0.102325 0.786666 141 101 93
0.004081 0.105530 0.786473 144 103 95
0.007849 0.108954 0.786782 149 102 92
0.011203 0.112054 0.786217 150 103 89
0.014349 0.114992 0.785209 151 101 88
0.017809 0.118180 0.784779 150 100 87
0.021379 0.121459 0.784522 149 99 86
0.025159 0.124907 0.784616 150 100 87
0.028944 0.128362 0.784671 149 98 86
0.032804 0.131881 0.784814 149 97 85
0.037143 0.135785 0.785783 152 100 91
0.042412 0.140439 0.788370 131 79 71
-0.029876 0.076710 0.843383 130 86 83
-0.029420 0.077545 0.836016 140 97 91
-0.028594 0.078664 0.829648 151 112 100
-0.027026 0.080361 0.825120 149 110 99
-0.025090 0.082345 0.821501 147 104 94
-0.022838 0.084577 0.818640 144 95 86
-0.020812 0.086629 0.815275 142 93 87
-0.018781 0.088684 0.811946 128 84 80
-0.016669 0.090802 0.808821 113 79 74
-0.014543 0.092930 0.805744 101 73 72
-0.012312 0.095140 0.802913 88 62 63
-0.009995 0.097419 0.800279 111 83 86
-0.007358 0.099952 0.798334 122 90 87
-0.004486 0.102674 0.796875 136 97 93
-0.001455 0.105525 0.795728 140 100 95
0.001723 0.108495 0.794860 142 102 95
0.005100 0.111627 0.794364 142 101 95
0.008487 0.114769 0.793851 149 102 92
0.011648 0.117731 0.792847 150 102 90
0.015118 0.120944 0.792425 149 98 88
0.018555 0.124133 0.791897 149 98 88
0.022258 0.127540 0.791845 149 97 88
0.026005 0.130985 0.791828 149 97 88
0.030036 0.134663 0.792297 132 84 73
0.035472 0.139488 0.795331 116 72 60
-0.021306 0.091144 0.828800 138 88 85
-0.019885 0.092705 0.823928 153 99 96
-0.018155 0.094513 0.819815 159 109 103
-0.016223 0.096482 0.816196 154 104 97
-0.014043 0.098652 0.813158 151 101 95
-0.011625 0.101015 0.810658 140 102 97
-0.009066 0.103492 0.808468 138 102 97
-0.006289 0.106146 0.806742 141 104 100
-0.003494 0.108816 0.805041 142 101 99
-0.000533 0.111623 0.803678 142 102 98
0.002534 0.114518 0.802511 138 101 98
0.005735 0.117524 0.801595 138 100 102
0.009100 0.120665 0.800979 148 104 102
0.012337 0.123704 0.800072 148 99 89
0.015840 0.126963 0.799662 131 80 71
0.020172 0.130908 0.800839 114 64 56
-0.002718 -0.156357 0.715871 75 64 60
-0.000132 -0.158625 0.718662 88 85 75
0.003984 -0.160324 0.718854 122 118 99
0.007573 -0.162212 0.719926 171 170 160
0.009919 -0.164583 0.723156 185 185 176
0.081831 -0.212546 0.767182 78 94 89
0.084702 -0.214815 0.769727 80 96 90
-0.005213 -0.147928 0.709872 106 99 100
-0.000926 -0.149577 0.709773 217 201 221
0.002086 -0.151660 0.711787 188 190 180
0.005792 -0.153494 0.712623 182 182 166
0.009370 -0.155368 0.713661 175 178 160
0.013031 -0.157202 0.714538 175 182 167
0.016589 -0.159069 0.715578 181 187 175
0.079944 -0.199286 0.749820 182 184 169
0.082475 -0.201674 0.752946 181 181 167
0.085032 -0.204061 0.756047 160 159 146
0.087336 -0.206621 0.759763 110 112 99
0.089665 -0.209186 0.763468 77 84 79
0.091486 -0.212104 0.768418 78 88 86
-0.007154 -0.139412 0.703067 122 117 116
-0.003181 -0.141169 0.703470 193 187 177
0.000370 -0.143053 0.704547 194 190 175
0.004580 -0.144708 0.704503 196 190 176
0.008138 -0.146573 0.705527 193 193 179
0.011811 -0.148390 0.706341 194 197 182
0.015559 -0.150171 0.707004 193 197 181
0.019285 -0.151951 0.707683 193 197 180
0.084597 -0.194059 0.744447 187 190 170
0.087274 -0.196323 0.747179 187 190 172
0.089935 -0.198607 0.749973 192 195 176
0.092400 -0.201023 0.753244 191 193 173
0.094733 -0.203539 0.756863 187 187 170
0.096985 -0.206128 0.760720 182 181 167
0.099139 -0.208805 0.764868 141 139 128
0.101105 -0.211635 0.769534 92 94 86
-0.009004 -0.130978 0.696234 94 93 98
-0.005110 -0.132758 0.696743 187 187 176
-0.001962 -0.134759 0.698449 201 198 185
0.002141 -0.136456 0.698572 196 195 180
0.006134 -0.138175 0.698848 194 193 179
0.009989 -0.139926 0.699325 193 195 178
0.013770 -0.141690 0.699901 192 193 177
0.017613 -0.143423 0.700348 189 193 176
0.039002 -0.154225 0.705499 184 186 171
0.042598 -0.155983 0.706233 187 190 173
0.046020 -0.157805 0.707272 165 149 156
0.049249 -0.159702 0.708666 182 174 173
0.052488 -0.161592 0.710031 170 169 164
0.055565 -0.163550 0.711705 151 148 144
0.058500 -0.165573 0.713657 145 144 138
0.061523 -0.167557 0.715440 169 168 156
0.064549 -0.169540 0.717218 168 167 153
0.067425 -0.171597 0.719305 166 170 154
0.070249 -0.173683 0.721507 159 164 148
0.073115 -0.175753 0.723633 160 164 146
0.075756 -0.177944 0.726244 163 166 149
0.078430 -0.180126 0.728807 163 165 149
0.081005 -0.182370 0.731604 160 165 148
0.083673 -0.184575 0.734224 166 170 151
0.086220 -0.186857 0.737133 167 172 153
0.088715 -0.189182 0.740188 173 177 160
0.091298 -0.191469 0.743077 173 177 160
0.093835 -0.193797 0.746103 179 182 165
0.096328 -0.196165 0.749260 181 184 166
0.098959 -0.198465 0.752132 182 187 170
0.101471 -0.200851 0.755314 187 190 174
0.103781 -0.203384 0.759022 194 198 181
0.106291 -0.205808 0.762292 181 182 167
0.108817 -0.208238 0.765562 178 180 168
0.111335 -0.210691 0.768894 159 159 159
0.113748 -0.213237 0.772535 168 164 181
0.116105 -0.215844 0.776370 254 250 255
0.118349 -0.218559 0.780557 205 203 208
0.121461 -0.220653 0.782512 96 109 112
-0.007219 -0.124506 0.690421 176 168 159
-0.003019 -0.126188 0.690393 204 201 187
0.000943 -0.127925 0.690716 199 195 181
0.004702 -0.129710 0.691342 193 192 177
0.008093 -0.131600 0.692560 192 192 174
0.011927 -0.133345 0.693022 191 193 175
0.015360 -0.135209 0.694140 187 190 172
0.019108 -0.136962 0.694703 186 187 171
0.022974 -0.138666 0.695038 182 187 172
0.026524 -0.140466 0.695897 182 187 171
0.029956 -0.142301 0.696948 181 185 168
0.033317 -0.144156 0.698112 179 182 166
0.036520 -0.146064 0.699551 178 180 166
0.039738 -0.147964 0.700954 175 177 164
0.043254 -0.149746 0.701801 170 171 158
0.046750 -0.151528 0.702668 143 143 128
0.050011 -0.153397 0.703960 176 176 165
0.053072 -0.155346 0.705626 167 169 155
0.056283 -0.157230 0.707000 163 164 146
0.059413 -0.159147 0.708527 163 164 146
0.062459 -0.161100 0.710217 160 163 143
0.065515 -0.163048 0.711886 160 162 145
0.068490 -0.165033 0.713717 159 161 144
0.071414 -0.167044 0.715659 155 157 140
0.074226 -0.169112 0.717836 156 158 141
0.077021 -0.171194 0.720064 156 158 141
0.079809 -0.173284 0.722317 153 155 138
0.082599 -0.175379 0.724579 152 154 138
0.085322 -0.177515 0.727001 156 157 141
0.088126 -0.179615 0.729263 158 162 145
0.090818 -0.181783 0.731786 156 159 142
0.093452 -0.183992 0.734462 160 164 147
0.095973 -0.186276 0.737420 159 163 145
0.098434 -0.188609 0.740549 156 158 142
0.100962 -0.190918 0.743556 165 167 151
0.103578 -0.193186 0.746388 176 178 163
0.106115 -0.195517 0.749438 179 182 166
0.125700 -0.215259 0.777076 84 89 86
0.127945 -0.217973 0.781295 83 84 89
-0.011097 -0.116809 0.686990 81 88 80
-0.005821 -0.118225 0.685268 205 208 196
-0.001360 -0.119833 0.684785 195 198 181
0.002503 -0.121590 0.685226 187 190 173
0.006021 -0.123434 0.686207 186 187 171
0.009974 -0.125145 0.686452 186 187 171
0.013412 -0.126997 0.687527 191 190 173
0.017062 -0.128779 0.688232 182 185 167
0.020761 -0.130536 0.688833 182 185 167
0.031225 -0.135963 0.691608 178 182 165
0.034547 -0.137816 0.692797 175 179 164
0.037769 -0.139700 0.694155 172 176 161
0.040939 -0.141599 0.695598 175 177 164
0.044201 -0.143463 0.696870 173 176 163
0.047499 -0.145308 0.698063 170 171 157
0.050716 -0.147181 0.699400 166 166 152
0.053920 -0.149055 0.700753 153 153 139
0.057002 -0.150976 0.702332 158 158 144
0.060187 -0.152854 0.703711 158 158 143
0.063362 -0.154733 0.705101 156 157 139
0.066435 -0.156653 0.706687 149 152 134
0.069448 -0.158599 0.708393 151 153 136
0.072397 -0.160575 0.710231 152 154 137
0.075252 -0.162596 0.712265 151 153 136
0.078170 -0.164591 0.714178 152 154 137
0.081267 -0.166501 0.715716 154 156 139
0.111049 -0.190049 0.742763 164 166 151
-0.010303 -0.110739 0.682847 80 89 81
-0.004735 -0.112098 0.680645 214 216 201
-0.000379 -0.113737 0.680302 193 195 180
0.003583 -0.115464 0.680553 185 189 174
0.007134 -0.117290 0.681443 185 189 174
0.011103 -0.118992 0.681629 186 189 174
0.014936 -0.120720 0.682010 187 187 173
0.018572 -0.122494 0.682694 185 184 168
0.022209 -0.124260 0.683357 181 181 166
0.025791 -0.126033 0.684092 179 180 165
0.029417 -0.127784 0.684729 179 181 166
0.032745 -0.129622 0.685869 179 182 166
0.035970 -0.131490 0.687179 179 182 166
0.039157 -0.133367 0.688550 176 179 165
0.042311 -0.135253 0.689975 173 177 162
0.045377 -0.137168 0.691555 171 173 158
0.048489 -0.139066 0.693046 169 171 158
0.051715 -0.140919 0.694323 166 168 153
0.054866 -0.142797 0.695730 163 164 150
0.058049 -0.144661 0.697071 149 150 136
0.061132 -0.146561 0.698600 155 157 142
0.064278 -0.148434 0.700000 157 158 144
0.067423 -0.150305 0.701397 153 154 139
0.070400 -0.152245 0.703124 158 159 143
0.073171 -0.154277 0.705271 163 164 149
0.076046 -0.156266 0.707216 168 169 154
0.079088 -0.158182 0.708821 170 172 156
-0.010589 -0.104975 0.680416 67 75 70
-0.004149 -0.106156 0.676844 193 193 181
0.000989 -0.107610 0.675234 193 190 177
0.005139 -0.109285 0.675147 192 193 176
0.008622 -0.111117 0.676106 184 187 173
0.012377 -0.112870 0.676604 184 187 173
0.016251 -0.114581 0.676880 186 187 173
0.020011 -0.116311 0.677317 186 186 172
0.023460 -0.118120 0.678256 182 182 169
0.026892 -0.119928 0.679208 185 185 171
0.030437 -0.121695 0.679947 187 187 173
0.034040 -0.123436 0.680569 185 185 171
0.037422 -0.125237 0.681555 182 182 169
0.040606 -0.127098 0.682882 179 180 166
0.043719 -0.128978 0.684329 173 178 165
0.046824 -0.130859 0.685787 171 174 158
0.049837 -0.132771 0.687410 167 171 156
0.052882 -0.134671 0.688972 167 169 154
0.055977 -0.136552 0.690438 164 166 151
0.058997 -0.138459 0.692043 165 167 152
0.062046 -0.140354 0.693590 154 156 142
0.065078 -0.142255 0.695169 156 158 143
0.068134 -0.144146 0.696697 162 165 150
0.071181 -0.146039 0.698240 173 177 162
0.074056 -0.148003 0.700130 172 174 160
0.076931 -0.149970 0.702023 172 174 159
0.079982 -0.151861 0.703559 170 173 157
0.083671 -0.153464 0.703758 171 174 158
0.105504 -0.149819 0.673109 205 208 192
0.109431 -0.151109 0.672311 231 233 219
0.112613 -0.152743 0.673092 223 225 211
0.115577 -0.154478 0.674336 221 224 209
0.118355 -0.156306 0.675992 222 224 210
0.121137 -0.158133 0.677639 223 225 211
0.123868 -0.159987 0.679405 222 224 210
0.126474 -0.161914 0.681471 224 227 215
0.128853 -0.163972 0.684084 237 239 223
0.151418 -0.211068 0.775683 94 92 79
0.153709 -0.213724 0.779831 83 91 79
-0.003211 -0.100187 0.672515 220 224 218
0.002503 -0.101524 0.669974 182 186 175
0.006840 -0.103152 0.669550 191 193 180
0.010693 -0.104881 0.669866 187 192 176
0.014303 -0.106658 0.670551 184 187 173
0.017942 -0.108420 0.671167 187 190 176
0.021558 -0.110180 0.671801 186 189 174
0.025084 -0.111954 0.672565 186 187 173
0.028387 -0.113784 0.673689 189 192 177
0.031767 -0.115586 0.674668 192 193 180
0.035275 -0.117345 0.675412 191 193 181
0.038861 -0.119073 0.675998 187 190 179
0.042350 -0.120821 0.676734 182 182 169
0.045336 -0.122720 0.678353 179 180 166
0.048237 -0.124647 0.680128 172 176 160
0.051304 -0.126520 0.681598 169 173 156
0.054309 -0.128412 0.683182 169 173 158
0.057333 -0.130297 0.684728 165 169 154
0.060373 -0.132176 0.686241 166 168 153
0.063312 -0.134090 0.687945 164 166 151
0.066245 -0.136007 0.689661 166 169 155
0.069142 -0.137939 0.691450 169 172 157
0.072070 -0.139859 0.693181 172 176 161
0.074965 -0.141794 0.694980 172 176 161
0.077715 -0.143790 0.697079 171 174 160
0.080803 -0.145647 0.698491 171 174 159
0.084042 -0.147438 0.699584 168 171 156
0.104609 -0.144630 0.671727 211 214 200
0.109258 -0.145604 0.669380 230 232 220
0.112821 -0.147054 0.669308 224 227 214
0.115921 -0.148712 0.670219 224 227 213
0.118866 -0.150440 0.671459 224 227 213
0.121767 -0.152187 0.672793 222 224 211
0.124529 -0.154004 0.674438 222 224 211
0.127134 -0.155905 0.676449 222 224 211
0.129715 -0.157824 0.678530 222 224 211
0.132327 -0.159730 0.680548 224 227 213
0.134694 -0.161781 0.683169 221 224 210
0.136701 -0.164051 0.686698 226 229 212
0.157750 -0.208377 0.774068 130 133 121
0.159997 -0.211052 0.778344 81 81 74
-0.003057 -0.094443 0.669441 182 184 178
0.003420 -0.095645 0.665693 170 173 164
0.008374 -0.097140 0.664261 182 190 177
0.012827 -0.098725 0.663573 187 193 180
0.016289 -0.100524 0.664447 191 195 183
0.020159 -0.102218 0.664636 191 193 185
0.023543 -0.104020 0.665600 193 197 188
0.026840 -0.105839 0.666696 193 197 187
0.030145 -0.107651 0.667765 193 195 187
0.033420 -0.109467 0.668876 204 206 197
0.036733 -0.111267 0.669908 205 206 199
0.040067 -0.113057 0.670893 205 208 202
0.043613 -0.114778 0.671485 201 203 197
0.046916 -0.116563 0.672492 182 180 169
0.049650 -0.118519 0.674513 169 174 160
0.052523 -0.120434 0.676288 172 177 162
0.055532 -0.122306 0.677815 169 173 158
0.058474 -0.124199 0.679466 169 173 158
0.061459 -0.126078 0.681034 166 170 155
0.064449 -0.127954 0.682591 167 169 154
0.067337 -0.129867 0.684344 169 171 156
0.070158 -0.131804 0.686231 170 174 159
0.072933 -0.133762 0.688216 172 176 161
0.075764 -0.135702 0.690095 170 174 159
0.078559 -0.137657 0.692053 169 173 158
0.081392 -0.139600 0.693939 165 169 154
0.084577 -0.141400 0.695104 164 168 153
0.088181 -0.143019 0.695382 164 168 153
0.108431 -0.140426 0.667873 221 224 211
0.112809 -0.141516 0.666032 227 228 219
0.116071 -0.143092 0.666560 224 225 216
0.119140 -0.144750 0.667492 224 227 214
0.122012 -0.146498 0.668854 224 227 214
0.124819 -0.148276 0.670358 222 224 212
0.127502 -0.150117 0.672147 222 224 212
0.130091 -0.152010 0.674161 222 224 212
0.132627 -0.153935 0.676313 222 224 212
0.135205 -0.155844 0.678380 223 225 213
0.137471 -0.157932 0.681218 223 225 213
0.139574 -0.160127 0.684490 223 225 213
0.141775 -0.162283 0.687563 209 213 195
0.163605 -0.206048 0.773722 193 186 164
0.166140 -0.208473 0.777117 78 76 74
0.168195 -0.211330 0.782086 84 83 84
0.170659 -0.213870 0.785841 68 71 72
-0.004703 -0.089090 0.669184 86 93 91
0.004235 -0.089845 0.661603 189 193 185
0.009615 -0.091267 0.659476 176 178 171
0.014496 -0.092765 0.658072 175 181 176
0.018318 -0.094472 0.658320 139 148 144
0.021782 -0.096250 0.659125 182 190 186
0.025030 -0.098071 0.660269 196 203 198
0.028302 -0.099883 0.661362 200 205 202
0.031579 -0.101689 0.662436 211 213 210
0.034741 -0.103519 0.663694 228 230 228
0.037913 -0.105344 0.664927 245 245 244
0.041154 -0.107147 0.666033 250 247 250
0.044418 -0.108939 0.667085 254 253 255
0.047816 -0.110688 0.667887 254 251 255
0.051032 -0.112483 0.668999 187 181 175
0.053845 -0.114394 0.670832 176 179 167
0.056647 -0.116311 0.672689 170 174 161
0.059524 -0.118206 0.674413 166 170 155
0.062348 -0.120119 0.676238 169 172 157
0.065262 -0.122005 0.677898 167 170 155
0.068206 -0.123880 0.679500 168 170 155
0.071065 -0.125784 0.681267 146 148 133
0.073859 -0.127714 0.683164 169 173 158
0.076628 -0.129655 0.685118 172 174 160
0.079465 -0.131573 0.686944 168 172 157
0.082317 -0.133488 0.688742 167 171 156
0.085295 -0.135354 0.690285 167 170 155
0.088198 -0.137249 0.691983 170 172 158
0.092217 -0.138682 0.691329 201 203 190
0.103949 -0.136813 0.674168 239 242 228
0.111764 -0.136471 0.665012 217 219 205
0.115947 -0.137644 0.663531 226 227 218
0.119073 -0.139271 0.664313 223 224 215
0.122169 -0.140904 0.665145 223 225 213
0.124931 -0.142690 0.666716 224 227 214
0.127713 -0.144467 0.668240 222 224 213
0.130389 -0.146297 0.670013 222 224 213
0.133049 -0.148136 0.671827 221 224 213
0.135599 -0.150037 0.673911 222 224 213
0.138142 -0.151947 0.676027 223 225 213
0.140451 -0.153991 0.678730 223 225 213
0.142605 -0.156135 0.681846 223 225 213
0.144708 -0.158323 0.685130 221 224 212
0.145740 -0.161160 0.691186 179 181 164
0.172081 -0.206040 0.776351 90 95 85
0.174320 -0.208728 0.780753 75 79 78
0.176837 -0.211204 0.784321 73 77 78
-0.007498 -0.083935 0.670700 68 68 77
0.002792 -0.084528 0.661071 186 195 187
0.010627 -0.085507 0.655088 189 193 182
0.015118 -0.087097 0.654284 192 192 188
0.019252 -0.088740 0.654006 164 167 167
0.022948 -0.090462 0.654400 148 156 159
0.025993 -0.092316 0.655840 173 184 187
0.028954 -0.094189 0.657417 205 213 214
0.032040 -0.096032 0.658782 227 230 232
0.035224 -0.097849 0.659975 253 253 254
0.038450 -0.099652 0.661088 254 253 255
0.041598 -0.101471 0.662325 253 251 254
0.044906 -0.103244 0.663273 254 253 255
0.048280 -0.104995 0.664090 254 253 255
0.051708 -0.106723 0.664792 254 251 255
0.055088 -0.108457 0.665562 179 178 170
0.057863 -0.110361 0.667420 178 180 170
0.060645 -0.112265 0.669270 175 179 166
0.063458 -0.114161 0.671068 171 174 160
0.066209 -0.116079 0.672988 171 173 158
0.069018 -0.117980 0.674802 169 171 156
0.071841 -0.119879 0.676596 170 172 157
0.074631 -0.121790 0.678457 167 169 154
0.077466 -0.123688 0.680235 154 156 141
0.080280 -0.125595 0.682058 152 154 139
0.083202 -0.127464 0.683667 162 164 149
0.086182 -0.129311 0.685157 167 171 157
0.089334 -0.131090 0.686289 170 173 160
0.092859 -0.132716 0.686625 227 229 217
0.097190 -0.134003 0.685223 214 216 204
0.105906 -0.133434 0.674329 209 211 199
0.114293 -0.132887 0.663849 212 214 202
0.118555 -0.134029 0.662150 214 216 204
0.122063 -0.135478 0.662053 225 227 217
0.124807 -0.137261 0.663634 225 227 217
0.127608 -0.139018 0.665089 225 227 216
0.130391 -0.140782 0.666583 223 227 217
0.133039 -0.142613 0.668391 221 224 215
0.135586 -0.144497 0.670447 222 225 216
0.138150 -0.146378 0.672476 222 225 216
0.140680 -0.148282 0.674599 223 227 214
0.142977 -0.150318 0.677312 224 227 214
0.145192 -0.152411 0.680259 223 225 212
0.147112 -0.154686 0.683990 221 222 214
0.148108 -0.157519 0.690150 187 189 174
0.178136 -0.203485 0.775051 116 121 104
0.180438 -0.206105 0.779252 81 82 76
0.183046 -0.208481 0.782495 77 83 82
-0.011977 -0.079019 0.674790 114 113 109
-0.001708 -0.079736 0.665293 71 74 80
0.009318 -0.080228 0.654379 193 200 190
0.015439 -0.081536 0.650999 188 193 184
0.019685 -0.083165 0.650525 146 146 143
0.023296 -0.084904 0.651037 221 221 215
0.026279 -0.086763 0.652553 194 200 193
0.029387 -0.088595 0.653862 208 216 218
0.032251 -0.090478 0.655571 217 224 227
0.035358 -0.092307 0.656873 250 253 254
0.038701 -0.094078 0.657764 254 253 255
0.042081 -0.095835 0.658576 253 251 254
0.045368 -0.097608 0.659534 254 253 255
0.048683 -0.099368 0.660427 254 253 255
0.052051 -0.101108 0.661211 254 253 255
0.055477 -0.102826 0.661872 247 245 248
0.058817 -0.104560 0.662669 193 193 189
0.061725 -0.106409 0.664244 178 182 170
0.064607 -0.108266 0.665866 176 180 167
0.067417 -0.110145 0.667625 173 177 164
0.070137 -0.112053 0.669557 171 173 158
0.072867 -0.113960 0.671479 169 171 156
0.075590 -0.115872 0.673421 170 173 158
0.078311 -0.117789 0.675377 170 172 157
0.081080 -0.119692 0.677242 169 171 157
0.083883 -0.121585 0.679047 165 167 153
0.086860 -0.123417 0.680499 152 156 141
0.090029 -0.125177 0.681554 152 157 144
0.093551 -0.126798 0.681859 228 233 220
0.097019 -0.128428 0.682246 214 219 207
0.100968 -0.129855 0.681576 212 216 203
0.106339 -0.130682 0.677779 217 221 209
0.116136 -0.129606 0.664162 195 198 185
0.120792 -0.130590 0.661564 207 209 197
0.124280 -0.132047 0.661482 214 216 204
0.127174 -0.133757 0.662710 223 224 214
0.130140 -0.135430 0.663764 225 227 217
0.132976 -0.137160 0.665108 224 228 217
0.135669 -0.138957 0.666785 224 228 216
0.138297 -0.140788 0.668621 223 227 215
0.140725 -0.142723 0.670949 225 229 217
0.143190 -0.144648 0.673208 223 227 216
0.145524 -0.146649 0.675809 224 227 216
0.147782 -0.148702 0.678630 219 222 209
0.149492 -0.151074 0.682884 201 203 193
0.150481 -0.153885 0.689069 185 187 172
0.184236 -0.200864 0.773409 176 174 158
0.186644 -0.203373 0.777242 99 94 86
0.189499 -0.205501 0.779597 77 82 78
-0.016108 -0.073961 0.678301 91 90 91
-0.005673 -0.074767 0.668643 125 123 125
0.006621 -0.075176 0.655841 95 102 101
0.014317 -0.076266 0.650017 188 192 183
0.019111 -0.077816 0.648676 187 195 190
0.023618 -0.079395 0.647736 191 198 196
0.026905 -0.081188 0.648733 199 203 202
0.029795 -0.083054 0.650372 207 214 218
0.032830 -0.084891 0.651769 214 221 225
0.035794 -0.086741 0.653282 230 237 240
0.039047 -0.088527 0.654300 254 253 255
0.042477 -0.090269 0.655004 254 253 255
0.045856 -0.092015 0.655775 254 253 255
0.049107 -0.093785 0.656753 254 253 255
0.052418 -0.095535 0.657612 254 253 255
0.055799 -0.097261 0.658328 254 253 255
0.059269 -0.098957 0.658864 230 227 229
0.062574 -0.100688 0.659680 195 197 189
0.065550 -0.102503 0.661088 179 184 169
0.068496 -0.104325 0.662546 176 181 167
0.071338 -0.106177 0.664201 175 179 166
0.074086 -0.108057 0.666036 171 173 160
0.076776 -0.109957 0.667988 171 173 160
0.079415 -0.111876 0.670049 171 174 161
0.082023 -0.113810 0.672181 173 176 161
0.084703 -0.115724 0.674183 172 173 163
0.087485 -0.117607 0.675988 171 172 162
0.090495 -0.119411 0.677328 169 173 161
0.093864 -0.121083 0.677916 194 198 189
0.097447 -0.122668 0.678033 213 219 207
0.100951 -0.124268 0.678280 211 217 204
0.104753 -0.125741 0.677856 213 219 206
0.109206 -0.126935 0.675966 215 221 208
0.116687 -0.126856 0.667317 224 227 214
0.122187 -0.127514 0.662838 187 190 177
0.125925 -0.128873 0.662187 201 203 191
0.129422 -0.130318 0.662034 207 209 197
0.132431 -0.131967 0.662968 208 209 200
0.135370 -0.133642 0.664050 211 216 203
0.138194 -0.135368 0.665395 215 219 207
0.140864 -0.137167 0.667105 217 221 209
0.143378 -0.139046 0.669200 218 222 210
0.145814 -0.140970 0.671503 213 217 205
0.148049 -0.143007 0.674328 204 208 195
0.150006 -0.145206 0.677895 193 198 185
0.151393 -0.147739 0.682978 188 193 180
0.151826 -0.150842 0.690638 196 200 186
0.152356 -0.153954 0.698210 179 181 166
0.153185 -0.156954 0.705150 179 182 167
0.153740 -0.160174 0.712980 182 184 169
0.155894 -0.162475 0.716591 179 185 171
0.190131 -0.198394 0.772259 186 189 166
0.192942 -0.200523 0.774676 110 116 97
0.195345 -0.203040 0.778574 81 83 77
0.197865 -0.205476 0.782124 60 63 72
-0.020024 -0.068794 0.681446 71 68 75
-0.010360 -0.069830 0.673067 160 161 161
0.000740 -0.070569 0.662245 77 74 74
0.012473 -0.071113 0.650174 146 158 155
0.018422 -0.072502 0.647019 184 187 177
0.023178 -0.074059 0.645683 189 197 192
0.027020 -0.075754 0.645770 191 203 200
0.030117 -0.077574 0.647047 205 216 217
0.033358 -0.079364 0.648079 213 221 226
0.036524 -0.081164 0.649223 219 227 231
0.039666 -0.082966 0.650400 245 250 253
0.043025 -0.084718 0.651195 254 253 255
0.046436 -0.086453 0.651884 254 253 255
0.049717 -0.088210 0.652781 254 253 255
0.052865 -0.089991 0.653898 254 253 255
0.056107 -0.091746 0.654835 254 253 255
0.059426 -0.093478 0.655621 254 253 255
0.062902 -0.095162 0.656101 227 225 228
0.066267 -0.096867 0.656762 199 201 192
0.069157 -0.098691 0.658289 184 187 174
0.072136 -0.100490 0.659645 178 182 167
0.075055 -0.102304 0.661112 176 180 165
0.077811 -0.104164 0.662889 171 173 160
0.080454 -0.106060 0.664894 171 174 160
0.083036 -0.107979 0.667025 173 177 165
0.085566 -0.109918 0.669274 175 179 167
0.088181 -0.111836 0.671368 176 178 168
0.090967 -0.113701 0.673123 173 176 165
0.094015 -0.115478 0.674341 169 176 164
0.097560 -0.117076 0.674513 212 216 207
0.101270 -0.118602 0.674300 214 219 208
0.104617 -0.120246 0.674822 211 216 205
0.108319 -0.121746 0.674549 211 216 204
0.112621 -0.122995 0.672917 218 224 211
0.117481 -0.123990 0.669967 217 220 208
0.123383 -0.124515 0.664566 199 201 188
0.127573 -0.125697 0.662885 179 182 168
0.131255 -0.127068 0.662292 188 190 178
0.134471 -0.128626 0.662735 195 197 185
0.137551 -0.130235 0.663469 199 201 187
0.140475 -0.131909 0.664557 200 201 189
0.143183 -0.133682 0.666157 196 200 187
0.145621 -0.135588 0.668422 195 198 185
0.147963 -0.137549 0.670945 191 195 182
0.149960 -0.139697 0.674363 189 193 181
0.151591 -0.142057 0.678768 182 187 174
0.152251 -0.144969 0.685760 175 179 166
0.152825 -0.147984 0.693128 196 201 186
0.154524 -0.150423 0.697665 195 198 183
0.156207 -0.152902 0.702326 181 182 168
0.157257 -0.155790 0.708804 181 184 168
0.196089 -0.195840 0.770697 182 186 163
0.199033 -0.197825 0.772588 110 114 93
0.201209 -0.200536 0.777298 81 79 76
0.204094 -0.202601 0.779474 57 50 56
-0.023826 -0.063541 0.684382 68 61 72
-0.014208 -0.064686 0.676157 114 112 119
-0.004000 -0.065675 0.666815 112 117 110
0.008859 -0.066197 0.653095 74 69 62
0.016852 -0.067335 0.646765 176 179 177
0.022441 -0.068790 0.644116 184 187 177
0.026909 -0.070394 0.643190 188 195 187
0.030563 -0.072116 0.643542 193 206 198
0.033824 -0.073897 0.644516 206 219 224
0.037181 -0.075656 0.645315 212 224 231
0.040519 -0.077413 0.646132 222 232 238
0.043777 -0.079179 0.647068 250 253 255
0.047126 -0.080921 0.647832 254 253 255
0.050358 -0.082681 0.648783 254 253 255
0.053519 -0.084452 0.649845 254 253 255
0.056590 -0.086238 0.651056 254 253 255
0.059759 -0.087999 0.652082 254 253 255
0.062985 -0.089742 0.652992 254 253 255
0.066306 -0.091456 0.653714 230 227 230
0.069638 -0.093160 0.654396 199 203 193
0.072624 -0.094947 0.655708 184 187 175
0.075604 -0.096733 0.657025 182 186 171
0.078555 -0.098525 0.658391 179 184 169
0.081388 -0.100348 0.659983 173 177 162
0.083879 -0.102271 0.662245 173 178 164
0.086403 -0.104190 0.664458 176 182 172
0.088911 -0.106120 0.666718 176 185 174
0.091513 -0.108025 0.668802 179 187 176
0.094285 -0.109879 0.670547 176 184 173
0.097317 -0.111648 0.671758 175 182 172
0.100770 -0.113270 0.672074 201 208 197
0.104428 -0.114808 0.671923 215 220 210
0.107885 -0.116403 0.672162 212 216 206
0.111493 -0.117930 0.672042 212 216 206
0.115384 -0.119334 0.671254 217 219 209
0.119741 -0.120534 0.669368 215 219 205
0.124304 -0.121619 0.666931 196 198 181
0.128436 -0.122845 0.665379 179 180 164
0.132047 -0.124263 0.664960 179 177 162
0.135363 -0.125791 0.665183 176 174 158
0.138456 -0.127405 0.665905 178 178 162
0.141480 -0.129044 0.666771 179 180 164
0.144265 -0.130787 0.668202 181 181 165
0.146757 -0.132671 0.670357 181 181 166
0.148911 -0.134727 0.673376 176 177 164
0.150898 -0.136882 0.676857 173 174 162
0.151426 -0.139810 0.684146 185 187 175
0.152297 -0.142615 0.690693 192 193 181
0.154226 -0.144895 0.694583 189 195 180
0.156641 -0.146929 0.697234 199 203 188
0.158884 -0.149072 0.700383 176 181 165
0.160519 -0.151587 0.705251 176 182 167
0.199086 -0.191314 0.767157 198 201 179
0.201857 -0.193428 0.769609 202 197 168
0.204387 -0.195777 0.772973 104 99 85
0.206881 -0.198183 0.776537 73 73 73
-0.016912 -0.059335 0.677461 74 72 80
-0.007611 -0.060542 0.669591 156 157 156
0.002257 -0.061605 0.660644 182 187 169
0.012576 -0.062527 0.650768 58 52 49
0.020898 -0.063648 0.643838 175 177 174
0.025973 -0.065186 0.641953 179 182 172
0.030183 -0.066832 0.641403 185 192 183
0.033879 -0.068544 0.641651 192 201 197
0.037472 -0.070263 0.642043 200 213 217
0.040899 -0.072001 0.642688 206 219 225
0.044380 -0.073723 0.643223 211 220 227
0.047839 -0.075441 0.643770 236 239 242
0.051049 -0.077198 0.644728 245 245 249
0.054179 -0.078967 0.645813 253 251 255
0.057306 -0.080732 0.646891 254 253 255
0.060325 -0.082517 0.648153 254 253 255
0.063429 -0.084280 0.649254 254 253 255
0.066564 -0.086033 0.650288 254 253 255
0.069743 -0.087770 0.651228 225 224 224
0.072948 -0.089497 0.652106 198 201 191
0.076072 -0.091238 0.653121 184 187 176
0.079063 -0.093009 0.654380 185 189 176
0.081966 -0.094800 0.655799 186 190 175
0.084741 -0.096626 0.657466 182 187 172
0.087363 -0.098495 0.659436 178 182 167
0.089776 -0.100429 0.661835 187 193 182
0.092271 -0.102345 0.664086 187 195 184
0.094887 -0.104229 0.666105 188 197 186
0.097615 -0.106083 0.667905 186 193 183
0.100488 -0.107890 0.669404 182 190 179
0.103711 -0.109581 0.670162 186 190 181
0.107155 -0.111188 0.670427 217 220 211
0.110684 -0.112753 0.670474 212 216 206
0.114257 -0.114289 0.670389 212 216 206
0.117932 -0.115773 0.670037 213 216 207
0.121673 -0.117213 0.669488 213 214 204
0.125660 -0.118538 0.668326 202 205 189
0.129379 -0.119947 0.667716 185 185 170
0.132874 -0.121428 0.667574 178 177 161
0.136105 -0.123006 0.668015 175 173 157
0.139060 -0.124694 0.669088 173 174 158
0.141904 -0.126427 0.670417 170 170 154
0.144509 -0.128267 0.672330 170 170 154
0.147055 -0.130139 0.674399 170 171 155
0.149335 -0.132145 0.677155 172 173 159
0.150914 -0.134510 0.681737 181 182 168
0.152152 -0.137078 0.687285 188 190 178
0.154171 -0.139279 0.690887 191 193 180
0.156421 -0.141377 0.693933 188 193 180
0.158835 -0.143401 0.696578 189 195 180
0.161144 -0.145495 0.699539 176 182 167
0.163363 -0.147654 0.702789 172 178 162
0.165606 -0.149818 0.706022 173 179 163
0.204584 -0.189138 0.766909 212 211 188
0.207450 -0.191150 0.768979 201 197 170
0.210165 -0.193311 0.771636 80 82 72
0.212428 -0.195925 0.776079 68 67 68
-0.019226 -0.053903 0.678151 64 67 69
-0.011148 -0.055337 0.672222 101 103 106
-0.001230 -0.056500 0.663280 112 118 111
0.008121 -0.057655 0.655011 232 230 211
0.017743 -0.058702 0.646110 60 56 63
0.024910 -0.060002 0.640923 173 176 174
0.030058 -0.061534 0.638862 171 174 164
0.033731 -0.063255 0.639138 179 184 178
0.037017 -0.065025 0.640024 182 190 186
0.040687 -0.066729 0.640256 187 200 198
0.044138 -0.068459 0.640828 189 201 200
0.047435 -0.070207 0.641643 193 203 205
0.050675 -0.071960 0.642537 192 201 205
0.054023 -0.073688 0.643230 192 200 206
0.057387 -0.075405 0.643877 201 208 217
0.060666 -0.077133 0.644653 231 230 238
0.063817 -0.078880 0.645643 247 245 249
0.066946 -0.080628 0.646660 254 253 255
0.070044 -0.082378 0.647723 254 253 255
0.073148 -0.084122 0.648762 218 216 216
0.076300 -0.085851 0.649699 199 200 193
0.079423 -0.087583 0.650679 187 190 180
0.082399 -0.089346 0.651927 184 187 175
0.085319 -0.091121 0.653277 187 192 179
0.088147 -0.092918 0.654803 187 192 177
0.090806 -0.094762 0.656664 175 179 164
0.093217 -0.096678 0.659031 194 200 189
0.095626 -0.098601 0.661421 194 200 190
0.098235 -0.100472 0.663418 193 198 189
0.100914 -0.102324 0.665281 188 197 186
0.103650 -0.104162 0.667029 188 193 184
0.106644 -0.105916 0.668232 182 187 177
0.109921 -0.107574 0.668817 205 206 197
0.113359 -0.109166 0.669024 217 219 210
0.116862 -0.110725 0.669056 212 216 206
0.120315 -0.112288 0.669162 211 214 204
0.123735 -0.113850 0.669306 211 211 201
0.127221 -0.115374 0.669263 201 205 190
0.130674 -0.116897 0.669260 186 187 172
0.134025 -0.118447 0.669454 178 177 161
0.137236 -0.120042 0.669949 173 173 156
0.140215 -0.121728 0.670977 173 173 156
0.142914 -0.123530 0.672673 173 173 156
0.145469 -0.125399 0.674735 169 173 155
0.147892 -0.127334 0.677139 170 173 157
0.150162 -0.129350 0.679958 173 174 160
0.152182 -0.131500 0.683454 178 180 165
0.154234 -0.133652 0.686918 182 186 171
0.156431 -0.135750 0.690054 187 190 177
0.158775 -0.137786 0.692835 188 195 179
0.161179 -0.139802 0.695490 189 195 180
0.163546 -0.141850 0.698280 176 182 167
0.165992 -0.143865 0.700879 171 177 161
0.168509 -0.145851 0.703309 169 174 159
0.207293 -0.184880 0.764207 208 205 180
0.210114 -0.186911 0.766391 224 216 193
0.213091 -0.188803 0.767995 184 182 156
0.215659 -0.191089 0.771197 80 72 74
0.217676 -0.193939 0.776647 61 51 54
-0.018958 -0.048203 0.674915 67 53 52
-0.012933 -0.049898 0.672139 71 73 78
-0.004454 -0.051306 0.665478 147 151 138
0.004654 -0.052586 0.657663 93 94 100
0.013187 -0.053863 0.650564 187 186 166
0.022267 -0.055011 0.642412 55 53 58
0.029157 -0.056364 0.637588 173 174 173
0.033718 -0.057977 0.636419 168 171 160
0.037010 -0.059746 0.637279 172 176 168
0.040189 -0.061525 0.638315 176 184 177
0.043668 -0.063255 0.638833 179 189 179
0.046982 -0.065004 0.639609 181 189 183
0.066937 -0.075347 0.643765 184 193 189
0.070213 -0.077057 0.644482 205 208 210
0.073362 -0.078787 0.645415 227 227 230
0.076508 -0.080514 0.646340 202 203 201
0.079660 -0.082233 0.647239 192 193 187
0.082639 -0.083988 0.648452 187 190 181
0.085574 -0.085750 0.649745 182 187 175
0.088499 -0.087513 0.651051 189 193 181
0.091430 -0.089273 0.652339 189 193 180
0.094155 -0.091085 0.654033 187 192 177
0.096486 -0.093005 0.656530 187 192 180
0.098881 -0.094915 0.658916 195 201 191
0.101478 -0.096774 0.660902 194 200 190
0.104106 -0.098627 0.662836 188 195 185
0.106741 -0.100481 0.664762 187 190 181
0.109500 -0.102299 0.666433 185 187 177
0.112501 -0.104039 0.667577 179 181 171
0.115839 -0.105663 0.667974 211 211 202
0.119288 -0.107239 0.668094 217 220 210
0.122710 -0.108811 0.668237 211 214 204
0.125873 -0.110465 0.668938 207 209 199
0.129076 -0.112097 0.669524 200 205 189
0.132290 -0.113716 0.670062 196 198 183
0.135454 -0.115346 0.670692 184 182 169
0.138595 -0.116977 0.671354 178 176 159
0.141568 -0.118669 0.672402 173 174 156
0.144262 -0.120477 0.674122 173 173 156
0.146834 -0.122340 0.676155 172 174 157
0.149340 -0.124237 0.678364 173 174 159
0.151714 -0.126203 0.680933 173 176 161
0.154027 -0.128207 0.683685 176 179 164
0.156322 -0.130231 0.686521 179 184 168
0.158635 -0.132260 0.689344 184 189 174
0.161040 -0.134253 0.691951 186 192 177
0.163519 -0.136218 0.694387 191 197 181
0.166045 -0.138166 0.696716 171 176 161
0.168609 -0.140101 0.698960 166 172 156
0.171283 -0.141981 0.700909 165 171 155
0.173956 -0.143864 0.702873 167 173 158
0.176635 -0.145749 0.704829 170 174 161
0.215756 -0.184559 0.765275 217 214 187
0.218660 -0.186496 0.767099 142 139 120
0.221335 -0.188662 0.769856 71 68 70
-0.013333 -0.044326 0.669937 67 65 64
-0.006336 -0.045937 0.665582 77 82 83
0.001219 -0.047451 0.660235 157 160 151
0.009635 -0.048829 0.653393 86 87 92
0.017487 -0.050206 0.647274 130 133 116
0.025248 -0.051538 0.641139 62 54 57
0.033027 -0.052811 0.634816 153 161 152
0.037413 -0.054448 0.633881 165 169 153
0.040587 -0.056224 0.634899 167 170 160
0.043721 -0.058001 0.635973 172 178 164
0.047099 -0.059739 0.636624 175 181 168
0.050425 -0.061479 0.637344 176 182 169
0.053643 -0.063229 0.638232 176 181 171
0.073119 -0.073585 0.642934 176 184 173
0.076438 -0.075275 0.643521 172 177 166
0.079759 -0.076957 0.644082 175 180 170
0.082940 -0.078662 0.644889 181 185 174
0.085833 -0.080425 0.646233 187 190 178
0.088782 -0.082174 0.647463 184 187 175
0.091705 -0.083927 0.648736 182 187 172
0.094629 -0.085677 0.650001 193 198 184
0.097375 -0.087470 0.651619 193 198 185
0.099728 -0.089368 0.654039 184 187 175
0.102155 -0.091253 0.656328 191 195 186
0.104744 -0.093098 0.658296 187 195 185
0.107312 -0.094953 0.660319 184 190 179
0.109874 -0.096814 0.662365 181 185 172
0.112428 -0.098681 0.664441 179 182 167
0.115154 -0.100499 0.666153 179 182 168
0.118270 -0.102191 0.667007 186 187 174
0.121684 -0.103777 0.667174 207 209 195
0.125132 -0.105339 0.667229 217 221 209
0.128239 -0.107009 0.668031 205 209 197
0.131277 -0.108698 0.668974 205 208 195
0.134294 -0.110389 0.669952 200 203 187
0.137270 -0.112092 0.671014 199 198 184
0.140260 -0.113784 0.672030 188 187 170
0.143162 -0.115507 0.673247 182 181 165
0.145921 -0.117288 0.674810 178 178 162
0.148532 -0.119132 0.676746 176 176 160
0.151079 -0.121008 0.678857 179 181 166
0.153608 -0.122898 0.681030 179 181 166
0.156106 -0.124809 0.683301 184 186 171
0.158558 -0.126748 0.685713 184 189 174
0.160918 -0.128741 0.688398 184 187 175
0.163358 -0.130705 0.690896 187 190 178
0.165872 -0.132640 0.693217 173 177 164
0.168455 -0.134546 0.695364 157 161 148
0.171182 -0.136379 0.697122 158 164 149
0.173986 -0.138171 0.698660 164 170 155
0.176736 -0.139994 0.700357 169 173 160
0.179507 -0.141806 0.701997 168 173 160
0.182203 -0.143665 0.703868 167 171 158
0.218417 -0.180334 0.762497 205 208 183
0.221390 -0.182184 0.763983 213 214 186
0.224428 -0.183970 0.765206 81 77 73
0.226487 -0.186727 0.770464 53 49 50
-0.013074 -0.038730 0.666746 80 67 59
-0.007194 -0.040472 0.664106 68 71 72
-0.001220 -0.042175 0.661234 87 91 91
0.005522 -0.043779 0.657068 143 147 130
0.013528 -0.045226 0.650786 78 76 78
0.020997 -0.046669 0.645197 123 128 108
0.028691 -0.048038 0.639097 63 63 56
0.036759 -0.049310 0.632228 115 125 121
0.041045 -0.050960 0.631410 164 169 155
0.044313 -0.052715 0.632234 164 166 154
0.047305 -0.054500 0.633508 170 174 159
0.050561 -0.056248 0.634327 171 176 162
0.053970 -0.057970 0.634867 170 174 161
0.057291 -0.059696 0.635539 171 174 162
0.060533 -0.061428 0.636328 173 174 164
0.063678 -0.063170 0.637275 173 173 164
0.066742 -0.064921 0.638354 173 173 162
0.069770 -0.066674 0.639487 172 173 162
0.072907 -0.068405 0.640411 171 174 164
0.076205 -0.070100 0.641023 171 174 164
0.079555 -0.071779 0.641516 165 168 158
0.082752 -0.073480 0.642277 173 177 167
0.085847 -0.075197 0.643215 169 172 161
0.088857 -0.076926 0.644303 175 179 166
0.091867 -0.078653 0.645381 182 186 173
0.094798 -0.080394 0.646605 179 184 170
0.097696 -0.082140 0.647890 187 190 176
0.100542 -0.083898 0.649272 198 201 188
0.103009 -0.085750 0.651428 199 203 191
0.105549 -0.087588 0.653447 185 189 178
0.107985 -0.089459 0.655697 182 190 179
0.110447 -0.091328 0.657908 181 186 173
0.112964 -0.093186 0.660018 179 182 169
0.115478 -0.095051 0.662148 178 180 165
0.118045 -0.096904 0.664175 175 178 162
0.120853 -0.098685 0.665676 207 206 185
0.124070 -0.100332 0.666252 169 166 150
0.127451 -0.101916 0.666430 181 182 168
0.130613 -0.103563 0.667080 202 206 194
0.133723 -0.105222 0.667830 205 209 197
0.136747 -0.106905 0.668764 205 208 196
0.139616 -0.108641 0.670056 204 206 191
0.142420 -0.110400 0.671498 199 201 187
0.145180 -0.112176 0.673048 196 200 185
0.147895 -0.113970 0.674711 189 192 176
0.150559 -0.115786 0.676504 186 187 173
0.153256 -0.117592 0.678222 187 189 174
0.155857 -0.119441 0.680193 189 190 176
0.158417 -0.121313 0.682284 188 190 177
0.160934 -0.123211 0.684508 188 193 180
0.163344 -0.125166 0.687038 187 190 178
0.165832 -0.127093 0.689384 173 177 164
0.168440 -0.128966 0.691417 152 154 141
0.171103 -0.130816 0.693307 151 154 141
0.173937 -0.132577 0.694717 145 149 136
0.176853 -0.134292 0.695887 148 152 139
0.179663 -0.136063 0.697358 158 162 149
0.182452 -0.137846 0.698887 162 167 154
0.185250 -0.139623 0.700391 166 170 157
0.188090 -0.141374 0.701765 167 171 158
0.190820 -0.143192 0.703477 166 170 158
0.224159 -0.177854 0.760629 206 208 184
0.227191 -0.179619 0.761790 165 159 143
0.229767 -0.181829 0.764845 67 62 64
-0.059567 -0.024476 0.700503 211 214 203
-0.054547 -0.026502 0.699764 213 216 207
-0.004813 -0.034812 0.657694 68 63 57
-0.001368 -0.036709 0.658685 65 71 68
0.003514 -0.038495 0.657423 92 97 95
0.010190 -0.040120 0.653282 124 126 116
0.017146 -0.041681 0.648576 65 64 62
0.024385 -0.043172 0.643285 121 123 111
0.031841 -0.044594 0.637499 75 73 69
0.039825 -0.045911 0.630694 55 65 72
0.044305 -0.047544 0.629516 160 166 152
0.047877 -0.049259 0.629801 159 160 144
0.050661 -0.051060 0.631391 165 164 150
0.053847 -0.052810 0.632295 169 169 156
0.057295 -0.054521 0.632734 166 168 154
0.060695 -0.056231 0.633230 166 167 156
0.064038 -0.057941 0.633805 168 168 157
0.067237 -0.059666 0.634617 169 169 157
0.070311 -0.061405 0.635637 167 171 158
0.073336 -0.063148 0.636735 168 171 158
0.076347 -0.064890 0.637850 168 170 157
0.079510 -0.066602 0.638671 166 169 157
0.082813 -0.068283 0.639212 160 163 153
0.085938 -0.069990 0.640072 168 171 161
0.088831 -0.071738 0.641362 170 174 159
0.091765 -0.073476 0.642566 170 174 159
0.094862 -0.075177 0.643442 173 177 163
0.097814 -0.076904 0.644593 178 182 169
0.100745 -0.078634 0.645775 179 182 168
0.103713 -0.080351 0.646875 187 192 177
0.106463 -0.082119 0.648414 199 203 190
0.108986 -0.083945 0.650430 196 201 188
0.111344 -0.085818 0.652805 182 187 176
0.113717 -0.087693 0.655168 179 184 171
0.116201 -0.089544 0.657310 176 181 168
0.118684 -0.091401 0.659471 175 177 162
0.121135 -0.093273 0.661717 175 177 163
0.123834 -0.095074 0.663423 173 176 157
0.126808 -0.096789 0.664509 159 155 135
0.129916 -0.098458 0.665275 164 162 145
0.133037 -0.100115 0.665990 158 156 142
0.136235 -0.101738 0.666505 173 174 161
0.139332 -0.103389 0.667233 192 195 182
0.142224 -0.105108 0.668437 200 203 191
0.145041 -0.106852 0.669818 205 209 195
0.147770 -0.108629 0.671412 202 206 194
0.150474 -0.110416 0.673071 201 206 194
0.153156 -0.112214 0.674792 200 203 190
0.155865 -0.114002 0.676447 199 203 191
0.158462 -0.115840 0.678399 200 203 190
0.160938 -0.117736 0.680684 198 201 188
0.163402 -0.119645 0.683022 182 184 171
0.165920 -0.121535 0.685236 160 163 150
0.168525 -0.123391 0.687228 160 162 149
0.171338 -0.125146 0.688647 170 171 158
0.174093 -0.126930 0.690228 169 171 156
0.176936 -0.128669 0.691559 166 169 153
0.179783 -0.130404 0.692869 160 165 148
0.182613 -0.132145 0.694223 157 161 145
0.185498 -0.133854 0.695408 153 157 143
0.188588 -0.135438 0.695948 160 165 152
0.191855 -0.136906 0.695911 149 153 145
0.194933 -0.138474 0.696422 148 153 147
0.197649 -0.140261 0.698064 158 162 153
0.226861 -0.173605 0.757456 191 195 174
0.229955 -0.175288 0.758284 217 216 193
0.232695 -0.177307 0.760581 81 67 64
0.234769 -0.180006 0.765778 92 64 78
-0.057359 -0.018556 0.694474 208 213 198
-0.053456 -0.020615 0.695311 212 216 204
-0.048807 -0.022646 0.695040 215 217 208
-0.045358 -0.024706 0.696498 219 220 210
0.000044 -0.031185 0.653755 68 63 60
0.003311 -0.033081 0.654971 61 66 65
0.008067 -0.034876 0.653845 97 103 100
0.013988 -0.036570 0.650819 122 124 113
0.020659 -0.038175 0.646499 49 47 50
0.027630 -0.039715 0.641572 130 133 120
0.034590 -0.041210 0.636527 84 80 83
0.041686 -0.042647 0.631120 34 45 52
0.047278 -0.044183 0.628070 170 174 166
0.051307 -0.045850 0.627556 160 163 144
0.054091 -0.047640 0.629116 160 161 143
0.057204 -0.049391 0.630108 155 157 140
0.060564 -0.051108 0.630662 155 157 141
0.063971 -0.052812 0.631110 163 164 151
0.067338 -0.054514 0.631606 169 169 157
0.070570 -0.056227 0.632321 167 168 156
0.073630 -0.057960 0.633331 164 168 155
0.076678 -0.059691 0.634352 166 168 156
0.079782 -0.061408 0.635256 166 168 155
0.082952 -0.063110 0.636024 165 166 154
0.086127 -0.064806 0.636764 157 158 148
0.089229 -0.066509 0.637627 168 170 160
0.091992 -0.068271 0.639132 168 171 157
0.094835 -0.070017 0.640481 171 174 160
0.097739 -0.071749 0.641702 172 176 161
0.100664 -0.073475 0.642875 168 172 157
0.103580 -0.075200 0.644060 176 180 166
0.106549 -0.076910 0.645126 176 181 166
0.109436 -0.078636 0.646353 186 190 176
0.112231 -0.080382 0.647764 195 200 187
0.114826 -0.082177 0.649601 182 189 177
0.117235 -0.084024 0.651845 184 189 177
0.119660 -0.085873 0.654073 176 181 168
0.122146 -0.087709 0.656182 175 177 162
0.124473 -0.089597 0.658660 173 174 161
0.127042 -0.091421 0.660615 175 178 159
0.129780 -0.093196 0.662195 169 167 146
0.132644 -0.094932 0.663483 154 154 135
0.135572 -0.096645 0.664615 160 157 141
0.138682 -0.098293 0.665302 149 145 129
0.141781 -0.099938 0.665996 141 138 123
0.144844 -0.101589 0.666755 143 140 125
0.147845 -0.103256 0.667649 151 150 135
0.150568 -0.105022 0.669221 163 163 151
0.153265 -0.106799 0.670861 166 168 154
0.155951 -0.108582 0.672532 163 164 151
0.158593 -0.110384 0.674325 162 165 152
0.161093 -0.112248 0.676495 154 155 141
0.163536 -0.114144 0.678839 140 146 132
0.166138 -0.115976 0.680776 166 166 153
0.168839 -0.117765 0.682447 167 167 153
0.171601 -0.119528 0.683955 167 167 155
0.174407 -0.121268 0.685337 170 170 158
0.177129 -0.123050 0.686956 170 172 157
0.179898 -0.124808 0.688442 170 172 155
0.182734 -0.126530 0.689726 170 172 156
0.185574 -0.128247 0.690990 169 172 155
0.188552 -0.129885 0.691828 165 169 153
0.191706 -0.131415 0.692100 172 174 168
0.194758 -0.132991 0.692653 100 104 107
0.197682 -0.134636 0.693583 97 104 109
0.200481 -0.136352 0.694903 151 158 150
0.232639 -0.171051 0.755017 196 198 177
0.235095 -0.173318 0.758458 150 136 125
0.237106 -0.176053 0.763915 107 83 100
-0.057396 -0.012742 0.691689 208 209 197
-0.052763 -0.014795 0.691460 212 213 200
-0.047930 -0.016832 0.690904 217 216 205
-0.043959 -0.018872 0.691565 217 217 206
-0.040769 -0.020927 0.693361 222 222 211
0.003408 -0.027680 0.652068 68 65 63
0.007131 -0.029546 0.652545 62 66 65
0.011671 -0.031357 0.651711 96 104 100
0.017177 -0.033092 0.649290 118 121 106
0.023775 -0.034726 0.645028 42 37 51
0.030678 -0.036298 0.640152 193 201 192
0.037154 -0.037858 0.635840 91 89 81
0.043948 -0.039352 0.630876 51 39 45
0.050362 -0.040834 0.626414 116 123 114
0.054523 -0.042491 0.625638 156 160 143
0.057557 -0.044246 0.626741 159 162 149
0.060378 -0.046021 0.628203 159 162 147
0.063776 -0.047730 0.628655 157 160 144
0.067119 -0.049438 0.629182 155 157 144
0.070506 -0.051133 0.629608 153 154 142
0.073809 -0.052831 0.630161 164 165 154
0.076858 -0.054557 0.631155 162 163 152
0.079895 -0.056281 0.632161 160 161 151
0.083028 -0.057987 0.632975 168 168 158
0.086188 -0.059684 0.633723 167 168 156
0.089379 -0.061369 0.634395 162 162 150
0.092273 -0.063100 0.635620 172 173 163
0.095137 -0.064834 0.636896 171 173 160
0.097870 -0.066590 0.638426 173 176 161
0.100689 -0.068330 0.639786 173 176 161
0.103549 -0.070061 0.641058 172 176 161
0.106444 -0.071782 0.642252 171 174 160
0.109304 -0.073508 0.643511 173 177 162
0.112144 -0.075237 0.644807 173 180 165
0.115058 -0.076947 0.645939 181 190 174
0.118005 -0.078646 0.646994 192 195 185
0.120770 -0.080387 0.648430 187 190 180
0.123547 -0.082124 0.649839 193 195 186
0.126237 -0.083884 0.651440 182 186 174
0.128437 -0.085780 0.654143 175 174 160
0.130660 -0.087680 0.656825 172 170 155
0.133139 -0.089514 0.658945 173 171 156
0.135760 -0.091309 0.660749 176 177 160
0.138478 -0.093075 0.662330 146 145 127
0.141444 -0.094762 0.663320 144 140 124
0.144470 -0.096423 0.664149 145 140 122
0.147374 -0.098121 0.665261 140 137 121
0.150272 -0.099818 0.666375 135 133 118
0.153131 -0.101525 0.667580 133 131 116
0.155883 -0.103271 0.669049 137 135 120
0.158542 -0.105052 0.670758 135 133 118
0.161151 -0.106855 0.672602 133 131 116
0.163698 -0.108687 0.674621 125 121 107
0.166315 -0.110493 0.676467 173 174 161
0.169079 -0.112238 0.677918 169 170 155
0.171889 -0.113962 0.679240 167 169 154
0.174722 -0.115673 0.680492 167 170 154
0.177497 -0.117409 0.681898 167 171 154
0.180201 -0.119180 0.683512 170 174 158
0.182943 -0.120931 0.685015 170 174 159
0.185777 -0.122636 0.686243 170 174 162
0.188748 -0.124263 0.687045 168 172 161
0.191800 -0.125839 0.687578 170 171 161
0.194703 -0.127490 0.688547 171 171 163
0.197328 -0.129296 0.690379 138 148 140
0.200137 -0.130997 0.691631 153 159 154
0.202770 -0.132802 0.693449 176 180 170
0.235202 -0.166947 0.752179 187 192 172
0.237852 -0.169000 0.754731 212 209 193
0.239986 -0.171577 0.759600 91 79 80
-0.052043 -0.009025 0.687598 211 211 199
-0.047277 -0.011074 0.687118 213 214 201
-0.043364 -0.013115 0.687842 214 214 203
-0.039672 -0.015154 0.688870 218 219 207
-0.036118 -0.017190 0.690090 230 229 218
-0.032014 -0.019209 0.690471 228 229 217
0.002570 -0.022344 0.650619 198 182 165
0.007258 -0.024182 0.649598 71 68 65
0.011235 -0.026032 0.649637 65 69 65
0.015265 -0.027870 0.649560 94 102 97
0.020325 -0.029641 0.647799 129 131 116
0.026531 -0.031322 0.644115 60 57 53
0.033490 -0.032918 0.639092 204 211 208
0.039684 -0.034524 0.635192 95 90 79
0.045766 -0.036100 0.631364 71 60 60
0.053018 -0.037545 0.625450 52 59 59
0.057847 -0.039150 0.623504 168 173 158
0.061218 -0.040866 0.623994 160 165 152
0.063720 -0.042661 0.625974 159 161 146
0.066640 -0.044416 0.627230 159 163 147
0.070102 -0.046108 0.627515 166 167 154
0.073436 -0.047806 0.628003 163 164 152
0.076785 -0.049495 0.628441 160 162 149
0.079886 -0.051209 0.629310 162 163 151
0.082960 -0.052922 0.630216 154 155 142
0.086126 -0.054617 0.630935 156 158 145
0.089249 -0.056312 0.631716 158 159 148
0.092358 -0.058005 0.632509 162 162 150
0.095305 -0.059719 0.633600 171 172 162
0.098157 -0.061446 0.634869 175 177 164
0.100923 -0.063187 0.636302 178 180 165
0.103698 -0.064925 0.637715 178 180 165
0.106461 -0.066665 0.639150 175 179 164
0.109289 -0.068391 0.640451 173 178 163
0.112100 -0.070120 0.641781 173 177 162
0.114879 -0.071853 0.643174 168 174 157
0.117680 -0.073581 0.644519 168 174 158
0.120533 -0.075296 0.645745 176 180 169
0.123470 -0.076988 0.646784 185 187 179
0.126513 -0.078650 0.647574 187 192 182
0.129358 -0.080357 0.648791 192 195 186
0.131945 -0.082131 0.650586 199 201 190
0.134405 -0.083943 0.652678 181 180 166
0.136670 -0.085816 0.655239 170 169 154
0.139146 -0.087634 0.657329 172 172 156
0.141732 -0.089424 0.659173 170 170 153
0.144542 -0.091146 0.660485 153 154 135
0.147421 -0.092844 0.661623 142 141 122
0.150212 -0.094568 0.662969 134 133 116
0.152997 -0.096292 0.664325 130 128 113
0.155768 -0.098021 0.665713 131 129 114
0.158461 -0.099777 0.667301 128 125 111
0.161091 -0.101558 0.669054 124 123 108
0.163769 -0.103322 0.670687 135 133 117
0.166454 -0.105085 0.672303 171 166 155
0.169297 -0.106782 0.673492 169 168 155
0.172202 -0.108450 0.674501 169 171 156
0.175029 -0.110148 0.675714 170 172 157
0.177869 -0.111838 0.676884 167 171 154
0.180631 -0.113561 0.678268 167 171 154
0.183344 -0.115305 0.679789 160 165 149
0.186188 -0.116986 0.680924 160 163 149
0.189242 -0.118556 0.681416 165 164 153
0.192255 -0.120137 0.682001 188 186 181
0.194978 -0.121866 0.683459 196 201 188
0.197541 -0.123683 0.685420 193 193 179
0.200075 -0.125521 0.687487 187 192 181
0.237860 -0.162771 0.748847 181 185 166
0.240595 -0.164716 0.750959 205 209 189
0.242900 -0.167089 0.755014 65 45 52
-0.051827 -0.003300 0.684478 206 211 200
-0.046785 -0.005363 0.683588 213 214 200
-0.042286 -0.007408 0.683439 213 214 199
-0.038706 -0.009442 0.684602 213 214 201
-0.034986 -0.011472 0.685545 217 216 203
-0.031303 -0.013497 0.686527 219 219 207
-0.027418 -0.015513 0.687188 220 221 209
0.006435 -0.018877 0.648137 185 176 153
0.010990 -0.020722 0.647277 71 69 66
0.015012 -0.022570 0.647203 68 71 67
0.019059 -0.024406 0.647057 88 96 91
0.023701 -0.026203 0.645916 136 138 126
0.029339 -0.027932 0.643097 83 73 69
0.035994 -0.029575 0.638517 121 132 149
0.042053 -0.031213 0.634795 88 85 75
0.047557 -0.032853 0.631893 81 78 72
0.054780 -0.034338 0.625982 47 43 47
0.060313 -0.035905 0.622807 110 118 110
0.064584 -0.037547 0.621719 159 164 150
0.067347 -0.039306 0.623212 162 164 147
0.069977 -0.041077 0.624941 162 163 147
0.073162 -0.042794 0.625681 164 164 150
0.076386 -0.044500 0.626333 168 168 155
0.079662 -0.046195 0.626872 165 166 154
0.082751 -0.047905 0.627734 163 164 152
0.085825 -0.049613 0.628611 165 167 154
0.088918 -0.051314 0.629437 166 168 155
0.092066 -0.053002 0.630143 169 171 159
0.095200 -0.054686 0.630857 169 171 157
0.098158 -0.056392 0.631897 171 173 159
0.100970 -0.058118 0.633214 179 181 169
0.103790 -0.059841 0.634513 181 182 170
0.106607 -0.061563 0.635810 182 185 171
0.109350 -0.063298 0.637257 182 184 169
0.112110 -0.065028 0.638665 178 180 165
0.114860 -0.066760 0.640093 175 178 161
0.117586 -0.068497 0.641570 172 174 158
0.120312 -0.070233 0.643046 170 172 157
0.123075 -0.071960 0.644441 168 170 156
0.125893 -0.073674 0.645711 169 172 160
0.128987 -0.075320 0.646363 178 181 170
0.131977 -0.076985 0.647226 171 176 163
0.134707 -0.078712 0.648669 170 173 159
0.137452 -0.080435 0.650075 186 186 172
0.140097 -0.082184 0.651711 196 198 183
0.142629 -0.083967 0.653620 154 154 138
0.145141 -0.085760 0.655588 159 160 143
0.147830 -0.087502 0.657136 169 170 153
0.150551 -0.089234 0.658609 164 164 147
0.153291 -0.090960 0.660032 163 163 146
0.155992 -0.092699 0.661552 151 151 134
0.158633 -0.094458 0.663225 142 143 126
0.161254 -0.096226 0.664956 145 145 132
0.163907 -0.097984 0.666608 159 160 145
0.166669 -0.099702 0.667974 169 170 154
0.169432 -0.101418 0.669334 168 171 154
0.172367 -0.103063 0.670216 166 168 151
0.175399 -0.104663 0.670814 168 170 154
0.178304 -0.106309 0.671740 170 172 157
0.181106 -0.107995 0.672949 167 170 154
0.183816 -0.109720 0.674413 164 168 151
0.186427 -0.111492 0.676170 169 171 156
0.189110 -0.113231 0.677718 200 198 192
0.191813 -0.114961 0.679209 245 242 241
0.194504 -0.116697 0.680735 254 251 252
0.196994 -0.118539 0.682893 205 206 194
0.240469 -0.158661 0.745640 164 168 149
0.243281 -0.160507 0.747337 196 205 183
0.245572 -0.162860 0.751394 67 46 52
-0.046307 0.000302 0.680103 205 211 197
-0.041922 -0.001750 0.680101 212 213 199
-0.037944 -0.003786 0.680660 212 213 199
-0.034426 -0.005812 0.681876 211 211 198
-0.030687 -0.007835 0.682751 211 211 198
-0.027237 -0.009854 0.684044 211 211 198
-0.023129 -0.011865 0.684326 211 211 197
0.009798 -0.015453 0.646400 185 176 153
0.014719 -0.017296 0.644923 67 64 55
0.018717 -0.019144 0.644848 68 70 66
0.022607 -0.020985 0.644911 83 91 86
0.027034 -0.022795 0.644072 156 158 147
0.032125 -0.024562 0.642096 96 87 81
0.038133 -0.026263 0.638529 27 35 63
0.044367 -0.027917 0.634476 107 110 96
0.049829 -0.029580 0.631607 83 80 73
0.055983 -0.031169 0.627465 54 55 59
0.062223 -0.032714 0.623051 42 44 51
0.066860 -0.034340 0.621305 164 170 157
0.070530 -0.036022 0.621188 160 162 146
0.073290 -0.037772 0.622658 162 162 148
0.076172 -0.039510 0.623906 166 166 151
0.079259 -0.041226 0.624775 164 164 150
0.082435 -0.042929 0.625468 166 167 154
0.085504 -0.044637 0.626340 167 169 156
0.088550 -0.046344 0.627240 171 173 160
0.091702 -0.048034 0.627928 173 176 163
0.094825 -0.049721 0.628650 179 182 171
0.097901 -0.051409 0.629447 179 182 169
0.100901 -0.053104 0.630378 179 184 170
0.103742 -0.054818 0.631611 181 182 173
0.106681 -0.056515 0.632641 182 185 173
0.109599 -0.058213 0.633704 186 187 175
0.112322 -0.059940 0.635156 185 187 172
0.114974 -0.061681 0.636757 179 181 165
0.117730 -0.063402 0.638140 173 176 159
0.120451 -0.065130 0.639596 171 173 156
0.123103 -0.066871 0.641199 170 173 155
0.125708 -0.068624 0.642909 166 168 153
0.128322 -0.070375 0.644603 166 168 152
0.131216 -0.072064 0.645674 167 168 153
0.134233 -0.073720 0.646454 169 170 154
0.137087 -0.075411 0.647593 173 174 160
0.139880 -0.077115 0.648864 173 174 160
0.142631 -0.078828 0.650229 167 167 150
0.145317 -0.080558 0.651745 129 130 110
0.147969 -0.082298 0.653345 134 135 117
0.150682 -0.084021 0.654797 131 132 115
0.153393 -0.085744 0.656253 141 141 125
0.156151 -0.087452 0.657591 149 150 133
0.158903 -0.089161 0.658938 149 149 133
0.161631 -0.090876 0.660343 149 149 133
0.164267 -0.092623 0.661989 149 151 136
0.166957 -0.094351 0.663495 153 155 139
0.169820 -0.096016 0.664534 157 159 143
0.172607 -0.097705 0.665768 160 163 145
0.175527 -0.099340 0.666627 165 167 150
0.178441 -0.100972 0.667486 166 167 150
0.181307 -0.102619 0.668464 173 176 161
0.183932 -0.104364 0.670121 198 200 185
0.186387 -0.106187 0.672282 205 208 193
0.243123 -0.154528 0.742142 170 174 156
0.245932 -0.156352 0.743773 187 193 173
0.248087 -0.158801 0.748392 67 45 52
-0.042129 0.003884 0.677608 202 208 194
-0.037491 0.001825 0.677195 211 213 197
-0.033720 -0.000202 0.678015 213 214 200
-0.030351 -0.002219 0.679415 212 213 199
-0.026721 -0.004235 0.680417 211 211 198
-0.023465 -0.006245 0.681971 211 211 197
-0.019446 -0.008255 0.682352 209 209 196
0.013111 -0.012057 0.644712 219 203 182
0.018403 -0.013905 0.642608 67 64 56
0.022316 -0.015754 0.642627 71 70 70
0.025984 -0.017598 0.643007 80 83 85
0.030383 -0.019415 0.642171 139 144 135
0.034966 -0.021209 0.640982 99 93 83
0.040327 -0.022956 0.638441 11 13 26
0.046686 -0.024632 0.634137 187 198 181
0.052224 -0.026311 0.631103 84 80 70
0.057712 -0.027962 0.628054 80 71 70
0.063739 -0.029551 0.623975 36 35 45
0.068914 -0.031159 0.621266 74 80 75
0.073157 -0.032806 0.620117 160 164 151
0.076125 -0.034534 0.621194 155 156 140
0.078996 -0.036267 0.622438 163 164 149
0.081935 -0.037993 0.623551 166 166 154
0.085090 -0.039695 0.624254 175 176 165
0.088227 -0.041393 0.624975 179 181 170
0.091273 -0.043096 0.625849 181 182 173
0.094356 -0.044790 0.626638 179 186 175
0.097493 -0.046473 0.627308 186 192 181
0.100624 -0.048150 0.627968 184 190 179
0.103650 -0.049836 0.628817 187 195 183
0.106558 -0.051535 0.629890 189 193 183
0.109457 -0.053231 0.630971 187 190 181
0.112295 -0.054935 0.632165 187 189 176
0.115010 -0.056656 0.633609 184 184 171
0.117771 -0.058369 0.634953 175 176 158
0.120588 -0.060071 0.636178 172 174 156
0.123328 -0.061785 0.637560 172 174 156
0.125965 -0.063519 0.639163 166 168 151
0.128547 -0.065265 0.640891 165 167 150
0.131141 -0.067010 0.642598 165 167 150
0.133837 -0.068734 0.644080 166 167 151
0.136598 -0.070443 0.645414 167 167 151
0.139293 -0.072167 0.646895 166 167 151
0.142101 -0.073863 0.648112 167 169 152
0.144912 -0.075555 0.649314 171 172 155
0.147628 -0.077271 0.650739 170 171 153
0.150304 -0.078997 0.652258 162 162 146
0.153061 -0.080701 0.653577 141 141 126
0.155795 -0.082409 0.654951 131 131 116
0.169602 -0.090890 0.661401 182 184 166
0.172430 -0.092557 0.662494 176 179 161
0.175227 -0.094232 0.663660 181 180 162
0.178021 -0.095906 0.664828 187 187 171
0.245781 -0.150414 0.738532 164 166 150
0.248529 -0.152266 0.740352 191 197 179
0.250592 -0.154770 0.745350 62 48 52
-0.038290 0.007440 0.675569 195 200 189
-0.033816 0.005383 0.675357 209 213 196
-0.029901 0.003354 0.675933 214 214 201
-0.026578 0.001345 0.677371 211 211 198
-0.022851 -0.000669 0.678193 211 211 197
-0.020078 -0.002664 0.680451 208 208 195
-0.016124 -0.004673 0.680902 209 209 196
0.016050 -0.008687 0.643583 243 225 205
0.021556 -0.010549 0.641099 65 62 55
0.025891 -0.012396 0.640408 70 67 67
0.029565 -0.014238 0.640740 74 76 80
0.033762 -0.016062 0.640192 115 121 112
0.038073 -0.017869 0.639408 109 108 96
0.042840 -0.019649 0.637812 46 40 40
0.048788 -0.021366 0.634153 117 126 125
0.054642 -0.023054 0.630543 80 77 62
0.059852 -0.024738 0.627935 86 77 73
0.065354 -0.026381 0.624727 63 59 60
0.070717 -0.028000 0.621661 40 44 43
0.075238 -0.029642 0.619997 91 94 92
0.078933 -0.031320 0.619752 151 153 143
0.081985 -0.033034 0.620641 172 171 160
0.084508 -0.034787 0.622490 219 214 210
0.087583 -0.036494 0.623319 196 186 183
0.090764 -0.038187 0.623932 195 195 187
0.093796 -0.039888 0.624811 200 203 194
0.096852 -0.041583 0.625627 196 205 195
0.099960 -0.043267 0.626329 193 201 192
0.103086 -0.044944 0.626975 192 200 191
0.106216 -0.046614 0.627595 199 206 197
0.109213 -0.048296 0.628463 199 201 192
0.120499 -0.055092 0.633263 169 172 153
0.123297 -0.056790 0.634497 166 169 150
0.126048 -0.058494 0.635827 163 167 150
0.128723 -0.060211 0.637319 162 166 149
0.131344 -0.061939 0.638930 165 167 150
0.133958 -0.063669 0.640561 165 167 150
0.136596 -0.065396 0.642142 164 166 149
0.139252 -0.067119 0.643682 165 166 149
0.141852 -0.068855 0.645354 166 166 151
0.144497 -0.070582 0.646927 166 167 150
0.147155 -0.072306 0.648469 166 167 149
0.149875 -0.074015 0.649862 166 166 150
0.152577 -0.075728 0.651296 164 165 149
0.155307 -0.077433 0.652660 166 168 152
0.248451 -0.146310 0.734766 150 153 136
0.251107 -0.148217 0.736919 162 167 149
0.253045 -0.150804 0.742457 54 48 48
-0.035103 0.010993 0.674450 188 192 183
-0.030595 0.008929 0.674157 199 203 190
-0.026294 0.006885 0.674133 217 217 204
-0.022739 0.004875 0.675194 213 214 200
-0.018889 0.002861 0.675795 209 209 196
-0.016175 0.000880 0.678116 209 209 196
-0.012513 -0.001122 0.678979 211 211 197
-0.008051 -0.003130 0.678574 211 211 197
0.024900 -0.007219 0.639259 61 51 45
0.029181 -0.009071 0.638616 68 67 65
0.033054 -0.010911 0.638590 74 75 76
0.037010 -0.012740 0.638395 99 103 100
0.041122 -0.014555 0.637903 139 139 126
0.045368 -0.016355 0.637141 83 79 71
0.050608 -0.018115 0.634640 12 18 35
0.056814 -0.019819 0.630391 146 146 138
0.062136 -0.021518 0.627554 86 87 71
0.067183 -0.023201 0.625104 86 80 74
0.072154 -0.024862 0.622703 45 49 43
0.076739 -0.026518 0.620909 37 51 46
0.081073 -0.028168 0.619498 100 109 100
0.084904 -0.029831 0.618943 151 154 150
0.087189 -0.031591 0.621209 236 236 240
0.089687 -0.033340 0.623093 251 249 250
0.092885 -0.035033 0.623658 234 232 231
0.125972 -0.053536 0.632859 166 169 150
0.128698 -0.055237 0.634213 160 163 146
0.131406 -0.056940 0.635604 159 161 144
0.134071 -0.058651 0.637090 157 158 141
0.136727 -0.060363 0.638594 162 163 145
0.139361 -0.062079 0.640150 164 165 147
0.141974 -0.063801 0.641758 164 166 149
0.144509 -0.065541 0.643550 165 166 148
0.147079 -0.067275 0.645268 162 163 146
0.149681 -0.069003 0.646917 162 163 145
0.152321 -0.070724 0.648476 162 163 145
0.154989 -0.072438 0.649969 156 158 141
0.157648 -0.074154 0.651482 146 148 131
0.160238 -0.075890 0.653173 152 154 138
0.251017 -0.142319 0.731368 141 143 126
0.253514 -0.144342 0.734179 160 158 143
0.255215 -0.147117 0.740817 43 41 42
-0.027208 0.012444 0.672690 185 187 179
-0.022913 0.010397 0.672643 199 203 192
-0.019037 0.008377 0.673193 217 219 205
-0.015026 0.006358 0.673514 223 224 210
-0.011406 0.004361 0.674409 213 214 200
-0.008871 0.002398 0.676977 211 211 197
-0.003723 0.000371 0.675452 211 211 197
0.028013 -0.003914 0.637761 93 67 56
0.032310 -0.005772 0.637055 67 68 65
0.036502 -0.007615 0.636474 74 73 74
0.040432 -0.009445 0.636281 84 88 88
0.044266 -0.011265 0.636211 140 140 132
0.048223 -0.013073 0.635898 95 94 81
0.052697 -0.014861 0.634663 24 26 33
0.058384 -0.016605 0.631269 117 124 133
0.064324 -0.018311 0.627327 91 91 74
0.069147 -0.020020 0.625239 83 79 65
0.073710 -0.021715 0.623537 83 77 69
0.078148 -0.023396 0.621989 28 46 37
0.082621 -0.025055 0.620309 43 62 62
0.087009 -0.026698 0.618716 107 116 113
0.090368 -0.028385 0.618974 187 189 194
0.092660 -0.030136 0.621215 253 250 255
0.128557 -0.050318 0.631383 165 166 150
0.131265 -0.052015 0.632749 160 163 145
0.134009 -0.053705 0.634034 158 160 143
0.136730 -0.055397 0.635365 159 161 143
0.139414 -0.057095 0.636775 159 160 142
0.142060 -0.058800 0.638274 154 155 137
0.144647 -0.060517 0.639911 157 158 140
0.147141 -0.062255 0.641771 153 154 136
0.149704 -0.063980 0.643476 160 161 143
0.152349 -0.065689 0.644988 157 159 141
0.154991 -0.067398 0.646509 156 158 141
0.157623 -0.069111 0.648056 138 140 123
0.160219 -0.070833 0.649696 154 156 139
0.162764 -0.072570 0.651470 162 164 147
0.253523 -0.138400 0.728144 128 132 113
0.255844 -0.140552 0.731717 106 102 92
0.256909 -0.143877 0.741405 60 62 62
0.257137 -0.148093 0.755545 51 42 44
-0.026226 0.016073 0.674782 145 138 130
-0.020459 0.013932 0.672522 167 163 160
-0.016374 0.011898 0.672739 184 181 179
-0.012102 0.009863 0.672638 191 190 185
-0.008068 0.007849 0.672870 201 203 194
-0.004229 0.005851 0.673376 214 211 204
-0.000899 0.003875 0.674665 218 214 206
0.030514 -0.000620 0.637225 168 141 123
0.035724 -0.002503 0.635003 67 66 64
0.039592 -0.004345 0.634913 73 72 72
0.043568 -0.006179 0.634610 77 79 77
0.047309 -0.008000 0.634663 108 112 106
0.051288 -0.009812 0.634277 131 132 121
0.055330 -0.011611 0.633742 74 68 56
0.059925 -0.013391 0.632200 11 10 25
0.065951 -0.015125 0.628076 182 192 178
0.071202 -0.016842 0.625205 104 101 80
0.075630 -0.018557 0.623717 86 80 69
0.079973 -0.020255 0.622318 77 78 70
0.084264 -0.021937 0.620948 33 39 37
0.088777 -0.023590 0.619104 60 70 69
0.092793 -0.025248 0.618116 149 169 165
0.095888 -0.026944 0.618821 200 206 212
0.098473 -0.028667 0.620488 253 251 255
0.131028 -0.047136 0.630125 160 161 145
0.133738 -0.048826 0.631464 160 161 144
0.136501 -0.050507 0.632679 157 159 141
0.139217 -0.052194 0.633996 159 160 142
0.141925 -0.053881 0.635326 159 160 142
0.144621 -0.055569 0.636681 159 160 142
0.147256 -0.057268 0.638177 157 158 140
0.149785 -0.058988 0.639926 152 153 135
0.152370 -0.060699 0.641547 149 151 132
0.155001 -0.062400 0.643059 149 151 133
0.157585 -0.064113 0.644689 135 137 120
0.160176 -0.065825 0.646307 153 155 138
0.162811 -0.067528 0.647815 156 158 143
0.165384 -0.069247 0.649486 157 159 143
0.168024 -0.070950 0.650988 157 160 142
0.253345 -0.132698 0.723052 125 128 111
0.255999 -0.134527 0.724971 160 164 144
0.257963 -0.136962 0.730184 60 54 49
0.258648 -0.140596 0.741772 103 106 100
0.258761 -0.144888 0.756634 43 38 34
-0.020179 0.017593 0.675681 131 122 108
-0.015643 0.015517 0.675223 137 126 122
-0.010860 0.013440 0.674341 147 138 135
-0.006423 0.011395 0.673945 160 156 153
-0.002209 0.009372 0.673857 176 174 169
0.002320 0.007347 0.673231 189 187 180
0.009719 0.005231 0.667941 187 192 181
0.032367 0.002680 0.637728 208 195 179
0.038740 0.000746 0.633571 63 60 58
0.042515 -0.001098 0.633604 71 72 69
0.046415 -0.002934 0.633395 74 77 74
0.050140 -0.004758 0.633445 87 91 87
0.054102 -0.006574 0.633057 139 146 136
0.057981 -0.008379 0.632770 102 97 81
0.061962 -0.010172 0.632265 32 29 23
0.067171 -0.011942 0.629544 33 55 63
0.072998 -0.013677 0.625625 158 151 136
0.077636 -0.015402 0.623737 111 105 86
0.081882 -0.017116 0.622489 81 82 70
0.086041 -0.018815 0.621340 80 75 70
0.090386 -0.020491 0.619785 47 49 46
0.094764 -0.022146 0.618098 60 76 72
0.098599 -0.023808 0.617376 164 180 179
0.101677 -0.025497 0.618067 206 216 220
0.104270 -0.027210 0.619688 252 251 255
0.136221 -0.045655 0.630127 159 160 142
0.139012 -0.047326 0.631254 158 159 141
0.141684 -0.049013 0.632643 158 159 141
0.144349 -0.050700 0.634047 159 160 142
0.147037 -0.052384 0.635394 158 159 141
0.149703 -0.054070 0.636792 157 158 140
0.152291 -0.055770 0.638376 155 158 139
0.154898 -0.057468 0.639916 153 156 137
0.157482 -0.059170 0.641514 135 137 119
0.160003 -0.060888 0.643273 138 140 123
0.162615 -0.062587 0.644810 144 146 130
0.165288 -0.064272 0.646194 147 149 134
0.167815 -0.065992 0.647953 148 150 133
0.170422 -0.067695 0.649511 152 155 136
0.253058 -0.127153 0.718527 104 105 90
0.255858 -0.128840 0.719691 155 156 138
0.258325 -0.130798 0.722406 140 138 120
0.259812 -0.133616 0.729895 36 37 34
0.260251 -0.137438 0.742798 118 123 112
0.260421 -0.141648 0.757551 42 36 33
-0.016002 0.019229 0.679403 155 119 116
-0.011941 0.017173 0.679661 133 111 102
-0.007012 0.015075 0.678528 134 116 107
-0.002167 0.012997 0.677469 132 122 112
0.002339 0.010951 0.676896 137 131 121
0.009110 0.008817 0.672612 148 142 131
0.031487 0.006087 0.642695 154 139 127
0.041017 0.003997 0.633334 86 71 63
0.045782 0.002117 0.631698 71 70 67
0.049514 0.000283 0.631732 74 76 70
0.053299 -0.001544 0.631646 83 83 78
0.057160 -0.003362 0.631393 106 113 107
0.060854 -0.005167 0.631393 140 138 129
0.064676 -0.006964 0.631132 90 83 59
0.069282 -0.008751 0.629439 21 10 16
0.074493 -0.010515 0.626584 86 97 109
0.079435 -0.012256 0.624124 130 118 98
0.083721 -0.013983 0.622782 97 89 74
0.087789 -0.015697 0.621782 83 82 71
0.091866 -0.017395 0.620707 80 83 73
0.096294 -0.019066 0.618907 53 57 49
0.100630 -0.020720 0.617211 62 76 70
0.104293 -0.022384 0.616751 163 178 176
0.107247 -0.024072 0.617639 193 201 205
0.109711 -0.025785 0.619490 241 242 246
0.138734 -0.042499 0.628696 154 155 137
0.141537 -0.044163 0.629768 159 160 142
0.144186 -0.045846 0.631181 158 159 141
0.146801 -0.047534 0.632674 157 158 140
0.149432 -0.049219 0.634129 158 159 141
0.152063 -0.050905 0.635586 154 155 137
0.154678 -0.052593 0.637079 153 155 136
0.157238 -0.054292 0.638709 142 145 126
0.159730 -0.056005 0.640512 137 139 121
0.162295 -0.057706 0.642142 145 147 130
0.164941 -0.059391 0.643567 144 146 130
0.167549 -0.061084 0.645092 150 153 136
0.170127 -0.062785 0.646697 152 155 136
0.252741 -0.121692 0.714197 128 130 113
0.255616 -0.123303 0.714945 154 153 134
0.258444 -0.124944 0.715887 170 166 152
0.260384 -0.127306 0.721039 55 50 46
0.261435 -0.130466 0.730682 89 81 79
0.261818 -0.134311 0.744013 143 147 136
0.262011 -0.138471 0.758829 42 35 35
-0.003809 0.016760 0.683797 148 110 103
0.002839 0.014561 0.679819 129 109 100
0.009643 0.012385 0.675469 125 110 99
0.023976 0.009871 0.658614 123 103 92
0.040400 0.007367 0.637895 142 123 110
0.048501 0.005325 0.630678 61 59 56
0.052731 0.003469 0.629841 74 74 68
0.056412 0.001645 0.629896 81 79 76
0.060152 -0.000173 0.629814 84 88 82
0.063863 -0.001981 0.629750 142 146 138
0.067541 -0.003779 0.629708 110 114 95
0.071746 -0.005572 0.628689 58 47 40
0.076363 -0.007353 0.626868 10 7 28
0.081086 -0.009114 0.624778 155 161 160
0.085473 -0.010855 0.623230 112 98 77
0.089503 -0.012582 0.622283 95 84 73
0.093516 -0.014294 0.621312 84 85 72
0.097726 -0.015987 0.619908 86 85 72
0.102147 -0.017656 0.618030 55 59 53
0.106073 -0.019322 0.617043 61 73 74
0.109573 -0.020989 0.616843 136 148 154
0.112732 -0.022662 0.617286 186 190 190
0.115536 -0.024348 0.618426 211 211 212
0.118122 -0.026044 0.620006 250 249 252
0.143977 -0.041031 0.628444 154 155 137
0.146615 -0.042709 0.629859 154 155 137
0.149216 -0.044391 0.631358 154 155 137
0.151824 -0.046074 0.632844 154 155 137
0.154434 -0.047756 0.634325 153 154 136
0.157039 -0.049439 0.635817 151 153 135
0.159581 -0.051133 0.637469 133 136 117
0.162103 -0.052832 0.639175 151 154 135
0.164655 -0.054527 0.640810 150 153 134
0.167297 -0.056206 0.642221 148 151 133
0.169914 -0.057890 0.643694 149 152 133
0.255462 -0.117769 0.709871 158 160 143
0.258087 -0.119543 0.711669 157 156 133
0.260491 -0.121493 0.714523 92 87 76
0.261959 -0.124216 0.721958 37 32 33
0.262850 -0.127490 0.732499 94 87 82
0.263391 -0.131175 0.745206 96 101 88
0.263577 -0.135313 0.760249 39 34 38
0.019361 0.013654 0.669921 123 100 92
0.041243 0.010701 0.640061 135 128 113
0.051015 0.008523 0.629986 86 67 59
0.055914 0.006629 0.627977 71 71 65
0.059333 0.004813 0.628447 77 76 73
0.062781 0.003003 0.628842 80 82 79
0.066525 0.001190 0.628690 97 100 99
0.070244 -0.000612 0.628547 157 165 161
0.074058 -0.002406 0.628196 99 88 78
0.078343 -0.004197 0.626945 36 23 22
0.082846 -0.005973 0.625232 8 12 17
0.087271 -0.007730 0.623591 200 224 215
0.091269 -0.009469 0.622685 112 102 70
0.095176 -0.011194 0.621896 86 79 70
0.099175 -0.012904 0.620879 83 78 67
0.103377 -0.014596 0.619409 87 85 79
0.107503 -0.016271 0.618019 60 61 61
0.111288 -0.017940 0.617244 49 57 63
0.114904 -0.019600 0.616757 115 129 133
0.118246 -0.021261 0.616784 172 184 175
0.121225 -0.022930 0.617525 187 190 183
0.124003 -0.024606 0.618668 205 201 203
0.148935 -0.039603 0.628761 147 148 129
0.151536 -0.041280 0.630239 151 151 133
0.154145 -0.042956 0.631697 152 152 134
0.156757 -0.044631 0.633150 155 156 136
0.159352 -0.046309 0.634645 150 151 131
0.161916 -0.047992 0.636217 135 138 117
0.164547 -0.049665 0.637626 144 147 127
0.167132 -0.051346 0.639149 146 149 129
0.169775 -0.053016 0.640523 149 151 131
0.255203 -0.112376 0.705341 151 150 133
0.257898 -0.114078 0.706735 138 133 110
0.260241 -0.116040 0.709782 108 105 85
0.262167 -0.118339 0.714886 47 41 37
0.263273 -0.121332 0.724162 102 97 100
0.264243 -0.124527 0.734459 86 82 77
0.264904 -0.128088 0.746720 55 56 47
0.265168 -0.132129 0.761550 34 35 37
0.037084 0.014369 0.650653 153 140 122
0.052470 0.011768 0.631073 176 134 122
0.058081 0.009814 0.627826 67 53 48
0.062126 0.007964 0.627193 73 71 67
0.065325 0.006164 0.627997 80 79 77
0.068880 0.004354 0.628154 83 85 82
0.072611 0.002546 0.627966 107 116 109
0.076312 0.000748 0.627794 150 156 145
0.080335 -0.001048 0.626993 90 78 63
0.084543 -0.002834 0.625799 26 15 16
0.088785 -0.004604 0.624479 7 17 25
0.092976 -0.006358 0.623195 200 220 211
0.096831 -0.008095 0.622488 110 106 71
0.100681 -0.009819 0.621743 98 86 80
0.104598 -0.011528 0.620814 80 71 65
0.108562 -0.013223 0.619737 91 87 81
0.112575 -0.014902 0.618502 68 68 63
0.116419 -0.016568 0.617546 47 53 52
0.120078 -0.018226 0.616913 70 82 85
0.123481 -0.019881 0.616762 150 166 157
0.126622 -0.021538 0.617125 165 168 156
0.129475 -0.023203 0.618071 182 177 168
0.132172 -0.024873 0.619344 166 161 153
0.151296 -0.036510 0.627541 150 151 133
0.153898 -0.038180 0.628991 149 149 131
0.156504 -0.039850 0.630434 150 149 132
0.159111 -0.041520 0.631874 150 150 132
0.161713 -0.043190 0.633326 141 142 122
0.164357 -0.044854 0.634674 144 145 125
0.167058 -0.046508 0.635872 147 149 128
0.169551 -0.048196 0.637601 147 150 129
0.254787 -0.107149 0.701575 158 158 141
0.257550 -0.108789 0.702598 124 121 102
0.259955 -0.110677 0.705275 121 112 89
0.261976 -0.112857 0.709820 64 56 46
0.263416 -0.115510 0.717315 94 85 86
0.264519 -0.118494 0.726740 74 69 71
0.265664 -0.121534 0.736303 129 126 118
0.266390 -0.125020 0.748398 39 38 36
0.266714 -0.128982 0.763110 37 35 39
0.052827 0.015093 0.634045 159 116 104
0.060279 0.012988 0.627611 140 97 89
0.064753 0.011103 0.626207 57 66 61
0.067869 0.009309 0.627135 73 74 74
0.071188 0.007507 0.627687 78 80 79
0.074812 0.005697 0.627667 87 89 84
0.078569 0.003891 0.627372 126 133 122
0.082421 0.002091 0.626859 144 150 131
0.086333 0.000302 0.626191 83 72 59
0.090335 -0.001477 0.625304 21 10 16
0.094445 -0.003245 0.624155 7 20 25
0.098509 -0.004997 0.623036 207 225 213
0.102226 -0.006731 0.622533 122 111 71
0.105972 -0.008453 0.621928 97 85 74
0.109812 -0.010163 0.621085 71 64 57
0.113591 -0.011860 0.620313 92 88 80
0.117333 -0.013544 0.619563 65 65 56
0.121129 -0.015214 0.618650 44 47 46
0.124967 -0.016868 0.617590 46 53 59
0.128613 -0.018513 0.616877 96 107 109
0.131936 -0.020158 0.616805 150 150 137
0.134938 -0.021810 0.617390 156 157 140
0.137714 -0.023468 0.618452 169 169 153
0.140238 -0.025139 0.620062 160 162 143
0.142837 -0.026807 0.621508 157 156 137
0.145486 -0.028470 0.622841 156 156 139
0.148181 -0.030129 0.624064 153 154 135
0.150918 -0.031783 0.625185 149 150 131
0.153612 -0.033439 0.626399 149 149 131
0.156219 -0.035103 0.627815 149 149 131
0.158806 -0.036769 0.629280 149 148 131
0.161376 -0.038437 0.630788 147 146 129
0.163968 -0.040103 0.632242 136 136 118
0.166635 -0.041758 0.633505 140 141 121
0.169259 -0.043419 0.634875 141 142 122
0.254052 -0.102165 0.699265 157 156 140
0.257105 -0.103616 0.698957 149 147 132
0.259561 -0.105445 0.701326 172 167 146
0.261709 -0.107496 0.705182 77 70 56
0.263367 -0.109923 0.711495 80 72 68
0.264622 -0.112702 0.719996 99 87 86
0.265891 -0.115548 0.728733 90 87 85
0.267111 -0.118514 0.738045 80 82 71
0.267976 -0.121865 0.749578 35 38 35
0.268554 -0.125578 0.763112 34 36 39
0.269080 -0.129481 0.777502 136 142 142
0.049994 0.018691 0.642526 160 116 104
0.061256 0.016242 0.629508 159 114 102
0.067024 0.014248 0.625826 78 66 56
0.070550 0.012427 0.626008 65 70 72
0.073576 0.010642 0.627060 74 78 77
0.077097 0.008833 0.627205 84 83 79
0.080820 0.007022 0.626947 88 92 85
0.084605 0.005217 0.626534 138 145 133
0.088304 0.003427 0.626239 144 142 123
0.092039 0.001646 0.625835 77 68 56
0.095964 -0.000131 0.625024 22 10 16
0.100022 -0.001897 0.623901 7 18 25
0.104014 -0.003647 0.622849 191 198 205
0.107601 -0.005377 0.622541 135 123 75
0.111312 -0.007098 0.621943 120 102 89
0.114933 -0.008807 0.621478 65 61 53
0.118583 -0.010504 0.620908 86 83 74
0.122263 -0.012189 0.620226 67 62 55
0.126058 -0.013860 0.619252 56 54 53
0.129948 -0.015513 0.618016 41 40 47
0.133674 -0.017156 0.617070 60 59 59
0.137041 -0.018797 0.616848 119 125 120
0.140093 -0.020441 0.617283 148 145 130
0.142826 -0.022096 0.618404 156 156 139
0.145382 -0.023758 0.619920 171 171 156
0.147860 -0.025427 0.621615 158 156 138
0.150345 -0.027096 0.623300 155 155 134
0.153037 -0.028750 0.624506 151 151 130
0.155703 -0.030406 0.625769 151 150 132
0.158299 -0.032066 0.627195 152 152 130
0.160874 -0.033729 0.628671 144 143 122
0.163446 -0.035392 0.630156 143 142 124
0.166066 -0.037050 0.631523 140 140 121
0.168796 -0.038694 0.632608 146 147 127
0.171464 -0.040344 0.633844 148 149 129
0.253641 -0.097019 0.695565 151 149 134
0.256706 -0.098462 0.695158 158 156 141
0.259137 -0.100284 0.697570 187 185 170
0.261333 -0.102269 0.701119 83 73 58
0.263042 -0.104605 0.707080 92 76 70
0.264463 -0.107191 0.714632 101 89 84
0.265875 -0.109849 0.722494 62 60 52
0.267283 -0.112579 0.730658 121 121 113
0.268665 -0.115406 0.739262 65 65 61
0.269729 -0.118570 0.749876 36 39 35
0.270568 -0.122031 0.762146 34 37 41
0.271247 -0.125759 0.775821 175 179 180
0.059949 0.019699 0.635412 157 109 96
0.068309 0.017459 0.627173 160 129 106
0.072878 0.015551 0.625492 55 51 44
0.076291 0.013740 0.625829 74 76 73
0.079632 0.011940 0.626271 80 80 77
0.083210 0.010132 0.626250 83 86 81
0.086939 0.008324 0.625915 91 96 86
0.090587 0.006530 0.625690 142 145 136
0.094110 0.004751 0.625666 157 152 138
0.097680 0.002978 0.625516 77 72 59
0.101388 0.001211 0.625057 25 22 19
0.105460 -0.000557 0.623835 7 10 28
0.109464 -0.002307 0.622685 110 123 135
0.113158 -0.004037 0.622101 208 193 161
0.116529 -0.005752 0.622129 116 99 80
0.120012 -0.007459 0.621889 60 59 53
0.123532 -0.009156 0.621533 73 68 67
0.127157 -0.010842 0.620911 67 59 59
0.130833 -0.012515 0.620127 50 46 48
0.134656 -0.014172 0.618971 49 41 41
0.138308 -0.015817 0.618126 39 35 37
0.141700 -0.017458 0.617805 55 57 64
0.144938 -0.019094 0.617784 125 131 129
0.147859 -0.020735 0.618451 176 178 161
0.150317 -0.022397 0.620168 150 149 128
0.152616 -0.024069 0.622266 160 160 138
0.155023 -0.025739 0.624123 149 148 127
0.157550 -0.027402 0.625704 140 139 119
0.160089 -0.029065 0.627259 143 142 122
0.162684 -0.030724 0.628679 141 140 119
0.165312 -0.032380 0.630017 133 132 113
0.168001 -0.034028 0.631198 141 140 121
0.170823 -0.035660 0.632030 142 141 122
0.173551 -0.037299 0.633092 146 146 126
0.176175 -0.038949 0.634416 140 141 121
0.248202 -0.088417 0.687972 147 148 129
0.250868 -0.090085 0.689281 151 151 134
0.253618 -0.091705 0.690218 156 157 137
0.256387 -0.093310 0.691052 165 162 147
0.258767 -0.095138 0.693619 150 146 132
0.260871 -0.097148 0.697515 62 59 50
0.262602 -0.099419 0.703269 103 90 86
0.264064 -0.101912 0.710506 107 87 86
0.265600 -0.104416 0.717628 70 64 56
0.267271 -0.106883 0.724316 128 129 120
0.268719 -0.109572 0.732389 73 72 67
0.270247 -0.112272 0.740340 49 49 47
0.271522 -0.115246 0.749951 38 39 37
0.272579 -0.118495 0.761152 36 39 38
0.272147 -0.132307 0.819077 181 182 168
0.273762 -0.135651 0.829500 195 198 188
0.068159 0.020803 0.631079 142 102 84
0.074475 0.018722 0.626273 166 126 116
0.078704 0.016840 0.625120 63 57 48
0.082160 0.015029 0.625330 74 77 69
0.085720 0.013218 0.625316 75 83 77
0.089343 0.011411 0.625148 86 89 78
0.092995 0.009611 0.624888 92 96 86
0.096486 0.007830 0.624898 133 136 128
0.099829 0.006064 0.625162 164 158 144
0.103109 0.004307 0.625519 80 74 62
0.106640 0.002547 0.625354 31 26 22
0.110835 0.000774 0.623812 8 10 19
0.114766 -0.000975 0.622736 68 85 107
0.118344 -0.002701 0.622328 227 225 200
0.121668 -0.004413 0.622405 106 86 64
0.125010 -0.006118 0.622409 71 67 59
0.128364 -0.007814 0.622351 74 71 68
0.131894 -0.009501 0.621879 35 32 34
0.135420 -0.011177 0.621367 60 50 52
0.138980 -0.012840 0.620732 51 45 46
0.142572 -0.014491 0.619973 45 41 44
0.146178 -0.016129 0.619126 35 31 35
0.149502 -0.017762 0.618872 53 52 50
0.152517 -0.019399 0.619291 100 102 96
0.155250 -0.021042 0.620351 156 157 140
0.157733 -0.022698 0.621997 144 141 117
0.160117 -0.024361 0.623889 136 135 112
0.162520 -0.026025 0.625745 140 140 119
0.164948 -0.027690 0.627550 137 136 116
0.167460 -0.029351 0.629155 135 134 115
0.170039 -0.031006 0.630593 135 134 115
0.172790 -0.032644 0.631589 143 142 123
0.175538 -0.034279 0.632578 147 147 127
0.178171 -0.035925 0.633861 141 142 122
0.245739 -0.081456 0.680704 142 144 120
0.248372 -0.083119 0.682060 143 146 125
0.251020 -0.084774 0.683351 143 145 127
0.253527 -0.086500 0.685242 113 115 103
0.255969 -0.088264 0.687437 123 123 113
0.258257 -0.090121 0.690352 86 78 70
0.260347 -0.092107 0.694237 56 51 45
0.262089 -0.094325 0.699854 96 91 85
0.263569 -0.096747 0.706895 93 87 80
0.265132 -0.099173 0.713775 77 69 60
0.266993 -0.101455 0.719404 105 102 94
0.268720 -0.103874 0.725899 71 71 64
0.270314 -0.106443 0.733318 64 61 61
0.271921 -0.109067 0.740939 44 43 44
0.273427 -0.111839 0.749399 43 43 44
0.274285 -0.115217 0.761815 60 60 57
0.274626 -0.128194 0.815870 185 185 171
0.276665 -0.131089 0.823702 186 186 172
0.278762 -0.134003 0.831496 188 187 180
0.066460 0.024336 0.637797 140 102 85
0.075391 0.021959 0.628288 135 95 81
0.080620 0.019969 0.625305 148 113 107
0.084831 0.018088 0.624103 64 66 57
0.088310 0.016280 0.624209 77 77 71
0.091750 0.014482 0.624357 83 84 76
0.095241 0.012688 0.624377 86 88 78
0.098711 0.010903 0.624405 91 94 84
0.102063 0.009133 0.624628 125 130 124
0.105292 0.007376 0.625066 175 174 164
0.108581 0.005622 0.625360 91 74 63
0.112179 0.003861 0.625000 54 44 37
0.116135 0.002096 0.623861 6 10 9
0.119961 0.000350 0.622932 7 18 33
0.123549 -0.001376 0.622443 199 211 204
0.126706 -0.003082 0.622824 139 124 90
0.129855 -0.004782 0.623194 100 87 70
0.133131 -0.006477 0.623261 44 43 39
0.136489 -0.008165 0.623115 62 51 56
0.139893 -0.009843 0.622826 50 44 42
0.143337 -0.011511 0.622404 55 46 46
0.146850 -0.013166 0.621775 48 41 41
0.150273 -0.014812 0.621304 42 35 40
0.153613 -0.016449 0.620979 40 35 41
0.156731 -0.018083 0.621133 53 49 54
0.159640 -0.019719 0.621760 77 77 79
0.162378 -0.021359 0.622780 124 129 119
0.164902 -0.023009 0.624318 151 150 131
0.167327 -0.024666 0.626106 141 138 119
0.169843 -0.026319 0.627674 136 134 114
0.172401 -0.027969 0.629137 139 136 117
0.175013 -0.029614 0.630462 153 151 132
0.177659 -0.031256 0.631693 151 151 132
0.180245 -0.032903 0.633081 141 142 122
0.182870 -0.034545 0.634361 139 140 120
0.185497 -0.036186 0.635631 137 139 119
0.240470 -0.073040 0.673102 130 129 110
0.242966 -0.074744 0.674933 130 129 111
0.245596 -0.076394 0.676237 132 132 114
0.248193 -0.078057 0.677672 141 148 125
0.250637 -0.079791 0.679749 113 123 104
0.253039 -0.081551 0.682034 113 116 105
0.255354 -0.083362 0.684729 74 78 70
0.257572 -0.085234 0.687906 41 41 31
0.259664 -0.087192 0.691728 68 57 54
0.261476 -0.089329 0.696947 95 89 81
0.263052 -0.091640 0.703441 81 74 68
0.264674 -0.093974 0.709932 68 66 56
0.266488 -0.096237 0.715690 99 99 93
0.268412 -0.098470 0.721077 83 83 76
0.270229 -0.100819 0.727200 71 70 67
0.271951 -0.103283 0.734031 52 48 50
0.273495 -0.105937 0.742077 44 42 44
0.275161 -0.108569 0.749756 46 45 46
0.276204 -0.111769 0.761270 132 133 128
0.277127 -0.124081 0.812412 185 185 171
0.279576 -0.126549 0.817653 187 187 174
0.282296 -0.128797 0.821339 187 187 173
0.074598 0.025388 0.633428 135 96 81
0.081987 0.023147 0.626491 124 85 82
0.086765 0.021196 0.624224 142 112 110
0.090887 0.019323 0.623105 65 59 55
0.094142 0.017539 0.623577 80 76 72
0.097429 0.015756 0.623962 81 85 78
0.100726 0.013979 0.624304 84 88 81
0.104024 0.012208 0.624617 92 94 85
0.107294 0.010445 0.624958 104 108 99
0.110515 0.008690 0.625371 184 184 173
0.113824 0.006937 0.625579 112 98 85
0.117235 0.005186 0.625549 71 66 53
0.121013 0.003426 0.624713 16 12 4
0.124917 0.001674 0.623557 6 5 22
0.128532 -0.000053 0.622957 70 87 104
0.131753 -0.001760 0.623157 217 211 207
0.134779 -0.003455 0.623754 90 72 51
0.137917 -0.005147 0.624082 75 57 56
0.141115 -0.006833 0.624246 54 50 43
0.144348 -0.008512 0.624300 22 15 10
0.147727 -0.010182 0.623982 48 49 46
0.151083 -0.011843 0.623672 49 43 46
0.154344 -0.013495 0.623541 45 44 44
0.157560 -0.015139 0.623478 46 46 44
0.160737 -0.016775 0.623470 35 39 37
0.163765 -0.018409 0.623790 32 35 35
0.166577 -0.020046 0.624617 42 40 43
0.169224 -0.021688 0.625845 84 88 86
0.171849 -0.023331 0.627124 118 119 113
0.174483 -0.024972 0.628374 147 145 133
0.177127 -0.026611 0.629594 149 145 130
0.179771 -0.028249 0.630809 126 130 113
0.182359 -0.029891 0.632170 124 131 112
0.184954 -0.031531 0.633510 140 141 126
0.187573 -0.033169 0.634778 135 137 119
0.190143 -0.034811 0.636183 136 138 118
0.192696 -0.036456 0.637633 140 137 119
0.195325 -0.038090 0.638866 141 138 120
0.197913 -0.039729 0.640213 135 134 115
0.235202 -0.064747 0.665823 130 124 109
0.237740 -0.066415 0.667413 133 129 113
0.240169 -0.068124 0.669431 123 123 108
0.242653 -0.069817 0.671256 124 123 111
0.245112 -0.071523 0.673196 118 113 106
0.247564 -0.073236 0.675178 101 96 90
0.249995 -0.074963 0.677273 83 89 81
0.252303 -0.076751 0.679917 64 66 66
0.254552 -0.078576 0.682860 41 34 34
0.256679 -0.080475 0.686407 56 50 44
0.258651 -0.082470 0.690733 81 74 72
0.260486 -0.084564 0.695812 90 83 76
0.262257 -0.086727 0.701339 74 70 58
0.264059 -0.088912 0.706891 64 62 51
0.265965 -0.091075 0.712114 110 109 105
0.267937 -0.093235 0.717168 73 70 63
0.269870 -0.095455 0.722580 73 71 66
0.271720 -0.097772 0.728605 60 57 55
0.273561 -0.100142 0.734891 53 50 48
0.275230 -0.102687 0.742342 47 43 47
0.276964 -0.105249 0.749717 46 46 46
0.279712 -0.119912 0.808300 182 184 169
0.282476 -0.122051 0.811458 186 186 172
0.284975 -0.124465 0.816435 186 186 173
0.081664 0.026516 0.630814 129 94 83
0.088107 0.024359 0.625445 111 79 73
0.092869 0.022407 0.623103 143 114 111
0.096688 0.020564 0.622481 70 63 58
0.099812 0.018795 0.623155 83 78 74
0.102774 0.017044 0.624129 84 88 80
0.105790 0.015291 0.624982 83 89 81
0.108948 0.013531 0.625538 91 91 85
0.112225 0.011767 0.625828 97 100 92
0.115532 0.010008 0.626030 154 156 146
0.118815 0.008257 0.626252 140 137 121
0.122181 0.006507 0.626268 84 75 58
0.125837 0.004752 0.625632 33 28 28
0.129685 0.002999 0.624531 9 2 7
0.133385 0.001266 0.623691 0 2 34
0.136747 -0.000445 0.623539 153 165 170
0.139863 -0.002139 0.623897 152 148 125
0.142783 -0.003824 0.624669 77 67 50
0.145800 -0.005507 0.625204 78 69 63
0.148973 -0.007185 0.625355 47 50 42
0.152195 -0.008857 0.625356 54 53 49
0.155371 -0.010520 0.625429 39 37 35
0.158531 -0.012176 0.625505 50 47 42
0.161660 -0.013824 0.625621 58 53 49
0.164658 -0.015468 0.626027 55 50 48
0.167527 -0.017111 0.626730 50 45 45
0.170307 -0.018753 0.627637 41 35 36
0.173121 -0.020390 0.628444 38 34 37
0.175889 -0.022027 0.629353 48 51 58
0.178662 -0.023659 0.630234 65 73 83
0.181471 -0.025286 0.631004 83 97 101
0.184116 -0.026922 0.632204 93 107 104
0.186725 -0.028560 0.633493 112 122 116
0.189373 -0.030193 0.634671 118 123 111
0.192026 -0.031825 0.635829 115 121 108
0.194506 -0.033474 0.637475 119 121 104
0.197145 -0.035106 0.638665 123 123 106
0.199789 -0.036735 0.639834 136 136 118
0.202401 -0.038367 0.641090 142 142 123
0.204996 -0.040000 0.642396 141 141 120
0.207516 -0.041645 0.643925 138 138 118
0.210082 -0.043283 0.645320 136 137 117
0.212595 -0.044931 0.646880 139 140 120
0.215101 -0.046581 0.648467 136 137 117
0.217604 -0.048233 0.650068 139 140 120
0.220035 -0.049902 0.651920 136 135 116
0.222513 -0.051563 0.653624 138 137 118
0.224879 -0.053254 0.655726 138 137 119
0.227251 -0.054948 0.657827 132 133 112
0.229697 -0.056628 0.659692 128 128 107
0.232177 -0.058301 0.661444 111 111 90
0.234763 -0.059944 0.662813 102 97 79
0.237224 -0.061627 0.664654 110 101 84
0.239687 -0.063312 0.666501 112 106 90
0.242025 -0.065044 0.668854 95 96 84
0.244449 -0.066752 0.670898 95 93 87
0.246819 -0.068486 0.673184 74 75 73
0.249146 -0.070243 0.675679 46 47 46
0.251408 -0.072037 0.678491 30 29 34
0.253503 -0.073914 0.682072 42 42 42
0.255616 -0.075802 0.685664 75 67 61
0.257634 -0.077753 0.689760 80 71 63
0.259568 -0.079769 0.694350 68 67 58
0.261482 -0.081825 0.699168 74 69 62
0.263466 -0.083874 0.703790 58 55 47
0.265407 -0.085977 0.708758 126 125 120
0.267371 -0.088101 0.713763 53 53 45
0.269399 -0.090220 0.718600 75 76 69
0.271378 -0.092403 0.723841 68 69 64
0.273260 -0.094688 0.729771 52 49 47
0.275236 -0.096955 0.735399 52 50 48
0.277071 -0.099366 0.742009 57 56 55
0.278683 -0.101996 0.750137 109 110 106
0.278950 -0.114167 0.804648 176 178 163
0.282111 -0.115931 0.805216 181 182 168
0.284736 -0.118170 0.809191 186 186 172
0.287446 -0.120356 0.812727 185 186 172
0.289960 -0.122761 0.817716 173 162 144
0.088023 0.027694 0.629361 121 90 78
0.094205 0.025554 0.624325 106 85 74
0.098743 0.023621 0.622310 153 123 124
0.102591 0.021776 0.621557 62 54 50
0.105278 0.020055 0.623042 83 80 75
0.107958 0.018334 0.624542 84 87 80
0.110854 0.016594 0.625607 86 90 85
0.114036 0.014833 0.626076 89 92 88
0.117370 0.013066 0.626208 92 96 91
0.120554 0.011316 0.626622 107 115 108
0.123734 0.009572 0.627019 159 165 156
0.127110 0.007822 0.626969 105 98 85
0.130652 0.006071 0.626522 60 54 45
0.134290 0.004325 0.625818 24 14 16
0.137847 0.002594 0.625240 12 2 13
0.141376 0.000876 0.624673 9 16 17
0.144672 -0.000825 0.624587 171 179 179
0.147554 -0.002507 0.625418 140 130 107
0.150539 -0.004187 0.625989 80 73 60
0.153598 -0.005864 0.626366 74 66 55
0.156665 -0.007534 0.626696 37 29 28
0.159718 -0.009199 0.627028 48 48 41
0.162786 -0.010856 0.627296 58 57 51
0.165776 -0.012509 0.627729 57 55 50
0.168645 -0.014158 0.628439 50 47 45
0.171474 -0.015804 0.629231 52 49 47
0.174311 -0.017447 0.629986 53 52 47
0.177096 -0.019087 0.630858 51 48 43
0.179861 -0.020726 0.631770 46 41 39
0.182680 -0.022358 0.632520 38 36 35
0.185395 -0.023993 0.633537 33 35 38
0.188088 -0.025627 0.634603 34 39 42
0.190808 -0.027256 0.635582 49 56 54
0.193614 -0.028875 0.636304 63 73 70
0.196245 -0.030508 0.637511 83 89 82
0.198910 -0.032135 0.638615 109 115 106
0.201611 -0.033756 0.639597 129 130 120
0.204167 -0.035393 0.641010 160 157 146
0.206748 -0.037027 0.642344 156 155 135
0.209303 -0.038664 0.643758 156 155 133
0.211902 -0.040294 0.645033 143 140 121
0.214488 -0.041925 0.646344 126 126 105
0.217028 -0.043564 0.647801 131 131 109
0.219516 -0.045213 0.649436 129 128 106
0.221993 -0.046866 0.651114 128 128 104
0.224497 -0.048516 0.652707 130 130 104
0.226905 -0.050188 0.654642 129 129 104
0.229312 -0.051865 0.656598 124 123 99
0.231689 -0.053554 0.658682 119 117 96
0.234074 -0.055245 0.660757 114 111 97
0.236528 -0.056921 0.662601 100 98 87
0.238908 -0.058623 0.664737 86 86 79
0.241275 -0.060335 0.666953 58 57 54
0.243490 -0.062103 0.669798 31 32 31
0.245812 -0.063845 0.672263 31 33 31
0.248080 -0.065615 0.674993 44 43 40
0.250277 -0.067423 0.678063 54 53 48
0.252389 -0.069278 0.681562 65 62 57
0.254475 -0.071161 0.685256 65 61 57
0.256523 -0.073081 0.689210 65 56 53
0.258547 -0.075033 0.693373 64 63 55
0.260552 -0.077017 0.697730 61 63 55
0.262670 -0.078973 0.701680 67 67 60
0.264790 -0.080950 0.705727 135 133 130
0.266904 -0.082954 0.709914 44 43 40
0.268933 -0.085032 0.714652 71 76 71
0.270972 -0.087136 0.719482 73 75 68
0.272965 -0.089300 0.724705 60 59 56
0.274998 -0.091476 0.729885 53 50 48
0.276953 -0.093742 0.735673 51 52 48
0.278983 -0.096000 0.741241 54 53 53
0.278562 -0.108172 0.798782 167 167 154
0.281175 -0.110367 0.802647 173 174 162
0.284390 -0.112071 0.802773 179 182 169
0.287061 -0.114244 0.806397 187 189 174
0.289744 -0.116430 0.810048 182 184 169
0.094175 0.028874 0.628173 122 90 79
0.100003 0.026763 0.623669 111 84 79
0.104393 0.024842 0.621847 153 123 121
0.107841 0.023040 0.621818 67 55 52
0.110525 0.021323 0.623286 81 78 73
0.113006 0.019627 0.625169 84 86 81
0.115971 0.017883 0.626063 81 86 81
0.119286 0.016112 0.626218 86 92 86
0.122430 0.014362 0.626700 88 95 89
0.125514 0.012621 0.627287 93 98 92
0.128744 0.010874 0.627535 123 125 117
0.132094 0.009126 0.627493 154 150 141
0.135494 0.007382 0.627304 90 81 71
0.138879 0.005648 0.627107 51 41 36
0.142364 0.003917 0.626640 10 10 9
0.145853 0.002197 0.626117 10 2 10
0.149051 0.000498 0.626221 8 15 22
0.152137 -0.001190 0.626551 139 148 150
0.155190 -0.002872 0.626931 150 147 129
0.158216 -0.004547 0.627351 75 68 51
0.161176 -0.006216 0.627902 94 88 69
0.164116 -0.007880 0.628483 56 49 37
0.167034 -0.009539 0.629094 57 53 49
0.169863 -0.011194 0.629909 47 42 41
0.172699 -0.012846 0.630691 45 42 36
0.175567 -0.014493 0.631368 45 44 36
0.178369 -0.016138 0.632204 53 49 44
0.181161 -0.017779 0.633047 56 51 47
0.184008 -0.019415 0.633724 65 59 55
0.186749 -0.021052 0.634673 74 67 62
0.189486 -0.022687 0.635622 65 59 54
0.192245 -0.024317 0.636492 61 57 51
0.195045 -0.025940 0.637226 49 49 43
0.197754 -0.027567 0.638210 48 39 34
0.200489 -0.029189 0.639101 42 36 31
0.203245 -0.030806 0.639914 35 29 29
0.205868 -0.032434 0.641115 60 59 58
0.208470 -0.034064 0.642376 87 84 81
0.211052 -0.035695 0.643694 98 95 88
0.213658 -0.037322 0.644934 95 96 88
0.216221 -0.038955 0.646306 96 90 85
0.218735 -0.040596 0.647841 89 84 79
0.221178 -0.042250 0.649620 87 82 77
0.223663 -0.043899 0.651264 90 86 78
0.226170 -0.045545 0.652838 81 76 69
0.228589 -0.047212 0.654733 78 74 67
0.230973 -0.048889 0.656766 61 56 52
0.233249 -0.050598 0.659219 39 42 37
0.235545 -0.052309 0.661632 38 38 36
0.237880 -0.054017 0.663930 33 32 31
0.240162 -0.055746 0.666466 34 32 32
0.242490 -0.057470 0.668864 40 39 39
0.244706 -0.059237 0.671741 44 44 43
0.246978 -0.060997 0.674445 53 49 48
0.249168 -0.062796 0.677543 58 57 53
0.251361 -0.064606 0.680687 60 55 50
0.253477 -0.066460 0.684228 50 47 41
0.255527 -0.068358 0.688145 51 49 40
0.257605 -0.070265 0.692038 67 66 60
0.259750 -0.072164 0.695721 62 62 55
0.261932 -0.074065 0.699328 125 125 119
0.264159 -0.075964 0.702806 68 67 62
0.266356 -0.077896 0.706521 49 48 45
0.268544 -0.079854 0.710376 77 75 72
0.270563 -0.081925 0.715199 70 72 67
0.272585 -0.084027 0.720160 62 62 59
0.274665 -0.086128 0.724970 57 56 53
0.276714 -0.088281 0.730105 50 48 45
0.278807 -0.090442 0.735166 42 43 38
0.280577 -0.092859 0.742255 142 142 136
0.280740 -0.104443 0.797020 166 166 152
0.283681 -0.106354 0.798774 173 174 162
0.286559 -0.108319 0.800945 178 179 167
0.289311 -0.110402 0.803986 182 185 170
0.291962 -0.112593 0.807801 182 185 170
0.090604 0.032699 0.638897 125 92 79
0.098466 0.030270 0.630496 119 87 80
0.105298 0.028015 0.623901 116 85 79
0.109591 0.026100 0.622190 147 118 114
0.113228 0.024276 0.621731 81 67 60
0.116069 0.022548 0.622852 77 76 68
0.118489 0.020865 0.624836 80 86 79
0.121400 0.019131 0.625805 80 86 82
0.124466 0.017385 0.626431 86 88 88
0.127467 0.015649 0.627179 91 91 90
0.130604 0.013906 0.627612 95 95 89
0.133805 0.012162 0.627880 98 98 92
0.136998 0.010426 0.628135 138 138 129
0.140148 0.008698 0.628456 124 120 110
0.143422 0.006969 0.628467 84 76 64
0.146780 0.005242 0.628247 51 46 38
0.150054 0.003529 0.628180 12 9 10
0.153297 0.001824 0.628148 7 5 11
0.156490 0.000130 0.628197 4 7 19
0.159640 -0.001556 0.628313 78 92 94
0.162672 -0.003232 0.628686 173 171 159
0.165605 -0.004900 0.629278 100 93 77
0.168451 -0.006563 0.630069 87 89 77
0.171221 -0.008222 0.631033 86 85 76
0.173990 -0.009878 0.631991 63 61 56
0.176839 -0.011531 0.632724 49 46 41
0.179635 -0.013181 0.633577 45 40 37
0.182425 -0.014828 0.634432 50 45 38
0.185251 -0.016470 0.635172 52 49 39
0.188048 -0.018109 0.635971 53 51 41
0.190804 -0.019747 0.636871 54 51 42
0.193548 -0.021382 0.637789 60 56 49
0.196291 -0.023015 0.638694 60 56 49
0.198950 -0.024650 0.639832 67 60 54
0.201633 -0.026282 0.640891 71 64 58
0.204420 -0.027902 0.641622 78 66 64
0.207051 -0.029534 0.642814 77 65 64
0.209644 -0.031168 0.644116 78 64 60
0.212236 -0.032802 0.645418 75 60 56
0.214863 -0.034431 0.646605 63 54 52
0.217421 -0.036068 0.648009 55 48 47
0.219921 -0.037714 0.649610 49 48 47
0.222390 -0.039366 0.651319 47 46 45
0.224861 -0.041020 0.653033 46 45 44
0.227333 -0.042676 0.654752 46 45 44
0.229731 -0.044349 0.656745 44 43 42
0.232054 -0.046042 0.659033 46 45 43
0.234293 -0.047761 0.661657 47 45 44
0.236554 -0.049483 0.664245 46 43 40
0.238831 -0.051209 0.666808 46 43 41
0.241162 -0.052929 0.669207 44 41 39
0.243519 -0.054649 0.671535 43 40 38
0.245776 -0.056405 0.674304 42 40 38
0.248040 -0.058170 0.677092 43 40 38
0.250276 -0.059955 0.680047 53 50 50
0.252463 -0.061769 0.683275 61 61 52
0.254564 -0.063628 0.686945 65 61 52
0.256703 -0.065491 0.690536 64 69 62
0.258934 -0.067335 0.693798 126 123 119
0.261246 -0.069160 0.696756 81 79 74
0.263627 -0.070968 0.699457 25 29 22
0.265878 -0.072847 0.702833 56 62 54
0.268171 -0.074722 0.706086 74 73 67
0.270232 -0.076731 0.710590 67 68 61
0.272236 -0.078797 0.715521 62 66 61
0.274323 -0.080850 0.720174 58 57 54
0.276565 -0.082844 0.724139 55 54 51
0.278556 -0.085013 0.729614 48 50 46
0.280616 -0.087179 0.734886 114 113 106
0.280716 -0.098300 0.788991 158 158 144
0.283064 -0.100619 0.794272 163 163 149
0.285796 -0.102674 0.797273 169 171 156
0.288660 -0.104637 0.799480 176 178 163
0.291423 -0.106693 0.802408 181 182 166
0.294049 -0.108889 0.806368 179 182 165
0.103593 0.031554 0.631162 118 86 78
0.110109 0.029318 0.625037 114 81 72
0.114537 0.027378 0.622980 129 98 91
0.118299 0.025536 0.622211 124 99 96
0.121513 0.023767 0.622527 71 64 58
0.124096 0.022074 0.624149 78 80 75
0.126745 0.020373 0.625632 84 84 83
0.129586 0.018653 0.626701 88 87 86
0.132576 0.016920 0.627434 88 88 82
0.135636 0.015185 0.627995 88 88 82
0.138722 0.013453 0.628473 93 93 89
0.141759 0.011729 0.629039 99 100 94
0.144866 0.010004 0.629423 124 126 117
0.147988 0.008284 0.629742 117 115 103
0.151097 0.006570 0.630064 83 81 67
0.154260 0.004860 0.630228 53 50 43
0.157450 0.003154 0.630293 19 16 22
0.160629 0.001457 0.630347 4 4 10
0.163743 -0.000231 0.630526 6 0 4
0.166906 -0.001914 0.630551 16 20 20
0.169944 -0.003586 0.630852 96 103 103
0.172803 -0.005249 0.631587 130 134 130
0.175533 -0.006907 0.632641 93 99 84
0.178352 -0.008563 0.633446 81 83 66
0.181097 -0.010217 0.634435 91 90 75
0.183800 -0.011868 0.635526 94 90 82
0.186536 -0.013516 0.636515 68 65 61
0.189291 -0.015162 0.637438 52 47 45
0.192020 -0.016806 0.638421 47 44 40
0.194746 -0.018447 0.639401 44 42 34
0.197463 -0.020086 0.640392 45 41 35
0.200120 -0.021726 0.641550 50 45 39
0.202775 -0.023365 0.642703 53 47 42
0.205453 -0.025000 0.643782 55 49 46
0.208040 -0.026641 0.645132 57 51 47
0.210609 -0.028284 0.646536 56 54 49
0.213184 -0.029926 0.647920 58 56 51
0.215788 -0.031564 0.649209 62 55 53
0.218338 -0.033209 0.650673 60 52 51
0.220848 -0.034859 0.652271 52 51 47
0.223348 -0.036512 0.653911 54 53 50
0.225849 -0.038166 0.655557 46 46 43
0.228302 -0.039830 0.657376 46 45 42
0.230686 -0.041510 0.659461 43 42 39
0.233028 -0.043203 0.661720 41 40 37
0.235330 -0.044910 0.664162 41 39 35
0.237655 -0.046619 0.666547 39 36 29
0.239982 -0.048335 0.668960 42 38 33
0.242335 -0.050051 0.671309 46 42 36
0.244674 -0.051777 0.673750 57 53 47
0.246966 -0.053525 0.676415 68 63 57
0.249199 -0.055299 0.679375 68 66 62
0.251423 -0.057087 0.682430 73 73 65
0.253658 -0.058885 0.685504 87 90 83
0.255852 -0.060710 0.688825 105 111 104
0.258170 -0.062505 0.691657 77 80 73
0.260559 -0.064283 0.694226 25 23 19
0.263003 -0.066049 0.696579 42 42 35
0.265350 -0.067863 0.699438 70 74 67
0.267678 -0.069698 0.702444 68 72 65
0.269826 -0.071630 0.706423 62 66 59
0.271903 -0.073619 0.710876 61 65 58
0.274035 -0.075607 0.715178 60 63 59
0.276267 -0.077567 0.719076 58 57 54
0.278306 -0.079658 0.724146 51 51 48
0.280268 -0.081829 0.729814 81 83 77
0.280210 -0.092595 0.784024 157 153 138
0.282502 -0.094903 0.789504 158 160 143
0.284977 -0.097116 0.794021 163 163 149
0.287847 -0.099056 0.796120 166 168 153
0.290584 -0.101110 0.799141 176 178 163
0.293357 -0.103148 0.801989 181 180 165
0.296020 -0.105298 0.805688 166 158 137
0.107971 0.032934 0.633288 118 84 71
0.114747 0.030637 0.626488 113 77 67
0.119437 0.028653 0.623813 110 74 66
0.123408 0.026780 0.622548 166 130 122
0.126647 0.025009 0.622768 88 67 62
0.129383 0.023303 0.624040 75 73 63
0.131978 0.021613 0.625613 81 82 76
0.134799 0.019899 0.626691 86 86 79
0.137709 0.018178 0.627564 86 86 80
0.140715 0.016450 0.628201 88 89 83
0.143742 0.014725 0.628774 89 90 84
0.146789 0.013002 0.629276 89 91 83
0.149786 0.011287 0.629868 91 97 90
0.152718 0.009582 0.630594 103 109 100
0.155707 0.007877 0.631165 110 113 103
0.158740 0.006174 0.631607 93 94 82
0.161765 0.004476 0.632039 70 65 56
0.164782 0.002783 0.632465 42 35 31
0.167866 0.001094 0.632694 17 13 13
0.170976 -0.000591 0.632823 12 4 9
0.174019 -0.002266 0.633091 4 4 7
0.176938 -0.003933 0.633654 9 4 9
0.179843 -0.005594 0.634232 56 62 60
0.182617 -0.007250 0.635140 117 131 121
0.185309 -0.008903 0.636257 117 117 104
0.187992 -0.010555 0.637394 90 90 78
0.190666 -0.012205 0.638543 81 83 73
0.193306 -0.013854 0.639785 92 93 84
0.195969 -0.015501 0.640955 103 106 88
0.198669 -0.017145 0.642006 97 97 81
0.201330 -0.018790 0.643164 94 85 73
0.203979 -0.020433 0.644351 75 65 56
0.206626 -0.022075 0.645534 70 57 51
0.209164 -0.023723 0.647054 55 51 37
0.211687 -0.025374 0.648626 52 47 39
0.214243 -0.027022 0.650095 48 43 35
0.216801 -0.028670 0.651557 49 43 39
0.219332 -0.030322 0.653113 44 39 35
0.221847 -0.031977 0.654729 47 41 37
0.224398 -0.033628 0.656224 49 43 39
0.226897 -0.035287 0.657904 52 48 46
0.229378 -0.036950 0.659659 56 53 50
0.231800 -0.038626 0.661637 55 51 48
0.234183 -0.040313 0.663781 58 54 51
0.236557 -0.042006 0.665983 68 62 57
0.238957 -0.043700 0.668116 77 72 65
0.241335 -0.045403 0.670359 80 76 66
0.243682 -0.047120 0.672753 80 79 67
0.246001 -0.048850 0.675298 84 84 73
0.248285 -0.050598 0.678026 106 108 99
0.250521 -0.052369 0.681011 126 130 121
0.252790 -0.054141 0.683911 71 75 72
0.255085 -0.055917 0.686755 22 23 22
0.257491 -0.057667 0.689160 27 29 26
0.259914 -0.059418 0.691526 46 51 45
0.262348 -0.061173 0.693884 62 68 59
0.264788 -0.062933 0.696247 71 72 65
0.267193 -0.064714 0.698817 71 72 65
0.269365 -0.066605 0.702591 64 68 61
0.271516 -0.068524 0.706574 62 65 58
0.273676 -0.070461 0.710624 62 65 58
0.275861 -0.072409 0.714660 55 61 55
0.277935 -0.074438 0.719423 50 50 43
0.279878 -0.076568 0.725062 73 74 60
0.281343 -0.089639 0.788481 154 150 139
0.284409 -0.091423 0.789246 157 155 142
0.286980 -0.093554 0.793163 164 162 148
0.289872 -0.095468 0.795074 167 167 152
0.292655 -0.097471 0.797753 170 171 155
0.295389 -0.099527 0.800835 162 161 145
0.098301 0.039152 0.649737 123 87 78
0.104573 0.036829 0.644208 121 86 73
0.112574 0.034281 0.634948 117 82 70
0.119441 0.031944 0.627796 122 82 72
0.124261 0.029930 0.624758 119 77 66
0.128136 0.028063 0.623630 138 99 86
0.131591 0.026263 0.623347 143 110 94
0.134651 0.024519 0.623887 81 67 68
0.137414 0.022816 0.625061 80 79 71
0.139990 0.021135 0.626650 83 84 77
0.142791 0.019428 0.627728 83 84 77
0.145816 0.017701 0.628283 84 86 78
0.148800 0.015982 0.628909 86 89 76
0.151718 0.014273 0.629670 87 89 77
0.154569 0.012573 0.630574 93 93 85
0.157469 0.010872 0.631345 91 94 85
0.160409 0.009171 0.631998 95 100 91
0.163313 0.007477 0.632721 99 104 95
0.166207 0.005787 0.633449 103 104 95
0.169144 0.004098 0.634050 86 83 74
0.172120 0.002412 0.634525 68 62 54
0.175070 0.000732 0.635041 45 41 38
0.177961 -0.000941 0.635693 21 14 16
0.180904 -0.002612 0.636177 9 6 10
0.183775 -0.004276 0.636835 0 2 4
0.186572 -0.005935 0.637674 0 2 1
0.189340 -0.007590 0.638578 8 13 13
0.192075 -0.009243 0.639562 32 37 36
0.194776 -0.010893 0.640628 68 76 72
0.197443 -0.012542 0.641786 102 115 101
0.200139 -0.014189 0.642849 115 124 111
0.202786 -0.015836 0.644050 105 107 94
0.205432 -0.017481 0.645249 95 95 81
0.208107 -0.019123 0.646346 90 91 82
0.210603 -0.020774 0.648005 95 95 87
0.213111 -0.022426 0.649629 94 95 82
0.215650 -0.024077 0.651160 93 95 78
0.218211 -0.025726 0.652618 94 93 81
0.220727 -0.027380 0.654234 91 90 79
0.223219 -0.029037 0.655935 89 89 77
0.225746 -0.030692 0.657524 87 86 74
0.228233 -0.032354 0.659261 83 80 71
0.230719 -0.034018 0.661015 81 79 71
0.233166 -0.035690 0.662920 87 85 78
0.235574 -0.037371 0.664989 90 89 81
0.237975 -0.039059 0.667107 92 94 82
0.240373 -0.040751 0.669260 105 108 98
0.242752 -0.042452 0.671516 88 90 84
0.245071 -0.044173 0.674043 54 57 53
0.247380 -0.045903 0.676653 23 26 22
0.249700 -0.047639 0.679261 9 12 9
0.251982 -0.049394 0.682076 22 23 20
0.254354 -0.051133 0.684552 40 44 35
0.256790 -0.052862 0.686793 54 57 49
0.259271 -0.054582 0.688855 68 71 63
0.261710 -0.056321 0.691140 71 72 66
0.264143 -0.058068 0.693485 68 69 62
0.266540 -0.059836 0.696046 70 69 63
0.268911 -0.061624 0.698780 67 66 60
0.271062 -0.063511 0.702675 62 64 57
0.273224 -0.065415 0.706621 60 62 55
0.275311 -0.067373 0.711072 60 62 55
0.277371 -0.069371 0.715809 52 53 47
0.279232 -0.071497 0.721799 92 87 84
0.280708 -0.084059 0.784275 136 128 113
0.283167 -0.086221 0.788747 140 133 119
0.285910 -0.088221 0.791552 147 140 126
0.289121 -0.089904 0.791342 149 144 130
0.291833 -0.091936 0.794407 147 144 129
0.294646 -0.093906 0.796849 145 143 127
0.097578 0.042773 0.655295 125 88 75
0.103544 0.040450 0.650405 123 85 72
0.109403 0.038171 0.645584 122 83 70
0.116570 0.035717 0.637862 122 81 69
0.123272 0.033374 0.630906 121 80 68
0.128674 0.031258 0.626541 118 79 70
0.132658 0.029369 0.625120 113 75 67
0.136253 0.027545 0.624487 149 117 107
0.139629 0.025759 0.624291 110 93 87
0.142612 0.024031 0.624942 74 67 62
0.145255 0.022347 0.626351 77 75 70
0.148091 0.020642 0.627311 80 80 74
0.150967 0.018934 0.628163 86 86 77
0.153745 0.017239 0.629235 84 86 74
0.156491 0.015549 0.630372 84 87 74
0.159307 0.013855 0.631331 86 89 76
0.162108 0.012164 0.632315 87 89 79
0.164912 0.010475 0.633278 88 90 80
0.167781 0.008783 0.634061 87 91 81
0.170699 0.007091 0.634704 92 96 86
0.173591 0.005405 0.635390 95 96 87
0.176437 0.003726 0.636178 101 102 92
0.179240 0.002051 0.637064 86 83 75
0.182103 0.000378 0.637771 73 67 62
0.184901 -0.001290 0.638635 55 52 50
0.187680 -0.002954 0.639535 38 38 37
0.190482 -0.004616 0.640357 25 28 26
0.193291 -0.006275 0.641139 12 15 14
0.196097 -0.007930 0.641913 5 7 7
0.198840 -0.009582 0.642851 2 2 3
0.201583 -0.011231 0.643775 0 2 3
0.204286 -0.012878 0.644807 2 2 4
0.206973 -0.014524 0.645876 2 2 3
0.209667 -0.016167 0.646913 24 25 25
0.212192 -0.017815 0.648477 30 29 41
0.214717 -0.019465 0.650045 40 55 60
0.217268 -0.021113 0.651534 49 55 53
0.219839 -0.022761 0.652958 52 57 53
0.222383 -0.024411 0.654471 55 62 56
0.224845 -0.026069 0.656275 60 65 59
0.227319 -0.027728 0.658045 58 64 58
0.229785 -0.029390 0.659861 44 48 45
0.232273 -0.031052 0.661606 37 40 37
0.234711 -0.032723 0.663549 22 23 20
0.237086 -0.034406 0.665748 12 13 10
0.239461 -0.036095 0.667975 4 5 4
0.241816 -0.037793 0.670308 9 10 9
0.244188 -0.039494 0.672609 19 21 17
0.246531 -0.041206 0.675058 31 33 29
0.248884 -0.042923 0.677507 46 48 42
0.251259 -0.044642 0.679899 63 62 54
0.253633 -0.046369 0.682333 73 72 64
0.256032 -0.048095 0.684696 78 78 70
0.258495 -0.049811 0.686810 73 71 63
0.260994 -0.051521 0.688789 70 70 64
0.263454 -0.053248 0.690968 70 69 63
0.265882 -0.054990 0.693331 68 67 61
0.268311 -0.056740 0.695734 64 64 58
0.270587 -0.058553 0.698932 64 64 58
0.272674 -0.060455 0.703171 60 60 54
0.274649 -0.062426 0.708122 60 57 50
0.276643 -0.064418 0.713128 56 47 45
0.278379 -0.066558 0.719705 111 105 105
0.284525 -0.083093 0.791944 137 123 112
0.287205 -0.085142 0.795244 139 124 112
0.290446 -0.086827 0.794893 137 122 111
0.293218 -0.088826 0.797642 145 125 117
0.091483 0.048738 0.664448 131 91 78
0.097498 0.046334 0.659609 126 88 75
0.102921 0.044062 0.655839 126 87 74
0.108478 0.041789 0.651660 124 85 72
0.113872 0.039567 0.647689 122 81 69
0.119349 0.037356 0.643408 121 80 68
0.126266 0.034943 0.635865 119 80 70
0.132498 0.032675 0.629600 115 79 72
0.136941 0.030705 0.627118 112 77 72
0.140789 0.028839 0.625872 109 78 72
0.144245 0.027038 0.625451 144 120 112
0.147578 0.025263 0.625267 106 93 89
0.150620 0.023532 0.625720 77 66 59
0.153333 0.021846 0.626927 77 76 67
0.155869 0.020182 0.628549 81 82 73
0.158504 0.018506 0.629936 83 84 75
0.161235 0.016821 0.631087 84 85 75
0.163998 0.015133 0.632147 84 85 76
0.166711 0.013452 0.633325 84 86 76
0.169512 0.011764 0.634272 83 86 76
0.172398 0.010072 0.634985 83 87 77
0.175216 0.008389 0.635853 83 87 77
0.177983 0.006712 0.636845 86 89 79
0.180729 0.005039 0.637879 89 93 83
0.183526 0.003364 0.638763 88 91 81
0.186261 0.001696 0.639804 90 91 82
0.188970 0.000030 0.640904 92 93 83
0.191708 -0.001634 0.641912 86 88 80
0.194483 -0.003298 0.642803 80 82 73
0.197254 -0.004958 0.643687 73 72 67
0.199995 -0.006615 0.644645 64 64 60
0.202771 -0.008270 0.645484 48 48 44
0.205469 -0.009922 0.646544 38 38 35
0.208162 -0.011572 0.647607 30 29 28
0.210891 -0.013219 0.648544 24 23 22
0.213517 -0.014866 0.649801 20 21 16
0.216110 -0.016514 0.651159 18 18 13
0.218677 -0.018163 0.652600 16 16 11
0.221248 -0.019812 0.654030 13 13 7
0.223818 -0.021461 0.655463 15 16 10
0.226293 -0.023117 0.657229 18 18 11
0.228723 -0.024779 0.659167 19 18 13
0.231193 -0.026441 0.660979 29 31 25
0.233661 -0.028105 0.662809 37 40 32
0.236064 -0.029780 0.664896 40 43 35
0.238456 -0.031460 0.667051 51 54 45
0.240869 -0.033142 0.669150 60 61 53
0.243284 -0.034828 0.671268 68 67 58
0.245701 -0.036518 0.673402 75 76 67
0.248103 -0.038215 0.675623 75 75 66
0.250495 -0.039920 0.677916 74 74 65
0.252889 -0.041631 0.680234 74 73 65
0.255299 -0.043343 0.682516 71 70 62
0.257710 -0.045062 0.684824 71 68 61
0.260202 -0.046765 0.686805 70 67 60
0.262718 -0.048466 0.688699 64 64 58
0.265184 -0.050185 0.690845 65 65 59
0.267594 -0.051927 0.693291 63 63 57
0.269983 -0.053683 0.695880 62 62 56
0.272177 -0.055517 0.699507 60 59 53
0.274056 -0.057486 0.704852 56 53 46
0.275864 -0.059514 0.710745 57 52 51
0.277410 -0.061687 0.718261 121 111 125
0.085045 0.054926 0.674187 131 92 79
0.091426 0.052379 0.668761 133 90 78
0.097404 0.049939 0.663998 132 88 76
0.103058 0.047585 0.659754 129 85 73
0.108335 0.045324 0.656165 128 84 72
0.113421 0.043119 0.652858 126 82 70
0.118703 0.040900 0.649010 124 83 70
0.123859 0.038725 0.645306 122 83 70
0.129501 0.036492 0.640398 119 81 71
0.135124 0.034290 0.635376 118 81 70
0.140900 0.032091 0.629840 112 80 67
0.145209 0.030145 0.627493 110 78 65
0.148906 0.028305 0.626469 103 76 63
0.152343 0.026512 0.625993 139 113 104
0.155338 0.024787 0.626521 115 98 87
0.158022 0.023107 0.627773 87 68 61
0.160614 0.021440 0.629245 70 74 64
0.163294 0.019761 0.630503 78 79 70
0.166016 0.018079 0.631648 80 82 73
0.168665 0.016406 0.632971 83 83 74
0.171381 0.014727 0.634118 84 82 76
0.174162 0.013043 0.635089 86 82 76
0.176889 0.011366 0.636187 83 83 75
0.179569 0.009695 0.637403 83 83 74
0.182248 0.008025 0.638616 80 83 74
0.184989 0.006351 0.639651 81 84 75
0.187699 0.004682 0.640760 83 83 75
0.190379 0.003016 0.641945 83 85 76
0.193073 0.001350 0.643084 84 86 77
0.195793 -0.000315 0.644136 86 87 78
0.198489 -0.001977 0.645252 87 89 79
0.201190 -0.003638 0.646338 88 89 80
0.203980 -0.005299 0.647144 88 88 79
0.206685 -0.006955 0.648193 88 88 79
0.209369 -0.008609 0.649298 86 86 77
0.212102 -0.010262 0.650235 80 84 74
0.214762 -0.011912 0.651396 77 79 71
0.217380 -0.013563 0.652684 78 81 73
0.219965 -0.015213 0.654080 78 81 72
0.222556 -0.016863 0.655455 77 76 68
0.225079 -0.018517 0.657066 78 78 69
0.227554 -0.020174 0.658850 75 75 66
0.230042 -0.021833 0.660601 74 74 65
0.232529 -0.023494 0.662368 74 74 66
0.235014 -0.025157 0.664154 84 83 75
0.237447 -0.026827 0.666146 86 84 76
0.239892 -0.028500 0.668114 80 80 72
0.242346 -0.030175 0.670067 80 79 71
0.244802 -0.031853 0.672034 74 73 65
0.247257 -0.033534 0.674019 71 70 64
0.249688 -0.035223 0.676128 73 70 63
0.252091 -0.036922 0.678383 71 70 62
0.254498 -0.038626 0.680651 70 68 60
0.256947 -0.040326 0.682764 67 66 58
0.259388 -0.042033 0.684944 65 65 57
0.261876 -0.043733 0.686939 64 64 56
0.264476 -0.045408 0.688430 61 61 53
0.266961 -0.047116 0.690473 60 60 52
0.269407 -0.048839 0.692734 61 60 54
0.271666 -0.050628 0.695965 58 53 45
0.273594 -0.052540 0.700960 58 52 47
0.275101 -0.054628 0.708312 121 103 101
0.085084 0.058636 0.678360 131 92 78
0.091336 0.056069 0.673189 134 90 78
0.097245 0.053598 0.668568 132 87 76
0.102824 0.051218 0.664490 130 85 74
0.108088 0.048923 0.660942 129 84 72
0.113222 0.046673 0.657547 126 82 70
0.118337 0.044446 0.654074 124 83 70
0.123313 0.042266 0.650781 123 84 71
0.128014 0.040154 0.647983 120 82 71
0.132446 0.038107 0.645680 118 81 70
0.136942 0.036065 0.643135 112 79 66
0.143425 0.033716 0.635900 113 80 67
0.149169 0.031521 0.630171 114 81 65
0.153199 0.029620 0.628315 111 80 65
0.156534 0.027836 0.628040 114 78 67
0.159594 0.026100 0.628390 137 107 96
0.162525 0.024386 0.629026 129 112 98
0.165507 0.022668 0.629516 95 78 69
0.168301 0.020979 0.630456 74 67 59
0.170887 0.019318 0.631913 71 71 63
0.173481 0.017655 0.633353 80 78 71
0.176197 0.015979 0.634470 83 80 73
0.178887 0.014307 0.635648 81 81 73
0.181464 0.012647 0.637124 81 81 73
0.184039 0.010987 0.638605 77 81 72
0.186704 0.009320 0.639840 77 81 72
0.189354 0.007655 0.641111 80 80 72
0.191983 0.005991 0.642437 83 82 74
0.194625 0.004328 0.643720 83 83 75
0.197276 0.002665 0.644974 83 83 75
0.199918 0.001003 0.646248 83 84 75
0.202593 -0.000659 0.647416 80 80 71
0.205351 -0.002323 0.648324 81 81 72
0.208034 -0.003982 0.649445 80 80 71
0.210732 -0.005640 0.650514 80 79 70
0.213473 -0.007296 0.651428 81 83 73
0.216105 -0.008949 0.652687 80 82 72
0.218712 -0.010602 0.654022 80 81 71
0.221321 -0.012254 0.655347 80 81 71
0.223930 -0.013906 0.656669 77 77 69
0.226451 -0.015560 0.658299 77 77 69
0.228962 -0.017216 0.659968 77 76 68
0.231472 -0.018873 0.661651 77 77 69
0.233941 -0.020535 0.663493 77 76 68
0.236421 -0.022198 0.665308 74 74 66
0.238885 -0.023864 0.667198 73 72 64
0.241362 -0.025533 0.669057 71 71 63
0.243851 -0.027202 0.670881 71 70 62
0.246340 -0.028874 0.672717 68 68 60
0.248828 -0.030549 0.674577 67 68 61
0.251251 -0.032236 0.676723 67 68 61
0.253675 -0.033928 0.678895 68 68 60
0.256137 -0.035617 0.680932 67 65 57
0.258617 -0.037308 0.682910 64 64 56
0.261147 -0.038991 0.684679 63 63 55
0.263874 -0.040632 0.685551 62 62 54
0.266525 -0.042288 0.686759 55 55 50
0.268817 -0.044034 0.689696 53 50 48
0.271179 -0.045773 0.692352 65 55 50
0.272959 -0.047691 0.698000 98 86 76
0.274124 -0.049834 0.707019 122 101 95
0.085230 0.062362 0.682358 133 94 80
0.091408 0.059766 0.677335 133 89 77
0.097255 0.057266 0.672841 132 87 76
0.102750 0.054865 0.668944 130 85 73
0.107972 0.052541 0.665494 129 84 72
0.113087 0.050259 0.662154 128 84 69
0.118170 0.048003 0.658764 123 83 70
0.123172 0.045782 0.655430 122 83 70
0.127879 0.043637 0.652635 120 81 72
0.132185 0.041584 0.650640 119 80 72
0.136215 0.039595 0.649192 115 82 69
0.140366 0.037597 0.647383 113 80 67
0.145888 0.035378 0.642264 118 80 67
0.152298 0.033039 0.634852 117 81 67
0.156635 0.031072 0.632218 119 81 68
0.160148 0.029251 0.631497 117 79 66
0.163491 0.027465 0.631138 107 78 63
0.166667 0.025711 0.631153 113 87 72
0.169754 0.023976 0.631355 139 115 102
0.172761 0.022257 0.631728 117 98 87
0.175631 0.020561 0.632433 86 76 67
0.178427 0.018877 0.633313 75 67 61
0.181026 0.017218 0.634708 73 69 62
0.183577 0.015565 0.636233 74 74 66
0.186099 0.013915 0.637842 74 79 69
0.188683 0.012258 0.639281 74 80 70
0.191227 0.010604 0.640833 77 80 71
0.193766 0.008950 0.642404 78 80 71
0.196344 0.007293 0.643864 80 82 73
0.198914 0.005636 0.645351 80 81 73
0.201507 0.003977 0.646767 80 80 72
0.204151 0.002315 0.648030 80 79 70
0.206795 0.000655 0.649285 80 79 70
0.209382 -0.001003 0.650714 80 80 71
0.212024 -0.002662 0.651966 78 78 69
0.214818 -0.004324 0.652716 78 80 71
0.217462 -0.005980 0.653941 77 79 72
0.220081 -0.007635 0.655245 77 79 70
0.222710 -0.009289 0.656514 77 79 69
0.225321 -0.010943 0.657835 77 76 68
0.227822 -0.012598 0.659544 75 75 67
0.230337 -0.014254 0.661211 74 74 66
0.232874 -0.015911 0.662810 71 71 63
0.235360 -0.017571 0.664601 73 72 64
0.237847 -0.019233 0.666403 74 74 66
0.240325 -0.020898 0.668249 71 70 62
0.242811 -0.022565 0.670085 70 69 61
0.245355 -0.024228 0.671700 67 68 59
0.247883 -0.025895 0.673385 62 66 57
0.250402 -0.027564 0.675119 62 64 57
0.252823 -0.029248 0.677280 65 63 58
0.255297 -0.030929 0.679240 67 64 57
0.257846 -0.032601 0.680894 64 62 55
0.260467 -0.034262 0.682226 60 57 50
0.263148 -0.035910 0.683281 60 57 50
0.265825 -0.037557 0.684339 61 54 52
0.268069 -0.039298 0.687457 73 61 65
0.270275 -0.041059 0.690834 115 95 92
0.272046 -0.042946 0.696471 126 104 96
0.271809 -0.045414 0.712582 124 97 91
0.085549 0.066086 0.686047 132 93 79
0.091626 0.063469 0.681223 132 89 77
0.097400 0.060944 0.676878 131 86 75
0.102792 0.058528 0.673203 129 85 73
0.107946 0.056183 0.669906 130 85 73
0.113046 0.053870 0.666610 128 84 70
0.118167 0.051570 0.663148 123 84 69
0.123398 0.049267 0.659313 123 83 69
0.128015 0.047110 0.656731 119 81 71
0.132185 0.045057 0.655064 116 85 77
0.136212 0.043045 0.653649 112 83 73
0.140014 0.041087 0.652684 107 78 66
0.144091 0.039088 0.651002 115 79 68
0.148296 0.037080 0.648931 117 79 68
0.153299 0.034947 0.644822 118 80 67
0.157813 0.032919 0.641769 118 80 67
0.162777 0.030836 0.637473 115 81 66
0.166811 0.028926 0.635379 114 81 66
0.170411 0.027098 0.634301 113 79 66
0.173696 0.025327 0.633976 110 78 65
0.176808 0.023589 0.634057 119 90 79
0.179913 0.021858 0.634118 136 104 96
0.182838 0.020156 0.634632 123 99 93
0.185615 0.018476 0.635525 97 80 74
0.188343 0.016805 0.636539 75 69 62
0.190968 0.015148 0.637835 67 67 58
0.193378 0.013514 0.639744 68 69 61
0.195737 0.011883 0.641813 74 73 65
0.198302 0.010230 0.643294 75 77 68
0.200861 0.008577 0.644795 77 78 69
0.203410 0.006924 0.646329 78 79 70
0.206046 0.005265 0.647594 78 78 69
0.208695 0.003606 0.648815 78 78 69
0.211241 0.001953 0.650357 77 76 68
0.213797 0.000300 0.651871 77 77 68
0.216514 -0.001360 0.652857 77 78 69
0.219079 -0.003014 0.654339 77 78 71
0.221647 -0.004667 0.655812 73 74 67
0.224230 -0.006321 0.657232 74 75 66
0.226837 -0.007975 0.658570 73 74 65
0.229363 -0.009629 0.660194 74 73 65
0.231890 -0.011284 0.661821 73 72 65
0.234442 -0.012940 0.663361 71 70 62
0.236933 -0.014598 0.665135 71 70 62
0.239431 -0.016257 0.666895 73 72 64
0.241949 -0.017918 0.668593 70 68 61
0.244457 -0.019580 0.670336 68 67 59
0.247032 -0.021240 0.671818 67 66 58
0.249617 -0.022898 0.673264 62 66 57
0.252252 -0.024552 0.674498 60 62 55
0.254660 -0.026230 0.676699 60 59 53
0.257182 -0.027899 0.678428 60 55 51
0.259723 -0.029567 0.680089 65 50 44
0.262319 -0.031227 0.681507 80 66 54
0.264802 -0.032907 0.683449 112 89 76
0.267033 -0.034637 0.686611 135 106 87
0.268837 -0.036465 0.691921 114 95 84
0.268916 -0.038698 0.705955 111 94 83
0.079721 0.072546 0.694600 131 93 79
0.085958 0.069822 0.689590 132 92 77
0.091932 0.067187 0.684970 128 88 71
0.097653 0.064635 0.680734 129 88 73
0.102981 0.062197 0.677196 129 88 73
0.108091 0.059829 0.674000 126 86 71
0.113123 0.057496 0.670860 125 85 69
0.118323 0.055144 0.667232 124 83 71
0.123781 0.052754 0.662891 123 82 70
0.128407 0.050566 0.660295 126 88 82
0.132527 0.048500 0.658757 25 10 19
0.136544 0.046468 0.657381 43 29 28
0.140459 0.044467 0.656171 78 59 56
0.144315 0.042489 0.655030 98 72 66
0.148250 0.040506 0.653629 107 75 65
0.152188 0.038534 0.652144 114 80 60
0.155802 0.036634 0.651384 113 81 61
0.159389 0.034747 0.650632 115 78 65
0.163110 0.032846 0.649478 116 78 64
0.168053 0.030751 0.645087 114 79 62
0.173087 0.028666 0.640297 114 79 64
0.177095 0.026767 0.638062 115 78 65
0.180616 0.024959 0.637040 115 76 63
0.183761 0.023215 0.636973 112 76 66
0.186731 0.021502 0.637353 115 78 72
0.189603 0.019807 0.637974 123 91 83
0.192449 0.018119 0.638650 126 102 95
0.195178 0.016449 0.639639 109 94 86
0.197774 0.014795 0.641008 89 83 73
0.200345 0.013145 0.642449 78 73 65
0.202884 0.011498 0.643989 75 70 63
0.205419 0.009851 0.645542 71 64 56
0.208048 0.008194 0.646806 68 64 56
0.210670 0.006540 0.648089 73 68 60
0.213181 0.004894 0.649724 71 67 59
0.215738 0.003244 0.651215 73 69 61
0.218351 0.001590 0.652521 70 74 65
0.220810 -0.000055 0.654346 70 74 66
0.223314 -0.001704 0.656026 74 73 66
0.225875 -0.003357 0.657517 71 72 63
0.228487 -0.005010 0.658829 74 71 64
0.231030 -0.006663 0.660387 71 71 65
0.233596 -0.008315 0.661864 71 71 63
0.236190 -0.009969 0.663241 71 70 63
0.238644 -0.011624 0.665146 68 68 60
0.241162 -0.013279 0.666818 71 66 59
0.243781 -0.014933 0.668103 70 63 57
0.246360 -0.016587 0.669545 67 60 53
0.248891 -0.018245 0.671181 60 53 47
0.251567 -0.019893 0.672220 70 64 58
0.254150 -0.021547 0.673640 75 64 60
0.256462 -0.023227 0.676238 93 78 72
0.258709 -0.024921 0.679168 114 96 83
0.260941 -0.026626 0.682228 129 99 81
0.262878 -0.028382 0.686719 122 91 77
0.264007 -0.030279 0.695142 121 91 76
0.264022 -0.032407 0.709224 114 91 74
0.264254 -0.034578 0.722787 111 91 82
0.080100 0.076367 0.698253 130 91 78
0.086346 0.073597 0.693214 132 93 76
0.092279 0.070930 0.688673 126 88 70
0.097953 0.068351 0.684532 128 89 72
0.103267 0.065881 0.681024 128 89 72
0.108348 0.063486 0.677899 125 87 70
0.113377 0.061121 0.674771 124 86 69
0.118618 0.058723 0.671052 123 82 70
0.124267 0.056249 0.666278 123 83 72
0.128945 0.054021 0.663566 114 80 74
0.133049 0.051937 0.662075 27 18 22
0.136925 0.049914 0.661044 25 18 22
0.141030 0.047852 0.659400 26 18 22
0.144931 0.045844 0.658164 31 20 22
0.148667 0.043881 0.657257 70 52 51
0.152319 0.041945 0.656495 95 72 56
0.155920 0.040028 0.655801 101 72 48
0.159359 0.038150 0.655456 105 71 55
0.162900 0.036260 0.654801 109 75 58
0.166414 0.034384 0.654158 113 78 61
0.169837 0.032532 0.653695 114 77 61
0.173379 0.030668 0.652858 115 77 64
0.177108 0.028783 0.651448 115 77 64
0.181509 0.026801 0.648101 114 77 64
0.185479 0.024907 0.645824 114 78 65
0.189067 0.023084 0.644520 112 78 65
0.192546 0.021290 0.643453 111 78 64
0.195890 0.019524 0.642702 112 80 67
0.198807 0.017823 0.643153 111 81 69
0.201549 0.016149 0.644104 115 86 76
0.204245 0.014481 0.645178 119 94 84
0.206950 0.012815 0.646214 125 103 90
0.209601 0.011156 0.647409 122 103 90
0.212322 0.009491 0.648371 111 94 82
0.214849 0.007845 0.649951 108 90 80
0.217546 0.006185 0.650974 104 87 76
0.220159 0.004533 0.652264 91 82 71
0.222541 0.002897 0.654339 91 83 71
0.225024 0.001252 0.656087 88 80 69
0.227543 -0.000397 0.657715 94 82 75
0.230005 -0.002044 0.659556 90 82 73
0.232495 -0.003694 0.661311 86 79 70
0.235132 -0.005349 0.662528 87 81 72
0.237743 -0.007003 0.663838 89 81 71
0.240144 -0.008655 0.665953 108 83 74
0.242634 -0.010310 0.667742 107 80 71
0.245205 -0.011966 0.669220 116 90 78
0.247734 -0.013623 0.670873 124 98 84
0.250210 -0.015284 0.672753 129 100 88
0.252651 -0.016949 0.674800 129 98 87
0.254929 -0.018628 0.677569 121 91 78
0.256857 -0.020342 0.681933 120 83 74
0.257828 -0.022159 0.690705 122 85 76
0.259012 -0.023997 0.698801 121 86 79
0.259869 -0.025914 0.708704 121 88 79
0.260729 -0.027883 0.718948 120 90 74
0.261535 -0.029914 0.729834 106 97 86
0.262161 -0.032035 0.742030 61 80 85
0.263090 -0.034170 0.753162 56 85 92
0.080585 0.080193 0.701728 133 93 79
0.086790 0.077390 0.696761 132 93 76
0.092681 0.074693 0.692299 128 89 71
0.098291 0.072092 0.688291 129 90 73
0.103596 0.069589 0.684802 130 91 74
0.108671 0.067164 0.681695 126 88 71
0.113704 0.064765 0.678563 124 85 69
0.119019 0.062312 0.674679 124 85 68
0.124802 0.059764 0.669592 121 82 69
0.129486 0.057505 0.666867 97 66 60
0.133507 0.055418 0.665582 37 28 32
0.137366 0.053380 0.664605 28 21 23
0.141414 0.051307 0.663112 20 15 19
0.145480 0.049242 0.661495 23 18 25
0.149214 0.047261 0.660612 21 16 22
0.152837 0.045313 0.659938 21 13 17
0.156392 0.043388 0.659380 50 38 38
0.159864 0.041488 0.658977 74 59 48
0.163264 0.039609 0.658708 90 69 52
0.166658 0.037739 0.658407 99 73 54
0.169926 0.035899 0.658393 102 71 53
0.173084 0.034086 0.658631 108 74 58
0.176425 0.032245 0.658334 107 72 58
0.179757 0.030413 0.658009 107 75 64
0.183063 0.028592 0.657706 109 75 64
0.186971 0.026680 0.655629 112 77 65
0.190435 0.024853 0.654735 112 77 65
0.194015 0.023017 0.653430 114 78 66
0.197566 0.021198 0.652129 116 78 65
0.200819 0.019432 0.651647 114 80 66
0.203897 0.017697 0.651647 111 81 65
0.206928 0.015975 0.651751 111 80 65
0.209834 0.014274 0.652208 111 81 65
0.212682 0.012583 0.652821 110 80 65
0.215551 0.010894 0.653342 111 81 68
0.218341 0.009216 0.654094 112 83 69
0.221113 0.007544 0.654886 115 86 70
0.223567 0.005900 0.656750 118 87 72
0.226032 0.004254 0.658593 121 86 72
0.228488 0.002606 0.660479 122 84 72
0.230852 0.000962 0.662717 121 84 72
0.233216 -0.000687 0.664981 121 85 73
0.235700 -0.002344 0.666826 120 83 70
0.238238 -0.004005 0.668478 122 85 73
0.240663 -0.005665 0.670579 121 86 70
0.243046 -0.007328 0.672868 121 87 71
0.245449 -0.008995 0.675111 121 86 70
0.247396 -0.010672 0.679256 121 86 71
0.249269 -0.012364 0.683817 121 86 72
0.250938 -0.014081 0.689375 122 84 71
0.252441 -0.015827 0.695812 123 86 73
0.253426 -0.017631 0.704753 122 86 76
0.255501 -0.019401 0.709058 121 87 78
0.256892 -0.021245 0.716642 114 90 78
0.258059 -0.023146 0.725543 116 87 80
0.259429 -0.025068 0.733784 94 78 73
0.260597 -0.027057 0.743309 64 73 83
0.261483 -0.029135 0.754616 60 81 78
0.262524 -0.031251 0.765560 83 99 83
0.080902 0.084100 0.705587 134 93 80
0.087178 0.081232 0.700462 133 93 77
0.092976 0.078521 0.696192 129 90 73
0.098564 0.075887 0.692230 129 90 73
0.103887 0.073344 0.688708 132 93 76
0.109022 0.070869 0.685472 125 87 70
0.114134 0.068417 0.682169 125 86 69
0.119515 0.065910 0.678130 122 84 67
0.125312 0.063315 0.672998 121 82 69
0.129897 0.061052 0.670508 73 46 44
0.133988 0.058926 0.669075 39 29 33
0.137843 0.056870 0.668125 33 23 26
0.141907 0.054771 0.666606 24 17 20
0.146006 0.052675 0.664922 18 15 20
0.149828 0.050655 0.663840 13 10 16
0.153515 0.048676 0.663023 20 15 23
0.157025 0.046745 0.662596 19 14 22
0.160445 0.044841 0.662345 9 13 13
0.163804 0.042956 0.662207 13 15 13
0.167168 0.041077 0.662009 43 39 34
0.170447 0.039221 0.661995 68 57 47
0.173668 0.037383 0.662091 84 68 55
0.176826 0.035563 0.662326 96 75 57
0.180043 0.033736 0.662356 95 68 57
0.183278 0.031912 0.662294 96 69 57
0.186517 0.030093 0.662174 102 71 60
0.189706 0.028289 0.662152 103 72 61
0.192916 0.026488 0.662026 106 73 60
0.196186 0.024683 0.661668 111 76 62
0.199336 0.022905 0.661621 113 80 65
0.202408 0.021144 0.661770 110 81 65
0.205383 0.019403 0.662184 111 81 65
0.208171 0.017692 0.663166 112 81 66
0.211147 0.015958 0.663519 112 81 66
0.214007 0.014244 0.664223 112 83 67
0.216908 0.012528 0.664761 112 83 67
0.219775 0.010820 0.665387 116 83 67
0.222336 0.009146 0.667049 116 83 67
0.224797 0.007480 0.669071 121 82 68
0.227292 0.005808 0.670993 122 83 69
0.229810 0.004133 0.672846 122 83 69
0.232270 0.002460 0.674929 124 85 71
0.234734 0.000784 0.677016 124 84 68
0.237158 -0.000894 0.679285 126 85 72
0.239376 -0.002568 0.682391 122 87 72
0.241488 -0.004246 0.685983 122 86 71
0.243555 -0.005935 0.689837 120 85 70
0.245529 -0.007635 0.694171 120 85 70
0.247463 -0.009350 0.698783 121 85 71
0.249377 -0.011082 0.703605 122 84 71
0.251179 -0.012834 0.709057 122 86 72
0.252876 -0.014612 0.715141 116 89 75
0.254621 -0.016413 0.721192 107 89 83
0.256268 -0.018246 0.727889 89 76 71
0.257754 -0.020120 0.735584 71 50 49
0.259469 -0.022010 0.742418 74 57 59
0.260883 -0.023962 0.750996 78 74 74
0.261812 -0.026014 0.762363 86 102 91
0.262517 -0.028157 0.775353 94 98 79
0.024460 0.112022 0.774308 133 112 110
0.081237 0.088039 0.709450 133 93 79
0.087377 0.085166 0.704605 131 93 76
0.093187 0.082410 0.700309 128 89 72
0.098742 0.079747 0.696421 128 90 72
0.104120 0.077153 0.692782 126 90 72
0.109325 0.074624 0.689400 128 89 72
0.114546 0.072107 0.685856 123 85 68
0.119921 0.069564 0.681828 121 83 66
0.125595 0.066959 0.676970 119 81 67
0.130210 0.064659 0.674421 57 32 34
0.134299 0.062511 0.673012 46 31 35
0.138271 0.060405 0.671806 39 26 31
0.142404 0.058266 0.670136 27 21 23
0.146544 0.056136 0.668363 20 18 22
0.150428 0.054081 0.667139 13 13 16
0.154160 0.052073 0.666228 6 4 10
0.157717 0.050116 0.665698 12 7 11
0.161127 0.048200 0.665495 19 17 19
0.164484 0.046302 0.665382 16 14 17
0.167833 0.044412 0.665246 11 16 17
0.171096 0.042547 0.665295 10 12 13
0.174290 0.040703 0.665493 17 15 16
0.177428 0.038875 0.665813 33 26 25
0.180586 0.037047 0.666037 54 42 39
0.183669 0.035239 0.666442 71 53 45
0.186766 0.033432 0.666772 91 68 59
0.189906 0.031622 0.666942 95 70 60
0.193016 0.029822 0.667161 96 69 56
0.196114 0.028030 0.667378 99 70 55
0.199127 0.026257 0.667822 102 72 57
0.202152 0.024487 0.668193 105 75 60
0.205106 0.022732 0.668754 108 77 62
0.207982 0.020992 0.669539 110 79 64
0.210838 0.019259 0.670371 111 80 65
0.213620 0.017538 0.671425 111 82 65
0.216405 0.015819 0.672457 112 82 66
0.219191 0.014102 0.673473 118 84 68
0.221860 0.012400 0.674884 119 82 67
0.224541 0.010697 0.676248 122 83 69
0.227141 0.009003 0.677904 123 84 70
0.229639 0.007318 0.679944 124 85 71
0.231995 0.005642 0.682538 124 85 71
0.234363 0.003959 0.685125 125 85 70
0.236735 0.002272 0.687739 124 84 70
0.238880 0.000592 0.691296 124 87 73
0.240990 -0.001096 0.695074 123 87 71
0.243113 -0.002796 0.698883 121 85 68
0.245183 -0.004506 0.703007 122 85 70
0.247239 -0.006229 0.707292 121 84 69
0.249289 -0.007967 0.711715 121 84 74
0.251209 -0.009720 0.716833 104 83 77
0.252982 -0.011494 0.722768 75 75 70
0.254829 -0.013290 0.728548 52 64 63
0.256700 -0.015108 0.734389 74 66 67
0.258454 -0.016957 0.740984 74 57 54
0.260048 -0.018844 0.748590 91 68 66
0.261195 -0.020804 0.758732 95 84 80
0.261996 -0.022847 0.771052 100 97 85
0.024779 0.116492 0.778522 133 113 113
0.081519 0.092032 0.713466 133 94 77
0.087681 0.089108 0.708571 131 91 73
0.093501 0.086308 0.704249 132 93 74
0.099013 0.083621 0.700455 129 92 74
0.104412 0.080983 0.696775 123 88 68
0.109634 0.078415 0.693359 123 88 69
0.114855 0.075863 0.689817 124 86 69
0.120212 0.073287 0.685833 120 81 66
0.125848 0.070649 0.681056 122 84 71
0.130484 0.068314 0.678472 51 25 28
0.134647 0.066124 0.676907 50 32 36
0.138744 0.063961 0.675421 43 31 34
0.142933 0.061784 0.673626 35 28 31
0.147149 0.059611 0.671677 32 25 28
0.151180 0.057497 0.670099 21 17 20
0.155049 0.055436 0.668850 14 13 16
0.158663 0.053449 0.668181 8 10 10
0.162050 0.051526 0.668049 5 6 6
0.165341 0.049633 0.668125 8 8 7
0.168592 0.047754 0.668269 19 20 22
0.171779 0.045894 0.668548 15 18 19
0.174918 0.044051 0.668924 16 15 16
0.178016 0.042220 0.669383 17 17 19
0.181131 0.040390 0.669763 16 14 16
0.184160 0.038582 0.670360 12 10 13
0.187197 0.036776 0.670904 14 10 11
0.190265 0.034967 0.671328 27 20 22
0.193299 0.033169 0.671824 45 36 35
0.196336 0.031374 0.672276 60 46 43
0.199301 0.029596 0.672923 77 59 53
0.202287 0.027818 0.673479 89 68 60
0.205234 0.026051 0.674127 99 76 65
0.208106 0.024299 0.674995 104 79 67
0.211007 0.022546 0.675746 109 82 70
0.213828 0.020807 0.676745 110 83 71
0.216626 0.019075 0.677804 111 84 69
0.219398 0.017347 0.678941 115 84 69
0.222107 0.015630 0.680291 118 82 68
0.224783 0.013917 0.681753 123 84 70
0.227323 0.012221 0.683715 122 83 69
0.229806 0.010529 0.685909 123 84 70
0.232179 0.008845 0.688542 125 86 72
0.234398 0.007170 0.691816 125 86 72
0.236683 0.005482 0.694897 123 84 70
0.238814 0.003798 0.698651 124 88 73
0.240953 0.002104 0.702462 121 97 79
0.243156 0.000394 0.706092 114 93 75
0.245287 -0.001322 0.710114 110 93 79
0.247392 -0.003049 0.714345 99 80 72
0.249469 -0.004789 0.718811 81 68 64
0.251456 -0.006542 0.723798 74 71 71
0.253343 -0.008313 0.729392 49 60 61
0.255382 -0.010104 0.734441 47 57 59
0.257315 -0.011915 0.740153 78 67 68
0.259022 -0.013755 0.747150 94 77 72
0.260482 -0.015637 0.755628 102 78 73
0.261368 -0.017592 0.767359 120 96 88
0.261809 -0.019638 0.781892 123 95 86
0.025064 0.121016 0.782846 132 113 113
0.081769 0.096074 0.717596 135 96 78
0.088012 0.093080 0.712522 130 91 72
0.093807 0.090247 0.708253 125 87 68
0.099362 0.087509 0.704364 129 90 72
0.104749 0.084839 0.700713 128 90 71
0.109968 0.082237 0.697308 122 86 67
0.115159 0.079658 0.693837 123 85 68
0.120581 0.077025 0.689704 121 83 66
0.126119 0.074374 0.685150 118 81 70
0.130673 0.072033 0.682774 51 28 29
0.134920 0.069795 0.681031 50 35 38
0.139121 0.067579 0.679312 44 32 36
0.143357 0.065364 0.677419 40 29 33
0.147680 0.063136 0.675216 31 25 28
0.152017 0.060915 0.672876 26 21 23
0.156370 0.058703 0.670389 25 23 25
0.160047 0.056686 0.669554 27 25 25
0.163405 0.054760 0.669494 23 22 22
0.166606 0.052880 0.669809 17 17 19
0.169719 0.051027 0.670330 19 18 19
0.172784 0.049189 0.670955 14 15 16
0.175818 0.047362 0.671640 15 14 16
0.178832 0.045543 0.672357 18 18 19
0.181866 0.043721 0.672993 19 18 22
0.184840 0.041917 0.673779 15 15 17
0.187856 0.040105 0.674421 12 10 14
0.190904 0.038290 0.674937 15 13 16
0.193895 0.036490 0.675598 13 13 14
0.196877 0.034696 0.676262 13 13 16
0.199800 0.032916 0.677085 15 13 16
0.202716 0.031141 0.677908 16 13 16
0.205572 0.029379 0.678906 16 12 14
0.208354 0.027634 0.680132 19 14 16
0.211254 0.025868 0.680950 25 18 20
0.214110 0.024112 0.681898 33 26 25
0.216932 0.022364 0.682946 40 31 29
0.219741 0.020620 0.684026 55 42 39
0.222460 0.018892 0.685411 117 88 77
0.225083 0.017178 0.687147 120 81 66
0.227572 0.015481 0.689383 122 83 69
0.230013 0.013787 0.691829 123 84 70
0.232337 0.012104 0.694760 123 84 70
0.234517 0.010431 0.698309 122 83 69
0.236732 0.008745 0.701789 148 107 99
0.238899 0.007056 0.705541 104 88 85
0.241083 0.005354 0.709308 86 81 76
0.243264 0.003643 0.713177 84 79 74
0.245370 0.001926 0.717455 83 77 72
0.247437 0.000198 0.722018 81 76 70
0.249604 -0.001549 0.726256 71 66 63
0.251697 -0.003306 0.730940 60 60 59
0.253781 -0.005079 0.735801 60 64 70
0.255897 -0.006868 0.740648 51 56 62
0.257896 -0.008675 0.746206 92 83 92
0.259630 -0.010504 0.753257 81 65 74
0.260795 -0.012376 0.763446 118 91 84
0.261384 -0.014316 0.777019 125 89 74
0.035982 0.120844 0.774658 131 110 107
0.081964 0.100176 0.721890 135 92 75
0.088260 0.097118 0.716696 133 94 75
0.094085 0.094235 0.712362 129 90 71
0.099675 0.091446 0.708398 129 90 71
0.105091 0.088731 0.704686 129 90 71
0.110358 0.086078 0.701176 128 89 71
0.115621 0.083441 0.697542 122 85 67
0.121011 0.080780 0.693478 121 83 66
0.126462 0.078116 0.689124 110 78 65
0.130985 0.075757 0.686833 51 33 32
0.135292 0.073475 0.684964 40 26 28
0.139566 0.071214 0.683083 41 29 34
0.143832 0.068965 0.681131 39 28 33
0.148164 0.066708 0.678916 30 23 26
0.152940 0.064333 0.675467 26 21 23
0.158201 0.061833 0.670624 27 23 25
0.162341 0.059672 0.668548 24 21 22
0.165381 0.057829 0.669299 71 71 67
0.168459 0.055977 0.669923 40 40 38
0.171302 0.054192 0.671167 32 31 32
0.174243 0.052382 0.672129 20 18 20
0.177178 0.050576 0.673094 22 20 22
0.180076 0.048780 0.674146 19 17 19
0.182986 0.046984 0.675152 21 18 23
0.185966 0.045171 0.675936 14 14 17
0.188995 0.043350 0.676552 13 12 16
0.191986 0.041540 0.677256 10 8 13
0.194923 0.039745 0.678100 11 9 13
0.197800 0.037967 0.679111 13 12 14
0.200661 0.036194 0.680161 14 12 16
0.203468 0.034434 0.681367 14 14 16
0.206170 0.032697 0.682907 13 12 14
0.208835 0.030968 0.684572 14 13 16
0.211634 0.029211 0.685792 14 13 16
0.214501 0.027443 0.686766 16 15 19
0.217352 0.025680 0.687779 21 18 22
0.220220 0.023915 0.688711 24 18 23
0.222955 0.022175 0.690108 97 72 65
0.225513 0.020465 0.692155 118 79 65
0.227944 0.018773 0.694695 122 83 69
0.230343 0.017081 0.697394 123 84 70
0.232617 0.015402 0.700622 123 84 70
0.234754 0.013735 0.704456 121 82 68
0.236955 0.012049 0.708119 138 98 97
0.239115 0.010359 0.712028 77 72 72
0.241310 0.008655 0.715888 80 77 75
0.243481 0.006944 0.719937 84 77 74
0.245626 0.005223 0.724199 83 74 71
0.247862 0.003483 0.728167 75 70 65
0.250109 0.001730 0.732186 71 66 65
0.252297 -0.000030 0.736580 83 81 81
0.254426 -0.001801 0.741373 58 61 65
0.256542 -0.003587 0.746363 71 72 79
0.258451 -0.005384 0.752527 77 66 78
0.260003 -0.007201 0.760688 116 85 86
0.260848 -0.009051 0.772789 122 87 80
0.261049 -0.010964 0.788761 128 88 73
0.035852 0.125512 0.779861 137 109 107
0.082066 0.104353 0.726433 138 94 78
0.088449 0.101217 0.721045 132 90 74
0.094342 0.098270 0.716565 132 92 75
0.099866 0.095465 0.712751 130 91 72
0.105364 0.092685 0.708860 123 85 66
0.110666 0.089984 0.705273 124 86 67
0.115776 0.087363 0.702000 124 86 68
0.121375 0.084594 0.697453 122 84 67
0.126693 0.081933 0.693412 102 72 59
0.131221 0.079544 0.691126 44 28 25
0.135685 0.077187 0.688894 41 29 29
0.140021 0.074881 0.686877 41 29 33
0.144357 0.072585 0.684763 37 26 31
0.148675 0.070306 0.682595 27 20 22
0.153824 0.067784 0.678188 28 22 25
0.159494 0.065121 0.672257 27 20 23
0.163716 0.062913 0.669947 78 77 78
0.167172 0.060941 0.669585 71 71 67
0.170340 0.059059 0.669951 75 75 70
0.173347 0.057227 0.670730 27 21 26
0.176135 0.055459 0.672099 56 57 62
0.179045 0.053657 0.673120 40 44 47
0.181967 0.051854 0.674090 27 25 29
0.184900 0.050049 0.675012 22 22 23
0.187798 0.048256 0.676021 15 16 17
0.190727 0.046456 0.676922 14 15 17
0.193682 0.044651 0.677724 15 16 17
0.196583 0.042863 0.678672 12 10 14
0.199286 0.041124 0.680226 9 9 11
0.201846 0.039420 0.682238 8 6 10
0.204364 0.037723 0.684407 8 7 10
0.206785 0.036047 0.686915 12 10 16
0.209347 0.034335 0.688984 13 10 17
0.212100 0.032580 0.690416 17 15 22
0.214889 0.030819 0.691722 22 18 25
0.217767 0.029039 0.692706 25 22 26
0.220696 0.027252 0.693488 30 25 28
0.223419 0.025507 0.695000 115 88 76
0.225904 0.023805 0.697397 120 81 67
0.228316 0.022112 0.700099 121 83 69
0.230672 0.020425 0.703061 122 83 69
0.232912 0.018751 0.706533 123 84 70
0.235038 0.017086 0.710533 139 98 86
0.237217 0.015404 0.714408 91 67 68
0.239443 0.013705 0.718181 81 73 69
0.241753 0.011987 0.721681 95 88 84
0.244011 0.010266 0.725487 88 84 79
0.246207 0.008543 0.729652 80 75 69
0.248436 0.006805 0.733776 96 88 82
0.250688 0.005053 0.737905 102 91 88
0.252931 0.003291 0.742177 86 76 80
0.255087 0.001523 0.746986 80 68 71
0.257150 -0.000255 0.752388 92 75 81
0.258909 -0.002037 0.759474 113 88 92
0.260243 -0.003830 0.768974 129 86 77
0.260578 -0.005639 0.784046 126 87 78
0.035708 0.130239 0.785151 149 107 102
0.082192 0.108568 0.730974 139 94 79
0.088657 0.105355 0.725405 134 92 77
0.094594 0.102349 0.720826 130 90 74
0.100155 0.099493 0.716935 130 91 74
0.105662 0.096671 0.713024 128 89 70
0.110934 0.093945 0.709514 123 85 66
0.116282 0.091207 0.705693 122 84 65
0.121776 0.088433 0.701387 126 87 70
0.126848 0.085818 0.697936 92 63 50
0.131491 0.083362 0.695391 47 33 29
0.136082 0.080935 0.692864 41 29 28
0.140487 0.078581 0.690692 41 29 32
0.144854 0.076249 0.688512 38 28 31
0.149088 0.073971 0.686572 30 23 25
0.154262 0.071401 0.682097 31 25 28
0.160223 0.068598 0.675383 29 25 28
0.164438 0.066366 0.673097 33 34 35
0.168039 0.064336 0.672361 64 60 63
0.171311 0.062412 0.672464 75 70 72
0.174491 0.060521 0.672782 78 77 81
0.177616 0.058650 0.673219 68 75 74
0.180651 0.056808 0.673885 74 68 75
0.183646 0.054980 0.674639 67 69 75
0.186591 0.053169 0.675519 61 71 67
0.189495 0.051371 0.676502 52 62 59
0.192422 0.049569 0.677399 36 42 40
0.195331 0.047773 0.678331 28 26 28
0.198173 0.045997 0.679458 25 22 25
0.200852 0.044265 0.681092 23 23 26
0.203283 0.042596 0.683530 13 13 14
0.205415 0.040999 0.686980 12 12 13
0.207456 0.039418 0.690797 15 15 19
0.209908 0.037731 0.693295 19 16 23
0.212542 0.035997 0.695199 20 17 25
0.215291 0.034237 0.696713 22 18 26
0.218185 0.032443 0.697708 27 22 28
0.221146 0.030638 0.698442 39 26 28
0.223819 0.028895 0.700211 117 82 71
0.226286 0.027194 0.702764 120 82 69
0.228651 0.025508 0.705742 120 82 69
0.230964 0.023827 0.708981 121 82 68
0.233213 0.022151 0.712531 122 83 69
0.235414 0.020476 0.716355 149 105 94
0.237694 0.018779 0.719939 83 83 80
0.240055 0.017061 0.723259 83 91 79
0.242413 0.015337 0.726664 73 74 66
0.244703 0.013614 0.730438 91 86 82
0.246955 0.011888 0.734475 96 84 81
0.249243 0.010147 0.738445 77 52 53
0.251577 0.008390 0.742306 80 53 55
0.253822 0.006633 0.746681 119 97 99
0.255859 0.004882 0.752188 115 86 81
0.257680 0.003133 0.758929 123 89 76
0.259239 0.001378 0.767228 125 84 72
0.260028 -0.000361 0.779804 126 84 72
0.036050 0.134832 0.789502 156 108 102
0.046780 0.129801 0.776247 150 102 97
0.082320 0.112829 0.735564 137 92 78
0.088843 0.109544 0.729862 137 92 79
0.094850 0.106469 0.725127 132 91 74
0.100447 0.103562 0.721159 126 88 71
0.105941 0.100706 0.717282 128 89 70
0.111295 0.097915 0.713588 129 90 71
0.116800 0.095082 0.709401 122 84 66
0.122207 0.092300 0.705295 120 82 66
0.127118 0.089708 0.702237 80 54 41
0.131746 0.087228 0.699746 54 42 39
0.136323 0.084776 0.697270 47 35 33
0.140859 0.082350 0.694788 43 32 33
0.145250 0.079983 0.692563 39 29 31
0.149468 0.077685 0.690681 32 25 25
0.154448 0.075140 0.686712 30 23 25
0.160046 0.072405 0.680950 28 23 28
0.164787 0.069971 0.677288 25 20 22
0.168659 0.067835 0.675846 26 20 22
0.172086 0.065849 0.675548 23 17 19
0.175420 0.063899 0.675458 20 20 25
0.178552 0.062016 0.675894 40 41 48
0.181634 0.060152 0.676445 78 82 91
0.184646 0.058312 0.677173 77 77 83
0.187594 0.056494 0.678065 87 91 89
0.190501 0.054690 0.679062 74 77 75
0.193467 0.052870 0.679865 60 63 61
0.196362 0.051072 0.680863 71 73 72
0.199220 0.049287 0.681964 74 74 76
0.201897 0.047553 0.683634 23 25 28
0.204267 0.045903 0.686310 19 20 22
0.206043 0.044410 0.690993 18 18 22
0.207891 0.042887 0.695535 21 21 25
0.210318 0.041205 0.698197 22 21 28
0.212941 0.039469 0.700212 21 18 26
0.215731 0.037691 0.701651 24 21 28
0.218681 0.035875 0.702513 27 22 26
0.221587 0.034071 0.703511 70 51 50
0.224223 0.032331 0.705499 117 80 70
0.226629 0.030640 0.708378 119 83 69
0.228948 0.028964 0.711638 119 83 69
0.231253 0.027284 0.715019 122 83 69
0.233595 0.025591 0.718320 121 82 68
0.235937 0.023890 0.721686 138 103 92
0.238335 0.022173 0.724889 46 57 44
0.240780 0.020441 0.727960 45 60 47
0.243186 0.018710 0.731255 75 69 59
0.245613 0.016969 0.734529 116 95 90
0.247900 0.015243 0.738503 98 74 71
0.250175 0.013509 0.742633 107 74 71
0.252357 0.011778 0.747308 118 88 81
0.254446 0.010045 0.752557 114 85 79
0.256258 0.008329 0.759328 121 83 71
0.257739 0.006627 0.767979 120 83 67
0.258885 0.004926 0.778668 123 85 72
0.036021 0.139619 0.794666 164 111 103
0.046820 0.134460 0.781215 153 102 96
0.082490 0.117120 0.740114 137 91 77
0.089019 0.113782 0.734394 136 90 76
0.094998 0.110674 0.729723 134 90 73
0.100622 0.107717 0.725701 129 88 69
0.106172 0.104802 0.721702 125 86 69
0.111618 0.101939 0.717800 122 84 67
0.117228 0.099027 0.713367 124 85 68
0.122602 0.096218 0.709339 120 82 67
0.127429 0.093626 0.706492 55 36 23
0.131987 0.091142 0.704188 52 40 37
0.136512 0.088681 0.701861 49 37 35
0.141106 0.086204 0.699251 42 32 32
0.145661 0.083751 0.696630 40 29 32
0.149979 0.081393 0.694506 33 26 26
0.154410 0.079005 0.691982 28 21 23
0.159288 0.076471 0.688149 27 23 25
0.163649 0.074130 0.685563 23 20 22
0.167751 0.071888 0.683573 24 18 20
0.171794 0.069674 0.681643 24 18 20
0.175481 0.067590 0.680622 22 18 23
0.178872 0.065609 0.680372 22 18 23
0.182155 0.063669 0.680385 11 17 22
0.185284 0.061782 0.680806 12 18 22
0.188328 0.059926 0.681451 21 29 28
0.191281 0.058101 0.682346 45 49 53
0.194239 0.056276 0.683206 60 67 72
0.197129 0.054473 0.684257 81 90 93
0.199970 0.052687 0.685452 71 75 77
0.202574 0.050971 0.687403 23 23 28
0.204644 0.049411 0.691125 22 22 25
0.206124 0.048013 0.696896 21 21 25
0.208105 0.046462 0.701102 21 21 25
0.210637 0.044750 0.703491 24 23 29
0.213316 0.042995 0.705391 22 21 28
0.216161 0.041195 0.706713 27 23 32
0.219129 0.039363 0.707578 25 20 25
0.221990 0.037561 0.708811 108 88 86
0.224487 0.035850 0.711410 116 80 68
0.226869 0.034164 0.714489 115 81 67
0.229224 0.032479 0.717725 116 81 67
0.231597 0.030785 0.720956 121 82 68
0.234055 0.029066 0.723905 121 82 68
0.236541 0.027335 0.726787 134 98 82
0.239014 0.025603 0.729778 107 88 76
0.241518 0.023860 0.732692 112 88 77
0.244038 0.022109 0.735592 122 84 74
0.246449 0.020372 0.739031 118 81 69
0.248703 0.018657 0.743260 117 84 77
0.250800 0.016959 0.748337 114 79 72
0.252833 0.015256 0.753860 116 81 68
0.254483 0.013597 0.761415 118 81 69
0.255852 0.011952 0.770622 122 83 70
0.256917 0.010317 0.781713 123 84 71
0.257413 0.008711 0.796191 124 85 72
0.045903 0.139568 0.788256 159 101 96
0.056629 0.134368 0.774556 150 95 87
0.074776 0.125413 0.753222 140 91 80
0.082581 0.121489 0.744893 139 92 78
0.089141 0.118088 0.739098 136 89 75
0.095195 0.114907 0.734263 132 87 73
0.100825 0.111908 0.730231 132 88 71
0.106389 0.108948 0.726208 129 87 72
0.111905 0.106019 0.722149 124 84 68
0.117635 0.103020 0.717429 123 83 66
0.122929 0.100203 0.713594 122 84 69
0.127689 0.097605 0.710924 51 29 19
0.132191 0.095115 0.708779 52 38 38
0.136696 0.092633 0.706524 47 37 36
0.141335 0.090109 0.703821 41 29 31
0.145983 0.087592 0.700976 38 26 28
0.150462 0.085149 0.698453 34 25 28
0.154719 0.082796 0.696402 29 20 22
0.158965 0.080456 0.694279 27 22 25
0.163032 0.078190 0.692541 26 20 22
0.166295 0.076219 0.692934 24 17 20
0.170066 0.074071 0.691866 24 17 20
0.173775 0.071952 0.690897 24 18 22
0.177418 0.069862 0.690043 25 20 23
0.181205 0.067728 0.688699 20 20 25
0.184997 0.065600 0.687248 20 20 25
0.188258 0.063659 0.687317 14 14 16
0.191403 0.061759 0.687696 12 14 17
0.194520 0.059872 0.688125 17 18 25
0.197564 0.058011 0.688750 20 23 25
0.200377 0.056227 0.690092 23 23 29
0.202749 0.054582 0.692869 21 18 23
0.204404 0.053156 0.698071 19 17 20
0.205782 0.051805 0.704328 19 18 22
0.208281 0.050102 0.706890 23 23 26
0.210950 0.048347 0.708894 23 23 28
0.213672 0.046574 0.710726 25 23 31
0.216559 0.044754 0.711975 24 23 26
0.219509 0.042917 0.712976 25 21 26
0.222246 0.041141 0.714757 111 80 74
0.224698 0.039440 0.717631 116 81 68
0.227088 0.037752 0.720794 113 81 66
0.229495 0.036053 0.723945 114 81 66
0.231918 0.034347 0.727098 118 80 66
0.234409 0.032618 0.730028 118 81 67
0.236961 0.030870 0.732756 117 79 65
0.239556 0.029109 0.735345 116 82 67
0.242034 0.027370 0.738484 117 81 66
0.244438 0.025642 0.742014 120 81 67
0.246696 0.023937 0.746282 118 79 67
0.248763 0.022261 0.751542 118 80 68
0.250651 0.020607 0.757804 120 81 68
0.252426 0.018956 0.764806 120 82 66
0.254030 0.017315 0.772882 120 82 68
0.255325 0.015700 0.782802 120 83 68
0.256326 0.014100 0.794605 122 84 70
0.256666 0.012555 0.810350 123 85 72
0.055773 0.139423 0.781519 155 93 87
0.065744 0.134468 0.769042 145 91 82
0.074440 0.130080 0.759016 141 89 80
0.082404 0.126021 0.750323 140 91 77
0.089189 0.122475 0.744027 137 88 75
0.095353 0.119202 0.738943 132 85 74
0.101024 0.116147 0.734825 130 85 70
0.106592 0.113146 0.730799 131 86 72
0.112172 0.110152 0.726596 131 87 72
0.118023 0.107060 0.721585 125 82 69
0.123358 0.104190 0.717656 128 89 74
0.128027 0.101598 0.715221 51 29 22
0.132402 0.099132 0.713409 51 36 36
0.136838 0.096649 0.711352 41 34 33
0.141508 0.094083 0.708592 40 29 34
0.146249 0.091499 0.705525 37 26 31
0.150874 0.088969 0.702635 34 22 26
0.155095 0.086605 0.700701 32 20 25
0.159034 0.084356 0.699433 32 20 25
0.162875 0.082150 0.698351 32 21 26
0.166004 0.080217 0.699184 28 18 23
0.169632 0.078100 0.698577 27 18 23
0.173189 0.076015 0.698114 28 21 23
0.176631 0.073976 0.697923 28 21 25
0.179980 0.071975 0.697957 24 18 22
0.183371 0.069963 0.697817 24 20 25
0.186661 0.067990 0.697932 19 18 22
0.189909 0.066036 0.698136 20 20 23
0.193178 0.064078 0.698228 22 22 25
0.196525 0.062097 0.698027 23 23 26
0.199542 0.060231 0.698838 22 22 28
0.201827 0.058612 0.702047 22 20 28
0.203569 0.057167 0.707127 23 18 25
0.206017 0.055484 0.709919 17 15 19
0.208634 0.053743 0.712166 25 23 26
0.211327 0.051976 0.714166 22 23 25
0.214061 0.050195 0.716035 22 23 25
0.216931 0.048372 0.717420 26 26 28
0.219890 0.046523 0.718467 56 45 49
0.222539 0.044767 0.720668 116 79 70
0.224941 0.043080 0.723844 116 80 67
0.227349 0.041387 0.727053 114 81 66
0.229791 0.039680 0.730185 116 81 67
0.232233 0.037968 0.733379 118 79 66
0.234680 0.036250 0.736614 118 79 66
0.237149 0.034521 0.739820 115 80 66
0.239624 0.032785 0.743062 115 79 66
0.241948 0.031081 0.747035 114 78 64
0.244240 0.029377 0.751250 115 77 63
0.246437 0.027687 0.756006 119 80 66
0.248445 0.026028 0.761774 118 80 66
0.250353 0.024377 0.768196 118 79 65
0.252156 0.022731 0.775341 120 81 67
0.253743 0.021109 0.783804 121 83 69
0.254966 0.019531 0.794424 119 85 68
0.256145 0.017929 0.805686 117 83 68
0.064808 0.139540 0.776242 146 91 82
0.074272 0.134736 0.764510 143 89 80
0.082220 0.130614 0.755838 140 90 77
0.089144 0.126953 0.749225 138 87 74
0.095375 0.123605 0.743994 135 86 74
0.101149 0.120465 0.739649 131 85 71
0.106709 0.117427 0.735650 128 82 69
0.112120 0.114464 0.731861 128 84 69
0.118203 0.111230 0.726297 124 81 68
0.123636 0.108281 0.722137 130 87 71
0.128341 0.105645 0.719631 84 53 45
0.132599 0.103202 0.718138 46 36 33
0.136901 0.100748 0.716446 33 36 32
0.141484 0.098186 0.713937 33 29 31
0.146302 0.095537 0.710695 30 23 25
0.151041 0.092931 0.707527 36 25 29
0.155271 0.090537 0.705598 33 22 26
0.159101 0.088310 0.704665 32 18 25
0.162745 0.086161 0.704173 30 18 23
0.166267 0.084064 0.703966 29 18 23
0.169675 0.082015 0.704029 30 21 25
0.173024 0.079992 0.704219 23 16 19
0.176419 0.077955 0.704233 27 20 22
0.179790 0.075931 0.704272 23 17 22
0.183072 0.073943 0.704532 23 18 25
0.186297 0.071979 0.704929 20 18 22
0.189550 0.070008 0.705200 19 18 22
0.192821 0.068034 0.705375 20 20 23
0.195876 0.066140 0.706199 21 21 25
0.198647 0.064349 0.707932 21 20 25
0.201232 0.062623 0.710293 23 20 28
0.203809 0.060898 0.712703 22 18 23
0.206440 0.059153 0.714957 24 20 23
0.209110 0.057392 0.717097 27 23 28
0.211837 0.055611 0.719053 24 25 26
0.214551 0.053834 0.721071 24 25 26
0.217408 0.052008 0.722577 22 23 25
0.220288 0.050176 0.723994 106 86 83
0.222822 0.048453 0.726727 115 79 67
0.225223 0.046768 0.730018 115 80 66
0.227693 0.045058 0.733100 114 81 66
0.230167 0.043342 0.736224 117 79 66
0.232623 0.041627 0.739476 116 78 65
0.235048 0.039916 0.742927 116 77 64
0.237448 0.038207 0.746553 116 78 65
0.239844 0.036493 0.750277 116 78 65
0.242079 0.034816 0.754809 116 78 65
0.244339 0.033124 0.759342 118 80 66
0.246531 0.031440 0.764309 117 79 65
0.248577 0.029781 0.770112 115 77 63
0.250461 0.028149 0.776875 118 79 65
0.252244 0.026523 0.784358 119 80 67
0.253844 0.024919 0.793027 119 81 67
0.255132 0.023359 0.803626 119 84 69
0.255903 0.021875 0.817364 119 85 70
0.064506 0.144406 0.782133 146 89 81
0.073769 0.139602 0.770815 145 90 81
0.081620 0.135452 0.762356 141 89 77
0.088882 0.131583 0.754983 138 86 74
0.095304 0.128102 0.749322 137 86 73
0.101224 0.124856 0.744649 133 84 71
0.106775 0.121783 0.740684 131 85 71
0.112146 0.118798 0.737002 128 82 68
0.118055 0.115591 0.731868 126 82 69
0.123559 0.112570 0.727551 128 83 71
0.128558 0.109778 0.724339 126 83 71
0.133011 0.107229 0.722378 80 54 44
0.137074 0.104852 0.721324 34 36 31
0.141414 0.102364 0.719473 26 26 26
0.145982 0.099786 0.716920 29 25 26
0.150653 0.097174 0.713975 27 20 22
0.155056 0.094681 0.711626 29 21 23
0.158966 0.092400 0.710525 31 18 23
0.162665 0.090211 0.709937 29 18 22
0.166163 0.088109 0.709856 31 21 25
0.169616 0.086027 0.709854 30 20 23
0.173051 0.083956 0.709855 31 23 26
0.176445 0.081905 0.709933 26 18 22
0.179778 0.079882 0.710148 25 18 22
0.183116 0.077859 0.710306 28 23 29
0.186333 0.075886 0.710792 22 21 25
0.189509 0.073932 0.711378 17 17 20
0.192713 0.071968 0.711838 18 18 22
0.195762 0.070067 0.712770 18 18 22
0.198591 0.068248 0.714406 18 16 22
0.201322 0.066467 0.716376 27 21 28
0.204105 0.064665 0.718180 27 20 26
0.206834 0.062882 0.720179 30 23 28
0.209583 0.061091 0.722122 30 23 28
0.212323 0.059303 0.724111 28 23 28
0.215032 0.057524 0.726225 28 23 26
0.217886 0.055694 0.727820 32 23 25
0.220668 0.053888 0.729689 109 85 80
0.223098 0.052201 0.732925 115 79 66
0.225504 0.050517 0.736314 113 80 65
0.228032 0.048789 0.739285 114 81 66
0.230551 0.047060 0.742343 117 78 65
0.233028 0.045340 0.745632 116 78 65
0.235437 0.043637 0.749275 115 77 64
0.237785 0.041947 0.753260 115 77 64
0.240109 0.040258 0.757451 114 76 63
0.242278 0.038607 0.762438 115 77 64
0.244478 0.036937 0.767424 117 79 65
0.246645 0.035267 0.772704 115 77 63
0.248719 0.033612 0.778587 118 80 66
0.250651 0.031982 0.785349 119 80 66
0.252465 0.030366 0.792929 118 79 66
0.254154 0.028764 0.801407 120 82 68
0.255226 0.027290 0.813428 119 84 69
0.256303 0.025781 0.825904 119 85 70
0.072483 0.144901 0.778960 145 90 80
0.081084 0.140334 0.768811 141 88 76
0.088518 0.136323 0.761048 138 86 74
0.095026 0.132751 0.755201 138 86 74
0.101148 0.129368 0.750066 135 85 72
0.106794 0.126212 0.745891 133 84 70
0.112328 0.123117 0.741834 130 84 68
0.117899 0.120015 0.737530 125 82 67
0.123330 0.116986 0.733415 129 84 72
0.128427 0.114115 0.729986 126 79 68
0.133184 0.111405 0.727287 123 79 67
0.137497 0.108897 0.725619 87 57 51
0.141694 0.106447 0.724166 29 28 28
0.145934 0.103984 0.722509 29 28 28
0.150188 0.101520 0.720721 32 23 28
0.154514 0.099032 0.718638 30 21 25
0.158623 0.096643 0.717051 33 21 25
0.162324 0.094434 0.716521 35 23 28
0.165986 0.092246 0.716043 30 18 22
0.169458 0.090142 0.716053 31 21 25
0.172970 0.088025 0.715896 29 22 25
0.176441 0.085927 0.715809 27 20 22
0.179852 0.083858 0.715852 24 18 22
0.183254 0.081796 0.715877 26 22 26
0.186539 0.079784 0.716218 23 22 26
0.189717 0.077818 0.716860 21 21 25
0.192900 0.075852 0.717453 17 17 20
0.196001 0.073921 0.718287 16 16 19
0.198955 0.072049 0.719586 18 16 20
0.201766 0.070233 0.721359 30 20 28
0.204531 0.068435 0.723299 27 17 25
0.207265 0.066649 0.725362 32 23 31
0.210009 0.064857 0.727400 33 26 31
0.212734 0.063071 0.729528 30 25 29
0.215449 0.061288 0.731708 30 25 28
0.218240 0.059476 0.733623 52 34 25
0.220948 0.057693 0.735867 114 77 60
0.223396 0.056002 0.739153 115 78 64
0.225825 0.054313 0.742573 113 78 64
0.228384 0.052575 0.745535 114 79 65
0.230932 0.050838 0.748596 116 78 65
0.233425 0.049115 0.751942 115 76 65
0.235833 0.047417 0.755722 114 76 64
0.238168 0.045737 0.759907 114 76 64
0.240476 0.044059 0.764313 114 76 64
0.242635 0.042421 0.769516 115 77 65
0.244814 0.040768 0.774773 117 78 64
0.246948 0.039119 0.780396 118 80 66
0.249003 0.037482 0.786573 115 77 63
0.250962 0.035861 0.793424 118 79 65
0.252833 0.034250 0.800954 118 79 66
0.254491 0.032681 0.809851 117 80 67
0.255552 0.031252 0.822248 118 84 69
0.256567 0.029804 0.835396 119 87 71
0.072148 0.149839 0.785056 139 93 79
0.080128 0.145487 0.776312 137 89 73
0.087816 0.141289 0.767973 137 89 73
0.094615 0.137527 0.761463 135 86 74
0.101021 0.133962 0.755673 133 84 73
0.106863 0.130674 0.751045 130 83 72
0.112445 0.127516 0.746883 126 82 70
0.117863 0.124444 0.742970 124 80 67
0.123090 0.121470 0.739385 129 85 70
0.128112 0.118598 0.736178 123 82 69
0.133024 0.115785 0.733120 122 81 68
0.137831 0.113027 0.730203 119 79 65
0.142244 0.110456 0.728206 110 76 71
0.146279 0.108062 0.727117 30 25 28
0.150216 0.105718 0.726222 33 23 26
0.154160 0.103374 0.725232 35 23 29
0.157928 0.101113 0.724660 34 22 26
0.161820 0.098800 0.723668 34 22 26
0.165539 0.096569 0.723101 31 21 25
0.169286 0.094329 0.722385 30 20 23
0.172912 0.092146 0.721958 28 20 25
0.176510 0.089979 0.721553 28 20 25
0.180023 0.087852 0.721347 30 23 25
0.183482 0.085752 0.721253 28 21 23
0.186844 0.083696 0.721411 26 18 23
0.190095 0.081689 0.721880 26 20 25
0.193319 0.079696 0.722404 24 17 22
0.196415 0.077759 0.723314 28 22 26
0.199365 0.075882 0.724694 25 18 22
0.202205 0.074052 0.726445 29 21 25
0.204983 0.072246 0.728414 35 23 29
0.207703 0.070464 0.730604 33 20 26
0.210410 0.068685 0.732859 34 23 28
0.213118 0.066904 0.735134 32 23 28
0.215837 0.065118 0.737394 33 23 28
0.218597 0.063314 0.739521 109 71 61
0.221265 0.061545 0.742020 115 77 63
0.223712 0.059858 0.745426 115 77 64
0.226184 0.058158 0.748798 115 77 64
0.228776 0.056409 0.751742 115 77 64
0.231336 0.054669 0.754875 115 77 64
0.233827 0.052950 0.758355 113 78 64
0.236209 0.051266 0.762385 113 78 64
0.238560 0.049588 0.766647 113 78 64
0.240857 0.047922 0.771260 112 77 63
0.243004 0.046301 0.776691 113 78 64
0.245172 0.044663 0.782179 114 77 64
0.247310 0.043025 0.787975 116 77 64
0.249325 0.041417 0.794555 116 78 64
0.251287 0.039813 0.801616 116 78 64
0.253158 0.038224 0.809391 115 78 63
0.254805 0.036686 0.818621 115 79 64
0.255906 0.035291 0.831132 110 82 64
0.079893 0.150372 0.782243 137 90 74
0.087411 0.146189 0.774294 136 88 72
0.094290 0.142331 0.767605 134 85 75
0.100651 0.138736 0.761936 133 84 74
0.106727 0.135290 0.756763 129 82 71
0.112486 0.132007 0.752185 128 81 70
0.117909 0.128894 0.748277 124 81 67
0.123057 0.125920 0.744910 128 84 69
0.127936 0.123082 0.742095 124 82 69
0.132764 0.120276 0.739289 122 81 68
0.137516 0.117512 0.736558 118 77 64
0.142303 0.114737 0.733608 116 78 64
0.146657 0.112173 0.731699 120 84 74
0.150525 0.109842 0.731026 68 40 37
0.153973 0.107710 0.731455 38 18 19
0.157626 0.105484 0.731269 34 21 25
0.161602 0.103113 0.730101 35 23 28
0.165352 0.100849 0.729508 32 20 25
0.169100 0.098590 0.728855 29 20 23
0.172810 0.096352 0.728245 28 20 25
0.176441 0.094154 0.727808 27 18 23
0.180021 0.091981 0.727464 20 13 16
0.183527 0.089845 0.727290 30 23 25
0.186982 0.087735 0.727222 32 25 29
0.190337 0.085671 0.727424 29 21 25
0.193625 0.083640 0.727803 26 18 22
0.196760 0.081677 0.728651 25 17 22
0.199711 0.079795 0.730104 29 21 25
0.202544 0.077964 0.731958 33 22 28
0.205299 0.076166 0.734092 34 22 28
0.207987 0.074396 0.736487 33 18 25
0.210704 0.072612 0.738803 34 21 28
0.213467 0.070808 0.740973 32 23 28
0.216243 0.068997 0.743115 36 21 25
0.219002 0.067192 0.745340 117 79 63
0.221656 0.065429 0.747997 115 77 63
0.224100 0.063748 0.751532 115 77 64
0.226575 0.062051 0.755008 115 77 64
0.229167 0.060304 0.758077 115 77 64
0.231710 0.058573 0.761402 115 77 64
0.234173 0.056870 0.765140 113 78 64
0.236548 0.055196 0.769348 112 77 63
0.238882 0.053532 0.773845 112 77 63
0.241134 0.051893 0.778832 111 76 62
0.243263 0.050291 0.784532 111 76 62
0.245382 0.048684 0.790454 112 77 63
0.247515 0.047062 0.796489 113 78 64
0.249574 0.045456 0.803083 116 78 64
0.251498 0.043886 0.810586 116 78 64
0.253381 0.042314 0.818562 115 77 63
0.255036 0.040804 0.828045 114 79 64
0.087078 0.151123 0.780526 139 90 80
0.093951 0.147210 0.773857 133 84 72
0.100245 0.143598 0.768365 133 84 74
0.106391 0.140069 0.763044 129 82 71
0.112339 0.136647 0.758021 128 81 70
0.117914 0.133420 0.753755 125 81 68
0.123108 0.130389 0.750297 131 87 73
0.127926 0.127550 0.747667 123 81 69
0.132654 0.124761 0.745152 121 80 67
0.137291 0.122022 0.742760 119 78 65
0.141903 0.119300 0.740322 116 77 63
0.146565 0.116560 0.737629 111 73 60
0.150660 0.114101 0.736382 108 70 56
0.154255 0.111887 0.736453 112 73 61
0.157721 0.109737 0.736847 84 52 45
0.161322 0.107525 0.736811 26 6 7
0.164909 0.105321 0.736767 17 0 7
0.168681 0.103032 0.736119 6 2 10
0.172373 0.100784 0.735643 5 5 7
0.176092 0.098527 0.735019 9 7 10
0.179752 0.096300 0.734508 18 12 14
0.183358 0.094102 0.734098 28 21 23
0.186897 0.091938 0.733843 30 17 23
0.190310 0.089835 0.733935 29 17 22
0.193587 0.087796 0.734433 29 17 23
0.196737 0.085818 0.735323 30 17 23
0.199726 0.083913 0.736740 37 23 31
0.202578 0.082071 0.738629 35 22 28
0.205354 0.080262 0.740795 32 18 25
0.208108 0.078462 0.743065 35 18 26
0.210933 0.076629 0.745090 37 20 28
0.213786 0.074784 0.747027 36 18 25
0.216603 0.072954 0.749115 61 34 31
0.219344 0.071156 0.751513 115 77 62
0.221984 0.069400 0.754337 114 76 62
0.224471 0.067707 0.757819 114 76 63
0.226985 0.065999 0.761265 114 76 63
0.229574 0.064257 0.764467 114 76 63
0.232114 0.062532 0.767935 114 76 63
0.234557 0.060843 0.771902 112 77 63
0.236920 0.059183 0.776313 112 77 63
0.239186 0.057556 0.781278 112 77 63
0.241424 0.055934 0.786507 113 78 64
0.243525 0.054359 0.792536 111 76 62
0.245705 0.052744 0.798370 111 76 62
0.247848 0.051135 0.804566 112 77 63
0.249886 0.049556 0.811495 111 76 62
0.251890 0.047979 0.818837 115 77 63
0.253674 0.046471 0.827592 116 78 64
0.093668 0.152130 0.780057 138 94 82
0.100327 0.148279 0.773691 133 84 74
0.106277 0.144803 0.768859 130 83 72
0.112182 0.141358 0.763961 129 82 71
0.117903 0.138014 0.759347 125 81 69
0.123139 0.134926 0.755805 128 84 72
0.128046 0.132011 0.752975 123 82 70
0.132765 0.129197 0.750513 121 80 67
0.137290 0.126487 0.748453 119 78 65
0.141809 0.123783 0.746302 115 76 62
0.146215 0.121142 0.744351 114 75 62
0.150483 0.118574 0.742683 109 71 58
0.154521 0.116125 0.741565 107 69 56
0.158193 0.113862 0.741420 104 66 53
0.161775 0.111646 0.741483 106 68 55
0.165222 0.109498 0.741895 101 73 59
0.168699 0.107338 0.742182 71 46 36
0.172291 0.105123 0.742074 30 13 10
0.176106 0.102801 0.741220 12 2 4
0.179744 0.100569 0.740843 11 2 3
0.183257 0.098399 0.740800 19 10 11
0.186733 0.096250 0.740828 36 23 29
0.190125 0.094144 0.741078 31 18 25
0.193399 0.092096 0.741679 34 22 28
0.196594 0.090087 0.742514 31 18 25
0.199650 0.088145 0.743807 34 21 28
0.202569 0.086268 0.745570 34 21 28
0.205432 0.084417 0.747537 41 26 33
0.208303 0.082562 0.749487 36 18 25
0.211250 0.080671 0.751166 30 10 19
0.214192 0.078783 0.752865 42 26 31
0.217060 0.076928 0.754850 100 66 55
0.219775 0.075142 0.757447 115 77 63
0.222377 0.073406 0.760532 114 76 62
0.224894 0.071706 0.764021 114 76 63
0.227410 0.070004 0.767581 114 76 63
0.230023 0.068255 0.770807 114 76 63
0.232567 0.066534 0.774388 114 76 63
0.234950 0.064880 0.778760 112 77 64
0.237271 0.063249 0.783518 112 77 63
0.239531 0.061638 0.788681 111 76 62
0.241675 0.060070 0.794535 110 76 62
0.243840 0.058486 0.800464 112 77 63
0.246013 0.056890 0.806540 112 77 63
0.248193 0.055285 0.812776 112 77 63
0.250259 0.053716 0.819798 112 77 63
0.252190 0.052193 0.827767 115 77 63
0.099958 0.153259 0.780193 132 86 75
0.106457 0.149446 0.774022 130 84 70
0.112219 0.146032 0.769490 129 82 71
0.117818 0.142709 0.765202 128 82 70
0.123182 0.139517 0.761357 129 84 72
0.128202 0.136511 0.758259 123 82 69
0.133054 0.133598 0.755472 121 81 68
0.137580 0.130861 0.753436 118 79 65
0.142099 0.128131 0.751314 114 75 62
0.146661 0.125383 0.748961 113 74 61
0.151789 0.122346 0.744899 111 72 59
0.156416 0.119573 0.742096 111 71 59
0.160112 0.117287 0.741863 107 69 50
0.163008 0.115414 0.743925 120 82 63
0.166299 0.113338 0.744819 122 83 65
0.169500 0.111309 0.745961 113 74 55
0.172709 0.109277 0.747065 101 61 44
0.176058 0.107174 0.747712 103 61 48
0.179596 0.104976 0.747725 106 71 54
0.183062 0.102817 0.747919 91 59 46
0.186598 0.100624 0.747835 73 42 36
0.190054 0.098473 0.747960 54 20 17
0.193320 0.096419 0.748678 39 15 13
0.196556 0.094381 0.749469 39 14 16
0.199650 0.092415 0.750728 41 16 17
0.202699 0.090470 0.752133 56 29 28
0.205728 0.088537 0.753606 86 52 46
0.208711 0.086625 0.755237 116 76 66
0.211741 0.084692 0.756696 122 79 68
0.214717 0.082784 0.758350 115 69 60
0.217557 0.080941 0.760535 111 72 59
0.220198 0.079194 0.763531 115 74 62
0.222759 0.077482 0.766895 115 75 62
0.225319 0.075768 0.770333 116 76 63
0.227838 0.074072 0.774009 116 77 64
0.230407 0.072349 0.777549 114 76 65
0.232910 0.070654 0.781455 112 77 65
0.235233 0.069038 0.786248 111 77 67
0.237562 0.067416 0.791145 111 77 67
0.239852 0.065806 0.796356 110 76 66
0.242108 0.064206 0.801878 110 77 64
0.244248 0.062652 0.808127 110 77 64
0.246409 0.061082 0.814470 112 77 64
0.248526 0.059523 0.821240 114 75 64
0.250481 0.058026 0.829077 114 75 62
0.252487 0.056498 0.836930 117 75 63
0.106340 0.154308 0.779994 145 98 87
0.112365 0.150706 0.774813 130 85 73
0.117918 0.147368 0.770660 129 84 71
0.123251 0.144154 0.766914 128 83 71
0.128424 0.141033 0.763440 122 81 68
0.133294 0.138080 0.760631 121 81 67
0.137935 0.135254 0.758314 118 79 65
0.142250 0.132608 0.756781 114 75 62
0.147949 0.129220 0.751281 113 74 61
0.156603 0.124251 0.737175 108 68 55
0.161647 0.121230 0.733008 150 110 97
0.165657 0.118768 0.731693 123 86 76
0.169024 0.116652 0.732195 88 55 50
0.171154 0.115194 0.736392 83 54 48
0.173524 0.113607 0.739933 96 66 59
0.175885 0.112023 0.743561 132 95 82
0.177815 0.110664 0.748607 139 98 81
0.180957 0.108665 0.749878 106 60 48
0.184193 0.106617 0.750831 102 63 48
0.187307 0.104633 0.752162 104 65 48
0.190486 0.102615 0.753264 109 64 54
0.193621 0.100622 0.754498 114 70 58
0.196846 0.098581 0.755404 116 73 61
0.199962 0.096598 0.756669 118 73 62
0.203098 0.094605 0.757850 117 71 60
0.206189 0.092636 0.759176 117 70 59
0.209201 0.090707 0.760786 116 69 58
0.212197 0.088786 0.762455 113 67 57
0.215114 0.086906 0.764431 116 71 60
0.217888 0.085097 0.766981 114 73 61
0.220415 0.083411 0.770551 114 73 60
0.222967 0.081710 0.774090 114 75 61
0.225572 0.079981 0.777482 114 75 61
0.228149 0.078264 0.781062 113 75 62
0.230750 0.076532 0.784610 111 75 64
0.233241 0.074852 0.788720 111 76 64
0.235601 0.073233 0.793516 110 76 67
0.237916 0.071632 0.798652 110 76 66
0.240177 0.070052 0.804186 110 76 66
0.242416 0.068478 0.809987 110 76 66
0.244595 0.066926 0.816258 110 76 66
0.246736 0.065386 0.822924 110 77 64
0.248748 0.063900 0.830473 115 75 64
0.250873 0.062353 0.837699 117 75 65
0.111827 0.155824 0.781959 105 71 60
0.118137 0.152020 0.775881 132 92 80
0.123465 0.148772 0.772166 123 81 68
0.128830 0.145507 0.768201 123 81 68
0.133810 0.142462 0.765112 121 81 67
0.138491 0.139587 0.762705 117 78 64
0.143303 0.136642 0.759814 112 76 62
0.152394 0.131320 0.744710 110 73 61
0.160130 0.126763 0.732996 120 81 68
0.164240 0.124225 0.731420 73 38 42
0.168006 0.121880 0.730764 15 10 16
0.171553 0.119657 0.730692 15 16 19
0.174924 0.117533 0.731102 27 23 25
0.178054 0.115542 0.732220 26 26 22
0.180904 0.113706 0.734199 34 20 19
0.183138 0.112206 0.738152 63 34 34
0.184503 0.111179 0.744990 126 90 87
0.186354 0.109882 0.750396 112 69 60
0.188193 0.108590 0.755967 105 65 55
0.190718 0.106922 0.759335 109 66 56
0.193883 0.104907 0.760550 113 67 57
0.197081 0.102874 0.761631 115 69 58
0.200178 0.100897 0.763055 115 69 59
0.203347 0.098881 0.764207 115 69 59
0.206452 0.096899 0.765579 115 69 59
0.209460 0.094970 0.767302 115 69 59
0.212404 0.093075 0.769278 116 71 60
0.215248 0.091231 0.771649 115 71 59
0.217973 0.089451 0.774523 113 72 59
0.220577 0.087733 0.777931 114 73 60
0.223194 0.086006 0.781351 114 73 60
0.225878 0.084242 0.784553 113 74 62
0.228517 0.082501 0.788010 112 74 63
0.231132 0.080770 0.791646 112 73 65
0.233605 0.079111 0.795990 110 74 65
0.235933 0.077522 0.801103 108 74 66
0.238221 0.075952 0.806550 108 74 66
0.240484 0.074389 0.812271 108 74 66
0.242686 0.072853 0.818462 108 74 64
0.244776 0.071369 0.825405 111 75 64
0.246847 0.069887 0.832674 113 74 63
0.248966 0.068376 0.839950 118 72 64
0.123858 0.153344 0.777017 122 93 84
0.129249 0.150026 0.772989 119 82 69
0.134753 0.146646 0.768489 119 80 66
0.139568 0.143666 0.765715 116 77 63
0.144938 0.140370 0.761252 114 76 63
0.155832 0.133904 0.740887 108 71 59
0.161493 0.130452 0.734980 124 87 76
0.165667 0.127857 0.733210 45 29 32
0.169314 0.125566 0.732903 2 2 9
0.172981 0.123263 0.732475 11 14 19
0.176393 0.121108 0.732766 14 14 14
0.179556 0.119094 0.733789 12 10 11
0.182804 0.117034 0.734527 20 15 16
0.185831 0.115099 0.735944 16 13 13
0.188660 0.113276 0.738001 40 20 22
0.191382 0.111513 0.740427 113 78 71
0.189863 0.112142 0.757184 109 65 57
0.190973 0.111281 0.765427 110 66 56
0.194043 0.109315 0.767059 115 69 59
0.197293 0.107248 0.768051 115 69 59
0.200392 0.105265 0.769559 115 69 59
0.203550 0.103251 0.770850 115 69 59
0.206657 0.101264 0.772311 115 69 59
0.209666 0.099332 0.774142 115 69 59
0.212604 0.097440 0.776253 116 72 59
0.215451 0.095597 0.778733 114 70 58
0.218197 0.093810 0.781653 113 72 59
0.220880 0.092056 0.784878 112 71 58
0.223560 0.090303 0.788172 112 72 59
0.226268 0.088533 0.791411 112 74 62
0.228882 0.086814 0.795119 111 73 62
0.231464 0.085110 0.799048 108 72 63
0.233905 0.083480 0.803702 106 72 62
0.236201 0.081927 0.809151 105 73 67
0.238431 0.080406 0.815067 106 74 66
0.240638 0.078894 0.821275 106 74 66
0.242804 0.077400 0.827881 106 74 66
0.244887 0.075946 0.835115 109 72 63
0.246925 0.074511 0.842832 112 72 63
0.135891 0.150747 0.771373 126 85 77
0.140979 0.147576 0.767830 118 76 68
0.147476 0.143570 0.760146 115 77 66
0.157289 0.137603 0.742668 110 72 60
0.162873 0.134149 0.736940 97 62 53
0.166934 0.131597 0.735488 31 21 22
0.170578 0.129294 0.735196 6 2 4
0.174288 0.126953 0.734644 23 31 33
0.177727 0.124773 0.734861 58 70 68
0.181041 0.122667 0.735428 18 15 16
0.184311 0.120587 0.736096 18 12 16
0.187531 0.118537 0.736901 17 12 19
0.190526 0.116619 0.738416 20 16 17
0.193237 0.114868 0.740882 50 28 25
0.191389 0.115613 0.771068 110 65 54
0.194156 0.113822 0.773848 115 69 58
0.197586 0.111644 0.774289 115 69 58
0.200706 0.109647 0.775817 116 70 59
0.203841 0.107641 0.777281 116 70 59
0.206937 0.105659 0.778886 114 68 57
0.209926 0.103738 0.780901 115 69 58
0.212865 0.101846 0.783120 115 70 58
0.215750 0.099985 0.785575 114 70 59
0.218524 0.098187 0.788505 114 70 59
0.221230 0.096428 0.791769 114 70 59
0.223929 0.094672 0.795117 114 71 60
0.226584 0.092940 0.798724 113 74 61
0.229171 0.091246 0.802705 111 73 62
0.231755 0.089553 0.806791 106 71 61
0.234142 0.087969 0.811870 106 72 62
0.236388 0.086465 0.817754 105 73 65
0.238567 0.084995 0.824133 104 72 64
0.240673 0.083564 0.831069 107 74 66
0.242909 0.082057 0.837586 106 74 67
0.141805 0.151860 0.771611 112 77 72
0.149929 0.146798 0.759251 116 77 67
0.158075 0.141726 0.746412 103 71 59
0.163872 0.138092 0.740036 95 59 50
0.167934 0.135521 0.738594 41 28 29
0.171932 0.132989 0.737248 38 28 28
0.175680 0.130610 0.736576 36 23 28
0.179191 0.128376 0.736576 16 15 16
0.182549 0.126236 0.737005 15 8 10
0.185809 0.124156 0.737713 16 10 13
0.189100 0.122057 0.738291 17 10 17
0.192049 0.120167 0.739969 14 9 10
0.194659 0.118482 0.742798 36 20 17
0.191852 0.119977 0.776636 113 68 56
0.194420 0.118313 0.780215 115 68 57
0.197786 0.116165 0.780975 115 69 58
0.200921 0.114157 0.782547 115 69 58
0.204109 0.112117 0.783917 115 69 58
0.207227 0.110120 0.785546 113 67 56
0.210213 0.108201 0.787677 114 68 57
0.213155 0.106310 0.790004 114 69 57
0.216055 0.104443 0.792519 114 70 59
0.218861 0.102633 0.795453 114 70 59
0.221595 0.100866 0.798732 114 70 59
0.224285 0.099124 0.802262 114 70 59
0.226900 0.097427 0.806191 113 72 60
0.229546 0.095710 0.810070 111 72 61
0.232041 0.094082 0.814718 105 71 61
0.234353 0.092564 0.820340 106 72 62
0.236510 0.091136 0.826858 102 70 62
0.238610 0.089739 0.833854 101 70 62
0.240796 0.088290 0.840654 97 70 59
0.157043 0.147033 0.755512 107 75 70
0.164022 0.142601 0.745689 109 73 64
0.168858 0.139522 0.741966 47 31 35
0.172799 0.137006 0.740807 41 31 32
0.176504 0.134639 0.740294 32 25 28
0.180207 0.132274 0.739719 35 25 28
0.183751 0.130009 0.739580 34 23 29
0.187197 0.127806 0.739704 35 25 28
0.190423 0.125741 0.740505 22 12 16
0.193377 0.123847 0.742192 20 10 10
0.196086 0.122108 0.744718 42 21 17
0.192205 0.124472 0.782687 115 68 57
0.194657 0.122892 0.786792 114 69 55
0.198040 0.120727 0.787579 114 69 55
0.201255 0.118667 0.788959 113 67 56
0.204493 0.116594 0.790238 113 67 56
0.207612 0.114595 0.791958 113 67 56
0.210575 0.112693 0.794290 112 66 55
0.213505 0.110813 0.796780 112 68 55
0.216403 0.108952 0.799426 112 68 57
0.219246 0.107125 0.802334 112 68 57
0.221987 0.105363 0.805723 112 68 57
0.224648 0.103650 0.809521 112 68 57
0.227229 0.101987 0.813755 111 71 60
0.229765 0.100352 0.818290 111 72 61
0.232162 0.098804 0.823581 106 67 58
0.234479 0.097305 0.829394 106 68 60
0.236678 0.095878 0.835944 104 69 64
0.238421 0.094737 0.844933 84 67 68
0.169231 0.143915 0.747054 56 26 29
0.173394 0.141237 0.745255 24 16 17
0.177381 0.138673 0.743898 18 15 16
0.181057 0.136311 0.743432 17 10 13
0.184576 0.134050 0.743405 27 18 23
0.188045 0.131822 0.743489 39 29 31
0.191255 0.129763 0.744384 41 31 36
0.194308 0.127805 0.745788 36 25 22
0.196807 0.126208 0.749094 86 54 50
0.192233 0.129245 0.790002 116 68 57
0.194989 0.127483 0.793144 113 67 55
0.198274 0.125376 0.794380 112 67 53
0.201582 0.123253 0.795510 112 66 55
0.204837 0.121166 0.796822 112 66 55
0.207947 0.119173 0.798684 112 66 55
0.210863 0.117306 0.801320 112 66 55
0.213772 0.115445 0.804020 111 67 54
0.216757 0.113533 0.806439 112 67 57
0.219581 0.111727 0.809563 112 67 57
0.222304 0.109987 0.813174 112 67 57
0.224886 0.108339 0.817475 112 68 57
0.227494 0.106674 0.821762 107 69 58
0.230127 0.104993 0.826039 107 67 57
0.232462 0.103507 0.831803 104 64 58
0.181131 0.140906 0.749688 14 2 4
0.185112 0.138326 0.748230 18 10 10
0.188686 0.136018 0.748017 31 16 20
0.191989 0.133891 0.748656 45 26 32
0.194735 0.132139 0.751165 49 29 28
0.193134 0.133514 0.794302 111 66 55
0.196039 0.131661 0.796974 111 65 54
0.199092 0.129707 0.799123 111 67 55
0.202230 0.127697 0.800966 110 66 55
0.205313 0.125723 0.803023 111 67 56
0.208429 0.123728 0.804963 111 66 55
0.211340 0.121871 0.807731 111 67 56
0.214216 0.120039 0.810680 110 65 55
0.217128 0.118182 0.813527 109 64 55
0.219914 0.116411 0.816950 109 64 55
0.222557 0.114738 0.821055 106 61 56
0.225083 0.113145 0.825776 97 62 58
0.192739 0.138732 0.803387 106 70 58
0.196187 0.136508 0.804205 105 69 56
0.199233 0.134564 0.806501 104 63 55
0.202385 0.132545 0.808409 96 52 46
0.205540 0.130525 0.810308 91 49 43
0.208426 0.128694 0.813285 88 46 42
0.064742 -0.045053 0.627833 57 66 71
0.061308 -0.042055 0.626220 47 54 58
0.047884 -0.048656 0.633412 61 67 72
0.044757 -0.044612 0.631655 49 52 56
0.048220 -0.057416 0.640015 160 163 155
0.044200 -0.056510 0.638765 73 78 80
0.040650 -0.054022 0.637273 60 69 73
0.037844 -0.048921 0.635375 40 52 52
0.037132 -0.061539 0.642512 83 89 85
0.034212 -0.056953 0.640724 62 72 72
0.030257 -0.066199 0.646161 104 106 101
0.027787 -0.060038 0.644167 68 72 72
0.025919 -0.051492 0.641809 46 42 42
0.026028 -0.076510 0.651646 199 195 181
0.024263 -0.068009 0.649369 102 104 102
0.022582 -0.058899 0.646984 62 67 66
0.022256 -0.085338 0.656826 205 201 186
0.019441 -0.080726 0.655123 217 216 202
0.019075 -0.067016 0.652177 73 77 73
0.257673 -0.144902 0.735750 155 139 114
0.252403 -0.146206 0.734613 173 165 149
0.015830 -0.089232 0.660199 212 209 195
0.013819 -0.081662 0.658133 135 138 128
0.253032 -0.150135 0.739818 158 141 117
0.247844 -0.151370 0.738675 155 140 116
0.012740 -0.095952 0.664965 205 203 185
0.010218 -0.090367 0.663192 179 177 162
0.008837 -0.080277 0.660837 70 77 72
0.008852 -0.047972 0.654480 78 84 76
0.253657 -0.154025 0.744977 157 140 115
0.248401 -0.155379 0.743826 157 139 115
0.243641 -0.156012 0.742669 153 136 112
0.007369 -0.096383 0.667838 223 219 201
0.005305 -0.088954 0.665862 70 76 71
0.005401 -0.056501 0.659674 97 100 95
0.004529 -0.042983 0.656852 56 57 57
0.254719 -0.157215 0.750087 159 143 118
0.249189 -0.158993 0.748926 156 138 111
0.007621 -0.105747 0.673873 207 201 180
0.004305 -0.103276 0.672519 211 206 186
0.002283 -0.095794 0.670582 75 81 76
0.001337 -0.083823 0.668101 124 125 120
0.001712 -0.066090 0.664904 100 102 97
0.000571 -0.053797 0.662309 64 66 62
0.250493 -0.161787 0.753985 156 138 114
-0.000254 -0.100850 0.675034 41 45 41
-0.001051 -0.088328 0.672557 102 104 96
-0.001510 -0.073935 0.669834 94 97 90
-0.002773 -0.062239 0.667381 77 78 71
-0.003989 -0.049853 0.664815 54 56 50
0.246290 -0.166350 0.757831 156 138 112
-0.002342 -0.104233 0.679257 34 37 39
-0.003301 -0.092349 0.676915 88 91 86
-0.004245 -0.079914 0.674481 92 95 87
-0.005729 -0.069193 0.672200 88 89 81
-0.007105 -0.057560 0.669789 55 57 53
0.242840 -0.169795 0.761636 149 131 105
0.007424 -0.122053 0.689133 187 181 170
0.003606 -0.121752 0.688037 173 166 150
0.000382 -0.119251 0.686731 191 182 165
-0.002242 -0.114391 0.685189 100 97 87
-0.004170 -0.106647 0.683348 33 37 37
-0.005542 -0.096385 0.681232 86 88 82
-0.006910 -0.085688 0.679044 93 95 87
-0.008483 -0.075400 0.676868 89 91 83
-0.009857 -0.063827 0.674529 56 57 55
0.249653 -0.164208 0.766737 151 139 133
0.239007 -0.173840 0.765391 137 119 104
0.231871 -0.178283 0.764159 144 125 104
0.001265 -0.126017 0.692191 170 164 149
-0.001865 -0.123242 0.690875 205 198 181
-0.004009 -0.116595 0.689195 45 46 44
-0.005919 -0.108780 0.687387 44 46 45
-0.007696 -0.100128 0.685479 93 95 90
-0.009339 -0.090576 0.683459 92 95 87
-0.010873 -0.080166 0.681329 87 89 81
-0.012337 -0.069015 0.679096 60 61 58
-0.013462 -0.055880 0.676631 50 52 52
0.246394 -0.167339 0.770521 77 76 78
-0.003817 -0.126162 0.694886 86 82 75
-0.005688 -0.118485 0.693151 32 34 35
-0.007675 -0.110970 0.691410 56 57 55
-0.009660 -0.103152 0.689621 112 112 105
-0.011494 -0.094394 0.687725 100 102 93
-0.013222 -0.084826 0.685730 80 80 74
-0.014985 -0.075001 0.683684 62 64 61
-0.016023 -0.061537 0.681261 51 52 53
0.257600 -0.155208 0.775943 68 62 62
0.246529 -0.165340 0.774423 46 41 37
0.233106 -0.179294 0.772836 106 111 123
0.221833 -0.190222 0.771382 139 125 116
-0.003194 -0.133878 0.700311 102 98 87
-0.005253 -0.127159 0.698710 37 38 35
-0.007137 -0.119507 0.697016 40 39 40
-0.009272 -0.112556 0.695358 71 72 68
-0.011323 -0.104993 0.693631 150 153 143
-0.013325 -0.096920 0.691839 103 105 96
-0.015408 -0.088861 0.690026 74 74 68
-0.017307 -0.079655 0.688089 64 64 61
-0.018424 -0.066558 0.685773 61 54 53
0.252829 -0.160575 0.779661 77 70 71
0.242736 -0.169302 0.778136 41 33 28
0.229861 -0.182496 0.776496 68 72 76
0.219732 -0.191713 0.775033 130 123 120
0.213072 -0.195700 0.773765 147 135 118
-0.002185 -0.139976 0.705526 125 115 103
-0.004588 -0.134740 0.704083 41 37 35
-0.006460 -0.127286 0.702460 34 34 32
-0.008546 -0.120383 0.700859 48 46 46
-0.010766 -0.113752 0.699260 87 88 83
-0.012965 -0.106771 0.697617 110 113 103
-0.015176 -0.099565 0.695936 100 102 93
-0.017347 -0.091888 0.694197 74 73 67
-0.019289 -0.082885 0.692326 65 66 62
0.248458 -0.165368 0.783342 70 62 63
0.238872 -0.173395 0.781799 71 62 58
0.227241 -0.184752 0.780156 22 25 25
0.217954 -0.192709 0.778687 106 109 107
0.210668 -0.197704 0.777356 115 100 88
0.205427 -0.199570 0.776153 129 111 97
-0.000789 -0.144526 0.710568 153 138 121
-0.003542 -0.140724 0.709257 42 42 38
-0.005576 -0.134085 0.707743 32 33 32
-0.007505 -0.126791 0.706165 38 38 39
-0.009855 -0.120875 0.704666 50 49 47
-0.012249 -0.114916 0.703148 119 120 112
-0.014632 -0.108677 0.701594 99 99 91
-0.016906 -0.101736 0.699969 86 86 79
-0.019069 -0.094027 0.698267 74 73 67
-0.021109 -0.085443 0.696476 71 71 65
0.244084 -0.170189 0.786966 60 53 52
0.235072 -0.177412 0.785417 83 77 76
0.224530 -0.187161 0.783783 27 26 28
0.216153 -0.193748 0.782327 55 56 60
0.209207 -0.198232 0.780985 115 117 113
0.203342 -0.201104 0.779728 136 118 105
0.198529 -0.202361 0.778545 124 106 90
0.000581 -0.149068 0.715559 155 138 115
-0.002442 -0.146368 0.714340 40 40 34
-0.004595 -0.140349 0.712911 33 35 33
-0.006529 -0.133283 0.711401 39 38 40
-0.008699 -0.126863 0.709913 39 38 40
-0.011150 -0.121319 0.708465 93 92 85
-0.013589 -0.115515 0.706985 125 123 114
-0.016056 -0.109602 0.705483 104 104 96
-0.018457 -0.103173 0.703929 83 83 76
-0.020705 -0.095819 0.702291 74 74 68
-0.022748 -0.087238 0.700543 71 70 64
-0.033321 -0.017897 0.688089 217 214 207
-0.037131 -0.015163 0.686643 215 214 206
-0.041016 -0.012743 0.685219 217 214 207
0.240160 -0.174356 0.790570 60 52 50
0.231458 -0.181166 0.789003 117 113 111
0.221908 -0.189445 0.787390 60 57 59
0.213943 -0.195431 0.785924 35 35 37
0.207101 -0.199783 0.784560 102 98 96
0.201302 -0.202577 0.783287 136 123 113
0.196317 -0.204132 0.782082 144 129 116
0.191668 -0.205190 0.780907 105 97 88
0.002091 -0.153013 0.720469 153 146 126
-0.000929 -0.150392 0.719272 40 37 34
-0.003328 -0.145416 0.717941 32 32 32
-0.005473 -0.139315 0.716534 44 43 44
-0.007601 -0.132925 0.715094 45 44 45
-0.010007 -0.127385 0.713687 71 69 69
-0.012476 -0.121889 0.712268 143 141 134
-0.014963 -0.116262 0.710826 107 105 97
-0.017523 -0.110717 0.709375 89 89 81
-0.020100 -0.105027 0.707900 83 82 75
-0.022319 -0.097541 0.706291 75 75 69
-0.024330 -0.088799 0.704575 87 87 81
-0.039798 -0.022303 0.691478 221 220 212
-0.043428 -0.018661 0.689975 217 216 208
-0.047370 -0.016648 0.688596 217 214 207
0.237465 -0.176673 0.794238 60 52 51
0.229047 -0.183091 0.792654 93 91 89
0.220063 -0.190536 0.791039 61 59 58
0.212695 -0.195615 0.789584 52 48 51
0.205854 -0.199981 0.788190 40 36 37
0.199485 -0.203699 0.786849 123 111 104
0.194239 -0.205696 0.785610 165 156 143
0.189447 -0.207008 0.784414 159 153 140
0.003563 -0.157011 0.725339 98 97 86
0.000742 -0.153769 0.724130 42 39 38
-0.001820 -0.149492 0.722865 37 35 37
-0.004103 -0.144042 0.721531 47 44 44
-0.006354 -0.138277 0.720168 50 47 47
-0.008796 -0.133040 0.718816 74 74 69
-0.011331 -0.127975 0.717459 122 122 114
-0.013853 -0.122675 0.716077 101 101 92
-0.016425 -0.117377 0.714681 99 99 91
-0.019020 -0.111975 0.713264 88 86 79
-0.021735 -0.106874 0.711852 84 83 75
-0.023989 -0.099533 0.710290 73 71 65
-0.025478 -0.088420 0.708470 199 197 189
-0.045908 -0.025071 0.694705 223 222 214
-0.049727 -0.022532 0.693301 220 217 210
0.235661 -0.177642 0.797970 54 48 47
0.227289 -0.184019 0.796348 50 49 46
0.218597 -0.191041 0.794712 92 91 88
0.211309 -0.196016 0.793230 70 66 64
0.204615 -0.200167 0.791819 67 63 58
0.198013 -0.204274 0.790429 49 45 39
0.192331 -0.206991 0.789135 146 138 131
0.187173 -0.208924 0.787895 171 169 155
0.005111 -0.160662 0.730152 60 59 52
0.002435 -0.157000 0.728948 51 49 49
-0.000097 -0.152710 0.727710 38 34 36
-0.002520 -0.147882 0.726439 47 44 44
-0.004896 -0.142716 0.725140 53 49 50
-0.007402 -0.137858 0.723841 78 76 73
-0.010057 -0.133407 0.722549 119 119 112
-0.012648 -0.128547 0.721225 106 105 98
-0.015259 -0.123585 0.719884 105 105 97
-0.017902 -0.118572 0.718528 92 93 84
-0.020646 -0.113797 0.717171 87 87 79
-0.023376 -0.108768 0.715788 81 81 73
-0.025547 -0.101058 0.714242 104 101 95
-0.028440 -0.038082 0.705848 222 220 210
-0.048187 -0.030464 0.699298 224 224 215
-0.051860 -0.027217 0.697860 220 219 211
-0.055085 -0.021128 0.696208 220 216 208
0.287673 -0.124492 0.810909 191 190 179
0.234028 -0.178355 0.801710 51 46 43
0.225405 -0.185146 0.800017 54 51 49
0.217316 -0.191260 0.798400 87 86 83
0.209957 -0.196367 0.796876 64 60 57
0.203513 -0.200135 0.795461 90 85 81
0.197151 -0.203869 0.794066 67 65 62
0.191210 -0.207013 0.792723 54 49 44
0.185616 -0.209671 0.791425 116 115 106
0.009605 -0.166814 0.736063 93 92 84
0.006813 -0.163718 0.734908 46 46 40
0.004200 -0.159921 0.733723 40 39 35
0.001665 -0.155728 0.732516 46 43 42
-0.000913 -0.151556 0.731299 48 45 45
-0.003426 -0.147011 0.730057 53 49 49
-0.005933 -0.142285 0.728797 87 81 76
-0.008608 -0.138039 0.727543 131 129 122
-0.011264 -0.133572 0.726270 117 116 109
-0.013949 -0.129059 0.724983 109 109 101
-0.016648 -0.124441 0.723680 97 97 88
-0.019400 -0.119870 0.722367 92 91 83
-0.022285 -0.115697 0.721062 86 87 78
-0.024852 -0.109975 0.719670 75 75 67
-0.026589 -0.100297 0.718062 199 185 174
-0.030581 -0.042190 0.710255 222 220 210
-0.034720 -0.041799 0.709024 221 219 209
-0.038739 -0.040815 0.707759 220 220 209
-0.050342 -0.035244 0.703795 225 224 216
-0.053921 -0.031572 0.702348 223 222 214
-0.057399 -0.027110 0.700840 218 216 207
0.288019 -0.128918 0.815983 192 192 180
0.283416 -0.128900 0.814656 189 190 178
0.233013 -0.178124 0.805516 98 91 84
0.224214 -0.185206 0.803755 52 51 48
0.216397 -0.190914 0.802127 52 51 48
0.208971 -0.196138 0.800559 118 114 107
0.202638 -0.199741 0.799129 62 61 54
0.196633 -0.202906 0.797746 87 82 77
0.190824 -0.205836 0.796393 88 78 74
0.184995 -0.208878 0.795047 65 56 53
0.179608 -0.211268 0.793756 68 61 56
0.174703 -0.212913 0.792524 98 96 89
0.157726 -0.215393 0.787906 147 145 132
0.151031 -0.213598 0.785783 145 143 130
0.011245 -0.169948 0.740770 54 54 50
0.008561 -0.166565 0.739628 45 44 41
0.006040 -0.162530 0.738462 46 43 41
0.003589 -0.158125 0.737276 51 45 44
0.000954 -0.154232 0.736092 56 52 49
-0.001728 -0.150383 0.734900 65 60 56
-0.004346 -0.146174 0.733687 103 101 95
-0.007038 -0.142106 0.732468 143 142 132
-0.009789 -0.138125 0.731241 114 113 103
-0.012481 -0.133774 0.729991 114 112 104
-0.015244 -0.129553 0.728735 103 102 94
-0.018106 -0.125590 0.727478 96 96 87
-0.021086 -0.121976 0.726226 89 91 82
-0.023898 -0.117512 0.724929 75 74 66
-0.026177 -0.110530 0.723511 150 141 132
-0.026759 -0.095586 0.721712 200 182 168
-0.024746 -0.048447 0.717147 222 219 208
-0.028703 -0.047257 0.715878 223 221 211
-0.032775 -0.046633 0.714637 223 221 211
-0.036902 -0.046304 0.713413 223 221 211
-0.040899 -0.045332 0.712156 222 221 213
-0.044877 -0.044245 0.710892 224 224 215
-0.048796 -0.042825 0.709609 225 224 216
-0.052405 -0.039588 0.708216 225 224 216
-0.055921 -0.035651 0.706774 223 222 214
-0.059577 -0.032373 0.705364 213 208 199
0.289265 -0.131989 0.821133 193 192 182
0.284536 -0.132170 0.819784 192 192 180
0.279814 -0.132364 0.818438 187 186 175
0.274423 -0.133579 0.817005 182 181 170
0.222830 -0.185566 0.807469 49 47 44
0.215221 -0.190969 0.805828 54 55 51
0.208025 -0.195845 0.804252 60 59 55
0.201602 -0.199601 0.802783 107 103 96
0.195654 -0.202685 0.801382 71 67 60
0.190091 -0.205219 0.800036 95 85 80
0.184454 -0.207949 0.798688 90 79 74
0.179102 -0.210278 0.797382 83 71 68
0.173890 -0.212439 0.796098 55 47 50
0.168849 -0.214373 0.794840 39 38 40
0.164213 -0.215667 0.793633 93 92 84
0.159894 -0.216454 0.792466 147 144 131
0.155585 -0.217260 0.791303 155 151 137
0.151478 -0.217740 0.790165 156 151 139
0.147715 -0.217629 0.789065 148 146 133
0.018841 -0.177536 0.747635 109 108 102
0.015898 -0.175193 0.746542 67 64 61
0.013097 -0.172338 0.745435 55 52 50
0.010539 -0.168602 0.744308 55 49 50
0.008079 -0.164424 0.743164 58 52 52
0.005496 -0.160541 0.742015 60 52 51
0.002860 -0.156721 0.740857 71 65 61
0.000082 -0.153292 0.739697 87 82 76
-0.002713 -0.149813 0.738529 115 113 104
-0.005447 -0.146004 0.737343 162 160 152
-0.008282 -0.142450 0.736155 114 112 104
-0.011060 -0.138559 0.734948 114 113 104
-0.013813 -0.134435 0.733725 108 106 98
-0.016671 -0.130591 0.732500 101 101 92
-0.019660 -0.127152 0.731279 94 94 86
-0.022586 -0.123325 0.730036 83 83 74
-0.025077 -0.117476 0.728710 114 109 101
-0.026792 -0.107940 0.727226 172 156 142
-0.030854 -0.051438 0.720196 224 222 212
-0.034875 -0.050672 0.718954 225 224 213
-0.038950 -0.050194 0.717726 225 224 213
-0.042895 -0.049050 0.716466 226 225 217
-0.046876 -0.048090 0.715215 226 225 217
-0.050705 -0.046270 0.713919 227 227 218
-0.054233 -0.042640 0.712523 226 225 217
-0.057796 -0.039049 0.711120 219 219 210
-0.061222 -0.034438 0.709651 196 182 176
0.286165 -0.134667 0.824955 192 190 181
0.281266 -0.135128 0.823577 188 189 177
0.276792 -0.134984 0.822263 185 182 172
0.267652 -0.135037 0.819612 176 174 164
0.222183 -0.184778 0.811280 119 115 104
0.214339 -0.190560 0.809568 56 57 53
0.206647 -0.196238 0.807890 60 60 56
0.200459 -0.199632 0.806425 63 62 56
0.194879 -0.202130 0.805048 108 103 96
0.189495 -0.204374 0.803704 83 77 68
0.184002 -0.206865 0.802353 95 86 79
0.178853 -0.208852 0.801051 84 73 68
0.173733 -0.210850 0.799760 92 79 74
0.168682 -0.212790 0.798483 80 66 63
0.163757 -0.214574 0.797227 49 43 39
0.159102 -0.215942 0.796008 34 33 28
0.154503 -0.217260 0.794801 55 52 46
0.150092 -0.218289 0.793621 114 111 99
0.020820 -0.179398 0.752246 67 64 62
0.017999 -0.176712 0.751163 61 57 54
0.015229 -0.173791 0.750072 60 54 52
0.012613 -0.170295 0.748969 63 57 56
0.010081 -0.166414 0.747853 68 59 59
0.007449 -0.162759 0.746729 67 59 60
0.004700 -0.159395 0.745601 77 70 69
0.001938 -0.155978 0.744463 100 97 90
-0.000947 -0.152901 0.743323 148 146 134
-0.003838 -0.149750 0.742174 167 163 155
-0.006686 -0.146342 0.741012 116 116 107
-0.009536 -0.142836 0.739840 117 117 108
-0.012375 -0.139167 0.738656 110 110 101
-0.015229 -0.135438 0.737460 105 105 96
-0.018159 -0.131889 0.736261 99 99 91
-0.021089 -0.128212 0.735049 83 82 73
-0.023878 -0.123808 0.733807 117 111 104
-0.025867 -0.115741 0.732438 120 103 91
-0.026671 -0.102020 0.730859 186 159 140
-0.024591 -0.055287 0.726879 228 220 210
-0.032625 -0.053809 0.724400 227 225 215
-0.036664 -0.053195 0.723166 230 227 218
-0.040614 -0.052141 0.721915 228 227 217
-0.044485 -0.050646 0.720644 230 229 221
-0.048504 -0.049944 0.719407 230 228 220
-0.052244 -0.047666 0.718097 230 228 220
-0.055847 -0.044494 0.716739 218 217 209
-0.059253 -0.039979 0.715307 205 201 191
0.282891 -0.137614 0.828717 191 190 182
0.278159 -0.137861 0.827359 188 189 177
0.273598 -0.137876 0.826029 187 185 174
0.269459 -0.137276 0.824766 182 181 170
0.260159 -0.137661 0.822087 170 165 153
0.213628 -0.189880 0.813339 80 77 69
0.205283 -0.196609 0.811526 62 63 54
0.198810 -0.200481 0.809995 64 64 56
0.193539 -0.202492 0.808643 71 69 61
0.188149 -0.204758 0.807279 111 109 99
0.183009 -0.206676 0.805957 89 83 74
0.178090 -0.208281 0.804669 88 76 71
0.173215 -0.209864 0.803393 98 82 77
0.168341 -0.211498 0.802122 105 85 79
0.163485 -0.213155 0.800858 105 79 74
0.158687 -0.214765 0.799606 83 63 58
0.154048 -0.216146 0.798380 53 46 42
0.149462 -0.217482 0.797166 40 36 33
0.144977 -0.218684 0.795968 44 42 39
0.140870 -0.219238 0.794820 80 78 70
0.136877 -0.219609 0.793689 105 104 97
0.133100 -0.219603 0.792586 134 131 116
0.034412 -0.190288 0.761070 113 111 102
0.031338 -0.188594 0.760016 73 69 66
0.028382 -0.186520 0.758961 57 56 56
0.025619 -0.183826 0.757905 54 50 52
0.022931 -0.180836 0.756844 68 59 60
0.020288 -0.177630 0.755776 74 64 63
0.017493 -0.174816 0.754700 77 66 63
0.014738 -0.171802 0.753617 71 62 61
0.012083 -0.168377 0.752525 71 61 59
0.009377 -0.165028 0.751425 81 72 70
0.006557 -0.161966 0.750319 100 96 92
0.003651 -0.159115 0.749207 145 139 133
0.000763 -0.156121 0.748087 176 171 165
-0.002113 -0.152998 0.746959 132 129 121
-0.005021 -0.149897 0.745823 129 125 119
-0.007915 -0.146647 0.744678 118 118 110
-0.010802 -0.143271 0.743522 114 114 106
-0.013717 -0.139893 0.742359 109 109 100
-0.016650 -0.136473 0.741187 101 101 92
-0.019639 -0.133169 0.740008 83 81 73
-0.022404 -0.128813 0.738798 136 123 114
-0.024886 -0.123076 0.737543 100 76 66
-0.026369 -0.112711 0.736151 173 131 113
-0.026219 -0.094523 0.734511 179 142 124
-0.025031 -0.070674 0.732651 181 154 139
-0.026248 -0.057033 0.731034 221 217 206
-0.030083 -0.055449 0.729768 220 216 206
-0.034114 -0.054808 0.728532 217 214 205
-0.038170 -0.054314 0.727302 217 214 203
-0.042049 -0.052908 0.726040 213 211 200
-0.045806 -0.050818 0.724750 211 206 199
-0.049728 -0.049577 0.723491 207 205 195
-0.053561 -0.047805 0.722208 204 198 190
-0.056972 -0.043472 0.720811 194 187 177
-0.060217 -0.037903 0.719349 179 163 156
0.279422 -0.140862 0.832411 187 185 178
0.274998 -0.140687 0.831099 189 189 178
0.270371 -0.140832 0.829755 187 185 177
0.266277 -0.140192 0.828499 185 182 173
0.261156 -0.141122 0.827079 181 177 167
0.255817 -0.142425 0.825627 176 171 159
0.251955 -0.141480 0.824412 167 162 150
0.204302 -0.196370 0.815217 71 69 62
0.196871 -0.201801 0.813511 67 66 60
0.192020 -0.203147 0.812206 71 70 63
0.186712 -0.205295 0.810837 71 69 61
0.181607 -0.207167 0.809503 107 103 96
0.177051 -0.208172 0.808254 104 95 90
0.172403 -0.209372 0.806996 88 76 71
0.167756 -0.210617 0.805742 103 83 78
0.163157 -0.211823 0.804499 113 86 80
0.158589 -0.213019 0.803264 110 84 77
0.153979 -0.214338 0.802027 99 79 72
0.149359 -0.215720 0.800792 89 72 65
0.144815 -0.217016 0.799573 71 60 54
0.140508 -0.217921 0.798389 51 46 44
0.136210 -0.218851 0.797210 42 39 40
0.132140 -0.219390 0.796064 53 51 48
0.128276 -0.219568 0.794946 83 83 74
0.124489 -0.219620 0.793840 99 96 86
0.120840 -0.219423 0.792753 123 120 110
0.100286 -0.215733 0.786406 158 155 139
0.077410 -0.209098 0.779122 156 151 138
0.042544 -0.195221 0.767693 91 90 85
0.039587 -0.193280 0.766657 67 63 58
0.036599 -0.191390 0.765617 60 55 52
0.033644 -0.189367 0.764575 62 57 52
0.030777 -0.187050 0.763532 71 62 62
0.027999 -0.184416 0.762489 80 69 68
0.025344 -0.181349 0.761443 83 72 71
0.022617 -0.178421 0.760389 83 71 69
0.019852 -0.175539 0.759328 84 73 69
0.017058 -0.172673 0.758260 86 73 69
0.014238 -0.169818 0.757184 94 81 76
0.011394 -0.166965 0.756102 123 115 110
0.008448 -0.164376 0.755013 153 146 140
0.005484 -0.161782 0.753919 184 181 174
0.002530 -0.159082 0.752818 156 152 146
-0.000369 -0.156114 0.751709 126 128 119
-0.003273 -0.153074 0.750594 128 126 119
-0.006192 -0.149999 0.749471 120 120 112
-0.009172 -0.147063 0.748341 118 118 110
-0.012172 -0.144115 0.747205 112 112 104
-0.015187 -0.141129 0.746062 102 102 94
-0.018196 -0.138029 0.744910 86 84 76
-0.020959 -0.133805 0.743732 137 123 112
-0.023471 -0.128370 0.742523 93 77 63
-0.025493 -0.120597 0.741254 173 132 115
-0.026422 -0.107647 0.739855 169 128 110
-0.026059 -0.088234 0.738272 173 135 117
-0.025155 -0.065365 0.736548 152 120 103
-0.026751 -0.053293 0.735029 192 180 170
-0.030801 -0.052656 0.733787 191 182 173
-0.034872 -0.052145 0.732549 188 179 171
-0.039001 -0.051952 0.731321 188 177 167
-0.042887 -0.050517 0.730057 187 176 165
-0.046732 -0.048821 0.728782 184 173 163
-0.050678 -0.047653 0.727524 184 172 164
-0.054126 -0.043570 0.726158 181 165 159
-0.057542 -0.039101 0.724767 186 153 149
0.275627 -0.144605 0.836008 178 174 164
0.271669 -0.143778 0.834776 187 187 178
0.266948 -0.144094 0.833411 187 185 177
0.262564 -0.143927 0.832106 186 185 176
0.257876 -0.144240 0.830751 182 181 170
0.252885 -0.145043 0.829347 182 177 167
0.249411 -0.143519 0.828200 175 170 160
0.244442 -0.144334 0.826803 162 157 146
0.196136 -0.201177 0.817207 75 72 65
0.190521 -0.203775 0.815765 71 70 64
0.185191 -0.205974 0.814374 73 71 64
0.180516 -0.207141 0.813093 71 69 62
0.175763 -0.208484 0.811802 78 75 68
0.171208 -0.209534 0.810547 112 106 99
0.166744 -0.210470 0.809308 99 89 81
0.162407 -0.211222 0.808092 93 76 70
0.158079 -0.211993 0.806880 102 82 75
0.153793 -0.212724 0.805678 106 87 78
0.149382 -0.213718 0.804460 102 83 74
0.144994 -0.214711 0.803248 99 82 73
0.140762 -0.215457 0.802063 99 80 73
0.136381 -0.216518 0.800859 92 74 67
0.132175 -0.217292 0.799683 74 62 58
0.128119 -0.217814 0.798532 71 57 55
0.124127 -0.218246 0.797391 60 50 47
0.120267 -0.218447 0.796271 47 43 39
0.116497 -0.218496 0.795164 44 41 38
0.112870 -0.218275 0.794078 49 49 44
0.109282 -0.217991 0.792998 64 64 58
0.105720 -0.217664 0.791923 80 79 72
0.102222 -0.217215 0.790856 91 89 83
0.098748 -0.216728 0.789793 104 105 95
0.095318 -0.216151 0.788736 121 121 109
0.091934 -0.215481 0.787685 125 125 114
0.082013 -0.212965 0.784558 173 174 163
0.078741 -0.212041 0.783520 146 145 134
0.075503 -0.211038 0.782484 131 130 118
0.072289 -0.209971 0.781451 121 121 109
0.069144 -0.208730 0.780424 113 112 102
0.062776 -0.206403 0.778359 124 123 115
0.059811 -0.204676 0.777345 95 94 88
0.056865 -0.202873 0.776331 74 72 66
0.053795 -0.201359 0.775303 71 69 65
0.050810 -0.199601 0.774281 77 70 68
0.047900 -0.197610 0.773262 74 67 63
0.045011 -0.195530 0.772241 80 70 67
0.042065 -0.193563 0.771214 83 72 69
0.039179 -0.191391 0.770187 88 76 73
0.036270 -0.189238 0.769155 94 79 75
0.033407 -0.186911 0.768122 95 81 77
0.030586 -0.184406 0.767087 96 81 78
0.027811 -0.181709 0.766050 94 79 76
0.024979 -0.179117 0.765005 94 80 77
0.022059 -0.176734 0.763951 98 85 81
0.019176 -0.174181 0.762894 103 90 86
0.016319 -0.171480 0.761833 121 110 105
0.013355 -0.169056 0.760763 162 156 149
0.010328 -0.166781 0.759686 187 185 177
0.007312 -0.164414 0.758605 157 154 146
0.004313 -0.161930 0.757519 121 119 112
0.001383 -0.159139 0.756429 141 138 131
-0.001498 -0.156091 0.755332 131 128 121
-0.004435 -0.153159 0.754229 123 123 115
-0.007471 -0.150509 0.753119 118 117 110
-0.010587 -0.148086 0.752004 111 110 103
-0.013710 -0.145620 0.750883 96 94 87
-0.016743 -0.142727 0.749754 116 104 99
-0.019428 -0.138326 0.748605 120 102 96
-0.021900 -0.132876 0.747433 97 77 66
-0.023974 -0.125522 0.746223 172 132 116
-0.025558 -0.115721 0.744958 168 126 109
-0.026185 -0.101211 0.743592 168 126 109
-0.026003 -0.082324 0.742107 171 131 114
-0.025339 -0.060254 0.740505 142 110 94
0.268918 -0.146028 0.838520 179 174 164
0.198656 -0.195253 0.821472 149 138 131
0.190030 -0.202749 0.819489 95 88 82
0.183934 -0.206218 0.817949 68 68 60
0.178866 -0.208054 0.816589 74 73 65
0.174519 -0.208723 0.815354 74 73 65
0.170224 -0.209335 0.814130 71 69 62
0.165763 -0.210267 0.812882 84 81 73
0.161419 -0.211033 0.811655 105 99 91
0.157180 -0.211650 0.810447 100 91 82
0.153050 -0.212102 0.809260 83 71 63
0.148751 -0.212890 0.808048 91 76 69
0.144482 -0.213660 0.806844 100 84 76
0.140379 -0.214158 0.805668 110 89 82
0.136304 -0.214635 0.804499 108 86 80
0.132248 -0.215106 0.803335 103 79 75
0.128246 -0.215504 0.802181 98 74 72
0.124262 -0.215894 0.801032 98 74 72
0.120335 -0.216202 0.799894 96 73 71
0.116507 -0.216339 0.798772 87 66 63
0.112751 -0.216355 0.797662 77 60 59
0.109013 -0.216354 0.796556 70 56 54
0.105333 -0.216254 0.795460 60 48 48
0.101778 -0.215908 0.794382 54 49 47
0.098292 -0.215428 0.793314 52 46 44
0.094772 -0.215027 0.792243 50 46 44
0.091312 -0.214507 0.791180 52 50 49
0.087890 -0.213910 0.790122 53 51 49
0.084539 -0.213161 0.789074 54 52 51
0.081143 -0.212512 0.788020 64 62 59
0.077825 -0.211691 0.786976 61 57 55
0.074680 -0.210462 0.785953 54 52 49
0.071546 -0.209195 0.784930 54 51 49
0.068468 -0.207782 0.783912 56 50 48
0.065388 -0.206353 0.782892 65 53 53
0.062279 -0.204979 0.781868 74 61 60
0.059298 -0.203266 0.780857 78 63 63
0.056375 -0.201379 0.779849 83 68 66
0.053422 -0.199535 0.778835 90 75 71
0.050511 -0.197546 0.777823 95 80 76
0.047579 -0.195580 0.776806 100 85 82
0.044650 -0.193567 0.775787 102 86 83
0.041655 -0.191695 0.774759 104 87 83
0.038775 -0.189470 0.773738 104 88 83
0.035905 -0.187169 0.772715 105 88 82
0.032925 -0.185135 0.771679 107 91 86
0.029991 -0.182926 0.770643 108 94 90
0.027066 -0.180638 0.769605 109 98 94
0.024033 -0.178630 0.768555 111 102 96
0.021041 -0.176453 0.767505 133 123 119
0.018051 -0.174221 0.766451 184 179 173
0.015059 -0.171944 0.765393 171 170 160
0.012036 -0.169711 0.764329 141 138 130
0.009027 -0.167381 0.763262 125 123 117
0.006046 -0.164896 0.762192 140 138 132
0.003088 -0.162270 0.761117 134 131 124
0.000188 -0.159365 0.760039 128 126 119
-0.002709 -0.156365 0.758954 125 123 117
-0.005723 -0.153708 0.757861 118 118 110
-0.008939 -0.151728 0.756760 110 107 100
-0.012118 -0.149564 0.755655 96 94 88
-0.015163 -0.146813 0.754545 145 130 123
-0.017789 -0.142302 0.753426 83 65 59
-0.020134 -0.136476 0.752290 117 92 78
-0.022186 -0.129194 0.751130 171 132 113
-0.023982 -0.120511 0.749940 169 128 109
-0.025421 -0.109883 0.748708 169 125 109
-0.026050 -0.095137 0.747402 171 126 111
-0.025718 -0.075266 0.745992 169 130 116
0.244954 -0.146644 0.835818 169 162 154
0.239346 -0.148511 0.834283 162 156 148
0.192944 -0.196101 0.823844 119 104 99
0.184549 -0.203342 0.821859 117 105 100
0.178305 -0.207136 0.820270 68 65 58
0.173202 -0.209087 0.818891 73 72 64
0.169036 -0.209485 0.817681 74 74 66
0.164782 -0.210064 0.816458 74 73 65
0.160279 -0.211111 0.815194 71 69 61
0.156034 -0.211744 0.813977 80 76 69
0.151966 -0.212088 0.812792 98 94 86
0.147859 -0.212532 0.811603 107 100 93
0.143766 -0.212977 0.810419 89 80 74
0.139803 -0.213211 0.809257 84 70 63
0.135833 -0.213482 0.808097 93 77 70
0.131839 -0.213824 0.806934 103 83 76
0.127930 -0.214031 0.805787 108 85 79
0.124001 -0.214300 0.804639 109 86 82
0.120126 -0.214489 0.803501 109 83 80
0.116335 -0.214534 0.802377 106 79 76
0.112586 -0.214515 0.801262 105 78 74
0.108834 -0.214521 0.800148 101 74 72
0.105123 -0.214463 0.799041 101 75 73
0.101480 -0.214282 0.797946 98 72 69
0.097920 -0.213938 0.796864 97 72 68
0.094357 -0.213613 0.795782 95 72 69
0.090862 -0.213151 0.794711 89 71 69
0.087433 -0.212551 0.793650 84 71 69
0.084056 -0.211840 0.792597 83 69 67
0.080718 -0.211044 0.791549 83 72 69
0.077512 -0.209941 0.790519 83 71 68
0.074392 -0.208627 0.789499 81 68 67
0.071238 -0.207378 0.788475 84 69 67
0.068123 -0.206024 0.787454 89 70 68
0.064987 -0.204704 0.786429 94 75 71
0.061850 -0.203373 0.785403 99 80 75
0.058805 -0.201791 0.784387 102 82 79
0.055794 -0.200100 0.783374 104 84 79
0.052781 -0.198387 0.782358 105 85 80
0.049840 -0.196458 0.781348 108 89 84
0.046872 -0.194562 0.780333 109 92 89
0.043892 -0.192665 0.779314 114 94 92
0.040857 -0.190886 0.778287 116 97 95
0.037935 -0.188756 0.777269 123 107 102
0.034988 -0.186654 0.776246 124 110 105
0.031936 -0.184816 0.775209 119 109 104
0.028946 -0.182756 0.774176 134 123 118
0.025903 -0.180813 0.773135 173 166 159
0.022761 -0.179136 0.772084 171 167 159
0.019718 -0.177116 0.771038 140 139 131
0.016696 -0.174989 0.769990 115 116 108
0.013694 -0.172749 0.768940 128 126 118
0.010689 -0.170465 0.767887 137 136 129
0.007712 -0.168032 0.766831 134 133 125
0.004775 -0.165399 0.765773 132 131 123
0.001841 -0.162687 0.764711 130 126 120
-0.001086 -0.159874 0.763643 123 121 114
-0.004070 -0.157183 0.762567 113 111 104
-0.007282 -0.155262 0.761478 102 98 91
-0.010375 -0.152846 0.760389 140 125 122
-0.013261 -0.149565 0.759300 113 96 94
-0.015985 -0.145536 0.758207 55 40 33
-0.018236 -0.139460 0.757111 149 116 100
-0.020034 -0.131277 0.756002 168 125 106
-0.021876 -0.122940 0.754868 168 128 106
-0.023757 -0.114418 0.753709 168 126 107
-0.025226 -0.103706 0.752519 167 128 109
-0.025928 -0.089028 0.751278 167 128 114
-0.025796 -0.069780 0.749964 169 130 118
0.250403 -0.143171 0.841564 158 148 139
0.245992 -0.143093 0.840242 156 145 137
0.190407 -0.191685 0.826801 141 110 102
0.179603 -0.203071 0.824314 144 113 104
0.172827 -0.207843 0.822601 107 93 87
0.167923 -0.209506 0.821245 68 67 60
0.163446 -0.210478 0.819972 74 73 64
0.159248 -0.210998 0.818753 74 75 66
0.154992 -0.211651 0.817525 74 74 66
0.150880 -0.212078 0.816325 71 71 64
0.146732 -0.212599 0.815121 71 64 58
0.142771 -0.212806 0.813952 83 78 72
0.138884 -0.212898 0.812798 104 99 92
0.135004 -0.212999 0.811647 112 107 100
0.131103 -0.213161 0.810493 93 86 78
0.127274 -0.213205 0.809353 83 71 65
0.123405 -0.213351 0.808208 83 70 64
0.119553 -0.213484 0.807067 91 73 67
0.115752 -0.213539 0.805936 100 81 76
0.112025 -0.213465 0.804819 108 87 84
0.108279 -0.213450 0.803700 114 89 87
0.104590 -0.213335 0.802591 117 92 89
0.100942 -0.213150 0.801491 113 87 83
0.097370 -0.212818 0.800403 111 86 81
0.093835 -0.212418 0.799322 107 83 78
0.090362 -0.211895 0.798252 106 84 79
0.086949 -0.211243 0.797191 97 80 76
0.083568 -0.210521 0.796135 95 79 76
0.080205 -0.209762 0.795082 95 80 76
0.070702 -0.206090 0.792008 100 81 78
0.067542 -0.204823 0.790983 104 84 80
0.064393 -0.203517 0.789958 107 87 82
0.061218 -0.202257 0.788930 108 89 84
0.058084 -0.200881 0.787905 112 93 88
0.054968 -0.199442 0.786882 115 97 91
0.051836 -0.198025 0.785855 115 101 95
0.048782 -0.196382 0.784837 122 106 101
0.045731 -0.194704 0.783818 115 102 97
0.042726 -0.192870 0.782803 115 103 99
0.039698 -0.191069 0.781782 130 123 118
0.036687 -0.189187 0.780762 160 154 146
0.033612 -0.187454 0.779731 189 185 178
0.030575 -0.185578 0.778704 166 163 158
0.027586 -0.183522 0.777678 134 131 126
0.024558 -0.181541 0.776646 111 108 103
0.021514 -0.179569 0.775610 119 118 112
0.018493 -0.177483 0.774573 131 129 122
0.015489 -0.175295 0.773535 134 133 125
0.012498 -0.173016 0.772495 133 132 124
0.009497 -0.170714 0.771450 133 131 124
0.006495 -0.168358 0.770401 130 126 121
0.003539 -0.165787 0.769353 125 123 116
0.000576 -0.163172 0.768299 117 115 108
-0.002482 -0.160821 0.767234 103 99 93
-0.005507 -0.158289 0.766167 136 128 123
-0.008410 -0.155235 0.765103 128 117 115
-0.011241 -0.151811 0.764036 57 40 39
-0.013844 -0.147391 0.762973 99 75 65
-0.015992 -0.141004 0.761918 169 125 108
-0.017826 -0.133099 0.760859 167 123 104
-0.019777 -0.125356 0.759775 169 125 105
-0.021777 -0.117495 0.758669 168 128 106
-0.023688 -0.108917 0.757543 168 126 107
-0.025115 -0.097809 0.756397 168 126 109
-0.026054 -0.083961 0.755220 166 126 113
-0.026004 -0.064822 0.753995 167 129 119
0.186443 -0.189588 0.829514 147 105 95
0.173999 -0.203942 0.826633 138 103 96
0.168110 -0.207275 0.825065 139 112 106
0.162960 -0.209405 0.823648 95 84 76
0.158284 -0.210764 0.822327 67 64 55
0.153922 -0.211608 0.821069 74 73 65
0.149834 -0.211996 0.819866 74 74 68
0.145643 -0.212599 0.818646 75 74 66
0.141578 -0.213000 0.817451 75 74 66
0.137765 -0.212957 0.816306 71 71 63
0.133917 -0.213002 0.815154 71 69 61
0.130119 -0.212967 0.814014 77 74 68
0.126356 -0.212885 0.812881 90 86 81
0.122546 -0.212913 0.811741 105 102 96
0.118733 -0.212966 0.810601 115 110 103
0.114939 -0.213003 0.809466 103 103 93
0.111273 -0.212801 0.808355 96 94 86
0.107577 -0.212674 0.807239 86 82 75
0.103927 -0.212469 0.806133 83 77 68
0.100318 -0.212192 0.805035 88 79 71
0.096774 -0.211788 0.803948 92 81 74
0.093273 -0.211302 0.802870 91 79 72
0.089803 -0.210755 0.801798 95 84 76
0.086399 -0.210069 0.800736 92 81 74
0.083037 -0.209288 0.799683 93 82 76
0.079683 -0.208491 0.798630 92 82 77
0.070028 -0.205123 0.795536 98 86 81
0.066820 -0.203956 0.794505 97 85 80
0.063640 -0.202709 0.793478 100 90 84
0.060440 -0.201498 0.792447 112 104 97
0.057261 -0.200222 0.791419 126 117 111
0.054123 -0.198825 0.790395 142 135 129
0.050950 -0.197504 0.789366 148 144 137
0.047855 -0.195956 0.788346 176 169 163
0.044765 -0.194370 0.787326 189 186 176
0.041710 -0.192666 0.786309 166 163 156
0.038662 -0.190912 0.785292 141 138 130
0.035639 -0.189056 0.784276 126 123 118
0.032584 -0.187255 0.783253 112 110 104
0.029502 -0.185502 0.782226 122 122 116
0.026448 -0.183633 0.781199 129 128 122
0.023414 -0.181665 0.780173 135 133 127
0.020392 -0.179619 0.779146 133 132 124
0.017386 -0.177478 0.778119 133 132 124
0.014393 -0.175247 0.777089 132 131 123
0.011388 -0.173003 0.776056 132 131 123
0.008361 -0.170780 0.775016 125 123 116
0.005295 -0.168632 0.773970 116 112 105
0.002233 -0.166423 0.772921 111 105 98
-0.000745 -0.163859 0.771877 147 135 130
-0.003632 -0.160899 0.770836 126 114 110
-0.006320 -0.157121 0.769807 61 51 46
-0.009016 -0.153250 0.768769 75 55 48
-0.011468 -0.148317 0.767742 150 113 96
-0.013468 -0.141438 0.766735 166 123 101
-0.015397 -0.134008 0.765717 167 123 103
-0.017541 -0.127163 0.764669 168 124 104
-0.019631 -0.119811 0.763607 169 125 105
-0.021768 -0.112355 0.762525 168 128 106
-0.023709 -0.103727 0.761432 168 126 107
-0.025232 -0.092841 0.760331 169 128 111
-0.026285 -0.079291 0.759213 166 125 113
-0.026317 -0.060274 0.758077 166 126 117
0.170141 -0.201824 0.829297 142 101 92
0.163759 -0.206068 0.827603 146 105 94
0.158505 -0.208422 0.826148 137 110 99
0.153979 -0.209540 0.824845 94 90 85
0.149129 -0.211291 0.823479 65 62 54
0.144751 -0.212234 0.822211 77 73 67
0.140581 -0.212830 0.820988 75 75 67
0.136735 -0.212851 0.819831 77 77 69
0.132957 -0.212762 0.818688 78 78 70
0.129194 -0.212659 0.817550 80 80 72
0.125438 -0.212561 0.816414 80 78 71
0.121647 -0.212550 0.815271 77 76 69
0.117874 -0.212521 0.814134 74 73 67
0.114083 -0.212549 0.812994 77 77 71
0.110443 -0.212289 0.811884 80 82 75
0.106785 -0.212079 0.810771 89 90 82
0.103177 -0.211779 0.809669 93 94 85
0.099575 -0.211479 0.808569 110 110 101
0.095939 -0.211268 0.807462 114 113 105
0.092384 -0.210893 0.806372 123 122 114
0.088914 -0.210340 0.805297 129 125 119
0.085520 -0.209627 0.804237 133 129 122
0.082196 -0.208752 0.803190 133 130 123
0.078945 -0.207709 0.802155 134 131 124
0.075699 -0.206647 0.801120 141 138 130
0.072427 -0.205640 0.800081 138 135 128
0.069132 -0.204680 0.799038 132 130 122
0.065952 -0.203438 0.798013 124 123 115
0.062808 -0.202090 0.796994 117 114 108
0.059630 -0.200811 0.795969 116 116 108
0.056431 -0.199574 0.794940 111 109 102
0.053291 -0.198170 0.793919 107 107 100
0.050152 -0.196743 0.792897 109 108 101
0.047047 -0.195207 0.791880 101 101 94
0.043953 -0.193617 0.790863 108 108 101
0.040871 -0.191971 0.789846 119 118 112
0.037797 -0.190271 0.788830 126 124 120
0.034730 -0.188524 0.787813 132 131 125
0.031619 -0.186873 0.786787 136 134 128
0.028506 -0.185199 0.785760 136 134 128
0.025429 -0.183387 0.784737 136 135 128
0.022370 -0.181482 0.783714 136 135 127
0.019330 -0.179482 0.782691 132 131 123
0.016313 -0.177367 0.781669 129 128 120
0.013311 -0.175154 0.780646 124 121 114
0.010301 -0.172918 0.779620 114 111 105
0.007189 -0.170966 0.778578 130 123 117
0.004206 -0.168533 0.777550 158 141 138
0.001353 -0.165582 0.776532 110 91 87
-0.001410 -0.162230 0.775521 48 40 35
-0.004035 -0.158275 0.774518 71 53 38
-0.006446 -0.153400 0.773531 143 105 85
-0.008576 -0.147297 0.772562 167 123 102
-0.010573 -0.140456 0.771594 167 122 100
-0.012612 -0.133520 0.770608 167 122 100
-0.014983 -0.127644 0.769579 167 123 102
-0.017360 -0.121568 0.768537 169 124 103
-0.019600 -0.114674 0.767493 170 124 104
-0.021827 -0.107435 0.766434 169 125 105
-0.023826 -0.098886 0.765373 169 125 106
-0.025409 -0.088071 0.764317 171 126 110
-0.026485 -0.074408 0.763260 168 126 114
-0.026430 -0.054703 0.762219 166 125 115
0.168627 -0.195536 0.832487 144 101 89
0.160077 -0.203657 0.830291 139 99 84
0.154732 -0.206202 0.828797 137 105 88
0.149715 -0.208228 0.827377 138 113 102
0.144726 -0.210267 0.825967 131 106 96
0.140165 -0.211576 0.824650 95 80 70
0.136107 -0.211983 0.823443 71 68 61
0.132095 -0.212331 0.822246 80 77 71
0.128243 -0.212400 0.821084 83 81 75
0.124441 -0.212390 0.819934 83 82 75
0.120699 -0.212283 0.818797 83 83 76
0.116983 -0.212139 0.817666 84 84 78
0.113287 -0.211971 0.816541 84 86 78
0.109678 -0.211640 0.815433 86 86 79
0.106056 -0.211349 0.814324 83 83 75
0.102473 -0.210988 0.813223 84 83 76
0.098906 -0.210605 0.812126 84 85 77
0.095386 -0.210130 0.811039 83 82 74
0.091852 -0.209696 0.809949 83 83 76
0.088360 -0.209177 0.808868 83 83 75
0.084981 -0.208413 0.807809 81 82 74
0.081625 -0.207594 0.806755 83 84 76
0.078319 -0.206659 0.805711 86 86 78
0.075068 -0.205595 0.804676 86 87 78
0.071815 -0.204524 0.803641 91 90 82
0.068599 -0.203356 0.802613 94 94 86
0.065413 -0.202105 0.801589 95 96 88
0.062220 -0.200859 0.800563 103 103 95
0.058964 -0.199756 0.799526 108 108 100
0.055727 -0.198598 0.798491 111 112 104
0.052524 -0.197339 0.797462 118 118 110
0.049333 -0.196033 0.796434 122 122 114
0.046161 -0.194662 0.795409 125 124 118
0.043045 -0.193120 0.794392 129 128 122
0.039933 -0.191542 0.793375 130 129 121
0.036826 -0.189925 0.792358 133 132 126
0.033715 -0.188291 0.791339 135 134 128
0.030585 -0.186687 0.790315 138 135 128
0.027461 -0.185036 0.789291 139 137 130
0.024359 -0.183289 0.788269 138 135 128
0.021286 -0.181422 0.787250 129 123 118
0.018247 -0.179410 0.786234 115 110 103
0.015242 -0.177247 0.785222 132 121 116
0.012286 -0.174874 0.784214 157 142 139
0.009343 -0.172401 0.783205 129 112 111
0.006447 -0.169708 0.782199 74 62 60
0.003664 -0.166553 0.781206 39 28 22
0.001042 -0.162744 0.780230 89 66 58
-0.001487 -0.158482 0.779261 150 110 89
-0.003668 -0.152815 0.778329 168 121 95
-0.005587 -0.145975 0.777419 167 120 96
-0.007740 -0.139767 0.776470 167 121 99
-0.010117 -0.134194 0.775483 168 122 100
-0.012513 -0.128493 0.774484 168 122 100
-0.014984 -0.122875 0.773467 168 123 101
-0.017381 -0.116732 0.772447 170 123 103
-0.019726 -0.110126 0.771420 170 124 103
-0.021969 -0.102802 0.770390 171 124 104
-0.023696 -0.092867 0.769390 170 124 106
-0.025629 -0.083423 0.768352 173 125 109
-0.026598 -0.069041 0.767367 171 126 115
-0.026561 -0.049128 0.766422 164 123 112
0.185249 -0.171502 0.840500 146 101 90
0.175434 -0.181508 0.837944 146 101 89
0.166412 -0.190341 0.835579 143 101 85
0.158658 -0.197104 0.833511 143 101 82
0.152089 -0.201872 0.831719 140 99 81
0.146200 -0.205514 0.830084 138 98 80
0.140851 -0.208246 0.828576 144 103 86
0.136191 -0.209759 0.827225 149 109 93
0.131747 -0.210915 0.825924 135 109 99
0.127582 -0.211574 0.824687 114 98 90
0.123626 -0.211859 0.823497 86 78 71
0.119744 -0.212024 0.822325 80 77 71
0.115994 -0.211948 0.821183 83 83 77
0.112416 -0.211539 0.820079 87 88 79
0.108935 -0.210940 0.818996 89 89 81
0.105436 -0.210383 0.817910 90 90 82
0.101880 -0.209955 0.816811 92 91 83
0.098295 -0.209598 0.815707 91 91 83
0.094776 -0.209109 0.814618 94 94 86
0.091279 -0.208579 0.813533 94 96 87
0.087802 -0.208013 0.812453 96 97 88
0.084379 -0.207329 0.811384 97 99 90
0.080988 -0.206578 0.810322 100 101 93
0.077652 -0.205698 0.809272 103 103 95
0.074391 -0.204639 0.808236 104 105 96
0.071135 -0.203563 0.807201 106 106 98
0.067869 -0.202500 0.806164 109 109 101
0.064640 -0.201339 0.805134 112 112 104
0.061410 -0.200171 0.804103 114 114 106
0.058151 -0.199063 0.803067 117 117 109
0.054842 -0.198076 0.802020 120 120 112
0.051623 -0.196850 0.800990 122 122 114
0.048436 -0.195524 0.799965 125 124 117
0.045244 -0.194195 0.798939 130 129 123
0.042097 -0.192724 0.797921 132 131 125
0.038958 -0.191213 0.796903 133 132 126
0.035819 -0.189675 0.795884 137 136 130
0.032677 -0.188122 0.794864 128 123 119
0.029547 -0.186510 0.793845 121 120 114
0.026463 -0.184733 0.792833 114 109 103
0.023380 -0.182918 0.791819 132 125 120
0.020361 -0.180869 0.790815 153 141 136
0.017435 -0.178486 0.789825 124 107 106
0.014574 -0.175836 0.788844 74 59 62
0.011774 -0.172922 0.787869 45 32 32
0.008998 -0.169847 0.786895 71 52 48
0.006293 -0.166446 0.785929 129 102 90
0.003834 -0.162094 0.784998 159 115 98
0.001496 -0.157180 0.784079 165 118 96
-0.000762 -0.151813 0.783165 167 118 95
-0.002696 -0.145072 0.782291 168 119 96
-0.005018 -0.139538 0.781351 169 120 97
-0.007667 -0.135050 0.780355 169 122 98
-0.010182 -0.129880 0.779372 169 122 98
-0.012634 -0.124272 0.778389 169 122 100
-0.015110 -0.118546 0.777394 169 123 101
-0.017542 -0.112410 0.776394 172 124 103
-0.019917 -0.105789 0.775391 172 125 102
-0.022129 -0.098175 0.774396 171 124 104
-0.024051 -0.088934 0.773420 173 125 107
-0.025875 -0.078821 0.772436 175 126 109
-0.026821 -0.064101 0.771524 173 128 113
-0.026640 -0.043212 0.770691 172 128 117
0.188523 -0.163708 0.845357 146 100 89
0.179463 -0.172320 0.842911 146 101 87
0.171088 -0.179917 0.840637 147 103 85
0.163724 -0.185875 0.838610 147 103 86
0.156858 -0.191078 0.836707 146 102 85
0.150173 -0.196086 0.834853 143 101 84
0.143711 -0.200811 0.833056 142 101 84
0.137780 -0.204659 0.831388 143 99 82
0.132472 -0.207422 0.829871 137 95 79
0.127616 -0.209390 0.828462 133 93 76
0.123360 -0.210243 0.827195 125 90 76
0.119192 -0.210962 0.825950 128 107 104
0.115315 -0.211132 0.824774 136 120 117
0.111609 -0.210974 0.823637 125 113 109
0.108100 -0.210426 0.822547 115 101 96
0.104572 -0.209923 0.821452 101 90 84
0.101079 -0.209356 0.820365 87 81 74
0.097506 -0.208966 0.819261 90 86 79
0.093957 -0.208535 0.818162 92 90 84
0.090428 -0.208069 0.817069 95 94 86
0.086943 -0.207513 0.815985 98 97 89
0.083496 -0.206877 0.814910 99 99 91
0.080071 -0.206197 0.813840 101 102 94
0.076754 -0.205268 0.812794 104 104 96
0.073496 -0.204193 0.811760 106 105 98
0.070224 -0.203147 0.810724 108 106 99
0.066933 -0.202138 0.809682 110 108 101
0.063680 -0.201028 0.808649 111 111 103
0.060427 -0.199909 0.807616 112 112 104
0.057186 -0.198753 0.806584 114 114 106
0.053894 -0.197717 0.805541 114 113 106
0.050694 -0.196430 0.804518 113 109 102
0.047510 -0.195085 0.803497 112 109 102
0.044374 -0.193595 0.802485 121 111 106
0.041230 -0.192104 0.801471 132 122 117
0.038053 -0.190681 0.800449 145 131 128
0.034934 -0.189074 0.799439 160 142 140
0.031826 -0.187410 0.798429 148 133 128
0.028800 -0.185475 0.797434 123 106 99
0.025807 -0.183400 0.796445 71 57 56
0.022874 -0.181099 0.795465 50 38 35
0.020023 -0.178489 0.794499 43 26 22
0.017310 -0.175382 0.793557 87 62 54
0.014689 -0.171893 0.792629 135 101 86
0.012125 -0.168117 0.791707 154 114 96
0.009639 -0.163968 0.790796 160 116 97
0.007096 -0.159888 0.789869 160 115 94
0.004658 -0.155314 0.788957 164 117 95
0.002315 -0.150256 0.788055 166 118 96
0.000017 -0.144866 0.787155 167 118 95
-0.002467 -0.139970 0.786217 168 119 96
-0.005071 -0.135356 0.785253 169 120 97
-0.007709 -0.130710 0.784276 168 121 97
-0.010284 -0.125656 0.783304 168 121 97
-0.012806 -0.120198 0.782334 169 122 99
-0.015318 -0.114492 0.781357 170 123 100
-0.017779 -0.108350 0.780379 172 123 101
-0.020193 -0.101754 0.779400 172 123 100
-0.022428 -0.094092 0.778435 172 124 103
-0.024388 -0.084857 0.777496 173 125 106
-0.026135 -0.074213 0.776571 176 128 110
-0.027020 -0.058973 0.775738 176 129 112
0.190556 -0.158047 0.850001 144 99 89
0.181538 -0.166549 0.847504 146 100 85
0.173509 -0.173485 0.845261 148 102 86
0.166239 -0.179220 0.843213 148 104 87
0.159808 -0.183562 0.841379 147 103 85
0.153757 -0.187319 0.839642 144 103 83
0.147963 -0.190699 0.837973 146 102 85
0.142078 -0.194354 0.836284 146 102 84
0.136398 -0.197723 0.834649 145 101 84
0.130779 -0.201074 0.833032 144 101 82
0.125313 -0.204223 0.831456 144 102 81
0.120378 -0.206410 0.830013 142 99 82
0.115920 -0.207703 0.828687 138 98 82
0.111714 -0.208532 0.827424 132 99 91
0.107888 -0.208611 0.826255 113 83 78
0.104090 -0.208655 0.825092 103 76 73
0.100409 -0.208472 0.823959 113 91 89
0.096731 -0.208299 0.822826 133 112 109
0.093041 -0.208169 0.821692 145 124 123
0.089435 -0.207869 0.820578 162 139 136
0.085931 -0.207355 0.819488 151 132 126
0.082522 -0.206631 0.818421 145 131 126
0.079158 -0.205806 0.817364 140 129 124
0.075822 -0.204914 0.816314 139 129 123
0.072524 -0.203928 0.815273 141 132 126
0.069215 -0.202963 0.814229 144 131 126
0.065941 -0.201910 0.813193 144 126 123
0.062679 -0.200818 0.812159 152 128 125
0.059457 -0.199615 0.811134 159 142 138
0.056293 -0.198253 0.810122 157 146 142
0.053123 -0.196890 0.809108 150 138 134
0.049905 -0.195635 0.808083 134 123 117
0.046657 -0.194446 0.807051 107 97 91
0.043537 -0.192897 0.806046 87 76 71
0.040400 -0.191372 0.805037 65 54 52
0.037293 -0.189739 0.804034 56 43 40
0.034298 -0.187757 0.803054 45 29 28
0.031351 -0.185595 0.802084 52 28 28
0.028480 -0.183163 0.801128 86 59 54
0.025697 -0.180410 0.800189 130 97 84
0.023114 -0.176974 0.799290 147 108 89
0.020510 -0.173511 0.798384 159 113 91
0.017947 -0.169822 0.797483 160 113 91
0.015452 -0.165807 0.796593 158 113 91
0.012954 -0.161684 0.795699 160 116 95
0.010420 -0.157555 0.794793 162 116 95
0.007838 -0.153462 0.793874 164 118 96
0.005430 -0.148635 0.792985 166 119 95
0.002813 -0.144390 0.792050 168 119 96
0.000086 -0.140408 0.791090 168 119 96
-0.002546 -0.135945 0.790144 169 119 95
-0.005137 -0.131169 0.789201 170 119 97
-0.007825 -0.126601 0.788234 169 122 98
-0.010469 -0.121700 0.787270 169 122 98
-0.013038 -0.116313 0.786315 169 122 98
-0.015552 -0.110491 0.785362 170 123 99
-0.018023 -0.104256 0.784410 172 123 100
-0.020436 -0.097514 0.783460 173 123 101
-0.022707 -0.089861 0.782524 173 124 103
-0.024689 -0.080551 0.781626 173 124 106
-0.026408 -0.069589 0.780756 178 129 110
-0.027249 -0.053903 0.780007 178 128 112
0.192870 -0.151853 0.854789 141 98 88
0.183913 -0.160206 0.852248 145 100 85
0.175800 -0.167245 0.849932 146 100 84
0.168604 -0.172794 0.847861 148 101 85
0.161959 -0.177475 0.845936 146 103 85
0.155756 -0.181458 0.844130 144 103 84
0.150242 -0.184252 0.842505 145 103 85
0.144750 -0.187092 0.840888 146 102 83
0.139563 -0.189431 0.839352 146 102 83
0.134817 -0.190982 0.837931 146 102 83
0.129790 -0.193151 0.836440 147 103 84
0.124708 -0.195504 0.834936 147 104 83
0.119858 -0.197465 0.833494 148 105 85
0.115237 -0.199025 0.832113 147 104 85
0.110424 -0.201047 0.830683 148 104 86
0.105804 -0.202733 0.829305 150 108 91
0.101449 -0.203917 0.827996 146 106 88
0.097342 -0.204616 0.826750 147 107 90
0.093394 -0.205007 0.825545 141 102 89
0.089469 -0.205379 0.824347 128 91 80
0.085756 -0.205301 0.823202 106 77 65
0.082244 -0.204785 0.822108 88 65 55
0.078828 -0.204055 0.821038 81 59 49
0.075425 -0.203295 0.819971 73 54 45
0.072093 -0.202366 0.818922 67 49 41
0.068780 -0.201387 0.817878 64 47 41
0.065501 -0.200319 0.816841 61 42 37
0.062235 -0.199211 0.815808 64 44 40
0.058964 -0.198107 0.814773 61 43 37
0.055764 -0.196813 0.813755 71 50 43
0.052600 -0.195407 0.812745 73 52 44
0.049431 -0.193997 0.811734 88 61 51
0.046252 -0.192595 0.810719 111 81 70
0.043178 -0.190885 0.809730 133 99 88
0.040202 -0.188875 0.808762 143 105 92
0.037302 -0.186611 0.807811 149 109 93
0.034530 -0.183929 0.806889 155 112 94
0.031709 -0.181326 0.805955 159 114 92
0.029155 -0.177867 0.805080 160 113 89
0.026539 -0.174507 0.804188 159 111 88
0.024066 -0.170615 0.803327 158 112 89
0.021517 -0.166849 0.802446 160 112 89
0.018899 -0.163198 0.801547 162 114 92
0.016249 -0.159546 0.800637 160 115 93
0.013573 -0.155874 0.799719 164 117 95
0.010880 -0.152151 0.798795 165 118 95
0.008163 -0.148395 0.797863 165 118 95
0.005462 -0.144472 0.796930 166 119 95
0.002756 -0.140441 0.795994 166 119 95
0.000037 -0.136329 0.795052 168 119 96
-0.002638 -0.131915 0.794115 169 119 94
-0.005277 -0.127210 0.793182 170 119 97
-0.007974 -0.122569 0.792233 169 120 97
-0.010657 -0.117700 0.791282 170 121 99
-0.013257 -0.112320 0.790344 169 122 98
-0.015782 -0.106413 0.789415 170 123 99
-0.018266 -0.100101 0.788488 172 123 100
-0.020661 -0.093137 0.787572 173 123 101
-0.022938 -0.085347 0.786671 173 124 104
-0.024988 -0.076174 0.785805 176 126 106
-0.026717 -0.065063 0.784987 176 126 108
-0.027499 -0.048853 0.784330 176 128 110
0.195767 -0.144587 0.859816 139 97 88
0.186182 -0.154012 0.857043 143 99 85
0.177783 -0.161524 0.854598 144 100 85
0.170613 -0.166978 0.852492 146 100 85
0.163832 -0.171860 0.850495 144 101 84
0.157531 -0.175978 0.848630 143 102 85
0.151693 -0.179333 0.846894 143 101 85
0.146229 -0.182072 0.845260 145 103 84
0.140997 -0.184449 0.843691 146 104 85
0.136145 -0.186155 0.842225 147 103 84
0.131578 -0.187356 0.840838 147 103 84
0.126627 -0.189384 0.839349 148 104 85
0.121976 -0.190871 0.837941 149 105 86
0.117490 -0.192074 0.836579 149 105 86
0.113083 -0.193167 0.835239 150 104 86
0.108891 -0.193850 0.833958 151 105 87
0.104731 -0.194506 0.832685 151 106 87
0.100645 -0.195040 0.831433 151 106 86
0.096596 -0.195529 0.830191 151 106 86
0.092473 -0.196217 0.828931 152 107 86
0.087872 -0.198034 0.827546 151 108 86
0.083892 -0.198494 0.826325 152 110 88
0.079984 -0.198821 0.825124 153 109 88
0.076090 -0.199149 0.823927 152 108 87
0.072768 -0.198135 0.822880 152 107 88
0.069498 -0.196989 0.821846 152 109 91
0.066233 -0.195822 0.820814 154 110 91
0.062761 -0.195161 0.819727 154 111 92
0.059411 -0.194194 0.818673 155 111 92
0.056159 -0.192970 0.817643 156 111 91
0.053074 -0.191295 0.816656 155 110 89
0.050208 -0.189010 0.815724 154 109 89
0.047150 -0.187199 0.814743 155 111 89
0.044163 -0.185156 0.813779 154 109 88
0.041511 -0.182142 0.812898 156 111 89
0.038872 -0.179014 0.812020 157 111 89
0.036251 -0.175757 0.811144 157 111 89
0.033483 -0.172851 0.810231 159 112 88
0.031088 -0.168759 0.809408 159 112 88
0.028263 -0.165858 0.808477 160 113 89
0.025333 -0.163208 0.807518 162 113 90
0.022323 -0.160746 0.806538 163 114 91
0.019471 -0.157717 0.805596 163 115 92
0.016661 -0.154469 0.804662 163 116 92
0.013846 -0.151149 0.803725 164 117 95
0.011029 -0.147737 0.802786 165 118 96
0.008237 -0.144138 0.801851 165 118 95
0.005466 -0.140359 0.800919 165 118 96
0.002683 -0.136498 0.799981 167 118 95
-0.000088 -0.132475 0.799044 168 119 96
-0.002810 -0.128132 0.798115 169 118 96
-0.005489 -0.123478 0.797194 169 119 96
-0.008200 -0.118781 0.796261 169 120 97
-0.010887 -0.113818 0.795331 170 121 98
-0.013473 -0.108254 0.794420 169 122 100
-0.015995 -0.102207 0.793519 170 123 99
-0.018461 -0.095675 0.792626 172 123 100
-0.020963 -0.089031 0.791719 172 124 101
-0.023281 -0.081268 0.790847 173 125 104
-0.025356 -0.072043 0.790020 176 126 106
-0.027082 -0.060732 0.789259 175 125 107
-0.027827 -0.044095 0.788694 176 126 110
0.199396 -0.135974 0.865144 137 96 86
0.188693 -0.147341 0.861986 139 97 84
0.179657 -0.155963 0.859307 142 99 85
0.172418 -0.161499 0.857140 143 100 85
0.165452 -0.166679 0.855053 142 101 85
0.159006 -0.171024 0.853115 142 101 86
0.153038 -0.174584 0.851314 142 101 84
0.147562 -0.177300 0.849654 143 102 84
0.142386 -0.179518 0.848080 145 104 84
0.137325 -0.181586 0.846539 147 104 84
0.132484 -0.183285 0.845061 148 105 84
0.127742 -0.184848 0.843612 148 105 84
0.123135 -0.186195 0.842201 149 105 86
0.118671 -0.187299 0.840832 149 105 86
0.114302 -0.188257 0.839490 150 104 86
0.110066 -0.188976 0.838185 151 105 87
0.105920 -0.189543 0.836907 153 108 88
0.101810 -0.190066 0.835639 153 108 88
0.097803 -0.190399 0.834400 152 107 86
0.093897 -0.190537 0.833190 152 107 85
0.090039 -0.190592 0.831993 153 108 86
0.086295 -0.190406 0.830828 153 108 86
0.082882 -0.189465 0.829755 153 108 86
0.079392 -0.188703 0.828661 152 107 86
0.075818 -0.188145 0.827544 151 106 86
0.072276 -0.187515 0.826435 152 109 88
0.068796 -0.186739 0.825344 153 110 89
0.065337 -0.185912 0.824258 154 109 89
0.061869 -0.185105 0.823170 154 109 89
0.058639 -0.183682 0.822147 154 109 89
0.055456 -0.182115 0.821136 154 109 89
0.052224 -0.180657 0.820112 154 109 89
0.049061 -0.178994 0.819106 155 110 90
0.046046 -0.176891 0.818140 155 110 88
0.043127 -0.174477 0.817199 156 111 89
0.040192 -0.172056 0.816253 158 111 89
0.037371 -0.169253 0.815336 159 112 90
0.034489 -0.166558 0.814403 160 113 89
0.031538 -0.164010 0.813450 160 113 89
0.028467 -0.161767 0.812464 160 114 90
0.025447 -0.159313 0.811492 162 113 90
0.022489 -0.156606 0.810534 163 114 91
0.019592 -0.153634 0.809592 164 115 92
0.016723 -0.150490 0.808656 164 117 93
0.013853 -0.147260 0.807718 164 117 95
0.010994 -0.143900 0.806782 165 118 94
0.008158 -0.140362 0.805851 165 118 95
0.005341 -0.136652 0.804923 166 119 96
0.002527 -0.132811 0.803993 167 118 95
-0.000275 -0.128803 0.803066 167 119 96
-0.003027 -0.124472 0.802149 169 119 97
-0.005741 -0.119845 0.801239 169 119 97
-0.008463 -0.115085 0.800326 169 121 99
-0.011130 -0.109931 0.799423 169 122 101
-0.013736 -0.104330 0.798533 170 123 101
-0.016211 -0.097953 0.797672 170 123 101
-0.018751 -0.091596 0.796792 172 123 102
-0.021296 -0.084998 0.795906 172 124 101
-0.023649 -0.077245 0.795063 173 126 104
-0.025739 -0.067916 0.794280 176 128 106
-0.027451 -0.056346 0.793580 176 126 108
-0.028222 -0.039588 0.793098 178 129 112
0.191174 -0.140684 0.867005 139 97 84
0.181845 -0.149791 0.864178 139 99 85
0.174142 -0.156133 0.861834 140 99 86
0.167030 -0.161543 0.859665 141 101 86
0.160422 -0.166149 0.857646 141 101 87
0.154296 -0.169966 0.855770 141 101 86
0.148696 -0.172878 0.854051 144 103 87
0.143476 -0.175140 0.852443 144 103 83
0.138377 -0.177236 0.850873 147 103 84
0.133522 -0.178919 0.849374 148 105 84
0.128805 -0.180384 0.847917 149 106 85
0.124238 -0.181599 0.846504 149 106 85
0.119742 -0.182719 0.845113 149 105 86
0.115367 -0.183634 0.843757 149 106 85
0.111078 -0.184413 0.842427 152 107 87
0.106819 -0.185167 0.841106 153 108 88
0.102656 -0.185755 0.839814 153 108 88
0.098559 -0.186235 0.838541 153 108 86
0.094699 -0.186214 0.837337 153 108 86
0.090847 -0.186197 0.836137 153 108 86
0.087154 -0.185834 0.834982 153 108 86
0.083698 -0.184928 0.833897 153 108 86
0.080237 -0.184033 0.832810 153 108 86
0.076687 -0.183348 0.831698 152 107 85
0.073128 -0.182692 0.830582 152 109 88
0.069641 -0.181860 0.829488 153 110 89
0.066186 -0.180948 0.828403 154 109 88
0.062730 -0.180035 0.827317 154 109 88
0.059453 -0.178654 0.826284 154 109 88
0.056217 -0.177144 0.825262 154 109 88
0.052935 -0.175739 0.824226 154 109 89
0.049703 -0.174178 0.823205 155 110 90
0.046576 -0.172303 0.822213 156 111 89
0.043541 -0.170131 0.821248 158 112 89
0.040593 -0.167668 0.820307 159 112 89
0.037595 -0.165293 0.819352 159 112 90
0.034554 -0.162996 0.818383 160 113 89
0.031490 -0.160716 0.817408 160 114 90
0.028461 -0.158275 0.816442 162 114 90
0.025433 -0.155776 0.815476 162 114 91
0.022430 -0.153137 0.814517 163 114 91
0.019475 -0.150275 0.813570 163 115 92
0.016574 -0.147160 0.812638 164 116 92
0.013697 -0.143876 0.811712 165 117 94
0.010830 -0.140462 0.810788 164 117 94
0.007981 -0.136886 0.809868 165 118 96
0.005141 -0.133166 0.808950 166 119 96
0.002300 -0.129334 0.808030 166 119 97
-0.000530 -0.125336 0.807113 167 118 97
-0.003300 -0.120976 0.806211 168 119 97
-0.006023 -0.116286 0.805320 169 121 99
-0.008722 -0.111326 0.804435 169 122 100
-0.011415 -0.106161 0.803550 168 122 102
-0.014032 -0.100486 0.802683 169 123 103
-0.016525 -0.094053 0.801849 169 123 101
-0.019086 -0.087656 0.800994 172 123 102
-0.021661 -0.081049 0.800133 172 124 103
-0.024021 -0.073172 0.799327 173 125 104
-0.026147 -0.063842 0.798581 176 129 107
-0.027912 -0.052327 0.797929 173 125 106
-0.028636 -0.035102 0.797550 182 133 117
0.193595 -0.134089 0.872091 138 96 85
0.184033 -0.143579 0.869129 137 97 84
0.175951 -0.150574 0.866622 138 98 85
0.168672 -0.156250 0.864362 138 99 85
0.161876 -0.161168 0.862250 139 100 87
0.155556 -0.165312 0.860285 141 101 87
0.149783 -0.168516 0.858489 141 103 86
0.144451 -0.170955 0.856827 144 103 83
0.139257 -0.173200 0.855209 146 103 84
0.134360 -0.174925 0.853681 148 105 84
0.129675 -0.176282 0.852219 148 105 84
0.125118 -0.177431 0.850796 148 105 82
0.120612 -0.178524 0.849390 149 106 85
0.116236 -0.179393 0.848023 150 105 85
0.111926 -0.180166 0.846676 152 107 87
0.107673 -0.180857 0.845347 152 108 88
0.103500 -0.181414 0.844042 153 108 88
0.099399 -0.181846 0.842760 152 107 86
0.095409 -0.182063 0.841511 152 107 86
0.091547 -0.182016 0.840302 152 107 85
0.087841 -0.181625 0.839141 153 108 86
0.084263 -0.180947 0.838019 153 108 86
0.080702 -0.180230 0.836902 152 107 85
0.077137 -0.179528 0.835783 152 107 85
0.073646 -0.178648 0.834687 153 108 87
0.070088 -0.177933 0.833571 154 109 88
0.066626 -0.176978 0.832484 154 109 87
0.063219 -0.175878 0.831414 154 109 87
0.059893 -0.174556 0.830369 154 109 87
0.056595 -0.173146 0.829332 153 108 86
0.053319 -0.171657 0.828301 154 109 87
0.050123 -0.169928 0.827295 155 110 88
0.046978 -0.168026 0.826305 156 111 89
0.043862 -0.166008 0.825323 157 112 89
0.040738 -0.163973 0.824338 159 112 89
0.037654 -0.161781 0.823365 159 112 88
0.034581 -0.159508 0.822396 159 112 89
0.031490 -0.157239 0.821421 159 113 91
0.028448 -0.154769 0.820461 159 113 90
0.025403 -0.152252 0.819499 160 114 93
0.022369 -0.149636 0.818541 162 115 92
0.019376 -0.146819 0.817595 162 115 92
0.016437 -0.143751 0.816665 163 116 92
0.013537 -0.140465 0.815746 164 116 93
0.010648 -0.137044 0.814831 164 117 93
0.007780 -0.133449 0.813921 165 118 94
0.004916 -0.129726 0.813012 165 118 95
0.002053 -0.125884 0.812104 167 118 95
-0.000775 -0.121785 0.811205 166 119 97
-0.003553 -0.117357 0.810321 168 119 97
-0.006292 -0.112624 0.809448 168 121 99
-0.009029 -0.107706 0.808575 169 122 100
-0.011723 -0.102434 0.807714 167 122 101
-0.014291 -0.096429 0.806891 167 122 102
-0.016833 -0.090070 0.806075 168 123 102
-0.019421 -0.083652 0.805243 169 123 101
-0.022010 -0.076964 0.804411 171 123 102
-0.024411 -0.069118 0.803634 173 125 104
-0.026546 -0.059654 0.802935 175 126 105
-0.028309 -0.047936 0.802344 184 137 117
-0.029031 -0.030442 0.802061 176 126 111
0.197535 -0.124698 0.877746 137 96 85
0.186499 -0.136818 0.874248 136 96 83
0.177853 -0.144805 0.871511 136 97 84
0.170399 -0.150764 0.869153 136 100 86
0.163397 -0.156027 0.866940 135 99 85
0.156835 -0.160591 0.864866 139 101 87
0.150870 -0.164125 0.862983 142 103 86
0.145484 -0.166626 0.861283 144 103 85
0.140180 -0.169047 0.859610 146 103 84
0.135200 -0.170897 0.858040 148 105 84
0.130461 -0.172320 0.856547 148 105 84
0.125827 -0.173585 0.855087 148 105 84
0.121293 -0.174695 0.853659 150 105 85
0.116874 -0.175611 0.852268 150 105 85
0.112544 -0.176384 0.850905 151 106 85
0.108265 -0.177087 0.849558 152 107 87
0.104057 -0.177673 0.848234 152 107 87
0.099919 -0.178143 0.846932 153 108 85
0.095894 -0.178391 0.845666 152 107 86
0.091998 -0.178372 0.844441 153 108 86
0.088215 -0.178113 0.843252 153 108 84
0.084580 -0.177519 0.842111 153 108 85
0.080966 -0.176882 0.840976 153 108 86
0.077362 -0.176227 0.839845 152 107 83
0.073832 -0.175391 0.838737 153 108 87
0.070298 -0.174567 0.837628 154 109 88
0.066821 -0.173598 0.836537 154 109 87
0.063378 -0.172538 0.835457 154 109 87
0.060034 -0.171210 0.834409 153 108 86
0.056721 -0.169783 0.833371 154 109 87
0.053419 -0.168307 0.832336 154 109 87
0.050209 -0.166557 0.831331 154 109 87
0.047017 -0.164727 0.830332 156 111 89
0.043861 -0.162762 0.829344 156 111 89
0.040694 -0.160787 0.828354 159 112 90
0.037576 -0.158634 0.827378 159 112 88
0.034495 -0.156321 0.826415 159 112 91
0.031395 -0.154019 0.825446 158 113 92
0.028344 -0.151510 0.824493 158 113 92
0.025279 -0.148982 0.823535 159 114 92
0.022244 -0.146301 0.822587 160 114 92
0.019242 -0.143441 0.821650 162 115 93
0.016282 -0.140365 0.820727 163 116 92
0.013376 -0.137016 0.819821 163 117 93
0.010467 -0.133582 0.818915 164 117 93
0.007577 -0.129976 0.818015 164 117 95
0.004695 -0.126233 0.817118 165 118 96
0.001816 -0.122355 0.816222 166 117 96
-0.001021 -0.118195 0.815340 166 119 97
-0.003810 -0.113709 0.814473 167 120 99
-0.006564 -0.108922 0.813619 167 120 99
-0.009326 -0.103997 0.812762 167 121 99
-0.011990 -0.098481 0.811938 166 121 101
-0.014601 -0.092529 0.811131 167 122 102
-0.017160 -0.086109 0.810342 168 123 103
-0.019774 -0.079667 0.809535 171 123 102
-0.022421 -0.073099 0.808718 171 123 102
-0.024766 -0.064838 0.808001 172 124 103
-0.026890 -0.055140 0.807356 175 128 106
-0.028517 -0.042543 0.806874 179 131 112
-0.029105 -0.024090 0.806733 179 129 113
0.200662 -0.116722 0.883253 140 95 85
0.188936 -0.130062 0.879444 136 96 82
0.180459 -0.137686 0.876707 135 96 83
0.172144 -0.145205 0.874022 135 99 85
0.164941 -0.150806 0.871703 135 99 85
0.158083 -0.155897 0.869497 138 101 87
0.151972 -0.159673 0.867538 141 101 87
0.146561 -0.162180 0.865809 146 102 84
0.141219 -0.164633 0.864103 146 102 83
0.136134 -0.166648 0.862482 147 104 83
0.131290 -0.168242 0.860940 147 104 83
0.126541 -0.169702 0.859429 149 104 82
0.121938 -0.170914 0.857966 149 104 84
0.117450 -0.171932 0.856541 150 105 85
0.113074 -0.172761 0.855153 151 106 86
0.108749 -0.173520 0.853781 151 106 86
0.104492 -0.174174 0.852432 152 107 87
0.100323 -0.174670 0.851112 152 107 85
0.096295 -0.174882 0.849838 151 106 84
0.092379 -0.174863 0.848602 152 107 85
0.088540 -0.174688 0.847391 153 108 85
0.084847 -0.174183 0.846230 153 108 86
0.081171 -0.173647 0.845073 152 107 85
0.077539 -0.173011 0.843932 151 106 83
0.074008 -0.172131 0.842824 152 107 85
0.070462 -0.171289 0.841711 153 108 86
0.066966 -0.170318 0.840615 156 109 87
0.063502 -0.169259 0.839530 156 109 87
0.060141 -0.167920 0.838480 154 109 87
0.056806 -0.166498 0.837438 153 108 86
0.053496 -0.164988 0.836405 154 109 87
0.050259 -0.163253 0.835397 155 110 90
0.047039 -0.161443 0.834395 155 110 88
0.043854 -0.159498 0.833405 156 111 90
0.040649 -0.157576 0.832408 157 112 90
0.037499 -0.155451 0.831431 156 111 89
0.034396 -0.153143 0.830470 157 112 90
0.031284 -0.150811 0.829506 157 112 92
0.028219 -0.148279 0.828558 157 114 93
0.025148 -0.145703 0.827609 159 113 92
0.022119 -0.142929 0.826675 159 114 93
0.019110 -0.140016 0.825748 160 114 91
0.016135 -0.136908 0.824834 162 115 91
0.013208 -0.133551 0.823937 163 116 92
0.010281 -0.130095 0.823040 163 116 92
0.007376 -0.126455 0.822152 164 117 95
0.004476 -0.122683 0.821267 166 117 96
0.001576 -0.118795 0.820382 165 118 97
-0.001283 -0.114615 0.819513 166 119 97
-0.004078 -0.110049 0.818667 167 120 100
-0.006809 -0.105068 0.817845 167 120 100
-0.009583 -0.100074 0.817009 164 120 100
-0.012288 -0.094605 0.816198 165 121 102
-0.014920 -0.088612 0.815415 167 122 102
-0.017531 -0.082284 0.814641 168 123 103
-0.020166 -0.075797 0.813861 171 123 102
-0.022853 -0.069266 0.813065 171 123 102
-0.025205 -0.060883 0.812390 168 120 99
-0.027226 -0.050514 0.811834 178 130 109
-0.028703 -0.036957 0.811476 173 125 107
-0.029168 -0.017566 0.811485 182 132 117
0.192962 -0.120327 0.885272 136 96 83
0.182839 -0.130939 0.881918 134 96 83
0.174323 -0.138788 0.879111 134 97 83
0.166918 -0.144719 0.876682 136 98 85
0.159698 -0.150457 0.874315 137 99 86
0.153259 -0.154828 0.872214 140 100 86
0.147658 -0.157663 0.870399 143 101 83
0.142245 -0.160214 0.868648 145 101 82
0.137091 -0.162323 0.866986 147 101 83
0.132135 -0.164100 0.865390 148 104 84
0.127309 -0.165676 0.863839 148 103 83
0.122643 -0.166976 0.862342 148 103 82
0.118100 -0.168067 0.860886 149 104 84
0.113650 -0.169011 0.859463 150 105 84
0.109295 -0.169793 0.858071 152 105 87
0.105008 -0.170467 0.856703 151 106 86
0.100793 -0.171020 0.855359 150 105 86
0.096744 -0.171233 0.854072 151 106 85
0.092783 -0.171271 0.852816 152 107 85
0.088896 -0.171159 0.851585 153 108 86
0.085148 -0.170736 0.850403 153 108 86
0.081427 -0.170260 0.849229 152 107 85
0.077778 -0.169617 0.848081 151 106 84
0.074220 -0.168753 0.846965 152 107 87
0.070664 -0.167882 0.845850 153 108 86
0.067149 -0.166909 0.844748 156 109 87
0.063676 -0.165817 0.843662 156 109 87
0.060298 -0.164468 0.842609 153 108 86
0.056947 -0.163030 0.841566 153 108 86
0.053642 -0.161446 0.840540 154 109 87
0.050363 -0.159766 0.839524 155 110 88
0.047099 -0.158017 0.838512 157 110 90
0.043867 -0.156143 0.837513 156 111 90
0.040632 -0.154245 0.836514 157 111 89
0.037457 -0.152134 0.835535 156 111 89
0.034319 -0.149864 0.834572 156 111 89
0.031200 -0.147485 0.833615 157 112 91
0.028113 -0.144953 0.832671 158 113 93
0.025038 -0.142316 0.831732 158 113 92
0.022010 -0.139466 0.830811 158 113 92
0.018991 -0.136507 0.829894 162 115 93
0.015998 -0.133379 0.828988 162 115 93
0.013045 -0.130027 0.828097 163 116 92
0.010099 -0.126552 0.827210 163 115 92
0.007171 -0.122904 0.826332 165 116 93
0.004255 -0.119100 0.825459 165 117 96
0.001338 -0.115174 0.824588 164 118 97
-0.001521 -0.110901 0.823739 164 119 99
-0.004300 -0.106162 0.822923 164 119 99
-0.007089 -0.101296 0.822105 164 121 100
-0.009874 -0.096233 0.821291 163 119 100
-0.012607 -0.090758 0.820499 165 122 101
-0.015291 -0.084858 0.819728 166 123 102
-0.017967 -0.078685 0.818964 167 122 102
-0.020645 -0.072256 0.818202 168 123 101
-0.023286 -0.065379 0.817459 168 121 99
-0.025622 -0.056760 0.816835 179 132 110
-0.027645 -0.046211 0.816338 173 123 103
-0.029071 -0.032174 0.816077 178 129 110
-0.029566 -0.012647 0.816186 178 126 111
0.195375 -0.113518 0.890653 138 97 84
0.185081 -0.124408 0.887166 136 96 83
0.176233 -0.132836 0.884187 135 96 83
0.168711 -0.138943 0.881675 135 97 84
0.161284 -0.145038 0.879192 137 99 86
0.154519 -0.150000 0.876943 140 100 84
0.148657 -0.153309 0.875013 143 99 80
0.143168 -0.155969 0.873214 145 100 81
0.137945 -0.158176 0.871509 146 100 82
0.132886 -0.160123 0.869860 150 103 81
0.127981 -0.161820 0.868266 148 103 83
0.123248 -0.163220 0.866732 149 104 84
0.118684 -0.164315 0.865258 149 104 84
0.114177 -0.165337 0.863803 149 104 85
0.109777 -0.166175 0.862386 150 105 85
0.105469 -0.166852 0.861002 151 105 87
0.101244 -0.167384 0.859646 151 105 87
0.097163 -0.167624 0.858342 151 105 87
0.093137 -0.167764 0.857058 152 107 87
0.089213 -0.167693 0.855810 152 107 87
0.085398 -0.167382 0.854601 152 109 86
0.081627 -0.166979 0.853408 150 107 84
0.077962 -0.166327 0.852254 150 107 84
0.074375 -0.165487 0.851128 150 107 86
0.070808 -0.164594 0.850010 152 107 85
0.067270 -0.163627 0.848902 155 109 87
0.063792 -0.162498 0.847816 154 109 87
0.060399 -0.161134 0.846762 156 109 85
0.057015 -0.159727 0.845712 156 108 85
0.053691 -0.158138 0.844684 156 109 85
0.050389 -0.156464 0.843665 157 110 88
0.047108 -0.154702 0.842654 157 110 88
0.043839 -0.152874 0.841649 158 111 89
0.040589 -0.150959 0.840651 158 111 89
0.037399 -0.148826 0.839676 155 110 88
0.034232 -0.146578 0.838711 156 111 89
0.031104 -0.144160 0.837762 157 112 90
0.027995 -0.141626 0.836821 157 112 90
0.024909 -0.138957 0.835889 158 113 92
0.021867 -0.136075 0.834976 158 112 91
0.018835 -0.133082 0.834069 160 113 91
0.015819 -0.129952 0.833169 162 115 92
0.012844 -0.126593 0.832286 163 116 92
0.009881 -0.123090 0.831410 164 115 92
0.006934 -0.119426 0.830543 165 116 93
0.004006 -0.115571 0.829685 165 117 96
0.001079 -0.111591 0.828829 165 118 97
-0.001766 -0.107162 0.828009 164 119 99
-0.004596 -0.102517 0.827197 164 118 100
-0.007397 -0.097588 0.826400 164 118 100
-0.010187 -0.092428 0.825611 164 121 100
-0.012959 -0.086995 0.824834 165 122 101
-0.015705 -0.081235 0.824070 167 123 103
-0.018435 -0.075169 0.823318 169 123 102
-0.021113 -0.068612 0.822591 173 125 106
-0.023717 -0.061425 0.821901 179 132 112
-0.026029 -0.052523 0.821336 172 123 102
-0.028009 -0.041574 0.820916 176 125 106
-0.029346 -0.026848 0.820774 178 126 109
-0.029857 -0.007092 0.820992 181 129 113
0.187000 -0.118439 0.892382 136 97 83
0.178562 -0.126048 0.889494 134 97 83
0.170262 -0.133596 0.886652 136 97 84
0.162596 -0.140114 0.884039 136 97 83
0.155770 -0.145156 0.881731 139 98 81
0.149716 -0.148802 0.879705 143 99 81
0.144134 -0.151608 0.877850 145 99 81
0.138789 -0.154019 0.876081 146 100 82
0.133629 -0.156134 0.874379 150 102 84
0.128640 -0.157964 0.872738 148 103 83
0.123832 -0.159480 0.871163 148 103 83
0.119237 -0.160600 0.869666 149 104 84
0.114694 -0.161659 0.868187 148 104 85
0.110243 -0.162565 0.866742 149 106 85
0.105908 -0.163260 0.865338 150 105 86
0.101680 -0.163753 0.863974 151 105 87
0.097574 -0.164003 0.862655 151 105 87
0.093508 -0.164190 0.861351 151 106 86
0.089546 -0.164159 0.860085 151 108 87
0.085691 -0.163897 0.858859 151 108 86
0.081877 -0.163549 0.857648 150 107 86
0.078180 -0.162926 0.856481 150 107 85
0.074558 -0.162122 0.855343 150 107 84
0.070969 -0.161233 0.854218 152 107 85
0.067411 -0.160264 0.853105 152 107 85
0.063915 -0.159129 0.852015 155 108 86
0.060501 -0.157763 0.850957 155 108 84
0.057080 -0.156400 0.849898 155 108 84
0.053732 -0.154821 0.848866 156 109 85
0.050412 -0.153138 0.847847 157 110 87
0.047113 -0.151367 0.846836 157 110 86
0.043825 -0.149532 0.845831 157 110 88
0.040549 -0.147629 0.844831 157 110 88
0.037347 -0.145468 0.843861 155 110 88
0.034163 -0.143203 0.842899 156 111 88
0.031011 -0.140791 0.841951 157 112 90
0.027873 -0.138277 0.841011 158 112 90
0.024764 -0.135607 0.840083 158 112 90
0.021697 -0.132732 0.839174 159 113 91
0.018643 -0.129739 0.838272 160 114 91
0.015615 -0.126572 0.837383 162 115 93
0.012625 -0.123178 0.836512 164 115 93
0.009639 -0.119674 0.835644 164 115 92
0.006667 -0.116011 0.834785 164 116 94
0.003771 -0.111949 0.833960 164 117 95
0.000837 -0.107895 0.833123 164 117 96
-0.002042 -0.103489 0.832312 164 118 98
-0.004868 -0.098721 0.831528 163 117 99
-0.007669 -0.093679 0.830758 165 119 101
-0.010493 -0.088542 0.829982 164 120 101
-0.013322 -0.083225 0.829210 165 122 101
-0.016138 -0.077641 0.828449 165 122 101
-0.018929 -0.071717 0.827704 179 134 114
-0.021571 -0.064862 0.827030 169 122 102
-0.024124 -0.057288 0.826403 172 124 103
-0.026401 -0.048045 0.825905 173 123 103
-0.028291 -0.036448 0.825589 181 131 112
-0.029567 -0.021153 0.825562 173 122 106
-0.030070 -0.001031 0.825902 182 129 115
0.189117 -0.112056 0.897750 136 97 83
0.180484 -0.119988 0.894736 137 98 84
0.172059 -0.127734 0.891794 135 96 83
0.164323 -0.134342 0.889108 136 97 80
0.157301 -0.139723 0.886689 139 98 82
0.151036 -0.143740 0.884555 142 98 81
0.145207 -0.146994 0.882584 145 99 81
0.139756 -0.149579 0.880755 146 100 82
0.134482 -0.151882 0.878992 149 101 83
0.129422 -0.153818 0.877308 149 103 83
0.124539 -0.155448 0.875690 150 103 83
0.119859 -0.156705 0.874149 149 103 85
0.115256 -0.157852 0.872636 149 103 85
0.110785 -0.158757 0.871173 148 104 85
0.106438 -0.159433 0.869757 149 105 86
0.102180 -0.159945 0.868374 149 105 86
0.098047 -0.160209 0.867039 150 106 87
0.093946 -0.160427 0.865716 149 106 86
0.089929 -0.160477 0.864425 150 107 86
0.086041 -0.160243 0.863183 150 107 86
0.082212 -0.159880 0.861965 150 107 87
0.078486 -0.159275 0.860787 150 107 86
0.074812 -0.158546 0.859630 150 107 84
0.071193 -0.157681 0.858494 150 107 84
0.067604 -0.156736 0.857371 152 107 85
0.064059 -0.155671 0.856266 154 108 84
0.060605 -0.154355 0.855197 155 108 84
0.057171 -0.152973 0.854136 156 109 85
0.053807 -0.151376 0.853105 156 109 85
0.050457 -0.149716 0.852080 156 109 85
0.047136 -0.147943 0.851068 156 109 85
0.043835 -0.146083 0.850065 157 110 86
0.040519 -0.144234 0.849057 157 110 86
0.037288 -0.142094 0.848085 157 110 86
0.034089 -0.139807 0.847128 158 111 88
0.030918 -0.137385 0.846184 158 111 87
0.027757 -0.134870 0.845246 157 112 89
0.024629 -0.132188 0.844323 160 113 90
0.021530 -0.129344 0.843415 160 113 91
0.018438 -0.126399 0.842512 160 114 91
0.015393 -0.123207 0.841632 162 114 91
0.012397 -0.119757 0.840776 164 115 92
0.009406 -0.116182 0.839925 164 115 92
0.006462 -0.112325 0.839097 164 115 93
0.003520 -0.108337 0.838274 164 117 96
0.000580 -0.104205 0.837457 164 117 97
-0.002307 -0.099730 0.836667 165 118 98
-0.005152 -0.094926 0.835900 165 118 99
-0.008007 -0.089986 0.835134 165 120 100
-0.010903 -0.085032 0.834356 164 119 99
-0.013778 -0.079792 0.833593 163 118 98
-0.016630 -0.074249 0.832846 191 147 126
-0.019429 -0.068237 0.832132 168 123 103
-0.022029 -0.061055 0.831516 171 123 104
-0.024479 -0.052844 0.830980 173 125 104
-0.026678 -0.043034 0.830574 179 130 112
-0.028499 -0.030872 0.830361 173 123 105
-0.029708 -0.014957 0.830459 185 133 117
-0.030323 0.004931 0.830869 182 128 114
0.191720 -0.104710 0.903391 136 96 82
0.182456 -0.113792 0.900076 135 95 81
0.173914 -0.121719 0.897035 137 97 81
0.166106 -0.128420 0.894275 137 98 81
0.158982 -0.133952 0.891778 140 96 79
0.152495 -0.138361 0.889527 143 98 81
0.146348 -0.142211 0.887405 144 97 79
0.140736 -0.145079 0.885492 147 100 81
0.135404 -0.147457 0.883687 148 100 82
0.130286 -0.149467 0.881964 149 102 82
0.125346 -0.151172 0.880310 148 102 84
0.120602 -0.152518 0.878732 149 103 85
0.115903 -0.153826 0.877169 149 103 85
0.111359 -0.154847 0.875667 148 104 85
0.106966 -0.155577 0.874224 149 105 86
0.102704 -0.156052 0.872833 149 105 88
0.098544 -0.156328 0.871482 149 105 86
0.094400 -0.156597 0.870136 149 105 86
0.090350 -0.156672 0.868828 150 106 87
0.086405 -0.156521 0.867561 150 106 87
0.082536 -0.156205 0.866325 150 107 86
0.078767 -0.155653 0.865130 150 107 85
0.075053 -0.154971 0.863958 149 106 83
0.071398 -0.154142 0.862809 150 107 84
0.067769 -0.153246 0.861672 152 107 85
0.064202 -0.152185 0.860560 152 107 85
0.060710 -0.150915 0.859480 153 108 84
0.057258 -0.149521 0.858418 156 108 84
0.053864 -0.147946 0.857380 156 109 85
0.050501 -0.146261 0.856357 156 109 85
0.047174 -0.144444 0.855350 156 109 85
0.043861 -0.142553 0.854351 158 110 84
0.040536 -0.140663 0.853347 158 109 86
0.037264 -0.138576 0.852368 158 111 89
0.034037 -0.136306 0.851409 159 110 89
0.030847 -0.133869 0.850469 159 110 89
0.027666 -0.131345 0.849535 159 111 89
0.024507 -0.128690 0.848612 159 112 89
0.021372 -0.125882 0.847704 160 113 89
0.018265 -0.122909 0.846809 160 114 90
0.015200 -0.119708 0.845937 162 114 90
0.012191 -0.116213 0.845094 163 114 91
0.009236 -0.112420 0.844278 164 115 92
0.006285 -0.108492 0.843469 164 115 92
0.003350 -0.104372 0.842672 165 116 95
0.000389 -0.100217 0.841867 164 117 97
-0.002542 -0.095797 0.841083 165 118 98
-0.005469 -0.091208 0.840305 164 117 97
-0.008422 -0.086554 0.839522 165 118 98
-0.011369 -0.081704 0.838747 176 129 108
-0.014293 -0.076567 0.837990 178 130 109
-0.017074 -0.070593 0.837310 168 121 101
-0.019783 -0.064046 0.836673 166 123 102
-0.022330 -0.056460 0.836127 170 123 104
-0.024722 -0.047795 0.835670 182 136 116
-0.026928 -0.037814 0.835320 175 123 107
-0.028642 -0.024869 0.835236 179 128 112
-0.029863 -0.008719 0.835427 179 125 111
-0.030660 0.010552 0.835867 184 128 116
0.184427 -0.107555 0.905497 136 96 82
0.175472 -0.116240 0.902234 136 96 79
0.167573 -0.123080 0.899390 139 95 80
0.160339 -0.128786 0.896809 143 99 82
0.153757 -0.133341 0.894488 142 96 79
0.147523 -0.137322 0.892303 144 98 80
0.141805 -0.140359 0.890325 145 99 81
0.136340 -0.142968 0.888446 145 99 81
0.131135 -0.145115 0.886671 147 101 83
0.126109 -0.146955 0.884967 147 103 84
0.121282 -0.148436 0.883342 148 102 84
0.116510 -0.149857 0.881738 148 103 85
0.111889 -0.151004 0.880194 148 104 85
0.107462 -0.151765 0.878729 149 105 88
0.103200 -0.152191 0.877331 149 105 86
0.098992 -0.152528 0.875955 149 105 87
0.094810 -0.152837 0.874588 149 105 87
0.090738 -0.152914 0.873266 149 105 86
0.086755 -0.152805 0.871981 150 106 86
0.082854 -0.152513 0.870731 150 107 86
0.079051 -0.151991 0.869521 150 107 86
0.075302 -0.151343 0.868335 150 107 84
0.071595 -0.150593 0.867166 150 107 86
0.067921 -0.149760 0.866011 151 108 85
0.064331 -0.148703 0.864893 152 107 85
0.060812 -0.147447 0.863807 153 107 83
0.057344 -0.146038 0.862743 155 108 84
0.053917 -0.144494 0.861698 156 109 85
0.050536 -0.142798 0.860674 156 109 85
0.047182 -0.140997 0.859664 156 110 84
0.043849 -0.139101 0.858664 156 109 85
0.040503 -0.137207 0.857660 158 109 86
0.037198 -0.135152 0.856676 158 109 86
0.033964 -0.132833 0.855726 158 109 86
0.030767 -0.130347 0.854795 158 109 86
0.027579 -0.127768 0.853871 160 111 88
0.024400 -0.125100 0.852954 160 111 88
0.021253 -0.122254 0.852054 160 113 89
0.018144 -0.119201 0.851175 160 113 89
0.015094 -0.115857 0.850328 162 115 91
0.012072 -0.112317 0.849498 162 115 91
0.009088 -0.108527 0.848690 163 114 92
0.006128 -0.104530 0.847899 164 115 92
0.003133 -0.100536 0.847097 165 116 95
0.000098 -0.096558 0.846281 164 115 94
-0.002911 -0.092344 0.845483 163 115 93
-0.005920 -0.087980 0.844692 169 120 98
-0.008888 -0.083287 0.843927 188 140 119
-0.011827 -0.078296 0.843185 168 119 100
-0.014640 -0.072565 0.842514 169 120 99
-0.017298 -0.065906 0.841932 169 122 100
-0.019918 -0.058793 0.841382 170 123 104
-0.022484 -0.051109 0.840873 178 131 111
-0.024958 -0.042630 0.840427 172 124 105
-0.027138 -0.032306 0.840153 173 126 107
-0.028815 -0.018918 0.840171 179 125 111
-0.030137 -0.002987 0.840410 179 125 110
-0.031105 0.015702 0.840878 182 128 115
0.186909 -0.100289 0.911213 136 96 80
0.177704 -0.109405 0.907787 137 96 80
0.169257 -0.117272 0.904667 137 95 77
0.161902 -0.123171 0.901996 139 96 79
0.155156 -0.128006 0.899573 143 97 79
0.148699 -0.132395 0.897265 145 99 81
0.142822 -0.135713 0.895197 146 98 80
0.137275 -0.138446 0.893264 145 99 81
0.132002 -0.140691 0.891443 146 100 82
0.126943 -0.142553 0.889710 147 101 83
0.121991 -0.144258 0.888019 147 101 83
0.117171 -0.145738 0.886381 148 103 84
0.112464 -0.147027 0.884790 149 105 86
0.107992 -0.147844 0.883297 149 105 86
0.103703 -0.148282 0.881882 149 105 87
0.099447 -0.148678 0.880480 149 105 87
0.095229 -0.149023 0.879092 149 105 86
0.091126 -0.149124 0.877754 149 105 86
0.087117 -0.149024 0.876455 149 105 86
0.083194 -0.148732 0.875194 149 106 85
0.079360 -0.148235 0.873971 150 107 86
0.075566 -0.147645 0.872765 149 106 83
0.071809 -0.146968 0.871576 150 107 84
0.068092 -0.146192 0.870405 150 107 84
0.064460 -0.145188 0.869272 151 106 84
0.060911 -0.143954 0.868177 152 107 85
0.057423 -0.142539 0.867110 155 108 84
0.053975 -0.140995 0.866062 156 109 85
0.050573 -0.139294 0.865037 156 109 85
0.047187 -0.137521 0.864021 156 110 83
0.043822 -0.135654 0.863016 157 110 86
0.040447 -0.133780 0.862007 158 109 86
0.037136 -0.131675 0.861031 158 109 86
0.033896 -0.129307 0.860090 158 109 86
0.030682 -0.126797 0.859165 159 110 87
0.027498 -0.124130 0.858257 159 110 87
0.024312 -0.121404 0.857350 160 111 88
0.021199 -0.118360 0.856483 160 112 89
0.018082 -0.115248 0.855617 160 113 89
0.014997 -0.111932 0.854772 160 114 90
0.011945 -0.108401 0.853948 160 114 90
0.008898 -0.104742 0.853131 160 114 90
0.005844 -0.100995 0.852316 162 113 89
0.002736 -0.097333 0.851480 160 111 88
-0.000379 -0.093573 0.850646 168 119 98
-0.003409 -0.089355 0.849862 187 138 115
-0.006381 -0.084746 0.849114 165 115 93
-0.009279 -0.079660 0.848414 168 118 97
-0.012118 -0.074126 0.847754 168 119 98
-0.014868 -0.067979 0.847152 168 117 97
-0.017500 -0.061050 0.846626 184 137 115
-0.020127 -0.053798 0.846116 172 123 104
-0.022721 -0.046059 0.845641 169 123 104
-0.025132 -0.037079 0.845284 172 126 107
-0.027291 -0.026422 0.845089 176 130 112
-0.029036 -0.013111 0.845154 176 124 109
-0.030463 0.002568 0.845435 179 126 113
-0.031532 0.021043 0.845966 184 128 116
0.189759 -0.092257 0.917183 137 96 80
0.180051 -0.102297 0.913480 137 96 78
0.171075 -0.111156 0.910079 140 96 79
0.163606 -0.117230 0.907318 139 95 78
0.156631 -0.122479 0.904761 141 95 77
0.149958 -0.127260 0.902329 142 96 78
0.143797 -0.131120 0.900112 145 99 82
0.138039 -0.134254 0.898066 145 99 83
0.132664 -0.136672 0.896182 145 99 82
0.127604 -0.138494 0.894434 144 99 81
0.122765 -0.139904 0.892779 146 102 84
0.117936 -0.141352 0.891126 148 102 85
0.113192 -0.142676 0.889507 148 104 85
0.108641 -0.143616 0.887971 149 105 86
0.104269 -0.144193 0.886513 149 105 86
0.099971 -0.144636 0.885087 149 105 86
0.095719 -0.145007 0.883679 149 105 86
0.091600 -0.145092 0.882330 149 106 85
0.087558 -0.145017 0.881014 149 105 85
0.083603 -0.144748 0.879737 150 105 85
0.079731 -0.144285 0.878498 150 106 85
0.075889 -0.143760 0.877272 150 105 83
0.072109 -0.143083 0.876074 150 106 83
0.068371 -0.142301 0.874895 151 106 84
0.064717 -0.141293 0.873756 151 106 84
0.061136 -0.140081 0.872652 153 107 85
0.057623 -0.138671 0.871580 154 107 85
0.054154 -0.137116 0.870530 155 108 84
0.050723 -0.135432 0.869500 156 109 85
0.047305 -0.133680 0.868477 156 110 83
0.043900 -0.131858 0.867463 157 110 86
0.040510 -0.129956 0.866457 157 109 85
0.037187 -0.127813 0.865487 159 110 87
0.033905 -0.125497 0.864538 158 109 86
0.030650 -0.123041 0.863606 158 109 86
0.027429 -0.120413 0.862695 159 110 87
0.024250 -0.117583 0.861807 159 110 87
0.021027 -0.114823 0.860902 160 111 88
0.017873 -0.111752 0.860036 160 112 88
0.014772 -0.108408 0.859202 159 112 88
0.011652 -0.105035 0.858362 159 112 87
0.008528 -0.101571 0.857527 160 111 86
0.005400 -0.098013 0.856695 179 131 106
0.002262 -0.094382 0.855864 179 130 107
-0.000825 -0.090429 0.855067 166 115 93
-0.003776 -0.085799 0.854349 166 115 93
-0.006655 -0.080701 0.853681 167 116 94
-0.009510 -0.075311 0.853036 166 115 95
-0.012341 -0.069604 0.852415 166 115 95
-0.015078 -0.063251 0.851860 187 137 117
-0.017724 -0.056221 0.851370 170 121 100
-0.020361 -0.048835 0.850902 170 123 102
-0.022951 -0.040895 0.850479 169 122 104
-0.025354 -0.031673 0.850185 178 132 114
-0.027460 -0.020513 0.850091 173 126 109
-0.029310 -0.007469 0.850181 175 128 110
-0.030823 0.008048 0.850513 179 130 115
-0.031905 0.026774 0.851156 185 130 117
0.182668 -0.094606 0.919387 135 94 77
0.173292 -0.104202 0.915748 137 93 76
0.165373 -0.111122 0.912745 141 97 80
0.158203 -0.116711 0.910066 139 95 76
0.151288 -0.121941 0.907492 142 96 78
0.144845 -0.126341 0.905121 142 96 78
0.138752 -0.130137 0.902900 143 97 80
0.133052 -0.133212 0.900851 143 99 80
0.127928 -0.135136 0.899058 150 106 87
0.123116 -0.136450 0.897403 145 101 84
0.118418 -0.137568 0.895797 147 103 86
0.113734 -0.138710 0.894195 148 103 87
0.109140 -0.139699 0.892631 148 104 85
0.104714 -0.140353 0.891141 150 104 86
0.100407 -0.140766 0.889706 150 104 86
0.096148 -0.141104 0.888290 150 105 85
0.092031 -0.141130 0.886939 150 105 85
0.087982 -0.141015 0.885618 150 105 85
0.084014 -0.140722 0.884335 150 105 85
0.080117 -0.140264 0.883084 150 105 84
0.076257 -0.139723 0.881851 150 105 83
0.072472 -0.138996 0.880653 150 105 83
0.068726 -0.138170 0.879474 150 105 83
0.065059 -0.137130 0.878333 151 106 84
0.061443 -0.135946 0.877218 152 107 85
0.057880 -0.134604 0.876129 155 108 86
0.054358 -0.133127 0.875061 156 109 85
0.050888 -0.131483 0.874020 156 109 85
0.047431 -0.129772 0.872988 156 110 83
0.043991 -0.127984 0.871966 156 109 85
0.040582 -0.126066 0.870961 157 108 85
0.037228 -0.123941 0.869987 158 109 86
0.033897 -0.121699 0.869027 158 109 86
0.030622 -0.119228 0.868099 159 108 86
0.027350 -0.116685 0.867176 159 108 86
0.024086 -0.114055 0.866261 157 107 85
0.020795 -0.111446 0.865336 158 109 86
0.017576 -0.108524 0.864453 159 111 87
0.014421 -0.105288 0.863609 175 126 103
0.011239 -0.102056 0.862757 181 133 109
0.008087 -0.098619 0.861926 168 119 94
0.004984 -0.094886 0.861128 164 115 92
0.001928 -0.090852 0.860364 165 116 93
-0.001063 -0.086421 0.859645 166 115 93
-0.003963 -0.081465 0.858986 165 114 92
-0.006832 -0.076200 0.858355 165 114 92
-0.009701 -0.070726 0.857737 185 134 113
-0.012539 -0.064904 0.857150 172 121 101
-0.015275 -0.058390 0.856636 170 119 99
-0.017912 -0.051149 0.856198 169 119 99
-0.020598 -0.043810 0.855750 175 128 108
-0.023220 -0.035831 0.855360 175 130 110
-0.025627 -0.026424 0.855125 170 129 109
-0.027786 -0.015302 0.855072 173 130 112
-0.029601 -0.001819 0.855271 173 129 111
-0.031146 0.013826 0.855685 178 131 114
0.185412 -0.086610 0.925454 138 94 79
0.175953 -0.096309 0.921714 139 95 78
0.167317 -0.104609 0.918336 139 95 76
0.160021 -0.110397 0.915561 140 95 78
0.152901 -0.115994 0.912856 142 98 79
0.146222 -0.120832 0.910346 142 97 79
0.139813 -0.125246 0.907952 142 98 79
0.133701 -0.129161 0.905687 141 97 80
0.128149 -0.131980 0.903678 144 100 83
0.123224 -0.133508 0.901958 143 102 82
0.118516 -0.134614 0.900338 148 103 87
0.113872 -0.135631 0.898743 154 108 91
0.109404 -0.136295 0.897230 153 108 89
0.104971 -0.136922 0.895730 152 105 87
0.100685 -0.137242 0.894299 151 103 85
0.096456 -0.137460 0.892893 152 104 85
0.092378 -0.137340 0.891559 150 104 84
0.088399 -0.136997 0.890271 150 104 84
0.084444 -0.136611 0.888994 149 103 83
0.080521 -0.136158 0.887733 150 105 83
0.076644 -0.135598 0.886493 150 105 83
0.072861 -0.134804 0.885299 149 104 82
0.069102 -0.133944 0.884117 150 105 83
0.065442 -0.132816 0.882985 151 106 84
0.061801 -0.131630 0.881863 152 106 84
0.058163 -0.130422 0.880744 153 108 85
0.054575 -0.129064 0.879651 156 109 85
0.051075 -0.127431 0.878604 155 108 84
0.047576 -0.125771 0.877560 154 107 83
0.044082 -0.124068 0.876519 155 108 84
0.040627 -0.122216 0.875502 154 106 83
0.037228 -0.120156 0.874516 156 107 84
0.033838 -0.118023 0.873538 157 108 85
0.030463 -0.115795 0.872571 159 108 86
0.027130 -0.113380 0.871630 165 114 92
0.023815 -0.110844 0.870703 176 125 103
0.020503 -0.108237 0.869781 173 123 99
0.017294 -0.105200 0.868921 160 113 87
0.014138 -0.101887 0.868096 162 114 89
0.010966 -0.098532 0.867269 163 116 90
0.007851 -0.094865 0.866480 165 116 93
0.004755 -0.091008 0.865710 165 116 93
0.001779 -0.086554 0.865018 163 113 91
-0.001194 -0.081932 0.864338 168 117 95
-0.004133 -0.077008 0.863688 182 131 109
-0.007040 -0.071758 0.863071 173 123 101
-0.009909 -0.066152 0.862488 168 117 95
-0.012744 -0.060167 0.861941 170 118 98
-0.015501 -0.053586 0.861459 169 118 98
-0.018191 -0.046412 0.861036 181 131 110
-0.020903 -0.039025 0.860620 173 124 105
-0.023495 -0.030714 0.860304 170 123 106
-0.025826 -0.020720 0.860182 169 125 109
-0.027981 -0.009325 0.860208 169 131 114
-0.029776 0.004539 0.860512 171 133 117
-0.031355 0.020321 0.861011 175 138 121
0.188497 -0.077882 0.931787 138 92 78
0.178519 -0.088550 0.927740 139 95 80
0.169238 -0.098095 0.924003 137 96 80
0.161862 -0.103990 0.921151 138 94 77
0.154592 -0.109840 0.918338 139 95 76
0.147788 -0.114882 0.915735 141 97 80
0.141174 -0.119676 0.913213 143 99 82
0.134923 -0.123836 0.910855 144 100 82
0.128888 -0.127658 0.908592 144 100 83
0.123591 -0.129964 0.906679 144 102 85
0.118712 -0.131416 0.904965 147 103 84
0.114054 -0.132428 0.903354 149 103 85
0.109536 -0.133168 0.901809 150 104 85
0.105130 -0.133692 0.900316 152 105 85
0.100796 -0.134083 0.898857 153 106 85
0.096553 -0.134293 0.897440 155 108 87
0.092448 -0.134197 0.896090 156 109 87
0.088424 -0.133922 0.894779 157 111 88
0.084449 -0.133541 0.893492 155 108 84
0.080544 -0.132996 0.892240 153 106 84
0.076705 -0.132290 0.891021 152 107 85
0.072921 -0.131444 0.889830 152 107 85
0.069137 -0.130596 0.888639 151 106 84
0.065450 -0.129488 0.887498 155 110 88
0.061792 -0.128290 0.886373 155 108 86
0.058145 -0.127052 0.885255 154 107 85
0.054533 -0.125700 0.884156 154 107 83
0.050994 -0.124122 0.883097 158 111 87
0.047468 -0.122477 0.882048 160 113 89
0.043935 -0.120831 0.880996 164 117 93
0.040427 -0.119078 0.879960 168 121 97
0.036981 -0.117101 0.878960 167 118 95
0.033557 -0.115014 0.877975 166 117 94
0.030200 -0.112664 0.877030 159 110 87
0.026824 -0.110321 0.876079 158 107 85
0.023501 -0.107745 0.875162 159 109 86
0.020230 -0.104923 0.874279 160 111 88
0.017041 -0.101734 0.873449 160 112 89
0.013921 -0.098206 0.872666 160 114 90
0.010782 -0.094638 0.871879 160 114 90
0.007672 -0.090849 0.871118 164 115 92
0.004591 -0.086827 0.870382 166 117 94
0.001572 -0.082427 0.869693 182 132 109
-0.001436 -0.077825 0.869022 170 119 97
-0.004411 -0.072922 0.868383 167 116 94
-0.007329 -0.067597 0.867793 167 116 94
-0.010157 -0.061674 0.867275 169 116 96
-0.012995 -0.055556 0.866766 171 119 99
-0.015818 -0.049112 0.866286 182 134 115
-0.018567 -0.042048 0.865874 171 123 102
-0.021229 -0.034257 0.865541 172 123 105
-0.023689 -0.025120 0.865370 171 123 106
-0.025946 -0.014526 0.865368 168 124 107
-0.028075 -0.002731 0.865493 164 130 112
-0.029853 0.011531 0.865907 166 136 119
-0.031516 0.027200 0.866458 165 136 122
0.180830 -0.081248 0.933747 138 93 79
0.171876 -0.090072 0.930105 136 95 79
0.163557 -0.097835 0.926756 138 98 81
0.156265 -0.103676 0.923892 138 95 78
0.149327 -0.108944 0.921190 140 97 79
0.142602 -0.113918 0.918581 142 98 81
0.136378 -0.117962 0.916209 141 100 84
0.130276 -0.121870 0.913887 143 102 84
0.124772 -0.124573 0.911855 146 102 83
0.119689 -0.126421 0.910029 147 103 86
0.114845 -0.127797 0.908317 148 102 84
0.110126 -0.128947 0.906663 151 104 84
0.105533 -0.129857 0.905070 152 105 85
0.101160 -0.130294 0.903586 152 105 84
0.096806 -0.130721 0.902109 152 105 83
0.092553 -0.130940 0.900681 151 105 83
0.088423 -0.130883 0.899315 150 105 83
0.084344 -0.130722 0.897974 149 104 82
0.080375 -0.130301 0.896688 149 104 81
0.076548 -0.129522 0.895477 149 105 81
0.072746 -0.128677 0.894280 150 105 83
0.068933 -0.127865 0.893077 150 105 83
0.065213 -0.126801 0.891923 150 105 83
0.061538 -0.125605 0.890794 155 108 86
0.057899 -0.124296 0.889686 156 109 87
0.054304 -0.122846 0.888603 155 108 86
0.050747 -0.121265 0.887543 155 108 84
0.047238 -0.119517 0.886511 155 108 84
0.043692 -0.117852 0.885461 155 108 84
0.040167 -0.116095 0.884425 156 109 85
0.036718 -0.114065 0.883434 157 108 85
0.033312 -0.111858 0.882472 157 110 86
0.029962 -0.109416 0.881545 159 108 86
0.026672 -0.106714 0.880659 160 110 86
0.023389 -0.103919 0.879782 160 110 87
0.020126 -0.100980 0.878922 158 109 86
0.016924 -0.097746 0.878105 159 110 87
0.013769 -0.094242 0.877324 165 116 93
0.010600 -0.090686 0.876543 171 124 100
0.007477 -0.086841 0.875798 176 129 104
0.004395 -0.082717 0.875089 163 115 89
0.001336 -0.078357 0.874405 166 115 91
-0.001681 -0.073672 0.873759 166 115 93
-0.004646 -0.068606 0.873160 165 114 94
-0.007536 -0.063026 0.872625 169 118 98
-0.010420 -0.057200 0.872110 181 130 110
-0.013299 -0.051111 0.871617 173 122 102
-0.016164 -0.044706 0.871153 169 120 101
-0.018938 -0.037595 0.870772 171 121 104
-0.021551 -0.029395 0.870528 171 123 105
-0.023958 -0.019796 0.870458 171 123 106
-0.026185 -0.008823 0.870552 167 126 108
-0.028231 0.003657 0.870820 162 129 113
-0.029988 0.018338 0.871352 160 136 119
-0.031834 0.033345 0.871879 158 139 124
0.183120 -0.073935 0.939841 136 93 80
0.173988 -0.083066 0.936052 135 95 79
0.165282 -0.091574 0.932457 133 94 78
0.157939 -0.097465 0.929530 137 98 81
0.150898 -0.102893 0.926741 139 98 80
0.143994 -0.108195 0.924008 138 97 80
0.137544 -0.112673 0.921494 140 99 83
0.131490 -0.116422 0.919171 141 100 84
0.125949 -0.119147 0.917102 144 102 84
0.120745 -0.121207 0.915200 147 103 85
0.115779 -0.122799 0.913416 151 105 87
0.110972 -0.124091 0.911709 153 106 87
0.106313 -0.125096 0.910074 152 105 85
0.101790 -0.125829 0.908507 152 105 85
0.097357 -0.126389 0.906985 152 105 84
0.093048 -0.126686 0.905525 151 104 81
0.088833 -0.126782 0.904113 151 105 81
0.084710 -0.126675 0.902748 152 105 81
0.080599 -0.126560 0.901387 151 104 80
0.076671 -0.125987 0.900125 148 103 80
0.072815 -0.125231 0.898902 149 104 82
0.068944 -0.124523 0.897670 150 105 83
0.065168 -0.123556 0.896491 150 105 83
0.061442 -0.122447 0.895340 152 107 85
0.057793 -0.121111 0.894234 154 108 86
0.054153 -0.119736 0.893133 155 108 86
0.050588 -0.118119 0.892077 153 106 82
0.047109 -0.116220 0.891073 155 108 84
0.043575 -0.114456 0.890039 155 108 84
0.040059 -0.112603 0.889019 157 108 85
0.036648 -0.110383 0.888064 157 107 84
0.033262 -0.108032 0.887128 158 107 85
0.029929 -0.105450 0.886228 158 107 85
0.026642 -0.102654 0.885361 160 110 88
0.023343 -0.099821 0.884493 165 114 92
0.020044 -0.096913 0.883631 173 123 101
0.016811 -0.093692 0.882817 173 123 101
0.013620 -0.090219 0.882037 163 114 90
0.010438 -0.086608 0.881272 162 115 91
0.007303 -0.082704 0.880546 164 116 92
0.004209 -0.078511 0.879857 163 114 91
0.001149 -0.074035 0.879203 164 113 91
-0.001867 -0.069224 0.878591 168 117 95
-0.004862 -0.064146 0.878008 176 125 105
-0.007804 -0.058649 0.877476 175 122 100
-0.010703 -0.052745 0.876992 171 119 99
-0.013594 -0.046560 0.876534 171 120 102
-0.016483 -0.040103 0.876098 170 120 103
-0.019274 -0.032905 0.875755 170 120 103
-0.021852 -0.024352 0.875595 171 123 105
-0.024245 -0.014476 0.875603 170 123 106
-0.026452 -0.003157 0.875792 171 129 111
-0.028317 0.010525 0.876287 163 132 117
-0.030395 0.023813 0.876680 160 137 122
0.176202 -0.075798 0.942147 134 94 81
0.167845 -0.083519 0.938677 131 93 78
0.159731 -0.090956 0.935313 135 96 79
0.152563 -0.096593 0.932423 137 98 81
0.145425 -0.102342 0.929533 139 99 82
0.138737 -0.107285 0.926864 141 100 84
0.132515 -0.111350 0.924427 140 99 83
0.126854 -0.114290 0.922277 141 100 83
0.121541 -0.116543 0.920303 147 103 84
0.116487 -0.118284 0.918460 148 102 84
0.111607 -0.119692 0.916705 152 105 85
0.106909 -0.120732 0.915042 153 106 86
0.102376 -0.121432 0.913464 153 106 85
0.097952 -0.121911 0.911943 155 107 86
0.093620 -0.122203 0.910468 155 107 84
0.089404 -0.122239 0.909055 153 106 83
0.085267 -0.122098 0.907683 153 106 84
0.081159 -0.121908 0.906325 151 106 82
0.077167 -0.121432 0.905031 150 105 81
0.073195 -0.120917 0.903747 150 105 83
0.069274 -0.120275 0.902492 151 106 84
0.065446 -0.119382 0.901289 152 107 85
0.061684 -0.118306 0.900125 155 109 87
0.058004 -0.116985 0.899009 154 107 85
0.054364 -0.115533 0.897918 154 107 85
0.050800 -0.113838 0.896874 154 107 85
0.047252 -0.112067 0.895842 157 110 86
0.043705 -0.110261 0.894813 158 111 87
0.040183 -0.108345 0.893802 162 113 90
0.036728 -0.106179 0.892835 165 114 92
0.033308 -0.103850 0.891894 165 115 92
0.029911 -0.101394 0.890972 167 116 94
0.026573 -0.098677 0.890093 160 110 88
0.023238 -0.095877 0.889222 159 108 86
0.019917 -0.092954 0.888366 160 110 87
0.016671 -0.089682 0.887566 160 111 88
0.013470 -0.086149 0.886804 160 112 89
0.010282 -0.082455 0.886060 160 112 89
0.007117 -0.078554 0.885342 160 111 89
0.003987 -0.074387 0.884658 167 117 94
0.000903 -0.069893 0.884019 176 124 103
-0.002134 -0.065044 0.883426 171 120 98
-0.005154 -0.059942 0.882862 168 117 95
-0.008108 -0.054360 0.882361 171 118 97
-0.010949 -0.048057 0.881961 171 119 99
-0.013841 -0.041720 0.881547 170 120 102
-0.016740 -0.035140 0.881152 170 120 103
-0.019552 -0.027861 0.880846 169 121 103
-0.022114 -0.019035 0.880760 169 122 105
-0.024467 -0.008734 0.880872 172 124 107
-0.026610 0.003160 0.881194 173 130 113
-0.028539 0.016805 0.881740 167 134 120
-0.030671 0.030095 0.882187 150 129 120
0.178852 -0.067579 0.948569 131 95 82
0.170234 -0.075769 0.944912 129 95 80
0.161728 -0.083965 0.941293 135 96 81
0.154335 -0.090019 0.938246 136 97 81
0.146982 -0.096171 0.935204 137 98 80
0.139923 -0.101870 0.932303 138 99 82
0.133601 -0.106102 0.929786 140 99 83
0.127803 -0.109295 0.927541 146 102 85
0.122383 -0.111735 0.925494 146 102 83
0.117223 -0.113664 0.923581 148 102 84
0.112238 -0.115263 0.921758 149 102 82
0.107490 -0.116369 0.920060 152 104 83
0.102937 -0.117059 0.918467 152 105 83
0.098487 -0.117543 0.916927 153 105 83
0.094123 -0.117853 0.915433 153 105 83
0.089884 -0.117883 0.914006 151 105 82
0.085721 -0.117747 0.912620 150 105 83
0.081588 -0.117556 0.911250 151 106 83
0.077575 -0.117071 0.909947 150 105 81
0.073569 -0.116577 0.908647 151 106 82
0.069619 -0.115944 0.907380 152 107 85
0.065790 -0.114982 0.906183 157 112 91
0.062012 -0.113874 0.905017 155 110 88
0.058267 -0.112666 0.903871 155 108 86
0.054573 -0.111296 0.902758 155 108 86
0.050987 -0.109586 0.901713 156 109 87
0.047420 -0.107791 0.900682 156 109 87
0.043825 -0.106054 0.899636 157 109 85
0.040275 -0.104144 0.898621 156 107 84
0.036796 -0.101968 0.897655 156 107 84
0.033316 -0.099747 0.896693 158 108 86
0.029854 -0.097418 0.895746 158 108 86
0.026490 -0.094699 0.894870 159 108 86
0.023151 -0.091826 0.894015 160 109 87
0.019816 -0.088856 0.893171 159 108 86
0.016561 -0.085516 0.892389 159 109 86
0.013335 -0.081968 0.891635 164 115 92
0.010087 -0.078393 0.890877 171 122 99
0.006868 -0.074591 0.890149 175 125 103
0.003711 -0.070421 0.889477 167 116 94
0.000613 -0.065869 0.888860 167 116 95
-0.002426 -0.060904 0.888301 167 116 95
-0.005397 -0.055467 0.887809 168 117 96
-0.008283 -0.049452 0.887399 170 117 97
-0.011146 -0.043086 0.887030 169 118 100
-0.014061 -0.036683 0.886646 169 121 103
-0.016971 -0.029981 0.886292 170 121 105
-0.019741 -0.022313 0.886075 169 121 104
-0.022336 -0.013432 0.886029 167 121 107
-0.024636 -0.002634 0.886261 172 123 108
-0.026688 0.010000 0.886748 173 129 114
-0.028835 0.022804 0.887218 163 128 116
0.172853 -0.067479 0.951378 130 97 82
0.164613 -0.075035 0.947853 132 97 82
0.156503 -0.082538 0.944377 135 97 80
0.148766 -0.089455 0.941085 135 97 80
0.141298 -0.095991 0.937921 137 98 81
0.134675 -0.100841 0.935208 139 98 82
0.128675 -0.104433 0.932831 142 99 82
0.123147 -0.107066 0.930706 146 101 84
0.117948 -0.109032 0.928759 150 104 86
0.112909 -0.110704 0.926894 152 105 86
0.108098 -0.111902 0.925154 153 105 85
0.103466 -0.112724 0.923510 152 103 83
0.098946 -0.113323 0.921927 152 104 82
0.094547 -0.113663 0.920410 152 104 83
0.090261 -0.113754 0.918955 150 104 82
0.086063 -0.113647 0.917550 149 104 82
0.081919 -0.113422 0.916175 150 105 83
0.077891 -0.112910 0.914867 150 105 82
0.073874 -0.112384 0.913564 149 104 80
0.069910 -0.111720 0.912293 150 105 83
0.066060 -0.110747 0.911091 150 105 83
0.062241 -0.109684 0.909908 151 106 84
0.058447 -0.108541 0.908741 154 107 85
0.054722 -0.107190 0.907618 154 107 85
0.051116 -0.105464 0.906573 155 106 85
0.047524 -0.103666 0.905539 155 106 85
0.043903 -0.101928 0.904489 155 106 85
0.040337 -0.099986 0.903479 156 107 84
0.036828 -0.097822 0.902509 156 107 86
0.033300 -0.095675 0.901531 156 107 84
0.029808 -0.093358 0.900582 158 107 85
0.026439 -0.090566 0.899722 160 109 87
0.023081 -0.087662 0.898876 166 115 93
0.019702 -0.084753 0.898023 169 118 97
0.016379 -0.081559 0.897218 171 120 99
0.013086 -0.078159 0.896443 162 113 90
0.009791 -0.074661 0.895678 165 115 92
0.006567 -0.070778 0.894974 165 115 92
0.003421 -0.066454 0.894340 166 115 93
0.000350 -0.061675 0.893776 167 116 95
-0.002646 -0.056408 0.893286 168 116 96
-0.005580 -0.050676 0.892862 169 117 97
-0.008464 -0.044495 0.892500 169 118 98
-0.011352 -0.038078 0.892159 169 119 101
-0.014282 -0.031574 0.891813 169 121 104
-0.017170 -0.024591 0.891529 168 121 105
-0.019868 -0.016375 0.891430 167 121 107
-0.022433 -0.007116 0.891480 169 122 111
-0.024737 0.003922 0.891792 172 123 110
-0.027005 0.015719 0.892192 173 123 113
-0.028641 0.031539 0.893203 178 124 121
0.175565 -0.058930 0.958008 128 97 83
0.167106 -0.066872 0.954314 129 95 81
0.159346 -0.073543 0.950990 130 95 80
0.150860 -0.082009 0.947232 136 97 80
0.143169 -0.088968 0.943901 136 97 80
0.136149 -0.094634 0.940933 138 96 80
0.129967 -0.098574 0.938428 143 99 83
0.124245 -0.101589 0.936175 146 100 84
0.118949 -0.103716 0.934160 148 102 84
0.113802 -0.105577 0.932223 151 104 84
0.108876 -0.106985 0.930408 153 104 84
0.104137 -0.108006 0.928697 154 105 84
0.099531 -0.108752 0.927059 155 106 85
0.095086 -0.109143 0.925513 154 106 85
0.090753 -0.109289 0.924031 153 107 83
0.086504 -0.109248 0.922597 152 107 83
0.082324 -0.109054 0.921201 151 106 83
0.078256 -0.108580 0.919874 149 104 81
0.074218 -0.108042 0.918562 152 107 83
0.070229 -0.107377 0.917282 150 105 83
0.066301 -0.106551 0.916038 152 107 85
0.062436 -0.105546 0.914834 152 107 85
0.058619 -0.104401 0.913661 153 106 84
0.054856 -0.103086 0.912524 152 105 83
0.051182 -0.101488 0.911447 157 108 86
0.047524 -0.099817 0.910383 158 109 88
0.043875 -0.098093 0.909328 158 109 88
0.040267 -0.096206 0.908303 160 111 90
0.036716 -0.094100 0.907321 163 114 93
0.033166 -0.091945 0.906344 165 116 94
0.029676 -0.089539 0.905414 166 115 93
0.026308 -0.086659 0.904574 163 112 90
0.022935 -0.083715 0.903739 162 110 89
0.019539 -0.080775 0.902897 160 110 88
0.016169 -0.077654 0.902081 162 111 89
0.012861 -0.074208 0.901321 163 112 90
0.009602 -0.070474 0.900608 166 115 93
0.006403 -0.066380 0.899952 166 115 93
0.003267 -0.061893 0.899359 165 114 92
0.000222 -0.056877 0.898852 168 116 94
-0.002738 -0.051316 0.898431 169 116 96
-0.005684 -0.045477 0.898043 170 117 97
-0.008624 -0.039376 0.897685 169 118 99
-0.011548 -0.032947 0.897366 168 120 101
-0.014469 -0.026229 0.897079 168 121 105
-0.017302 -0.018793 0.896897 167 121 107
-0.019958 -0.010163 0.896899 167 121 109
-0.022587 -0.000983 0.896967 170 123 112
-0.024889 0.010328 0.897369 173 120 111
-0.027038 0.023034 0.897969 182 120 114
0.178034 -0.050830 0.964616 121 92 80
0.169596 -0.058654 0.960886 124 93 80
0.161829 -0.065257 0.957518 130 95 79
0.153126 -0.074124 0.953582 135 95 81
0.145398 -0.081090 0.950188 136 97 80
0.138082 -0.087341 0.947012 138 94 79
0.131624 -0.091832 0.944321 143 98 83
0.125714 -0.095203 0.941941 145 100 83
0.120155 -0.097870 0.939758 149 101 83
0.114869 -0.099989 0.937727 151 102 83
0.109794 -0.101687 0.935814 152 103 82
0.104939 -0.102920 0.934028 153 104 83
0.100227 -0.103863 0.932323 153 104 83
0.095691 -0.104417 0.930719 153 105 82
0.091306 -0.104628 0.929205 151 105 81
0.087006 -0.104652 0.927741 151 105 81
0.082773 -0.104528 0.926316 152 106 82
0.078640 -0.104159 0.924951 153 106 82
0.074560 -0.103662 0.923619 153 107 83
0.070528 -0.103048 0.922316 152 107 83
0.066514 -0.102393 0.921024 153 107 85
0.062596 -0.101469 0.919794 153 107 85
0.058737 -0.100373 0.918602 155 108 87
0.054932 -0.099111 0.917448 156 109 87
0.051195 -0.097629 0.916341 158 109 87
0.047506 -0.095981 0.915268 157 108 87
0.043818 -0.094305 0.914199 157 108 86
0.040146 -0.092548 0.913144 158 108 88
0.036562 -0.090472 0.912155 158 109 87
0.033024 -0.088197 0.911203 159 109 88
0.029551 -0.085655 0.910302 160 109 88
0.026154 -0.082782 0.909464 160 110 89
0.022773 -0.079778 0.908645 162 110 88
0.019397 -0.076667 0.907840 162 111 89
0.016039 -0.073402 0.907059 162 111 89
0.012761 -0.069738 0.906348 164 113 91
0.009522 -0.065811 0.905679 165 114 92
0.006319 -0.061604 0.905054 166 115 93
0.003180 -0.057001 0.904494 167 114 92
0.000144 -0.051801 0.904035 169 116 95
-0.002819 -0.046102 0.903655 168 116 96
-0.005810 -0.040294 0.903279 168 117 99
-0.008799 -0.034243 0.902929 168 119 100
-0.011737 -0.027704 0.902651 169 121 104
-0.014588 -0.020477 0.902478 167 122 107
-0.017439 -0.012927 0.902340 168 122 110
-0.020182 -0.004499 0.902336 168 122 111
-0.022650 0.005720 0.902623 169 120 112
-0.025074 0.016679 0.903007 178 116 111
0.172088 -0.050366 0.967571 122 94 80
0.164416 -0.056680 0.964221 128 95 81
0.155728 -0.065437 0.960240 135 94 81
0.147822 -0.072711 0.956699 137 96 81
0.140268 -0.079416 0.953344 139 95 80
0.133495 -0.084540 0.950438 145 98 84
0.127308 -0.088471 0.947871 147 99 82
0.121536 -0.091561 0.945542 150 100 83
0.116101 -0.093957 0.943410 151 101 84
0.110882 -0.095928 0.941400 152 103 82
0.105890 -0.097424 0.939523 154 104 83
0.101032 -0.098659 0.937721 153 105 83
0.096401 -0.099380 0.936057 154 106 84
0.091917 -0.099773 0.934481 154 107 83
0.087541 -0.099925 0.932970 153 106 82
0.083255 -0.099870 0.931514 154 107 83
0.079081 -0.099538 0.930128 155 108 84
0.074975 -0.099040 0.928784 155 108 84
0.070900 -0.098471 0.927459 153 106 84
0.066849 -0.097845 0.926149 155 106 83
0.062887 -0.096971 0.924898 155 106 85
0.058989 -0.095909 0.923690 156 107 87
0.055174 -0.094596 0.922541 154 107 85
0.051410 -0.093116 0.921427 156 109 87
0.047674 -0.091525 0.920337 156 109 87
0.043970 -0.089812 0.919271 156 109 88
0.040289 -0.087994 0.918225 156 109 87
0.036704 -0.085827 0.917253 158 109 87
0.033176 -0.083424 0.916327 159 109 87
0.029676 -0.080868 0.915429 159 109 88
0.026229 -0.078061 0.914578 160 111 88
0.022823 -0.075036 0.913766 160 112 90
0.019438 -0.071849 0.912980 160 111 89
0.016072 -0.068497 0.912219 163 112 90
0.012765 -0.064817 0.911517 164 113 91
0.009477 -0.060946 0.910844 165 114 92
0.006247 -0.056720 0.910231 166 115 93
0.003093 -0.052038 0.909697 168 115 95
0.000047 -0.046734 0.909272 168 117 98
-0.002949 -0.041020 0.908912 166 117 98
-0.005959 -0.035132 0.908567 167 118 100
-0.008941 -0.028881 0.908274 168 120 103
-0.011836 -0.021968 0.908087 167 120 107
-0.014755 -0.014861 0.907914 165 120 108
-0.017480 -0.006507 0.907952 166 119 109
-0.020240 0.002078 0.908005 166 117 108
-0.022811 0.012037 0.908282 173 113 109
0.166259 -0.049665 0.970588 123 95 82
0.158365 -0.056602 0.967040 134 94 80
0.150252 -0.064252 0.963329 139 95 80
0.142575 -0.071150 0.959859 143 96 82
0.135585 -0.076682 0.956791 144 97 80
0.129103 -0.081214 0.954019 146 98 81
0.123088 -0.084792 0.951522 149 99 82
0.117445 -0.087606 0.949246 152 101 83
0.112048 -0.089928 0.947114 151 102 82
0.106887 -0.091765 0.945122 153 103 83
0.101891 -0.093270 0.943227 153 104 82
0.097195 -0.094080 0.941520 154 105 83
0.092624 -0.094624 0.939887 154 106 83
0.088161 -0.094929 0.938321 155 108 84
0.083807 -0.094979 0.936823 156 109 85
0.079575 -0.094731 0.935403 156 109 85
0.075410 -0.094319 0.934025 156 107 84
0.071281 -0.093821 0.932671 155 106 83
0.067194 -0.093220 0.931344 156 105 83
0.063201 -0.092359 0.930080 155 106 85
0.059283 -0.091275 0.928870 156 107 86
0.055461 -0.089900 0.927727 155 108 86
0.051668 -0.088418 0.926608 156 109 87
0.047910 -0.086809 0.925516 156 109 87
0.044188 -0.085058 0.924453 156 109 87
0.040488 -0.083208 0.923410 156 109 87
0.036871 -0.081048 0.922433 157 110 88
0.033304 -0.078676 0.921500 158 111 89
0.029757 -0.076175 0.920588 159 111 87
0.026286 -0.073345 0.919743 159 112 88
0.022862 -0.070275 0.918943 160 112 89
0.019456 -0.067049 0.918169 160 113 91
0.016074 -0.063639 0.917424 163 114 92
0.012740 -0.059940 0.916732 164 115 92
0.009448 -0.055957 0.916088 165 114 92
0.006187 -0.051717 0.915487 166 115 93
0.003000 -0.047030 0.914964 167 116 96
-0.000061 -0.041640 0.914571 167 116 99
-0.003061 -0.035784 0.914255 166 118 100
-0.006040 -0.029598 0.913987 167 119 101
-0.009024 -0.023176 0.913746 166 119 105
-0.011980 -0.016350 0.913563 165 120 108
-0.014735 -0.008275 0.913601 166 121 110
-0.017589 -0.000302 0.913593 166 116 109
-0.020072 0.009886 0.913981 167 106 101
0.169179 -0.040229 0.977725 111 97 88
0.159972 -0.049990 0.973314 132 94 81
0.152240 -0.056722 0.969797 139 93 80
0.144711 -0.063208 0.966380 143 95 80
0.137596 -0.068945 0.963202 145 95 79
0.130906 -0.073874 0.960272 147 98 80
0.124657 -0.077923 0.957607 148 98 81
0.118776 -0.081229 0.955162 151 100 83
0.113200 -0.083911 0.952903 152 102 83
0.107836 -0.086174 0.950769 154 103 83
0.102685 -0.087996 0.948765 154 105 83
0.097899 -0.088967 0.946994 154 105 83
0.093280 -0.089561 0.945330 156 107 83
0.088750 -0.089966 0.943720 156 107 84
0.084320 -0.090147 0.942173 156 107 84
0.080027 -0.089989 0.940716 157 108 85
0.075788 -0.089708 0.939293 157 107 85
0.071596 -0.089313 0.937901 156 105 83
0.067478 -0.088727 0.936559 155 104 82
0.063484 -0.087789 0.935305 156 106 86
0.059545 -0.086688 0.934090 156 107 85
0.055685 -0.085342 0.932933 154 109 87
0.051868 -0.083848 0.931810 155 109 87
0.048072 -0.082270 0.930706 153 110 88
0.044318 -0.080536 0.929635 154 109 89
0.040580 -0.078716 0.928581 154 109 89
0.036924 -0.076592 0.927593 156 110 89
0.033330 -0.074212 0.926660 158 111 89
0.029756 -0.071709 0.925749 159 112 90
0.026269 -0.068837 0.924915 158 112 90
0.022822 -0.065740 0.924124 159 113 90
0.019395 -0.062479 0.923360 160 113 91
0.015996 -0.059018 0.922632 162 115 92
0.012656 -0.055224 0.921966 163 114 92
0.009383 -0.051043 0.921372 164 115 93
0.006104 -0.046740 0.920792 166 115 94
0.002901 -0.041971 0.920298 166 115 97
-0.000177 -0.036504 0.919935 166 116 98
-0.003180 -0.030499 0.919667 165 117 99
-0.006177 -0.024225 0.919435 166 118 102
-0.009060 -0.017168 0.919342 163 117 103
-0.011971 -0.009937 0.919261 163 119 107
-0.014898 -0.002450 0.919208 166 118 111
-0.017064 0.009087 0.919933 158 94 90
0.153899 -0.049877 0.976156 139 90 80
0.146251 -0.056568 0.972624 142 93 79
0.139159 -0.062185 0.969426 144 94 78
0.132457 -0.067069 0.966462 147 95 80
0.126142 -0.071199 0.963730 148 98 82
0.120130 -0.074741 0.961183 151 99 83
0.114501 -0.077473 0.958875 153 101 84
0.108986 -0.080032 0.956629 153 103 85
0.103662 -0.082211 0.954500 154 105 85
0.098745 -0.083438 0.952639 154 106 85
0.094013 -0.084247 0.950897 157 107 85
0.089367 -0.084885 0.949207 157 106 84
0.084846 -0.085235 0.947599 157 106 84
0.080488 -0.085178 0.946101 158 106 84
0.076189 -0.084988 0.944641 159 107 85
0.071948 -0.084655 0.943221 156 105 83
0.067797 -0.084084 0.941863 157 105 83
0.063759 -0.083196 0.940587 157 105 84
0.059780 -0.082132 0.939354 155 107 85
0.055873 -0.080845 0.938176 154 108 87
0.052017 -0.079389 0.937038 154 109 88
0.048192 -0.077816 0.935926 154 111 89
0.044421 -0.076044 0.934860 154 111 90
0.040673 -0.074170 0.933814 154 111 90
0.036991 -0.072039 0.932826 155 110 89
0.033374 -0.069640 0.931896 157 112 89
0.029760 -0.067169 0.930977 157 112 90
0.026233 -0.064334 0.930136 158 113 91
0.022752 -0.061252 0.929344 158 113 91
0.019313 -0.057930 0.928599 159 113 92
0.015917 -0.054342 0.927903 160 113 92
0.012567 -0.050463 0.927262 163 115 94
0.009297 -0.046143 0.926708 164 115 95
0.006044 -0.041600 0.926189 165 116 96
0.002794 -0.036878 0.925695 166 115 97
-0.000279 -0.031237 0.925385 165 115 98
-0.003278 -0.025050 0.925172 164 116 100
-0.006204 -0.018282 0.925063 160 116 101
-0.009260 -0.011817 0.924868 160 115 103
-0.012043 -0.003797 0.924974 160 114 104
0.148248 -0.048821 0.979264 141 89 80
0.140735 -0.055338 0.975754 144 92 79
0.134041 -0.060130 0.972767 147 94 80
0.127947 -0.063646 0.970166 148 98 82
0.121799 -0.067427 0.967509 150 100 83
0.115864 -0.070825 0.964979 152 101 85
0.110168 -0.073753 0.962597 153 103 86
0.104697 -0.076225 0.960357 155 105 87
0.099681 -0.077624 0.958424 157 107 88
0.094786 -0.078778 0.956566 158 107 88
0.090001 -0.079707 0.954778 158 106 86
0.085382 -0.080246 0.953101 158 106 85
0.080943 -0.080334 0.951550 158 105 85
0.076582 -0.080242 0.950050 159 106 84
0.072295 -0.079965 0.948602 158 105 83
0.068101 -0.079440 0.947221 158 105 83
0.064004 -0.078644 0.945911 157 105 84
0.060000 -0.077573 0.944671 157 106 86
0.056053 -0.076326 0.943475 155 108 88
0.052151 -0.074927 0.942316 154 109 89
0.048301 -0.073346 0.941201 154 110 90
0.044517 -0.071530 0.940141 154 111 90
0.040749 -0.069628 0.939098 155 112 91
0.037031 -0.067520 0.938102 155 112 90
0.033382 -0.065132 0.937168 156 113 90
0.029729 -0.062699 0.936240 156 113 90
0.026162 -0.059903 0.935391 156 113 91
0.022659 -0.056794 0.934608 157 114 92
0.019220 -0.053362 0.933892 157 112 93
0.015850 -0.049559 0.933251 159 113 93
0.012554 -0.045347 0.932693 162 114 94
0.009330 -0.040701 0.932221 164 115 96
0.006078 -0.036004 0.931745 164 115 96
0.002889 -0.030872 0.931352 164 115 96
-0.000193 -0.025091 0.931086 162 114 96
-0.003255 -0.018988 0.930872 159 112 96
-0.006387 -0.012943 0.930625 165 120 107
-0.008965 -0.004108 0.930958 125 88 77
0.143781 -0.044983 0.983188 126 73 66
0.135202 -0.054138 0.978878 139 89 79
0.128989 -0.057873 0.976175 146 95 81
0.122874 -0.061507 0.973520 148 98 81
0.117144 -0.064323 0.971118 150 100 83
0.111377 -0.067349 0.968673 152 102 85
0.105753 -0.070129 0.966313 154 105 87
0.100593 -0.071821 0.964272 157 105 89
0.095602 -0.073148 0.962343 158 106 89
0.090680 -0.074361 0.960454 159 106 86
0.085938 -0.075155 0.958688 159 106 86
0.081409 -0.075416 0.957074 158 105 85
0.077004 -0.075367 0.955547 159 106 86
0.072686 -0.075099 0.954083 159 105 85
0.068447 -0.074623 0.952676 158 105 83
0.064300 -0.073892 0.951338 158 106 84
0.060267 -0.072824 0.950089 157 106 86
0.056271 -0.071640 0.948869 156 107 87
0.052316 -0.070316 0.947684 155 109 88
0.048442 -0.068724 0.946565 154 109 89
0.044635 -0.066889 0.945505 154 111 90
0.040821 -0.065042 0.944445 155 112 91
0.037071 -0.062947 0.943442 155 112 91
0.033392 -0.060562 0.942506 155 112 91
0.029695 -0.058184 0.941563 156 113 92
0.026104 -0.055366 0.940720 156 113 92
0.022620 -0.052082 0.939982 156 113 92
0.019216 -0.048400 0.939330 156 112 91
0.015877 -0.044351 0.938753 157 112 92
0.012565 -0.040061 0.938221 160 114 94
0.009344 -0.035262 0.937793 163 114 95
0.006115 -0.030320 0.937384 163 114 94
0.002971 -0.024836 0.937082 163 114 96
-0.000324 -0.019784 0.936666 168 121 104
-0.003252 -0.012921 0.936639 124 91 76
0.132105 -0.047016 0.983746 101 86 93
0.124373 -0.054491 0.979920 133 94 86
0.118293 -0.058091 0.977254 141 98 84
0.112507 -0.061087 0.974781 150 102 87
0.106886 -0.063782 0.972411 152 104 89
0.101638 -0.065612 0.970302 155 105 89
0.096425 -0.067441 0.968205 158 105 89
0.091403 -0.068844 0.966239 160 105 88
0.086555 -0.069846 0.964394 158 105 86
0.081891 -0.070400 0.962681 159 105 86
0.077425 -0.070446 0.961113 159 104 86
0.073064 -0.070220 0.959623 160 105 88
0.068845 -0.069605 0.958241 158 104 85
0.064674 -0.068859 0.956895 159 106 85
0.060586 -0.067867 0.955616 158 106 86
0.056545 -0.066730 0.954374 157 107 88
0.052566 -0.065390 0.953185 157 109 88
0.048688 -0.063713 0.952082 156 110 90
0.044875 -0.061794 0.951038 155 110 90
0.041023 -0.059972 0.949966 154 111 90
0.037263 -0.057805 0.948978 154 111 90
0.033564 -0.055376 0.948050 154 111 90
0.029872 -0.052868 0.947137 155 112 91
0.026265 -0.049985 0.946310 157 114 93
0.022725 -0.046778 0.945555 156 113 92
0.019225 -0.043323 0.944851 156 113 92
0.015900 -0.039091 0.944325 157 114 93
0.012631 -0.034490 0.943875 160 112 93
0.009418 -0.029503 0.943502 165 115 97
0.006164 -0.024502 0.943117 153 108 89
0.003191 -0.018124 0.943037 133 99 77
0.114570 -0.052389 0.981677 111 88 97
0.108130 -0.057084 0.978684 145 106 99
0.102668 -0.059387 0.976408 151 102 89
0.097555 -0.060863 0.974384 157 103 87
0.092401 -0.062527 0.972316 159 104 87
0.087390 -0.063884 0.970346 157 103 86
0.082623 -0.064637 0.968555 158 104 86
0.078076 -0.064818 0.966932 159 104 86
0.073599 -0.064836 0.965358 159 104 86
0.069332 -0.064271 0.963949 159 104 85
0.065166 -0.063415 0.962621 160 105 86
0.061018 -0.062509 0.961307 159 106 87
0.056934 -0.061405 0.960047 158 107 89
0.052997 -0.059831 0.958911 157 108 89
0.049128 -0.058018 0.957837 157 110 90
0.045270 -0.056133 0.956778 155 110 90
0.041398 -0.054263 0.955711 153 110 89
0.037531 -0.052340 0.954655 154 110 90
0.033719 -0.050187 0.953653 153 110 89
0.029984 -0.047715 0.952729 154 111 90
0.026450 -0.044448 0.951999 155 112 91
0.022830 -0.041405 0.951204 156 113 92
0.019339 -0.037782 0.950545 160 117 96
0.015989 -0.033503 0.950037 154 112 89
0.012716 -0.028769 0.949628 132 91 66
0.100313 -0.049849 0.981937 113 85 93
0.093550 -0.055738 0.978602 133 95 94
0.088394 -0.057397 0.976517 149 98 87
0.083431 -0.058598 0.974574 158 100 88
0.078815 -0.058881 0.972903 159 103 88
0.074332 -0.058821 0.971333 159 102 87
0.070042 -0.058220 0.969920 160 103 88
0.065838 -0.057371 0.968576 160 104 88
0.061550 -0.056786 0.967161 160 104 88
0.057433 -0.055680 0.965890 160 106 90
0.053436 -0.054188 0.964723 158 107 89
0.049482 -0.052536 0.963598 158 108 89
0.045614 -0.050576 0.962553 160 113 94
0.041777 -0.048473 0.961542 158 110 92
0.037923 -0.046383 0.960523 156 110 91
0.034071 -0.044243 0.959513 149 108 87
0.030330 -0.041658 0.958613 146 108 84
0.026531 -0.039218 0.957670 133 97 77
0.067280 -0.048925 0.975282 139 77 69
0.062749 -0.048938 0.973678 140 80 72
0.058523 -0.048031 0.972336 119 79 70
0.054432 -0.046694 0.971113 112 78 66
0.050417 -0.045096 0.969962 104 76 63
