ply
format ascii 1.0
element vertex 17662
property float x
property float y
property float z
property uchar red
property uchar green
property uchar blue
end_header
0.077171 -0.213764 0.784276 76 83 80
0.083252 -0.213536 0.783438 82 87 81
0.089417 -0.213541 0.783459 131 133 124
0.095740 -0.213898 0.784770 163 165 155
0.108611 -0.214933 0.788575 196 199 182
0.114882 -0.215060 0.789044 195 197 180
0.118029 -0.215138 0.789333 195 197 180
0.121120 -0.215114 0.789245 201 201 184
0.127436 -0.215295 0.789912 208 212 194
0.070624 -0.209548 0.780106 160 161 152
0.088965 -0.209385 0.779502 194 194 176
0.095134 -0.209466 0.779808 197 198 179
0.098232 -0.209531 0.780050 194 193 174
0.101372 -0.209678 0.780600 193 194 174
0.104560 -0.209914 0.781481 192 193 172
0.107718 -0.210079 0.782096 190 191 169
0.110907 -0.210292 0.782890 185 187 166
0.113980 -0.210280 0.782847 188 189 169
0.117159 -0.210459 0.783515 187 188 168
0.120273 -0.210515 0.783724 184 187 167
0.123369 -0.210538 0.783811 182 185 165
0.126520 -0.210651 0.784231 182 184 165
0.129698 -0.210803 0.784797 182 184 165
0.058037 -0.205360 0.775914 182 184 173
0.061133 -0.205507 0.776473 175 175 158
0.064109 -0.205260 0.775538 170 168 151
0.067180 -0.205322 0.775773 174 173 155
0.070190 -0.205201 0.775316 190 189 170
0.073234 -0.205185 0.775259 197 198 178
0.076250 -0.205096 0.774922 200 201 181
0.079315 -0.205139 0.775087 196 199 179
0.082336 -0.205070 0.774825 195 196 176
0.085444 -0.205215 0.775375 189 188 167
0.088479 -0.205181 0.775246 185 185 164
0.091574 -0.205283 0.775634 187 187 167
0.094632 -0.205298 0.775694 187 188 168
0.097713 -0.205360 0.775928 186 187 169
0.100811 -0.205453 0.776282 186 187 169
0.103976 -0.205674 0.777117 183 185 166
0.107102 -0.205808 0.777624 174 177 158
0.110267 -0.206007 0.778378 175 178 161
0.113342 -0.206030 0.778465 181 183 166
0.116521 -0.206237 0.779250 181 185 166
0.119615 -0.206288 0.779443 180 185 165
0.122671 -0.206270 0.779376 182 186 168
0.125822 -0.206411 0.779909 182 185 168
0.128991 -0.206572 0.780521 179 183 166
0.066992 -0.201694 0.773607 220 216 191
0.069996 -0.201580 0.773172 208 207 180
0.073007 -0.201499 0.772860 196 199 175
0.076031 -0.201456 0.772696 189 189 169
0.079054 -0.201415 0.772541 189 191 168
0.082085 -0.201396 0.772469 186 188 167
0.085165 -0.201494 0.772846 182 185 166
0.088223 -0.201534 0.773002 180 183 164
0.091313 -0.201643 0.773422 179 181 164
0.094388 -0.201713 0.773691 179 181 164
0.097412 -0.201674 0.773540 179 179 164
0.100470 -0.201706 0.773664 177 177 162
0.103530 -0.201738 0.773791 174 175 160
0.106604 -0.201796 0.774014 171 173 156
0.109682 -0.201857 0.774249 171 175 160
0.112775 -0.201942 0.774577 172 175 158
0.115886 -0.202054 0.775007 175 179 162
0.118945 -0.202072 0.775078 173 177 160
0.121987 -0.202061 0.775035 172 178 162
0.125106 -0.202174 0.775471 171 177 163
0.128265 -0.202346 0.776130 172 178 163
0.131352 -0.202399 0.776336 172 176 161
0.039708 -0.199148 0.775583 162 162 152
0.045655 -0.198478 0.772975 187 187 170
0.051675 -0.198244 0.772062 213 212 189
0.057616 -0.197791 0.770301 213 211 187
0.063621 -0.197620 0.769636 190 192 165
0.066636 -0.197584 0.769499 191 192 166
0.069624 -0.197473 0.769067 191 188 168
0.072626 -0.197411 0.768825 186 187 168
0.075600 -0.197280 0.768314 182 185 163
0.078597 -0.197219 0.768079 182 183 164
0.081596 -0.197165 0.767868 181 183 164
0.084668 -0.197284 0.768336 178 180 163
0.087725 -0.197363 0.768644 173 178 161
0.090808 -0.197492 0.769149 169 175 159
0.093861 -0.197551 0.769379 171 176 160
0.096911 -0.197600 0.769570 171 174 159
0.099951 -0.197624 0.769664 171 173 158
0.103016 -0.197697 0.769949 169 171 156
0.106077 -0.197756 0.770182 167 168 152
0.109135 -0.197808 0.770386 163 165 149
0.112186 -0.197845 0.770529 161 163 146
0.115219 -0.197849 0.770547 162 164 147
0.118249 -0.197848 0.770544 160 164 148
0.121220 -0.197749 0.770161 161 164 149
0.124294 -0.197821 0.770441 163 165 151
0.127375 -0.197899 0.770745 161 163 148
0.130439 -0.197949 0.770940 160 163 148
0.066364 -0.193752 0.766357 181 182 162
0.069323 -0.193596 0.765743 179 180 162
0.072276 -0.193439 0.765120 177 178 160
0.075225 -0.193284 0.764511 175 178 159
0.078162 -0.193111 0.763825 174 175 157
0.081187 -0.193159 0.764017 175 175 158
0.084206 -0.193192 0.764149 173 174 157
0.087231 -0.193235 0.764320 169 175 158
0.090318 -0.193407 0.765002 165 171 153
0.093389 -0.193535 0.765510 162 168 150
0.096439 -0.193613 0.765820 156 160 143
0.099501 -0.193711 0.766206 150 152 135
0.102531 -0.193741 0.766327 158 160 143
0.105617 -0.193872 0.766847 159 159 143
0.108603 -0.193818 0.766636 158 158 142
0.111637 -0.193850 0.766763 158 158 142
0.114592 -0.193746 0.766353 154 154 138
0.117621 -0.193771 0.766453 136 139 124
0.120560 -0.193649 0.765968 134 139 123
0.123587 -0.193671 0.766058 136 141 125
0.126662 -0.193766 0.766434 146 147 133
0.027261 -0.191307 0.768683 182 183 165
0.033275 -0.191118 0.767923 198 199 177
0.036311 -0.191200 0.768254 200 200 180
0.039293 -0.191009 0.767488 197 196 177
0.045240 -0.190627 0.765952 191 192 170
0.051105 -0.190032 0.763563 189 190 169
0.056965 -0.189542 0.761596 180 185 164
0.059993 -0.189645 0.762010 180 182 162
0.062947 -0.189513 0.761483 181 182 162
0.065951 -0.189541 0.761596 178 179 159
0.068917 -0.189458 0.761262 175 177 160
0.071896 -0.189418 0.761102 171 174 157
0.074837 -0.189285 0.760571 171 175 158
0.077793 -0.189198 0.760220 172 176 161
0.080782 -0.189195 0.760211 167 170 154
0.083806 -0.189271 0.760515 161 165 150
0.086816 -0.189312 0.760684 160 163 146
0.089883 -0.189470 0.761319 157 160 141
0.092954 -0.189625 0.761944 154 157 138
0.095999 -0.189721 0.762329 148 150 133
0.099050 -0.189821 0.762733 147 148 130
0.102060 -0.189840 0.762810 156 157 139
0.105111 -0.189931 0.763177 158 156 141
0.108055 -0.189829 0.762766 154 152 137
0.111023 -0.189773 0.762545 140 141 124
0.113963 -0.189675 0.762151 146 146 132
0.117012 -0.189757 0.762483 156 156 142
0.119924 -0.189620 0.761933 153 153 137
0.122930 -0.189633 0.761986 153 154 136
0.033108 -0.187144 0.764079 194 194 171
0.039082 -0.186969 0.763367 192 192 170
0.059678 -0.185657 0.758014 175 177 158
0.062620 -0.185540 0.757535 167 170 151
0.065605 -0.185555 0.757599 166 171 157
0.068569 -0.185511 0.757421 173 177 162
0.071558 -0.185536 0.757524 172 176 159
0.074521 -0.185496 0.757362 158 162 145
0.077472 -0.185430 0.757092 167 167 152
0.080445 -0.185418 0.757044 164 164 148
0.083449 -0.185476 0.757284 162 162 145
0.086451 -0.185525 0.757483 158 157 138
0.089472 -0.185612 0.757841 151 151 134
0.092513 -0.185732 0.758331 153 153 135
0.095538 -0.185815 0.758670 152 154 136
0.098577 -0.185918 0.759094 147 150 131
0.101530 -0.185858 0.758850 145 147 131
0.104544 -0.185910 0.759063 148 149 134
0.107435 -0.185746 0.758394 143 141 128
0.110366 -0.185659 0.758038 157 156 140
0.113289 -0.185562 0.757645 156 154 139
0.116333 -0.185665 0.758065 153 152 139
0.020970 -0.183114 0.759870 197 197 173
0.023957 -0.183099 0.759810 191 191 167
0.026955 -0.183162 0.760071 191 189 166
0.029948 -0.183182 0.760155 191 189 166
0.032932 -0.183148 0.760015 192 190 167
0.035914 -0.183115 0.759878 189 188 167
0.038850 -0.182864 0.758837 186 187 165
0.041780 -0.182627 0.757856 184 185 164
0.044679 -0.182293 0.756470 184 185 167
0.047577 -0.181994 0.755227 181 183 164
0.050461 -0.181684 0.753942 180 182 164
0.053403 -0.181603 0.753609 177 180 161
0.056319 -0.181448 0.752962 176 179 160
0.059325 -0.181585 0.753535 173 176 157
0.062267 -0.181521 0.753269 171 174 155
0.065250 -0.181576 0.753499 155 157 143
0.068205 -0.181552 0.753401 164 169 153
0.071199 -0.181632 0.753733 163 166 151
0.074156 -0.181612 0.753651 165 165 149
0.077130 -0.181635 0.753747 163 163 147
0.080095 -0.181635 0.753751 160 160 144
0.083115 -0.181756 0.754251 157 158 140
0.086103 -0.181801 0.754443 153 154 136
0.089110 -0.181882 0.754779 153 153 135
0.092126 -0.181974 0.755162 155 156 138
0.095129 -0.182038 0.755427 155 157 139
0.098143 -0.182115 0.755751 150 153 134
0.101074 -0.182041 0.755445 142 144 129
0.104065 -0.182075 0.755585 143 145 132
0.106929 -0.181890 0.754820 157 155 142
0.109866 -0.181838 0.754604 164 163 147
0.112787 -0.181763 0.754292 169 169 153
0.115777 -0.181799 0.754442 176 174 161
0.026759 -0.178856 0.754565 190 189 168
0.038537 -0.178421 0.752733 182 184 162
0.059013 -0.177671 0.749572 173 175 158
0.061955 -0.177654 0.749501 172 174 157
0.064895 -0.177630 0.749401 158 162 146
0.067851 -0.177653 0.749502 166 171 155
0.070824 -0.177714 0.749761 165 167 151
0.073796 -0.177770 0.749998 164 164 147
0.076754 -0.177789 0.750080 161 161 144
0.079720 -0.177823 0.750224 159 159 142
0.082739 -0.177971 0.750847 154 155 137
0.085715 -0.178016 0.751042 155 156 138
0.088707 -0.178092 0.751361 157 158 140
0.091683 -0.178133 0.751534 158 159 141
0.094668 -0.178188 0.751768 152 155 137
0.097697 -0.178318 0.752321 160 162 145
0.100559 -0.178146 0.751594 168 170 153
0.103480 -0.178085 0.751338 169 171 154
0.106337 -0.177921 0.750648 166 166 152
0.124992 -0.163694 0.690592 225 227 214
0.127512 -0.163442 0.689529 225 227 214
0.130178 -0.163383 0.689284 225 227 214
0.133029 -0.163555 0.690011 225 227 214
0.135844 -0.163677 0.690526 225 227 214
0.138774 -0.163929 0.691589 225 227 214
0.141618 -0.164073 0.692198 225 227 214
0.144774 -0.164564 0.694273 233 235 222
0.014845 -0.175373 0.752399 189 188 167
0.020735 -0.175132 0.751368 190 190 166
0.023682 -0.175072 0.751110 188 188 164
0.026606 -0.174872 0.750251 186 185 164
0.032426 -0.174430 0.748357 182 183 161
0.038283 -0.174292 0.747767 178 181 161
0.044087 -0.173985 0.746451 176 179 160
0.049889 -0.173741 0.745408 152 155 136
0.055723 -0.173648 0.745008 172 174 157
0.058712 -0.173821 0.745752 173 176 158
0.061647 -0.173825 0.745771 171 173 156
0.064591 -0.173855 0.745900 157 161 146
0.067531 -0.173869 0.745961 167 170 154
0.070499 -0.173953 0.746323 160 162 144
0.073463 -0.174021 0.746619 161 162 144
0.076439 -0.174109 0.746998 159 160 142
0.079395 -0.174148 0.747165 158 159 140
0.082411 -0.174313 0.747873 151 152 132
0.085376 -0.174359 0.748073 151 150 133
0.088366 -0.174453 0.748477 155 156 138
0.091332 -0.174495 0.748661 161 161 145
0.094269 -0.174480 0.748594 166 168 152
0.097261 -0.174565 0.748964 169 171 154
0.100107 -0.174392 0.748221 168 170 154
0.102989 -0.174287 0.747772 165 167 152
0.105798 -0.174070 0.746841 164 166 150
0.121744 -0.160268 0.687590 225 227 214
0.124240 -0.159998 0.686435 226 228 213
0.126976 -0.160044 0.686632 225 227 212
0.129663 -0.160027 0.686559 224 226 211
0.132309 -0.159961 0.686276 225 227 214
0.135174 -0.160157 0.687119 225 227 214
0.137904 -0.160189 0.687257 225 227 214
0.140683 -0.160275 0.687630 225 227 214
0.143309 -0.160186 0.687250 225 227 214
0.146146 -0.160333 0.687881 224 226 213
0.149440 -0.160966 0.690600 232 233 222
0.020690 -0.171793 0.749745 182 181 160
0.023602 -0.171520 0.748554 184 183 162
0.026517 -0.171338 0.747757 180 180 159
0.029389 -0.170933 0.745991 180 181 158
0.035214 -0.170724 0.745079 175 178 159
0.038119 -0.170610 0.744584 172 175 157
0.041010 -0.170452 0.743896 173 175 157
0.043881 -0.170237 0.742956 172 175 156
0.046756 -0.170065 0.742206 149 151 135
0.049639 -0.169941 0.741668 167 169 152
0.052564 -0.169966 0.741775 171 174 156
0.055456 -0.169888 0.741439 172 174 157
0.058381 -0.169914 0.741552 171 174 156
0.061288 -0.169886 0.741433 165 167 150
0.064221 -0.169930 0.741622 167 171 155
0.067159 -0.169984 0.741859 159 161 144
0.070103 -0.170048 0.742141 160 162 144
0.073044 -0.170098 0.742362 160 161 143
0.076049 -0.170287 0.743187 151 152 134
0.079000 -0.170348 0.743456 151 152 132
0.081982 -0.170467 0.743976 152 153 133
0.084930 -0.170510 0.744167 161 161 144
0.087914 -0.170621 0.744653 167 167 150
0.090858 -0.170650 0.744779 168 168 152
0.093734 -0.170551 0.744348 167 169 153
0.096586 -0.170419 0.743771 168 170 153
0.099471 -0.170348 0.743462 170 172 155
0.102386 -0.170333 0.743397 168 170 155
0.116626 -0.157947 0.689311 225 227 214
0.118993 -0.157490 0.687319 226 228 215
0.121405 -0.157114 0.685676 225 227 214
0.123743 -0.156660 0.683694 224 226 211
0.126412 -0.156634 0.683583 224 226 211
0.128973 -0.156479 0.682905 224 226 211
0.131587 -0.156394 0.682535 224 226 212
0.134249 -0.156367 0.682418 224 226 213
0.136946 -0.156382 0.682484 224 226 213
0.139717 -0.156478 0.682907 225 227 214
0.142444 -0.156523 0.683105 225 227 214
0.145199 -0.156597 0.683426 225 227 214
0.148330 -0.157065 0.685471 226 228 215
0.151193 -0.157238 0.686228 225 229 216
0.154312 -0.157666 0.688101 225 228 216
0.014720 -0.168015 0.746108 183 182 160
0.017654 -0.168002 0.746053 183 183 159
0.020569 -0.167847 0.745364 183 182 159
0.023463 -0.167579 0.744175 179 180 158
0.026345 -0.167294 0.742912 177 178 156
0.032102 -0.166840 0.740894 172 173 153
0.037906 -0.166732 0.740418 172 175 156
0.040791 -0.166620 0.739920 172 175 156
0.043644 -0.166402 0.738952 171 174 155
0.046530 -0.166328 0.738626 168 170 153
0.049403 -0.166220 0.738147 171 173 156
0.052323 -0.166273 0.738383 171 173 156
0.055215 -0.166237 0.738224 171 173 156
0.058141 -0.166299 0.738499 169 171 153
0.061010 -0.166202 0.738071 166 168 151
0.063928 -0.166242 0.738250 167 169 152
0.066868 -0.166331 0.738646 159 161 144
0.069818 -0.166437 0.739119 164 164 147
0.072745 -0.166484 0.739327 159 159 142
0.075724 -0.166639 0.740018 151 152 133
0.078655 -0.166681 0.740205 149 150 131
0.081644 -0.166840 0.740914 158 159 139
0.084564 -0.166852 0.740967 174 174 157
0.087537 -0.166962 0.741460 170 170 154
0.090470 -0.166993 0.741599 170 170 154
0.093295 -0.166829 0.740870 169 171 154
0.096092 -0.166625 0.739967 169 171 154
0.098913 -0.166475 0.739300 170 172 155
0.101770 -0.166392 0.738930 167 169 152
0.113872 -0.155167 0.689052 239 242 233
0.116246 -0.154718 0.687061 225 227 214
0.118614 -0.154284 0.685132 225 227 214
0.120973 -0.153857 0.683236 226 228 215
0.123342 -0.153462 0.681479 225 227 212
0.125921 -0.153337 0.680927 224 226 211
0.128550 -0.153278 0.680667 223 225 210
0.131111 -0.153143 0.680068 225 227 212
0.133768 -0.153122 0.679973 224 226 212
0.136430 -0.153108 0.679912 225 227 214
0.139238 -0.153255 0.680565 225 227 214
0.141961 -0.153305 0.680789 225 227 214
0.144812 -0.153487 0.681602 225 227 214
0.147718 -0.153721 0.682643 226 228 215
0.150681 -0.154005 0.683904 226 228 215
0.153502 -0.154137 0.684491 226 229 216
0.011720 -0.164157 0.741984 184 184 161
0.014621 -0.163956 0.741077 180 181 161
0.017536 -0.163955 0.741076 179 180 160
0.020424 -0.163744 0.740120 179 180 159
0.023293 -0.163450 0.738791 176 177 157
0.026178 -0.163318 0.738198 167 170 151
0.029043 -0.163104 0.737231 168 170 151
0.031940 -0.163088 0.737159 170 171 153
0.034843 -0.163104 0.737233 172 175 156
0.037706 -0.162945 0.736514 173 176 157
0.040560 -0.162774 0.735741 173 176 157
0.043413 -0.162621 0.735049 173 175 158
0.046289 -0.162566 0.734804 172 174 156
0.049158 -0.162497 0.734492 172 174 157
0.052034 -0.162458 0.734315 171 173 156
0.054929 -0.162477 0.734403 169 171 154
0.057833 -0.162519 0.734593 167 169 152
0.060714 -0.162497 0.734496 166 168 151
0.063563 -0.162396 0.734039 165 167 150
0.066449 -0.162391 0.734020 167 167 151
0.069454 -0.162666 0.735267 148 148 132
0.072367 -0.162713 0.735480 148 149 132
0.075334 -0.162873 0.736205 150 150 133
0.078268 -0.162953 0.736569 159 159 143
0.081238 -0.163100 0.737232 167 168 150
0.084145 -0.163113 0.737291 168 168 152
0.087093 -0.163203 0.737702 170 170 154
0.089970 -0.163158 0.737500 170 170 154
0.092808 -0.163048 0.737003 169 171 154
0.095591 -0.162851 0.736112 167 169 152
0.098360 -0.162642 0.735168 168 170 153
0.101095 -0.162391 0.734032 168 170 153
0.109916 -0.154502 0.698354 199 199 189
0.111747 -0.153247 0.692678 251 251 243
0.113605 -0.152088 0.687437 234 235 225
0.115936 -0.151601 0.685233 228 231 218
0.118238 -0.151099 0.682962 226 228 215
0.120662 -0.150771 0.681480 227 229 214
0.122991 -0.150341 0.679538 225 227 212
0.125570 -0.150229 0.679031 225 227 212
0.128167 -0.150143 0.678644 224 226 211
0.130760 -0.150055 0.678245 224 226 213
0.133415 -0.150040 0.678180 223 225 211
0.136084 -0.150042 0.678191 224 226 213
0.138787 -0.150080 0.678362 226 228 215
0.141548 -0.150178 0.678807 226 228 215
0.144318 -0.150282 0.679277 226 228 215
0.147150 -0.150446 0.680021 226 228 215
0.149981 -0.150603 0.680732 225 229 216
0.152849 -0.150790 0.681580 225 229 216
0.155520 -0.150780 0.681537 228 231 218
0.158925 -0.151470 0.684657 171 173 158
0.008777 -0.160781 0.739932 183 181 158
0.011665 -0.160468 0.738489 180 180 158
0.014552 -0.160275 0.737603 177 179 158
0.017456 -0.160302 0.737730 177 178 159
0.020330 -0.160084 0.736726 176 177 158
0.023171 -0.159693 0.734924 171 172 153
0.026036 -0.159534 0.734197 165 168 149
0.028895 -0.159374 0.733459 154 157 139
0.031771 -0.159332 0.733269 170 171 153
0.034650 -0.159308 0.733156 170 173 154
0.037507 -0.159194 0.732634 172 175 156
0.040354 -0.159058 0.732007 172 175 156
0.043216 -0.158995 0.731721 171 173 156
0.046097 -0.159003 0.731760 171 173 156
0.048950 -0.158923 0.731390 170 171 154
0.051826 -0.158919 0.731373 170 171 154
0.054695 -0.158899 0.731281 166 168 151
0.057599 -0.158974 0.731630 165 167 150
0.060466 -0.158946 0.731502 162 164 147
0.063321 -0.158889 0.731241 159 161 144
0.066191 -0.158875 0.731179 159 159 143
0.069167 -0.159103 0.732229 150 150 134
0.072078 -0.159173 0.732551 143 143 127
0.075010 -0.159279 0.733042 156 156 140
0.077909 -0.159312 0.733195 163 163 147
0.080856 -0.159436 0.733765 168 168 152
0.083734 -0.159420 0.733695 170 170 154
0.086664 -0.159501 0.734070 170 170 154
0.089526 -0.159457 0.733865 169 169 153
0.092329 -0.159311 0.733196 169 169 153
0.095091 -0.159107 0.732259 162 162 146
0.097774 -0.158787 0.730786 168 169 152
0.100410 -0.158411 0.729054 169 170 153
0.109671 -0.151407 0.696799 208 211 198
0.111505 -0.150187 0.691182 232 234 222
0.113346 -0.149034 0.685871 229 232 220
0.115610 -0.148477 0.683308 233 235 222
0.117912 -0.147993 0.681080 228 230 217
0.120338 -0.147683 0.679654 227 229 214
0.122725 -0.147339 0.678070 228 230 215
0.125254 -0.147176 0.677323 225 227 212
0.127907 -0.147164 0.677265 226 228 213
0.130442 -0.147018 0.676596 225 227 213
0.133142 -0.147061 0.676794 226 228 214
0.135744 -0.146996 0.676496 224 226 213
0.138474 -0.147069 0.676835 223 226 213
0.141178 -0.147113 0.677036 226 228 215
0.143989 -0.147264 0.677732 225 227 214
0.146731 -0.147340 0.678083 225 229 216
0.149628 -0.147566 0.679127 225 229 216
0.152475 -0.147736 0.679912 225 229 216
0.155474 -0.148045 0.681337 223 227 214
0.158440 -0.148312 0.682568 189 189 174
0.005838 -0.157075 0.736254 180 180 156
0.008729 -0.156995 0.735878 179 179 157
0.011611 -0.156824 0.735076 176 177 157
0.014489 -0.156680 0.734404 170 173 154
0.017385 -0.156746 0.734714 165 166 148
0.020244 -0.156514 0.733627 168 169 151
0.023067 -0.156085 0.731616 168 169 151
0.025926 -0.155973 0.731091 166 169 150
0.028775 -0.155831 0.730428 167 169 152
0.031628 -0.155731 0.729960 162 164 147
0.034492 -0.155700 0.729813 169 172 153
0.037337 -0.155593 0.729313 170 173 154
0.040188 -0.155526 0.728999 170 173 155
0.043048 -0.155501 0.728883 170 172 155
0.045920 -0.155516 0.728955 169 171 154
0.048766 -0.155448 0.728637 167 169 151
0.051620 -0.155411 0.728469 166 167 149
0.054471 -0.155372 0.728284 171 173 156
0.057336 -0.155374 0.728293 164 166 149
0.060190 -0.155344 0.728158 160 162 145
0.063076 -0.155400 0.728418 158 160 143
0.065943 -0.155403 0.728437 163 163 147
0.068858 -0.155516 0.728965 161 161 145
0.071752 -0.155574 0.729240 159 159 143
0.074657 -0.155650 0.729597 160 160 144
0.077514 -0.155624 0.729474 165 165 149
0.080404 -0.155665 0.729668 169 169 153
0.083261 -0.155640 0.729554 168 171 152
0.086213 -0.155788 0.730247 166 166 150
0.089073 -0.155767 0.730154 166 166 150
0.091862 -0.155626 0.729490 167 167 151
0.094575 -0.155370 0.728291 164 164 148
0.097209 -0.155002 0.726569 169 169 153
0.101821 -0.153340 0.718774 176 178 163
0.103993 -0.152381 0.714277 231 233 220
0.106068 -0.151335 0.709368 213 215 202
0.108144 -0.150342 0.704714 212 214 201
0.109746 -0.148757 0.697280 212 214 201
0.111561 -0.147531 0.691529 227 229 216
0.113299 -0.146265 0.685589 227 229 216
0.115459 -0.145589 0.682418 227 229 216
0.117667 -0.145002 0.679666 229 231 218
0.120173 -0.144800 0.678722 228 230 217
0.122629 -0.144549 0.677542 227 229 215
0.125189 -0.144427 0.676973 226 228 213
0.127762 -0.144326 0.676501 227 229 214
0.130320 -0.144212 0.675965 226 229 214
0.132908 -0.144135 0.675607 226 228 215
0.135571 -0.144141 0.675635 226 228 215
0.138228 -0.144141 0.675636 226 230 217
0.140942 -0.144198 0.675907 225 229 214
0.143700 -0.144297 0.676372 226 230 216
0.146519 -0.144454 0.677108 225 229 216
0.149273 -0.144541 0.677517 225 229 216
0.152204 -0.144794 0.678706 225 229 216
0.155317 -0.145208 0.680648 221 225 212
0.158411 -0.145590 0.682443 195 193 178
0.002929 -0.153496 0.733044 178 179 155
0.005803 -0.153266 0.731943 177 176 155
0.008681 -0.153245 0.731846 177 176 155
0.011556 -0.153202 0.731639 166 166 146
0.014419 -0.153048 0.730906 171 174 155
0.017297 -0.153070 0.731011 171 172 154
0.020144 -0.152859 0.730006 171 172 154
0.022961 -0.152494 0.728261 171 172 154
0.025806 -0.152384 0.727738 157 158 140
0.028649 -0.152281 0.727247 165 167 148
0.031493 -0.152200 0.726861 158 160 143
0.034354 -0.152209 0.726902 169 172 154
0.037194 -0.152129 0.726522 170 173 153
0.040031 -0.152051 0.726151 171 173 155
0.042884 -0.152042 0.726109 171 172 155
0.045748 -0.152066 0.726228 166 166 150
0.048578 -0.151986 0.725843 165 166 149
0.051423 -0.151954 0.725694 172 173 155
0.054255 -0.151891 0.725392 169 170 153
0.057109 -0.151895 0.725414 166 168 151
0.059951 -0.151866 0.725276 164 166 149
0.062829 -0.151925 0.725560 162 164 147
0.065703 -0.151973 0.725789 162 165 146
0.068587 -0.152037 0.726098 164 165 147
0.071470 -0.152094 0.726372 162 163 145
0.074344 -0.152128 0.726535 163 165 148
0.077180 -0.152087 0.726338 166 168 151
0.080046 -0.152103 0.726418 167 169 152
0.082853 -0.152011 0.725977 166 168 151
0.085770 -0.152120 0.726499 167 168 150
0.088630 -0.152123 0.726518 163 164 146
0.091388 -0.151958 0.725731 155 156 138
0.094051 -0.151649 0.724256 163 163 147
0.096538 -0.151083 0.721552 171 172 155
0.098884 -0.150337 0.717984 174 177 166
0.101011 -0.149307 0.713062 232 234 220
0.103318 -0.148590 0.709639 214 216 203
0.105541 -0.147796 0.705845 213 215 202
0.107721 -0.146982 0.701954 214 216 203
0.109630 -0.145850 0.696542 215 215 201
0.111509 -0.144733 0.691206 219 219 206
0.113308 -0.143569 0.685644 222 223 210
0.115403 -0.142824 0.682085 224 226 213
0.117580 -0.142213 0.679165 225 227 213
0.120070 -0.141998 0.678139 230 232 217
0.122530 -0.141758 0.676994 228 230 215
0.125034 -0.141579 0.676137 227 229 216
0.127642 -0.141522 0.675865 227 229 216
0.130156 -0.141364 0.675115 226 230 217
0.132792 -0.141344 0.675020 226 230 217
0.135396 -0.141291 0.674764 227 229 216
0.138127 -0.141369 0.675140 226 230 217
0.140788 -0.141374 0.675167 226 230 217
0.143563 -0.141491 0.675728 226 230 217
0.146319 -0.141586 0.676183 226 230 217
0.149159 -0.141758 0.677002 225 229 216
0.151985 -0.141909 0.677728 224 228 215
0.155201 -0.142414 0.680142 211 212 196
0.158329 -0.142822 0.682092 197 197 181
0.002907 -0.149512 0.727737 178 175 155
0.005765 -0.149384 0.727115 174 173 154
0.008623 -0.149350 0.726949 173 174 154
0.011487 -0.149410 0.727243 174 174 156
0.014336 -0.149293 0.726673 173 174 156
0.017190 -0.149263 0.726528 169 170 152
0.020033 -0.149152 0.725992 167 168 150
0.022847 -0.148880 0.724665 170 171 153
0.025689 -0.148834 0.724444 169 170 152
0.028525 -0.148763 0.724101 170 171 153
0.031357 -0.148684 0.723716 171 173 156
0.034221 -0.148761 0.724090 151 154 137
0.037050 -0.148683 0.723714 169 172 154
0.039878 -0.148614 0.723379 166 167 150
0.042725 -0.148622 0.723420 163 163 147
0.045555 -0.148570 0.723166 170 170 154
0.048378 -0.148504 0.722847 171 171 154
0.051202 -0.148450 0.722584 171 172 154
0.054021 -0.148386 0.722276 170 171 153
0.056867 -0.148399 0.722340 166 169 152
0.059687 -0.148347 0.722087 164 168 151
0.062541 -0.148378 0.722240 167 169 152
0.065388 -0.148393 0.722314 166 167 150
0.068281 -0.148506 0.722866 166 166 150
0.071143 -0.148545 0.723056 165 166 149
0.074001 -0.148572 0.723187 165 167 150
0.076825 -0.148533 0.723002 165 167 150
0.079660 -0.148515 0.722916 166 168 151
0.082422 -0.148370 0.722206 165 167 150
0.085267 -0.148377 0.722243 165 166 148
0.088064 -0.148304 0.721888 154 155 137
0.090786 -0.148111 0.720949 156 155 138
0.093397 -0.147756 0.719222 166 164 148
0.095690 -0.146934 0.715219 153 155 139
0.098047 -0.146254 0.711906 245 247 234
0.100299 -0.145459 0.708035 216 218 205
0.102691 -0.144904 0.705335 213 215 202
0.105058 -0.144346 0.702615 212 214 201
0.107461 -0.143863 0.700265 214 216 203
0.109587 -0.143043 0.696270 217 219 206
0.111622 -0.142147 0.691908 217 219 206
0.113447 -0.141034 0.686484 204 204 192
0.115517 -0.140270 0.682765 218 220 205
0.117638 -0.139600 0.679500 221 223 208
0.120015 -0.139257 0.677832 224 226 211
0.122426 -0.138968 0.676425 236 240 226
0.124967 -0.138835 0.675778 230 233 220
0.127549 -0.138752 0.675376 226 228 215
0.130156 -0.138699 0.675117 226 228 215
0.132793 -0.138680 0.675025 227 229 215
0.135434 -0.138665 0.674957 227 229 215
0.138102 -0.138678 0.675020 228 232 219
0.140791 -0.138712 0.675184 226 230 217
0.143515 -0.138777 0.675504 225 229 216
0.146261 -0.138862 0.675918 225 229 216
0.149040 -0.138973 0.676463 220 224 210
0.151958 -0.139209 0.677611 209 210 195
0.155152 -0.139684 0.679926 200 198 183
0.158494 -0.140274 0.682803 195 195 179
0.000045 -0.146155 0.725338 161 160 150
0.002894 -0.145961 0.724373 139 141 126
0.005739 -0.145875 0.723945 174 173 155
0.008583 -0.145816 0.723657 173 174 156
0.011438 -0.145924 0.724193 171 172 154
0.014267 -0.145725 0.723209 168 169 151
0.017107 -0.145688 0.723026 171 172 154
0.019935 -0.145567 0.722424 172 173 155
0.022741 -0.145344 0.721319 172 173 155
0.025577 -0.145335 0.721274 170 171 153
0.028411 -0.145320 0.721201 170 171 153
0.031240 -0.145284 0.721025 168 171 153
0.034097 -0.145373 0.721467 149 152 135
0.036917 -0.145303 0.721120 158 160 143
0.039738 -0.145250 0.720857 169 170 154
0.042562 -0.145211 0.720667 173 173 157
0.045391 -0.145192 0.720573 172 172 156
0.048199 -0.145114 0.720186 172 173 155
0.051019 -0.145077 0.720003 172 173 155
0.053830 -0.145020 0.719721 171 172 154
0.056674 -0.145053 0.719888 167 171 154
0.059480 -0.144990 0.719578 168 172 155
0.062312 -0.144994 0.719599 168 170 153
0.065136 -0.144981 0.719532 168 168 152
0.068007 -0.145068 0.719969 168 168 152
0.070861 -0.145112 0.720188 167 167 151
0.073713 -0.145150 0.720379 162 164 147
0.076526 -0.145111 0.720186 161 164 147
0.079333 -0.145064 0.719953 163 166 149
0.082097 -0.144945 0.719362 162 164 147
0.084881 -0.144867 0.718979 159 160 142
0.087645 -0.144760 0.718448 158 159 141
0.090307 -0.144498 0.717148 157 156 139
0.092876 -0.144107 0.715208 171 169 154
0.095078 -0.143188 0.710642 184 186 171
0.097435 -0.142547 0.707461 225 227 214
0.099828 -0.141994 0.704712 215 217 204
0.102287 -0.141560 0.702561 213 215 202
0.104809 -0.141235 0.700947 214 216 203
0.107283 -0.140865 0.699107 215 217 204
0.109578 -0.140282 0.696216 219 221 208
0.111655 -0.139457 0.692115 221 223 210
0.113604 -0.138514 0.687436 238 240 227
0.115639 -0.137719 0.683487 195 198 184
0.117763 -0.137062 0.680225 211 213 199
0.120088 -0.136663 0.678243 215 216 200
0.122474 -0.136349 0.676687 219 222 208
0.125017 -0.136220 0.676048 219 222 208
0.127598 -0.136137 0.675636 219 221 206
0.130168 -0.136045 0.675180 218 220 207
0.132860 -0.136083 0.675369 218 220 206
0.135479 -0.136045 0.675181 219 221 206
0.138171 -0.136080 0.675358 218 219 205
0.140792 -0.136046 0.675189 216 219 205
0.143563 -0.136155 0.675732 212 215 200
0.146257 -0.136188 0.675898 209 210 194
0.149120 -0.136375 0.676826 205 206 189
0.152033 -0.136600 0.677944 198 198 182
0.155338 -0.137163 0.680742 194 192 177
0.158756 -0.137805 0.683931 175 175 159
0.239281 -0.151282 0.750907 173 176 157
0.000044 -0.142839 0.723047 100 107 101
0.002883 -0.142592 0.721797 105 103 101
0.005717 -0.142468 0.721172 181 179 164
0.008550 -0.142400 0.720829 170 170 153
0.011390 -0.142470 0.721182 170 171 153
0.014216 -0.142362 0.720636 170 171 153
0.017035 -0.142231 0.719976 171 172 154
0.019862 -0.142196 0.719797 170 171 153
0.022666 -0.142024 0.718928 170 171 153
0.025489 -0.142001 0.718816 168 171 152
0.028326 -0.142048 0.719055 154 154 138
0.031139 -0.141978 0.718700 167 167 151
0.033979 -0.142034 0.718987 170 171 155
0.036785 -0.141950 0.718563 154 154 138
0.039600 -0.141909 0.718356 170 171 154
0.042407 -0.141845 0.718031 172 173 155
0.045218 -0.141804 0.717824 171 172 154
0.048009 -0.141710 0.717349 172 173 155
0.050823 -0.141689 0.717244 171 172 154
0.053628 -0.141646 0.717029 171 172 154
0.056463 -0.141682 0.717212 169 171 154
0.059270 -0.141648 0.717043 165 167 150
0.062084 -0.141634 0.716972 166 168 151
0.064894 -0.141612 0.716862 164 167 148
0.067728 -0.141642 0.717015 162 165 146
0.070556 -0.141657 0.717092 168 169 152
0.073411 -0.141723 0.717429 154 157 140
0.076220 -0.141699 0.717306 154 161 144
0.079049 -0.141713 0.717379 157 163 147
0.081817 -0.141620 0.716908 160 163 148
0.084591 -0.141543 0.716519 160 161 146
0.087303 -0.141370 0.715648 159 159 143
0.089874 -0.140989 0.713717 162 162 146
0.092375 -0.140522 0.711354 171 169 155
0.094645 -0.139743 0.707407 207 209 195
0.097044 -0.139194 0.704628 225 227 214
0.099469 -0.138712 0.702183 214 217 204
0.102040 -0.138452 0.700871 214 216 203
0.104581 -0.138167 0.699424 215 217 203
0.107101 -0.137870 0.697921 217 219 204
0.109487 -0.137419 0.695639 219 221 208
0.111764 -0.136857 0.692795 224 226 213
0.113841 -0.136083 0.688873 219 223 210
0.116055 -0.135505 0.685947 213 215 202
0.118095 -0.134755 0.682144 200 200 184
0.120345 -0.134271 0.679696 199 198 181
0.122658 -0.133878 0.677707 203 204 186
0.125160 -0.133703 0.676820 209 210 192
0.127709 -0.133585 0.676223 212 213 196
0.130279 -0.133493 0.675760 212 213 199
0.132953 -0.133508 0.675838 211 213 198
0.135637 -0.133534 0.675966 210 212 197
0.138310 -0.133548 0.676039 209 209 193
0.141011 -0.133587 0.676238 207 207 191
0.143788 -0.133695 0.676789 205 205 189
0.146574 -0.133808 0.677363 203 204 186
0.149474 -0.134020 0.678436 198 197 179
0.152561 -0.134388 0.680302 192 192 175
0.155933 -0.134989 0.683350 174 172 157
0.159503 -0.135739 0.687153 193 193 177
0.163129 -0.136511 0.691065 192 192 178
0.166991 -0.137451 0.695829 166 166 149
-0.005693 -0.141190 0.729281 254 251 254
-0.002809 -0.140431 0.725361 182 179 171
0.000044 -0.139415 0.720110 146 132 135
0.002871 -0.139173 0.718862 107 103 111
0.005693 -0.139033 0.718136 165 163 151
0.008512 -0.138951 0.717716 170 169 150
0.011344 -0.139059 0.718272 169 169 151
0.014155 -0.138916 0.717535 169 170 152
0.016964 -0.138810 0.716989 168 168 152
0.019776 -0.138755 0.716708 169 169 153
0.022581 -0.138669 0.716261 161 161 145
0.025395 -0.138647 0.716151 166 166 150
0.028221 -0.138696 0.716406 170 171 153
0.031024 -0.138628 0.716057 171 172 154
0.033849 -0.138664 0.716243 170 171 153
0.036652 -0.138608 0.715954 166 166 150
0.039456 -0.138566 0.715739 166 166 149
0.042254 -0.138512 0.715459 171 172 154
0.045058 -0.138479 0.715289 172 173 155
0.047845 -0.138402 0.714892 172 173 155
0.050651 -0.138387 0.714821 172 173 155
0.053443 -0.138335 0.714552 170 173 154
0.056273 -0.138383 0.714798 168 170 153
0.059077 -0.138364 0.714706 168 170 153
0.061873 -0.138331 0.714534 166 169 150
0.064677 -0.138318 0.714470 165 168 149
0.067484 -0.138310 0.714430 164 167 148
0.070290 -0.138302 0.714387 169 169 153
0.073136 -0.138370 0.714740 155 159 142
0.075928 -0.138335 0.714564 151 160 142
0.078759 -0.138370 0.714746 153 160 144
0.081536 -0.138313 0.714449 156 160 145
0.084297 -0.138232 0.714032 161 162 146
0.087028 -0.138109 0.713398 159 160 142
0.089560 -0.137688 0.711223 163 163 147
0.092048 -0.137226 0.708837 170 170 155
0.094378 -0.136564 0.705413 208 212 198
0.096777 -0.136036 0.702686 222 226 213
0.099232 -0.135614 0.700507 214 218 205
0.101774 -0.135331 0.699045 214 216 203
0.104346 -0.135101 0.697857 215 217 204
0.106863 -0.134813 0.696369 218 220 205
0.109332 -0.134481 0.694653 219 221 208
0.111692 -0.134035 0.692348 218 222 209
0.113920 -0.133456 0.689355 218 222 209
0.116230 -0.132996 0.686980 210 212 199
0.118484 -0.132496 0.684394 197 197 181
0.120747 -0.132027 0.681970 186 183 167
0.123028 -0.131598 0.679753 188 187 169
0.125444 -0.131328 0.678358 192 191 173
0.128014 -0.131227 0.677838 194 192 175
0.130525 -0.131071 0.677036 197 196 179
0.133216 -0.131098 0.677176 199 198 182
0.135855 -0.131075 0.677055 200 200 183
0.138560 -0.131114 0.677262 200 200 182
0.141301 -0.131185 0.677629 198 196 177
0.144168 -0.131369 0.678578 194 192 173
0.146908 -0.131432 0.678909 187 187 167
0.149921 -0.131733 0.680465 176 178 160
0.153053 -0.132126 0.682497 170 171 154
0.156509 -0.132779 0.685877 184 184 168
0.159948 -0.133396 0.689069 185 187 172
0.163584 -0.134154 0.692990 192 192 177
0.167207 -0.134878 0.696730 179 179 164
0.229049 -0.142660 0.736995 166 167 146
0.236137 -0.143443 0.741043 170 173 152
-0.005667 -0.137686 0.725988 236 235 233
-0.002794 -0.136843 0.721543 178 173 168
0.000043 -0.135993 0.717056 254 239 240
0.002861 -0.135847 0.716289 147 142 139
0.005673 -0.135719 0.715617 159 158 144
0.008481 -0.135623 0.715110 170 169 151
0.011303 -0.135732 0.715684 164 164 145
0.014112 -0.135678 0.715404 148 148 130
0.016906 -0.135512 0.714525 166 165 149
0.019712 -0.135483 0.714376 174 174 158
0.022522 -0.135483 0.714378 168 168 152
0.025327 -0.135458 0.714246 168 168 152
0.028138 -0.135469 0.714306 169 170 152
0.030930 -0.135390 0.713888 171 172 154
0.033738 -0.135392 0.713903 168 169 151
0.036527 -0.135322 0.713533 169 169 153
0.039320 -0.135275 0.713286 163 163 146
0.042107 -0.135214 0.712966 171 171 154
0.044907 -0.135200 0.712894 171 172 154
0.047690 -0.135141 0.712585 171 172 154
0.050485 -0.135122 0.712483 172 173 155
0.053280 -0.135102 0.712383 171 173 155
0.056083 -0.135104 0.712391 170 172 155
0.058867 -0.135062 0.712171 168 170 153
0.061664 -0.135053 0.712128 166 169 150
0.064446 -0.135013 0.711916 165 168 149
0.067232 -0.134985 0.711768 165 167 149
0.070020 -0.134962 0.711650 168 169 151
0.072824 -0.134970 0.711696 162 165 148
0.075617 -0.134960 0.711642 153 162 144
0.078438 -0.134998 0.711842 147 155 138
0.081204 -0.134940 0.711539 156 160 147
0.083975 -0.134896 0.711309 161 161 146
0.086712 -0.134802 0.710813 161 162 144
0.089285 -0.134466 0.709041 164 165 148
0.091800 -0.134066 0.706932 169 170 154
0.094127 -0.133423 0.703542 184 187 172
0.096545 -0.132943 0.701008 227 231 218
0.098974 -0.132504 0.698692 218 220 207
0.101515 -0.132234 0.697269 214 217 204
0.104079 -0.132007 0.696070 215 217 204
0.106617 -0.131760 0.694767 216 218 205
0.109088 -0.131445 0.693106 219 221 207
0.111570 -0.131158 0.691594 219 221 207
0.113955 -0.130773 0.689564 220 224 211
0.116426 -0.130503 0.688142 224 226 213
0.118871 -0.130216 0.686628 199 199 183
0.121287 -0.129911 0.685018 186 185 168
0.123600 -0.129512 0.682913 179 178 161
0.126032 -0.129251 0.681538 178 176 160
0.128529 -0.129067 0.680569 183 179 161
0.131043 -0.128907 0.679724 185 181 163
0.133701 -0.128892 0.679644 183 182 164
0.136363 -0.128881 0.679587 183 181 164
0.139063 -0.128906 0.679720 182 177 159
0.141873 -0.129030 0.680376 180 176 157
0.144760 -0.129218 0.681369 175 172 154
0.147717 -0.129460 0.682649 175 174 155
0.150714 -0.129727 0.684064 178 179 161
0.154000 -0.130230 0.686719 180 181 164
0.157384 -0.130797 0.689710 182 182 167
0.160552 -0.131169 0.691674 182 184 169
0.164005 -0.131756 0.694774 184 186 171
0.167436 -0.132307 0.697686 189 190 175
0.171359 -0.133223 0.702519 167 167 153
0.175204 -0.134049 0.706881 167 167 151
0.178979 -0.134797 0.710834 164 164 148
0.182404 -0.135263 0.713293 165 167 148
0.185975 -0.135821 0.716239 164 166 148
0.189201 -0.136114 0.717790 160 163 147
0.227351 -0.138715 0.731530 156 157 137
0.230771 -0.139041 0.733256 166 168 147
0.234242 -0.139390 0.735097 168 171 150
-0.008575 -0.135640 0.730415 165 164 161
-0.005646 -0.134312 0.723255 218 217 196
-0.002786 -0.133587 0.719350 176 175 161
0.000043 -0.132835 0.715298 101 95 87
0.002851 -0.132590 0.713982 175 174 158
0.005651 -0.132403 0.712972 170 170 156
0.008449 -0.132300 0.712421 159 159 145
0.011260 -0.132407 0.713000 165 164 146
0.014058 -0.132339 0.712632 169 168 151
0.016840 -0.132177 0.711760 169 168 151
0.019641 -0.132187 0.711818 171 171 155
0.022446 -0.132220 0.711998 167 167 151
0.025242 -0.132197 0.711874 168 169 151
0.028046 -0.132214 0.711964 168 169 151
0.030825 -0.132123 0.711477 168 169 151
0.033623 -0.132119 0.711459 169 170 152
0.036397 -0.132031 0.710984 169 170 152
0.039183 -0.131996 0.710794 167 168 150
0.041958 -0.131932 0.710451 165 165 149
0.044747 -0.131916 0.710370 169 169 153
0.047520 -0.131856 0.710048 171 172 154
0.050308 -0.131845 0.709987 170 171 153
0.053091 -0.131819 0.709849 170 172 155
0.055885 -0.131823 0.709874 171 173 156
0.058668 -0.131804 0.709769 171 173 156
0.061447 -0.131776 0.709619 167 170 151
0.064232 -0.131764 0.709560 163 165 148
0.066999 -0.131717 0.709306 169 171 153
0.069774 -0.131689 0.709155 170 171 152
0.072576 -0.131711 0.709276 163 166 149
0.075353 -0.131688 0.709153 157 166 148
0.078168 -0.131731 0.709388 153 161 144
0.080940 -0.131702 0.709233 152 156 143
0.083704 -0.131662 0.709016 158 160 145
0.086467 -0.131622 0.708806 162 162 146
0.089066 -0.131343 0.707300 160 162 145
0.091614 -0.131009 0.705503 164 166 150
0.093960 -0.130413 0.702291 157 160 144
0.096359 -0.129924 0.699658 228 232 218
0.098787 -0.129499 0.697368 223 224 212
0.101330 -0.129245 0.695999 215 217 204
0.103909 -0.129047 0.694936 215 217 204
0.106410 -0.128767 0.693424 216 218 205
0.108922 -0.128513 0.692057 218 220 205
0.111437 -0.128274 0.690769 218 221 208
0.113940 -0.128034 0.689478 216 220 207
0.116461 -0.127824 0.688348 215 217 204
0.118969 -0.127610 0.687194 207 208 193
0.121489 -0.127418 0.686163 196 196 179
0.123964 -0.127188 0.684925 181 180 163
0.126449 -0.126978 0.683794 179 177 162
0.128988 -0.126830 0.682997 178 176 161
0.131505 -0.126668 0.682123 177 175 160
0.134214 -0.126692 0.682255 176 175 158
0.136875 -0.126671 0.682142 175 174 157
0.139626 -0.126732 0.682473 176 172 155
0.142427 -0.126836 0.683035 171 170 151
0.145405 -0.127090 0.684405 176 175 157
0.148406 -0.127354 0.685831 175 174 157
0.151444 -0.127641 0.687376 177 178 160
0.154528 -0.127956 0.689075 180 181 164
0.157811 -0.128421 0.691584 182 183 169
0.160776 -0.128616 0.692637 182 184 171
0.164045 -0.129044 0.694947 184 186 172
0.167252 -0.129409 0.696918 187 189 174
0.171195 -0.130324 0.701848 171 171 157
0.174785 -0.130944 0.705193 172 172 156
0.178489 -0.131629 0.708885 168 168 152
0.181796 -0.132005 0.710914 166 169 150
0.185334 -0.132535 0.713771 164 167 148
0.188424 -0.132734 0.714845 164 167 148
-0.014490 -0.134318 0.739014 111 107 100
-0.011489 -0.133228 0.733017 68 64 62
-0.008537 -0.132173 0.727204 129 131 125
-0.005631 -0.131098 0.721290 192 188 166
-0.002782 -0.130516 0.718086 172 171 154
0.000043 -0.129742 0.713821 168 165 150
0.002844 -0.129471 0.712330 169 168 151
0.005632 -0.129158 0.710608 162 163 145
0.008420 -0.129048 0.710003 161 161 145
0.011217 -0.129096 0.710268 166 166 149
0.014006 -0.129052 0.710029 164 165 147
0.016782 -0.128921 0.709308 165 166 148
0.019564 -0.128873 0.709044 166 167 149
0.022361 -0.128920 0.709306 167 168 150
0.025150 -0.128913 0.709272 168 169 151
0.027941 -0.128918 0.709296 168 169 151
0.030705 -0.128811 0.708713 167 168 150
0.033474 -0.128740 0.708321 168 169 151
0.036239 -0.128666 0.707917 168 169 151
0.039016 -0.128640 0.707774 168 169 151
0.041781 -0.128581 0.707449 165 165 149
0.044564 -0.128584 0.707467 170 170 154
0.047321 -0.128514 0.707084 171 172 155
0.050110 -0.128534 0.707194 170 171 153
0.052879 -0.128501 0.707016 171 172 154
0.055668 -0.128521 0.707129 172 175 156
0.058443 -0.128506 0.707048 171 174 155
0.061222 -0.128502 0.707026 165 168 149
0.064000 -0.128496 0.706993 169 172 153
0.066773 -0.128480 0.706907 172 175 156
0.069537 -0.128451 0.706748 173 174 155
0.072318 -0.128453 0.706759 166 168 150
0.075084 -0.128429 0.706629 160 164 149
0.077893 -0.128476 0.706892 162 166 151
0.080677 -0.128482 0.706924 149 155 140
0.083450 -0.128470 0.706861 147 150 137
0.086222 -0.128458 0.706796 157 158 144
0.088865 -0.128260 0.705707 161 163 147
0.091452 -0.127996 0.704254 161 164 145
0.093873 -0.127523 0.701647 167 169 152
0.096293 -0.127075 0.699181 193 196 181
0.098678 -0.126606 0.696602 234 236 223
0.101252 -0.126399 0.695463 216 218 205
0.103846 -0.126227 0.694517 215 217 204
0.106351 -0.125959 0.693041 215 217 202
0.108814 -0.125655 0.691370 217 219 204
0.111373 -0.125474 0.690375 217 219 205
0.113896 -0.125263 0.689214 217 220 207
0.116492 -0.125139 0.688533 216 218 205
0.119044 -0.124975 0.687630 211 213 198
0.121641 -0.124865 0.687024 207 207 191
0.124199 -0.124720 0.686227 191 190 174
0.126747 -0.124571 0.685407 182 180 165
0.129336 -0.124468 0.684842 180 179 161
0.131924 -0.124369 0.684296 179 178 161
0.134616 -0.124368 0.684297 176 175 159
0.137392 -0.124445 0.684720 175 173 158
0.140172 -0.124522 0.685145 177 173 157
0.143049 -0.124680 0.686017 173 172 155
0.145943 -0.124847 0.686937 176 175 158
0.148930 -0.125086 0.688257 176 175 158
0.151958 -0.125350 0.689713 177 178 160
0.154980 -0.125600 0.691092 180 181 164
0.158080 -0.125904 0.692765 182 183 169
0.161112 -0.126143 0.694086 183 185 172
0.164286 -0.126485 0.695969 184 186 171
0.167481 -0.126831 0.697875 192 193 179
0.171136 -0.127508 0.701607 171 171 156
0.174694 -0.128093 0.704826 167 170 151
0.178217 -0.128633 0.707806 166 169 150
0.181459 -0.128958 0.709597 167 170 151
0.184859 -0.129384 0.711945 165 168 149
0.188079 -0.129673 0.713536 165 168 149
0.194126 -0.129963 0.715136 164 165 147
0.209573 -0.130824 0.719884 166 167 149
0.215559 -0.131019 0.720965 180 182 166
0.218560 -0.131118 0.721511 77 79 71
0.221683 -0.131287 0.722440 171 174 156
0.224816 -0.131456 0.723376 162 163 143
-0.017446 -0.131771 0.741104 122 127 120
-0.014445 -0.130991 0.736717 108 105 96
-0.011457 -0.129971 0.730977 67 65 64
-0.008518 -0.128997 0.725495 103 103 100
-0.005622 -0.128044 0.720130 187 183 165
-0.002775 -0.127392 0.716461 171 172 154
0.000042 -0.126617 0.712097 168 167 151
0.002835 -0.126270 0.710146 164 162 147
0.005613 -0.125923 0.708194 163 164 146
0.008389 -0.125773 0.707350 160 161 143
0.011175 -0.125822 0.707629 166 166 149
0.013954 -0.125780 0.707392 169 167 151
0.016721 -0.125668 0.706766 168 169 152
0.019497 -0.125643 0.706629 170 170 153
0.022285 -0.125690 0.706894 169 170 153
0.025063 -0.125677 0.706821 170 171 154
0.027842 -0.125674 0.706807 172 173 155
0.030598 -0.125574 0.706246 171 172 154
0.033359 -0.125509 0.705881 171 172 154
0.036112 -0.125428 0.705426 171 171 154
0.038877 -0.125399 0.705265 170 171 154
0.041631 -0.125336 0.704912 172 172 155
0.044402 -0.125333 0.704894 162 162 146
0.047156 -0.125284 0.704619 170 170 154
0.049936 -0.125305 0.704738 168 169 151
0.052700 -0.125286 0.704636 170 171 153
0.055468 -0.125277 0.704587 171 172 153
0.058244 -0.125287 0.704644 171 174 155
0.061005 -0.125265 0.704519 172 175 156
0.063778 -0.125269 0.704546 175 176 158
0.066540 -0.125251 0.704443 176 177 159
0.069300 -0.125232 0.704336 177 178 159
0.072070 -0.125231 0.704337 171 173 155
0.074827 -0.125209 0.704213 163 166 149
0.077639 -0.125277 0.704597 163 166 151
0.080426 -0.125301 0.704734 160 164 150
0.083188 -0.125285 0.704645 151 157 142
0.085971 -0.125302 0.704743 154 158 145
0.088639 -0.125155 0.703915 160 163 148
0.091267 -0.124962 0.702832 162 164 147
0.093755 -0.124595 0.700765 164 166 148
0.096183 -0.124172 0.698382 159 161 145
0.098583 -0.123736 0.695931 219 220 205
0.101093 -0.123459 0.694373 222 224 212
0.103699 -0.123310 0.693535 216 220 207
0.106197 -0.123044 0.692039 216 218 203
0.108677 -0.122771 0.690502 216 218 203
0.111232 -0.122593 0.689504 215 217 202
0.113809 -0.122448 0.688687 215 217 202
0.116413 -0.122338 0.688069 215 217 204
0.119041 -0.122256 0.687612 213 215 202
0.121681 -0.122192 0.687250 210 211 198
0.124295 -0.122104 0.686760 202 201 185
0.126885 -0.121997 0.686154 191 190 175
0.129567 -0.121981 0.686067 183 182 168
0.132181 -0.121903 0.685629 179 177 161
0.134933 -0.121953 0.685911 176 175 158
0.137688 -0.122003 0.686196 175 174 158
0.140522 -0.122120 0.686857 177 172 158
0.143292 -0.122178 0.687185 176 173 158
0.146120 -0.122282 0.687770 175 174 157
0.148961 -0.122393 0.688399 178 177 160
0.151936 -0.122608 0.689611 178 178 161
0.154897 -0.122805 0.690720 180 180 165
0.157990 -0.123098 0.692368 182 182 168
0.161002 -0.123318 0.693612 184 184 171
0.164206 -0.123676 0.695630 188 190 175
0.167364 -0.123988 0.697388 194 196 181
0.170919 -0.124580 0.700718 172 172 157
0.174319 -0.125040 0.703314 166 169 150
0.177835 -0.125569 0.706292 167 170 151
0.180993 -0.125832 0.707776 169 172 153
0.184342 -0.126219 0.709953 167 170 151
0.187424 -0.126414 0.711053 167 170 151
0.190498 -0.126598 0.712088 167 170 151
0.193542 -0.126756 0.712983 166 169 150
0.211800 -0.127617 0.717837 168 169 151
0.217589 -0.127699 0.718305 99 102 87
0.220568 -0.127788 0.718805 174 177 157
0.223712 -0.127969 0.719824 163 164 144
-0.017426 -0.128697 0.740256 165 171 164
-0.014414 -0.127804 0.735118 119 114 107
-0.011430 -0.126781 0.729227 78 74 72
-0.008499 -0.125851 0.723877 82 83 81
-0.005607 -0.124856 0.718150 186 183 166
-0.002767 -0.124168 0.714188 177 175 157
0.000042 -0.123278 0.709066 169 167 152
0.002824 -0.122981 0.707359 167 166 150
0.005589 -0.122598 0.705154 168 169 151
0.008353 -0.122467 0.704399 167 168 148
0.011128 -0.122513 0.704667 165 165 147
0.013891 -0.122432 0.704202 170 168 153
0.016652 -0.122369 0.703841 172 172 156
0.019417 -0.122347 0.703715 173 173 157
0.022193 -0.122395 0.703995 175 175 159
0.024957 -0.122369 0.703846 175 175 159
0.027728 -0.122381 0.703918 177 178 160
0.030471 -0.122276 0.703312 175 176 158
0.033224 -0.122227 0.703031 175 176 158
0.035960 -0.122129 0.702472 175 176 158
0.038713 -0.122097 0.702286 172 172 155
0.041455 -0.122037 0.701942 172 172 155
0.044212 -0.122026 0.701879 169 169 153
0.046957 -0.121985 0.701646 167 167 150
0.049715 -0.121981 0.701626 168 169 151
0.052470 -0.121969 0.701559 168 169 151
0.055246 -0.122007 0.701775 167 168 150
0.058012 -0.122017 0.701836 169 171 152
0.060782 -0.122036 0.701950 174 175 157
0.063541 -0.122032 0.701927 175 176 158
0.066304 -0.122037 0.701955 178 179 161
0.069053 -0.122015 0.701833 177 178 160
0.071842 -0.122063 0.702107 177 178 160
0.074593 -0.122045 0.702007 169 170 153
0.077397 -0.122113 0.702402 159 161 144
0.080186 -0.122152 0.702629 161 164 151
0.082963 -0.122172 0.702742 157 161 148
0.085766 -0.122227 0.703058 149 155 141
0.088492 -0.122172 0.702748 155 160 147
0.091175 -0.122064 0.702127 160 162 145
0.093729 -0.121794 0.700570 163 165 148
0.096232 -0.121476 0.698742 164 166 148
0.098641 -0.121059 0.696344 158 158 142
0.101121 -0.120750 0.694564 217 219 204
0.103651 -0.120515 0.693213 218 222 209
0.106156 -0.120265 0.691773 217 219 204
0.108652 -0.120016 0.690340 216 218 203
0.111233 -0.119871 0.689511 214 216 201
0.113790 -0.119708 0.688573 213 215 200
0.116436 -0.119644 0.688205 213 215 202
0.119040 -0.119540 0.687608 213 215 202
0.121709 -0.119505 0.687408 212 214 201
0.124346 -0.119441 0.687039 207 209 194
0.126989 -0.119385 0.686718 203 203 187
0.129683 -0.119378 0.686683 193 193 180
0.132373 -0.119368 0.686623 186 186 172
0.135082 -0.119376 0.686671 182 180 164
0.137860 -0.119442 0.687055 174 173 157
0.140626 -0.119496 0.687364 178 173 159
0.143402 -0.119556 0.687713 179 174 160
0.146163 -0.119601 0.687973 179 176 160
0.148994 -0.119701 0.688551 181 180 163
0.151871 -0.119835 0.689321 180 180 165
0.154817 -0.120016 0.690367 183 182 167
0.157863 -0.120267 0.691815 187 186 171
0.160912 -0.120512 0.693226 192 193 178
0.164090 -0.120844 0.695140 197 200 185
0.167255 -0.121155 0.696934 199 203 188
0.170686 -0.121647 0.699763 172 172 157
0.174072 -0.122090 0.702318 164 167 148
0.177418 -0.122492 0.704636 164 167 148
0.180568 -0.122749 0.706117 167 170 151
0.183843 -0.123081 0.708031 169 172 153
0.186928 -0.123279 0.709171 167 170 151
0.189842 -0.123360 0.709638 164 167 148
0.192818 -0.123478 0.710318 160 163 144
0.198869 -0.123765 0.711976 162 163 145
0.201822 -0.123859 0.712515 167 168 150
0.204808 -0.123969 0.713153 167 169 150
0.207768 -0.124061 0.713685 168 170 153
0.210800 -0.124193 0.714447 170 171 153
0.213594 -0.124184 0.714394 173 175 158
0.216496 -0.124236 0.714698 140 142 125
0.219403 -0.124290 0.715011 171 173 154
0.222524 -0.124462 0.716004 164 165 145
-0.020431 -0.126344 0.743616 100 97 91
-0.017380 -0.125440 0.738293 190 192 185
-0.014382 -0.124627 0.733503 121 115 109
-0.011403 -0.123603 0.727476 94 91 89
-0.008471 -0.122582 0.721458 69 71 70
-0.005589 -0.121624 0.715818 195 193 175
-0.002757 -0.120888 0.711482 181 180 163
0.000042 -0.120063 0.706623 171 170 154
0.002814 -0.119757 0.704822 173 171 156
0.005570 -0.119424 0.702861 172 172 156
0.008324 -0.119273 0.701973 172 172 156
0.011088 -0.119297 0.702113 170 172 156
0.013841 -0.119228 0.701708 171 174 158
0.016594 -0.119180 0.701428 177 178 162
0.019345 -0.119127 0.701121 177 178 163
0.022099 -0.119107 0.701003 177 179 164
0.024847 -0.119064 0.700753 179 179 165
0.027612 -0.119103 0.700981 178 178 164
0.030350 -0.119024 0.700521 177 177 163
0.033095 -0.118989 0.700312 176 176 160
0.035824 -0.118903 0.699810 176 175 159
0.038566 -0.118872 0.699626 175 174 157
0.041301 -0.118822 0.699333 173 173 156
0.044055 -0.118831 0.699386 171 171 155
0.046794 -0.118800 0.699208 160 160 144
0.049547 -0.118808 0.699257 168 169 151
0.052294 -0.118801 0.699216 167 168 150
0.055055 -0.118823 0.699347 166 167 149
0.057816 -0.118843 0.699468 168 169 151
0.060573 -0.118855 0.699537 172 173 155
0.063330 -0.118864 0.699595 173 175 158
0.066078 -0.118858 0.699557 176 179 160
0.068818 -0.118838 0.699446 178 181 162
0.071596 -0.118882 0.699706 179 181 164
0.074352 -0.118888 0.699742 176 178 161
0.077140 -0.118943 0.700065 166 168 151
0.079917 -0.118979 0.700278 163 165 150
0.082711 -0.119035 0.700612 161 163 148
0.085508 -0.119092 0.700948 155 157 142
0.088270 -0.119098 0.700987 142 146 131
0.090985 -0.119044 0.700667 161 165 150
0.093615 -0.118883 0.699720 163 165 148
0.096213 -0.118692 0.698600 165 168 149
0.098646 -0.118316 0.696381 166 167 150
0.101058 -0.117934 0.694133 159 160 142
0.103578 -0.117695 0.692727 211 214 196
0.106029 -0.117392 0.690946 222 224 209
0.108547 -0.117177 0.689676 219 221 206
0.111120 -0.117029 0.688810 216 218 203
0.113726 -0.116924 0.688189 214 216 201
0.116335 -0.116825 0.687609 213 215 202
0.118976 -0.116762 0.687242 212 214 201
0.121627 -0.116712 0.686948 212 214 201
0.124290 -0.116676 0.686735 211 213 198
0.126942 -0.116630 0.686467 208 209 194
0.129679 -0.116663 0.686663 204 204 190
0.132348 -0.116635 0.686499 199 199 185
0.135124 -0.116700 0.686884 194 194 180
0.137859 -0.116728 0.687051 191 189 175
0.140671 -0.116819 0.687585 187 186 170
0.143393 -0.116833 0.687669 185 184 169
0.146146 -0.116871 0.687895 185 184 169
0.148933 -0.116934 0.688270 188 187 171
0.151839 -0.117087 0.689174 190 192 175
0.154743 -0.117234 0.690037 194 197 181
0.157788 -0.117479 0.691487 197 200 186
0.160811 -0.117700 0.692791 203 206 192
0.163993 -0.118029 0.694730 202 206 191
0.167153 -0.118331 0.696508 188 190 175
0.170505 -0.118757 0.699019 167 170 151
0.173731 -0.119083 0.700944 169 172 153
0.177023 -0.119443 0.703067 166 169 150
0.180103 -0.119652 0.704297 165 168 149
0.183373 -0.119978 0.706223 166 169 150
0.186333 -0.120096 0.706916 166 169 150
0.189220 -0.120163 0.707313 164 167 148
0.192137 -0.120247 0.707809 143 145 128
0.198122 -0.120500 0.709302 161 162 144
0.201032 -0.120571 0.709725 164 167 149
0.203981 -0.120664 0.710273 165 168 150
0.206894 -0.120734 0.710686 164 166 149
0.209821 -0.120809 0.711129 166 168 151
0.212684 -0.120846 0.711352 169 171 154
0.215504 -0.120858 0.711425 142 145 126
0.218494 -0.120964 0.712049 168 171 149
0.221460 -0.121054 0.712582 165 166 146
-0.023397 -0.123625 0.744929 88 85 80
-0.020368 -0.123026 0.741314 109 106 101
-0.017310 -0.122026 0.735284 199 195 191
-0.014334 -0.121314 0.730996 120 118 110
-0.011353 -0.120202 0.724290 111 109 101
-0.008443 -0.119340 0.719089 71 73 68
-0.005569 -0.118368 0.713230 206 202 186
-0.002748 -0.117698 0.709191 181 179 162
0.000041 -0.116920 0.704499 221 220 208
0.002805 -0.116613 0.702646 177 177 162
0.005552 -0.116280 0.700637 180 182 168
0.008297 -0.116123 0.699695 178 180 168
0.011045 -0.116076 0.699412 179 182 167
0.013784 -0.115979 0.698826 171 173 158
0.016532 -0.115976 0.698811 183 185 170
0.019276 -0.115943 0.698617 180 181 167
0.022008 -0.115860 0.698114 180 181 167
0.024730 -0.115749 0.697447 181 181 167
0.027491 -0.115823 0.697896 180 180 166
0.030225 -0.115781 0.697643 179 179 165
0.032960 -0.115752 0.697470 175 175 159
0.035689 -0.115705 0.697187 174 174 158
0.038420 -0.115670 0.696979 174 173 156
0.041146 -0.115626 0.696717 172 173 155
0.043882 -0.115616 0.696655 171 172 154
0.046612 -0.115590 0.696499 167 167 150
0.049352 -0.115591 0.696507 155 155 138
0.052088 -0.115584 0.696464 166 167 149
0.054841 -0.115612 0.696638 165 166 148
0.057596 -0.115641 0.696815 168 169 151
0.060344 -0.115655 0.696899 170 171 153
0.063092 -0.115668 0.696977 172 173 155
0.065830 -0.115660 0.696936 176 177 159
0.068569 -0.115657 0.696917 180 182 165
0.071342 -0.115709 0.697229 180 182 165
0.074076 -0.115695 0.697148 180 182 165
0.076864 -0.115763 0.697563 175 177 160
0.079659 -0.115838 0.698014 165 167 152
0.082437 -0.115883 0.698289 162 164 149
0.085243 -0.115964 0.698778 159 161 146
0.088031 -0.116016 0.699094 154 158 143
0.090777 -0.116011 0.699064 153 157 142
0.093475 -0.115946 0.698675 162 164 149
0.096156 -0.115866 0.698191 164 167 148
0.098671 -0.115594 0.696556 165 165 149
0.101116 -0.115259 0.694533 166 167 149
0.103622 -0.115008 0.693024 156 155 135
0.106119 -0.114761 0.691533 184 184 167
0.108600 -0.114509 0.690013 217 219 204
0.111167 -0.114358 0.689104 236 238 223
0.113730 -0.114210 0.688213 218 220 205
0.116375 -0.114149 0.687848 214 216 203
0.118996 -0.114068 0.687357 213 215 202
0.121688 -0.114056 0.687291 212 214 201
0.124331 -0.114002 0.686962 211 213 199
0.126992 -0.113964 0.686740 208 209 195
0.129704 -0.113974 0.686798 205 207 192
0.132399 -0.113967 0.686761 204 204 190
0.135137 -0.113999 0.686951 202 202 188
0.137870 -0.114024 0.687105 202 201 188
0.140637 -0.114076 0.687421 200 200 186
0.143409 -0.114130 0.687749 200 200 186
0.146158 -0.114164 0.687952 200 200 186
0.148965 -0.114241 0.688420 202 202 188
0.151878 -0.114395 0.689352 201 203 188
0.154791 -0.114544 0.690249 204 206 191
0.157838 -0.114785 0.691706 206 208 193
0.160828 -0.114977 0.692868 205 207 192
0.163998 -0.115289 0.694750 190 192 176
0.167171 -0.115593 0.696584 159 161 144
0.170435 -0.115949 0.698733 166 168 151
0.173607 -0.116232 0.700445 167 170 151
0.176675 -0.116438 0.701688 167 170 151
0.179625 -0.116561 0.702431 167 170 151
0.194418 -0.117149 0.705986 161 163 145
0.197414 -0.117279 0.706770 162 165 146
0.200248 -0.117310 0.706960 167 169 152
0.203116 -0.117360 0.707263 167 169 152
0.205993 -0.117414 0.707590 166 168 151
0.209036 -0.117559 0.708469 161 163 146
0.211828 -0.117562 0.708488 168 170 153
0.214677 -0.117596 0.708695 157 159 142
0.217568 -0.117652 0.709031 162 165 145
0.220649 -0.117807 0.709972 162 163 143
0.223609 -0.117896 0.710505 161 162 141
0.226634 -0.118015 0.711226 159 158 136
-0.023328 -0.120325 0.742715 90 87 82
-0.020263 -0.119483 0.737513 128 125 120
-0.017230 -0.118574 0.731902 197 193 190
-0.014273 -0.117926 0.727899 117 115 108
-0.011314 -0.116934 0.721768 122 119 113
-0.008409 -0.116024 0.716147 74 75 69
-0.005550 -0.115155 0.710778 190 189 177
-0.002738 -0.114470 0.706550 184 182 173
0.000041 -0.113766 0.702202 255 252 255
0.002795 -0.113468 0.700360 210 207 205
0.005535 -0.113164 0.698483 196 201 191
0.008268 -0.112973 0.697301 189 195 184
0.011006 -0.112919 0.696972 185 190 178
0.013733 -0.112800 0.696240 183 186 172
0.016469 -0.112785 0.696149 181 183 170
0.019206 -0.112779 0.696111 182 184 170
0.021932 -0.112717 0.695729 181 183 168
0.024649 -0.112627 0.695177 181 181 167
0.027386 -0.112637 0.695238 180 180 166
0.030111 -0.112604 0.695034 178 178 164
0.032846 -0.112605 0.695045 174 174 158
0.035566 -0.112564 0.694792 170 170 154
0.038290 -0.112535 0.694616 164 163 147
0.041008 -0.112498 0.694388 162 163 145
0.043742 -0.112503 0.694423 146 147 129
0.046464 -0.112482 0.694295 153 154 136
0.049200 -0.112493 0.694364 145 145 129
0.051931 -0.112493 0.694363 159 160 142
0.054671 -0.112512 0.694479 163 164 146
0.057407 -0.112520 0.694534 168 169 151
0.060143 -0.112527 0.694579 168 169 151
0.062890 -0.112554 0.694745 171 172 154
0.065623 -0.112554 0.694748 173 174 156
0.068347 -0.112540 0.694666 175 177 160
0.071108 -0.112585 0.694943 182 184 167
0.073834 -0.112573 0.694871 182 184 167
0.076611 -0.112638 0.695274 171 173 156
0.079393 -0.112705 0.695689 176 178 161
0.082161 -0.112748 0.695953 164 166 150
0.084966 -0.112837 0.696506 161 163 148
0.087770 -0.112920 0.697021 159 161 146
0.090543 -0.112959 0.697261 154 158 143
0.093302 -0.112979 0.697388 158 160 145
0.096048 -0.112982 0.697411 164 166 149
0.098682 -0.112857 0.696639 165 165 149
0.101257 -0.112674 0.695507 168 169 151
0.103831 -0.112499 0.694427 150 146 128
0.106304 -0.112225 0.692738 164 161 137
0.108802 -0.111992 0.691300 152 149 131
0.111290 -0.111760 0.689868 190 189 174
0.113858 -0.111618 0.688989 213 213 199
0.116434 -0.111489 0.688198 218 220 206
0.119040 -0.111394 0.687612 217 219 206
0.121719 -0.111371 0.687468 214 216 203
0.124415 -0.111363 0.687423 214 216 203
0.127027 -0.111283 0.686931 212 213 200
0.129741 -0.111293 0.686994 209 211 196
0.132411 -0.111266 0.686829 207 207 193
0.135136 -0.111285 0.686947 205 205 191
0.137821 -0.111271 0.686863 204 203 189
0.140556 -0.111297 0.687026 203 203 189
0.143281 -0.111315 0.687135 203 203 189
0.146034 -0.111353 0.687373 204 204 190
0.148833 -0.111424 0.687814 205 205 191
0.151783 -0.111603 0.688920 205 207 192
0.154701 -0.111753 0.689849 207 209 194
0.157787 -0.112017 0.691483 201 203 188
0.160804 -0.112224 0.692763 195 196 181
0.163876 -0.112462 0.694236 156 157 141
0.166936 -0.112684 0.695609 169 170 152
0.170180 -0.113020 0.697688 164 166 149
0.173186 -0.113191 0.698745 166 169 150
0.176209 -0.113368 0.699839 166 169 150
0.179057 -0.113428 0.700211 167 170 151
0.185166 -0.113796 0.702488 166 169 150
0.190719 -0.113811 0.702587 166 166 150
0.196559 -0.113992 0.703708 163 165 147
0.199459 -0.114067 0.704175 167 169 152
0.202314 -0.114115 0.704473 166 168 151
0.205149 -0.114150 0.704692 163 165 148
0.208075 -0.114235 0.705215 162 164 147
0.210924 -0.114275 0.705464 167 169 152
0.213736 -0.114295 0.705588 158 160 143
0.216637 -0.114361 0.705997 160 162 144
0.219547 -0.114430 0.706427 161 162 142
0.225630 -0.114696 0.708077 162 162 141
-0.023209 -0.116794 0.738926 91 87 84
-0.020168 -0.116022 0.734041 130 127 122
-0.017162 -0.115224 0.728990 197 195 188
-0.014220 -0.114619 0.725161 114 111 103
-0.011264 -0.113576 0.718552 120 108 103
-0.008379 -0.112784 0.713542 87 79 76
-0.005529 -0.111916 0.708044 120 119 107
-0.002728 -0.111281 0.704025 191 188 181
0.000040 -0.110591 0.699657 255 252 255
0.002784 -0.110260 0.697561 254 253 254
0.005513 -0.109971 0.695733 204 211 204
0.008238 -0.109812 0.694725 200 206 197
0.010960 -0.109712 0.694092 191 196 185
0.013674 -0.109578 0.693246 187 192 179
0.016393 -0.109530 0.692944 181 183 170
0.019117 -0.109523 0.692900 183 185 172
0.021857 -0.109596 0.693366 180 182 169
0.024566 -0.109511 0.692830 168 169 155
0.027295 -0.109529 0.692946 162 162 148
0.030005 -0.109473 0.692591 169 169 155
0.032731 -0.109477 0.692617 172 172 158
0.035437 -0.109421 0.692265 170 170 154
0.038167 -0.109441 0.692395 166 166 149
0.040877 -0.109407 0.692178 165 166 148
0.043589 -0.109378 0.692000 167 168 150
0.046297 -0.109347 0.691801 166 167 149
0.049012 -0.109333 0.691712 163 164 146
0.051727 -0.109321 0.691642 150 150 134
0.054471 -0.109367 0.691935 148 148 132
0.057183 -0.109349 0.691821 159 159 142
0.059915 -0.109369 0.691948 168 169 151
0.062638 -0.109372 0.691968 169 169 152
0.065379 -0.109403 0.692166 170 171 155
0.068092 -0.109387 0.692068 171 173 156
0.070840 -0.109427 0.692321 174 177 162
0.073567 -0.109433 0.692363 183 185 168
0.076325 -0.109482 0.692675 185 187 170
0.079101 -0.109553 0.693127 185 187 170
0.081849 -0.109582 0.693310 180 182 165
0.084665 -0.109697 0.694041 167 169 152
0.087461 -0.109780 0.694570 160 162 147
0.090242 -0.109839 0.694944 158 160 145
0.093074 -0.109955 0.695682 153 157 142
0.095854 -0.110006 0.696003 158 162 147
0.098566 -0.109977 0.695822 166 167 150
0.101234 -0.109902 0.695347 171 172 152
0.103933 -0.109864 0.695111 188 184 160
0.106525 -0.109717 0.694181 159 155 132
0.109140 -0.109602 0.693451 168 160 140
0.111626 -0.109365 0.691953 168 160 145
0.114162 -0.109187 0.690829 154 150 132
0.116728 -0.109046 0.689935 182 180 164
0.119124 -0.108756 0.688103 206 206 191
0.121690 -0.108630 0.687306 212 212 197
0.124385 -0.108623 0.687259 213 213 199
0.127041 -0.108583 0.687008 215 215 201
0.129667 -0.108519 0.686603 213 215 200
0.132294 -0.108458 0.686219 212 214 199
0.134975 -0.108443 0.686130 209 211 196
0.137697 -0.108461 0.686243 208 208 194
0.140439 -0.108494 0.686453 207 207 193
0.143215 -0.108551 0.686820 207 207 193
0.146009 -0.108620 0.687253 207 207 193
0.148880 -0.108742 0.688028 205 205 191
0.151897 -0.108964 0.689438 200 202 187
0.154893 -0.109164 0.690706 193 195 180
0.158017 -0.109446 0.692494 167 169 154
0.161024 -0.109638 0.693713 160 161 143
0.163860 -0.109710 0.694167 140 141 122
0.166774 -0.109831 0.694935 161 162 143
0.172820 -0.110199 0.697270 166 168 150
0.192929 -0.110719 0.700578 167 170 151
0.195854 -0.110815 0.701186 168 171 152
0.198781 -0.110909 0.701783 171 173 156
0.201653 -0.110970 0.702169 169 173 156
0.204396 -0.110959 0.702105 171 175 158
0.207350 -0.111062 0.702757 166 168 151
0.210078 -0.111043 0.702638 138 140 125
0.212984 -0.111117 0.703108 138 140 123
0.215815 -0.111150 0.703320 160 161 141
0.218738 -0.111229 0.703824 145 146 126
0.221767 -0.111360 0.704652 144 145 125
0.224796 -0.111487 0.705462 135 136 116
0.227955 -0.111675 0.706651 141 141 122
0.231133 -0.111867 0.707872 143 142 121
-0.023102 -0.113350 0.735516 89 91 85
-0.020091 -0.112692 0.731240 136 135 129
-0.017102 -0.111953 0.726440 179 175 171
-0.014167 -0.111342 0.722472 105 98 96
-0.011229 -0.110399 0.716349 104 92 83
-0.008351 -0.109606 0.711196 99 87 80
-0.005515 -0.108843 0.706244 73 79 71
-0.002721 -0.108214 0.702158 200 200 192
0.000040 -0.107545 0.697816 255 253 254
0.002776 -0.107204 0.695602 255 254 255
0.005498 -0.106940 0.693889 235 237 236
0.008215 -0.106778 0.692836 206 213 206
0.010928 -0.106663 0.692092 195 200 191
0.013634 -0.106530 0.691228 187 191 178
0.016343 -0.106466 0.690819 180 182 169
0.019063 -0.106482 0.690922 171 171 159
0.021794 -0.106550 0.691368 173 173 161
0.024496 -0.106476 0.690887 171 172 158
0.027218 -0.106493 0.690998 172 172 155
0.029928 -0.106464 0.690808 170 171 154
0.032641 -0.106451 0.690726 169 169 152
0.035344 -0.106410 0.690463 168 167 150
0.038060 -0.106409 0.690459 166 165 148
0.040771 -0.106396 0.690377 167 166 147
0.043469 -0.106354 0.690108 166 165 146
0.046162 -0.106304 0.689780 167 166 147
0.048871 -0.106296 0.689732 165 164 145
0.051584 -0.106295 0.689728 164 164 146
0.054314 -0.106329 0.689946 147 147 131
0.057025 -0.106323 0.689910 166 166 150
0.059743 -0.106331 0.689965 155 155 139
0.062453 -0.106325 0.689925 152 152 136
0.065169 -0.106328 0.689952 165 165 149
0.067880 -0.106324 0.689923 170 170 154
0.070625 -0.106370 0.690228 168 170 153
0.073338 -0.106367 0.690210 174 176 159
0.076087 -0.106416 0.690525 183 185 168
0.078849 -0.106477 0.690925 185 187 172
0.081601 -0.106521 0.691211 187 189 174
0.084431 -0.106662 0.692129 182 184 169
0.087205 -0.106724 0.692536 166 168 152
0.089978 -0.106782 0.692916 159 161 146
0.092844 -0.106944 0.693966 153 157 142
0.095657 -0.107037 0.694573 155 159 144
0.098441 -0.107093 0.694937 164 166 150
0.101165 -0.107083 0.694873 166 166 148
0.103932 -0.107117 0.695099 174 170 150
0.106610 -0.107061 0.694737 163 158 138
0.109336 -0.107055 0.694697 163 156 136
0.111919 -0.106912 0.693770 168 159 141
0.114572 -0.106841 0.693309 165 158 136
0.117170 -0.106723 0.692547 159 151 128
0.119625 -0.106484 0.690998 150 143 121
0.122110 -0.106282 0.689681 151 145 125
0.124793 -0.106256 0.689515 170 170 151
0.127433 -0.106196 0.689129 183 184 167
0.130118 -0.106174 0.688990 209 210 194
0.132753 -0.106115 0.688603 200 201 185
0.135433 -0.106092 0.688456 205 205 189
0.138127 -0.106081 0.688388 206 205 190
0.140884 -0.106118 0.688631 202 202 186
0.143595 -0.106120 0.688643 201 200 185
0.146486 -0.106252 0.689502 198 197 182
0.149272 -0.106304 0.689841 170 168 153
0.152236 -0.106479 0.690982 146 146 132
0.155129 -0.106599 0.691760 157 157 143
0.158187 -0.106825 0.693236 162 162 146
0.161053 -0.106918 0.693837 159 160 142
0.163823 -0.106945 0.694014 159 160 142
0.166653 -0.107008 0.694428 159 160 142
0.172548 -0.107276 0.696174 165 168 149
0.189319 -0.107468 0.697432 158 160 143
0.192238 -0.107566 0.698069 169 171 154
0.195136 -0.107650 0.698617 169 171 154
0.198112 -0.107774 0.699420 170 174 157
0.200924 -0.107806 0.699633 173 177 162
0.203642 -0.107788 0.699518 172 175 160
0.206492 -0.107839 0.699852 166 170 153
0.209263 -0.107848 0.699912 161 162 146
0.212122 -0.107902 0.700262 155 158 141
0.214983 -0.107955 0.700610 155 158 139
0.217915 -0.108042 0.701176 162 164 144
0.220905 -0.108156 0.701916 158 159 139
0.223825 -0.108232 0.702415 157 157 138
0.230071 -0.108571 0.704620 147 146 125
-0.023026 -0.110080 0.733075 89 91 83
-0.020023 -0.109429 0.728741 132 131 125
-0.017041 -0.108695 0.723846 150 146 141
-0.014119 -0.108120 0.720015 97 91 84
-0.011190 -0.107192 0.713831 103 88 82
-0.008330 -0.106528 0.709402 120 105 98
-0.005502 -0.105804 0.704580 92 88 82
-0.002714 -0.105158 0.700273 204 200 194
0.000040 -0.104487 0.695804 217 216 214
0.002768 -0.104157 0.693603 255 253 255
0.005482 -0.103898 0.691874 252 254 254
0.008190 -0.103726 0.690731 211 216 211
0.010895 -0.103619 0.690022 194 197 189
0.013594 -0.103499 0.689224 187 190 177
0.016301 -0.103477 0.689080 181 182 168
0.019008 -0.103460 0.688967 177 176 160
0.021730 -0.103517 0.689347 173 172 155
0.024432 -0.103474 0.689062 176 174 159
0.027156 -0.103529 0.689432 173 172 155
0.029860 -0.103501 0.689247 168 169 151
0.032561 -0.103470 0.689040 167 167 150
0.035243 -0.103388 0.688495 167 166 149
0.037956 -0.103400 0.688577 167 166 148
0.040640 -0.103337 0.688160 165 164 145
0.043329 -0.103297 0.687892 167 164 146
0.046025 -0.103273 0.687738 166 164 145
0.048722 -0.103257 0.687630 166 164 145
0.051406 -0.103215 0.687349 163 162 143
0.054119 -0.103234 0.687478 163 163 146
0.056823 -0.103233 0.687475 142 142 126
0.059532 -0.103242 0.687535 163 163 147
0.062223 -0.103219 0.687387 165 165 149
0.064913 -0.103197 0.687240 164 164 148
0.067611 -0.103190 0.687193 160 160 144
0.070347 -0.103238 0.687514 165 166 149
0.073055 -0.103243 0.687551 169 171 154
0.075779 -0.103270 0.687731 174 176 159
0.078535 -0.103336 0.688176 184 187 172
0.081283 -0.103388 0.688527 187 190 174
0.084069 -0.103483 0.689159 188 190 174
0.086823 -0.103535 0.689505 187 189 173
0.089612 -0.103624 0.690102 176 177 162
0.092472 -0.103787 0.691189 163 166 151
0.098179 -0.104072 0.693096 161 164 148
0.100952 -0.104120 0.693417 166 166 150
0.103772 -0.104212 0.694033 169 168 150
0.106539 -0.104249 0.694278 172 167 149
0.109322 -0.104298 0.694606 167 160 141
0.112014 -0.104261 0.694360 154 149 127
0.114731 -0.104247 0.694274 164 158 136
0.117482 -0.104265 0.694392 167 159 136
0.120109 -0.104175 0.693791 158 149 126
0.122730 -0.104083 0.693181 152 143 120
0.125353 -0.103997 0.692609 145 140 118
0.127993 -0.103929 0.692158 133 130 108
0.130716 -0.103929 0.692158 131 126 105
0.133361 -0.103868 0.691755 139 134 112
0.136054 -0.103846 0.691614 141 135 115
0.138771 -0.103844 0.691601 137 132 112
0.141489 -0.103842 0.691586 142 137 115
0.144279 -0.103892 0.691921 142 136 116
0.149894 -0.104011 0.692717 143 145 126
0.155261 -0.103955 0.692351 160 160 146
0.186166 -0.104485 0.695902 161 164 145
0.188838 -0.104449 0.695662 168 170 152
0.191659 -0.104494 0.695968 176 178 160
0.194520 -0.104560 0.696410 175 178 160
0.197496 -0.104686 0.697247 164 168 151
0.200307 -0.104721 0.697484 174 178 163
0.202969 -0.104679 0.697206 169 173 158
0.205838 -0.104743 0.697634 167 171 154
0.208546 -0.104725 0.697515 152 157 140
0.211469 -0.104813 0.698108 152 159 140
0.214373 -0.104890 0.698622 162 166 147
0.217319 -0.104986 0.699260 163 166 147
0.220176 -0.105036 0.699600 159 161 142
0.222989 -0.105065 0.699792 148 148 129
0.226004 -0.105187 0.700605 145 144 125
0.229176 -0.105377 0.701878 148 147 126
0.232130 -0.105465 0.702465 150 149 128
0.235367 -0.105677 0.703882 152 151 129
0.238741 -0.105945 0.705671 136 129 112
0.245810 -0.106602 0.710056 121 105 81
-0.025974 -0.107454 0.734918 91 90 82
-0.022934 -0.106758 0.730153 92 92 83
-0.019941 -0.106115 0.725751 137 137 130
-0.016988 -0.105502 0.721553 94 94 86
-0.014073 -0.104931 0.717650 119 119 111
-0.011164 -0.104128 0.712152 119 109 104
-0.008307 -0.103433 0.707395 123 108 99
-0.005489 -0.102769 0.702848 82 77 69
-0.002708 -0.102148 0.698600 99 97 93
0.000039 -0.101490 0.694094 186 185 180
0.002760 -0.101161 0.691843 255 252 255
0.005468 -0.100900 0.690061 253 255 255
0.008167 -0.100725 0.688859 223 226 222
0.010862 -0.100590 0.687940 192 192 183
0.013555 -0.100490 0.687258 182 182 168
0.016264 -0.100529 0.687525 177 176 160
0.018968 -0.100525 0.687496 173 172 155
0.021680 -0.100561 0.687748 165 164 147
0.024381 -0.100545 0.687639 165 163 148
0.027099 -0.100595 0.687980 166 165 149
0.029797 -0.100566 0.687787 162 163 145
0.032487 -0.100520 0.687474 165 164 147
0.035175 -0.100475 0.687170 165 164 147
0.037874 -0.100464 0.687093 164 163 145
0.040548 -0.100394 0.686614 165 164 145
0.043215 -0.100315 0.686078 167 163 145
0.045900 -0.100285 0.685871 166 162 144
0.048584 -0.100257 0.685681 165 162 143
0.051253 -0.100202 0.685308 164 163 144
0.053947 -0.100200 0.685295 163 162 144
0.056647 -0.100207 0.685342 163 163 145
0.059339 -0.100200 0.685302 147 147 131
0.062036 -0.100202 0.685317 148 148 132
0.064714 -0.100175 0.685131 163 163 147
0.067405 -0.100170 0.685099 165 165 149
0.070132 -0.100215 0.685409 163 165 148
0.072815 -0.100198 0.685295 156 158 141
0.075515 -0.100203 0.685329 168 170 153
0.078251 -0.100256 0.685692 166 171 154
0.080982 -0.100297 0.685979 182 185 168
0.083725 -0.100350 0.686342 188 190 173
0.086463 -0.100394 0.686645 190 192 175
0.089240 -0.100480 0.687234 191 191 174
0.097884 -0.101030 0.691009 164 164 148
0.100748 -0.101177 0.692014 162 162 146
0.103625 -0.101328 0.693054 166 167 149
0.106451 -0.101423 0.693704 170 166 148
0.109293 -0.101529 0.694428 173 169 151
0.112077 -0.101576 0.694754 180 176 156
0.114864 -0.101623 0.695079 153 148 128
0.117642 -0.101662 0.695344 153 146 124
0.120372 -0.101657 0.695314 155 148 126
0.123050 -0.101609 0.694989 158 151 129
0.125792 -0.101616 0.695036 152 146 123
0.128420 -0.101533 0.694468 153 146 124
0.131210 -0.101577 0.694775 150 143 121
0.133837 -0.101497 0.694227 149 142 118
0.136523 -0.101464 0.694000 151 144 121
0.139257 -0.101467 0.694023 149 142 118
0.142090 -0.101540 0.694526 148 141 117
0.144855 -0.101563 0.694688 142 135 113
0.147610 -0.101578 0.694793 127 129 112
0.150273 -0.101531 0.694468 161 163 146
0.152772 -0.101377 0.693415 160 160 146
0.155389 -0.101305 0.692924 160 160 145
0.160920 -0.101354 0.693268 159 160 142
0.166272 -0.101292 0.692845 164 165 147
0.171734 -0.101298 0.692889 167 168 150
0.182863 -0.101423 0.693753 162 163 145
0.185592 -0.101423 0.693755 174 177 158
0.188233 -0.101376 0.693433 178 181 162
0.191049 -0.101423 0.693754 177 180 161
0.193824 -0.101446 0.693918 177 180 161
0.196729 -0.101537 0.694538 173 177 160
0.199536 -0.101575 0.694802 170 176 158
0.202261 -0.101570 0.694773 166 169 154
0.205087 -0.101616 0.695090 160 164 147
0.207846 -0.101628 0.695174 154 159 142
0.210769 -0.101719 0.695796 162 166 149
0.213737 -0.101829 0.696550 162 165 146
0.216610 -0.101891 0.696978 163 166 147
0.219463 -0.101943 0.697335 162 164 144
0.222242 -0.101959 0.697446 155 156 136
0.225226 -0.102068 0.698194 155 154 135
0.228338 -0.102231 0.699314 151 150 129
0.231384 -0.102361 0.700209 144 143 122
0.234552 -0.102542 0.701445 158 155 132
0.241136 -0.102996 0.704559 111 107 86
0.248197 -0.103629 0.708898 100 96 75
-0.022811 -0.103316 0.726220 95 96 87
-0.019847 -0.102763 0.722334 134 134 124
-0.016909 -0.102174 0.718191 96 95 84
-0.014015 -0.101673 0.714667 175 176 162
-0.011120 -0.100912 0.709309 145 143 132
-0.008279 -0.100298 0.704989 103 92 87
-0.005471 -0.099661 0.700507 97 88 82
-0.002702 -0.099143 0.696870 81 82 78
0.000039 -0.098486 0.692243 208 207 200
0.002752 -0.098146 0.689854 206 201 198
0.005452 -0.097902 0.688141 255 255 255
0.008143 -0.097719 0.686854 196 200 191
0.010826 -0.097545 0.685628 182 183 168
0.013492 -0.097326 0.684092 175 173 158
0.016193 -0.097387 0.684518 172 171 154
0.018896 -0.097439 0.684892 169 168 150
0.021611 -0.097539 0.685593 169 168 151
0.024301 -0.097511 0.685399 156 157 139
0.027011 -0.097560 0.685745 164 165 147
0.029698 -0.097528 0.685522 164 165 147
0.032391 -0.097518 0.685450 164 163 146
0.035052 -0.097419 0.684755 165 164 147
0.037757 -0.097449 0.684969 164 163 145
0.040427 -0.097391 0.684564 163 162 143
0.043078 -0.097297 0.683905 163 162 143
0.045730 -0.097216 0.683338 164 161 143
0.048403 -0.097188 0.683139 165 161 143
0.051079 -0.097165 0.682982 162 161 142
0.053741 -0.097121 0.682675 163 162 143
0.056406 -0.097087 0.682436 163 162 143
0.059084 -0.097077 0.682364 163 162 144
0.061760 -0.097064 0.682275 156 157 140
0.064448 -0.097070 0.682323 165 165 148
0.067130 -0.097067 0.682305 165 164 147
0.069842 -0.097106 0.682581 165 167 150
0.072526 -0.097106 0.682578 166 167 149
0.075197 -0.097088 0.682451 162 162 144
0.077893 -0.097101 0.682550 169 167 151
0.080583 -0.097108 0.682595 167 169 152
0.083254 -0.097092 0.682485 176 178 161
0.114704 -0.098741 0.694112 176 172 154
0.120357 -0.098899 0.695226 154 147 127
0.123118 -0.098919 0.695375 144 140 117
0.125933 -0.098982 0.695820 143 139 116
0.128680 -0.098990 0.695872 141 137 114
0.131435 -0.099003 0.695967 144 140 117
0.163255 -0.098381 0.691608 164 164 146
0.165881 -0.098324 0.691214 166 167 149
0.168425 -0.098222 0.690498 167 168 148
0.171179 -0.098244 0.690652 167 168 150
0.184752 -0.098237 0.690615 179 182 163
0.187375 -0.098188 0.690272 176 181 162
0.190196 -0.098243 0.690659 177 182 163
0.193070 -0.098323 0.691220 176 180 163
0.195981 -0.098419 0.691900 171 176 158
0.198769 -0.098451 0.692131 167 171 154
0.201534 -0.098472 0.692279 163 165 149
0.204375 -0.098529 0.692679 163 165 148
0.207080 -0.098519 0.692612 147 149 132
0.209981 -0.098602 0.693196 163 166 149
0.212956 -0.098717 0.694005 163 166 147
0.215893 -0.098811 0.694672 164 165 145
0.218683 -0.098837 0.694855 162 163 143
0.221499 -0.098873 0.695115 159 159 140
0.224376 -0.098936 0.695558 157 160 139
0.227483 -0.099098 0.696697 151 153 132
0.230503 -0.099218 0.697543 151 151 130
0.233587 -0.099362 0.698560 150 149 128
0.236770 -0.099544 0.699847 157 154 131
0.240096 -0.099782 0.701522 159 157 135
0.243598 -0.100086 0.703666 137 139 118
0.247094 -0.100382 0.705748 119 117 100
0.250425 -0.100604 0.707315 98 94 82
0.253917 -0.100886 0.709298 142 139 123
0.257022 -0.101009 0.710169 166 166 145
0.260791 -0.101387 0.712834 168 168 145
-0.025723 -0.100665 0.727794 92 93 84
-0.022724 -0.100066 0.723459 96 97 88
-0.019772 -0.099530 0.719577 120 120 111
-0.016856 -0.099026 0.715935 111 108 100
-0.013969 -0.098528 0.712329 217 211 202
-0.011092 -0.097866 0.707539 119 113 105
-0.008255 -0.097231 0.702942 94 89 80
-0.005456 -0.096622 0.698535 112 101 95
-0.002693 -0.096088 0.694675 68 71 63
0.000039 -0.095475 0.690240 94 96 91
0.002744 -0.095142 0.687829 180 178 164
0.005435 -0.094899 0.686070 242 241 231
0.008117 -0.094706 0.684675 176 177 162
0.010793 -0.094554 0.683579 175 174 158
0.013459 -0.094396 0.682438 172 170 154
0.016143 -0.094395 0.682433 168 167 148
0.018829 -0.094402 0.682481 167 166 147
0.021530 -0.094477 0.683029 167 166 147
0.024228 -0.094518 0.683330 163 163 146
0.026932 -0.094577 0.683754 146 147 129
0.029617 -0.094562 0.683646 164 165 147
0.032306 -0.094563 0.683656 163 162 144
0.034970 -0.094495 0.683165 165 163 145
0.037663 -0.094511 0.683281 163 160 142
0.040331 -0.094465 0.682950 162 161 142
0.042970 -0.094360 0.682198 162 159 141
0.045624 -0.094299 0.681753 160 157 138
0.048276 -0.094241 0.681339 163 159 140
0.050941 -0.094214 0.681146 163 159 140
0.053588 -0.094158 0.680738 163 160 142
0.056241 -0.094116 0.680439 164 161 143
0.058910 -0.094104 0.680356 165 162 143
0.061570 -0.094080 0.680180 162 162 144
0.064238 -0.094069 0.680102 154 154 137
0.066910 -0.094064 0.680070 164 163 146
0.069590 -0.094071 0.680122 164 166 148
0.072268 -0.094074 0.680146 165 165 147
0.074930 -0.094058 0.680030 167 166 149
0.077619 -0.094075 0.680155 168 168 150
0.082937 -0.094038 0.679889 165 165 148
0.114492 -0.095823 0.692835 164 160 142
0.117445 -0.096008 0.694178 163 163 143
0.120292 -0.096102 0.694854 165 164 142
0.123086 -0.096149 0.695196 161 160 138
0.128617 -0.096194 0.695532 146 141 120
0.131440 -0.096258 0.695995 145 140 119
0.134201 -0.096275 0.696116 138 133 112
0.160217 -0.095461 0.690240 160 160 143
0.162761 -0.095361 0.689518 164 164 147
0.165391 -0.095313 0.689176 165 166 148
0.167892 -0.095194 0.688316 165 168 147
0.170622 -0.095206 0.688407 162 165 144
0.175961 -0.095165 0.688109 169 168 151
0.181397 -0.095176 0.688195 186 187 168
0.184104 -0.095176 0.688194 183 185 167
0.186696 -0.095117 0.687772 178 182 165
0.189513 -0.095173 0.688180 176 180 163
0.192300 -0.095212 0.688465 173 177 160
0.195195 -0.095303 0.689125 167 169 152
0.198011 -0.095354 0.689492 160 163 146
0.200830 -0.095404 0.689862 160 162 145
0.203648 -0.095453 0.690216 162 164 147
0.206405 -0.095472 0.690355 155 157 140
0.209245 -0.095529 0.690766 158 160 143
0.212248 -0.095657 0.691700 161 164 145
0.215128 -0.095728 0.692212 162 163 145
0.217912 -0.095754 0.692406 162 163 144
0.220783 -0.095818 0.692869 161 162 143
0.223672 -0.095888 0.693377 158 161 140
0.226698 -0.096014 0.694291 155 158 137
0.229779 -0.096160 0.695353 149 150 128
0.232776 -0.096268 0.696136 149 148 127
0.235999 -0.096466 0.697568 156 155 131
0.239118 -0.096617 0.698664 156 156 131
0.242656 -0.096932 0.700948 156 156 132
0.246022 -0.097172 0.702686 163 161 138
0.249460 -0.097434 0.704589 162 158 131
0.252829 -0.097665 0.706259 166 162 138
0.256080 -0.097845 0.707567 167 167 143
0.259698 -0.098160 0.709847 168 167 143
-0.022615 -0.096743 0.719987 95 96 87
-0.019689 -0.096282 0.716554 116 116 107
-0.016796 -0.095855 0.713368 131 131 121
-0.013929 -0.095438 0.710267 158 159 144
-0.011060 -0.094793 0.705459 79 75 60
-0.008230 -0.094165 0.700783 132 126 118
-0.005439 -0.093576 0.696393 107 92 87
-0.002687 -0.093102 0.692863 96 86 83
0.000038 -0.092482 0.688249 64 69 62
0.002735 -0.092139 0.685693 171 171 154
0.005414 -0.091836 0.683436 164 161 145
0.008087 -0.091662 0.682142 175 176 155
0.010752 -0.091507 0.680990 169 168 150
0.013406 -0.091341 0.679755 167 166 147
0.016076 -0.091319 0.679588 166 165 146
0.018743 -0.091291 0.679381 165 164 145
0.021408 -0.091260 0.679154 165 164 145
0.024075 -0.091244 0.679041 164 163 146
0.026792 -0.091400 0.680201 161 162 144
0.029470 -0.091407 0.680258 154 155 137
0.032171 -0.091479 0.680795 163 162 143
0.034817 -0.091396 0.680179 165 161 143
0.037518 -0.091460 0.680655 162 159 141
0.040182 -0.091428 0.680420 159 158 139
0.042817 -0.091340 0.679769 161 157 139
0.045447 -0.091252 0.679112 160 156 137
0.048103 -0.091223 0.678899 160 156 136
0.050747 -0.091176 0.678548 161 157 137
0.053386 -0.091125 0.678169 163 159 140
0.056024 -0.091077 0.677816 163 159 141
0.058687 -0.091072 0.677782 163 159 141
0.061347 -0.091063 0.677718 164 160 142
0.074608 -0.090981 0.677112 167 168 148
0.077242 -0.090945 0.676849 168 171 152
0.159520 -0.092332 0.687240 166 167 149
0.162019 -0.092216 0.686373 164 165 147
0.164693 -0.092201 0.686268 162 163 145
0.167221 -0.092107 0.685566 164 165 145
0.169913 -0.092104 0.685545 169 172 151
0.172509 -0.092050 0.685146 180 183 162
0.175177 -0.092036 0.685041 188 184 162
0.183332 -0.092071 0.685311 184 185 167
0.185920 -0.092017 0.684914 182 185 166
0.188723 -0.092070 0.685310 173 176 159
0.191595 -0.092155 0.685940 165 169 152
0.194381 -0.092197 0.686254 165 167 150
0.197104 -0.092207 0.686334 164 166 149
0.200019 -0.092306 0.687074 163 165 148
0.202867 -0.092372 0.687569 158 160 143
0.205663 -0.092413 0.687874 157 159 142
0.208584 -0.092508 0.688586 152 154 137
0.211510 -0.092603 0.689296 157 159 141
0.214458 -0.092705 0.690056 158 159 141
0.217168 -0.092703 0.690045 158 159 140
0.220038 -0.092768 0.690534 161 162 142
0.222960 -0.092854 0.691172 159 160 140
0.225966 -0.092971 0.692051 155 158 137
0.228949 -0.093077 0.692842 153 154 132
0.231992 -0.093204 0.693790 145 144 123
0.235059 -0.093338 0.694790 155 154 132
0.238217 -0.093505 0.696032 162 162 137
0.241662 -0.093778 0.698076 158 158 133
0.245093 -0.094041 0.700034 158 157 133
0.248597 -0.094325 0.702153 159 156 132
0.252115 -0.094608 0.704265 163 160 137
0.255356 -0.094782 0.705567 166 167 142
0.258979 -0.095093 0.707883 171 170 147
0.262629 -0.095407 0.710223 173 169 146
0.266268 -0.095710 0.712488 175 178 156
-0.025491 -0.094061 0.721221 93 92 85
-0.022513 -0.093474 0.716720 96 97 90
-0.019606 -0.093056 0.713510 104 103 95
-0.016741 -0.092734 0.711037 148 147 138
-0.013884 -0.092331 0.707945 85 84 73
-0.011036 -0.091805 0.703912 161 158 149
-0.008211 -0.091186 0.699160 170 166 153
-0.005430 -0.090669 0.695189 94 90 81
-0.002682 -0.090204 0.691620 106 97 91
0.000038 -0.089590 0.686915 67 60 56
0.002728 -0.089197 0.683899 71 73 66
0.005397 -0.088849 0.681225 186 185 168
0.008055 -0.088614 0.679422 163 159 141
0.010713 -0.088497 0.678527 168 164 146
0.013351 -0.088297 0.676991 164 163 144
0.016001 -0.088222 0.676422 165 164 145
0.018650 -0.088167 0.675999 165 164 145
0.021302 -0.088140 0.675792 163 162 143
0.023958 -0.088133 0.675740 162 161 142
0.026660 -0.088278 0.676853 162 161 142
0.029334 -0.088315 0.677142 161 161 143
0.032029 -0.088402 0.677811 143 144 124
0.034684 -0.088373 0.677592 162 160 141
0.037369 -0.088419 0.677944 162 159 141
0.040043 -0.088435 0.678072 162 158 140
0.042683 -0.088380 0.677651 161 157 139
0.045335 -0.088353 0.677447 160 156 138
0.047975 -0.088307 0.677094 161 157 139
0.050616 -0.088268 0.676798 160 156 138
0.053240 -0.088206 0.676325 160 156 138
0.055874 -0.088165 0.676009 160 156 138
0.058520 -0.088144 0.675852 162 158 140
0.061179 -0.088145 0.675863 160 159 140
0.074333 -0.087981 0.674611 166 169 150
0.076958 -0.087949 0.674368 165 168 149
0.082236 -0.087920 0.674148 168 169 151
0.158721 -0.089170 0.683797 164 165 147
0.161272 -0.089093 0.683210 176 176 156
0.163918 -0.089070 0.683038 186 185 164
0.166476 -0.089001 0.682511 187 186 164
0.169172 -0.089007 0.682556 185 185 162
0.174427 -0.088948 0.682110 184 183 162
0.179830 -0.088966 0.682252 185 187 167
0.185106 -0.088922 0.681915 168 172 155
0.187910 -0.088980 0.682358 157 160 144
0.190814 -0.089082 0.683146 163 165 150
0.193679 -0.089164 0.683776 164 166 149
0.196462 -0.089206 0.684101 164 165 148
0.199393 -0.089313 0.684926 163 163 147
0.202225 -0.089374 0.685393 160 162 145
0.205003 -0.089409 0.685668 158 160 143
0.207853 -0.089475 0.686175 147 149 132
0.210778 -0.089570 0.686909 120 123 106
0.213669 -0.089649 0.687518 155 156 138
0.216481 -0.089693 0.687860 158 159 140
0.219344 -0.089758 0.688356 158 159 139
0.222279 -0.089849 0.689062 159 160 142
0.225218 -0.089940 0.689761 157 158 140
0.228238 -0.090061 0.690691 154 154 135
0.231198 -0.090155 0.691417 149 148 127
0.234253 -0.090284 0.692410 155 152 129
0.237336 -0.090421 0.693459 155 152 129
0.240832 -0.090710 0.695679 167 164 140
0.244115 -0.090913 0.697240 161 158 133
0.247651 -0.091204 0.699481 162 159 135
0.251141 -0.091473 0.701546 164 161 138
0.254542 -0.091703 0.703318 166 163 140
0.258102 -0.091985 0.705487 172 169 148
0.262004 -0.092382 0.708533 174 172 148
0.265716 -0.092704 0.711010 175 176 154
-0.025332 -0.090644 0.716718 94 93 85
-0.022412 -0.090237 0.713495 98 97 89
-0.019533 -0.089902 0.710847 104 103 95
-0.016680 -0.089596 0.708427 159 158 150
-0.013844 -0.089279 0.705918 97 90 86
-0.011013 -0.088843 0.702468 223 222 212
-0.008202 -0.088317 0.698308 91 88 77
-0.005423 -0.087805 0.694257 115 104 96
-0.002679 -0.087363 0.690755 103 89 85
0.000038 -0.086742 0.685844 94 82 83
0.002721 -0.086295 0.682305 56 56 50
0.005380 -0.085900 0.679181 106 111 99
0.008026 -0.085626 0.677010 162 161 141
0.010671 -0.085484 0.675884 165 164 145
0.013300 -0.085298 0.674413 164 163 144
0.015928 -0.085164 0.673359 161 162 142
0.018548 -0.085033 0.672325 164 164 146
0.021182 -0.084991 0.671994 164 163 146
0.023820 -0.084974 0.671855 163 162 143
0.026494 -0.085073 0.672647 162 161 142
0.029160 -0.085133 0.673121 162 161 142
0.031848 -0.085241 0.673975 163 162 143
0.034492 -0.085225 0.673850 154 153 134
0.037170 -0.085286 0.674336 162 161 142
0.039831 -0.085304 0.674482 160 159 140
0.042506 -0.085348 0.674835 161 157 139
0.045144 -0.085317 0.674590 160 156 138
0.047803 -0.085327 0.674674 159 155 137
0.050425 -0.085274 0.674252 160 156 138
0.053050 -0.085230 0.673910 160 156 138
0.055655 -0.085160 0.673357 159 155 137
0.058297 -0.085151 0.673283 163 162 143
0.074067 -0.085013 0.672202 157 164 144
0.076653 -0.084949 0.671698 166 169 150
0.079275 -0.084927 0.671526 167 168 150
0.081929 -0.084940 0.671633 168 169 151
0.160420 -0.085939 0.679601 190 190 167
0.163055 -0.085919 0.679445 190 190 166
0.165606 -0.085856 0.678947 187 187 163
0.168326 -0.085881 0.679146 185 186 164
0.171037 -0.085901 0.679305 182 181 161
0.173669 -0.085881 0.679148 182 183 163
0.181822 -0.085945 0.679667 169 170 152
0.184448 -0.085923 0.679493 166 168 151
0.187176 -0.085949 0.679695 164 167 151
0.190047 -0.086037 0.680400 161 164 147
0.193059 -0.086187 0.681586 162 164 147
0.195867 -0.086243 0.682030 163 164 147
0.198788 -0.086345 0.682847 163 164 145
0.201695 -0.086440 0.683599 160 162 142
0.204418 -0.086454 0.683712 159 160 142
0.207281 -0.086526 0.684284 146 148 131
0.210141 -0.086595 0.684834 158 160 143
0.213036 -0.086677 0.685484 155 156 137
0.215903 -0.086746 0.686027 155 156 136
0.218782 -0.086817 0.686591 155 156 136
0.221686 -0.086896 0.687223 153 154 136
0.224625 -0.086987 0.687945 152 153 133
0.227563 -0.087075 0.688647 152 153 133
0.230552 -0.087181 0.689487 148 149 129
0.233527 -0.087279 0.690264 149 148 128
0.236675 -0.087438 0.691529 158 154 134
0.240006 -0.087661 0.693294 164 161 135
0.243270 -0.087854 0.694827 159 156 130
0.246741 -0.088117 0.696912 160 157 133
0.250276 -0.088397 0.699131 160 157 134
0.253536 -0.088575 0.700539 164 161 138
0.257176 -0.088880 0.702957 169 165 145
0.260768 -0.089162 0.705192 170 169 144
0.264682 -0.089547 0.708244 171 173 151
-0.025231 -0.087464 0.713858 94 93 85
-0.022342 -0.087145 0.711260 97 96 88
-0.019476 -0.086841 0.708771 103 103 94
-0.016645 -0.086615 0.706933 136 136 129
-0.013815 -0.086308 0.704424 123 116 110
-0.011002 -0.085974 0.701693 129 127 121
-0.008195 -0.085488 0.697719 107 106 92
-0.005423 -0.085051 0.694151 143 138 129
-0.002678 -0.084580 0.690306 96 86 81
0.000037 -0.083988 0.685472 102 89 88
0.002719 -0.083534 0.681757 67 61 57
0.005373 -0.083113 0.678316 46 51 42
0.008011 -0.082805 0.675802 142 143 126
0.010644 -0.082611 0.674223 159 158 139
0.013263 -0.082403 0.672526 166 165 146
0.015886 -0.082291 0.671606 163 164 144
0.018507 -0.082198 0.670851 162 161 143
0.021123 -0.082111 0.670140 164 163 146
0.023736 -0.082031 0.669492 164 163 144
0.026384 -0.082076 0.669862 163 162 143
0.029033 -0.082118 0.670204 161 160 141
0.031701 -0.082199 0.670869 161 160 141
0.034342 -0.082204 0.670911 159 158 139
0.037010 -0.082269 0.671448 155 154 135
0.039678 -0.082325 0.671906 161 160 141
0.042353 -0.082386 0.672408 161 158 140
0.044991 -0.082375 0.672318 161 157 139
0.047655 -0.082408 0.672588 161 157 139
0.050281 -0.082376 0.672327 160 156 138
0.052898 -0.082333 0.671983 162 158 140
0.055510 -0.082287 0.671607 164 159 141
0.058136 -0.082264 0.671423 165 164 145
0.060806 -0.082303 0.671745 167 166 148
0.071275 -0.082188 0.670813 167 169 151
0.073887 -0.082158 0.670567 163 168 149
0.076469 -0.082099 0.670085 161 163 144
0.079074 -0.082066 0.669821 166 167 149
0.081743 -0.082101 0.670104 167 168 150
0.151655 -0.082850 0.676279 195 196 174
0.156984 -0.082854 0.676316 188 193 172
0.159608 -0.082835 0.676161 188 189 169
0.162196 -0.082798 0.675864 186 187 167
0.164780 -0.082760 0.675559 184 185 165
0.167476 -0.082779 0.675716 179 180 162
0.170220 -0.082821 0.676058 172 173 155
0.172863 -0.082813 0.675995 167 168 149
0.178321 -0.082878 0.676530 166 167 149
0.181087 -0.082925 0.676920 166 167 149
0.183754 -0.082927 0.676937 166 167 151
0.186525 -0.082975 0.677330 165 166 150
0.189423 -0.083077 0.678167 164 166 149
0.192460 -0.083237 0.679474 162 164 147
0.195293 -0.083305 0.680031 163 164 146
0.198260 -0.083427 0.681037 162 164 146
0.201114 -0.083500 0.681628 161 162 143
0.203890 -0.083538 0.681947 159 160 142
0.206705 -0.083591 0.682384 153 154 138
0.209591 -0.083672 0.683042 153 155 139
0.212484 -0.083753 0.683708 154 157 137
0.215337 -0.083816 0.684228 152 153 133
0.218190 -0.083878 0.684735 154 155 135
0.221092 -0.083957 0.685383 148 149 128
0.223984 -0.084030 0.685983 142 143 123
0.226903 -0.084112 0.686653 144 145 125
0.229868 -0.084208 0.687440 137 138 118
0.232875 -0.084317 0.688337 147 148 128
0.235976 -0.084458 0.689486 160 157 136
0.239264 -0.084661 0.691152 162 159 134
0.242428 -0.084816 0.692423 157 154 127
0.245871 -0.085064 0.694454 158 155 131
0.249276 -0.085294 0.696336 165 162 139
0.252634 -0.085503 0.698047 164 161 138
0.256196 -0.085776 0.700278 166 163 142
0.259933 -0.086101 0.702935 170 167 145
0.263724 -0.086436 0.705681 174 175 153
-0.025171 -0.084442 0.712148 95 94 85
-0.022277 -0.084092 0.709192 97 98 89
-0.019427 -0.083831 0.706990 103 104 95
-0.016610 -0.083648 0.705446 120 122 115
-0.013794 -0.083395 0.703316 143 142 134
-0.010984 -0.083066 0.700535 75 76 67
-0.008188 -0.082658 0.697096 218 218 207
-0.005418 -0.082234 0.693511 94 92 80
-0.002676 -0.081807 0.689907 112 105 98
0.000037 -0.081211 0.684877 94 84 81
0.002716 -0.080778 0.681222 96 85 84
0.005366 -0.080334 0.677476 52 50 43
0.008000 -0.080028 0.674894 84 83 71
0.010627 -0.079823 0.673164 157 156 139
0.013240 -0.079611 0.671374 165 164 145
0.015853 -0.079470 0.670188 166 165 146
0.018461 -0.079351 0.669185 164 163 146
0.021066 -0.079249 0.668326 161 160 142
0.023668 -0.079162 0.667587 164 163 144
0.026296 -0.079166 0.667623 161 160 140
0.028929 -0.079186 0.667796 168 167 148
0.031575 -0.079235 0.668213 161 160 141
0.034207 -0.079243 0.668285 162 161 142
0.036860 -0.079296 0.668730 161 160 141
0.039498 -0.079310 0.668856 156 155 136
0.042174 -0.079395 0.669576 160 159 140
0.044827 -0.079430 0.669865 162 159 141
0.047500 -0.079493 0.670406 163 159 141
0.050134 -0.079488 0.670363 160 158 142
0.052752 -0.079461 0.670134 149 148 132
0.055343 -0.079396 0.669593 154 153 137
0.057969 -0.079385 0.669497 161 161 144
0.068467 -0.079344 0.669160 170 170 152
0.073715 -0.079326 0.669016 168 169 151
0.076295 -0.079272 0.668560 167 168 150
0.078906 -0.079253 0.668402 159 160 143
0.081534 -0.079252 0.668393 162 163 145
0.158868 -0.079794 0.673030 173 175 158
0.161527 -0.079799 0.673077 168 169 153
0.164119 -0.079772 0.672850 168 168 152
0.166769 -0.079773 0.672866 168 168 152
0.169490 -0.079808 0.673160 166 166 150
0.172178 -0.079826 0.673318 164 166 149
0.174933 -0.079875 0.673731 164 164 148
0.177734 -0.079942 0.674302 164 164 148
0.180525 -0.080003 0.674819 164 164 148
0.183225 -0.080023 0.674990 163 165 148
0.186079 -0.080108 0.675711 158 160 143
0.188922 -0.080187 0.676375 162 164 147
0.191815 -0.080284 0.677198 161 162 144
0.194711 -0.080379 0.678004 160 161 143
0.197684 -0.080504 0.679059 161 162 144
0.200572 -0.080590 0.679794 161 162 144
0.203312 -0.080616 0.680013 156 157 139
0.206140 -0.080676 0.680520 151 152 136
0.209039 -0.080762 0.681245 142 144 128
0.211914 -0.080836 0.681875 146 147 127
0.214768 -0.080900 0.682421 142 143 121
0.217664 -0.080978 0.683084 147 148 128
0.220529 -0.081044 0.683637 148 149 127
0.223416 -0.081115 0.684244 149 150 128
0.226207 -0.081151 0.684547 146 147 127
0.229215 -0.081262 0.685488 147 148 128
0.232203 -0.081364 0.686350 145 146 126
0.235294 -0.081499 0.687494 159 158 137
0.238419 -0.081643 0.688712 161 158 135
0.241516 -0.081774 0.689819 161 158 134
0.244695 -0.081929 0.691134 157 154 131
0.248079 -0.082149 0.692994 155 152 129
0.251365 -0.082332 0.694542 162 159 136
0.255060 -0.082643 0.697175 163 161 139
0.258864 -0.082983 0.700045 167 166 143
0.262826 -0.083365 0.703278 176 175 152
-0.025117 -0.081454 0.710618 91 93 84
-0.022220 -0.081080 0.707349 97 98 89
-0.019379 -0.080837 0.705226 98 99 90
-0.016573 -0.080680 0.703861 109 112 105
-0.013761 -0.080425 0.701636 161 162 154
-0.010967 -0.080174 0.699438 116 108 101
-0.008175 -0.079782 0.696015 119 117 111
-0.005413 -0.079420 0.692860 115 111 100
-0.002675 -0.079032 0.689469 129 123 115
0.000037 -0.078527 0.685055 97 90 83
0.002717 -0.078107 0.681388 91 84 80
0.005368 -0.077690 0.677753 81 75 71
0.007998 -0.077344 0.674728 44 49 43
0.010623 -0.077133 0.672885 78 80 69
0.013229 -0.076900 0.670853 171 170 151
0.015832 -0.076727 0.669345 165 164 145
0.018425 -0.076560 0.667885 149 148 129
0.021020 -0.076444 0.666878 142 141 122
0.023610 -0.076337 0.665945 147 146 127
0.026216 -0.076300 0.665618 143 142 125
0.028833 -0.076297 0.665593 144 143 126
0.031470 -0.076341 0.665984 139 138 121
0.034096 -0.076356 0.666118 133 132 115
0.036730 -0.076385 0.666374 135 135 117
0.039360 -0.076402 0.666524 136 135 118
0.042031 -0.076492 0.667309 139 141 122
0.044694 -0.076557 0.667877 142 145 127
0.047371 -0.076638 0.668588 132 134 117
0.049989 -0.076619 0.668428 141 145 133
0.052617 -0.076618 0.668424 162 163 150
0.055230 -0.076595 0.668222 166 165 151
0.057838 -0.076568 0.667991 171 169 156
0.060452 -0.076552 0.667846 171 171 155
0.068279 -0.076491 0.667323 165 166 148
0.070866 -0.076450 0.666968 158 158 141
0.073484 -0.076444 0.666916 165 164 147
0.076097 -0.076434 0.666831 167 167 150
0.078692 -0.076407 0.666596 169 169 152
0.081310 -0.076403 0.666564 162 163 145
0.086456 -0.076316 0.665811 163 162 145
0.150288 -0.076811 0.670183 168 168 152
0.155528 -0.076795 0.670047 168 168 152
0.158228 -0.076825 0.670317 167 167 151
0.160911 -0.076847 0.670513 167 167 151
0.163552 -0.076849 0.670526 166 166 150
0.166250 -0.076877 0.670772 166 166 150
0.168936 -0.076898 0.670960 164 164 148
0.171651 -0.076932 0.671259 162 162 146
0.174454 -0.077003 0.671883 162 162 146
0.177227 -0.077059 0.672378 163 163 147
0.180064 -0.077142 0.673100 163 163 147
0.182765 -0.077164 0.673297 160 162 145
0.185589 -0.077236 0.673932 161 164 146
0.188436 -0.077316 0.674634 158 161 142
0.191273 -0.077391 0.675284 159 162 143
0.194123 -0.077468 0.675960 155 158 139
0.197136 -0.077606 0.677174 149 152 133
0.199951 -0.077665 0.677691 150 153 134
0.202737 -0.077711 0.678091 151 154 135
0.205571 -0.077774 0.678643 156 159 140
0.208444 -0.077849 0.679307 146 146 130
0.211300 -0.077917 0.679898 154 155 135
0.214176 -0.077990 0.680540 151 152 130
0.217076 -0.078070 0.681239 150 151 129
0.219962 -0.078143 0.681881 149 150 128
0.222821 -0.078204 0.682422 149 150 128
0.225598 -0.078236 0.682703 148 149 127
0.228616 -0.078350 0.683699 145 146 126
0.231611 -0.078453 0.684603 147 146 125
0.234639 -0.078565 0.685581 144 144 123
0.237768 -0.078708 0.686830 159 156 134
0.240749 -0.078799 0.687630 161 158 135
0.243892 -0.078940 0.688867 160 157 134
0.247143 -0.079113 0.690381 162 159 136
0.250440 -0.079296 0.691986 159 158 137
0.254070 -0.079580 0.694467 164 161 136
0.258080 -0.079975 0.697926 169 165 139
0.262028 -0.080343 0.701144 177 177 152
-0.022171 -0.078116 0.705802 98 99 90
-0.019335 -0.077875 0.703628 98 100 91
-0.016520 -0.077648 0.701579 103 106 98
-0.013721 -0.077428 0.699584 139 140 132
-0.010938 -0.077208 0.697601 131 122 114
-0.008161 -0.076891 0.694731 75 75 66
-0.005404 -0.076548 0.691631 227 224 215
-0.002672 -0.076233 0.688777 91 85 74
0.000037 -0.075769 0.684579 111 109 100
0.002717 -0.075416 0.681389 83 78 73
0.005366 -0.074990 0.677539 90 84 80
0.007995 -0.074650 0.674462 66 67 62
0.010610 -0.074390 0.672111 38 44 37
0.013203 -0.074106 0.669545 91 91 77
0.015800 -0.073934 0.667992 174 173 154
0.018387 -0.073772 0.666521 154 153 134
0.020966 -0.073622 0.665169 163 162 143
0.023541 -0.073494 0.664010 160 160 141
0.026133 -0.073438 0.663505 160 160 142
0.028726 -0.073395 0.663122 160 159 142
0.031335 -0.073396 0.663130 159 158 140
0.033936 -0.073380 0.662992 158 157 139
0.036585 -0.073464 0.663748 160 159 141
0.039217 -0.073503 0.664106 163 160 143
0.041893 -0.073615 0.665125 158 158 140
0.044542 -0.073669 0.665618 150 151 134
0.047217 -0.073757 0.666412 158 159 142
0.049839 -0.073758 0.666426 162 162 146
0.052454 -0.073749 0.666346 170 167 152
0.055054 -0.073722 0.666099 172 169 153
0.057693 -0.073746 0.666319 172 170 155
0.062904 -0.073709 0.665993 177 175 159
0.065485 -0.073666 0.665602 175 173 157
0.068080 -0.073640 0.665376 175 174 156
0.070669 -0.073611 0.665110 174 172 154
0.073255 -0.073581 0.664841 169 167 149
0.075805 -0.073518 0.664274 163 161 144
0.078411 -0.073511 0.664211 159 158 141
0.080995 -0.073485 0.663980 154 154 137
0.083555 -0.073440 0.663574 147 146 130
0.086103 -0.073386 0.663092 143 142 125
0.093873 -0.073343 0.662706 163 164 147
0.096437 -0.073311 0.662414 163 164 147
0.099096 -0.073350 0.662777 163 164 146
0.101736 -0.073374 0.662994 163 164 145
0.104389 -0.073405 0.663278 163 164 147
0.107058 -0.073446 0.663651 165 167 149
0.117773 -0.073616 0.665196 165 166 149
0.157513 -0.073844 0.667292 161 163 147
0.160145 -0.073847 0.667322 165 165 149
0.162805 -0.073863 0.667467 163 164 147
0.165525 -0.073905 0.667849 160 160 144
0.168291 -0.073965 0.668402 162 162 146
0.171045 -0.074019 0.668889 160 160 144
0.176651 -0.074163 0.670195 158 159 143
0.179470 -0.074238 0.670879 152 154 137
0.182190 -0.074271 0.671176 147 149 132
0.185023 -0.074348 0.671880 144 146 128
0.187909 -0.074444 0.672748 155 156 139
0.190765 -0.074526 0.673492 153 155 137
0.193673 -0.074625 0.674392 157 159 141
0.196540 -0.074706 0.675130 155 157 139
0.199376 -0.074773 0.675740 155 157 139
0.202134 -0.074810 0.676077 154 157 138
0.204974 -0.074876 0.676673 154 157 138
0.207815 -0.074940 0.677259 154 155 136
0.210731 -0.075030 0.678069 149 150 130
0.213583 -0.075094 0.678656 158 159 138
0.216510 -0.075183 0.679466 151 151 129
0.219379 -0.075250 0.680074 149 149 127
0.222254 -0.075318 0.680687 149 149 128
0.224854 -0.075292 0.680454 151 151 129
0.227853 -0.075398 0.681418 139 139 119
0.230760 -0.075472 0.682089 142 141 120
0.233795 -0.075585 0.683115 140 139 118
0.236789 -0.075683 0.684004 153 152 131
0.239803 -0.075785 0.684929 158 155 132
0.242817 -0.075884 0.685830 161 158 135
0.246054 -0.076051 0.687339 162 159 136
0.249182 -0.076180 0.688511 161 160 137
0.252977 -0.076507 0.691480 164 161 137
0.257186 -0.076952 0.695508 158 149 125
0.261360 -0.077377 0.699356 183 180 157
-0.022124 -0.075167 0.704291 97 96 88
-0.019283 -0.074892 0.701712 100 99 90
-0.016477 -0.074682 0.699745 106 106 97
-0.013679 -0.074435 0.697424 118 119 110
-0.010914 -0.074288 0.696048 168 163 151
-0.008143 -0.073981 0.693170 115 112 102
-0.005396 -0.073706 0.690593 81 84 77
-0.002668 -0.073396 0.687687 174 167 153
0.000036 -0.073005 0.684012 114 109 99
0.002715 -0.072695 0.681113 92 85 80
0.005366 -0.072322 0.677610 88 82 78
0.007995 -0.071990 0.674499 85 83 75
0.010610 -0.071735 0.672103 54 55 47
0.013196 -0.071422 0.669169 50 57 50
0.015782 -0.071218 0.667257 98 98 85
0.018358 -0.071028 0.665479 166 165 146
0.020926 -0.070863 0.663926 162 161 142
0.023488 -0.070712 0.662514 162 161 144
0.026071 -0.070651 0.661939 161 160 143
0.028654 -0.070600 0.661465 161 160 141
0.031240 -0.070565 0.661137 162 161 140
0.033826 -0.070534 0.660854 162 158 140
0.036466 -0.070613 0.661594 162 158 140
0.039082 -0.070637 0.661822 163 159 141
0.041739 -0.070728 0.662682 165 161 143
0.044397 -0.070810 0.663451 162 160 143
0.047076 -0.070914 0.664429 160 159 143
0.049718 -0.070955 0.664815 169 167 152
0.052325 -0.070944 0.664719 174 172 157
0.054925 -0.070925 0.664541 176 174 159
0.062717 -0.070869 0.664019 180 179 162
0.065305 -0.070842 0.663772 179 178 161
0.067868 -0.070792 0.663305 176 175 156
0.070447 -0.070762 0.663028 174 173 154
0.073015 -0.070724 0.662668 171 170 151
0.075568 -0.070674 0.662199 168 167 148
0.078182 -0.070682 0.662277 164 163 146
0.080744 -0.070644 0.661927 164 163 146
0.083299 -0.070603 0.661543 161 159 144
0.085830 -0.070544 0.660992 163 162 145
0.090985 -0.070509 0.660670 152 151 134
0.093561 -0.070492 0.660508 154 154 138
0.096147 -0.070483 0.660427 148 148 132
0.101423 -0.070538 0.660952 156 157 138
0.104023 -0.070538 0.660956 154 156 139
0.106647 -0.070554 0.661104 158 160 143
0.109375 -0.070636 0.661880 165 166 148
0.117350 -0.070735 0.662811 168 169 151
0.138419 -0.070842 0.663833 160 161 143
0.143689 -0.070865 0.664051 162 163 145
0.148892 -0.070854 0.663960 157 158 143
0.154228 -0.070906 0.664449 144 148 133
0.156998 -0.070976 0.665110 154 157 142
0.159648 -0.070991 0.665251 155 157 142
0.165004 -0.071043 0.665745 154 156 139
0.167741 -0.071093 0.666216 150 150 134
0.170531 -0.071163 0.666879 139 139 123
0.173307 -0.071226 0.667468 147 149 132
0.176137 -0.071308 0.668245 154 155 139
0.178979 -0.071393 0.669045 158 160 143
0.181725 -0.071438 0.669466 155 157 138
0.184558 -0.071515 0.670190 156 158 140
0.187371 -0.071582 0.670823 158 159 141
0.190222 -0.071662 0.671573 158 159 141
0.193065 -0.071736 0.672277 158 159 141
0.195994 -0.071840 0.673254 155 156 138
0.198753 -0.071880 0.673630 156 157 139
0.201520 -0.071922 0.674022 157 158 140
0.204340 -0.071981 0.674582 154 155 136
0.207220 -0.072059 0.675319 153 154 134
0.210110 -0.072139 0.676073 147 148 128
0.212958 -0.072203 0.676672 150 151 130
0.215870 -0.072286 0.677456 151 150 129
0.218822 -0.072381 0.678349 149 148 127
0.221634 -0.072427 0.678789 149 148 127
0.224227 -0.072402 0.678555 151 150 129
0.227120 -0.072473 0.679225 150 149 128
0.230040 -0.072551 0.679959 131 130 109
0.232935 -0.072620 0.680606 140 139 118
0.235942 -0.072721 0.681558 147 146 125
0.238835 -0.072785 0.682164 153 150 127
0.241881 -0.072894 0.683188 163 160 137
0.244987 -0.073019 0.684359 162 159 136
0.248181 -0.073166 0.685746 167 163 140
0.251947 -0.073477 0.688667 168 154 134
0.256346 -0.073964 0.693239 123 105 84
0.260604 -0.074400 0.697333 170 165 147
-0.022078 -0.072233 0.702804 96 95 87
-0.019234 -0.071936 0.699912 101 98 90
-0.016434 -0.071734 0.697940 104 103 94
-0.013649 -0.071526 0.695913 109 108 100
-0.010889 -0.071376 0.694455 138 141 128
-0.008129 -0.071125 0.692018 122 120 111
-0.005389 -0.070882 0.689648 90 90 83
-0.002667 -0.070641 0.687297 185 182 175
0.000036 -0.070274 0.683726 114 106 90
0.002715 -0.070006 0.681112 121 111 101
0.005366 -0.069648 0.677625 93 88 78
0.007999 -0.069364 0.674868 87 79 68
0.010616 -0.069123 0.672514 86 73 66
0.013198 -0.068793 0.669302 55 52 47
0.015776 -0.068554 0.666974 56 60 54
0.018339 -0.068329 0.664787 102 102 90
0.020891 -0.068126 0.662807 169 165 147
0.023448 -0.067981 0.661394 165 160 144
0.026014 -0.067889 0.660501 161 160 143
0.028583 -0.067820 0.659835 161 159 143
0.031147 -0.067752 0.659168 161 160 143
0.033708 -0.067689 0.658556 163 159 143
0.036333 -0.067753 0.659182 163 159 143
0.038937 -0.067772 0.659369 164 160 142
0.041549 -0.067802 0.659671 163 159 143
0.044171 -0.067844 0.660079 165 164 147
0.046869 -0.067991 0.661514 169 167 151
0.049493 -0.068021 0.661811 167 165 150
0.052136 -0.068073 0.662322 177 175 160
0.057338 -0.068062 0.662220 182 180 165
0.059912 -0.068027 0.661881 180 179 163
0.062490 -0.068000 0.661620 179 178 161
0.065037 -0.067942 0.661051 179 178 159
0.067646 -0.067951 0.661143 177 176 157
0.070229 -0.067933 0.660972 175 174 155
0.072788 -0.067895 0.660607 169 168 149
0.075329 -0.067843 0.660101 168 167 150
0.077934 -0.067851 0.660178 165 164 147
0.080516 -0.067838 0.660056 163 162 145
0.083049 -0.067787 0.659555 162 161 144
0.085561 -0.067721 0.658923 160 159 142
0.088124 -0.067699 0.658706 159 158 140
0.090709 -0.067695 0.658666 159 158 140
0.093277 -0.067678 0.658503 155 154 137
0.095858 -0.067671 0.658441 155 155 138
0.098526 -0.067725 0.658967 160 161 143
0.101126 -0.067730 0.659020 160 161 143
0.103614 -0.067662 0.658357 159 160 142
0.106186 -0.067650 0.658249 156 157 139
0.108823 -0.067680 0.658538 155 156 138
0.111444 -0.067698 0.658723 155 156 138
0.114174 -0.067780 0.659524 154 155 136
0.116813 -0.067806 0.659777 152 153 133
0.119453 -0.067831 0.660024 147 150 131
0.122005 -0.067807 0.659788 142 144 126
0.124472 -0.067737 0.659110 142 143 125
0.127106 -0.067759 0.659326 148 149 131
0.135115 -0.067873 0.660443 148 149 131
0.137754 -0.067893 0.660643 153 153 137
0.140395 -0.067913 0.660844 149 149 133
0.142987 -0.067909 0.660808 146 148 131
0.145438 -0.067840 0.660137 145 147 130
0.148084 -0.067863 0.660356 142 144 127
0.150816 -0.067923 0.660946 147 149 134
0.153522 -0.067970 0.661406 145 147 132
0.156296 -0.068045 0.662139 140 144 129
0.159016 -0.068094 0.662620 140 144 129
0.161699 -0.068126 0.662932 154 158 143
0.164459 -0.068189 0.663550 154 156 140
0.167128 -0.068212 0.663781 158 158 142
0.169875 -0.068267 0.664316 156 157 139
0.172702 -0.068351 0.665141 156 157 139
0.175501 -0.068422 0.665832 156 157 139
0.178381 -0.068522 0.666811 157 158 140
0.181082 -0.068551 0.667099 155 156 138
0.183882 -0.068616 0.667737 155 156 138
0.186752 -0.068706 0.668608 158 159 141
0.189477 -0.068740 0.668945 156 157 139
0.192322 -0.068816 0.669691 154 155 137
0.195236 -0.068915 0.670653 153 154 136
0.198076 -0.068984 0.671337 156 157 137
0.200780 -0.069006 0.671548 154 155 136
0.203612 -0.069070 0.672179 152 153 134
0.206447 -0.069134 0.672801 154 153 134
0.209413 -0.069239 0.673830 141 142 122
0.212107 -0.069253 0.673969 149 149 128
0.214896 -0.069297 0.674403 151 150 129
0.217818 -0.069383 0.675236 150 149 128
0.220703 -0.069454 0.675939 151 150 129
0.223271 -0.069426 0.675664 151 150 129
0.226126 -0.069486 0.676254 150 149 130
0.228965 -0.069540 0.676782 147 146 127
0.231931 -0.069631 0.677670 143 142 122
0.234862 -0.069709 0.678438 145 145 121
0.237774 -0.069781 0.679134 154 151 128
0.240823 -0.069890 0.680201 154 151 128
0.243954 -0.070020 0.681474 163 158 135
0.247123 -0.070158 0.682822 171 154 133
0.251088 -0.070517 0.686321 125 105 86
0.255478 -0.070985 0.690890 103 89 69
0.259928 -0.071460 0.695526 136 131 120
-0.022058 -0.069397 0.702186 94 94 83
-0.019190 -0.069016 0.698327 100 97 89
-0.016404 -0.068849 0.696639 104 102 94
-0.013623 -0.068642 0.694546 108 107 98
-0.010875 -0.068541 0.693519 110 113 103
-0.008117 -0.068289 0.690965 151 152 142
-0.005383 -0.068086 0.688916 115 111 97
-0.002664 -0.067846 0.686481 56 61 47
0.000036 -0.067525 0.683229 227 221 212
0.002713 -0.067267 0.680614 96 88 76
0.005366 -0.066968 0.677586 102 101 91
0.007999 -0.066702 0.674892 90 85 74
0.010619 -0.066488 0.672729 85 75 67
0.013204 -0.066179 0.669600 69 68 63
0.015777 -0.065928 0.667059 52 50 47
0.018329 -0.065669 0.664433 59 60 54
0.020868 -0.065436 0.662077 100 98 91
0.023418 -0.065288 0.660571 167 159 144
0.025975 -0.065184 0.659519 159 157 141
0.028521 -0.065074 0.658412 166 166 151
0.031077 -0.065004 0.657702 164 166 153
0.033633 -0.064943 0.657091 157 153 136
0.036228 -0.064963 0.657288 162 159 140
0.038807 -0.064950 0.657167 164 160 142
0.041406 -0.064973 0.657403 167 165 148
0.044005 -0.064993 0.657605 169 167 151
0.046671 -0.065102 0.658715 177 173 158
0.049281 -0.065127 0.658970 178 176 161
0.054537 -0.065214 0.659853 183 180 165
0.059725 -0.065210 0.659821 182 180 165
0.062280 -0.065168 0.659392 181 180 163
0.064855 -0.065149 0.659205 179 178 161
0.067438 -0.065139 0.659105 176 175 157
0.070016 -0.065126 0.658977 173 172 154
0.072566 -0.065087 0.658589 171 170 152
0.075092 -0.065032 0.658033 168 167 150
0.077685 -0.065035 0.658067 166 165 148
0.080273 -0.065036 0.658070 161 160 143
0.082812 -0.064996 0.657676 164 160 142
0.085316 -0.064933 0.657034 164 160 143
0.087859 -0.064903 0.656730 162 159 141
0.090414 -0.064882 0.656527 159 158 139
0.092993 -0.064880 0.656503 158 157 139
0.095541 -0.064856 0.656267 155 154 136
0.098186 -0.064898 0.656692 150 149 132
0.100781 -0.064905 0.656769 156 156 139
0.103282 -0.064853 0.656246 158 158 141
0.105854 -0.064848 0.656190 158 159 141
0.108484 -0.064877 0.656487 157 158 140
0.111047 -0.064865 0.656373 157 158 139
0.113735 -0.064926 0.656990 156 157 139
0.116336 -0.064935 0.657086 157 158 138
0.119020 -0.064989 0.657633 155 157 138
0.121601 -0.064986 0.657607 156 157 139
0.124098 -0.064939 0.657132 154 155 137
0.126716 -0.064955 0.657302 153 154 136
0.131870 -0.064947 0.657219 157 158 140
0.134571 -0.065002 0.657786 156 155 138
0.137158 -0.065002 0.657785 161 160 143
0.139823 -0.065038 0.658154 156 155 138
0.142488 -0.065072 0.658502 153 154 136
0.144998 -0.065036 0.658139 157 158 142
0.147608 -0.065046 0.658236 157 157 141
0.150354 -0.065113 0.658922 155 156 139
0.153006 -0.065139 0.659184 155 155 139
0.155774 -0.065212 0.659927 156 158 141
0.158468 -0.065252 0.660337 145 147 130
0.161148 -0.065285 0.660675 141 143 126
0.163957 -0.065368 0.661525 150 151 134
0.166626 -0.065394 0.661791 154 155 137
0.169372 -0.065449 0.662350 154 155 135
0.172174 -0.065524 0.663109 152 151 133
0.174970 -0.065594 0.663818 153 153 134
0.177835 -0.065687 0.664769 155 154 135
0.180515 -0.065711 0.665010 155 154 135
0.183372 -0.065797 0.665887 155 155 136
0.186205 -0.065872 0.666652 156 156 137
0.189001 -0.065933 0.667267 155 154 135
0.191788 -0.065988 0.667831 150 150 132
0.194683 -0.066079 0.668752 145 146 128
0.197417 -0.066113 0.669104 147 146 127
0.200177 -0.066155 0.669532 150 149 130
0.202964 -0.066205 0.670038 152 151 132
0.205830 -0.066279 0.670792 150 149 128
0.208775 -0.066376 0.671776 147 148 128
0.211572 -0.066424 0.672270 145 146 126
0.214315 -0.066454 0.672580 151 150 129
0.217233 -0.066537 0.673423 153 152 131
0.220006 -0.066574 0.673803 154 153 132
0.222547 -0.066541 0.673472 150 149 128
0.225282 -0.066567 0.673731 148 147 128
0.228099 -0.066615 0.674224 146 145 126
0.230998 -0.066686 0.674946 143 142 121
0.233974 -0.066777 0.675873 150 149 127
0.236810 -0.066827 0.676382 154 151 128
0.239971 -0.066966 0.677795 156 152 128
0.243081 -0.067088 0.679036 164 153 131
0.246362 -0.067254 0.680721 134 115 103
0.250315 -0.067598 0.684207 136 134 117
0.254927 -0.068110 0.689401 123 118 102
0.259367 -0.068565 0.694025 55 50 42
-0.019187 -0.066245 0.698193 99 94 88
-0.016390 -0.066040 0.696028 102 100 92
-0.013610 -0.065836 0.693875 104 102 94
-0.010860 -0.065708 0.692527 109 110 100
-0.008107 -0.065478 0.690105 132 132 122
-0.005376 -0.065272 0.687926 134 131 112
-0.002663 -0.065088 0.685984 108 107 90
0.000035 -0.064795 0.682892 66 65 55
0.002712 -0.064577 0.680591 196 188 173
0.005366 -0.064293 0.677597 109 106 94
0.008005 -0.064085 0.675405 99 96 85
0.010628 -0.063884 0.673290 81 76 68
0.013215 -0.063589 0.670170 76 75 68
0.015789 -0.063342 0.667568 71 72 66
0.018332 -0.063059 0.664583 46 44 41
0.020851 -0.062772 0.661556 53 52 49
0.023377 -0.062570 0.659416 86 87 81
0.025939 -0.062492 0.658605 157 156 139
0.028493 -0.062412 0.657760 160 160 144
0.031018 -0.062287 0.656438 174 182 176
0.033540 -0.062177 0.655280 164 167 150
0.036109 -0.062162 0.655130 159 157 137
0.038664 -0.062127 0.654762 168 164 147
0.041254 -0.062148 0.654987 171 170 153
0.043808 -0.062117 0.654660 179 177 160
0.046443 -0.062197 0.655500 184 183 166
0.049057 -0.062243 0.655988 189 187 172
0.051687 -0.062302 0.656621 188 188 172
0.054243 -0.062271 0.656294 182 182 166
0.056868 -0.062319 0.656805 185 183 168
0.059459 -0.062327 0.656888 184 182 167
0.062047 -0.062331 0.656932 181 180 164
0.064583 -0.062284 0.656444 180 179 162
0.067188 -0.062305 0.656665 176 175 158
0.069748 -0.062284 0.656451 171 170 153
0.072305 -0.062263 0.656227 169 168 151
0.074833 -0.062219 0.655765 169 165 149
0.077419 -0.062224 0.655817 166 164 148
0.079990 -0.062217 0.655746 162 161 144
0.082530 -0.062187 0.655435 164 160 142
0.085037 -0.062135 0.654891 162 158 140
0.087586 -0.062116 0.654687 162 158 140
0.090177 -0.062127 0.654806 159 158 139
0.092754 -0.062128 0.654818 159 158 139
0.095298 -0.062107 0.654602 158 157 138
0.097884 -0.062114 0.654676 156 155 136
0.100479 -0.062125 0.654802 150 151 133
0.102988 -0.062085 0.654381 149 150 132
0.105546 -0.062076 0.654287 159 160 142
0.108156 -0.062096 0.654504 157 158 140
0.110770 -0.062119 0.654741 157 156 139
0.113350 -0.062121 0.654769 156 155 138
0.115876 -0.062094 0.654488 156 157 137
0.118507 -0.062124 0.654803 156 157 138
0.121129 -0.062147 0.655055 155 156 138
0.123643 -0.062116 0.654723 155 156 138
0.126221 -0.062117 0.654735 156 155 138
0.128804 -0.062120 0.654778 155 155 138
0.131342 -0.062102 0.654589 157 156 139
0.134019 -0.062150 0.655091 157 156 139
0.136639 -0.062169 0.655296 156 155 138
0.139232 -0.062175 0.655370 156 155 138
0.141856 -0.062196 0.655586 156 157 139
0.144502 -0.062224 0.655892 156 156 140
0.147129 -0.062244 0.656100 156 156 139
0.149858 -0.062305 0.656753 155 156 138
0.152566 -0.062356 0.657290 155 156 138
0.155264 -0.062401 0.657767 158 159 141
0.157997 -0.062458 0.658376 156 157 139
0.160682 -0.062495 0.658766 146 148 131
0.163427 -0.062554 0.659387 137 138 120
0.166140 -0.062598 0.659859 144 145 127
0.168883 -0.062653 0.660438 150 151 131
0.171638 -0.062710 0.661043 150 148 129
0.174442 -0.062783 0.661819 153 150 130
0.177270 -0.062862 0.662658 147 144 124
0.180002 -0.062906 0.663122 151 150 129
0.182789 -0.062967 0.663770 152 151 132
0.185643 -0.063049 0.664641 152 151 132
0.188461 -0.063117 0.665358 152 151 132
0.191245 -0.063172 0.665942 148 147 128
0.194012 -0.063219 0.666449 145 144 127
0.196836 -0.063284 0.667137 145 144 125
0.199552 -0.063313 0.667443 146 145 126
0.202380 -0.063376 0.668110 148 147 127
0.205178 -0.063428 0.668666 150 149 128
0.208089 -0.063514 0.669571 146 147 127
0.210947 -0.063581 0.670284 144 145 125
0.213656 -0.063602 0.670510 150 150 130
0.216425 -0.063641 0.670921 147 146 125
0.219197 -0.063679 0.671328 153 152 131
0.221697 -0.063638 0.670901 154 153 132
0.224406 -0.063658 0.671112 150 149 130
0.227134 -0.063682 0.671372 146 145 126
0.230072 -0.063764 0.672240 144 142 121
0.233047 -0.063855 0.673198 143 140 117
0.235994 -0.063935 0.674052 153 150 127
0.239096 -0.064056 0.675323 156 152 128
0.242353 -0.064214 0.677001 148 136 115
0.245589 -0.064364 0.678586 100 88 77
0.249763 -0.064753 0.682700 109 110 97
0.254409 -0.065255 0.688002 138 137 127
0.259015 -0.065736 0.693084 48 41 33
-0.019195 -0.063514 0.698480 98 95 86
-0.016389 -0.063287 0.695981 101 98 90
-0.013598 -0.063038 0.693234 104 101 93
-0.010847 -0.062901 0.691730 106 107 98
-0.008095 -0.062656 0.689036 115 115 105
-0.005370 -0.062483 0.687136 151 149 140
-0.002660 -0.062307 0.685199 118 116 102
0.000035 -0.062063 0.682506 91 90 75
0.002712 -0.061878 0.680473 117 118 109
0.005368 -0.061645 0.677903 135 130 123
0.008011 -0.061468 0.675955 121 119 109
0.010642 -0.061309 0.674207 92 89 81
0.013235 -0.061038 0.671223 81 77 70
0.015819 -0.060820 0.668828 77 72 67
0.018364 -0.060539 0.665728 72 69 65
0.020882 -0.060251 0.662560 60 58 54
0.023397 -0.060017 0.659986 41 47 36
0.025953 -0.059923 0.658957 76 74 66
0.028497 -0.059823 0.657854 156 153 135
0.031008 -0.059677 0.656251 160 157 139
0.033519 -0.059551 0.654865 170 167 150
0.036056 -0.059489 0.654175 184 181 166
0.038597 -0.059438 0.653625 183 181 165
0.041161 -0.059429 0.653522 186 185 171
0.043684 -0.059364 0.652809 191 189 178
0.046296 -0.059420 0.653428 196 194 182
0.048881 -0.059438 0.653636 197 196 182
0.051467 -0.059456 0.653829 196 194 180
0.053993 -0.059406 0.653279 192 190 177
0.056598 -0.059442 0.653688 184 183 167
0.059204 -0.059477 0.654073 184 182 167
0.061792 -0.059491 0.654227 183 181 166
0.064332 -0.059461 0.653897 180 178 163
0.066953 -0.059504 0.654377 175 174 157
0.069517 -0.059495 0.654282 171 170 153
0.072060 -0.059470 0.654003 170 169 152
0.074578 -0.059426 0.653530 167 163 147
0.077144 -0.059422 0.653489 164 160 144
0.079720 -0.059426 0.653536 163 159 143
0.082252 -0.059399 0.653234 158 157 140
0.084763 -0.059357 0.652780 161 157 139
0.087332 -0.059358 0.652789 161 158 140
0.089899 -0.059358 0.652790 160 159 140
0.092497 -0.059377 0.653003 158 157 138
0.095050 -0.059367 0.652895 158 157 138
0.097600 -0.059356 0.652774 158 157 138
0.100224 -0.059389 0.653144 157 156 137
0.102752 -0.059365 0.652885 152 153 136
0.105271 -0.059337 0.652578 133 135 118
0.107882 -0.059361 0.652846 156 157 139
0.110461 -0.059367 0.652914 158 157 140
0.113057 -0.059382 0.653079 154 153 136
0.115579 -0.059357 0.652813 156 155 138
0.118182 -0.059375 0.653010 156 155 136
0.120790 -0.059394 0.653223 156 155 136
0.123359 -0.059394 0.653219 156 155 136
0.125925 -0.059392 0.653201 156 155 136
0.128503 -0.059396 0.653247 155 154 135
0.131011 -0.059368 0.652943 155 154 135
0.133667 -0.059407 0.653372 156 155 138
0.136273 -0.059422 0.653544 156 155 138
0.138890 -0.059441 0.653762 156 155 138
0.141502 -0.059458 0.653952 156 155 138
0.144146 -0.059487 0.654275 156 155 138
0.146764 -0.059505 0.654475 156 155 138
0.149521 -0.059578 0.655276 155 156 138
0.152192 -0.059614 0.655680 156 157 139
0.154864 -0.059649 0.656071 155 154 136
0.157555 -0.059691 0.656533 154 153 134
0.160238 -0.059728 0.656944 150 150 133
0.162980 -0.059786 0.657583 146 146 130
0.165689 -0.059830 0.658069 139 140 122
0.168376 -0.059865 0.658458 146 145 126
0.171166 -0.059934 0.659226 151 150 131
0.173879 -0.059975 0.659683 144 143 124
0.176703 -0.060053 0.660541 145 144 125
0.179403 -0.060087 0.660916 147 146 127
0.182226 -0.060160 0.661727 148 147 128
0.185062 -0.060236 0.662561 149 148 129
0.187885 -0.060305 0.663326 149 148 128
0.190654 -0.060355 0.663883 145 144 125
0.193486 -0.060424 0.664643 145 144 126
0.196208 -0.060456 0.665006 145 144 125
0.198916 -0.060484 0.665315 146 145 126
0.201671 -0.060525 0.665771 148 147 128
0.204477 -0.060580 0.666381 150 149 130
0.207354 -0.060655 0.667206 148 149 129
0.210220 -0.060724 0.667974 144 145 125
0.212945 -0.060752 0.668279 149 150 129
0.215711 -0.060790 0.668707 150 151 131
0.218430 -0.060815 0.668978 152 152 131
0.220875 -0.060763 0.668416 152 151 130
0.223572 -0.060782 0.668619 151 150 131
0.226206 -0.060782 0.668630 152 151 130
0.229126 -0.060859 0.669477 142 141 121
0.232217 -0.060979 0.670800 147 146 125
0.235133 -0.061050 0.671592 153 150 127
0.238415 -0.061214 0.673401 154 148 127
0.241601 -0.061350 0.674902 115 101 84
0.245107 -0.061563 0.677254 142 134 132
0.249264 -0.061933 0.681336 137 132 122
0.254101 -0.062462 0.687169 51 47 39
0.258747 -0.062933 0.692366 76 69 62
-0.019222 -0.060840 0.699455 87 83 76
-0.016376 -0.060489 0.695414 102 97 87
-0.013578 -0.060213 0.692239 103 101 93
-0.010829 -0.060063 0.690513 104 105 95
-0.008084 -0.059854 0.688099 109 108 99
-0.005363 -0.059684 0.686153 124 120 112
-0.002657 -0.059541 0.684504 142 140 132
0.000035 -0.059314 0.681888 112 111 101
0.002710 -0.059158 0.680097 69 70 59
0.005367 -0.058963 0.677855 163 166 154
0.008013 -0.058813 0.676130 104 102 94
0.010648 -0.058682 0.674624 115 113 98
0.013253 -0.058467 0.672145 95 89 81
0.015845 -0.058276 0.669948 88 81 75
0.018404 -0.058035 0.667177 81 75 70
0.020928 -0.057760 0.664008 77 70 66
0.023446 -0.057530 0.661364 65 57 53
0.025986 -0.057394 0.659801 59 53 52
0.028508 -0.057249 0.658129 71 65 63
0.031021 -0.057109 0.656522 158 150 136
0.033521 -0.056969 0.654905 167 163 145
0.036025 -0.056857 0.653617 232 228 220
0.038530 -0.056758 0.652487 255 251 255
0.041062 -0.056711 0.651945 252 251 246
0.043574 -0.056643 0.651168 226 225 220
0.046165 -0.056679 0.651586 209 208 202
0.048747 -0.056702 0.651849 207 208 197
0.051280 -0.056667 0.651454 202 202 190
0.053779 -0.056600 0.650683 196 197 184
0.056350 -0.056612 0.650825 194 194 180
0.058923 -0.056624 0.650967 185 185 171
0.061516 -0.056654 0.651313 182 180 167
0.064043 -0.056623 0.650957 180 178 165
0.066687 -0.056694 0.651779 176 174 159
0.069256 -0.056698 0.651829 172 170 155
0.071806 -0.056687 0.651698 168 166 150
0.074328 -0.056656 0.651343 166 162 146
0.076916 -0.056674 0.651559 163 159 143
0.079478 -0.056674 0.651554 162 158 142
0.081994 -0.056641 0.651181 159 158 141
0.084498 -0.056602 0.650741 160 159 140
0.087085 -0.056620 0.650951 160 158 139
0.089673 -0.056637 0.651146 161 157 137
0.092238 -0.056639 0.651176 160 156 136
0.094790 -0.056634 0.651115 158 156 136
0.097346 -0.056630 0.651077 158 157 138
0.099927 -0.056642 0.651212 156 155 138
0.102439 -0.056614 0.650897 155 154 137
0.104999 -0.056614 0.650895 155 154 137
0.107578 -0.056624 0.651012 149 148 129
0.110131 -0.056619 0.650965 145 144 125
0.112686 -0.056617 0.650933 156 155 137
0.115247 -0.056616 0.650935 158 154 136
0.117846 -0.056635 0.651153 155 154 135
0.120416 -0.056639 0.651197 155 154 135
0.122987 -0.056643 0.651249 156 155 136
0.125569 -0.056652 0.651355 155 154 135
0.128114 -0.056644 0.651272 154 153 134
0.130678 -0.056645 0.651284 155 154 135
0.133272 -0.056659 0.651443 154 153 134
0.135862 -0.056670 0.651575 154 153 134
0.138508 -0.056704 0.651965 153 152 133
0.141143 -0.056732 0.652293 156 155 138
0.143715 -0.056734 0.652321 154 153 136
0.146354 -0.056762 0.652649 156 155 138
0.149060 -0.056815 0.653255 154 153 136
0.151746 -0.056858 0.653758 153 152 135
0.154406 -0.056890 0.654135 154 153 135
0.157083 -0.056928 0.654566 153 152 133
0.159796 -0.056977 0.655136 152 151 132
0.162519 -0.057028 0.655726 151 150 132
0.165124 -0.057036 0.655825 148 147 128
0.167849 -0.057085 0.656395 140 139 122
0.170585 -0.057137 0.656991 136 135 117
0.173341 -0.057193 0.657642 145 144 125
0.176048 -0.057232 0.658092 144 143 124
0.178799 -0.057283 0.658690 146 145 126
0.181638 -0.057361 0.659590 147 146 127
0.184493 -0.057442 0.660524 147 146 127
0.187170 -0.057466 0.660802 147 146 127
0.189974 -0.057528 0.661516 147 146 127
0.192835 -0.057605 0.662408 147 146 127
0.195666 -0.057671 0.663172 146 145 126
0.198200 -0.057649 0.662921 146 145 126
0.200949 -0.057689 0.663388 144 143 124
0.203838 -0.057768 0.664302 148 147 128
0.206678 -0.057831 0.665033 147 148 128
0.209471 -0.057880 0.665594 146 147 127
0.212273 -0.057930 0.666172 146 147 127
0.215010 -0.057961 0.666534 152 153 133
0.217759 -0.057994 0.666924 148 149 129
0.220069 -0.057912 0.665977 149 150 130
0.222785 -0.057937 0.666264 144 143 124
0.225418 -0.057940 0.666303 141 140 121
0.228343 -0.058017 0.667189 141 141 121
0.231417 -0.058129 0.668490 154 154 130
0.234456 -0.058230 0.669659 156 154 130
0.237708 -0.058382 0.671404 157 151 133
0.241194 -0.058586 0.673767 141 137 127
0.244830 -0.058822 0.676489 97 94 89
0.249202 -0.059228 0.681165 106 102 96
0.254068 -0.059740 0.687079 47 46 40
0.258989 -0.060255 0.693016 68 67 61
-0.019246 -0.058150 0.700323 75 68 60
-0.016376 -0.057743 0.695416 98 93 85
-0.013565 -0.057424 0.691562 102 99 91
-0.010818 -0.057279 0.689825 103 104 94
-0.008074 -0.057061 0.687188 107 108 97
-0.005357 -0.056910 0.685367 112 112 102
-0.002654 -0.056758 0.683540 133 129 121
0.000035 -0.056577 0.681362 128 126 118
0.002708 -0.056442 0.679728 107 103 95
0.005366 -0.056279 0.677772 45 49 39
0.008013 -0.056144 0.676135 183 184 178
0.010653 -0.056042 0.674918 93 91 78
0.013270 -0.055887 0.673041 123 119 109
0.015874 -0.055732 0.671179 101 95 86
0.018440 -0.055510 0.668502 87 82 75
0.020974 -0.055261 0.665496 82 76 70
0.023497 -0.055039 0.662817 81 71 67
0.026032 -0.054887 0.660983 72 65 65
0.028544 -0.054719 0.658966 56 53 53
0.031044 -0.054557 0.657006 62 69 64
0.033535 -0.054406 0.655187 119 115 102
0.036024 -0.054274 0.653604 172 170 150
0.038502 -0.054143 0.652027 218 213 210
0.041019 -0.054080 0.651268 255 254 253
0.043511 -0.053994 0.650235 254 254 253
0.046077 -0.054004 0.650349 254 254 253
0.048638 -0.054007 0.650386 246 246 244
0.051149 -0.053957 0.649796 208 209 201
0.053649 -0.053901 0.649119 206 208 196
0.056184 -0.053883 0.648904 199 199 185
0.058719 -0.053867 0.648712 193 192 179
0.061302 -0.053895 0.649052 185 184 171
0.063828 -0.053872 0.648778 179 177 164
0.066453 -0.053931 0.649491 176 174 159
0.069025 -0.053944 0.649656 170 168 153
0.071574 -0.053939 0.649599 169 165 151
0.074126 -0.053936 0.649567 166 162 146
0.076699 -0.053949 0.649724 163 159 143
0.079241 -0.053940 0.649613 162 158 142
0.081750 -0.053909 0.649249 158 157 140
0.084246 -0.053872 0.648807 158 157 138
0.086827 -0.053890 0.649023 159 157 138
0.089382 -0.053891 0.649038 161 157 137
0.091957 -0.053904 0.649195 160 156 136
0.094509 -0.053902 0.649181 159 156 137
0.097059 -0.053900 0.649159 158 157 138
0.099627 -0.053908 0.649255 156 155 137
0.102132 -0.053882 0.648947 155 154 136
0.104681 -0.053880 0.648926 155 154 137
0.107259 -0.053893 0.649079 154 153 133
0.109799 -0.053886 0.649004 152 149 131
0.112362 -0.053891 0.649066 144 141 123
0.114905 -0.053886 0.649006 153 150 132
0.117495 -0.053903 0.649215 151 150 132
0.120044 -0.053900 0.649187 152 151 133
0.122605 -0.053904 0.649227 153 152 133
0.125169 -0.053908 0.649281 154 153 134
0.127731 -0.053911 0.649325 155 154 135
0.130281 -0.053909 0.649305 155 154 135
0.132864 -0.053921 0.649449 154 153 134
0.135440 -0.053929 0.649552 154 153 134
0.138084 -0.053964 0.649969 155 154 135
0.140700 -0.053986 0.650244 152 151 132
0.143308 -0.054005 0.650475 151 150 133
0.145898 -0.054016 0.650615 149 148 131
0.148606 -0.054070 0.651266 152 151 134
0.151239 -0.054095 0.651576 153 152 135
0.153918 -0.054136 0.652067 153 152 134
0.156532 -0.054153 0.652271 152 151 133
0.159257 -0.054206 0.652924 151 150 131
0.161952 -0.054249 0.653437 151 150 131
0.164633 -0.054285 0.653880 151 150 131
0.167311 -0.054319 0.654293 148 147 130
0.170061 -0.054375 0.654972 138 139 121
0.172745 -0.054409 0.655383 143 143 125
0.175534 -0.054474 0.656171 148 149 130
0.178239 -0.054511 0.656628 147 146 127
0.181129 -0.054604 0.657744 145 144 125
0.183927 -0.054666 0.658499 147 146 127
0.186641 -0.054702 0.658935 147 146 127
0.189388 -0.054746 0.659478 145 144 125
0.192315 -0.054841 0.660620 144 143 124
0.195083 -0.054888 0.661197 143 143 124
0.197626 -0.054872 0.661003 144 143 124
0.200318 -0.054897 0.661308 142 141 122
0.203216 -0.054977 0.662275 145 145 126
0.206075 -0.055044 0.663090 141 142 122
0.208816 -0.055079 0.663513 134 137 117
0.211564 -0.055115 0.663948 137 140 121
0.214277 -0.055140 0.664262 148 148 129
0.216967 -0.055160 0.664498 145 146 126
0.219255 -0.055078 0.663514 146 147 127
0.221999 -0.055111 0.663914 148 147 127
0.224716 -0.055137 0.664226 148 147 127
0.227633 -0.055210 0.665118 147 146 127
0.230789 -0.055339 0.666674 158 157 136
0.233812 -0.055434 0.667822 152 150 126
0.237270 -0.055628 0.670169 147 144 132
0.240876 -0.055852 0.672877 88 86 90
0.244859 -0.056157 0.676571 114 111 112
0.249279 -0.056555 0.681376 56 54 49
0.254280 -0.057075 0.687654 66 67 57
0.259120 -0.057547 0.693367 123 122 110
-0.016393 -0.055050 0.696097 91 82 78
-0.013563 -0.054683 0.691443 102 97 90
-0.010799 -0.054457 0.688581 104 104 92
-0.008061 -0.054262 0.686109 107 106 96
-0.005345 -0.054087 0.683895 111 110 101
-0.002649 -0.053961 0.682306 121 116 109
0.000034 -0.053839 0.680764 144 142 133
0.002706 -0.053728 0.679352 123 118 110
0.005366 -0.053600 0.677741 107 109 99
0.008017 -0.053502 0.676502 34 40 28
0.010658 -0.053404 0.675261 185 187 177
0.013277 -0.053255 0.673370 87 88 77
0.015889 -0.053134 0.671848 119 119 107
0.018467 -0.052948 0.669487 97 95 86
0.021013 -0.052729 0.666714 89 85 78
0.023545 -0.052527 0.664164 81 71 65
0.026071 -0.052356 0.661992 80 70 67
0.028577 -0.052177 0.659723 75 68 67
0.031061 -0.051991 0.657376 69 69 66
0.033527 -0.051806 0.655035 67 66 60
0.036012 -0.051676 0.653388 98 96 86
0.038465 -0.051520 0.651408 178 173 156
0.040948 -0.051420 0.650149 187 185 177
0.043443 -0.051346 0.649211 254 253 253
0.045964 -0.051310 0.648759 255 254 255
0.048492 -0.051284 0.648435 254 254 255
0.050974 -0.051215 0.647568 253 253 251
0.053407 -0.051106 0.646186 221 222 216
0.055926 -0.051086 0.645927 206 207 197
0.058465 -0.051084 0.645913 199 199 187
0.061062 -0.051131 0.646505 191 191 179
0.063592 -0.051120 0.646376 184 182 169
0.066169 -0.051147 0.646719 172 170 155
0.068734 -0.051162 0.646917 171 169 154
0.071279 -0.051162 0.646920 168 163 149
0.073793 -0.051141 0.646651 165 161 145
0.076399 -0.051183 0.647181 162 158 142
0.078959 -0.051192 0.647301 160 156 140
0.081507 -0.051193 0.647319 158 156 140
0.084016 -0.051170 0.647036 158 157 140
0.086558 -0.051168 0.647009 158 157 138
0.089130 -0.051184 0.647210 160 156 136
0.091685 -0.051188 0.647273 161 157 137
0.094209 -0.051176 0.647122 160 156 137
0.096785 -0.051192 0.647331 159 155 137
0.099380 -0.051218 0.647651 153 152 133
0.101919 -0.051213 0.647595 154 153 134
0.104469 -0.051214 0.647612 154 153 134
0.107037 -0.051224 0.647740 155 151 131
0.109559 -0.051212 0.647589 155 151 131
0.112092 -0.051205 0.647505 153 149 131
0.114636 -0.051203 0.647492 141 140 123
0.117196 -0.051209 0.647564 146 145 126
0.119761 -0.051216 0.647662 151 150 131
0.122311 -0.051217 0.647676 150 149 130
0.124888 -0.051229 0.647826 152 151 132
0.127426 -0.051225 0.647778 155 154 135
0.129946 -0.051214 0.647638 154 153 134
0.132504 -0.051217 0.647690 154 153 134
0.135093 -0.051233 0.647886 152 151 132
0.137696 -0.051253 0.648143 151 150 131
0.140345 -0.051289 0.648604 153 152 133
0.142961 -0.051312 0.648899 150 149 130
0.145595 -0.051340 0.649264 149 148 129
0.148211 -0.051362 0.649536 149 148 130
0.150803 -0.051374 0.649698 149 148 131
0.153434 -0.051399 0.650018 151 150 133
0.156053 -0.051419 0.650279 150 149 132
0.158748 -0.051463 0.650838 151 150 131
0.161491 -0.051521 0.651579 148 147 128
0.164139 -0.051548 0.651919 146 145 126
0.166822 -0.051584 0.652381 145 144 126
0.169487 -0.051614 0.652764 140 141 123
0.172201 -0.051658 0.653317 135 136 118
0.174843 -0.051679 0.653590 138 139 120
0.177570 -0.051724 0.654163 138 141 121
0.180422 -0.051804 0.655179 130 132 114
0.183255 -0.051876 0.656095 137 137 118
0.185983 -0.051917 0.656616 133 134 114
0.188788 -0.051977 0.657389 136 137 117
0.191556 -0.052026 0.658014 135 135 116
0.194347 -0.052080 0.658701 130 131 113
0.196891 -0.052068 0.658547 136 136 119
0.199498 -0.052072 0.658601 137 136 119
0.202340 -0.052136 0.659421 133 135 118
0.205232 -0.052212 0.660379 138 139 119
0.208036 -0.052263 0.661035 137 141 122
0.210722 -0.052284 0.661305 135 136 118
0.213344 -0.052289 0.661372 146 145 126
0.216021 -0.052307 0.661602 146 145 126
0.218347 -0.052241 0.660765 147 146 127
0.221116 -0.052281 0.661274 147 146 125
0.223968 -0.052339 0.662016 144 143 122
0.227040 -0.052447 0.663384 156 155 134
0.230180 -0.052567 0.664917 154 153 132
0.233433 -0.052711 0.666739 140 140 125
0.236993 -0.052919 0.669385 114 118 115
0.240949 -0.053210 0.673082 110 109 113
0.245077 -0.053533 0.677174 87 87 84
0.249655 -0.053945 0.682405 44 47 43
0.254730 -0.054455 0.688869 60 62 50
0.259768 -0.054946 0.695101 162 163 144
-0.016405 -0.052339 0.696599 76 68 62
-0.013560 -0.051939 0.691264 99 97 89
-0.010795 -0.051716 0.688299 102 100 92
-0.008052 -0.051493 0.685320 106 103 95
-0.005341 -0.051338 0.683262 108 107 98
-0.002647 -0.051210 0.681558 112 109 101
0.000034 -0.051097 0.680047 124 123 114
0.002704 -0.050996 0.678705 148 145 136
0.005362 -0.050886 0.677245 115 116 102
0.008010 -0.050788 0.675932 97 99 86
0.010655 -0.050726 0.675113 35 37 28
0.013276 -0.050592 0.673328 188 188 178
0.015891 -0.050488 0.671943 93 93 78
0.018478 -0.050335 0.669898 134 132 116
0.021038 -0.050156 0.667515 102 96 88
0.023579 -0.049978 0.665152 90 83 76
0.026109 -0.049813 0.662952 82 75 69
0.028611 -0.049630 0.660514 80 73 69
0.031097 -0.049453 0.658156 75 72 68
0.033571 -0.049285 0.655912 74 71 67
0.036039 -0.049132 0.653871 84 82 75
0.038475 -0.048960 0.651576 96 93 86
0.040931 -0.048833 0.649883 135 129 120
0.043399 -0.048733 0.648558 180 175 166
0.045900 -0.048680 0.647858 239 232 235
0.048404 -0.048635 0.647262 255 254 255
0.050881 -0.048570 0.646394 254 253 255
0.053334 -0.048488 0.645307 255 255 253
0.055803 -0.048428 0.644507 242 242 237
0.058284 -0.048384 0.643918 206 207 197
0.060862 -0.048420 0.644399 198 198 185
0.063373 -0.048401 0.644159 187 186 173
0.065928 -0.048416 0.644363 176 174 159
0.068488 -0.048434 0.644605 159 157 142
0.071022 -0.048433 0.644589 154 152 137
0.073541 -0.048422 0.644448 156 151 138
0.076134 -0.048459 0.644946 158 153 139
0.078685 -0.048468 0.645060 162 157 143
0.081216 -0.048464 0.645010 156 154 138
0.083748 -0.048460 0.644968 156 155 138
0.086292 -0.048464 0.645028 162 160 143
0.088838 -0.048469 0.645091 159 155 137
0.091390 -0.048476 0.645196 163 159 141
0.093924 -0.048474 0.645167 150 146 128
0.096502 -0.048494 0.645436 156 152 134
0.099069 -0.048508 0.645624 152 151 132
0.101577 -0.048492 0.645421 153 152 132
0.104112 -0.048491 0.645403 155 151 131
0.106670 -0.048499 0.645520 154 150 130
0.109190 -0.048491 0.645408 154 150 131
0.111737 -0.048494 0.645458 153 149 131
0.114259 -0.048487 0.645363 149 148 131
0.116840 -0.048504 0.645598 136 135 118
0.119386 -0.048507 0.645634 143 142 123
0.121944 -0.048514 0.645732 149 148 129
0.124489 -0.048516 0.645760 152 148 130
0.127045 -0.048521 0.645840 149 147 129
0.129535 -0.048502 0.645589 154 153 135
0.132119 -0.048519 0.645808 149 148 130
0.134677 -0.048525 0.645892 147 146 127
0.137284 -0.048548 0.646206 142 141 122
0.139900 -0.048573 0.646550 141 140 121
0.142503 -0.048594 0.646823 138 137 118
0.145128 -0.048620 0.647184 141 140 121
0.147748 -0.048644 0.647507 141 140 121
0.150299 -0.048646 0.647526 144 143 126
0.152930 -0.048672 0.647884 145 144 127
0.155517 -0.048684 0.648043 141 140 122
0.158233 -0.048735 0.648728 139 138 119
0.160882 -0.048764 0.649123 143 142 123
0.163572 -0.048805 0.649665 145 144 125
0.166266 -0.048845 0.650210 139 140 120
0.168950 -0.048881 0.650696 141 142 124
0.171643 -0.048919 0.651203 136 138 120
0.174336 -0.048956 0.651694 135 136 119
0.177039 -0.048994 0.652208 137 138 121
0.179871 -0.049066 0.653176 134 135 119
0.182631 -0.049117 0.653859 135 136 118
0.185396 -0.049168 0.654543 135 135 119
0.188152 -0.049215 0.655173 137 137 120
0.190950 -0.049272 0.655935 139 140 122
0.193687 -0.049311 0.656465 140 139 122
0.196238 -0.049304 0.656363 136 137 119
0.198858 -0.049313 0.656488 138 139 121
0.201676 -0.049370 0.657258 140 141 123
0.204483 -0.049423 0.657972 140 141 123
0.207180 -0.049449 0.658315 138 139 121
0.209779 -0.049451 0.658346 138 139 119
0.212498 -0.049481 0.658749 146 143 121
0.215181 -0.049502 0.659032 145 141 120
0.217698 -0.049484 0.658803 145 144 123
0.220487 -0.049528 0.659394 146 142 122
0.223416 -0.049602 0.660385 148 141 119
0.226497 -0.049708 0.661799 158 154 136
0.229811 -0.049862 0.663851 145 139 126
0.233074 -0.050001 0.665713 122 122 120
0.236924 -0.050261 0.669193 99 102 105
0.241114 -0.050587 0.673543 114 115 118
0.245442 -0.050934 0.678181 23 27 24
0.249948 -0.051310 0.683207 58 59 53
0.255104 -0.051810 0.689881 85 89 76
0.259680 -0.052183 0.694865 85 82 73
0.264557 -0.052608 0.700541 67 66 63
-0.016436 -0.049683 0.697933 212 196 182
-0.013568 -0.049237 0.691654 84 79 74
-0.010783 -0.048945 0.687547 102 98 91
-0.008044 -0.048736 0.684611 105 102 94
-0.005333 -0.048570 0.682275 106 104 96
-0.002643 -0.048449 0.680578 110 108 100
0.000034 -0.048344 0.679102 114 112 104
0.002700 -0.048253 0.677819 129 127 118
0.005355 -0.048156 0.676453 141 139 127
0.008000 -0.048059 0.675100 111 113 97
0.010642 -0.048001 0.674278 106 104 95
0.013268 -0.047905 0.672932 31 37 26
0.015885 -0.047815 0.671674 177 182 168
0.018480 -0.047697 0.670003 104 105 92
0.021044 -0.047534 0.667717 133 129 114
0.023599 -0.047391 0.665708 102 97 86
0.026134 -0.047241 0.663594 89 85 77
0.028651 -0.047089 0.661455 80 76 71
0.031123 -0.046893 0.658699 79 76 71
0.033594 -0.046727 0.656367 79 76 71
0.036061 -0.046579 0.654283 83 80 74
0.038479 -0.046391 0.651641 86 83 76
0.040880 -0.046208 0.649070 83 93 81
0.043309 -0.046077 0.647225 104 106 95
0.045786 -0.046007 0.646246 137 132 126
0.048284 -0.045966 0.645663 181 178 177
0.050766 -0.045913 0.644929 248 248 248
0.053210 -0.045834 0.643808 255 254 255
0.055666 -0.045771 0.642926 254 254 253
0.058105 -0.045700 0.641939 254 253 250
0.060598 -0.045676 0.641600 212 210 204
0.063093 -0.045656 0.641315 194 193 182
0.065653 -0.045681 0.641683 183 181 167
0.068205 -0.045700 0.641945 168 166 151
0.070755 -0.045716 0.642172 161 159 144
0.073246 -0.045694 0.641863 153 151 137
0.075826 -0.045727 0.642331 154 150 137
0.078346 -0.045723 0.642280 151 147 134
0.080847 -0.045708 0.642082 150 148 132
0.083346 -0.045694 0.641878 149 148 132
0.085940 -0.045730 0.642398 139 138 121
0.088480 -0.045737 0.642493 146 143 125
0.091026 -0.045746 0.642626 140 136 118
0.093531 -0.045735 0.642471 138 134 116
0.096111 -0.045759 0.642822 140 136 118
0.098641 -0.045760 0.642834 140 139 120
0.101123 -0.045739 0.642539 141 137 118
0.103625 -0.045728 0.642384 142 138 118
0.106205 -0.045750 0.642706 143 139 119
0.108746 -0.045756 0.642784 144 140 120
0.111316 -0.045773 0.643027 143 139 121
0.113864 -0.045780 0.643132 136 135 118
0.116403 -0.045783 0.643186 137 136 119
0.118972 -0.045798 0.643397 132 131 114
0.121482 -0.045790 0.643286 137 136 119
0.124000 -0.045785 0.643222 137 137 120
0.126584 -0.045805 0.643497 139 140 124
0.129120 -0.045806 0.643524 141 142 126
0.131653 -0.045806 0.643531 149 147 130
0.134234 -0.045823 0.643771 150 147 129
0.136802 -0.045835 0.643939 146 145 126
0.139424 -0.045864 0.644352 152 151 132
0.141966 -0.045866 0.644387 148 147 128
0.144513 -0.045870 0.644441 151 150 131
0.147155 -0.045903 0.644913 152 149 131
0.149765 -0.045925 0.645226 151 148 131
0.152337 -0.045935 0.645374 151 149 130
0.154959 -0.045960 0.645722 152 150 130
0.157589 -0.045986 0.646091 150 149 130
0.160278 -0.046028 0.646686 149 148 128
0.162784 -0.046017 0.646535 149 148 128
0.165399 -0.046037 0.646819 146 146 126
0.168048 -0.046065 0.647223 148 148 129
0.170780 -0.046115 0.647930 145 144 126
0.173545 -0.046172 0.648740 138 138 120
0.176218 -0.046204 0.649184 139 139 123
0.178992 -0.046260 0.649987 140 140 124
0.181716 -0.046303 0.650585 138 138 122
0.184418 -0.046338 0.651090 137 137 121
0.187072 -0.046361 0.651414 140 141 122
0.189887 -0.046422 0.652283 140 141 121
0.192674 -0.046475 0.653032 138 137 118
0.195233 -0.046473 0.653002 137 138 118
0.197886 -0.046492 0.653282 137 138 119
0.200703 -0.046549 0.654088 138 138 120
0.203421 -0.046582 0.654553 139 140 122
0.206044 -0.046593 0.654708 135 136 118
0.208582 -0.046584 0.654591 140 139 120
0.211487 -0.046657 0.655615 144 141 118
0.214387 -0.046726 0.656600 142 139 116
0.216980 -0.046728 0.656631 144 140 118
0.219912 -0.046802 0.657675 144 140 118
0.222789 -0.046863 0.658533 155 148 126
0.225969 -0.046985 0.660256 138 135 118
0.229295 -0.047134 0.662361 120 118 118
0.232850 -0.047326 0.665075 99 98 105
0.236984 -0.047630 0.669362 104 107 108
0.241472 -0.047998 0.674545 25 29 27
0.245855 -0.048337 0.679324 54 54 47
0.250399 -0.048700 0.684440 61 61 53
0.255356 -0.049134 0.690565 165 167 156
0.259910 -0.049482 0.695480 14 13 6
0.264177 -0.049770 0.699537 71 69 66
0.268168 -0.050000 0.702784 80 79 72
-0.016472 -0.047027 0.699437 189 165 143
-0.013580 -0.046545 0.692242 138 127 115
-0.010784 -0.046232 0.687585 94 86 78
-0.008042 -0.046016 0.684358 103 99 91
-0.005332 -0.045860 0.682040 105 104 95
-0.002641 -0.045729 0.680090 107 106 97
0.000034 -0.045625 0.678551 110 109 100
0.002697 -0.045526 0.677075 116 115 106
0.005350 -0.045446 0.675884 131 131 119
0.007992 -0.045352 0.674477 146 145 134
0.010631 -0.045293 0.673607 113 106 99
0.013251 -0.045191 0.672092 109 105 97
0.015870 -0.045123 0.671074 19 31 19
0.018473 -0.045033 0.669736 153 160 149
0.021043 -0.044896 0.667707 142 140 123
0.023606 -0.044776 0.665919 120 115 100
0.026150 -0.044648 0.664014 111 105 86
0.028675 -0.044513 0.661995 100 93 79
0.031159 -0.044343 0.659465 90 87 81
0.033628 -0.044180 0.657038 85 82 77
0.036101 -0.044044 0.655017 85 81 76
0.038535 -0.043882 0.652603 85 82 75
0.040921 -0.043690 0.649735 85 78 71
0.043350 -0.043562 0.647832 89 85 77
0.045793 -0.043462 0.646353 99 97 88
0.048248 -0.043384 0.645184 113 114 101
0.050697 -0.043308 0.644054 152 146 141
0.053122 -0.043220 0.642748 202 199 196
0.055559 -0.043149 0.641692 243 242 239
0.057977 -0.043070 0.640523 254 253 254
0.060451 -0.043039 0.640052 255 253 254
0.062921 -0.043006 0.639567 238 235 233
0.065451 -0.043015 0.639705 176 173 162
0.067954 -0.043006 0.639581 174 171 156
0.070502 -0.043026 0.639880 160 158 143
0.072981 -0.043003 0.639541 157 155 140
0.075539 -0.043027 0.639903 153 151 136
0.078040 -0.043018 0.639774 150 149 133
0.080546 -0.043012 0.639691 153 152 134
0.083058 -0.043010 0.639660 154 153 136
0.085646 -0.043046 0.640196 155 153 136
0.088156 -0.043042 0.640137 155 151 133
0.090673 -0.043041 0.640132 152 148 130
0.093202 -0.043046 0.640212 146 142 124
0.095766 -0.043066 0.640519 146 142 124
0.098299 -0.043072 0.640606 145 141 121
0.100780 -0.043056 0.640364 144 140 120
0.103314 -0.043061 0.640454 145 141 121
0.105845 -0.043066 0.640532 145 142 119
0.108367 -0.043067 0.640547 143 139 119
0.110960 -0.043095 0.640968 144 140 120
0.113512 -0.043107 0.641142 149 145 127
0.116049 -0.043112 0.641230 151 148 130
0.118589 -0.043119 0.641327 149 147 130
0.121114 -0.043119 0.641336 135 134 116
0.123633 -0.043117 0.641318 148 147 126
0.126217 -0.043138 0.641632 149 148 127
0.128747 -0.043140 0.641663 149 148 127
0.131278 -0.043142 0.641699 152 148 128
0.133832 -0.043152 0.641845 153 149 129
0.136378 -0.043158 0.641943 150 149 130
0.138982 -0.043183 0.642310 149 148 129
0.141558 -0.043197 0.642536 149 148 129
0.144089 -0.043198 0.642551 150 148 130
0.146705 -0.043224 0.642940 151 147 129
0.149256 -0.043230 0.643036 151 147 129
0.151868 -0.043253 0.643386 150 147 128
0.154410 -0.043256 0.643434 150 148 127
0.157076 -0.043293 0.643987 150 148 129
0.159696 -0.043316 0.644337 149 148 127
0.162246 -0.043321 0.644402 151 148 128
0.164881 -0.043346 0.644792 149 147 128
0.167512 -0.043371 0.645158 150 146 128
0.170207 -0.043411 0.645755 149 145 127
0.172967 -0.043465 0.646577 143 142 125
0.175599 -0.043487 0.646904 137 136 120
0.178327 -0.043532 0.647573 141 141 125
0.181015 -0.043565 0.648077 139 139 123
0.183742 -0.043607 0.648705 139 139 123
0.186381 -0.043627 0.649008 139 139 122
0.189166 -0.043680 0.649806 138 139 119
0.191926 -0.043727 0.650500 132 131 112
0.194394 -0.043706 0.650197 135 135 116
0.196966 -0.043709 0.650244 136 135 117
0.199791 -0.043767 0.651116 135 134 115
0.202488 -0.043796 0.651552 138 137 118
0.205238 -0.043836 0.652148 134 133 114
0.207933 -0.043863 0.652555 137 136 115
0.210857 -0.043937 0.653662 141 138 115
0.213756 -0.044004 0.654667 136 134 112
0.216533 -0.044045 0.655279 137 128 108
0.219492 -0.044121 0.656418 142 123 105
0.222485 -0.044202 0.657636 136 116 99
0.225703 -0.044325 0.659480 123 115 103
0.229205 -0.044501 0.662103 101 103 108
0.232832 -0.044696 0.665024 101 100 106
0.237212 -0.045030 0.670007 21 22 21
0.241761 -0.045388 0.675351 40 44 40
0.246147 -0.045708 0.680130 78 75 67
0.250470 -0.046009 0.684633 102 107 94
0.255297 -0.046396 0.690406 77 79 69
0.259360 -0.046637 0.694011 49 43 35
0.263435 -0.046876 0.697572 81 78 73
0.267169 -0.047049 0.700166 81 80 74
-0.016527 -0.044412 0.701772 187 160 138
-0.013600 -0.043875 0.693261 201 181 159
-0.010785 -0.043521 0.687655 85 78 65
-0.008040 -0.043301 0.684173 98 99 89
-0.005332 -0.043163 0.681994 105 104 95
-0.002640 -0.043020 0.679729 107 106 97
0.000033 -0.042902 0.677854 108 107 98
0.002693 -0.042804 0.676315 113 112 103
0.005344 -0.042725 0.675067 119 119 107
0.007985 -0.042651 0.673901 141 139 130
0.010618 -0.042581 0.672782 144 140 129
0.013236 -0.042490 0.671347 111 107 98
0.015854 -0.042431 0.670411 102 105 94
0.018459 -0.042357 0.669252 27 30 21
0.021041 -0.042255 0.667632 111 115 105
0.023618 -0.042168 0.666269 190 185 170
0.026163 -0.042047 0.664348 123 112 96
0.028695 -0.041929 0.662476 130 120 100
0.031184 -0.041773 0.660008 108 102 87
0.033667 -0.041633 0.657796 100 94 83
0.036138 -0.041499 0.655681 91 86 78
0.038598 -0.041373 0.653679 89 83 75
0.040991 -0.041194 0.650845 89 83 75
0.043406 -0.041056 0.648671 83 77 71
0.045847 -0.040958 0.647116 84 78 74
0.048283 -0.040865 0.645652 90 91 82
0.050710 -0.040775 0.644225 98 99 89
0.053083 -0.040652 0.642276 114 114 103
0.055504 -0.040575 0.641067 156 151 139
0.057902 -0.040489 0.639702 183 179 174
0.060322 -0.040424 0.638681 173 170 168
0.062804 -0.040405 0.638380 228 225 227
0.065318 -0.040407 0.638407 252 249 244
0.067813 -0.040397 0.638259 175 171 157
0.070303 -0.040385 0.638072 175 170 155
0.072760 -0.040355 0.637608 158 156 141
0.075292 -0.040368 0.637816 157 155 139
0.077786 -0.040361 0.637698 156 155 135
0.080294 -0.040360 0.637692 160 156 136
0.082798 -0.040358 0.637659 151 150 131
0.085371 -0.040388 0.638145 154 151 133
0.087895 -0.040394 0.638244 155 151 131
0.090364 -0.040376 0.637958 152 148 129
0.092849 -0.040365 0.637787 149 145 125
0.095397 -0.040381 0.638054 147 143 124
0.097918 -0.040386 0.638126 147 143 123
0.100402 -0.040375 0.637961 146 143 120
0.102915 -0.040376 0.637985 145 142 119
0.105475 -0.040395 0.638290 144 140 120
0.107998 -0.040400 0.638365 143 138 118
0.110579 -0.040425 0.638772 143 138 118
0.113113 -0.040433 0.638893 147 142 122
0.115678 -0.040450 0.639178 147 143 121
0.118205 -0.040455 0.639251 147 143 123
0.120745 -0.040463 0.639386 147 143 123
0.123270 -0.040466 0.639440 140 136 116
0.125828 -0.040480 0.639654 152 148 129
0.128349 -0.040481 0.639682 152 148 129
0.130818 -0.040466 0.639449 152 148 128
0.133351 -0.040472 0.639539 150 149 130
0.135891 -0.040479 0.639654 151 148 130
0.138438 -0.040487 0.639795 151 147 129
0.141010 -0.040503 0.640047 152 148 130
0.143565 -0.040513 0.640215 150 146 128
0.146118 -0.040523 0.640368 149 145 127
0.148688 -0.040536 0.640591 148 144 126
0.151265 -0.040551 0.640832 148 144 124
0.153829 -0.040563 0.641014 149 145 125
0.156414 -0.040579 0.641274 150 146 126
0.159024 -0.040601 0.641628 147 145 124
0.161575 -0.040608 0.641737 149 145 126
0.164210 -0.040635 0.642169 146 142 122
0.166839 -0.040660 0.642569 148 144 124
0.169547 -0.040703 0.643254 149 146 126
0.172183 -0.040727 0.643648 145 145 129
0.174768 -0.040739 0.643846 132 132 116
0.177436 -0.040770 0.644337 137 137 121
0.180179 -0.040817 0.645086 138 138 122
0.182992 -0.040878 0.646058 138 139 121
0.185651 -0.040904 0.646468 139 138 120
0.188408 -0.040950 0.647204 138 136 118
0.191144 -0.040990 0.647849 134 134 113
0.193684 -0.040988 0.647822 133 132 111
0.196117 -0.040964 0.647442 134 133 112
0.198844 -0.041001 0.648030 132 131 110
0.201679 -0.041059 0.648950 133 132 112
0.204566 -0.041126 0.650012 133 131 111
0.207483 -0.041197 0.651143 140 139 118
0.210347 -0.041256 0.652083 133 128 108
0.213335 -0.041337 0.653379 127 113 93
0.216128 -0.041379 0.654053 129 106 88
0.219190 -0.041471 0.655516 119 96 77
0.222236 -0.041559 0.656901 121 108 93
0.225650 -0.041711 0.659325 102 97 91
0.229319 -0.041907 0.662433 92 91 88
0.233152 -0.042128 0.665939 23 23 20
0.237562 -0.042446 0.670996 48 50 44
0.242086 -0.042778 0.676258 45 45 34
0.246169 -0.043026 0.680191 52 50 40
0.250507 -0.043312 0.684735 160 162 151
0.254888 -0.043600 0.689301 7 5 2
0.258839 -0.043809 0.692617 47 46 40
0.262383 -0.043945 0.694786 80 79 71
0.266035 -0.044097 0.697195 84 83 75
-0.046024 -0.043425 0.731885 218 217 200
-0.043120 -0.043399 0.731458 219 216 200
-0.040131 -0.043278 0.729421 219 214 200
-0.037239 -0.043251 0.728959 220 215 199
-0.016597 -0.041815 0.704715 192 163 140
-0.013645 -0.041271 0.695526 186 159 136
-0.010803 -0.040870 0.688739 208 186 169
-0.008045 -0.040627 0.684635 67 65 54
-0.005331 -0.040466 0.681925 102 96 89
-0.002639 -0.040313 0.679347 106 105 96
0.000033 -0.040194 0.677342 106 105 96
0.002690 -0.040095 0.675671 112 111 102
0.005337 -0.040013 0.674280 114 115 103
0.007974 -0.039935 0.672972 121 122 111
0.010605 -0.039876 0.671974 138 138 130
0.013222 -0.039797 0.670649 146 144 133
0.015835 -0.039736 0.669618 106 106 94
0.018441 -0.039676 0.668613 102 105 95
0.021035 -0.039608 0.667470 33 38 28
0.023615 -0.039532 0.666183 65 72 61
0.026172 -0.039437 0.664586 216 212 201
0.028708 -0.039330 0.662770 105 97 81
0.031211 -0.039200 0.660583 152 145 119
0.033695 -0.039068 0.658344 114 107 90
0.036182 -0.038958 0.656489 111 103 91
0.038663 -0.038856 0.654775 103 97 85
0.041070 -0.038698 0.652106 98 91 86
0.043480 -0.038561 0.649793 87 80 77
0.045923 -0.038466 0.648194 82 78 76
0.048355 -0.038373 0.646626 78 78 71
0.050774 -0.038279 0.645039 76 75 69
0.053152 -0.038165 0.643115 73 72 65
0.055561 -0.038083 0.641732 86 87 76
0.057953 -0.037996 0.640268 110 106 93
0.060302 -0.037890 0.638478 174 172 146
0.062693 -0.037817 0.637252 191 184 164
0.065178 -0.037805 0.637040 169 164 146
0.067666 -0.037795 0.636877 194 192 176
0.070132 -0.037773 0.636523 206 202 184
0.072563 -0.037735 0.635885 167 163 147
0.075067 -0.037737 0.635911 157 153 136
0.077559 -0.037732 0.635839 161 156 138
0.080068 -0.037736 0.635900 160 156 137
0.082544 -0.037724 0.635706 154 152 133
0.085113 -0.037754 0.636222 149 148 129
0.087635 -0.037762 0.636359 151 147 127
0.090081 -0.037738 0.635955 154 149 129
0.092547 -0.037723 0.635712 153 148 128
0.095067 -0.037731 0.635849 151 147 125
0.097569 -0.037731 0.635851 148 144 124
0.100024 -0.037714 0.635564 148 144 122
0.102521 -0.037712 0.635541 148 144 121
0.105100 -0.037741 0.636023 147 143 123
0.107658 -0.037760 0.636355 145 140 120
0.110206 -0.037775 0.636616 145 140 120
0.112688 -0.037768 0.636493 148 141 119
0.115276 -0.037795 0.636959 148 141 119
0.117811 -0.037804 0.637120 148 142 121
0.120329 -0.037808 0.637184 152 147 127
0.122846 -0.037811 0.637240 150 145 125
0.125425 -0.037833 0.637611 144 139 119
0.127937 -0.037833 0.637627 146 142 123
0.130362 -0.037809 0.637224 153 149 129
0.132873 -0.037810 0.637246 153 149 131
0.135412 -0.037819 0.637399 151 148 130
0.137967 -0.037832 0.637618 151 147 129
0.140518 -0.037843 0.637814 149 145 127
0.143032 -0.037844 0.637838 148 144 126
0.145660 -0.037875 0.638363 149 145 127
0.148214 -0.037886 0.638549 148 144 126
0.150788 -0.037901 0.638810 147 143 124
0.153325 -0.037907 0.638913 148 144 124
0.155931 -0.037929 0.639297 148 144 124
0.158554 -0.037955 0.639733 147 143 123
0.161110 -0.037964 0.639889 146 142 122
0.163721 -0.037986 0.640260 143 140 118
0.166379 -0.038017 0.640796 145 142 120
0.169077 -0.038057 0.641472 148 144 123
0.171643 -0.038066 0.641631 144 144 124
0.174207 -0.038074 0.641779 140 140 123
0.176859 -0.038102 0.642244 132 132 116
0.179602 -0.038147 0.643019 136 136 120
0.182456 -0.038215 0.644167 137 138 120
0.185130 -0.038243 0.644653 138 137 119
0.187908 -0.038292 0.645485 139 135 117
0.190624 -0.038328 0.646087 134 132 111
0.193212 -0.038337 0.646245 133 132 111
0.195771 -0.038340 0.646299 132 131 110
0.198494 -0.038374 0.646888 134 131 108
0.201346 -0.038433 0.647881 134 131 108
0.204230 -0.038496 0.648946 139 135 115
0.207080 -0.038551 0.649881 119 113 94
0.210055 -0.038627 0.651177 122 106 88
0.213051 -0.038705 0.652510 122 104 84
0.215991 -0.038772 0.653641 147 127 108
0.219097 -0.038866 0.655239 107 95 82
0.222253 -0.038967 0.656950 126 124 113
0.225746 -0.039124 0.659606 73 71 64
0.229582 -0.039336 0.663193 25 27 24
0.233454 -0.039549 0.666801 52 52 48
0.237849 -0.039844 0.671807 49 49 45
0.242237 -0.040132 0.676682 65 59 50
0.246269 -0.040356 0.680468 152 150 140
0.250473 -0.040602 0.684642 24 24 19
0.254701 -0.040848 0.688794 36 34 29
0.258329 -0.040993 0.691252 71 70 63
0.261588 -0.041077 0.692684 79 78 71
0.265091 -0.041197 0.694723 80 79 71
-0.051577 -0.040375 0.728984 220 218 203
-0.048687 -0.040356 0.728641 218 217 200
-0.045739 -0.040284 0.727344 217 216 199
-0.042860 -0.040266 0.727029 217 216 199
-0.039930 -0.040195 0.725754 218 214 198
-0.037046 -0.040163 0.725180 219 214 196
-0.034164 -0.040129 0.724559 219 214 198
-0.031317 -0.040132 0.724623 219 214 197
-0.028464 -0.040127 0.724535 218 213 195
-0.025631 -0.040153 0.725017 218 210 194
-0.022707 -0.040026 0.722712 220 207 190
-0.019747 -0.039790 0.718448 198 168 147
-0.016724 -0.039329 0.710095 196 166 142
-0.013723 -0.038742 0.699477 191 162 139
-0.010840 -0.038280 0.691100 178 152 130
-0.008059 -0.037988 0.685817 195 176 162
-0.005330 -0.037766 0.681793 83 81 71
-0.002637 -0.037601 0.678825 102 101 92
0.000033 -0.037487 0.676754 106 106 96
0.002687 -0.037379 0.674795 109 109 99
0.005329 -0.037294 0.673268 111 112 102
0.007960 -0.037216 0.671853 114 116 104
0.010582 -0.037143 0.670532 117 117 110
0.013197 -0.037078 0.669375 142 141 132
0.015807 -0.037025 0.668416 147 146 135
0.018411 -0.036975 0.667511 107 108 96
0.021008 -0.036924 0.666599 98 102 92
0.023598 -0.036875 0.665705 46 54 43
0.026167 -0.036806 0.664463 19 27 18
0.028717 -0.036725 0.663002 205 201 189
0.031223 -0.036606 0.660842 145 139 119
0.033727 -0.036502 0.658972 148 141 118
0.036205 -0.036388 0.656903 123 116 100
0.038681 -0.036287 0.655084 112 104 91
0.041125 -0.036170 0.652973 108 103 88
0.043578 -0.036075 0.651249 105 99 86
0.046037 -0.035996 0.649813 95 92 85
0.048474 -0.035907 0.648217 82 81 77
0.050897 -0.035818 0.646608 80 78 74
0.053276 -0.035708 0.644620 75 74 68
0.055651 -0.035606 0.642770 68 65 61
0.058019 -0.035508 0.640994 58 64 65
0.060339 -0.035390 0.638867 62 69 58
0.062700 -0.035304 0.637321 100 106 94
0.065122 -0.035259 0.636495 155 156 137
0.067542 -0.035215 0.635709 178 174 151
0.069994 -0.035190 0.635267 180 176 153
0.072422 -0.035156 0.634649 172 169 147
0.074909 -0.035152 0.634571 165 160 142
0.077380 -0.035140 0.634365 161 156 138
0.079866 -0.035136 0.634297 160 155 134
0.082348 -0.035130 0.634198 156 152 130
0.084873 -0.035143 0.634427 156 152 133
0.087378 -0.035146 0.634495 155 150 130
0.089826 -0.035127 0.634161 149 144 124
0.092301 -0.035120 0.634030 150 145 125
0.094809 -0.035125 0.634123 153 148 128
0.097296 -0.035122 0.634075 153 149 126
0.099719 -0.035097 0.633621 151 147 124
0.102220 -0.035100 0.633678 150 146 123
0.104798 -0.035128 0.634198 149 144 122
0.107361 -0.035150 0.634602 148 144 122
0.109886 -0.035159 0.634771 147 142 121
0.112361 -0.035152 0.634646 149 142 120
0.114924 -0.035172 0.635016 148 141 119
0.117423 -0.035172 0.635021 148 141 119
0.119928 -0.035174 0.635059 150 145 124
0.122440 -0.035178 0.635135 150 145 125
0.124979 -0.035189 0.635344 152 147 127
0.127552 -0.035209 0.635710 145 140 120
0.129940 -0.035179 0.635160 143 139 121
0.132410 -0.035171 0.635025 150 146 128
0.134968 -0.035187 0.635309 150 146 128
0.137523 -0.035201 0.635570 148 144 126
0.140028 -0.035202 0.635591 147 143 125
0.142572 -0.035212 0.635790 148 144 126
0.145192 -0.035241 0.636311 147 143 125
0.147809 -0.035268 0.636806 147 143 125
0.150299 -0.035264 0.636742 147 143 124
0.152859 -0.035277 0.636975 146 142 122
0.155450 -0.035296 0.637326 146 142 122
0.158008 -0.035307 0.637529 146 142 122
0.160610 -0.035327 0.637904 146 142 122
0.163243 -0.035354 0.638390 142 139 116
0.165886 -0.035382 0.638897 142 138 115
0.168597 -0.035423 0.639649 141 138 115
0.171175 -0.035436 0.639883 140 137 117
0.173724 -0.035442 0.640001 140 137 118
0.176414 -0.035476 0.640629 132 131 113
0.179102 -0.035509 0.641228 134 133 114
0.181901 -0.035563 0.642207 137 136 117
0.184664 -0.035608 0.643034 138 137 118
0.187461 -0.035659 0.643954 139 135 117
0.190227 -0.035702 0.644741 134 133 112
0.192750 -0.035699 0.644699 133 132 111
0.195410 -0.035722 0.645111 138 136 115
0.198164 -0.035760 0.645815 134 131 108
0.201066 -0.035824 0.646980 129 125 100
0.203954 -0.035884 0.648069 96 92 69
0.206910 -0.035954 0.649346 122 113 93
0.209843 -0.036019 0.650520 140 128 106
0.212956 -0.036112 0.652218 134 123 102
0.216036 -0.036198 0.653776 113 101 79
0.219290 -0.036310 0.655817 152 143 131
0.222538 -0.036419 0.657794 47 48 40
0.226094 -0.036575 0.660624 31 32 28
0.229946 -0.036775 0.664245 44 44 40
0.233825 -0.036974 0.667861 35 35 31
0.238079 -0.037227 0.672457 68 68 64
0.242489 -0.037499 0.677386 121 119 107
0.246318 -0.037676 0.680605 90 90 82
0.250529 -0.037907 0.684798 12 10 6
0.254404 -0.038083 0.687991 68 66 61
0.257719 -0.038173 0.689622 77 76 68
0.260619 -0.038200 0.690118 78 76 68
0.263858 -0.038275 0.691493 73 72 66
-0.051297 -0.037293 0.725025 221 217 202
-0.048424 -0.037277 0.724712 218 217 200
-0.045549 -0.037256 0.724315 217 215 199
-0.042685 -0.037243 0.724066 217 212 197
-0.039821 -0.037227 0.723770 217 212 198
-0.036941 -0.037194 0.723119 217 213 197
-0.034063 -0.037157 0.722414 217 213 197
-0.031212 -0.037146 0.722195 217 212 196
-0.028362 -0.037133 0.721955 216 211 195
-0.025524 -0.037134 0.721974 218 210 194
-0.022660 -0.037095 0.721216 218 208 192
-0.019742 -0.036944 0.718279 209 187 165
-0.013811 -0.036210 0.703972 191 162 140
-0.010895 -0.035728 0.694562 185 158 137
-0.008079 -0.035364 0.687467 157 132 113
-0.005335 -0.035098 0.682274 165 159 145
-0.002636 -0.034904 0.678491 78 79 71
0.000032 -0.034774 0.675959 101 102 92
0.002683 -0.034666 0.673864 106 107 97
0.005320 -0.034581 0.672220 109 110 100
0.007947 -0.034505 0.670730 112 113 104
0.010563 -0.034433 0.669341 114 115 108
0.013172 -0.034372 0.668149 124 121 114
0.015778 -0.034324 0.667219 144 142 133
0.018371 -0.034266 0.666096 152 151 141
0.020974 -0.034238 0.665546 112 114 105
0.023570 -0.034207 0.664943 95 103 92
0.026156 -0.034168 0.664189 72 77 67
0.028719 -0.034109 0.663054 14 19 11
0.031256 -0.034032 0.661549 128 129 121
0.033767 -0.033941 0.659772 232 229 217
0.036248 -0.033834 0.657696 102 93 76
0.038725 -0.033739 0.655838 125 115 99
0.041194 -0.033649 0.654085 114 109 91
0.043658 -0.033565 0.652461 116 112 95
0.046133 -0.033499 0.651170 110 105 96
0.048574 -0.033416 0.649558 102 96 88
0.050998 -0.033331 0.647901 92 88 79
0.053405 -0.033243 0.646185 76 71 65
0.055782 -0.033145 0.644286 73 70 64
0.058151 -0.033051 0.642455 66 63 60
0.060481 -0.032944 0.640377 59 60 60
0.062823 -0.032852 0.638577 46 57 54
0.065215 -0.032792 0.637408 43 50 45
0.067590 -0.032728 0.636165 87 89 80
0.070003 -0.032686 0.635353 155 153 135
0.072402 -0.032641 0.634475 172 167 143
0.074869 -0.032628 0.634239 178 174 150
0.077319 -0.032609 0.633869 182 177 155
0.079777 -0.032595 0.633591 180 173 152
0.082222 -0.032576 0.633229 165 158 133
0.084719 -0.032578 0.633278 159 152 132
0.087189 -0.032570 0.633122 156 151 133
0.089645 -0.032558 0.632885 153 148 130
0.092101 -0.032546 0.632654 151 146 128
0.094574 -0.032540 0.632549 141 136 118
0.097050 -0.032536 0.632476 150 146 126
0.099470 -0.032513 0.632041 151 147 124
0.101944 -0.032510 0.631971 151 147 124
0.104494 -0.032529 0.632360 151 147 124
0.107022 -0.032541 0.632597 152 145 123
0.109544 -0.032551 0.632796 152 145 123
0.112048 -0.032555 0.632878 150 143 121
0.114580 -0.032567 0.633115 150 143 121
0.117082 -0.032570 0.633182 148 142 120
0.119566 -0.032568 0.633146 148 144 121
0.122073 -0.032572 0.633232 149 144 124
0.124615 -0.032585 0.633493 148 143 123
0.127152 -0.032597 0.633719 149 144 124
0.129551 -0.032573 0.633262 149 144 124
0.131983 -0.032558 0.632979 141 137 119
0.134557 -0.032578 0.633374 146 142 124
0.137101 -0.032591 0.633619 148 144 126
0.139580 -0.032587 0.633560 145 141 123
0.142110 -0.032596 0.633728 147 143 124
0.144760 -0.032631 0.634419 148 144 124
0.147348 -0.032651 0.634818 147 143 123
0.149838 -0.032649 0.634788 147 144 122
0.152432 -0.032670 0.635196 147 144 121
0.155033 -0.032691 0.635616 145 142 119
0.157593 -0.032703 0.635855 144 140 120
0.160187 -0.032722 0.636226 142 138 118
0.162794 -0.032743 0.636637 141 137 114
0.165450 -0.032773 0.637220 139 135 112
0.168133 -0.032807 0.637892 139 135 114
0.170720 -0.032821 0.638183 140 136 116
0.173275 -0.032830 0.638345 136 132 110
0.175994 -0.032868 0.639104 130 126 106
0.178683 -0.032900 0.639731 128 124 104
0.181489 -0.032952 0.640752 132 128 106
0.184226 -0.032990 0.641507 137 134 112
0.187037 -0.033041 0.642497 139 136 114
0.189832 -0.033087 0.643404 139 135 115
0.192404 -0.033094 0.643544 133 129 109
0.195124 -0.033126 0.644166 134 130 110
0.197946 -0.033174 0.645105 137 131 109
0.200846 -0.033233 0.646273 138 130 106
0.203806 -0.033301 0.647599 129 121 98
0.206790 -0.033371 0.648970 131 122 99
0.209860 -0.033453 0.650575 140 130 107
0.212992 -0.033542 0.652330 151 143 124
0.216169 -0.033637 0.654180 106 104 88
0.219553 -0.033761 0.656604 25 26 22
0.222936 -0.033882 0.658969 29 31 27
0.226523 -0.034030 0.661877 43 45 39
0.230412 -0.034220 0.665591 32 32 28
0.234226 -0.034395 0.669007 71 71 65
0.238545 -0.034639 0.673773 86 84 77
0.242607 -0.034841 0.677716 135 138 130
0.246358 -0.034994 0.680715 14 13 9
0.250159 -0.035151 0.683785 45 42 37
0.253762 -0.035277 0.686256 70 68 61
0.256824 -0.035327 0.687227 86 85 75
0.259597 -0.035336 0.687411 75 75 65
0.262750 -0.035396 0.688588 59 56 50
-0.054100 -0.034399 0.724376 221 219 204
-0.051163 -0.034340 0.723128 219 217 202
-0.048291 -0.034320 0.722714 218 216 200
-0.045433 -0.034309 0.722477 216 214 199
-0.042578 -0.034297 0.722236 216 214 199
-0.039711 -0.034274 0.721763 218 214 198
-0.036852 -0.034256 0.721381 218 214 198
-0.033959 -0.034199 0.720188 218 214 198
-0.031112 -0.034184 0.719872 217 212 196
-0.028243 -0.034138 0.718911 218 213 197
-0.025425 -0.034151 0.719181 216 211 195
-0.022593 -0.034145 0.719062 217 209 192
-0.019738 -0.034100 0.718125 221 210 195
-0.008116 -0.032796 0.690569 183 152 132
-0.005342 -0.032447 0.683192 152 131 112
-0.002635 -0.032202 0.678016 147 145 129
0.000032 -0.032035 0.674501 88 85 78
0.002676 -0.031925 0.672179 101 101 93
0.005307 -0.031851 0.670612 108 109 100
0.007925 -0.031771 0.668931 110 111 102
0.010533 -0.031700 0.667432 112 112 104
0.013135 -0.031645 0.666284 117 116 108
0.015734 -0.031602 0.665378 124 123 111
0.018328 -0.031561 0.664510 144 142 131
0.020922 -0.031532 0.663916 165 164 153
0.023514 -0.031506 0.663361 119 120 111
0.026099 -0.031477 0.662750 101 101 89
0.028682 -0.031450 0.662188 100 99 90
0.031229 -0.031393 0.660979 26 25 24
0.033766 -0.031334 0.659744 35 44 33
0.036266 -0.031252 0.658021 225 230 211
0.038765 -0.031181 0.656521 174 170 155
0.041248 -0.031106 0.654941 109 99 73
0.043742 -0.031048 0.653709 130 126 97
0.046237 -0.030997 0.652640 100 96 77
0.048703 -0.030932 0.651282 110 105 87
0.051121 -0.030846 0.649466 104 99 85
0.053520 -0.030757 0.647580 92 86 79
0.055936 -0.030685 0.646068 88 82 76
0.058316 -0.030600 0.644284 80 75 72
0.060672 -0.030511 0.642401 66 62 60
0.063018 -0.030424 0.640565 55 56 54
0.065376 -0.030349 0.638982 58 58 57
0.067743 -0.030284 0.637606 52 50 47
0.070095 -0.030217 0.636193 50 51 45
0.072489 -0.030171 0.635238 86 96 82
0.074888 -0.030131 0.634401 134 137 121
0.077299 -0.030098 0.633709 176 172 156
0.079732 -0.030076 0.633234 174 167 144
0.082157 -0.030052 0.632731 170 162 136
0.084620 -0.030042 0.632537 175 168 146
0.087070 -0.030029 0.632260 181 174 151
0.089451 -0.029994 0.631517 171 164 144
0.091887 -0.029978 0.631186 159 154 135
0.094322 -0.029962 0.630869 159 154 134
0.096780 -0.029955 0.630714 150 146 126
0.099192 -0.029934 0.630280 149 144 124
0.101650 -0.029928 0.630146 149 144 124
0.104121 -0.029925 0.630103 150 145 125
0.106657 -0.029941 0.630444 150 145 125
0.109112 -0.029934 0.630298 148 144 123
0.111560 -0.029926 0.630124 150 146 123
0.114143 -0.029953 0.630704 148 145 122
0.116726 -0.029979 0.631254 148 144 121
0.119212 -0.029979 0.631272 147 143 120
0.121669 -0.029973 0.631139 148 143 123
0.124163 -0.029975 0.631196 147 142 122
0.126695 -0.029986 0.631441 147 142 122
0.129098 -0.029968 0.631050 147 142 122
0.131540 -0.029958 0.630854 144 140 120
0.134042 -0.029963 0.630953 141 137 117
0.136638 -0.029987 0.631482 142 138 120
0.139101 -0.029983 0.631386 145 141 120
0.141643 -0.029995 0.631649 146 142 120
0.144174 -0.030004 0.631852 146 142 122
0.146770 -0.030027 0.632331 146 142 122
0.149244 -0.030024 0.632274 148 144 124
0.151789 -0.030035 0.632516 146 142 122
0.154496 -0.030077 0.633416 143 139 119
0.157143 -0.030107 0.634043 142 138 117
0.159683 -0.030115 0.634225 140 136 113
0.162297 -0.030137 0.634691 137 133 110
0.164872 -0.030151 0.634993 136 132 110
0.167579 -0.030188 0.635788 135 130 112
0.170142 -0.030199 0.636020 132 128 109
0.172694 -0.030207 0.636208 131 127 107
0.175449 -0.030251 0.637124 128 124 104
0.178217 -0.030295 0.638062 128 124 104
0.181011 -0.030342 0.639066 128 124 101
0.183747 -0.030378 0.639840 130 127 102
0.186518 -0.030419 0.640712 134 131 108
0.189415 -0.030479 0.641991 144 138 115
0.192038 -0.030495 0.642320 142 137 114
0.194838 -0.030537 0.643222 127 122 103
0.197816 -0.030606 0.644681 130 120 101
0.200780 -0.030671 0.646059 127 117 93
0.203723 -0.030731 0.647336 134 125 99
0.206794 -0.030809 0.648984 151 142 113
0.209908 -0.030890 0.650723 118 116 98
0.213204 -0.030997 0.652979 35 35 27
0.216508 -0.031102 0.655207 31 34 27
0.220057 -0.031239 0.658112 39 40 33
0.223587 -0.031370 0.660893 41 43 38
0.227259 -0.031518 0.664028 41 43 36
0.231030 -0.031676 0.667377 74 73 69
0.234918 -0.031846 0.670984 67 69 60
0.238968 -0.032034 0.674969 142 145 135
0.242821 -0.032192 0.678314 4 4 1
0.246170 -0.032281 0.680195 21 19 19
0.249630 -0.032382 0.682339 66 67 59
0.252926 -0.032460 0.683995 79 77 70
0.255817 -0.032485 0.684533 75 77 66
0.258412 -0.032473 0.684276 78 77 73
0.261674 -0.032543 0.685770 55 51 51
-0.056948 -0.031537 0.724348 221 219 204
-0.053950 -0.031451 0.722362 221 220 204
-0.051032 -0.031404 0.721281 220 218 203
-0.048137 -0.031366 0.720407 218 216 200
-0.045279 -0.031349 0.720018 216 214 199
-0.042419 -0.031328 0.719542 216 214 199
-0.039583 -0.031323 0.719434 219 215 199
-0.036720 -0.031295 0.718794 218 214 198
-0.033855 -0.031260 0.717988 218 214 198
-0.031010 -0.031238 0.717502 218 214 198
-0.028160 -0.031207 0.716793 219 214 198
-0.025344 -0.031210 0.716874 218 213 197
-0.022530 -0.031218 0.717054 218 213 197
-0.019683 -0.031177 0.716112 219 210 197
-0.013944 -0.030942 0.710700 193 163 139
-0.008183 -0.030313 0.696213 184 152 131
-0.005372 -0.029914 0.687020 175 147 125
-0.002642 -0.029603 0.679838 155 135 118
0.000032 -0.029381 0.674719 138 129 120
0.002673 -0.029244 0.671581 87 81 74
0.005300 -0.029165 0.669750 104 103 95
0.007912 -0.029081 0.667813 108 109 100
0.010512 -0.029009 0.666167 111 111 101
0.013107 -0.028954 0.664893 116 114 104
0.015702 -0.028916 0.664032 121 119 108
0.018288 -0.028874 0.663071 126 125 113
0.020883 -0.028856 0.662662 139 139 127
0.023464 -0.028825 0.661955 172 170 161
0.026056 -0.028812 0.661665 122 122 110
0.028640 -0.028793 0.661221 107 106 96
0.031206 -0.028761 0.660497 94 92 84
0.033762 -0.028725 0.659676 43 44 40
0.036273 -0.028660 0.658160 12 18 14
0.038777 -0.028597 0.656731 99 105 95
0.041275 -0.028538 0.655377 249 247 232
0.043765 -0.028481 0.654061 119 114 91
0.046271 -0.028440 0.653127 148 142 120
0.048748 -0.028386 0.651889 122 117 95
0.051194 -0.028321 0.650392 100 95 79
0.053626 -0.028255 0.648862 100 94 85
0.056057 -0.028194 0.647460 93 90 79
0.058429 -0.028110 0.645535 92 81 76
0.060801 -0.028033 0.643766 83 70 67
0.063163 -0.027958 0.642042 73 66 64
0.065549 -0.027899 0.640679 68 61 60
0.067903 -0.027831 0.639112 60 55 53
0.070262 -0.027770 0.637705 55 52 50
0.072621 -0.027713 0.636403 38 45 37
0.075021 -0.027675 0.635529 46 50 44
0.077402 -0.027632 0.634551 55 61 56
0.079792 -0.027596 0.633716 88 93 84
0.082190 -0.027564 0.632982 127 131 113
0.084636 -0.027549 0.632658 169 169 153
0.087068 -0.027531 0.632248 180 172 156
0.089454 -0.027501 0.631540 140 135 113
0.091851 -0.027474 0.630941 129 125 102
0.094274 -0.027457 0.630548 171 166 145
0.096682 -0.027436 0.630078 178 174 153
0.099059 -0.027408 0.629434 173 168 148
0.101476 -0.027392 0.629068 165 159 139
0.103948 -0.027391 0.629054 158 152 133
0.106462 -0.027401 0.629291 151 146 126
0.108927 -0.027399 0.629234 151 145 124
0.111361 -0.027388 0.628999 154 150 127
0.113911 -0.027406 0.629420 153 150 127
0.116456 -0.027422 0.629795 152 148 125
0.118915 -0.027418 0.629700 151 147 124
0.121389 -0.027417 0.629687 150 145 124
0.123882 -0.027420 0.629768 149 144 123
0.126395 -0.027428 0.629947 150 145 124
0.128838 -0.027420 0.629779 152 147 127
0.131285 -0.027414 0.629634 146 141 121
0.133767 -0.027415 0.629660 148 144 124
0.136305 -0.027427 0.629941 142 138 119
0.138771 -0.027424 0.629888 141 137 117
0.141253 -0.027425 0.629909 146 142 122
0.143790 -0.027436 0.630172 148 144 124
0.146356 -0.027452 0.630545 147 143 123
0.148889 -0.027462 0.630772 150 146 126
0.151410 -0.027469 0.630938 147 143 123
0.154133 -0.027511 0.631925 148 144 124
0.156761 -0.027536 0.632503 143 139 119
0.159258 -0.027537 0.632539 140 136 116
0.161850 -0.027555 0.632944 141 137 115
0.164469 -0.027576 0.633442 136 132 109
0.167179 -0.027612 0.634274 134 129 109
0.169796 -0.027631 0.634730 129 125 106
0.172414 -0.027650 0.635175 125 121 100
0.175177 -0.027692 0.636138 125 122 101
0.177885 -0.027723 0.636876 127 123 102
0.180694 -0.027770 0.637946 129 124 100
0.183460 -0.027808 0.638841 131 125 100
0.186359 -0.027865 0.640169 129 122 98
0.189305 -0.027928 0.641619 136 127 104
0.192036 -0.027958 0.642311 132 124 101
0.194862 -0.028000 0.643302 124 116 92
0.197947 -0.028078 0.645109 124 115 90
0.200913 -0.028138 0.646489 123 115 92
0.203861 -0.028193 0.647774 105 98 81
0.206923 -0.028263 0.649389 45 41 34
0.210199 -0.028360 0.651626 26 27 22
0.213615 -0.028473 0.654240 40 39 35
0.217032 -0.028583 0.656791 43 43 39
0.220576 -0.028707 0.659664 34 34 28
0.224196 -0.028838 0.662695 68 68 60
0.227695 -0.028951 0.665301 50 52 43
0.231469 -0.029095 0.668644 82 86 79
0.235176 -0.029228 0.671721 147 147 145
0.239020 -0.029375 0.675116 3 3 3
0.242471 -0.029471 0.677337 12 9 7
0.245668 -0.029535 0.678810 58 57 52
0.248768 -0.029585 0.679984 65 65 58
0.251877 -0.029636 0.681158 80 79 72
0.254696 -0.029652 0.681534 70 73 60
0.257545 -0.029671 0.681980 56 54 51
0.260685 -0.029723 0.683178 53 49 48
-0.056736 -0.028571 0.721656 222 222 206
-0.053780 -0.028509 0.720085 220 220 204
-0.050880 -0.028471 0.719127 220 218 203
-0.048003 -0.028442 0.718403 219 217 202
-0.045138 -0.028416 0.717767 219 217 202
-0.042293 -0.028402 0.717400 216 214 199
-0.039444 -0.028382 0.716900 217 215 200
-0.036595 -0.028359 0.716333 217 214 199
-0.033730 -0.028319 0.715320 218 213 199
-0.030915 -0.028318 0.715298 218 214 198
-0.028068 -0.028284 0.714440 219 214 198
-0.025255 -0.028281 0.714367 218 213 197
-0.022444 -0.028278 0.714311 219 214 198
-0.019630 -0.028272 0.714175 218 210 195
-0.016783 -0.028208 0.712557 218 209 194
-0.013942 -0.028130 0.710584 192 166 144
-0.002654 -0.027041 0.682965 170 141 117
0.000032 -0.026769 0.676054 164 147 126
0.002671 -0.026572 0.671064 127 124 110
0.005288 -0.026459 0.668209 88 82 75
0.007891 -0.026377 0.666131 106 105 95
0.010489 -0.026320 0.664686 109 110 100
0.013082 -0.026277 0.663607 113 112 103
0.015676 -0.026249 0.662911 116 114 103
0.018254 -0.026208 0.661877 117 116 103
0.020836 -0.026181 0.661187 121 122 109
0.023410 -0.026151 0.660438 130 131 119
0.025995 -0.026139 0.660123 175 175 163
0.028578 -0.026125 0.659796 154 152 141
0.031152 -0.026108 0.659347 116 110 103
0.033725 -0.026092 0.658954 103 101 89
0.036268 -0.026057 0.658071 92 91 80
0.038801 -0.026019 0.657127 17 21 16
0.041311 -0.025972 0.655940 17 21 13
0.043814 -0.025927 0.654791 176 180 165
0.046306 -0.025880 0.653621 237 232 218
0.048813 -0.025847 0.652765 109 104 83
0.051254 -0.025783 0.651161 158 150 131
0.053700 -0.025728 0.649761 107 101 85
0.056132 -0.025671 0.648337 96 91 74
0.058544 -0.025611 0.646806 103 97 85
0.060915 -0.025538 0.644973 100 90 84
0.063317 -0.025484 0.643606 87 79 73
0.065730 -0.025438 0.642449 78 71 66
0.068101 -0.025380 0.640982 77 70 66
0.070439 -0.025315 0.639320 67 60 59
0.072789 -0.025258 0.637874 62 60 57
0.075196 -0.025224 0.637016 53 53 49
0.077558 -0.025177 0.635835 51 52 54
0.079869 -0.025117 0.634330 45 47 49
0.082250 -0.025082 0.633453 46 49 47
0.084642 -0.025053 0.632706 51 52 55
0.087051 -0.025030 0.632128 75 81 79
0.089434 -0.025001 0.631402 107 110 99
0.091858 -0.024985 0.630992 146 141 130
0.094276 -0.024968 0.630564 172 163 153
0.096666 -0.024944 0.629975 166 157 139
0.099002 -0.024908 0.629075 145 136 118
0.101401 -0.024890 0.628608 146 135 117
0.103851 -0.024884 0.628469 162 151 133
0.106347 -0.024890 0.628614 158 150 133
0.108835 -0.024893 0.628702 173 167 143
0.111281 -0.024887 0.628552 176 172 149
0.113777 -0.024891 0.628680 184 181 158
0.116273 -0.024896 0.628810 182 178 155
0.118731 -0.024893 0.628729 171 167 144
0.121214 -0.024895 0.628780 162 158 135
0.123704 -0.024898 0.628865 153 149 126
0.126202 -0.024902 0.628987 153 149 126
0.128656 -0.024898 0.628891 147 142 122
0.131123 -0.024897 0.628856 146 142 122
0.133586 -0.024895 0.628810 146 141 121
0.136116 -0.024905 0.629072 147 142 122
0.138558 -0.024899 0.628923 146 141 121
0.141017 -0.024896 0.628857 142 138 118
0.143522 -0.024901 0.628996 147 143 123
0.146095 -0.024918 0.629423 149 145 125
0.148609 -0.024924 0.629583 148 144 124
0.151218 -0.024945 0.630138 147 143 123
0.153878 -0.024974 0.630884 144 140 120
0.156515 -0.024999 0.631509 140 136 116
0.158995 -0.024998 0.631494 136 132 112
0.161560 -0.025010 0.631811 134 130 110
0.164196 -0.025033 0.632394 136 131 109
0.166963 -0.025074 0.633455 132 128 106
0.169562 -0.025090 0.633855 130 125 105
0.172236 -0.025116 0.634520 125 121 98
0.175052 -0.025162 0.635686 120 117 94
0.177808 -0.025197 0.636598 125 121 98
0.180504 -0.025224 0.637277 132 125 100
0.183331 -0.025267 0.638392 130 122 97
0.186294 -0.025328 0.639946 130 120 96
0.189292 -0.025392 0.641577 127 117 93
0.192036 -0.025421 0.642313 121 114 86
0.194966 -0.025473 0.643646 122 115 95
0.197989 -0.025536 0.645245 85 80 61
0.201045 -0.025601 0.646914 32 30 22
0.203996 -0.025652 0.648206 35 33 27
0.207242 -0.025738 0.650390 43 41 35
0.210638 -0.025840 0.652987 44 41 36
0.214193 -0.025958 0.656008 41 39 35
0.217546 -0.026050 0.658348 25 25 21
0.221018 -0.026154 0.660988 67 68 61
0.224521 -0.026259 0.663655 57 58 49
0.228065 -0.026366 0.666384 106 108 97
0.231699 -0.026481 0.669309 122 124 112
0.235277 -0.026587 0.672011 3 1 3
0.238822 -0.026687 0.674557 12 11 15
0.242164 -0.026762 0.676479 71 67 65
0.245070 -0.026789 0.677157 67 66 60
0.248120 -0.026830 0.678213 83 82 75
0.251064 -0.026859 0.678961 73 72 65
0.253921 -0.026879 0.679461 63 62 59
0.256647 -0.026884 0.679602 55 52 50
-0.059184 -0.025553 0.716927 221 221 207
-0.056556 -0.025639 0.719364 231 231 217
-0.053631 -0.025594 0.718082 223 223 209
-0.050689 -0.025534 0.716419 219 219 203
-0.047810 -0.025502 0.715501 221 219 204
-0.044964 -0.025483 0.714996 219 217 202
-0.042119 -0.025464 0.714451 218 216 201
-0.039277 -0.025443 0.713859 218 216 201
-0.036445 -0.025426 0.713394 219 216 201
-0.033610 -0.025404 0.712773 220 216 202
-0.030799 -0.025397 0.712608 218 214 198
-0.027977 -0.025380 0.712110 218 214 198
-0.025170 -0.025373 0.711945 217 213 197
-0.022373 -0.025377 0.712042 217 212 196
-0.019564 -0.025367 0.711765 219 211 196
-0.016748 -0.025341 0.711045 216 209 194
-0.013923 -0.025289 0.709597 220 204 187
-0.008263 -0.025056 0.703021 187 156 134
-0.005449 -0.024834 0.696768 181 150 129
-0.002679 -0.024567 0.689245 172 142 119
0.000032 -0.024287 0.681370 160 137 110
0.002684 -0.024045 0.674538 156 138 119
0.005298 -0.023865 0.669480 134 125 114
0.007891 -0.023746 0.666120 89 80 73
0.010479 -0.023674 0.664088 105 105 95
0.013065 -0.023626 0.662742 109 109 97
0.015654 -0.023600 0.662020 114 112 101
0.018224 -0.023555 0.660774 117 115 104
0.020800 -0.023530 0.660063 118 116 105
0.023363 -0.023496 0.659104 121 121 109
0.025934 -0.023476 0.658562 126 126 114
0.028499 -0.023456 0.657990 156 155 143
0.031066 -0.023439 0.657538 173 168 158
0.033631 -0.023425 0.657132 123 118 104
0.036197 -0.023413 0.656795 106 101 86
0.038748 -0.023393 0.656234 94 93 78
0.041286 -0.023368 0.655552 42 42 34
0.043812 -0.023340 0.654763 18 20 15
0.046318 -0.023305 0.653791 36 38 32
0.048812 -0.023268 0.652750 219 219 208
0.051278 -0.023222 0.651470 213 206 186
0.053730 -0.023175 0.650127 120 103 80
0.056170 -0.023126 0.648773 155 143 125
0.058586 -0.023073 0.647273 93 88 71
0.060986 -0.023018 0.645728 97 91 78
0.063408 -0.022975 0.644534 99 93 82
0.065841 -0.022940 0.643536 85 78 71
0.068220 -0.022889 0.642104 82 75 68
0.070581 -0.022836 0.640610 73 66 61
0.072931 -0.022783 0.639125 70 65 58
0.075330 -0.022748 0.638153 68 61 55
0.077696 -0.022706 0.636969 73 63 57
0.080011 -0.022652 0.635456 67 59 54
0.082398 -0.022621 0.634594 52 47 45
0.084795 -0.022595 0.633851 58 52 51
0.087184 -0.022568 0.633095 31 28 28
0.089581 -0.022544 0.632435 34 32 33
0.091985 -0.022524 0.631866 38 39 38
0.094400 -0.022507 0.631391 35 43 50
0.096755 -0.022477 0.630558 67 70 75
0.099070 -0.022439 0.629505 92 97 89
0.101456 -0.022419 0.628951 130 126 112
0.103903 -0.022413 0.628788 168 165 149
0.106374 -0.022413 0.628773 195 190 175
0.108864 -0.022416 0.628869 199 192 173
0.111311 -0.022410 0.628720 186 179 158
0.113754 -0.022404 0.628555 160 161 139
0.116223 -0.022403 0.628537 139 138 116
0.118638 -0.022392 0.628234 144 140 117
0.121130 -0.022396 0.628347 139 134 111
0.123618 -0.022399 0.628428 140 135 112
0.126087 -0.022398 0.628415 146 140 118
0.128557 -0.022398 0.628408 147 141 119
0.131036 -0.022398 0.628440 148 145 122
0.133482 -0.022394 0.628321 145 141 118
0.135957 -0.022394 0.628336 149 145 120
0.138391 -0.022388 0.628166 150 143 121
0.140824 -0.022382 0.627997 150 146 124
0.143325 -0.022386 0.628135 147 143 124
0.145877 -0.022399 0.628485 144 140 124
0.148420 -0.022409 0.628785 141 137 120
0.151015 -0.022427 0.629292 137 133 115
0.153646 -0.022449 0.629933 136 132 114
0.156254 -0.022468 0.630459 128 127 108
0.158717 -0.022465 0.630392 126 125 106
0.161291 -0.022478 0.630760 132 125 101
0.163972 -0.022505 0.631530 132 128 106
0.166722 -0.022540 0.632538 129 125 104
0.169412 -0.022567 0.633295 129 126 103
0.172082 -0.022590 0.633956 142 137 112
0.174885 -0.022630 0.635078 144 140 118
0.177667 -0.022665 0.636094 146 142 120
0.180445 -0.022700 0.637071 137 130 105
0.183317 -0.022745 0.638347 136 128 107
0.186335 -0.022806 0.640086 131 124 104
0.189349 -0.022865 0.641770 113 104 90
0.192264 -0.022911 0.643077 65 62 48
0.195245 -0.022964 0.644566 29 27 25
0.198308 -0.023025 0.646287 30 27 26
0.201335 -0.023080 0.647848 42 40 35
0.204407 -0.023138 0.649512 43 39 35
0.207735 -0.023224 0.651937 44 40 38
0.211200 -0.023323 0.654731 37 33 31
0.214715 -0.023424 0.657607 43 39 37
0.218048 -0.023504 0.659867 72 69 64
0.221428 -0.023587 0.662214 52 58 47
0.224872 -0.023675 0.664694 130 130 115
0.228203 -0.023749 0.666787 89 93 83
0.231752 -0.023843 0.669464 3 4 4
0.235041 -0.023909 0.671336 7 10 12
0.238398 -0.023980 0.673359 52 53 53
0.241508 -0.024026 0.674647 63 65 58
0.244480 -0.024057 0.675529 81 83 74
0.247519 -0.024094 0.676572 78 78 71
0.250647 -0.024138 0.677835 62 61 54
0.253565 -0.024162 0.678509 60 59 53
-0.059058 -0.022674 0.715397 223 223 210
-0.056351 -0.022716 0.716756 237 236 222
-0.053386 -0.022654 0.714796 223 223 209
-0.050453 -0.022600 0.713077 222 222 208
-0.047584 -0.022569 0.712116 220 218 203
-0.044734 -0.022544 0.711336 220 218 203
-0.041912 -0.022531 0.710925 218 216 201
-0.039081 -0.022511 0.710296 218 216 201
-0.036270 -0.022500 0.709960 217 215 200
-0.033449 -0.022481 0.709359 218 214 200
-0.030662 -0.022483 0.709421 218 213 199
-0.027846 -0.022463 0.708787 218 214 198
-0.025060 -0.022463 0.708823 216 212 196
-0.022268 -0.022460 0.708716 216 211 195
-0.019482 -0.022461 0.708750 218 212 195
-0.016684 -0.022447 0.708318 216 208 192
-0.013887 -0.022429 0.707777 216 207 190
-0.011093 -0.022408 0.707092 203 182 162
-0.008276 -0.022312 0.704057 187 157 135
0.000031 -0.021786 0.687386 170 142 117
0.002706 -0.021556 0.680103 160 130 107
0.005326 -0.021334 0.673071 146 129 112
0.007905 -0.021152 0.667282 150 138 125
0.010473 -0.021040 0.663726 84 78 69
0.013049 -0.020983 0.661948 103 102 93
0.015632 -0.020956 0.661088 110 108 97
0.018197 -0.020915 0.659802 113 112 100
0.020761 -0.020885 0.658835 115 114 102
0.023316 -0.020852 0.657808 116 116 104
0.025885 -0.020837 0.657332 121 121 109
0.028439 -0.020813 0.656598 124 123 111
0.030992 -0.020794 0.655980 142 141 131
0.033547 -0.020778 0.655492 189 184 170
0.036100 -0.020763 0.655030 148 143 130
0.038658 -0.020753 0.654725 109 106 97
0.041204 -0.020738 0.654249 97 98 83
0.043749 -0.020725 0.653827 86 83 75
0.046300 -0.020716 0.653546 25 20 16
0.048821 -0.020694 0.652874 19 19 16
0.051286 -0.020653 0.651567 46 47 39
0.053741 -0.020611 0.650264 222 216 202
0.056174 -0.020566 0.648825 189 182 164
0.058608 -0.020524 0.647518 107 96 80
0.060986 -0.020468 0.645732 125 113 98
0.063440 -0.020440 0.644860 95 85 74
0.065873 -0.020408 0.643850 91 85 74
0.068287 -0.020373 0.642738 90 85 75
0.070654 -0.020327 0.641270 86 80 73
0.073048 -0.020291 0.640147 76 73 60
0.075438 -0.020257 0.639067 77 71 61
0.077839 -0.020227 0.638140 74 67 57
0.080169 -0.020182 0.636717 73 63 56
0.082559 -0.020154 0.635833 70 64 53
0.084994 -0.020138 0.635338 68 63 52
0.087410 -0.020119 0.634740 80 74 65
0.089794 -0.020094 0.633943 69 62 57
0.092183 -0.020071 0.633222 73 66 61
0.094572 -0.020049 0.632545 52 47 48
0.096953 -0.020027 0.631846 43 36 40
0.099234 -0.019986 0.630553 31 27 30
0.101624 -0.019968 0.629994 36 34 37
0.104074 -0.019963 0.629820 47 46 45
0.106513 -0.019955 0.629597 42 44 39
0.108997 -0.019957 0.629640 56 56 49
0.111420 -0.019947 0.629336 80 77 63
0.113865 -0.019941 0.629170 107 110 92
0.116287 -0.019932 0.628885 121 122 103
0.118668 -0.019916 0.628396 139 138 119
0.121140 -0.019916 0.628396 173 172 152
0.123636 -0.019920 0.628518 186 184 163
0.126108 -0.019920 0.628520 193 189 166
0.128580 -0.019919 0.628519 184 182 161
0.131040 -0.019917 0.628461 178 177 156
0.133473 -0.019911 0.628278 171 169 148
0.135904 -0.019905 0.628094 170 166 143
0.138325 -0.019898 0.627867 164 159 138
0.140768 -0.019894 0.627750 162 157 137
0.143271 -0.019898 0.627899 155 151 133
0.145849 -0.019913 0.628364 147 150 132
0.148419 -0.019926 0.628783 137 135 119
0.150973 -0.019936 0.629117 134 129 114
0.153574 -0.019952 0.629638 150 150 133
0.156141 -0.019963 0.630003 141 144 127
0.158650 -0.019967 0.630123 138 141 125
0.161260 -0.019983 0.630641 127 122 102
0.163943 -0.020007 0.631420 106 109 92
0.166707 -0.020041 0.632483 95 99 85
0.169448 -0.020070 0.633429 88 91 82
0.172184 -0.020098 0.634332 65 67 57
0.174859 -0.020119 0.634984 71 69 60
0.177760 -0.020164 0.636430 84 83 73
0.180644 -0.020206 0.637773 86 87 74
0.183652 -0.020260 0.639513 57 57 48
0.186654 -0.020313 0.641183 31 30 23
0.189721 -0.020371 0.643032 51 48 45
0.192590 -0.020406 0.644166 45 42 38
0.195593 -0.020455 0.645715 49 46 41
0.198669 -0.020509 0.647465 43 40 35
0.201937 -0.020582 0.649784 43 40 35
0.205083 -0.020641 0.651660 39 35 31
0.208468 -0.020722 0.654240 24 20 16
0.211928 -0.020808 0.656988 73 71 62
0.215295 -0.020883 0.659384 57 54 46
0.218363 -0.020928 0.660821 71 68 57
0.221716 -0.020999 0.663074 154 152 146
0.225116 -0.021072 0.665415 37 35 31
0.228512 -0.021144 0.667690 7 6 5
0.231842 -0.021207 0.669723 7 7 5
0.234997 -0.021254 0.671210 50 51 49
0.237979 -0.021284 0.672177 58 65 55
0.240828 -0.021302 0.672749 76 79 70
0.243444 -0.021299 0.672666 74 75 66
0.246404 -0.021326 0.673524 67 67 60
0.249533 -0.021366 0.674822 62 61 54
0.252674 -0.021407 0.676124 59 58 52
-0.058835 -0.019774 0.712684 221 221 208
-0.056119 -0.019804 0.713795 240 239 225
-0.053169 -0.019751 0.711887 227 227 213
-0.050279 -0.019716 0.710623 223 223 209
-0.047412 -0.019686 0.709549 220 218 205
-0.044589 -0.019672 0.709031 221 219 204
-0.041771 -0.019658 0.708543 218 216 201
-0.038950 -0.019640 0.707912 217 215 200
-0.036140 -0.019626 0.707407 216 214 199
-0.033336 -0.019613 0.706950 217 213 199
-0.030555 -0.019613 0.706942 218 213 199
-0.027759 -0.019602 0.706565 218 214 198
-0.024983 -0.019604 0.706657 216 212 196
-0.022203 -0.019603 0.706629 216 211 195
-0.019419 -0.019598 0.706451 215 210 192
-0.016639 -0.019597 0.706404 216 208 191
-0.013852 -0.019584 0.705947 216 206 189
-0.011084 -0.019599 0.706502 219 208 189
-0.008291 -0.019565 0.705298 181 152 132
-0.005493 -0.019484 0.702342 185 154 133
-0.002714 -0.019363 0.697970 182 148 126
0.000031 -0.019210 0.692420 174 142 119
0.002728 -0.019024 0.685689 170 137 114
0.005372 -0.018837 0.678900 159 127 109
0.007957 -0.018639 0.671728 134 113 96
0.010512 -0.018487 0.666222 168 161 149
0.013070 -0.018399 0.663050 76 71 62
0.015645 -0.018361 0.661660 106 101 91
0.018198 -0.018312 0.659874 111 109 98
0.020758 -0.018280 0.658737 112 112 100
0.023304 -0.018245 0.657462 114 114 102
0.025861 -0.018224 0.656733 118 118 106
0.028411 -0.018203 0.655954 120 120 108
0.030952 -0.018180 0.655142 123 123 109
0.033492 -0.018160 0.654423 139 134 120
0.036034 -0.018144 0.653841 172 169 157
0.038578 -0.018131 0.653376 195 190 180
0.041125 -0.018120 0.653008 123 117 106
0.043662 -0.018107 0.652534 108 108 93
0.046231 -0.018107 0.652566 95 95 80
0.048786 -0.018103 0.652413 76 74 73
0.051295 -0.018083 0.651682 18 17 12
0.053739 -0.018043 0.650244 18 19 17
0.056210 -0.018015 0.649240 54 51 45
0.058671 -0.017987 0.648217 197 195 184
0.061042 -0.017934 0.646326 187 184 155
0.063454 -0.017898 0.645007 104 94 66
0.065891 -0.017870 0.644024 111 103 85
0.068311 -0.017841 0.642967 103 97 83
0.070697 -0.017805 0.641670 85 82 67
0.073091 -0.017773 0.640532 74 74 59
0.075524 -0.017753 0.639795 84 76 65
0.077961 -0.017735 0.639144 81 75 63
0.080306 -0.017698 0.637805 75 69 57
0.082685 -0.017670 0.636808 73 68 56
0.085144 -0.017660 0.636463 72 65 54
0.087569 -0.017644 0.635896 71 65 55
0.089994 -0.017629 0.635359 72 66 56
0.092384 -0.017608 0.634607 75 66 57
0.094801 -0.017594 0.634080 78 67 59
0.097231 -0.017582 0.633661 78 67 59
0.099551 -0.017551 0.632568 81 69 62
0.101910 -0.017529 0.631767 86 71 67
0.104374 -0.017525 0.631637 62 54 49
0.106774 -0.017511 0.631139 48 44 37
0.109264 -0.017512 0.631187 32 30 22
0.111651 -0.017497 0.630642 37 37 29
0.114088 -0.017490 0.630402 33 32 29
0.116497 -0.017480 0.630021 32 32 32
0.118875 -0.017465 0.629493 38 38 38
0.121320 -0.017460 0.629331 37 38 36
0.123805 -0.017461 0.629382 45 47 45
0.126269 -0.017460 0.629325 60 62 57
0.128753 -0.017460 0.629365 78 81 70
0.131185 -0.017455 0.629158 79 80 69
0.133605 -0.017447 0.628900 84 84 73
0.136034 -0.017441 0.628693 84 84 75
0.138486 -0.017438 0.628598 89 87 77
0.140933 -0.017435 0.628485 88 87 76
0.143453 -0.017441 0.628697 88 88 77
0.146016 -0.017451 0.629083 76 84 76
0.148580 -0.017461 0.629463 72 77 72
0.151083 -0.017464 0.629579 70 76 69
0.153660 -0.017475 0.629991 68 71 68
0.156222 -0.017484 0.630331 51 57 54
0.158780 -0.017493 0.630644 46 51 50
0.161410 -0.017509 0.631228 41 41 34
0.164094 -0.017530 0.632001 31 36 31
0.166831 -0.017556 0.632956 25 32 31
0.169582 -0.017582 0.633931 20 26 29
0.172349 -0.017610 0.634939 24 27 26
0.175066 -0.017632 0.635737 36 30 32
0.178024 -0.017676 0.637373 50 43 45
0.181043 -0.017726 0.639181 59 51 53
0.184011 -0.017769 0.640763 60 52 51
0.187093 -0.017822 0.642691 54 48 44
0.190135 -0.017870 0.644435 42 41 35
0.193077 -0.017907 0.645796 46 46 39
0.196091 -0.017950 0.647362 44 43 37
0.199194 -0.017999 0.649175 38 36 31
0.202489 -0.018065 0.651561 28 25 20
0.205721 -0.018123 0.653688 82 79 74
0.209032 -0.018187 0.656011 83 80 74
0.212452 -0.018258 0.658612 57 55 42
0.215658 -0.018310 0.660497 122 120 108
0.218646 -0.018342 0.661678 126 124 113
0.221799 -0.018387 0.663324 6 6 5
0.225345 -0.018463 0.666092 11 9 12
0.228594 -0.018513 0.667930 12 10 10
0.231697 -0.018551 0.669306 50 50 46
0.234622 -0.018574 0.670141 58 58 52
0.237527 -0.018594 0.670901 78 84 77
0.240265 -0.018602 0.671176 73 76 67
0.242775 -0.018592 0.670819 68 67 61
0.245562 -0.018602 0.671224 61 60 54
0.248565 -0.018629 0.672206 61 60 54
0.251746 -0.018668 0.673642 58 55 53
-0.055864 -0.016908 0.710545 232 232 218
-0.052969 -0.016877 0.709213 225 225 211
-0.050111 -0.016853 0.708237 220 220 206
-0.047282 -0.016838 0.707591 220 218 203
-0.044440 -0.016815 0.706656 220 218 203
-0.041626 -0.016801 0.706069 219 217 202
-0.038800 -0.016780 0.705185 216 214 199
-0.035998 -0.016767 0.704622 216 214 199
-0.033188 -0.016747 0.703807 216 214 199
-0.030423 -0.016749 0.703900 217 212 198
-0.027648 -0.016745 0.703735 216 212 196
-0.024887 -0.016749 0.703932 215 211 195
-0.022107 -0.016740 0.703553 214 209 193
-0.019333 -0.016735 0.703327 213 208 192
-0.016567 -0.016735 0.703349 216 208 191
-0.013805 -0.016740 0.703572 215 208 191
-0.011046 -0.016751 0.704065 215 208 189
-0.008268 -0.016733 0.703326 217 204 184
-0.005491 -0.016702 0.701997 183 151 126
-0.002718 -0.016631 0.698995 180 149 128
0.000031 -0.016523 0.694428 178 145 123
0.002742 -0.016399 0.689211 173 140 120
0.005406 -0.016259 0.683273 166 134 115
0.008013 -0.016099 0.676503 160 129 109
0.010570 -0.015943 0.669918 114 98 79
0.013104 -0.015822 0.664797 181 172 163
0.015659 -0.015762 0.662249 71 65 55
0.018208 -0.015714 0.660235 99 98 86
0.020762 -0.015681 0.658860 108 107 95
0.023304 -0.015648 0.657460 113 111 102
0.025856 -0.015628 0.656617 117 114 106
0.028393 -0.015602 0.655548 119 116 108
0.030919 -0.015576 0.654446 121 119 106
0.033452 -0.015557 0.653648 123 122 108
0.035989 -0.015542 0.653030 126 126 112
0.038515 -0.015525 0.652311 144 145 132
0.041043 -0.015511 0.651704 186 181 169
0.043558 -0.015493 0.650979 171 169 158
0.046103 -0.015488 0.650761 113 111 99
0.048681 -0.015493 0.651008 103 99 88
0.051251 -0.015496 0.651128 92 89 81
0.053761 -0.015481 0.650508 53 52 50
0.056251 -0.015462 0.649723 16 14 13
0.058728 -0.015442 0.648852 13 15 16
0.061132 -0.015404 0.647288 34 35 26
0.063558 -0.015375 0.646063 158 159 148
0.065980 -0.015347 0.644896 199 196 184
0.068410 -0.015324 0.643893 127 120 102
0.070784 -0.015290 0.642461 99 91 69
0.073191 -0.015264 0.641409 118 112 93
0.075571 -0.015236 0.640196 97 92 75
0.077982 -0.015215 0.639321 66 61 46
0.080345 -0.015186 0.638112 68 63 50
0.082766 -0.015170 0.637431 71 66 54
0.085238 -0.015163 0.637170 68 63 52
0.087699 -0.015155 0.636838 71 65 55
0.090193 -0.015153 0.636764 69 63 53
0.092657 -0.015146 0.636482 67 61 50
0.095076 -0.015133 0.635922 68 62 52
0.097479 -0.015118 0.635281 70 64 54
0.099853 -0.015099 0.634486 74 65 54
0.102293 -0.015090 0.634142 75 64 54
0.104770 -0.015087 0.634037 76 65 55
0.107207 -0.015079 0.633699 82 70 62
0.109633 -0.015070 0.633314 78 65 60
0.112007 -0.015054 0.632655 81 68 63
0.114426 -0.015045 0.632272 84 74 70
0.116818 -0.015033 0.631757 80 71 69
0.119200 -0.015019 0.631215 68 58 53
0.121638 -0.015014 0.630980 70 60 55
0.124100 -0.015011 0.630883 64 56 52
0.126536 -0.015006 0.630657 59 51 48
0.129021 -0.015006 0.630679 44 39 35
0.131457 -0.015001 0.630461 45 40 36
0.133871 -0.014993 0.630151 36 32 28
0.136317 -0.014989 0.630003 38 34 31
0.138780 -0.014987 0.629937 36 33 31
0.141276 -0.014989 0.630015 34 33 30
0.143829 -0.014997 0.630345 27 27 24
0.146378 -0.015003 0.630646 33 29 29
0.148918 -0.015009 0.630896 31 26 24
0.151402 -0.015009 0.630906 33 32 30
0.153953 -0.015016 0.631194 32 30 30
0.156507 -0.015022 0.631481 22 22 21
0.159063 -0.015029 0.631769 34 33 31
0.161751 -0.015047 0.632563 38 36 34
0.164479 -0.015069 0.633487 46 45 43
0.167311 -0.015099 0.634775 68 65 63
0.170067 -0.015121 0.635744 74 64 65
0.172907 -0.015151 0.636994 70 58 60
0.175663 -0.015172 0.637904 64 55 56
0.178579 -0.015206 0.639362 64 56 57
0.181525 -0.015242 0.640883 62 54 55
0.184583 -0.015286 0.642754 51 47 43
0.187584 -0.015324 0.644378 38 35 30
0.190665 -0.015367 0.646232 38 37 31
0.193667 -0.015403 0.647771 33 32 26
0.196798 -0.015448 0.649696 32 29 24
0.199748 -0.015478 0.650981 72 69 63
0.202889 -0.015522 0.652847 74 70 63
0.206078 -0.015568 0.654823 52 47 36
0.209285 -0.015615 0.656803 102 96 82
0.212659 -0.015672 0.659254 150 151 137
0.216006 -0.015726 0.661565 37 37 32
0.219012 -0.015755 0.662784 2 4 1
0.222239 -0.015798 0.664640 5 7 7
0.225551 -0.015847 0.666704 16 17 15
0.228851 -0.015893 0.668683 46 46 43
0.231597 -0.015901 0.669015 58 55 49
0.234138 -0.015894 0.668757 76 78 71
0.236836 -0.015899 0.668950 71 74 67
0.239674 -0.015912 0.669526 64 67 60
0.241827 -0.015880 0.668198 63 62 56
0.244584 -0.015889 0.668551 61 58 54
0.247513 -0.015907 0.669362 60 56 54
-0.055713 -0.014064 0.708622 220 219 204
-0.052798 -0.014031 0.706918 220 219 204
-0.049976 -0.014019 0.706329 219 219 205
-0.047136 -0.014000 0.705400 217 215 201
-0.044307 -0.013983 0.704534 217 215 200
-0.041490 -0.013967 0.703758 216 214 199
-0.038686 -0.013954 0.703106 215 213 197
-0.035883 -0.013940 0.702383 216 211 197
-0.033090 -0.013927 0.701724 217 212 198
-0.030325 -0.013924 0.701616 217 213 197
-0.027563 -0.013923 0.701551 216 212 196
-0.024810 -0.013926 0.701742 210 206 190
-0.022048 -0.013924 0.701663 213 208 192
-0.019283 -0.013921 0.701491 213 208 192
-0.016522 -0.013919 0.701404 215 208 192
-0.013760 -0.013916 0.701263 216 208 191
-0.011017 -0.013934 0.702196 215 207 190
-0.008253 -0.013931 0.702050 214 206 189
-0.005486 -0.013916 0.701291 206 185 166
-0.002723 -0.013894 0.700205 183 151 129
0.000031 -0.013838 0.697349 180 147 126
0.002755 -0.013744 0.692603 176 143 123
0.005438 -0.013640 0.687328 171 138 119
0.008063 -0.013511 0.680757 164 132 112
0.010640 -0.013384 0.674329 156 126 106
0.013177 -0.013269 0.668501 108 88 74
0.015714 -0.013192 0.664594 178 169 160
0.018238 -0.013128 0.661329 90 81 74
0.020779 -0.013090 0.659419 99 86 81
0.023316 -0.013059 0.657825 109 103 96
0.025859 -0.013036 0.656702 113 110 102
0.028387 -0.013011 0.655413 116 113 105
0.030890 -0.012980 0.653843 118 115 107
0.033414 -0.012961 0.652903 119 117 106
0.035934 -0.012944 0.652022 121 119 106
0.038446 -0.012926 0.651134 123 121 108
0.040953 -0.012909 0.650277 133 131 118
0.043463 -0.012895 0.649568 149 148 135
0.045993 -0.012887 0.649216 194 191 178
0.048543 -0.012886 0.649168 154 152 140
0.051138 -0.012896 0.649694 115 113 103
0.053670 -0.012891 0.649414 97 93 84
0.056213 -0.012888 0.649288 87 84 77
0.058697 -0.012872 0.648517 64 66 58
0.061154 -0.012853 0.647520 10 16 11
0.063626 -0.012837 0.646754 10 14 11
0.066108 -0.012825 0.646153 12 13 11
0.068547 -0.012806 0.645185 89 89 81
0.070917 -0.012776 0.643666 174 170 163
0.073289 -0.012748 0.642263 156 149 139
0.075665 -0.012723 0.640996 100 95 81
0.078061 -0.012703 0.639964 100 95 78
0.080450 -0.012682 0.638951 130 118 106
0.082883 -0.012670 0.638336 117 118 100
0.085373 -0.012667 0.638178 84 78 65
0.087806 -0.012656 0.637620 57 48 36
0.090338 -0.012659 0.637785 51 44 37
0.092840 -0.012657 0.637743 59 54 43
0.095276 -0.012648 0.637257 64 59 48
0.097703 -0.012637 0.636743 65 60 48
0.100129 -0.012627 0.636239 65 59 48
0.102612 -0.012625 0.636119 65 59 49
0.105123 -0.012625 0.636175 61 59 48
0.107575 -0.012619 0.635875 65 61 51
0.109982 -0.012609 0.635336 64 59 50
0.112349 -0.012594 0.634589 69 63 57
0.114787 -0.012587 0.634270 69 63 59
0.117155 -0.012573 0.633585 71 66 60
0.119569 -0.012565 0.633170 71 65 58
0.122000 -0.012559 0.632859 74 63 58
0.124455 -0.012555 0.632689 84 74 68
0.126867 -0.012547 0.632308 83 71 66
0.129360 -0.012548 0.632334 80 67 62
0.131766 -0.012540 0.631946 84 71 66
0.134204 -0.012535 0.631721 83 71 63
0.136655 -0.012532 0.631565 81 68 59
0.139148 -0.012532 0.631606 77 68 59
0.141655 -0.012534 0.631708 73 64 55
0.144240 -0.012543 0.632147 65 58 49
0.146769 -0.012546 0.632331 66 59 55
0.149346 -0.012553 0.632711 65 58 54
0.151846 -0.012554 0.632757 65 59 54
0.154451 -0.012563 0.633236 50 46 44
0.157044 -0.012571 0.633649 62 58 56
0.159630 -0.012578 0.634021 55 52 49
0.162327 -0.012593 0.634815 57 54 52
0.165080 -0.012612 0.635801 54 48 47
0.167906 -0.012636 0.637035 58 50 49
0.170682 -0.012656 0.638044 61 51 49
0.173512 -0.012679 0.639224 60 50 50
0.176300 -0.012698 0.640217 44 37 37
0.179167 -0.012722 0.641469 41 34 35
0.182101 -0.012751 0.642920 37 35 34
0.185102 -0.012783 0.644563 28 27 21
0.188158 -0.012817 0.646351 25 21 12
0.191142 -0.012847 0.647849 51 47 40
0.194145 -0.012876 0.649370 82 79 71
0.197279 -0.012913 0.651283 78 72 67
0.200249 -0.012939 0.652615 49 47 38
0.203277 -0.012968 0.654099 105 104 88
0.206458 -0.013006 0.656030 149 149 137
0.209468 -0.013032 0.657379 63 61 54
0.212888 -0.013083 0.659964 3 3 2
0.216105 -0.013120 0.661866 9 9 9
0.219110 -0.013143 0.663083 10 9 8
0.222149 -0.013168 0.664371 35 31 31
0.225243 -0.013196 0.665792 60 58 55
0.228098 -0.013209 0.666483 67 65 61
0.230932 -0.013221 0.667095 79 76 71
0.233515 -0.013218 0.666980 76 75 69
0.236273 -0.013226 0.667360 66 66 59
0.239004 -0.013231 0.667656 62 62 55
0.241325 -0.013214 0.666813 61 60 54
0.244337 -0.013235 0.667875 61 59 53
-0.055628 -0.011249 0.707546 217 215 200
-0.052656 -0.011209 0.705006 220 219 204
-0.049777 -0.011185 0.703520 219 219 205
-0.046963 -0.011174 0.702816 216 216 202
-0.044108 -0.011151 0.701366 217 215 201
-0.041329 -0.011145 0.701034 216 214 199
-0.038546 -0.011138 0.700554 216 215 198
-0.035758 -0.011127 0.699928 216 212 197
-0.032960 -0.011112 0.698975 216 211 197
-0.030210 -0.011112 0.698954 211 210 193
-0.027454 -0.011109 0.698777 215 211 195
-0.024709 -0.011110 0.698879 214 210 194
-0.021959 -0.011109 0.698846 213 208 192
-0.019214 -0.011111 0.698972 212 207 191
-0.016463 -0.011109 0.698895 214 207 192
-0.013705 -0.011102 0.698462 214 207 191
-0.010974 -0.011118 0.699468 215 207 190
-0.008228 -0.011124 0.699883 215 207 191
-0.005472 -0.011117 0.699457 215 205 189
-0.002718 -0.011107 0.698823 196 168 148
0.000031 -0.011089 0.697667 179 146 124
0.002764 -0.011047 0.695013 178 145 126
0.005463 -0.010978 0.690642 172 139 120
0.008118 -0.010895 0.685386 165 132 111
0.010718 -0.010800 0.679353 164 130 109
0.013282 -0.010713 0.673839 154 122 101
0.015816 -0.010636 0.668935 124 100 83
0.018317 -0.010561 0.664195 151 134 127
0.020827 -0.010510 0.660939 135 120 112
0.023339 -0.010471 0.658480 79 72 64
0.025858 -0.010442 0.656660 104 103 94
0.028364 -0.010414 0.654896 110 109 100
0.030857 -0.010387 0.653150 115 112 104
0.033366 -0.010368 0.651972 117 114 106
0.035864 -0.010349 0.650770 117 115 105
0.038367 -0.010333 0.649808 120 117 106
0.040874 -0.010321 0.649032 121 119 108
0.043378 -0.010309 0.648307 124 122 109
0.045899 -0.010303 0.647890 135 132 118
0.048414 -0.010296 0.647450 161 161 149
0.050970 -0.010297 0.647566 194 193 182
0.053488 -0.010291 0.647209 156 154 143
0.056053 -0.010295 0.647437 114 111 104
0.058599 -0.010294 0.647428 98 97 87
0.061079 -0.010283 0.646722 91 87 79
0.063589 -0.010277 0.646380 71 72 65
0.066142 -0.010279 0.646488 16 13 12
0.068672 -0.010277 0.646366 14 15 11
0.071064 -0.010255 0.645000 10 11 9
0.073423 -0.010230 0.643446 16 16 13
0.075815 -0.010212 0.642267 82 81 75
0.078216 -0.010195 0.641237 166 161 154
0.080599 -0.010178 0.640135 173 165 152
0.083048 -0.010169 0.639605 103 104 84
0.085518 -0.010163 0.639260 90 85 70
0.087958 -0.010155 0.638722 103 94 81
0.090415 -0.010148 0.638334 116 108 90
0.092889 -0.010144 0.638079 116 112 94
0.095381 -0.010142 0.637963 94 89 74
0.097886 -0.010141 0.637932 57 52 38
0.100361 -0.010138 0.637716 47 41 28
0.102873 -0.010138 0.637742 49 43 32
0.105425 -0.010142 0.638002 48 46 35
0.107873 -0.010136 0.637639 48 47 36
0.110270 -0.010125 0.636998 57 54 44
0.112648 -0.010114 0.636278 59 56 50
0.115157 -0.010114 0.636314 54 51 46
0.117571 -0.010107 0.635835 54 51 45
0.120006 -0.010101 0.635483 60 57 50
0.122504 -0.010100 0.635478 67 56 51
0.124923 -0.010094 0.635068 65 56 48
0.127391 -0.010091 0.634917 67 57 49
0.129788 -0.010083 0.634430 52 42 36
0.132250 -0.010080 0.634266 71 60 54
0.134691 -0.010076 0.634016 73 62 56
0.137162 -0.010074 0.633908 60 48 41
0.139626 -0.010072 0.633776 54 45 36
0.142201 -0.010078 0.634143 60 52 43
0.144780 -0.010083 0.634515 57 51 43
0.147363 -0.010089 0.634892 57 51 44
0.149844 -0.010088 0.634822 53 46 40
0.152413 -0.010092 0.635121 55 50 46
0.155056 -0.010101 0.635714 48 44 42
0.157743 -0.010113 0.636467 50 46 44
0.160350 -0.010119 0.636880 41 37 35
0.163044 -0.010130 0.637618 41 37 36
0.165778 -0.010144 0.638488 40 36 36
0.168587 -0.010161 0.639620 48 43 42
0.171227 -0.010168 0.640085 49 46 41
0.174007 -0.010183 0.641049 45 42 37
0.176834 -0.010200 0.642158 35 32 28
0.179776 -0.010223 0.643650 29 26 21
0.182689 -0.010244 0.644994 49 48 40
0.185618 -0.010265 0.646360 85 84 73
0.188673 -0.010293 0.648122 75 71 56
0.191691 -0.010317 0.649710 54 49 37
0.194561 -0.010333 0.650762 58 51 44
0.197688 -0.010363 0.652633 137 132 123
0.200734 -0.010387 0.654194 146 145 133
0.203910 -0.010417 0.656134 49 47 40
0.207057 -0.010445 0.657935 6 4 6
0.210079 -0.010466 0.659295 8 7 9
0.213242 -0.010493 0.661064 5 4 6
0.216376 -0.010519 0.662698 16 14 15
0.219120 -0.010525 0.663115 46 43 44
0.221995 -0.010537 0.663911 66 60 60
0.224830 -0.010547 0.664572 77 76 69
0.227580 -0.010553 0.664968 77 75 67
0.230122 -0.010550 0.664758 74 71 66
0.232899 -0.010557 0.665222 68 67 59
0.235330 -0.010548 0.664695 64 63 56
0.238009 -0.010551 0.664877 61 60 54
0.240677 -0.010553 0.665023 61 60 54
0.243875 -0.010578 0.666615 63 57 54
-0.055559 -0.008444 0.706656 215 213 198
-0.052520 -0.008403 0.703183 218 216 202
-0.049654 -0.008386 0.701765 219 217 204
-0.046830 -0.008375 0.700822 217 217 203
-0.043990 -0.008359 0.699489 216 215 201
-0.041205 -0.008352 0.698914 217 215 200
-0.038445 -0.008349 0.698716 214 213 196
-0.035655 -0.008339 0.697899 214 213 196
-0.032868 -0.008329 0.697008 212 211 194
-0.030113 -0.008325 0.696705 213 212 195
-0.027374 -0.008325 0.696738 214 210 194
-0.024628 -0.008323 0.696576 213 209 193
-0.021896 -0.008325 0.696816 211 207 191
-0.019158 -0.008326 0.696915 211 207 191
-0.016424 -0.008330 0.697220 212 207 190
-0.013674 -0.008325 0.696859 213 208 192
-0.010940 -0.008330 0.697301 216 208 191
-0.008195 -0.008327 0.697103 215 207 190
-0.005454 -0.008329 0.697250 215 207 190
-0.002711 -0.008326 0.697015 218 207 191
0.000030 -0.008316 0.696222 174 142 122
0.002765 -0.008304 0.695176 182 149 129
0.005479 -0.008273 0.692621 174 141 122
0.008153 -0.008223 0.688381 168 135 113
0.010788 -0.008169 0.683794 164 131 109
0.013378 -0.008110 0.678745 156 125 103
0.015938 -0.008054 0.674071 152 116 98
0.018450 -0.007995 0.669035 130 99 83
0.020936 -0.007941 0.664423 103 77 67
0.023427 -0.007900 0.660952 169 146 137
0.025909 -0.007864 0.657966 81 73 65
0.028386 -0.007834 0.655413 96 92 84
0.030851 -0.007806 0.653026 108 106 98
0.033338 -0.007787 0.651434 112 110 101
0.035823 -0.007770 0.650029 116 113 104
0.038310 -0.007756 0.648843 117 115 104
0.040811 -0.007746 0.648035 119 116 105
0.043310 -0.007737 0.647281 119 116 106
0.045832 -0.007733 0.646952 120 118 107
0.048332 -0.007726 0.646348 124 122 111
0.050862 -0.007724 0.646199 125 123 112
0.053354 -0.007716 0.645598 152 151 140
0.055888 -0.007715 0.645535 181 176 169
0.058403 -0.007712 0.645268 158 151 143
0.060890 -0.007705 0.644730 119 112 103
0.063418 -0.007704 0.644647 105 96 84
0.066028 -0.007712 0.645371 90 85 79
0.068587 -0.007715 0.645568 74 71 63
0.071126 -0.007714 0.645564 35 33 28
0.073554 -0.007703 0.644589 12 10 10
0.075975 -0.007691 0.643620 11 14 16
0.078370 -0.007678 0.642506 9 8 11
0.080778 -0.007666 0.641559 17 16 12
0.083189 -0.007656 0.640689 57 56 52
0.085635 -0.007649 0.640137 144 145 135
0.088051 -0.007640 0.639398 164 164 159
0.090469 -0.007632 0.638718 137 130 116
0.092916 -0.007626 0.638264 97 92 77
0.095419 -0.007626 0.638219 79 73 60
0.097895 -0.007623 0.637993 108 99 85
0.100379 -0.007621 0.637834 105 97 84
0.102908 -0.007622 0.637957 99 92 79
0.105526 -0.007629 0.638613 86 84 72
0.108044 -0.007629 0.638652 72 72 60
0.110537 -0.007628 0.638545 53 51 41
0.112962 -0.007622 0.638053 48 45 38
0.115450 -0.007620 0.637934 43 40 35
0.117842 -0.007613 0.637298 47 44 39
0.120263 -0.007607 0.636849 40 37 32
0.122766 -0.007607 0.636836 52 45 39
0.125252 -0.007605 0.636742 52 45 38
0.127747 -0.007605 0.636692 56 49 43
0.130186 -0.007601 0.636372 54 51 43
0.132663 -0.007599 0.636248 53 50 43
0.135118 -0.007596 0.636027 50 47 41
0.137540 -0.007591 0.635659 34 32 27
0.140004 -0.007589 0.635494 9 5 2
0.142562 -0.007592 0.635754 35 33 29
0.145260 -0.007602 0.636617 42 42 39
0.147867 -0.007607 0.637061 58 55 51
0.150450 -0.007611 0.637389 6 3 0
0.153052 -0.007615 0.637786 8 8 4
0.155754 -0.007624 0.638576 44 42 39
0.158398 -0.007630 0.639113 42 42 38
0.161012 -0.007634 0.639509 11 10 8
0.163688 -0.007642 0.640140 5 7 7
0.166401 -0.007650 0.640890 36 35 33
0.169167 -0.007661 0.641819 34 32 31
0.171844 -0.007667 0.642388 55 52 47
0.174608 -0.007677 0.643264 73 70 63
0.177403 -0.007688 0.644227 77 74 67
0.180212 -0.007700 0.645212 66 63 55
0.183065 -0.007712 0.646323 46 45 37
0.185926 -0.007725 0.647435 63 60 49
0.188951 -0.007744 0.649077 128 123 111
0.191917 -0.007760 0.650478 157 153 138
0.194823 -0.007774 0.651639 111 112 95
0.197895 -0.007793 0.653318 15 12 9
0.200885 -0.007809 0.654687 7 4 4
0.203782 -0.007821 0.655725 9 8 7
0.206857 -0.007839 0.657300 7 6 6
0.209709 -0.007849 0.658137 10 9 11
0.212716 -0.007864 0.659433 50 47 41
0.215592 -0.007873 0.660297 56 55 49
0.218395 -0.007881 0.660922 75 72 64
0.221166 -0.007886 0.661433 80 82 67
0.224250 -0.007903 0.662859 75 75 64
0.226948 -0.007906 0.663124 73 72 64
0.229635 -0.007908 0.663351 69 68 60
0.232343 -0.007911 0.663632 66 65 57
0.234954 -0.007911 0.663635 64 63 57
0.237804 -0.007918 0.664303 61 60 54
0.240143 -0.007909 0.663549 62 59 54
0.243122 -0.007921 0.664557 61 58 53
-0.052425 -0.005616 0.701912 215 213 200
-0.049503 -0.005598 0.699635 217 215 202
-0.046698 -0.005592 0.698837 217 217 203
-0.043883 -0.005583 0.697778 218 215 202
-0.041125 -0.005581 0.697555 217 215 200
-0.038359 -0.005578 0.697155 216 214 199
-0.035579 -0.005572 0.696412 215 213 198
-0.032763 -0.005559 0.694776 213 212 195
-0.030018 -0.005556 0.694499 213 212 195
-0.027268 -0.005552 0.694036 215 211 195
-0.024542 -0.005553 0.694128 213 209 193
-0.021817 -0.005554 0.694310 212 208 192
-0.019098 -0.005557 0.694753 212 208 192
-0.016376 -0.005560 0.695182 209 204 188
-0.013644 -0.005561 0.695319 213 208 192
-0.010915 -0.005564 0.695686 214 208 192
-0.008178 -0.005563 0.695653 216 208 191
-0.005445 -0.005565 0.695991 216 208 191
-0.002707 -0.005565 0.695911 215 209 192
0.000030 -0.005560 0.695391 218 201 182
0.002763 -0.005555 0.694786 182 151 130
0.005483 -0.005542 0.693180 176 144 120
0.008175 -0.005519 0.690250 168 136 112
0.010832 -0.005491 0.686616 164 131 108
0.013459 -0.005461 0.682834 159 126 103
0.016044 -0.005428 0.678576 153 117 95
0.018588 -0.005392 0.674036 149 110 89
0.021081 -0.005353 0.669025 142 104 86
0.023564 -0.005320 0.664845 98 73 58
0.026010 -0.005286 0.660544 153 137 122
0.028455 -0.005258 0.657010 136 122 111
0.030885 -0.005232 0.653743 80 72 62
0.033355 -0.005217 0.651769 103 100 93
0.035823 -0.005203 0.650029 107 105 93
0.038287 -0.005190 0.648459 111 109 98
0.040750 -0.005179 0.647061 113 110 101
0.043252 -0.005174 0.646425 117 113 103
0.045779 -0.005172 0.646202 117 115 102
0.048281 -0.005168 0.645677 119 117 106
0.050791 -0.005165 0.645297 120 119 108
0.053282 -0.005160 0.644732 118 117 108
0.055781 -0.005156 0.644301 129 127 117
0.058260 -0.005151 0.643693 146 140 129
0.060746 -0.005147 0.643202 161 156 145
0.063243 -0.005145 0.642875 159 156 144
0.065781 -0.005145 0.642965 123 120 112
0.068340 -0.005147 0.643250 107 102 92
0.070900 -0.005149 0.643516 91 86 76
0.073432 -0.005149 0.643527 86 82 73
0.075908 -0.005145 0.643058 72 70 65
0.078406 -0.005142 0.642799 12 10 8
0.080843 -0.005137 0.642074 10 9 9
0.083295 -0.005132 0.641509 11 10 11
0.085711 -0.005125 0.640709 8 8 9
0.088124 -0.005119 0.639932 6 10 8
0.090543 -0.005114 0.639239 18 19 15
0.092932 -0.005107 0.638376 90 91 85
0.095402 -0.005104 0.638104 139 140 129
0.097889 -0.005103 0.637953 167 166 151
0.100268 -0.005096 0.637129 150 151 134
0.102750 -0.005095 0.636977 107 108 93
0.105266 -0.005095 0.637041 81 75 61
0.107826 -0.005097 0.637363 82 73 61
0.110412 -0.005101 0.637824 93 88 78
0.112919 -0.005100 0.637810 97 91 80
0.115397 -0.005099 0.637642 93 90 80
0.117856 -0.005096 0.637378 91 88 81
0.120255 -0.005092 0.636807 88 85 78
0.122756 -0.005091 0.636788 72 66 60
0.125311 -0.005093 0.637039 63 56 50
0.127843 -0.005094 0.637171 48 42 36
0.130394 -0.005095 0.637390 46 43 36
0.132895 -0.005095 0.637365 34 31 24
0.135399 -0.005094 0.637347 34 31 26
0.137876 -0.005093 0.637213 45 42 41
0.140298 -0.005090 0.636829 50 47 48
0.142889 -0.005093 0.637212 32 30 30
0.145584 -0.005099 0.638040 25 26 21
0.148259 -0.005104 0.638752 36 31 28
0.150861 -0.005107 0.639131 98 93 88
0.153531 -0.005112 0.639781 35 40 31
0.156263 -0.005118 0.640664 34 39 34
0.158924 -0.005123 0.641236 52 51 45
0.161481 -0.005123 0.641373 79 75 68
0.164066 -0.005125 0.641617 84 82 75
0.166747 -0.005129 0.642223 75 74 66
0.169476 -0.005135 0.642992 69 67 61
0.172150 -0.005139 0.643533 52 48 42
0.174923 -0.005146 0.644426 48 46 35
0.177646 -0.005151 0.645107 80 82 69
0.180495 -0.005159 0.646222 142 143 131
0.183206 -0.005164 0.646820 153 151 144
0.186029 -0.005171 0.647791 104 101 97
0.188973 -0.005181 0.649153 26 25 21
0.191901 -0.005191 0.650421 1 3 2
0.194788 -0.005199 0.651524 6 6 8
0.197751 -0.005209 0.652844 7 7 7
0.200630 -0.005217 0.653857 10 7 6
0.203438 -0.005223 0.654618 14 15 12
0.206241 -0.005228 0.655342 57 57 52
0.209078 -0.005234 0.656157 51 50 45
0.211884 -0.005239 0.656854 71 67 55
0.214907 -0.005249 0.658199 81 82 68
0.217701 -0.005254 0.658820 78 78 67
0.220613 -0.005261 0.659780 77 76 66
0.223653 -0.005271 0.661094 71 70 62
0.226466 -0.005276 0.661717 69 68 60
0.228952 -0.005273 0.661378 66 65 57
0.231670 -0.005275 0.661712 65 64 58
0.234642 -0.005283 0.662754 65 62 57
0.237777 -0.005294 0.664230 61 60 54
-0.049403 -0.002830 0.698217 215 214 201
-0.046591 -0.002826 0.697231 217 216 203
-0.043793 -0.002822 0.696349 216 215 202
-0.041006 -0.002818 0.695526 216 214 199
-0.038256 -0.002817 0.695271 217 215 200
-0.035482 -0.002814 0.694507 214 212 197
-0.032699 -0.002809 0.693416 213 211 196
-0.029940 -0.002806 0.692694 212 210 194
-0.027206 -0.002805 0.692455 216 212 196
-0.024478 -0.002804 0.692311 214 210 194
-0.021768 -0.002806 0.692737 212 208 192
-0.019050 -0.002807 0.692997 212 208 192
-0.016339 -0.002809 0.693588 211 207 191
-0.013613 -0.002809 0.693699 211 207 190
-0.010895 -0.002811 0.694358 212 207 191
-0.008163 -0.002811 0.694330 214 207 192
-0.005434 -0.002811 0.694591 215 209 192
-0.002701 -0.002810 0.694306 216 209 192
0.000030 -0.002812 0.694777 215 209 192
0.002761 -0.002809 0.694254 207 189 170
0.005488 -0.002807 0.693856 173 141 116
0.008191 -0.002799 0.691616 171 138 114
0.010870 -0.002788 0.689011 164 130 108
0.013515 -0.002775 0.685729 159 124 103
0.016126 -0.002761 0.682086 153 114 93
0.018696 -0.002745 0.677962 151 110 90
0.021227 -0.002728 0.673658 151 108 88
0.023733 -0.002712 0.669622 142 104 82
0.026189 -0.002695 0.665091 124 91 77
0.028623 -0.002678 0.660886 117 84 77
0.031013 -0.002661 0.656460 181 147 141
0.033452 -0.002650 0.653656 96 76 69
0.035890 -0.002640 0.651243 92 86 75
0.038319 -0.002632 0.649009 106 107 95
0.040754 -0.002624 0.647132 107 105 97
0.043221 -0.002619 0.645964 114 110 101
0.045733 -0.002618 0.645559 114 112 99
0.048222 -0.002615 0.644883 113 111 100
0.050724 -0.002613 0.644450 116 115 104
0.053211 -0.002610 0.643876 117 116 106
0.055705 -0.002608 0.643421 117 115 104
0.058153 -0.002605 0.642506 115 116 103
0.060630 -0.002602 0.641975 120 121 108
0.063104 -0.002600 0.641460 131 131 118
0.065590 -0.002599 0.641098 147 147 134
0.068082 -0.002597 0.640817 147 145 133
0.070585 -0.002596 0.640656 136 134 122
0.073070 -0.002595 0.640354 114 112 100
0.075590 -0.002595 0.640364 104 101 87
0.078107 -0.002594 0.640350 75 71 58
0.080599 -0.002593 0.640137 80 78 67
0.083112 -0.002593 0.640103 46 46 42
0.085600 -0.002592 0.639878 14 14 12
0.088034 -0.002589 0.639278 7 8 7
0.090545 -0.002589 0.639253 14 12 11
0.092981 -0.002587 0.638714 11 8 9
0.095422 -0.002585 0.638240 11 7 9
0.097861 -0.002583 0.637777 5 3 4
0.100152 -0.002577 0.636391 12 12 10
0.102577 -0.002575 0.635909 46 46 39
0.105048 -0.002574 0.635726 106 105 96
0.107527 -0.002573 0.635596 155 155 145
0.110122 -0.002575 0.636148 171 170 158
0.112582 -0.002574 0.635907 158 159 136
0.115148 -0.002575 0.636269 132 132 114
0.117643 -0.002575 0.636224 103 102 91
0.120117 -0.002574 0.636076 86 85 73
0.122612 -0.002574 0.636040 72 66 59
0.125186 -0.002575 0.636405 69 64 57
0.127730 -0.002575 0.636610 67 62 55
0.130326 -0.002577 0.637060 66 63 56
0.132826 -0.002576 0.637033 85 82 73
0.135475 -0.002579 0.637708 75 72 64
0.138001 -0.002579 0.637787 82 75 72
0.140465 -0.002578 0.637589 68 60 57
0.143096 -0.002580 0.638138 72 66 61
0.145780 -0.002582 0.638899 61 57 45
0.148405 -0.002584 0.639383 63 57 47
0.151005 -0.002585 0.639744 48 46 37
0.153678 -0.002587 0.640397 46 49 36
0.156447 -0.002591 0.641423 42 45 37
0.159076 -0.002592 0.641849 55 53 45
0.161612 -0.002592 0.641894 66 61 54
0.164177 -0.002593 0.642052 88 88 78
0.166878 -0.002595 0.642727 120 123 112
0.169544 -0.002597 0.643250 152 156 145
0.172146 -0.002598 0.643520 156 158 150
0.174814 -0.002599 0.644022 116 117 110
0.177581 -0.002602 0.644873 49 54 46
0.180370 -0.002605 0.645776 9 13 7
0.183058 -0.002607 0.646301 6 2 4
0.185864 -0.002611 0.647220 6 4 5
0.188831 -0.002616 0.648666 11 8 11
0.191652 -0.002619 0.649578 9 5 5
0.194422 -0.002622 0.650297 4 4 4
0.197184 -0.002624 0.650974 27 26 24
0.200057 -0.002628 0.651991 61 58 56
0.202819 -0.002630 0.652626 56 57 47
0.205620 -0.002632 0.653369 63 65 52
0.208312 -0.002634 0.653752 79 79 67
0.211305 -0.002638 0.655060 82 81 70
0.214261 -0.002642 0.656223 76 76 65
0.217314 -0.002648 0.657651 73 71 63
0.220118 -0.002650 0.658299 72 70 62
0.223207 -0.002655 0.659778 70 69 61
0.225960 -0.002657 0.660237 68 67 59
0.228822 -0.002659 0.661004 66 65 57
0.231689 -0.002662 0.661767 64 63 57
0.234740 -0.002667 0.663032 63 61 55
0.238172 -0.002675 0.665332 62 59 53
-0.046527 -0.000072 0.696277 215 213 200
-0.043722 -0.000072 0.695215 216 215 202
-0.040938 -0.000072 0.694371 217 216 203
-0.038191 -0.000071 0.694086 216 214 199
-0.035437 -0.000071 0.693618 215 213 198
-0.032642 -0.000071 0.692212 215 213 198
-0.029894 -0.000071 0.691620 216 215 198
-0.027134 -0.000071 0.690619 216 212 196
-0.024417 -0.000070 0.690587 215 211 195
-0.021698 -0.000070 0.690488 213 209 193
-0.018992 -0.000070 0.690867 212 208 192
-0.016283 -0.000070 0.691213 212 208 192
-0.013573 -0.000069 0.691656 211 207 191
-0.010860 -0.000069 0.692164 209 205 189
-0.008141 -0.000069 0.692453 212 207 191
-0.005419 -0.000068 0.692671 214 209 193
-0.002695 -0.000068 0.692724 217 212 196
0.000030 -0.000068 0.693208 218 210 196
0.002757 -0.000068 0.693400 215 207 193
0.005485 -0.000067 0.693523 193 175 156
0.008205 -0.000067 0.692878 166 134 113
0.010903 -0.000067 0.691096 164 130 109
0.013569 -0.000067 0.688460 156 117 98
0.016193 -0.000067 0.684898 151 112 91
0.018802 -0.000067 0.681817 155 112 92
0.021368 -0.000067 0.678144 153 108 89
0.023922 -0.000067 0.674959 149 109 87
0.026420 -0.000068 0.670960 144 103 84
0.028884 -0.000068 0.666918 137 97 78
0.031231 -0.000068 0.661087 99 63 50
0.033615 -0.000068 0.656858 161 124 115
0.036006 -0.000068 0.653354 151 124 121
0.038402 -0.000068 0.650420 77 69 63
0.040795 -0.000068 0.647790 97 93 86
0.043248 -0.000068 0.646375 105 102 92
0.045735 -0.000068 0.645590 110 108 95
0.048213 -0.000068 0.644771 114 111 101
0.050703 -0.000068 0.644188 113 111 102
0.053188 -0.000068 0.643592 114 112 102
0.055652 -0.000067 0.642819 115 114 103
0.058094 -0.000067 0.641865 115 115 101
0.060558 -0.000067 0.641222 116 116 102
0.063029 -0.000067 0.640705 116 115 102
0.065503 -0.000067 0.640246 123 119 107
0.067967 -0.000067 0.639744 124 119 107
0.070415 -0.000066 0.639122 138 133 120
0.072865 -0.000066 0.638558 146 143 128
0.075329 -0.000066 0.638158 140 137 125
0.077853 -0.000066 0.638269 124 122 108
0.080353 -0.000066 0.638191 106 104 91
0.082868 -0.000065 0.638223 91 92 82
0.085412 -0.000065 0.638479 77 77 69
0.087933 -0.000065 0.638545 76 73 67
0.090432 -0.000065 0.638457 63 60 54
0.092904 -0.000064 0.638190 36 33 29
0.095350 -0.000064 0.637758 11 9 7
0.097790 -0.000064 0.637312 8 6 7
0.100084 -0.000064 0.635960 15 12 15
0.102492 -0.000064 0.635383 15 12 15
0.104970 -0.000063 0.635255 10 8 10
0.107455 -0.000063 0.635172 10 10 8
0.109944 -0.000063 0.635118 4 7 5
0.112388 -0.000063 0.634814 5 7 6
0.114855 -0.000063 0.634648 10 11 8
0.117378 -0.000062 0.634796 31 31 25
0.119833 -0.000062 0.634571 79 79 73
0.122419 -0.000062 0.635037 109 107 101
0.124988 -0.000062 0.635401 135 136 129
0.127538 -0.000061 0.635655 139 141 133
0.130122 -0.000061 0.636066 155 158 150
0.132706 -0.000061 0.636460 155 159 148
0.135293 -0.000060 0.636850 154 157 147
0.137961 -0.000060 0.637605 157 158 149
0.140416 -0.000060 0.637368 161 158 151
0.143113 -0.000059 0.638212 157 155 148
0.145790 -0.000059 0.638942 157 157 149
0.148433 -0.000059 0.639504 156 155 145
0.151077 -0.000059 0.640049 149 155 146
0.153756 -0.000058 0.640719 141 145 136
0.156436 -0.000058 0.641375 125 129 124
0.159115 -0.000058 0.642007 118 118 112
0.161633 -0.000057 0.641977 81 81 77
0.164241 -0.000057 0.642303 45 47 40
0.166897 -0.000057 0.642803 8 11 7
0.169591 -0.000056 0.643430 5 6 2
0.172140 -0.000056 0.643499 4 4 4
0.174815 -0.000056 0.644027 9 9 8
0.177414 -0.000056 0.644267 8 8 10
0.180200 -0.000055 0.645169 6 7 7
0.182902 -0.000055 0.645751 6 5 8
0.185642 -0.000055 0.646446 7 6 4
0.188472 -0.000054 0.647433 27 23 20
0.191296 -0.000054 0.648374 50 44 39
0.193928 -0.000054 0.648647 62 56 54
0.196673 -0.000053 0.649285 64 61 59
0.199390 -0.000053 0.649816 73 72 66
0.202118 -0.000053 0.650371 74 75 65
0.204955 -0.000052 0.651259 78 80 67
0.207769 -0.000052 0.652051 77 79 67
0.210642 -0.000051 0.653004 75 74 66
0.213642 -0.000051 0.654328 74 71 64
0.216433 -0.000051 0.654985 72 69 61
0.219272 -0.000050 0.655771 71 68 61
0.222037 -0.000050 0.656319 69 68 60
0.224857 -0.000050 0.657016 67 66 58
0.228352 -0.000049 0.659647 67 66 58
0.231414 -0.000049 0.660980 64 63 57
-0.046433 0.002672 0.694858 209 209 195
-0.043686 0.002671 0.694639 214 214 200
-0.040891 0.002667 0.693571 215 213 200
-0.038149 0.002667 0.693329 216 214 199
-0.035384 0.002664 0.692584 216 214 199
-0.032609 0.002660 0.691495 216 214 199
-0.029859 0.002657 0.690790 215 213 198
-0.027113 0.002654 0.690066 214 212 197
-0.024384 0.002653 0.689646 213 211 196
-0.021673 0.002653 0.689690 214 210 195
-0.018962 0.002654 0.689753 212 208 192
-0.016264 0.002657 0.690405 212 208 192
-0.013553 0.002658 0.690644 211 207 191
-0.010848 0.002661 0.691361 211 206 190
-0.008131 0.002662 0.691517 211 206 190
-0.005414 0.002664 0.691903 212 207 191
-0.002692 0.002664 0.691819 215 209 195
0.000029 0.002667 0.692466 214 209 193
0.002754 0.002668 0.692727 212 206 190
0.005482 0.002670 0.693198 214 204 188
0.008207 0.002670 0.693000 176 151 129
0.010923 0.002668 0.692439 163 129 107
0.013608 0.002660 0.690452 157 115 97
0.016256 0.002649 0.687588 156 112 92
0.018886 0.002638 0.684900 155 112 91
0.021473 0.002624 0.681500 155 112 90
0.024032 0.002611 0.678056 152 110 89
0.026578 0.002599 0.674988 148 108 86
0.029072 0.002584 0.671277 144 104 83
0.031459 0.002562 0.665906 139 99 80
0.033848 0.002544 0.661411 125 90 74
0.036205 0.002527 0.656975 95 60 53
0.038567 0.002512 0.653218 169 136 136
0.040929 0.002499 0.649920 135 111 113
0.043345 0.002490 0.647818 77 68 64
0.045800 0.002485 0.646509 95 91 82
0.048249 0.002480 0.645252 105 102 95
0.050733 0.002478 0.644565 110 107 98
0.053191 0.002474 0.643638 111 110 96
0.055653 0.002471 0.642829 113 111 97
0.058082 0.002467 0.641736 113 111 98
0.060541 0.002464 0.641037 114 113 99
0.062994 0.002462 0.640342 116 112 100
0.065465 0.002460 0.639877 116 114 102
0.067931 0.002459 0.639406 116 114 102
0.070373 0.002456 0.638743 119 117 104
0.072836 0.002455 0.638306 120 116 104
0.075293 0.002453 0.637854 121 121 107
0.077771 0.002452 0.637600 124 124 110
0.080251 0.002452 0.637379 128 127 117
0.082712 0.002450 0.637027 131 131 119
0.085225 0.002451 0.637082 127 126 114
0.087729 0.002451 0.637070 113 109 98
0.090183 0.002450 0.636705 100 97 90
0.092616 0.002448 0.636212 90 84 77
0.095109 0.002448 0.636149 78 73 64
0.097597 0.002448 0.636056 61 60 51
0.100015 0.002446 0.635526 68 67 62
0.102451 0.002445 0.635129 38 37 33
0.104964 0.002445 0.635219 10 10 10
0.107441 0.002445 0.635094 10 8 7
0.109955 0.002446 0.635186 2 6 3
0.112393 0.002444 0.634843 5 7 7
0.114880 0.002444 0.634789 8 10 10
0.117438 0.002446 0.635121 10 10 11
0.119876 0.002445 0.634804 12 12 12
0.122380 0.002445 0.634840 10 8 9
0.125008 0.002448 0.635502 9 8 9
0.127623 0.002451 0.636078 10 8 9
0.130181 0.002452 0.636354 7 6 4
0.132742 0.002454 0.636634 8 8 6
0.135394 0.002457 0.637331 8 8 6
0.138094 0.002461 0.638221 8 9 6
0.140590 0.002461 0.638156 7 6 4
0.143201 0.002463 0.638608 9 7 6
0.145845 0.002465 0.639188 8 6 5
0.148524 0.002468 0.639894 8 6 5
0.151171 0.002471 0.640446 6 5 5
0.153781 0.002473 0.640827 6 4 6
0.156427 0.002475 0.641340 6 9 6
0.159065 0.002477 0.641807 5 8 6
0.161588 0.002477 0.641800 5 8 6
0.164170 0.002478 0.642027 7 7 7
0.166837 0.002481 0.642570 7 9 9
0.169531 0.002484 0.643204 5 6 5
0.172031 0.002484 0.643091 3 5 1
0.174641 0.002485 0.643390 7 7 4
0.177247 0.002486 0.643664 25 19 16
0.179893 0.002488 0.644070 60 55 48
0.182620 0.002491 0.644754 54 51 52
0.185350 0.002494 0.645430 47 45 39
0.188063 0.002497 0.646029 68 63 56
0.190832 0.002500 0.646800 78 75 67
0.193523 0.002503 0.647292 79 76 72
0.196204 0.002505 0.647738 83 80 73
0.198988 0.002508 0.648508 76 75 67
0.201675 0.002510 0.648947 77 76 67
0.204641 0.002516 0.650261 76 74 66
0.207382 0.002518 0.650836 75 72 64
0.210347 0.002524 0.652093 75 72 64
0.213167 0.002527 0.652873 75 73 63
0.215935 0.002530 0.653477 74 72 61
0.218558 0.002531 0.653635 73 71 60
0.221543 0.002536 0.654859 71 68 60
0.224522 0.002541 0.656039 69 66 59
0.228111 0.002553 0.658951 68 65 58
-0.043691 0.005415 0.694722 208 207 196
-0.040851 0.005401 0.692894 215 215 201
-0.038082 0.005395 0.692098 218 216 202
-0.035334 0.005391 0.691593 215 213 200
-0.032599 0.005389 0.691286 215 213 198
-0.029878 0.005389 0.691225 214 214 198
-0.027128 0.005383 0.690443 212 210 195
-0.024403 0.005381 0.690178 212 210 195
-0.021676 0.005378 0.689796 212 210 195
-0.018961 0.005378 0.689722 212 208 192
-0.016251 0.005379 0.689839 211 207 191
-0.013544 0.005382 0.690145 211 207 191
-0.010839 0.005387 0.690795 210 206 190
-0.008125 0.005389 0.691044 210 205 189
-0.005409 0.005391 0.691233 209 204 188
-0.002691 0.005394 0.691494 209 203 189
0.000029 0.005396 0.691830 208 203 185
0.002752 0.005401 0.692416 206 200 182
0.005480 0.005406 0.692916 203 194 179
0.008210 0.005409 0.693336 200 189 173
0.010942 0.005412 0.693655 151 120 101
0.013650 0.005404 0.692609 155 113 93
0.016324 0.005387 0.690492 155 112 91
0.018965 0.005366 0.687767 155 112 91
0.021562 0.005338 0.684315 154 111 89
0.024143 0.005314 0.681197 153 110 89
0.026695 0.005288 0.677966 151 108 88
0.029236 0.005265 0.675077 150 107 87
0.031683 0.005230 0.670657 146 104 84
0.034125 0.005200 0.666837 136 98 82
0.036489 0.005163 0.662137 130 95 82
0.038841 0.005129 0.657866 120 87 75
0.041151 0.005094 0.653456 97 67 62
0.043498 0.005067 0.650114 166 146 139
0.045898 0.005050 0.647897 125 115 105
0.048328 0.005037 0.646315 75 65 60
0.050778 0.005028 0.645137 94 90 83
0.053218 0.005019 0.643968 107 105 93
0.055676 0.005012 0.643103 108 106 94
0.058106 0.005004 0.642004 109 107 96
0.060523 0.004995 0.640858 111 109 98
0.062964 0.004988 0.640044 111 110 98
0.065429 0.004985 0.639535 112 110 97
0.067888 0.004980 0.638996 112 110 97
0.070321 0.004975 0.638270 112 110 97
0.072779 0.004971 0.637808 112 110 99
0.075246 0.004969 0.637458 113 113 100
0.077683 0.004965 0.636883 111 111 99
0.080132 0.004961 0.636440 112 112 100
0.082565 0.004957 0.635897 119 117 107
0.085005 0.004954 0.635441 116 114 104
0.087472 0.004952 0.635199 118 120 109
0.089958 0.004952 0.635113 119 120 110
0.092420 0.004950 0.634869 118 119 108
0.094893 0.004949 0.634703 114 112 101
0.097395 0.004949 0.634743 103 103 92
0.099877 0.004949 0.634651 106 108 95
0.102383 0.004949 0.634707 100 102 90
0.104839 0.004948 0.634466 79 75 68
0.107353 0.004949 0.634574 73 67 58
0.109899 0.004951 0.634864 65 60 54
0.112438 0.004954 0.635098 67 71 66
0.114908 0.004953 0.634945 50 54 48
0.117453 0.004955 0.635202 38 39 35
0.119904 0.004953 0.634949 17 17 17
0.122419 0.004954 0.635040 11 9 6
0.124997 0.004958 0.635450 5 7 4
0.127647 0.004964 0.636202 6 6 6
0.130318 0.004971 0.637023 7 6 4
0.132962 0.004976 0.637688 7 6 3
0.135630 0.004983 0.638439 5 5 3
0.138271 0.004988 0.639040 5 7 5
0.140791 0.004988 0.639068 7 6 7
0.143378 0.004991 0.639396 6 5 6
0.145933 0.004993 0.639573 6 5 6
0.148493 0.004994 0.639763 10 6 9
0.151094 0.004998 0.640124 7 5 6
0.153725 0.005002 0.640595 9 8 9
0.156267 0.005003 0.640687 7 11 10
0.158838 0.005004 0.640889 11 14 12
0.161392 0.005006 0.641024 11 14 9
0.163970 0.005008 0.641244 29 31 26
0.166510 0.005009 0.641312 37 39 34
0.169237 0.005015 0.642087 43 45 40
0.171812 0.005017 0.642273 51 53 49
0.174472 0.005021 0.642766 58 57 52
0.177036 0.005022 0.642897 68 63 56
0.179654 0.005025 0.643215 78 75 66
0.182308 0.005029 0.643653 87 85 85
0.184966 0.005033 0.644094 86 85 77
0.187534 0.005034 0.644211 84 83 74
0.190281 0.005040 0.644936 81 80 71
0.192943 0.005043 0.645353 80 79 70
0.195716 0.005050 0.646127 79 78 69
0.198528 0.005057 0.647008 79 78 69
0.201354 0.005065 0.647913 76 75 66
0.204254 0.005074 0.649032 74 72 64
0.207074 0.005081 0.649871 74 71 63
0.209918 0.005088 0.650762 74 71 63
0.212736 0.005095 0.651555 74 72 61
0.215096 0.005090 0.650940 73 71 60
0.217764 0.005093 0.651262 72 70 59
0.220892 0.005107 0.652937 71 68 58
-0.040809 0.008129 0.692182 203 202 192
-0.038068 0.008125 0.691833 213 212 199
-0.035303 0.008115 0.690979 247 245 232
-0.032595 0.008118 0.691192 219 217 202
-0.029859 0.008113 0.690794 213 213 198
-0.027123 0.008108 0.690306 213 211 196
-0.024390 0.008102 0.689810 212 210 195
-0.021679 0.008103 0.689886 212 210 195
-0.018956 0.008099 0.689526 211 207 191
-0.016250 0.008103 0.689787 210 205 190
-0.013539 0.008104 0.689872 207 203 188
-0.010839 0.008115 0.690747 204 200 185
-0.008122 0.008114 0.690704 204 200 184
-0.005409 0.008120 0.691180 202 197 181
-0.002690 0.008122 0.691308 199 193 179
0.000029 0.008131 0.691981 197 192 174
0.002752 0.008134 0.692282 191 186 167
0.005482 0.008146 0.693231 187 179 164
0.008218 0.008156 0.694028 181 173 161
0.010967 0.008171 0.695261 154 129 112
0.013690 0.008164 0.694667 153 110 92
0.016386 0.008146 0.693110 155 112 91
0.019045 0.008117 0.690673 154 111 90
0.021660 0.008078 0.687447 154 111 89
0.024260 0.008044 0.684511 153 110 89
0.026826 0.008005 0.681296 152 109 88
0.029367 0.007968 0.678105 150 107 86
0.031857 0.007923 0.674345 149 106 87
0.034326 0.007880 0.670761 143 103 85
0.036757 0.007836 0.667007 139 100 84
0.039149 0.007789 0.663082 134 97 83
0.041465 0.007734 0.658435 126 94 79
0.043788 0.007686 0.654459 109 82 68
0.046120 0.007646 0.651041 87 67 63
0.048483 0.007614 0.648388 156 138 139
0.050903 0.007595 0.646728 111 102 98
0.053309 0.007575 0.645071 68 63 56
0.055751 0.007562 0.643967 90 85 77
0.058160 0.007546 0.642597 100 97 90
0.060562 0.007530 0.641268 105 103 95
0.062976 0.007518 0.640166 107 106 96
0.065418 0.007509 0.639428 108 106 94
0.067866 0.007502 0.638794 108 107 95
0.070287 0.007492 0.637964 106 108 94
0.072720 0.007484 0.637296 107 108 96
0.075172 0.007479 0.636833 107 107 95
0.077597 0.007471 0.636179 107 107 95
0.080020 0.007464 0.635545 107 107 95
0.082446 0.007457 0.634977 108 106 95
0.084877 0.007452 0.634486 105 103 94
0.087332 0.007448 0.634191 111 108 98
0.089820 0.007448 0.634145 111 108 96
0.092273 0.007445 0.633860 113 108 98
0.094733 0.007443 0.633640 114 113 99
0.097198 0.007441 0.633459 115 114 103
0.099691 0.007441 0.633470 120 116 105
0.102181 0.007441 0.633460 114 110 100
0.104649 0.007440 0.633314 109 108 97
0.107149 0.007441 0.633371 110 105 98
0.109732 0.007447 0.633902 108 102 95
0.112233 0.007448 0.633943 97 98 86
0.114715 0.007447 0.633882 100 97 84
0.117202 0.007447 0.633846 92 89 77
0.119647 0.007444 0.633591 84 82 72
0.122241 0.007451 0.634118 73 76 64
0.124873 0.007460 0.634821 66 72 60
0.127521 0.007469 0.635572 76 65 57
0.130199 0.007480 0.636444 70 63 56
0.132789 0.007485 0.636861 56 53 47
0.135530 0.007498 0.637970 54 53 48
0.138125 0.007503 0.638365 51 52 48
0.140697 0.007507 0.638643 53 51 45
0.143266 0.007510 0.638896 57 56 49
0.145836 0.007513 0.639150 54 52 45
0.148359 0.007514 0.639188 51 45 40
0.150917 0.007517 0.639374 55 49 43
0.153426 0.007517 0.639347 65 63 54
0.155998 0.007520 0.639583 57 59 49
0.158557 0.007522 0.639758 58 60 48
0.161145 0.007526 0.640043 66 68 53
0.163761 0.007530 0.640428 74 77 69
0.166314 0.007532 0.640557 76 79 70
0.168957 0.007538 0.641027 84 87 80
0.171560 0.007542 0.641332 81 83 80
0.174167 0.007546 0.641643 93 93 84
0.176743 0.007548 0.641831 89 87 78
0.179271 0.007549 0.641846 83 82 73
0.181938 0.007555 0.642349 82 81 72
0.184552 0.007559 0.642651 81 80 72
0.187153 0.007562 0.642903 80 79 70
0.189808 0.007568 0.643331 78 76 68
0.192549 0.007576 0.644037 77 74 66
0.195252 0.007583 0.644595 76 74 65
0.198182 0.007599 0.645882 74 73 64
0.200931 0.007607 0.646552 74 73 64
0.203942 0.007625 0.648039 74 72 63
0.206719 0.007634 0.648755 74 71 63
0.209617 0.007647 0.649828 74 70 62
0.212203 0.007649 0.649921 72 70 60
0.214652 0.007645 0.649595 71 68 59
0.217426 0.007653 0.650252 71 69 58
-0.032547 0.010831 0.690164 205 205 191
-0.029834 0.010832 0.690213 206 204 191
-0.027114 0.010830 0.690076 206 204 189
-0.024401 0.010831 0.690112 208 204 190
-0.021709 0.010843 0.690821 206 204 189
-0.018992 0.010843 0.690818 204 199 186
-0.016283 0.010849 0.691168 203 198 184
-0.013568 0.010852 0.691337 199 194 179
-0.010853 0.010857 0.691615 195 191 173
-0.008133 0.010858 0.691679 191 187 169
-0.005413 0.010858 0.691674 187 183 165
-0.002694 0.010866 0.692182 184 176 158
0.000028 0.010876 0.692785 179 170 155
0.005486 0.010892 0.693755 158 146 134
0.008233 0.010917 0.695301 151 134 124
0.010998 0.010948 0.697222 135 113 98
0.013737 0.010945 0.697031 156 110 91
0.016451 0.010927 0.695864 154 111 88
0.019123 0.010890 0.693510 154 111 88
0.021762 0.010845 0.690699 154 111 88
0.024378 0.010800 0.687857 153 110 89
0.026965 0.010752 0.684832 151 108 87
0.029531 0.010706 0.681893 151 108 87
0.032025 0.010643 0.677903 149 106 86
0.034535 0.010595 0.674859 145 104 85
0.036986 0.010536 0.671170 142 103 85
0.039440 0.010486 0.668008 140 102 85
0.041799 0.010419 0.663744 135 98 82
0.044164 0.010360 0.660079 129 93 78
0.046487 0.010299 0.656220 128 93 79
0.048813 0.010245 0.652805 112 80 70
0.051130 0.010195 0.649621 89 65 62
0.053498 0.010159 0.647353 154 137 136
0.055865 0.010126 0.645283 142 119 121
0.058245 0.010099 0.643539 78 60 54
0.060623 0.010073 0.641917 86 76 67
0.063027 0.010054 0.640688 98 98 85
0.065426 0.010035 0.639502 102 100 91
0.067856 0.010023 0.638700 105 103 95
0.070265 0.010008 0.637766 104 104 93
0.072690 0.009997 0.637030 105 105 93
0.075118 0.009987 0.636375 105 104 93
0.077524 0.009974 0.635577 105 104 93
0.079949 0.009965 0.634985 105 103 92
0.082370 0.009956 0.634393 104 102 91
0.084815 0.009950 0.634017 105 103 92
0.087267 0.009946 0.633715 106 104 91
0.089718 0.009941 0.633424 106 104 91
0.092177 0.009938 0.633199 105 103 91
0.094606 0.009932 0.632789 105 104 92
0.097050 0.009927 0.632494 103 103 91
0.099499 0.009923 0.632251 106 106 94
0.101961 0.009921 0.632093 105 105 93
0.104436 0.009920 0.632031 104 104 92
0.106968 0.009925 0.632299 106 105 93
0.109478 0.009927 0.632435 104 105 92
0.111973 0.009928 0.632478 103 105 92
0.114416 0.009925 0.632228 102 106 92
0.116965 0.009930 0.632563 105 107 94
0.119355 0.009922 0.632048 105 105 93
0.121861 0.009924 0.632151 103 103 91
0.124487 0.009936 0.632861 102 104 91
0.127123 0.009947 0.633588 106 101 90
0.129730 0.009957 0.634151 99 97 88
0.132213 0.009956 0.634098 100 100 91
0.134892 0.009970 0.634968 99 99 90
0.137674 0.009991 0.636281 103 102 93
0.140189 0.009992 0.636340 94 93 85
0.142762 0.009998 0.636653 89 89 81
0.145317 0.010001 0.636875 104 103 95
0.147911 0.010008 0.637256 97 96 88
0.150448 0.010010 0.637386 93 92 83
0.153000 0.010013 0.637575 93 93 81
0.155538 0.010016 0.637700 91 93 80
0.158226 0.010027 0.638425 91 93 80
0.160796 0.010031 0.638656 88 88 76
0.163360 0.010035 0.638860 85 89 76
0.165979 0.010041 0.639269 85 89 76
0.168638 0.010050 0.639816 83 87 74
0.171199 0.010053 0.639982 82 86 73
0.173782 0.010057 0.640227 83 83 74
0.176386 0.010063 0.640538 79 78 70
0.179014 0.010069 0.640927 79 78 70
0.181629 0.010075 0.641258 78 77 68
0.184292 0.010083 0.641748 77 76 67
0.186904 0.010088 0.642049 76 75 66
0.189603 0.010097 0.642636 75 74 65
0.192297 0.010106 0.643193 74 73 64
0.195070 0.010119 0.643997 74 72 63
0.197864 0.010133 0.644846 74 71 63
0.200720 0.010150 0.645875 74 71 63
0.203511 0.010163 0.646672 74 71 62
0.206366 0.010179 0.647649 75 71 61
0.209080 0.010187 0.648166 75 71 60
0.211863 0.010199 0.648881 72 69 61
-0.029840 0.013561 0.690338 193 190 176
-0.027153 0.013575 0.691045 195 192 178
-0.024417 0.013566 0.690564 195 193 179
-0.021753 0.013599 0.692213 193 191 178
-0.019028 0.013597 0.692137 190 185 173
-0.016324 0.013613 0.692883 189 183 169
-0.013597 0.013611 0.692792 184 177 162
-0.010882 0.013624 0.693447 180 170 153
-0.005429 0.013630 0.693696 158 148 134
-0.002700 0.013631 0.693754 156 140 131
0.016530 0.013741 0.699215 154 111 88
0.019213 0.013694 0.696805 154 111 88
0.021862 0.013636 0.693891 154 111 88
0.024498 0.013584 0.691254 152 109 88
0.027101 0.013526 0.688297 150 107 85
0.029685 0.013470 0.685452 149 106 86
0.032214 0.013399 0.681909 149 105 86
0.034743 0.013340 0.678916 146 105 87
0.037217 0.013270 0.675363 143 104 86
0.039680 0.013205 0.672082 143 104 85
0.042085 0.013130 0.668288 141 102 83
0.044467 0.013057 0.664615 139 100 82
0.046838 0.012989 0.661177 133 94 80
0.049181 0.012921 0.657731 132 93 76
0.051460 0.012844 0.653815 130 91 76
0.053783 0.012784 0.650813 118 81 71
0.056095 0.012728 0.647948 96 58 46
0.058406 0.012676 0.645320 161 121 117
0.060745 0.012634 0.643208 166 134 130
0.063116 0.012602 0.641592 100 89 80
0.065514 0.012578 0.640367 58 60 51
0.067895 0.012553 0.639074 87 89 80
0.070281 0.012530 0.637916 95 95 86
0.072684 0.012512 0.636980 99 99 87
0.075089 0.012495 0.636137 104 101 91
0.077484 0.012478 0.635256 102 100 90
0.079894 0.012464 0.634553 103 101 90
0.082336 0.012456 0.634138 103 100 92
0.084801 0.012452 0.633917 103 100 92
0.087237 0.012444 0.633500 103 101 90
0.089686 0.012438 0.633202 103 101 90
0.092105 0.012429 0.632709 103 101 90
0.094528 0.012420 0.632267 102 100 89
0.096943 0.012411 0.631797 100 98 87
0.099402 0.012408 0.631638 101 99 88
0.101864 0.012406 0.631498 101 99 88
0.104358 0.012407 0.631556 100 100 88
0.106855 0.012409 0.631632 100 101 88
0.109353 0.012411 0.631709 99 99 87
0.111819 0.012409 0.631608 102 100 89
0.114302 0.012409 0.631597 94 93 82
0.116837 0.012415 0.631872 98 97 86
0.119272 0.012409 0.631606 97 98 86
0.121803 0.012415 0.631848 101 99 88
0.124412 0.012427 0.632476 101 98 89
0.126992 0.012437 0.632940 98 98 86
0.129630 0.012451 0.633665 97 97 85
0.132143 0.012454 0.633764 96 96 84
0.134746 0.012464 0.634281 96 96 84
0.137376 0.012477 0.634905 97 97 85
0.139945 0.012484 0.635234 94 94 82
0.142485 0.012487 0.635415 92 93 80
0.145087 0.012497 0.635869 91 91 79
0.147611 0.012499 0.635966 91 91 79
0.150210 0.012507 0.636378 89 89 77
0.152780 0.012513 0.636659 87 87 75
0.155284 0.012513 0.636658 87 87 75
0.157855 0.012519 0.636926 87 86 77
0.160524 0.012532 0.637576 85 84 75
0.163084 0.012536 0.637783 85 84 75
0.165722 0.012546 0.638281 82 81 72
0.168384 0.012558 0.638854 82 83 70
0.170984 0.012565 0.639182 78 80 68
0.173521 0.012567 0.639264 77 76 67
0.176212 0.012580 0.639905 78 77 68
0.178807 0.012586 0.640184 76 75 66
0.181475 0.012596 0.640713 75 74 65
0.184101 0.012604 0.641084 74 73 64
0.186816 0.012617 0.641747 74 73 64
0.189509 0.012629 0.642320 73 72 63
0.192398 0.012653 0.643532 73 72 63
0.195094 0.012664 0.644075 73 72 63
0.198034 0.012691 0.645403 74 71 63
0.200834 0.012708 0.646244 75 72 64
0.203786 0.012734 0.647547 75 72 63
0.206520 0.012746 0.648133 75 70 60
0.209238 0.012757 0.648657 72 69 58
0.212125 0.012777 0.649683 56 38 34
0.016607 0.016581 0.702494 154 111 87
0.019306 0.016526 0.700162 154 111 88
0.021969 0.016457 0.697281 154 111 88
0.024621 0.016396 0.694712 152 109 88
0.027234 0.016325 0.691694 151 108 85
0.029828 0.016255 0.688761 149 106 86
0.032375 0.016174 0.685325 149 105 86
0.034925 0.016107 0.682490 146 105 87
0.037419 0.016024 0.679027 145 104 87
0.039895 0.015946 0.675722 143 104 85
0.042297 0.015850 0.671665 142 103 84
0.044705 0.015767 0.668168 142 103 84
0.047092 0.015686 0.664764 140 101 83
0.049487 0.015616 0.661823 136 96 78
0.051816 0.015534 0.658350 132 93 74
0.054130 0.015455 0.655013 130 91 73
0.056481 0.015393 0.652412 127 88 70
0.058774 0.015321 0.649386 122 82 69
0.061055 0.015253 0.646495 104 66 56
0.063368 0.015197 0.644156 124 89 82
0.065701 0.015151 0.642201 171 142 137
0.068041 0.015109 0.640444 138 123 117
0.070374 0.015069 0.638757 75 69 62
0.072726 0.015036 0.637355 67 63 56
0.075123 0.015014 0.636423 89 85 77
0.077496 0.014989 0.635352 97 92 85
0.079869 0.014966 0.634356 97 94 86
0.082324 0.014958 0.634042 99 97 89
0.084785 0.014953 0.633801 101 100 89
0.087226 0.014944 0.633425 100 100 88
0.089646 0.014932 0.632920 101 99 88
0.092069 0.014922 0.632460 101 99 88
0.094472 0.014908 0.631892 100 98 88
0.096890 0.014898 0.631457 100 98 87
0.099306 0.014888 0.631026 99 97 86
0.101790 0.014889 0.631037 99 97 86
0.104271 0.014889 0.631032 96 96 84
0.106752 0.014889 0.631025 97 97 85
0.109218 0.014887 0.630935 97 95 84
0.111691 0.014886 0.630884 100 95 85
0.114116 0.014879 0.630572 98 94 83
0.116649 0.014886 0.630857 99 96 85
0.119094 0.014881 0.630663 98 93 83
0.121614 0.014887 0.630869 96 94 83
0.124120 0.014890 0.630993 96 95 84
0.126606 0.014891 0.631014 95 95 83
0.129248 0.014909 0.631796 93 92 82
0.131794 0.014917 0.632088 93 92 82
0.134340 0.014924 0.632370 92 91 79
0.136928 0.014935 0.632835 91 91 79
0.139456 0.014939 0.633014 91 91 79
0.142125 0.014959 0.633814 90 90 78
0.144715 0.014969 0.634238 87 88 76
0.147302 0.014979 0.634635 86 86 75
0.149915 0.014991 0.635130 86 85 74
0.152531 0.015003 0.635622 85 84 73
0.155113 0.015011 0.635955 84 84 72
0.157708 0.015020 0.636333 82 82 72
0.160311 0.015030 0.636731 81 80 71
0.162937 0.015041 0.637208 79 78 69
0.165546 0.015051 0.637602 76 77 67
0.168226 0.015067 0.638255 77 78 68
0.170807 0.015073 0.638518 75 76 66
0.173434 0.015084 0.638946 75 76 67
0.176091 0.015096 0.639466 77 76 67
0.178709 0.015106 0.639836 74 72 63
0.181324 0.015114 0.640182 73 72 63
0.184041 0.015131 0.640874 73 72 63
0.186753 0.015147 0.641531 73 72 63
0.189576 0.015171 0.642546 74 73 64
0.192407 0.015196 0.643561 74 73 64
0.195268 0.015222 0.644651 74 72 63
0.198191 0.015252 0.645912 75 71 64
0.201063 0.015278 0.646980 74 72 61
0.204050 0.015311 0.648386 71 66 57
0.207091 0.015348 0.649926 57 48 40
0.016688 0.019451 0.705929 153 110 85
0.019400 0.019386 0.703601 154 111 86
0.022076 0.019305 0.700678 154 111 86
0.024740 0.019234 0.698089 153 110 87
0.027372 0.019154 0.695212 150 107 86
0.029990 0.019079 0.692504 150 106 87
0.032552 0.018985 0.689095 149 105 86
0.035116 0.018905 0.686215 147 106 88
0.037634 0.018815 0.682934 146 106 87
0.040130 0.018725 0.679708 144 105 86
0.042556 0.018617 0.675785 143 104 85
0.044984 0.018521 0.672344 143 104 86
0.047392 0.018429 0.669008 141 102 85
0.049794 0.018344 0.665932 145 101 84
0.052162 0.018256 0.662746 140 96 78
0.054525 0.018174 0.659798 136 95 77
0.056918 0.018110 0.657463 134 94 77
0.059254 0.018033 0.654695 129 90 75
0.061530 0.017945 0.651525 125 89 76
0.063826 0.017871 0.648823 122 86 75
0.066115 0.017799 0.646249 111 78 68
0.068418 0.017737 0.643994 95 61 54
0.070713 0.017677 0.641839 148 113 106
0.073054 0.017633 0.640233 172 138 133
0.075405 0.017594 0.638811 141 111 105
0.077754 0.017557 0.637469 93 70 64
0.080078 0.017517 0.636019 72 57 53
0.082481 0.017496 0.635258 77 72 65
0.084915 0.017483 0.634770 96 95 86
0.087298 0.017460 0.633950 93 95 82
0.089712 0.017445 0.633382 99 99 87
0.092113 0.017428 0.632765 98 97 86
0.094520 0.017413 0.632218 97 94 86
0.096901 0.017394 0.631528 98 96 85
0.099310 0.017381 0.631052 97 95 84
0.101769 0.017377 0.630909 96 94 83
0.104267 0.017380 0.631010 98 96 85
0.106735 0.017378 0.630928 96 96 84
0.109224 0.017380 0.630969 96 96 84
0.111683 0.017376 0.630843 96 94 83
0.114121 0.017370 0.630601 94 94 82
0.116579 0.017367 0.630481 94 94 82
0.119076 0.017369 0.630569 93 93 81
0.121579 0.017373 0.630692 93 93 81
0.124062 0.017374 0.630703 94 92 81
0.126523 0.017371 0.630602 96 94 83
0.129156 0.017392 0.631347 93 91 80
0.131685 0.017398 0.631570 91 89 78
0.134278 0.017413 0.632079 91 89 78
0.136864 0.017426 0.632541 90 88 77
0.139391 0.017431 0.632718 90 88 77
0.141995 0.017446 0.633233 88 86 76
0.144596 0.017459 0.633715 86 83 75
0.147114 0.017463 0.633825 85 82 74
0.149719 0.017476 0.634302 82 81 72
0.152313 0.017488 0.634713 81 80 71
0.154931 0.017502 0.635211 80 79 70
0.157555 0.017516 0.635717 79 78 70
0.160214 0.017534 0.636348 78 77 69
0.162842 0.017548 0.636835 75 74 66
0.165495 0.017564 0.637407 75 74 65
0.168126 0.017577 0.637878 73 73 64
0.170707 0.017585 0.638145 74 74 64
0.173260 0.017589 0.638306 74 73 64
0.175930 0.017606 0.638885 75 72 64
0.178536 0.017615 0.639215 74 71 63
0.181215 0.017632 0.639799 72 71 62
0.183897 0.017648 0.640374 71 70 61
0.186721 0.017677 0.641424 72 71 62
0.189581 0.017709 0.642565 71 71 62
0.192614 0.017756 0.644256 70 69 60
0.195531 0.017792 0.645520 70 65 58
0.198738 0.017852 0.647696 64 57 51
0.201796 0.017898 0.649339 67 53 45
0.204998 0.017956 0.651397 139 112 100
0.208431 0.018032 0.654131 148 113 103
0.016782 0.022365 0.709920 151 111 85
0.019508 0.022289 0.707526 153 111 85
0.022191 0.022189 0.704341 152 109 86
0.024873 0.022110 0.701845 152 107 87
0.027528 0.022025 0.699167 151 108 87
0.030158 0.021938 0.696402 150 106 87
0.032756 0.021843 0.693408 149 105 86
0.035349 0.021760 0.690779 147 106 86
0.037896 0.021663 0.687699 146 106 86
0.040413 0.021562 0.684511 143 104 85
0.042870 0.021444 0.680770 143 104 85
0.045313 0.021333 0.677269 143 104 85
0.047748 0.021230 0.674030 142 103 84
0.050180 0.021138 0.671108 145 101 84
0.052565 0.021035 0.667861 142 100 83
0.054957 0.020946 0.665024 141 100 82
0.057362 0.020869 0.662592 138 97 79
0.059739 0.020789 0.660058 133 94 77
0.062081 0.020704 0.657364 128 91 77
0.064405 0.020620 0.654706 126 91 76
0.066687 0.020529 0.651837 125 89 74
0.068984 0.020450 0.649329 122 85 71
0.071277 0.020375 0.646959 123 83 70
0.073604 0.020314 0.645052 114 74 61
0.075906 0.020251 0.643057 116 77 64
0.078245 0.020202 0.641500 141 103 93
0.080525 0.020141 0.639566 170 131 125
0.082869 0.020100 0.638247 160 126 119
0.085236 0.020066 0.637171 120 93 89
0.087584 0.020030 0.636022 83 66 63
0.089886 0.019985 0.634614 68 63 57
0.092235 0.019953 0.633607 85 85 77
0.094583 0.019923 0.632639 90 90 82
0.096968 0.019902 0.631965 98 94 84
0.099365 0.019884 0.631401 100 95 85
0.101820 0.019879 0.631224 95 91 81
0.104296 0.019878 0.631183 96 94 83
0.106782 0.019879 0.631203 96 94 83
0.109229 0.019872 0.630997 96 94 83
0.111672 0.019866 0.630778 96 94 83
0.114066 0.019851 0.630298 96 95 83
0.116577 0.019856 0.630471 93 93 81
0.119042 0.019854 0.630390 92 92 80
0.121575 0.019863 0.630667 93 91 80
0.124067 0.019865 0.630726 92 90 79
0.126601 0.019874 0.630993 92 89 81
0.129194 0.019891 0.631534 91 89 78
0.131703 0.019895 0.631654 89 87 76
0.134245 0.019904 0.631928 89 87 76
0.136888 0.019928 0.632653 88 86 75
0.139417 0.019934 0.632837 86 86 74
0.142011 0.019949 0.633305 86 85 75
0.144623 0.019966 0.633837 85 82 74
0.147235 0.019982 0.634350 83 80 72
0.149763 0.019987 0.634488 81 79 71
0.152317 0.019995 0.634732 79 78 69
0.154844 0.019999 0.634855 77 76 67
0.157463 0.020015 0.635348 76 75 67
0.160109 0.020034 0.635931 76 75 67
0.162770 0.020054 0.636554 75 74 66
0.165386 0.020068 0.636988 74 73 64
0.168019 0.020083 0.637471 72 71 62
0.170456 0.020075 0.637210 73 72 63
0.172940 0.020073 0.637126 73 72 63
0.175536 0.020083 0.637453 72 69 61
0.178287 0.020111 0.638327 71 68 60
0.181045 0.020139 0.639198 73 71 62
0.183884 0.020176 0.640330 71 68 62
0.186767 0.020215 0.641581 65 63 56
0.189772 0.020267 0.643212 47 45 35
0.192950 0.020336 0.645380 71 59 56
0.196210 0.020412 0.647762 112 94 92
0.199717 0.020512 0.650888 147 120 117
0.203553 0.020642 0.654994 135 101 87
0.016861 0.025288 0.713264 151 109 85
0.019596 0.025198 0.710724 152 109 85
0.022289 0.025082 0.707460 152 109 86
0.024979 0.024989 0.704860 151 106 86
0.027648 0.024895 0.702214 150 106 86
0.030286 0.024794 0.699365 150 106 86
0.032904 0.024694 0.696545 149 105 85
0.035520 0.024608 0.694139 146 105 87
0.038091 0.024505 0.691235 146 105 86
0.040628 0.024395 0.688157 144 105 86
0.043098 0.024262 0.684407 143 104 85
0.045555 0.024137 0.680888 143 104 85
0.048028 0.024033 0.677986 143 104 85
0.050491 0.023937 0.675270 143 102 83
0.052895 0.023823 0.672057 142 101 83
0.055301 0.023720 0.669185 142 101 83
0.057723 0.023634 0.666759 140 99 81
0.060133 0.023551 0.664411 136 97 79
0.062515 0.023464 0.661967 134 95 80
0.064878 0.023377 0.659519 132 94 80
0.067236 0.023295 0.657209 131 92 75
0.069576 0.023213 0.654899 129 89 73
0.071864 0.023120 0.652289 128 87 71
0.074187 0.023044 0.650164 127 86 71
0.076500 0.022971 0.648097 125 84 70
0.078850 0.022913 0.646458 125 84 71
0.081095 0.022828 0.644093 122 80 68
0.083396 0.022765 0.642307 112 70 58
0.085764 0.022723 0.641120 128 87 76
0.088044 0.022661 0.639368 159 120 112
0.090241 0.022581 0.637122 172 134 132
0.092493 0.022519 0.635382 155 127 124
0.094824 0.022479 0.634253 127 106 104
0.097189 0.022449 0.633411 81 68 62
0.099567 0.022424 0.632689 62 56 49
0.101956 0.022402 0.632069 73 67 60
0.104419 0.022397 0.631930 83 79 69
0.106848 0.022386 0.631597 93 91 79
0.109286 0.022376 0.631331 88 86 77
0.111708 0.022364 0.630983 87 87 77
0.114158 0.022358 0.630810 88 88 79
0.116646 0.022360 0.630847 91 89 81
0.119122 0.022359 0.630815 92 89 80
0.121637 0.022365 0.630990 91 88 80
0.124137 0.022369 0.631085 91 88 80
0.126660 0.022376 0.631289 90 87 79
0.129257 0.022397 0.631843 90 85 77
0.131765 0.022401 0.631956 88 85 76
0.134329 0.022414 0.632321 86 85 73
0.136930 0.022433 0.632849 87 88 77
0.139501 0.022447 0.633222 83 85 71
0.142047 0.022456 0.633468 82 84 71
0.144716 0.022484 0.634246 80 81 71
0.147330 0.022502 0.634759 79 78 70
0.149843 0.022505 0.634827 78 77 69
0.152411 0.022516 0.635125 77 76 68
0.154962 0.022524 0.635341 73 73 64
0.157589 0.022542 0.635858 74 73 65
0.160263 0.022567 0.636546 71 71 63
0.162913 0.022588 0.637115 73 73 66
0.165627 0.022617 0.637919 66 67 59
0.168264 0.022634 0.638402 70 67 60
0.170705 0.022625 0.638140 70 68 60
0.173219 0.022626 0.638154 62 63 52
0.175909 0.022649 0.638808 61 60 50
0.178780 0.022695 0.640090 50 46 36
0.181800 0.022759 0.641864 52 47 37
0.184752 0.022812 0.643353 96 86 80
0.188053 0.022907 0.645998 136 123 116
0.191199 0.022980 0.648048 147 122 110
0.194720 0.023097 0.651302 133 95 88
0.198351 0.023223 0.654831 129 89 79
0.019681 0.028128 0.713831 150 107 84
0.022379 0.027989 0.710329 151 107 85
0.025077 0.027883 0.707635 151 106 86
0.027755 0.027777 0.704955 150 105 85
0.030409 0.027668 0.702197 150 105 85
0.033037 0.027556 0.699373 149 105 86
0.035659 0.027457 0.696854 147 106 88
0.038255 0.027353 0.694229 145 105 87
0.040817 0.027240 0.691369 144 105 86
0.043308 0.027097 0.687740 144 105 86
0.045816 0.026980 0.684791 144 105 86
0.048321 0.026875 0.682130 142 103 84
0.050783 0.026758 0.679172 143 102 82
0.053221 0.026641 0.676211 142 101 83
0.062903 0.026241 0.666074 137 99 80
0.065311 0.026156 0.663917 135 96 81
0.067712 0.026075 0.661869 136 96 75
0.070091 0.025991 0.659750 135 92 74
0.072422 0.025897 0.657361 135 89 73
0.074775 0.025816 0.655318 133 88 70
0.077130 0.025742 0.653436 131 87 68
0.079474 0.025668 0.651577 130 86 68
0.081744 0.025577 0.649252 129 85 71
0.084107 0.025519 0.647784 129 83 69
0.090928 0.025289 0.641978 117 80 72
0.093198 0.025220 0.640223 111 76 68
0.095488 0.025160 0.638698 131 94 88
0.097784 0.025104 0.637286 149 120 114
0.100009 0.025034 0.635498 151 125 122
0.102323 0.024988 0.634348 158 136 134
0.104699 0.024960 0.633628 142 126 112
0.107120 0.024944 0.633203 126 108 99
0.109517 0.024923 0.632666 100 82 80
0.111956 0.024912 0.632387 74 58 55
0.114440 0.024911 0.632368 72 58 53
0.116935 0.024913 0.632409 69 57 52
0.119374 0.024903 0.632151 68 57 52
0.121867 0.024905 0.632184 75 65 60
0.124339 0.024902 0.632114 74 66 60
0.126886 0.024914 0.632415 78 70 64
0.129423 0.024924 0.632658 83 75 70
0.131963 0.024934 0.632903 82 75 69
0.134549 0.024952 0.633357 86 83 76
0.137174 0.024977 0.633978 75 75 70
0.139743 0.024991 0.634319 75 76 69
0.142381 0.025017 0.634959 74 74 66
0.145002 0.025038 0.635497 75 73 65
0.147615 0.025058 0.635988 75 74 66
0.150144 0.025063 0.636104 70 67 60
0.152751 0.025080 0.636540 67 62 56
0.155344 0.025095 0.636906 61 57 50
0.158035 0.025125 0.637657 61 55 50
0.160731 0.025155 0.638401 51 48 42
0.163459 0.025189 0.639252 46 43 41
0.166178 0.025220 0.640040 51 35 32
0.168823 0.025239 0.640524 69 47 43
0.171375 0.025244 0.640645 93 72 68
0.174110 0.025276 0.641436 133 108 101
0.176878 0.025312 0.642327 153 132 122
0.179994 0.025396 0.644438 157 123 117
0.183338 0.025509 0.647296 134 99 85
0.186663 0.025617 0.650007 127 89 74
0.019764 0.031078 0.716850 150 107 84
0.022476 0.030930 0.713436 150 107 86
0.025183 0.030808 0.710637 151 106 86
0.027875 0.030694 0.708007 150 105 85
0.030537 0.030571 0.705179 150 105 85
0.033183 0.030453 0.702472 149 105 87
0.035820 0.030346 0.700005 147 106 88
0.038419 0.030225 0.697210 144 105 87
0.041002 0.030107 0.694496 144 105 86
0.043524 0.029962 0.691171 143 104 85
0.046059 0.029843 0.688432 142 103 84
0.048583 0.029730 0.685828 141 102 83
0.051066 0.029605 0.682960 143 102 84
0.053538 0.029487 0.680242 142 101 82
0.065749 0.028972 0.668378 137 98 79
0.068164 0.028881 0.666283 139 96 77
0.070537 0.028780 0.663952 138 94 76
0.072915 0.028688 0.661838 138 92 76
0.075293 0.028602 0.659859 137 91 73
0.077669 0.028521 0.658000 135 89 71
0.080047 0.028446 0.656279 133 89 71
0.082362 0.028355 0.654166 131 87 72
0.084745 0.028291 0.652696 130 85 71
0.087170 0.028245 0.651634 130 85 72
0.110149 0.027580 0.636316 125 94 84
0.112502 0.027544 0.635472 138 111 99
0.114924 0.027525 0.635045 146 121 112
0.117321 0.027502 0.634496 158 134 122
0.119702 0.027475 0.633892 158 132 118
0.122144 0.027464 0.633627 162 133 121
0.124647 0.027467 0.633681 153 126 114
0.127138 0.027467 0.633672 153 126 116
0.129675 0.027476 0.633889 146 118 114
0.132190 0.027481 0.633995 141 114 108
0.134846 0.027515 0.634759 136 111 105
0.137432 0.027533 0.635173 127 101 94
0.140040 0.027555 0.635669 125 103 96
0.142713 0.027589 0.636438 120 103 97
0.145411 0.027626 0.637294 121 104 100
0.148050 0.027651 0.637861 118 109 103
0.150612 0.027661 0.638089 124 114 105
0.153192 0.027674 0.638381 125 118 107
0.155868 0.027704 0.639058 130 122 111
0.158592 0.027741 0.639906 137 125 120
0.161434 0.027798 0.641197 141 127 122
0.164225 0.027844 0.642248 145 116 107
0.167037 0.027892 0.643349 147 105 99
0.169738 0.027920 0.643996 133 93 86
0.017082 0.034185 0.722652 150 107 84
0.019847 0.034052 0.719865 151 106 85
0.022567 0.033885 0.716331 151 106 86
0.025285 0.033752 0.713520 152 106 86
0.027981 0.033618 0.710699 150 104 86
0.030662 0.033493 0.708057 150 104 86
0.033326 0.033371 0.705493 149 105 86
0.035967 0.033247 0.702879 147 105 86
0.038579 0.033116 0.700108 144 104 86
0.041172 0.032987 0.697381 143 104 85
0.043702 0.032827 0.694011 142 103 84
0.046265 0.032708 0.691512 142 103 83
0.048830 0.032605 0.689323 142 102 82
0.051338 0.032476 0.686608 143 102 84
0.053841 0.032357 0.684088 142 101 81
0.068608 0.031719 0.670627 140 96 77
0.071007 0.031612 0.668377 140 95 77
0.073392 0.031507 0.666163 140 94 76
0.075802 0.031420 0.664322 141 93 76
0.078195 0.031332 0.662459 138 92 74
0.080608 0.031257 0.660884 138 91 73
0.082961 0.031164 0.658924 136 90 76
0.085369 0.031097 0.657510 134 90 75
0.087811 0.031046 0.656430 132 88 74
0.090211 0.030984 0.655112 128 88 75
0.017155 0.037200 0.725788 150 107 84
0.019930 0.037051 0.722879 150 105 85
0.022665 0.036873 0.719431 150 105 85
0.025392 0.036725 0.716536 153 105 86
0.028103 0.036585 0.713821 151 105 87
0.030792 0.036444 0.711072 150 104 86
0.033466 0.036311 0.708470 148 104 85
0.036122 0.036179 0.705908 146 102 83
0.038747 0.036038 0.703155 143 102 84
0.041359 0.035904 0.700556 142 103 84
0.043903 0.035731 0.697192 142 103 85
0.046471 0.035598 0.694596 141 102 83
0.049062 0.035496 0.692602 143 102 82
0.051602 0.035369 0.690135 143 102 82
0.054117 0.035239 0.687604 143 100 81
0.056629 0.035120 0.685276 144 100 81
0.069002 0.034565 0.674478 142 98 79
0.071417 0.034450 0.672239 141 95 77
0.073827 0.034342 0.670119 141 95 77
0.076271 0.034255 0.668439 140 94 76
0.078672 0.034156 0.666503 141 93 75
0.081127 0.034086 0.665134 140 92 74
0.083495 0.033985 0.663167 138 91 73
0.085906 0.033907 0.661643 135 91 76
0.088378 0.033857 0.660674 133 90 75
0.090795 0.033789 0.659351 130 91 78
0.017221 0.040220 0.728568 150 106 86
0.020010 0.040067 0.725792 151 106 86
0.022753 0.039870 0.722235 151 105 85
0.025493 0.039713 0.719393 152 105 85
0.028207 0.039551 0.716458 150 104 86
0.030905 0.039398 0.713696 150 104 86
0.033580 0.039243 0.710889 148 102 84
0.036241 0.039097 0.708255 145 104 86
0.038871 0.038940 0.705423 144 103 85
0.041487 0.038792 0.702732 143 102 84
0.044072 0.038634 0.699880 142 103 83
0.046657 0.038495 0.697376 142 101 82
0.049257 0.038384 0.695363 144 102 81
0.051822 0.038258 0.693078 144 101 80
0.054351 0.038120 0.690580 144 100 81
0.056873 0.037990 0.688232 143 99 80
0.059409 0.037881 0.686256 143 99 80
0.074211 0.037181 0.673603 140 94 76
0.076690 0.037099 0.672111 140 93 75
0.079100 0.036989 0.670127 140 94 76
0.081544 0.036902 0.668556 139 93 75
0.083930 0.036796 0.666625 139 92 74
0.086337 0.036704 0.664969 138 92 74
0.088800 0.036641 0.663824 134 93 77
0.091201 0.036557 0.662299 131 92 79
0.017290 0.043273 0.731514 150 105 85
0.020087 0.043099 0.728581 153 106 86
0.022847 0.042901 0.725248 152 105 85
0.025597 0.042728 0.722328 152 105 85
0.028322 0.042554 0.719390 150 104 86
0.031025 0.042381 0.716471 150 104 86
0.033712 0.042217 0.713697 148 104 87
0.036396 0.042074 0.711289 146 103 84
0.039040 0.041908 0.708485 143 104 84
0.041671 0.041753 0.705861 143 103 83
0.044274 0.041589 0.703093 141 102 82
0.046887 0.041454 0.700815 143 100 82
0.049499 0.041333 0.698784 144 100 81
0.052083 0.041203 0.696577 144 101 80
0.054627 0.041055 0.694088 144 100 80
0.057170 0.040921 0.691822 143 99 80
0.064753 0.040557 0.685675 142 97 79
0.074624 0.040064 0.677353 142 95 77
0.077091 0.039962 0.675626 142 95 77
0.079511 0.039843 0.673614 140 94 76
0.082008 0.039769 0.672366 140 94 76
0.084434 0.039666 0.670626 139 93 75
0.086878 0.039577 0.669132 138 92 74
0.089360 0.039511 0.668017 136 93 76
0.091764 0.039415 0.666394 131 92 78
0.094167 0.039324 0.664852 130 92 79
0.096541 0.039226 0.663193 129 93 79
0.101389 0.039084 0.660791 130 91 77
0.103816 0.039019 0.659697 130 89 75
-0.019027 0.050961 0.807395 137 115 99
-0.015673 0.050387 0.798332 138 115 98
0.011694 0.046796 0.741553 146 105 82
0.014541 0.046575 0.738058 149 105 83
0.017352 0.046327 0.734124 152 105 85
0.020163 0.046152 0.731354 152 105 85
0.022938 0.045949 0.728149 152 105 85
0.025701 0.045768 0.725279 152 105 85
0.028445 0.045594 0.722532 149 104 84
0.031165 0.045416 0.719711 149 104 84
0.033865 0.045240 0.716930 147 103 85
0.036560 0.045086 0.714484 146 103 85
0.039212 0.044905 0.711623 143 102 83
0.041860 0.044743 0.709063 142 102 83
0.044485 0.044578 0.706454 142 101 81
0.047118 0.044441 0.704282 143 100 81
0.049780 0.044344 0.702751 144 100 81
0.052387 0.044211 0.700649 144 100 81
0.054944 0.044052 0.698125 143 99 80
0.057514 0.043917 0.695996 143 99 80
0.060101 0.043808 0.694257 142 98 79
0.062659 0.043687 0.692347 142 98 79
0.065176 0.043549 0.690162 143 97 79
0.075086 0.043005 0.681549 141 95 77
0.077589 0.042906 0.679990 143 96 76
0.080030 0.042782 0.678017 139 93 75
0.082526 0.042693 0.676610 139 93 75
0.085020 0.042609 0.675286 139 93 75
0.087480 0.042514 0.673777 137 93 74
0.089975 0.042441 0.672615 136 93 77
0.092427 0.042352 0.671209 132 93 80
0.094836 0.042249 0.669579 130 93 80
0.097256 0.042156 0.668107 129 93 79
0.099664 0.042063 0.666637 129 93 79
0.102107 0.041990 0.665469 131 91 77
0.104573 0.041929 0.664508 131 89 76
-0.015689 0.053595 0.799140 139 109 90
0.005953 0.050518 0.753350 137 93 76
0.008859 0.050193 0.748523 142 96 78
0.011736 0.049906 0.744244 146 101 82
0.014593 0.049666 0.740677 150 105 85
0.017416 0.049410 0.736855 152 105 85
0.020236 0.049220 0.734036 152 105 85
0.023028 0.049017 0.731011 152 105 85
0.025801 0.048823 0.728123 151 104 84
0.028557 0.048638 0.725369 149 104 84
0.031290 0.048452 0.722599 149 104 84
0.034006 0.048273 0.719926 148 102 84
0.036706 0.048100 0.717356 147 102 85
0.039374 0.047913 0.714565 144 101 84
0.042036 0.047744 0.712046 141 100 82
0.044679 0.047576 0.709542 141 100 80
0.047317 0.047422 0.707255 143 100 80
0.049984 0.047313 0.705629 144 100 82
0.052621 0.047190 0.703787 144 100 81
0.055188 0.047018 0.701230 143 99 80
0.057781 0.046883 0.699224 143 97 79
0.060373 0.046761 0.697402 143 97 79
0.062951 0.046639 0.695578 143 97 79
0.065494 0.046501 0.693527 143 97 79
0.068004 0.046352 0.691316 143 97 79
0.070556 0.046243 0.689678 143 97 79
0.073047 0.046103 0.687592 141 95 77
0.075482 0.045938 0.685147 141 95 77
0.077980 0.045823 0.683420 140 94 76
0.080436 0.045691 0.681457 142 95 75
0.082969 0.045610 0.680251 139 93 75
0.085481 0.045522 0.678946 139 93 76
0.087964 0.045425 0.677501 138 94 77
0.090465 0.045344 0.676281 135 95 76
0.092948 0.045257 0.674990 133 94 80
0.095377 0.045150 0.673397 131 94 80
0.097785 0.045039 0.671740 129 93 79
0.100210 0.044942 0.670288 130 93 79
0.102668 0.044864 0.669127 131 91 77
-0.019039 0.057373 0.807879 147 123 103
-0.015718 0.056855 0.800602 143 113 87
0.003020 0.054046 0.761120 139 92 78
0.005975 0.053697 0.756215 141 95 77
0.008893 0.053356 0.751426 144 98 80
0.011777 0.053033 0.746878 149 103 85
0.014649 0.052795 0.743530 150 102 84
0.017479 0.052511 0.739542 151 105 85
0.020314 0.052320 0.736853 152 105 85
0.023116 0.052102 0.733790 151 104 84
0.025900 0.051897 0.730904 151 103 85
0.028664 0.051698 0.728110 151 103 85
0.031409 0.051502 0.725349 150 102 84
0.034140 0.051319 0.722778 148 102 84
0.036849 0.051133 0.720158 145 102 85
0.039534 0.050942 0.717475 143 102 84
0.042226 0.050785 0.715264 142 101 83
0.044874 0.050598 0.712635 142 101 83
0.047541 0.050454 0.710611 143 99 81
0.050191 0.050309 0.708564 144 98 80
0.052830 0.050168 0.706574 144 98 80
0.055433 0.050009 0.704340 144 98 80
0.058031 0.049861 0.702258 144 98 80
0.060653 0.049745 0.700635 143 97 79
0.063238 0.049611 0.698745 142 96 78
0.065790 0.049463 0.696667 142 96 78
0.068321 0.049312 0.694541 143 97 79
0.070865 0.049182 0.692701 143 97 79
0.073368 0.049033 0.690615 141 95 77
0.075829 0.048869 0.688302 141 95 77
0.078343 0.048748 0.686602 143 95 77
0.080858 0.048636 0.685029 141 93 76
0.083410 0.048554 0.683865 139 93 77
0.085888 0.048434 0.682181 139 93 75
0.088392 0.048336 0.680801 138 95 78
0.090884 0.048237 0.679410 135 96 79
0.093324 0.048118 0.677726 134 95 81
0.095815 0.048030 0.676489 132 93 80
0.098285 0.047937 0.675179 132 93 80
0.100724 0.047834 0.673730 131 92 79
0.103221 0.047763 0.672734 132 92 78
0.105735 0.047704 0.671893 134 91 74
-0.019038 0.060560 0.807833 129 96 77
-0.015742 0.060107 0.801798 152 112 91
-0.012489 0.059631 0.795463 151 104 89
-0.003026 0.058168 0.775975 143 96 82
0.000026 0.057685 0.769544 136 88 74
0.003031 0.057259 0.763883 141 94 78
0.005997 0.056896 0.759041 144 96 78
0.008926 0.056534 0.754222 147 99 81
0.011822 0.056198 0.749742 148 99 82
0.014701 0.055932 0.746203 160 112 94
0.017545 0.055643 0.742353 151 103 85
0.020385 0.055426 0.739454 151 104 85
0.023198 0.055198 0.736419 151 104 84
0.025993 0.054982 0.733543 151 103 85
0.028766 0.054768 0.730699 150 102 84
0.031523 0.054565 0.727988 150 102 84
0.034278 0.054394 0.725705 147 101 83
0.036996 0.054193 0.723035 145 102 85
0.039690 0.053989 0.720308 143 102 84
0.042388 0.053817 0.718016 142 101 83
0.045072 0.053649 0.715786 143 100 82
0.047741 0.053485 0.713594 144 99 81
0.050396 0.053324 0.711451 144 98 80
0.053047 0.053177 0.709488 144 99 80
0.055679 0.053026 0.707474 144 98 80
0.058297 0.052876 0.705477 143 97 79
0.060917 0.052742 0.703692 143 97 79
0.063529 0.052612 0.701960 143 97 79
0.066115 0.052474 0.700111 143 97 79
0.068665 0.052318 0.698041 142 96 78
0.071229 0.052185 0.696262 142 96 78
0.073733 0.052019 0.694055 141 95 77
0.076220 0.051854 0.691853 141 95 77
0.078747 0.051727 0.690152 142 94 76
0.081299 0.051623 0.688770 141 93 75
0.083882 0.051546 0.687737 141 93 76
0.086365 0.051413 0.685970 138 92 76
0.088873 0.051303 0.684506 138 93 76
0.091335 0.051174 0.682782 135 93 78
0.093766 0.051035 0.680934 132 93 80
0.096277 0.050947 0.679751 131 92 79
0.098773 0.050856 0.678534 131 92 79
0.101227 0.050748 0.677095 130 91 78
0.103741 0.050675 0.676126 131 91 77
0.106287 0.050621 0.675403 134 90 73
0.108883 0.050593 0.675029 133 92 73
0.111496 0.050574 0.674775 133 92 72
-0.019048 0.063782 0.808239 132 99 86
-0.015761 0.063348 0.802740 144 102 92
-0.012515 0.062906 0.797152 153 105 91
-0.009305 0.062400 0.790754 150 102 87
-0.006146 0.061918 0.784655 148 100 84
-0.003037 0.061446 0.778684 146 98 84
0.000026 0.060938 0.772250 144 96 80
0.003041 0.060497 0.766673 143 95 79
0.006019 0.060113 0.761813 145 97 81
0.008959 0.059736 0.757038 147 99 82
0.011867 0.059387 0.752623 148 99 82
0.014757 0.059107 0.749082 152 103 86
0.017611 0.058798 0.745169 161 113 95
0.020461 0.058565 0.742219 155 107 89
0.023282 0.058317 0.739091 151 103 85
0.026084 0.058082 0.736111 151 102 85
0.028870 0.057863 0.733334 150 102 84
0.031637 0.057650 0.730640 150 102 84
0.034395 0.057455 0.728177 147 101 83
0.037134 0.057262 0.725728 143 101 84
0.039833 0.057040 0.722915 142 101 83
0.042540 0.056857 0.720602 142 101 83
0.045240 0.056688 0.718468 144 100 82
0.047930 0.056528 0.716433 145 99 81
0.050603 0.056366 0.714380 145 99 81
0.053262 0.056207 0.712368 144 99 79
0.055923 0.056065 0.710571 143 97 79
0.058562 0.055916 0.708681 143 97 79
0.061221 0.055799 0.707208 143 97 79
0.063852 0.055668 0.705538 142 96 78
0.066445 0.055515 0.703607 141 95 77
0.069008 0.055351 0.701527 142 96 78
0.071590 0.055214 0.699796 141 95 77
0.074127 0.055054 0.697769 141 95 77
0.076637 0.054886 0.695636 141 95 77
0.079164 0.054741 0.693807 142 94 76
0.081712 0.054620 0.692270 141 93 75
0.084315 0.054542 0.691284 141 93 75
0.086806 0.054399 0.689474 138 92 75
0.089339 0.054291 0.688100 137 93 76
0.091810 0.054152 0.686339 135 94 78
0.094285 0.054023 0.684708 132 93 79
0.096756 0.053899 0.683140 131 92 79
0.099200 0.053768 0.681469 131 92 79
0.101714 0.053680 0.680356 130 91 78
0.104255 0.053610 0.679474 131 91 77
0.106786 0.053539 0.678576 133 91 72
0.109363 0.053494 0.678003 133 92 72
0.111958 0.053460 0.677571 133 92 72
0.114567 0.053434 0.677239 131 92 71
-0.019085 0.067103 0.809785 95 74 68
-0.015789 0.066637 0.804170 131 91 82
-0.012548 0.066227 0.799225 156 109 93
-0.009331 0.065707 0.792960 151 105 88
-0.006165 0.065208 0.786949 148 102 86
-0.003046 0.064711 0.780961 148 100 84
0.000026 0.064203 0.774846 146 98 82
0.003052 0.063748 0.769363 146 98 82
0.006040 0.063347 0.764530 148 98 81
0.008991 0.062952 0.759766 149 99 82
0.011911 0.062594 0.755447 150 100 83
0.014809 0.062285 0.751725 151 101 84
0.017678 0.061975 0.747993 152 102 85
0.020533 0.061715 0.744854 154 106 88
0.023365 0.061455 0.741727 166 118 100
0.026173 0.061199 0.738631 145 98 78
0.028970 0.060972 0.735894 149 101 83
0.031745 0.060743 0.733135 149 101 83
0.034515 0.060543 0.730722 146 100 82
0.037256 0.060327 0.728118 145 101 84
0.039973 0.060105 0.725449 145 101 84
0.042693 0.059918 0.723186 145 101 84
0.045404 0.059742 0.721066 144 100 81
0.048101 0.059570 0.718994 145 99 81
0.050799 0.059417 0.717152 145 99 81
0.053473 0.059255 0.715197 144 98 80
0.056147 0.059108 0.713426 143 97 79
0.058801 0.058956 0.711583 143 97 79
0.061468 0.058829 0.710057 143 98 78
0.064114 0.058695 0.708440 143 97 79
0.066721 0.058538 0.706539 142 96 78
0.069315 0.058381 0.704656 142 96 78
0.071910 0.058238 0.702925 141 95 77
0.074476 0.058083 0.701055 141 95 77
0.077027 0.057928 0.699184 141 95 77
0.079553 0.057765 0.697216 141 94 76
0.082125 0.057645 0.695769 138 92 74
0.084717 0.057546 0.694583 138 92 74
0.087246 0.057413 0.692972 137 91 74
0.089805 0.057307 0.691692 137 93 76
0.092310 0.057173 0.690076 135 93 80
0.094792 0.057033 0.688388 133 94 81
0.097259 0.056893 0.686694 132 92 79
0.099732 0.056763 0.685127 130 91 78
0.102251 0.056665 0.683949 131 91 77
0.104786 0.056581 0.682935 131 90 74
0.107313 0.056498 0.681925 133 90 72
0.109868 0.056432 0.681137 133 92 72
0.112513 0.056415 0.680930 133 92 72
0.115124 0.056383 0.680534 131 92 71
0.117727 0.056348 0.680106 130 91 70
0.120362 0.056329 0.679882 131 92 71
-0.019127 0.070458 0.811586 60 53 50
-0.015817 0.069935 0.805577 120 96 87
-0.012572 0.069510 0.800690 134 97 82
-0.009354 0.069008 0.794913 151 106 91
-0.006182 0.068503 0.789096 150 104 88
-0.003055 0.067996 0.783270 148 102 86
0.000025 0.067479 0.777321 148 100 83
0.003062 0.067018 0.772017 148 100 82
0.006060 0.066597 0.767183 149 99 82
0.009022 0.066186 0.762454 150 100 83
0.011952 0.065802 0.758036 150 101 83
0.014865 0.065503 0.754593 151 102 83
0.017743 0.065171 0.750769 152 103 84
0.020609 0.064896 0.747605 152 103 84
0.023447 0.064612 0.744336 152 103 85
0.026268 0.064352 0.741344 161 114 94
0.029075 0.064110 0.738563 161 114 94
0.031864 0.063878 0.735890 145 98 80
0.034634 0.063648 0.733248 144 100 81
0.037396 0.063441 0.730868 144 100 83
0.040129 0.063217 0.728290 145 101 83
0.042867 0.063031 0.726148 144 100 81
0.045577 0.062829 0.723820 143 99 80
0.048285 0.062648 0.721738 144 99 80
0.050991 0.062487 0.719876 145 99 81
0.053682 0.062323 0.717994 143 97 79
0.056365 0.062167 0.716194 143 97 79
0.059053 0.062031 0.714632 143 97 79
0.061726 0.061893 0.713036 142 96 78
0.064398 0.061766 0.711579 143 97 79
0.067039 0.061621 0.709906 142 96 78
0.069653 0.061463 0.708092 142 96 78
0.072271 0.061321 0.706455 141 95 77
0.074831 0.061142 0.704394 140 94 77
0.077399 0.060983 0.702563 139 93 77
0.079963 0.060831 0.700810 139 93 75
0.082532 0.060693 0.699227 138 92 74
0.085139 0.060591 0.698051 137 91 73
0.087674 0.060446 0.696376 137 91 74
0.090206 0.060307 0.694781 136 92 75
0.092718 0.060164 0.693128 134 92 79
0.095209 0.060016 0.691423 132 93 80
0.097686 0.059867 0.689707 132 92 79
0.100181 0.059737 0.688209 131 91 77
0.102699 0.059627 0.686947 132 90 77
0.105262 0.059549 0.686042 131 90 74
0.107801 0.059461 0.685030 134 90 73
0.110376 0.059397 0.684290 133 92 72
0.113014 0.059369 0.683964 133 92 72
0.115657 0.059344 0.683682 130 91 70
0.118253 0.059298 0.683144 131 92 71
-0.019165 0.073806 0.813163 75 67 64
-0.015842 0.073230 0.806819 60 48 48
-0.012595 0.072804 0.802130 128 96 83
-0.009375 0.072303 0.796625 144 102 86
-0.006200 0.071825 0.791364 151 105 91
-0.003065 0.071308 0.785677 150 104 88
0.000025 0.070795 0.780031 151 103 85
0.003072 0.070303 0.774618 149 101 83
0.006083 0.069891 0.770086 149 99 82
0.009057 0.069467 0.765411 150 100 83
0.012000 0.069078 0.761131 154 104 87
0.014920 0.068738 0.757396 153 104 85
0.017811 0.068398 0.753655 151 102 83
0.020685 0.068101 0.750379 152 103 84
0.023532 0.067800 0.747067 152 103 84
0.026362 0.067519 0.743982 151 102 83
0.029177 0.067264 0.741173 151 103 84
0.031970 0.067007 0.738346 167 122 102
0.034750 0.066768 0.735708 151 106 87
0.037517 0.066544 0.733242 142 98 79
0.040270 0.066328 0.730860 144 100 82
0.043015 0.066128 0.728664 144 100 81
0.045740 0.065925 0.726424 144 100 81
0.048460 0.065738 0.724371 144 99 80
0.051185 0.065578 0.722612 144 99 79
0.053876 0.065395 0.720592 143 97 79
0.056581 0.065246 0.718948 142 96 77
0.059272 0.065095 0.717286 142 96 78
0.061948 0.064942 0.715604 142 96 78
0.064631 0.064811 0.714154 142 96 78
0.067296 0.064672 0.712627 142 96 78
0.069932 0.064518 0.710935 141 95 77
0.072558 0.064367 0.709263 140 94 76
0.075138 0.064188 0.707294 139 93 76
0.077735 0.064035 0.705612 139 93 77
0.080327 0.063889 0.704002 138 92 74
0.082906 0.063743 0.702391 138 92 74
0.085529 0.063639 0.701247 137 91 73
0.088098 0.063502 0.699743 137 91 74
0.090638 0.063354 0.698105 135 92 76
0.093180 0.063216 0.696587 134 93 77
0.095679 0.063057 0.694833 132 93 79
0.098163 0.062897 0.693079 132 92 78
0.100669 0.062760 0.691566 131 90 77
0.103230 0.062663 0.690498 132 90 77
0.105816 0.062587 0.689656 133 89 74
0.108355 0.062486 0.688550 133 89 72
0.110927 0.062410 0.687707 134 90 73
0.113562 0.062371 0.687279 133 92 72
0.116210 0.062342 0.686955 131 92 71
0.118827 0.062298 0.686461 131 92 71
0.121444 0.062255 0.685993 130 91 70
-0.015889 0.076644 0.809216 70 59 56
-0.012617 0.076105 0.803537 79 63 58
-0.009396 0.075619 0.798405 130 94 79
-0.006215 0.075134 0.793291 147 106 90
-0.003074 0.074613 0.787805 151 105 87
0.000025 0.074098 0.782375 152 105 87
0.003082 0.073622 0.777357 153 104 86
0.006105 0.073198 0.772878 152 102 85
0.009092 0.072777 0.768438 151 101 84
0.012050 0.072388 0.764341 153 103 86
0.014984 0.072039 0.760658 153 103 86
0.017882 0.071661 0.756674 169 119 101
0.020765 0.071342 0.753304 147 99 80
0.023621 0.071018 0.749891 150 102 84
0.026458 0.070717 0.746716 149 101 83
0.029283 0.070448 0.743877 148 101 82
0.032087 0.070180 0.741044 141 96 76
0.034874 0.069924 0.738346 152 106 84
0.037653 0.069692 0.735903 165 119 98
0.040419 0.069470 0.733559 146 103 82
0.043179 0.069269 0.731436 140 97 74
0.045918 0.069062 0.729253 143 97 79
0.048644 0.068860 0.727126 144 98 80
0.051375 0.068687 0.725296 143 97 79
0.054086 0.068508 0.723405 141 97 78
0.056794 0.068343 0.721660 142 98 78
0.059496 0.068185 0.719998 142 98 79
0.062163 0.068005 0.718098 142 96 78
0.064852 0.067863 0.716602 140 97 76
0.067517 0.067709 0.714969 142 96 78
0.070165 0.067551 0.713304 140 94 76
0.072806 0.067399 0.711697 139 95 76
0.075418 0.067232 0.709933 138 94 75
0.078035 0.067081 0.708340 138 94 75
0.080647 0.066936 0.706811 138 94 75
0.083245 0.066790 0.705270 138 92 74
0.085860 0.066666 0.703966 137 91 73
0.088468 0.066545 0.702683 137 91 74
0.091063 0.066422 0.701383 135 92 76
0.093641 0.066294 0.700032 133 92 77
0.096214 0.066170 0.698725 132 91 79
0.098690 0.065987 0.696797 131 92 78
0.101241 0.065864 0.695499 132 90 75
0.103804 0.065755 0.694344 133 89 72
0.106377 0.065657 0.693310 134 88 72
0.108909 0.065540 0.692069 133 88 70
0.111501 0.065463 0.691262 133 89 70
0.114100 0.065395 0.690538 132 91 71
0.119409 0.065328 0.689826 131 92 71
0.122058 0.065294 0.689462 129 90 69
-0.015940 0.080091 0.811763 91 78 81
-0.012650 0.079483 0.805602 59 42 39
-0.009419 0.078965 0.800358 101 81 73
-0.006233 0.078487 0.795521 135 96 82
-0.003084 0.077988 0.790470 158 108 92
0.000025 0.077494 0.785466 154 104 87
0.003094 0.076993 0.780394 154 104 87
0.006129 0.076563 0.776040 155 103 87
0.009129 0.076119 0.771550 152 102 85
0.012100 0.075722 0.767525 152 103 85
0.015043 0.075341 0.763674 153 104 85
0.017953 0.074949 0.759701 153 103 86
0.020846 0.074607 0.756241 163 113 96
0.023711 0.074264 0.752766 155 107 88
0.026555 0.073937 0.749454 147 100 80
0.029394 0.073663 0.746684 147 101 83
0.032201 0.073368 0.743698 146 100 82
0.035001 0.073106 0.741041 146 100 82
0.037788 0.072859 0.738537 146 100 82
0.040556 0.072614 0.736058 148 103 80
0.043328 0.072409 0.733977 169 125 97
0.046082 0.072200 0.731859 147 102 82
0.048818 0.071989 0.729728 138 92 74
0.051566 0.071819 0.728004 143 97 79
0.054282 0.071624 0.726029 141 98 77
0.057009 0.071462 0.724385 140 97 76
0.059710 0.071285 0.722591 140 97 76
0.062389 0.071099 0.720711 142 96 78
0.065069 0.070931 0.719000 142 99 78
0.067744 0.070770 0.717373 141 97 77
0.070394 0.070598 0.715630 141 95 77
0.073059 0.070453 0.714165 139 95 76
0.075685 0.070283 0.712442 138 94 75
0.078326 0.070139 0.710981 138 94 75
0.080934 0.069976 0.709325 138 94 75
0.083552 0.069832 0.707869 138 92 74
0.086178 0.069704 0.706571 137 91 73
0.088804 0.069584 0.705354 137 91 73
0.091398 0.069447 0.703962 135 92 76
0.094019 0.069338 0.702862 133 92 76
0.096634 0.069231 0.701770 132 92 78
0.099158 0.069066 0.700103 132 91 77
0.101712 0.068931 0.698733 134 89 76
0.104295 0.068822 0.697625 135 89 73
0.106881 0.068721 0.696598 134 88 72
0.109445 0.068610 0.695476 132 88 70
0.112045 0.068527 0.694640 131 90 70
0.114664 0.068460 0.693953 132 91 71
0.119997 0.068389 0.693227 129 90 69
-0.012682 0.082871 0.807609 99 81 78
-0.009449 0.082381 0.802840 40 32 25
-0.006249 0.081825 0.797429 135 103 89
-0.003094 0.081345 0.792756 152 104 92
0.000024 0.080867 0.788107 154 104 86
0.003106 0.080377 0.783337 154 104 87
0.006153 0.079943 0.779106 154 102 86
0.009167 0.079500 0.774792 154 104 87
0.012150 0.079078 0.770687 152 103 85
0.015106 0.078684 0.766856 151 104 87
0.018027 0.078272 0.762845 152 104 88
0.020925 0.077888 0.759098 151 103 87
0.023801 0.077531 0.755629 154 105 89
0.026654 0.077187 0.752273 165 118 100
0.029500 0.076890 0.749385 141 95 76
0.032312 0.076570 0.746270 144 98 80
0.035123 0.076298 0.743624 144 99 82
0.037920 0.076041 0.741118 145 100 84
0.040701 0.075791 0.738687 144 98 81
0.043475 0.075564 0.736467 143 97 79
0.046236 0.075341 0.734301 147 101 83
0.048985 0.075128 0.732228 170 124 106
0.051740 0.074947 0.730460 154 108 90
0.054479 0.074763 0.728664 140 97 76
0.057193 0.074564 0.726735 140 98 76
0.059908 0.074386 0.724999 140 97 76
0.062593 0.074189 0.723072 142 96 78
0.065283 0.074013 0.721366 141 97 77
0.067966 0.073845 0.719728 141 98 77
0.070632 0.073674 0.718057 140 95 76
0.073289 0.073506 0.716420 139 94 76
0.075933 0.073338 0.714782 138 94 75
0.078573 0.073178 0.713227 137 93 74
0.081207 0.073024 0.711724 137 93 74
0.083829 0.072869 0.710216 137 91 73
0.086481 0.072751 0.709062 137 91 73
0.089102 0.072614 0.707724 137 91 73
0.091701 0.072468 0.706304 136 93 76
0.094330 0.072353 0.705188 133 91 76
0.096970 0.072254 0.704217 133 92 76
0.099551 0.072117 0.702879 133 90 75
0.102152 0.072001 0.701757 134 89 74
0.104748 0.071889 0.700662 134 88 72
0.107377 0.071804 0.699830 134 88 72
0.109978 0.071705 0.698867 131 88 70
0.112606 0.071628 0.698119 131 89 70
0.123218 0.071414 0.696018 126 87 66
-0.012732 0.086401 0.810799 108 86 92
-0.009483 0.085862 0.805747 40 26 29
-0.006272 0.085288 0.800364 75 60 50
-0.003104 0.084752 0.795345 142 95 86
0.000024 0.084315 0.791246 155 105 87
0.003118 0.083806 0.786473 154 104 87
0.006178 0.083362 0.782314 154 104 87
0.009203 0.082885 0.777841 153 103 86
0.012200 0.082466 0.773913 156 106 89
0.015168 0.082054 0.770048 152 106 90
0.018101 0.081621 0.765988 147 104 91
0.021011 0.081220 0.762232 146 104 91
0.023895 0.080836 0.758627 145 103 90
0.026759 0.080473 0.755226 144 102 87
0.029611 0.080153 0.752228 160 117 98
0.032436 0.079824 0.749141 156 112 94
0.035263 0.079553 0.746599 142 98 81
0.038068 0.079278 0.744019 144 100 83
0.040855 0.079008 0.741488 144 99 82
0.043642 0.078773 0.739290 144 98 80
0.046413 0.078543 0.737124 144 98 80
0.049172 0.078318 0.735021 144 98 80
0.051932 0.078122 0.733179 146 101 81
0.054669 0.077912 0.731209 156 113 90
0.057402 0.077718 0.729391 165 122 99
0.060115 0.077517 0.727501 141 98 76
0.062813 0.077315 0.725610 136 92 72
0.065506 0.077126 0.723835 138 92 74
0.068200 0.076953 0.722211 140 95 76
0.070870 0.076768 0.720478 139 96 75
0.073551 0.076609 0.718982 140 94 76
0.076202 0.076431 0.717318 139 94 75
0.078874 0.076286 0.715957 137 93 74
0.081518 0.076126 0.714453 136 92 73
0.084155 0.075969 0.712980 136 92 73
0.086804 0.075834 0.711708 136 92 73
0.089444 0.075699 0.710443 137 91 73
0.092068 0.075559 0.709131 135 91 75
0.094714 0.075445 0.708061 135 91 76
0.097365 0.075341 0.707086 133 91 76
0.099994 0.075227 0.706012 134 90 73
0.102598 0.075100 0.704824 133 89 72
0.105222 0.074994 0.703829 134 88 72
0.107847 0.074895 0.702893 134 88 72
0.110490 0.074813 0.702125 132 88 71
0.113122 0.074727 0.701318 132 88 71
-0.009517 0.089358 0.808581 100 77 82
-0.006286 0.088651 0.802189 45 33 29
-0.003114 0.088155 0.797710 139 96 89
0.000024 0.087715 0.793731 151 103 86
0.003128 0.087203 0.789102 155 105 88
0.006198 0.086726 0.784790 154 104 87
0.009235 0.086264 0.780616 152 104 88
0.012246 0.085849 0.776863 153 105 89
0.015227 0.085426 0.773042 155 107 91
0.018172 0.084979 0.768993 156 112 97
0.021091 0.084553 0.765146 143 102 88
0.023986 0.084153 0.761528 143 103 89
0.026859 0.083771 0.758074 143 101 88
0.029719 0.083429 0.754983 142 100 87
0.032553 0.083083 0.751851 143 102 86
0.035388 0.082794 0.749242 154 112 96
0.038207 0.082518 0.746748 153 107 93
0.041000 0.082229 0.744136 141 96 77
0.043795 0.081982 0.741897 143 97 79
0.046579 0.081746 0.739765 144 99 79
0.049345 0.081509 0.737616 144 100 79
0.052117 0.081307 0.735795 143 100 79
0.054856 0.081077 0.733711 143 100 77
0.057596 0.080871 0.731853 139 99 77
0.060319 0.080664 0.729979 141 101 79
0.063025 0.080453 0.728069 159 118 96
0.065741 0.080273 0.726439 153 113 89
0.068428 0.080073 0.724627 134 93 70
0.071123 0.079898 0.723047 135 92 71
0.073800 0.079718 0.721415 137 94 74
0.076474 0.079547 0.719875 137 93 74
0.079140 0.079382 0.718379 136 92 73
0.081803 0.079224 0.716950 136 92 73
0.084456 0.079068 0.715535 136 92 73
0.087120 0.078931 0.714299 136 92 73
0.089775 0.078796 0.713071 135 91 74
0.092449 0.078685 0.712070 135 91 74
0.095089 0.078552 0.710868 135 91 74
0.097757 0.078450 0.709938 135 91 74
0.100408 0.078339 0.708938 134 90 73
0.103055 0.078232 0.707967 133 89 72
0.105694 0.078124 0.706989 133 89 72
0.108360 0.078041 0.706239 134 88 72
0.110990 0.077938 0.705301 132 87 71
0.113662 0.077868 0.704667 131 87 70
0.116319 0.077791 0.703970 132 88 71
-0.009566 0.093021 0.812681 107 83 86
-0.006311 0.092166 0.805219 54 37 37
-0.003124 0.091612 0.800384 78 53 46
0.000024 0.091223 0.796984 138 95 77
0.003140 0.090690 0.792333 155 105 88
0.006223 0.090206 0.788106 154 104 88
0.009271 0.089698 0.783679 153 106 90
0.012299 0.089300 0.780206 151 105 91
0.015289 0.088845 0.776230 149 107 91
0.018251 0.088402 0.772364 149 106 92
0.021180 0.087950 0.768416 156 114 100
0.024084 0.087517 0.764642 146 107 91
0.026974 0.087136 0.761315 142 102 85
0.029843 0.086770 0.758117 142 101 85
0.032692 0.086418 0.755046 143 102 86
0.035532 0.086104 0.752305 144 101 86
0.038357 0.085804 0.749684 145 101 86
0.041158 0.085497 0.747006 159 114 95
0.043957 0.085227 0.744647 149 104 84
0.046746 0.084971 0.742414 137 92 72
0.049531 0.084740 0.740394 143 98 78
0.052308 0.084521 0.738483 142 98 77
0.055058 0.084286 0.736426 142 99 77
0.057801 0.084061 0.734465 140 99 77
0.060522 0.083828 0.732431 139 98 77
0.063251 0.083628 0.730684 136 96 74
0.065961 0.083421 0.728871 138 98 76
0.068663 0.083220 0.727118 143 104 81
0.071359 0.083029 0.725451 158 118 96
0.074055 0.082853 0.723910 158 117 95
0.076725 0.082662 0.722240 138 95 75
0.079420 0.082510 0.720917 128 84 65
0.082088 0.082342 0.719449 135 90 71
0.084750 0.082180 0.718031 137 92 74
0.087416 0.082031 0.716732 136 91 72
0.090103 0.081911 0.715684 135 91 74
0.092766 0.081777 0.714509 135 90 73
0.095439 0.081660 0.713482 135 90 73
0.098105 0.081543 0.712465 134 90 72
0.100818 0.081471 0.711832 134 90 72
0.103459 0.081346 0.710743 133 89 71
0.106134 0.081254 0.709935 133 89 72
0.108812 0.081169 0.709190 132 88 71
0.111488 0.081086 0.708465 131 88 71
0.114170 0.081012 0.707817 129 87 69
0.116869 0.080953 0.707300 131 87 70
0.119569 0.080898 0.706820 128 86 68
-0.006347 0.095898 0.809873 94 81 77
-0.003141 0.095264 0.804519 49 33 36
0.000023 0.094760 0.800273 133 98 83
0.003154 0.094236 0.795847 157 106 89
0.006250 0.093718 0.791476 156 106 91
0.009309 0.093177 0.786915 151 106 92
0.012346 0.092743 0.783254 148 107 95
0.015350 0.092277 0.779317 147 107 94
0.018325 0.091824 0.775496 146 106 93
0.021264 0.091345 0.771457 145 105 92
0.024181 0.090904 0.767731 145 106 90
0.027079 0.090495 0.764285 159 120 103
0.029962 0.090126 0.761166 140 100 83
0.032818 0.089747 0.757971 143 102 86
0.035667 0.089415 0.755172 144 100 85
0.038498 0.089092 0.752446 143 99 83
0.041309 0.088773 0.749754 143 99 80
0.044120 0.088495 0.747403 144 99 77
0.046914 0.088221 0.745093 154 109 85
0.049706 0.087976 0.743027 153 108 86
0.052500 0.087761 0.741203 143 98 78
0.055255 0.087506 0.739052 140 97 76
0.058002 0.087265 0.737019 139 97 76
0.060738 0.087032 0.735053 138 95 75
0.063461 0.086802 0.733113 137 97 75
0.066191 0.086601 0.731413 137 97 75
0.068895 0.086384 0.729581 135 97 74
0.071608 0.086196 0.727992 132 94 71
0.074321 0.086021 0.726519 137 95 74
0.077018 0.085842 0.725001 141 98 77
0.079698 0.085657 0.723444 149 106 85
0.082409 0.085518 0.722264 163 118 98
0.085072 0.085339 0.720759 158 113 93
0.087769 0.085205 0.719623 142 96 77
0.090442 0.085057 0.718376 129 85 68
0.093149 0.084949 0.717460 131 85 69
0.095826 0.084821 0.716379 133 87 71
0.098517 0.084712 0.715460 134 90 73
0.101205 0.084606 0.714564 132 88 71
0.103896 0.084509 0.713741 132 88 71
0.106565 0.084400 0.712819 131 87 69
0.109287 0.084337 0.712286 132 88 71
0.111949 0.084232 0.711398 131 89 71
0.114699 0.084197 0.711100 129 88 70
0.117361 0.084100 0.710283 130 86 69
0.120116 0.084073 0.710051 127 86 68
-0.006398 0.099888 0.816333 90 82 77
-0.003162 0.099088 0.809798 47 25 26
0.000023 0.098403 0.804207 106 67 60
0.003168 0.097821 0.799454 155 107 89
0.006278 0.097289 0.795107 156 106 90
0.009352 0.096738 0.790613 150 107 94
0.012406 0.096301 0.787041 148 108 97
0.015418 0.095781 0.782793 146 107 96
0.018405 0.095305 0.778911 145 106 93
0.021359 0.094815 0.774911 145 105 92
0.024286 0.094345 0.771071 144 104 90
0.027197 0.093926 0.767645 142 103 88
0.030090 0.093530 0.764414 153 112 96
0.032959 0.093142 0.761247 154 110 95
0.035813 0.092776 0.758259 143 99 82
0.038657 0.092447 0.755569 143 97 81
0.041476 0.092107 0.752790 144 98 80
0.044291 0.091802 0.750305 146 98 80
0.047093 0.091512 0.747934 144 99 80
0.049890 0.091248 0.745774 142 98 77
0.052685 0.091009 0.743822 145 100 80
0.055449 0.090744 0.741661 159 119 97
0.058208 0.090498 0.739652 145 105 83
0.060954 0.090256 0.737673 136 95 73
0.063682 0.090010 0.735664 136 96 74
0.066418 0.089797 0.733921 136 96 74
0.069143 0.089587 0.732209 136 95 74
0.071855 0.089378 0.730499 136 92 73
0.074583 0.089204 0.729076 136 93 72
0.077277 0.089004 0.727442 138 95 74
0.079977 0.088825 0.725983 136 93 72
0.082696 0.088679 0.724786 136 93 72
0.085378 0.088504 0.723355 135 92 71
0.088081 0.088361 0.722189 136 93 72
0.090784 0.088228 0.721095 141 98 79
0.093475 0.088091 0.719978 154 113 93
0.096187 0.087981 0.719077 158 117 97
0.098875 0.087856 0.718057 152 111 91
0.101611 0.087780 0.717436 143 100 82
0.104306 0.087674 0.716565 129 86 69
0.107031 0.087597 0.715939 126 85 67
0.109752 0.087521 0.715316 128 89 70
0.112476 0.087452 0.714748 128 89 70
0.115197 0.087384 0.714187 126 86 68
-0.003188 0.103117 0.816364 107 68 59
0.000023 0.102428 0.810919 142 99 89
0.003192 0.101757 0.805608 156 107 92
0.006316 0.101037 0.799915 151 106 94
0.009404 0.100413 0.794978 150 108 96
0.012469 0.099919 0.791073 147 108 97
0.015495 0.099370 0.786730 146 107 96
0.018496 0.098866 0.782743 143 106 94
0.021462 0.098350 0.778662 142 103 90
0.024403 0.097863 0.774805 142 102 89
0.027324 0.097410 0.771222 142 101 88
0.030236 0.097019 0.768134 143 102 86
0.033118 0.096612 0.764914 146 102 86
0.035978 0.096214 0.761759 155 111 92
0.038826 0.095849 0.758876 160 113 95
0.041650 0.095479 0.755948 141 94 77
0.044471 0.095152 0.753360 145 97 79
0.047277 0.094837 0.750868 143 97 79
0.050076 0.094544 0.748552 141 97 78
0.052876 0.094287 0.746514 140 96 77
0.055652 0.094016 0.744370 140 96 77
0.058416 0.093754 0.742294 140 98 78
0.061170 0.093500 0.740284 148 107 87
0.063916 0.093259 0.738375 154 114 90
0.066667 0.093044 0.736677 138 98 74
0.069394 0.092816 0.734868 130 89 66
0.072119 0.092603 0.733187 135 92 71
0.074852 0.092416 0.731708 135 92 71
0.077560 0.092215 0.730115 136 92 74
0.080274 0.092034 0.728678 136 92 73
0.082998 0.091876 0.727429 135 91 72
0.085691 0.091696 0.726005 135 92 71
0.088407 0.091552 0.724863 135 91 72
0.091108 0.091401 0.723667 135 91 73
0.093806 0.091257 0.722525 132 92 74
0.096524 0.091140 0.721600 129 90 72
0.101968 0.090932 0.719956 126 87 69
0.104700 0.090846 0.719268 132 92 73
0.107419 0.090753 0.718533 137 97 77
0.110177 0.090697 0.718090 136 98 79
0.112907 0.090621 0.717485 146 107 88
0.115663 0.090570 0.717077 146 107 88
-0.003221 0.107429 0.824707 152 96 89
0.000023 0.106436 0.817094 150 100 90
0.003212 0.105614 0.810790 154 109 97
0.006349 0.104752 0.804175 149 108 97
0.009449 0.104058 0.798856 148 108 96
0.012526 0.103519 0.794716 147 108 97
0.015565 0.102941 0.790287 146 107 96
0.018577 0.102408 0.786193 145 106 94
0.021554 0.101863 0.782017 144 104 91
0.024506 0.101352 0.778094 142 102 89
0.027437 0.100874 0.774431 143 101 88
0.030361 0.100470 0.771333 146 102 87
0.033251 0.100036 0.768001 146 101 86
0.036123 0.099624 0.764843 145 101 82
0.038983 0.099246 0.761939 148 101 83
0.041813 0.098852 0.758914 159 112 90
0.044642 0.098507 0.756266 154 107 88
0.047460 0.098181 0.753771 142 96 78
0.050266 0.097872 0.751401 141 95 77
0.053071 0.097596 0.749280 140 94 76
0.055842 0.097288 0.746917 140 96 77
0.058622 0.097027 0.744911 138 97 77
0.061393 0.096777 0.742994 140 98 78
0.064139 0.096510 0.740947 137 97 75
0.066904 0.096296 0.739299 139 98 75
0.069642 0.096061 0.737498 147 106 83
0.072374 0.095837 0.735783 158 115 94
0.075123 0.095653 0.734364 147 105 83
0.077839 0.095441 0.732736 129 86 68
0.080568 0.095260 0.731352 132 88 68
0.083290 0.095084 0.729999 135 91 72
0.086009 0.094916 0.728707 135 92 72
0.088741 0.094772 0.727599 134 89 71
0.091453 0.094617 0.726414 134 90 73
0.094155 0.094461 0.725215 132 93 76
0.096895 0.094352 0.724378 131 92 75
0.105123 0.094066 0.722180 127 89 71
0.107873 0.093987 0.721571 131 92 73
0.110642 0.093929 0.721122 129 91 74
0.113400 0.093864 0.720622 129 91 74
0.000023 0.110647 0.824413 153 106 96
0.003233 0.109546 0.816220 147 107 96
0.006391 0.108659 0.809612 148 108 97
0.009511 0.107915 0.804075 147 108 97
0.012589 0.107197 0.798733 147 108 97
0.015643 0.106598 0.794272 146 107 96
0.018676 0.106077 0.790396 145 106 95
0.021663 0.105487 0.786001 143 104 91
0.024627 0.104940 0.781928 143 103 90
0.027570 0.104437 0.778186 146 101 89
0.030501 0.103995 0.774892 146 102 87
0.033402 0.103538 0.771492 148 101 87
0.039152 0.102701 0.765259 148 99 83
0.041991 0.102284 0.762155 147 98 79
0.044829 0.101919 0.759433 144 95 76
0.047649 0.101564 0.756788 153 107 89
0.050457 0.101225 0.754264 158 112 94
0.053268 0.100929 0.752063 142 96 78
0.056046 0.100606 0.749656 138 94 75
0.058827 0.100320 0.747528 142 99 78
0.061613 0.100069 0.745656 140 97 76
0.064368 0.099793 0.743598 140 97 76
0.067144 0.099572 0.741951 140 97 76
0.069896 0.099336 0.740195 139 97 75
0.072647 0.099116 0.738558 133 93 71
0.075393 0.098908 0.737005 133 93 71
0.078112 0.098680 0.735308 140 100 76
0.080848 0.098490 0.733893 155 112 90
0.083587 0.098317 0.732599 154 110 91
0.086305 0.098131 0.731215 144 101 78
0.089040 0.097976 0.730060 133 91 70
0.091751 0.097804 0.728777 127 88 69
0.108278 0.097201 0.724280 128 92 73
0.111053 0.097137 0.723801 129 91 74
0.113823 0.097071 0.723311 126 91 73
0.116628 0.097039 0.723065 124 89 71
0.003255 0.113541 0.821793 146 106 99
0.006424 0.112437 0.813811 146 106 95
0.009555 0.111616 0.807876 146 106 97
0.012645 0.110847 0.802314 147 107 98
0.015713 0.110226 0.797821 146 106 98
0.018759 0.109691 0.793954 146 106 95
0.021753 0.109041 0.789255 145 105 92
0.024727 0.108469 0.785118 144 102 89
0.027676 0.107925 0.781177 147 101 87
0.030617 0.107463 0.777842 147 101 85
0.033529 0.106992 0.774431 149 101 85
0.036431 0.106570 0.771377 149 99 82
0.039312 0.106156 0.768383 148 98 81
0.042163 0.105727 0.765281 148 99 80
0.045012 0.105350 0.762551 147 100 80
0.047838 0.104969 0.759798 143 97 79
0.050653 0.104609 0.757194 142 96 78
0.053478 0.104310 0.755032 145 99 81
0.056270 0.103982 0.752654 160 115 95
0.059061 0.103684 0.750499 155 112 91
0.061860 0.103428 0.748646 135 93 73
0.064620 0.103132 0.746508 136 93 72
0.067405 0.102902 0.744845 137 94 73
0.070174 0.102667 0.743141 137 95 74
0.072927 0.102427 0.741408 136 93 72
0.075690 0.102221 0.739916 134 92 72
0.078428 0.101996 0.738286 135 91 71
0.081180 0.101806 0.736907 136 91 71
0.083906 0.101597 0.735396 137 92 73
0.086655 0.101429 0.734183 137 92 74
0.089394 0.101260 0.732959 139 97 79
0.092117 0.101085 0.731692 143 104 87
0.108741 0.100491 0.727383 125 87 69
0.111520 0.100417 0.726846 119 85 69
0.114334 0.100377 0.726558 121 86 69
0.003289 0.118025 0.830495 146 107 102
0.006454 0.116191 0.817602 147 106 98
0.009596 0.115302 0.811357 145 104 96
0.012701 0.114526 0.805897 145 106 97
0.015780 0.113870 0.801283 146 107 96
0.018828 0.113242 0.796872 146 106 95
0.021835 0.112587 0.792263 146 106 93
0.024823 0.112004 0.788166 146 103 90
0.027784 0.111447 0.784249 148 102 88
0.030738 0.110974 0.780923 149 101 85
0.033657 0.110473 0.777401 150 100 85
0.036584 0.110077 0.774615 149 99 82
0.039474 0.109641 0.771551 148 98 81
0.042344 0.109216 0.768560 148 98 81
0.045190 0.108791 0.765568 147 100 80
0.048029 0.108401 0.762829 146 99 80
0.050853 0.108025 0.760185 143 97 79
0.053689 0.107717 0.758018 143 97 79
0.056488 0.107370 0.755573 145 99 80
0.059300 0.107081 0.753543 142 100 79
0.062097 0.106793 0.751514 144 103 81
0.064878 0.106506 0.749499 160 116 94
0.067668 0.106257 0.747747 149 106 85
0.070437 0.105999 0.745928 134 91 70
0.073197 0.105747 0.744159 133 91 70
0.075967 0.105529 0.742625 135 91 73
0.078711 0.105292 0.740955 136 90 73
0.081468 0.105089 0.739526 137 90 72
0.084206 0.104876 0.738032 135 89 71
0.086959 0.104696 0.736761 136 90 74
0.089713 0.104528 0.735578 134 92 75
0.092426 0.104324 0.734146 132 93 77
0.095180 0.104178 0.733115 131 94 76
0.109117 0.103721 0.729895 133 97 80
0.111928 0.103667 0.729510 138 101 86
0.114755 0.103628 0.729238 137 100 84
0.006491 0.120110 0.822323 147 107 101
0.009648 0.119160 0.815821 145 105 97
0.012762 0.118274 0.809762 144 104 96
0.015853 0.117578 0.805001 145 105 97
0.018911 0.116902 0.800379 147 107 96
0.021925 0.116194 0.795531 146 105 93
0.024932 0.115627 0.791656 146 103 90
0.027909 0.115061 0.787779 149 102 88
0.030869 0.114548 0.784270 150 102 86
0.033801 0.114029 0.780721 150 100 85
0.036743 0.113631 0.777995 150 100 83
0.039647 0.113186 0.774950 149 99 82
0.042525 0.112732 0.771848 148 98 81
0.045393 0.112318 0.769012 148 99 80
0.048234 0.111892 0.766096 147 100 80
0.051077 0.111519 0.763544 146 99 79
0.056745 0.110858 0.759020 144 98 80
0.059562 0.110543 0.756867 143 99 79
0.062361 0.110228 0.754713 141 97 76
0.065164 0.109950 0.752807 141 96 76
0.073511 0.109153 0.747353 159 116 95
0.076293 0.108928 0.745809 154 109 90
0.079054 0.108691 0.744191 144 97 79
0.081824 0.108482 0.742759 139 91 73
0.084565 0.108252 0.741180 133 87 69
0.087340 0.108077 0.739986 136 90 72
0.090088 0.107883 0.738654 134 92 74
0.092819 0.107680 0.737266 132 93 76
0.095574 0.107518 0.736153 130 92 75
0.112397 0.106995 0.732566 129 91 77
0.115242 0.106961 0.732333 127 91 76
0.118097 0.106939 0.732178 124 89 72
0.009732 0.123445 0.822903 144 108 101
0.012846 0.122273 0.815096 144 106 98
0.015931 0.121354 0.808977 145 105 97
0.018989 0.120561 0.803696 146 106 95
0.022020 0.119853 0.798978 147 105 94
0.025039 0.119263 0.795046 147 104 91
0.028028 0.118678 0.791151 150 103 89
0.030990 0.118107 0.787346 150 102 86
0.033934 0.117575 0.783802 150 100 83
0.036889 0.117170 0.781100 150 98 82
0.039818 0.116749 0.778299 150 98 82
0.042708 0.116281 0.775182 150 98 82
0.045581 0.115833 0.772197 149 97 81
0.048432 0.115388 0.769232 147 97 80
0.062609 0.113662 0.757727 141 98 75
0.065417 0.113362 0.755730 140 95 73
0.068220 0.113080 0.753851 141 96 76
0.073790 0.112531 0.750191 137 91 73
0.076587 0.112305 0.748686 134 88 70
0.079360 0.112062 0.747066 141 94 76
0.087662 0.111411 0.742721 151 107 89
0.090413 0.111201 0.741324 143 101 83
0.093135 0.110970 0.739785 128 89 72
0.095920 0.110825 0.738819 130 91 74
0.112849 0.110331 0.735515 126 90 75
0.115704 0.110295 0.735274 125 89 74
0.012938 0.126404 0.821009 143 109 101
0.016018 0.125231 0.813398 145 105 98
0.019082 0.124347 0.807659 146 106 95
0.022136 0.123662 0.803217 147 105 94
0.025169 0.123044 0.799203 148 103 91
0.028168 0.122413 0.795108 151 103 89
0.031138 0.121795 0.791097 151 102 86
0.034091 0.121232 0.787442 151 99 83
0.037073 0.120854 0.784991 150 98 82
0.040010 0.120402 0.782053 150 98 82
0.042919 0.119933 0.779012 150 98 82
0.045811 0.119484 0.776097 148 96 80
0.048669 0.119009 0.773014 147 97 80
0.051534 0.118605 0.770387 147 98 78
0.065737 0.116917 0.759429 142 96 74
0.068542 0.116608 0.757421 140 95 75
0.071338 0.116309 0.755482 140 94 76
0.076935 0.115788 0.752097 139 92 74
0.079715 0.115529 0.750412 140 92 74
0.090793 0.114609 0.744440 138 92 75
0.093538 0.114385 0.742982 135 95 78
0.096330 0.114230 0.741979 137 98 81
0.099150 0.114117 0.741241 142 103 86
0.019215 0.128428 0.813302 145 105 96
0.022256 0.127520 0.807556 147 104 93
0.025292 0.126819 0.803117 149 103 91
0.028323 0.126245 0.799482 151 103 89
0.031307 0.125601 0.795410 152 102 87
0.034276 0.125020 0.791733 151 99 85
0.037271 0.124621 0.789209 151 99 84
0.040219 0.124136 0.786137 150 98 82
0.043140 0.123647 0.783042 149 97 81
0.046043 0.123173 0.780039 148 96 80
0.048914 0.122678 0.776910 147 97 80
0.051792 0.122257 0.774240 147 97 77
0.054678 0.121903 0.772001 146 97 78
0.068872 0.120176 0.761066 140 94 74
0.071677 0.119861 0.759074 140 94 76
0.074477 0.119563 0.757185 141 94 76
0.077286 0.119301 0.755525 140 92 74
0.091178 0.118049 0.747600 140 92 74
0.093922 0.117802 0.746036 137 91 75
0.096731 0.117650 0.745073 133 94 77
0.099559 0.117529 0.744304 131 92 75
0.022411 0.131624 0.813197 148 102 92
0.025440 0.130754 0.807828 152 101 90
0.028483 0.130139 0.804030 153 100 90
0.031479 0.129452 0.799790 154 100 88
0.034459 0.128832 0.795958 153 99 86
0.037461 0.128389 0.793222 152 99 84
0.040420 0.127878 0.790070 150 98 82
0.043346 0.127347 0.786790 150 98 81
0.046263 0.126859 0.783777 148 96 80
0.049155 0.126367 0.780737 148 96 80
0.052044 0.125927 0.778023 148 96 80
0.054933 0.125535 0.775602 147 95 79
0.057794 0.125124 0.773063 146 97 78
0.071998 0.123410 0.762477 142 94 76
0.074813 0.123107 0.760604 142 94 76
0.077622 0.122817 0.758814 141 92 75
0.080429 0.122546 0.757139 141 92 74
0.094340 0.121287 0.749359 136 90 72
0.097140 0.121103 0.748219 135 91 74
0.099995 0.120997 0.747564 134 91 74
0.028664 0.134165 0.809154 153 101 89
0.031642 0.133302 0.803950 154 100 88
0.034649 0.132706 0.800363 154 100 86
0.037652 0.132194 0.797273 153 99 85
0.040633 0.131693 0.794253 152 99 84
0.043587 0.131181 0.791167 150 98 82
0.046524 0.130689 0.788202 149 97 81
0.049432 0.130181 0.785137 149 97 81
0.052343 0.129741 0.782489 148 96 80
0.055248 0.129336 0.780047 148 96 80
0.058126 0.128914 0.777503 149 96 78
0.061010 0.128548 0.775296 147 96 78
0.078022 0.126464 0.762731 142 92 75
0.080841 0.126181 0.761022 142 92 75
0.100440 0.124501 0.750891 135 91 74
0.031859 0.137412 0.809454 153 99 87
0.034854 0.136673 0.805100 153 99 85
0.037867 0.136120 0.801845 152 98 84
0.040836 0.135504 0.798222 152 98 84
0.043791 0.134936 0.794877 151 97 83
0.046739 0.134420 0.791837 150 97 81
0.049660 0.133898 0.788764 149 97 81
0.052574 0.133420 0.785951 150 96 80
0.055504 0.133033 0.783671 150 96 80
0.058395 0.132597 0.781103 150 96 79
0.061302 0.132240 0.779003 148 95 78
0.064184 0.131866 0.776795 146 95 77
0.067043 0.131481 0.774531 145 93 77
0.043978 0.138664 0.798263 150 98 83
0.046927 0.138104 0.795036 151 97 81
0.049864 0.137579 0.792017 151 95 80
0.052784 0.137071 0.789097 150 96 80
0.055704 0.136620 0.786500 149 95 79
0.058623 0.136213 0.784156 149 95 79
0.061558 0.135883 0.782258 149 95 79
0.064471 0.135540 0.780284 147 94 78
0.067348 0.135154 0.778061 146 94 78
0.047207 0.142088 0.799785 151 95 82
0.050147 0.141508 0.796519 151 95 80
0.061871 0.139682 0.786248 148 94 78
0.064781 0.139290 0.784039 148 94 78
0.167536 -0.213494 0.802237 159 157 146
0.113182 -0.211967 0.828099 214 212 204
0.106771 -0.212067 0.830477 130 127 125
0.171392 -0.214007 0.809991 57 52 58
0.165991 -0.212895 0.814862 83 71 67
0.166220 -0.208999 0.820297 91 78 74
0.166543 -0.208513 0.829268 78 75 68
0.128194 -0.153824 0.684034 224 227 218
0.128023 -0.162454 0.694176 236 241 233
0.125421 -0.158993 0.689806 230 234 226
0.125406 -0.161806 0.696024 233 240 234
0.123493 -0.160598 0.693730 232 239 233
0.122341 -0.158747 0.691573 232 239 233
0.121145 -0.156937 0.689411 239 243 236
0.120080 -0.155015 0.687272 252 254 248
0.119320 -0.152830 0.685183 251 254 247
0.118507 -0.150689 0.683085 241 244 237
0.120359 -0.157566 0.693528 238 243 235
0.117956 -0.153957 0.689199 250 253 246
0.117043 -0.151903 0.687085 251 254 247
0.115669 -0.147398 0.682929 232 235 228
0.116478 -0.152333 0.691239 217 220 210
0.115536 -0.150301 0.689118 222 225 213
0.114371 -0.148467 0.686959 219 220 209
0.132768 -0.158325 0.721128 196 199 190
0.130556 -0.157305 0.718693 192 195 185
0.128520 -0.156148 0.716303 191 194 185
0.126777 -0.154750 0.713981 194 198 189
0.116955 -0.143056 0.698303 196 199 189
0.114830 -0.139142 0.693971 198 201 192
0.128931 -0.158650 0.722741 207 210 201
0.125009 -0.156220 0.717986 203 206 197
0.121903 -0.153121 0.713426 200 204 195
0.116963 -0.145867 0.704601 204 209 201
0.115610 -0.144166 0.702376 206 209 202
0.114623 -0.142141 0.700224 208 211 202
0.113732 -0.140030 0.698089 209 212 203
0.112818 -0.137939 0.695950 210 213 204
0.111336 -0.133443 0.691732 211 214 205
0.129274 -0.161218 0.729178 218 217 208
0.126863 -0.160371 0.726683 224 226 215
0.124882 -0.159172 0.724293 211 214 205
0.122933 -0.157954 0.721917 207 210 200
0.121145 -0.156607 0.719582 209 212 202
0.119695 -0.154976 0.717325 211 214 205
0.116642 -0.151862 0.712789 213 218 208
0.111871 -0.144507 0.704021 216 219 212
0.111064 -0.142328 0.701908 217 220 213
0.110274 -0.140132 0.699797 216 219 210
0.109411 -0.138000 0.697671 216 219 210
0.125829 -0.161217 0.730858 131 124 109
0.123381 -0.160413 0.728352 198 200 187
0.121436 -0.159193 0.725970 224 228 221
0.117437 -0.156875 0.721200 210 213 204
0.116004 -0.155238 0.718950 208 212 203
0.114788 -0.153417 0.716749 209 212 203
0.113256 -0.151875 0.714482 211 214 205
0.112164 -0.149950 0.712312 213 216 207
0.110822 -0.148249 0.710091 214 217 208
0.109975 -0.146109 0.707973 216 219 211
0.108696 -0.144356 0.705768 215 218 211
0.107875 -0.142194 0.703655 216 219 212
0.107143 -0.139949 0.701558 214 217 209
0.106243 -0.137855 0.699429 212 215 206
0.105229 -0.132942 0.695313 212 215 206
0.108565 -0.150169 0.713954 210 214 206
0.107419 -0.148301 0.711777 205 210 202
0.106626 -0.146118 0.709674 207 211 203
0.105615 -0.144130 0.707526 209 212 205
0.104853 -0.141917 0.705428 210 213 205
0.104137 -0.139660 0.703338 210 213 204
0.108831 -0.152738 0.720289 203 209 196
0.106960 -0.151510 0.717948 241 246 238
0.105617 -0.149820 0.715727 244 249 241
0.104378 -0.148039 0.713532 237 243 235
0.103517 -0.145920 0.711418 234 238 230
0.101870 -0.141612 0.707203 231 234 227
0.101256 -0.139265 0.705137 232 235 226
0.100564 -0.136985 0.703053 235 238 229
0.101456 -0.144780 0.713379 184 182 167
0.080977 -0.220574 0.793453 147 145 129
0.077786 -0.217788 0.788877 143 143 129
0.077209 -0.220960 0.794705 152 149 132
0.077025 -0.221122 0.798975 62 64 53
0.074372 -0.220597 0.796288 181 177 162
0.072173 -0.219716 0.793777 162 160 145
0.069947 -0.218869 0.791264 146 144 129
0.067900 -0.217885 0.788824 147 145 130
0.066413 -0.216443 0.786591 147 146 131
0.064269 -0.212874 0.782427 146 144 129
0.059512 -0.211510 0.781615 148 146 132
0.058125 -0.210009 0.779430 149 147 134
0.072007 -0.217153 0.800686 29 28 26
0.068542 -0.217329 0.797682 26 24 23
0.065513 -0.217164 0.794856 46 44 41
0.062651 -0.216878 0.792104 149 151 137
0.060484 -0.216023 0.789619 177 180 164
0.058688 -0.214864 0.787276 154 156 142
0.057207 -0.213443 0.785053 145 146 132
0.054427 -0.210463 0.780682 149 147 134
0.058371 -0.215100 0.791438 83 86 79
0.056154 -0.214306 0.788936 151 154 144
0.054036 -0.213439 0.786478 168 169 155
0.052663 -0.211939 0.784298 161 159 146
0.050994 -0.210702 0.782015 145 142 130
0.049714 -0.209131 0.779875 145 143 130
0.048273 -0.207707 0.777680 149 145 131
0.047238 -0.205928 0.775631 150 145 131
0.043827 -0.198167 0.767691 152 147 133
0.064265 -0.212762 0.799662 55 42 44
0.060723 -0.213060 0.796625 39 32 38
0.057747 -0.212900 0.793816 27 24 29
0.054914 -0.212636 0.791074 83 97 91
0.052349 -0.212158 0.788443 172 184 177
0.050278 -0.211267 0.786003 152 154 143
0.048479 -0.210149 0.783669 187 188 170
0.046789 -0.208944 0.781381 161 157 139
0.045364 -0.207512 0.779192 153 152 135
0.043749 -0.206256 0.776938 148 148 130
0.042491 -0.204685 0.774816 149 147 132
0.041287 -0.203071 0.772714 150 148 133
0.046694 -0.208958 0.785589 35 36 33
0.039124 -0.204925 0.776156 154 154 140
0.036628 -0.201796 0.771929 157 153 141
0.035790 -0.199861 0.769961 154 152 141
0.034781 -0.198083 0.767934 152 150 139
0.056463 -0.208486 0.798603 85 68 71
0.053722 -0.208148 0.795868 66 52 59
0.050846 -0.207945 0.793094 55 45 50
0.048204 -0.207555 0.790419 44 37 42
0.045882 -0.206899 0.787875 39 32 36
0.043700 -0.206133 0.785392 36 29 31
0.041435 -0.205454 0.782886 27 21 19
0.038840 -0.205087 0.780268 76 75 65
0.036793 -0.204239 0.777859 155 156 140
0.034967 -0.203203 0.775536 179 182 168
0.033632 -0.201726 0.773394 140 140 130
0.032535 -0.200034 0.771338 151 149 138
0.031548 -0.198243 0.769321 153 150 142
0.029441 -0.194788 0.765246 149 147 136
0.026789 -0.191857 0.760992 158 155 143
0.002510 -0.109795 0.687918 155 150 132
0.002774 -0.103566 0.684312 161 156 140
0.046907 -0.203106 0.795177 80 64 65
0.042499 -0.201596 0.790142 65 49 46
0.037482 -0.200694 0.784911 53 42 38
0.032854 -0.199500 0.779864 38 36 36
0.028849 -0.197784 0.775078 35 33 32
0.027203 -0.196609 0.772823 50 48 46
0.025663 -0.195342 0.770610 88 86 82
0.022432 -0.192974 0.766146 186 183 174
0.020880 -0.191740 0.763943 226 222 220
0.019831 -0.190029 0.761916 254 250 253
0.018826 -0.188277 0.759906 255 252 254
0.017924 -0.186426 0.757930 252 249 251
0.016987 -0.184610 0.755944 229 226 228
0.016178 -0.182669 0.754000 171 163 163
0.013439 -0.177154 0.748067 159 154 140
0.007175 -0.161384 0.732563 168 158 158
0.006362 -0.159440 0.730614 177 168 171
0.005681 -0.157357 0.728702 190 182 185
-0.001341 -0.125116 0.702398 175 172 148
-0.001961 -0.120004 0.698687 175 169 146
-0.002892 -0.115224 0.694890 126 121 105
-0.002391 -0.102812 0.687752 35 36 30
-0.001082 -0.095270 0.684351 40 40 38
0.017323 -0.186829 0.761872 141 138 136
0.016363 -0.185032 0.759875 180 175 178
0.015241 -0.183397 0.757824 210 203 209
0.014384 -0.181501 0.755863 210 209 203
0.013270 -0.179862 0.753817 224 222 209
0.012378 -0.178002 0.751846 183 181 165
0.011179 -0.176451 0.749775 178 173 158
0.010391 -0.174489 0.747838 164 159 146
0.001647 -0.152927 0.726479 255 254 255
-0.004179 -0.104482 0.691454 32 36 34
-0.003754 -0.100995 0.689725 35 35 34
-0.003103 -0.097222 0.688034 36 34 33
-0.001679 -0.089473 0.684642 41 37 37
0.054813 -0.204201 0.812085 64 66 58
0.021323 -0.188250 0.770784 41 39 42
0.018043 -0.185945 0.766287 60 55 58
0.016538 -0.184672 0.764093 66 62 60
0.015183 -0.183258 0.761955 53 51 50
0.013963 -0.181716 0.759867 52 52 51
0.012869 -0.180052 0.757823 49 49 49
0.011707 -0.178458 0.755758 66 65 62
0.010586 -0.176827 0.753709 88 88 84
0.009469 -0.175194 0.751662 111 106 102
0.008548 -0.173364 0.749682 137 135 125
0.007627 -0.171535 0.747701 150 145 134
0.006803 -0.169607 0.745752 163 159 148
0.005812 -0.167852 0.743750 176 173 162
0.004838 -0.166079 0.741754 177 174 162
0.003923 -0.164247 0.739777 181 178 166
0.002984 -0.162440 0.737793 177 175 163
0.002278 -0.160387 0.735880 180 177 166
0.001556 -0.158350 0.733961 174 171 166
0.000916 -0.156224 0.732065 178 173 168
0.000080 -0.154307 0.730110 184 178 176
-0.000533 -0.152148 0.728220 187 181 179
-0.001084 -0.149918 0.726346 191 185 184
-0.002163 -0.145424 0.722597 190 184 183
-0.005430 -0.123189 0.706004 50 48 45
-0.005590 -0.120454 0.704192 35 35 36
-0.005824 -0.114860 0.700572 37 37 36
-0.005851 -0.111942 0.698775 40 38 37
-0.005915 -0.109060 0.696963 38 37 37
-0.005652 -0.105779 0.695218 32 33 35
-0.005219 -0.102283 0.693503 34 35 34
-0.004659 -0.098619 0.691805 38 36 35
-0.003306 -0.090956 0.688427 41 37 35
0.054823 -0.204125 0.816511 91 92 83
0.016431 -0.181831 0.766567 59 51 52
0.014912 -0.180573 0.764363 52 48 48
0.013471 -0.179243 0.762190 53 49 49
0.012294 -0.177654 0.760112 48 45 47
0.010897 -0.176291 0.757960 44 41 44
0.009684 -0.174747 0.755875 40 37 40
0.008475 -0.173204 0.753792 42 39 42
0.007510 -0.171413 0.751793 33 35 31
0.006323 -0.169852 0.749722 33 36 31
0.005439 -0.167982 0.747751 34 35 30
0.004254 -0.166425 0.745684 40 36 33
0.003358 -0.164569 0.743710 39 35 32
0.002408 -0.162770 0.741720 45 41 38
0.001613 -0.160808 0.739778 47 49 43
0.000904 -0.158754 0.737863 60 58 53
0.000136 -0.156762 0.735928 78 77 71
-0.000721 -0.154864 0.733966 82 80 76
-0.001493 -0.152874 0.732029 85 83 80
-0.002238 -0.150853 0.730100 82 80 78
-0.002741 -0.148568 0.728239 81 79 77
-0.003379 -0.146426 0.726338 77 76 68
-0.004160 -0.141586 0.722669 65 62 61
-0.005599 -0.131701 0.715322 42 42 37
-0.006330 -0.120903 0.708096 38 39 41
-0.006551 -0.112332 0.702703 37 35 34
-0.006626 -0.109458 0.700893 36 34 33
-0.006595 -0.106449 0.699102 36 34 33
-0.006498 -0.103350 0.697319 35 35 35
-0.006008 -0.099768 0.695618 38 36 37
-0.005533 -0.096188 0.693903 39 36 37
-0.004890 -0.092388 0.692215 39 35 35
-0.004336 -0.088678 0.690497 37 33 33
-0.003782 -0.084948 0.688768 52 50 46
0.050308 -0.202502 0.815702 94 96 88
0.018188 -0.179901 0.771403 74 60 61
0.016529 -0.178765 0.769134 69 57 57
0.014976 -0.177531 0.766907 68 57 56
0.013401 -0.176328 0.764677 65 53 54
0.011973 -0.174984 0.762503 61 52 54
0.010528 -0.173662 0.760327 53 46 46
0.009144 -0.172285 0.758176 51 44 45
0.007921 -0.170749 0.756082 49 42 45
0.006918 -0.168991 0.754064 48 40 40
0.005767 -0.167386 0.751999 45 38 37
0.004770 -0.165625 0.749985 44 37 36
0.003702 -0.163939 0.747950 42 36 35
0.002748 -0.162135 0.745952 50 44 42
0.001869 -0.160255 0.743979 41 37 36
0.000881 -0.158489 0.741972 43 38 41
0.000223 -0.156372 0.740068 40 35 37
-0.000692 -0.154528 0.738084 47 41 43
-0.001415 -0.152478 0.736159 53 46 47
-0.002370 -0.150679 0.734162 46 39 40
-0.003076 -0.148608 0.732241 53 46 47
-0.003658 -0.146400 0.730355 59 52 53
-0.004704 -0.141842 0.726611 53 50 50
-0.005029 -0.139337 0.724791 53 51 50
-0.007195 -0.121494 0.711975 39 37 36
-0.007455 -0.112961 0.706589 37 37 33
-0.007647 -0.107247 0.702964 34 34 32
-0.007611 -0.104219 0.701174 32 32 30
-0.007399 -0.100969 0.699419 39 39 38
-0.006944 -0.097412 0.697712 37 34 33
-0.006596 -0.093969 0.695970 36 31 31
-0.005696 -0.086786 0.692505 106 97 89
-0.005223 -0.080065 0.688908 132 131 120
0.010243 -0.170927 0.762740 74 62 61
0.007562 -0.168076 0.758454 63 50 52
0.005221 -0.164891 0.754294 57 48 47
0.003058 -0.161532 0.750200 50 42 41
0.002142 -0.159681 0.748210 50 42 41
0.001124 -0.157939 0.746187 50 42 41
0.000194 -0.156104 0.744193 48 41 41
-0.000580 -0.154103 0.742249 48 41 40
-0.004022 -0.146466 0.734362 49 42 43
-0.005114 -0.141949 0.730604 46 44 43
-0.005932 -0.137110 0.726916 46 44 43
-0.006685 -0.132175 0.723233 42 40 40
-0.008607 -0.116836 0.712189 40 37 38
-0.009041 -0.102470 0.703157 32 32 28
-0.007582 -0.076282 0.688857 77 76 67
-0.006428 -0.065468 0.683482 102 101 93
0.042257 -0.198455 0.814483 97 96 90
0.040624 -0.197165 0.812135 101 100 92
0.038755 -0.196100 0.809691 101 100 92
0.012508 -0.171190 0.769440 86 73 74
0.011248 -0.169663 0.767310 76 62 64
0.009819 -0.168313 0.765122 75 61 62
0.008395 -0.166964 0.762940 65 52 53
0.007103 -0.165484 0.760808 72 59 60
0.005925 -0.163891 0.758717 65 54 53
0.004720 -0.162329 0.756619 63 52 52
0.002628 -0.158880 0.752537 66 55 55
0.001506 -0.157239 0.750473 59 48 48
0.000522 -0.155454 0.748455 52 41 41
-0.000495 -0.153704 0.746428 53 43 43
-0.001195 -0.151614 0.744503 51 42 42
-0.001977 -0.149611 0.742551 50 42 41
-0.002632 -0.147469 0.740639 50 42 41
-0.005208 -0.138824 0.732987 47 43 41
-0.006371 -0.134344 0.729189 45 43 41
-0.007365 -0.129658 0.725430 43 41 40
-0.008987 -0.119805 0.717981 41 39 38
-0.009502 -0.114498 0.714314 37 35 34
-0.009765 -0.108860 0.710694 39 36 35
-0.010127 -0.103304 0.707028 103 102 94
-0.010470 -0.097692 0.703345 108 106 97
-0.010407 -0.091545 0.699738 163 162 149
-0.010294 -0.085291 0.696114 38 37 28
-0.010535 -0.079433 0.692383 113 113 101
-0.009948 -0.072489 0.688805 107 107 97
-0.009154 -0.065219 0.685234 99 96 88
0.001132 -0.154499 0.752838 60 48 48
-0.012216 -0.099324 0.707063 149 149 140
-0.012533 -0.093648 0.703382 46 46 34
-0.012922 -0.088024 0.699662 110 109 100
-0.013031 -0.085093 0.697814 111 110 101
-0.013237 -0.082273 0.695938 112 111 103
-0.012782 -0.075511 0.692362 105 105 93
-0.011974 -0.068241 0.688828 98 97 88
0.002255 -0.158698 0.760804 118 112 106
0.001504 -0.156650 0.758857 128 120 115
0.000631 -0.154732 0.756868 114 107 101
-0.000274 -0.152847 0.754868 123 115 111
-0.001171 -0.150955 0.752871 114 107 102
-0.002049 -0.149042 0.750880 112 101 97
-0.002722 -0.146905 0.748957 111 100 97
-0.003519 -0.144903 0.746992 117 107 104
-0.004222 -0.142795 0.745057 113 106 102
-0.008617 -0.130306 0.733367 144 138 133
-0.009890 -0.125908 0.729519 163 158 144
-0.010759 -0.121027 0.725782 150 148 138
-0.011595 -0.116086 0.722041 135 131 123
-0.012177 -0.110821 0.718356 165 160 152
-0.013075 -0.105906 0.714570 95 90 91
-0.014020 -0.101027 0.710758 72 71 63
-0.014845 -0.095979 0.706965 120 121 109
-0.014868 -0.092966 0.705160 120 118 110
-0.015011 -0.090091 0.703319 117 115 106
-0.015169 -0.087225 0.701469 115 114 105
-0.015280 -0.084292 0.699625 111 110 101
-0.015657 -0.078590 0.695882 104 104 95
-0.014842 -0.071329 0.692385 99 99 87
-0.014395 -0.064474 0.688768 94 93 85
-0.000311 -0.155436 0.760755 198 195 189
-0.002100 -0.151643 0.756759 216 214 208
-0.007113 -0.139871 0.744891 184 183 175
-0.007968 -0.137929 0.742905 179 176 169
-0.016519 -0.103575 0.714256 127 126 120
-0.017208 -0.098376 0.710516 122 121 112
-0.017454 -0.092599 0.706872 116 115 106
-0.017679 -0.089823 0.705016 115 114 105
-0.017598 -0.086657 0.703230 109 110 100
-0.017754 -0.080687 0.699561 104 104 95
-0.017049 -0.073574 0.696067 99 98 89
0.012920 -0.175482 0.790023 124 124 115
-0.002272 -0.154377 0.762602 128 125 120
-0.003214 -0.152530 0.760587 116 114 108
-0.004190 -0.150722 0.758560 110 108 104
-0.005033 -0.148770 0.756580 102 100 97
-0.005884 -0.146825 0.754598 99 97 92
-0.006683 -0.144823 0.752632 97 96 90
-0.007480 -0.142817 0.750667 94 93 87
-0.008236 -0.140764 0.748716 93 92 84
-0.009148 -0.138886 0.746711 94 93 85
-0.009940 -0.136872 0.744746 102 101 93
-0.010759 -0.134888 0.742772 106 105 97
-0.011527 -0.132846 0.740814 106 105 97
-0.012919 -0.128589 0.736940 120 119 113
-0.015189 -0.119444 0.729331 159 158 152
-0.016465 -0.115017 0.725472 155 154 147
-0.017550 -0.110348 0.721660 143 143 135
-0.018561 -0.105572 0.717859 129 130 123
-0.019206 -0.103346 0.715917 126 123 116
-0.019467 -0.100646 0.714076 121 120 111
-0.019782 -0.098007 0.712216 118 117 107
-0.020114 -0.095380 0.710347 114 113 104
-0.020109 -0.092325 0.708562 112 111 102
-0.020191 -0.089368 0.706747 111 110 101
-0.020090 -0.086171 0.704973 107 108 98
-0.020058 -0.083048 0.703174 104 105 96
-0.020084 -0.079986 0.701354 102 101 92
-0.019917 -0.076668 0.699574 99 98 89
0.014585 -0.179235 0.798327 124 124 116
0.012968 -0.178031 0.796013 131 131 123
0.011612 -0.176573 0.793811 129 129 121
0.010195 -0.175182 0.791587 128 127 119
0.009223 -0.173344 0.789547 127 126 117
0.003244 -0.165340 0.778918 130 131 122
0.000726 -0.162296 0.774633 129 130 122
-0.004654 -0.153771 0.764299 135 135 127
-0.005631 -0.151965 0.762271 137 138 130
-0.006631 -0.150185 0.760237 137 140 133
-0.007663 -0.148443 0.758191 139 141 134
-0.008438 -0.146417 0.756237 150 151 143
-0.010119 -0.142508 0.752281 158 157 150
-0.011728 -0.138516 0.748349 168 167 159
-0.012530 -0.136517 0.746383 168 167 159
-0.013382 -0.134572 0.744400 168 167 159
-0.014178 -0.132564 0.742435 169 168 160
-0.017590 -0.121837 0.732776 156 155 148
-0.018256 -0.119665 0.730845 150 149 141
-0.018914 -0.117480 0.728915 149 148 140
-0.019709 -0.115458 0.726943 145 144 135
-0.020255 -0.113134 0.725043 140 139 130
-0.021260 -0.108368 0.721261 133 133 124
-0.022021 -0.103283 0.717536 121 119 111
-0.022418 -0.100752 0.715663 119 118 109
-0.022609 -0.097958 0.713842 114 113 104
-0.023008 -0.095415 0.711961 112 111 102
-0.022987 -0.092339 0.710187 110 109 100
-0.022849 -0.086028 0.706644 103 104 94
-0.022764 -0.082835 0.704865 101 100 90
-0.022515 -0.079419 0.703120 102 101 92
0.012928 -0.177852 0.800339 146 125 124
0.009587 -0.175564 0.795661 105 104 96
0.002511 -0.165833 0.782916 132 132 124
-0.000019 -0.162797 0.778617 133 132 124
-0.002523 -0.159750 0.774338 132 133 126
-0.004884 -0.156568 0.770122 134 135 128
-0.005974 -0.154883 0.768051 133 134 127
-0.006880 -0.153000 0.766049 134 135 128
-0.007878 -0.151218 0.764014 137 138 129
-0.008996 -0.149570 0.761937 139 140 131
-0.009933 -0.147724 0.759925 142 143 134
-0.010797 -0.145798 0.757941 144 143 135
-0.011570 -0.143770 0.755988 146 145 137
-0.012377 -0.141778 0.754022 150 149 141
-0.013957 -0.137754 0.750102 155 154 146
-0.014734 -0.135726 0.748145 151 150 142
-0.015504 -0.133688 0.746190 157 156 148
-0.016290 -0.131668 0.744228 153 152 144
-0.017069 -0.129638 0.742269 156 155 147
-0.017890 -0.127655 0.740295 154 153 145
-0.018623 -0.125570 0.738349 153 152 144
-0.019446 -0.123589 0.736373 153 152 144
-0.020054 -0.121351 0.734465 146 145 137
-0.020795 -0.119269 0.732513 143 142 134
-0.021535 -0.117184 0.730560 143 142 134
-0.022337 -0.115173 0.728588 138 137 129
-0.022879 -0.112845 0.726693 136 135 127
-0.023277 -0.110338 0.724838 129 128 120
-0.023844 -0.108030 0.722930 126 125 116
-0.024104 -0.105342 0.721108 122 121 113
-0.024563 -0.102892 0.719225 118 118 107
-0.024873 -0.100251 0.717381 115 114 105
-0.025102 -0.097502 0.715555 111 110 101
-0.025500 -0.094957 0.713678 110 109 100
-0.025488 -0.091887 0.711907 108 107 98
-0.025547 -0.088895 0.710111 105 104 95
-0.025191 -0.085364 0.708418 100 101 91
-0.024772 -0.081736 0.706731 95 96 87
-0.024158 -0.077839 0.705084 78 77 69
-0.000578 -0.163100 0.782682 142 143 134
-0.003187 -0.160159 0.778351 133 134 127
-0.005777 -0.157216 0.774039 132 133 126
-0.008049 -0.153947 0.769857 132 133 126
-0.009046 -0.152163 0.767822 135 136 129
-0.010232 -0.150590 0.765716 135 137 129
-0.011284 -0.148872 0.763662 141 142 133
-0.012293 -0.147108 0.761625 138 139 130
-0.013116 -0.145137 0.759656 144 143 135
-0.013999 -0.143233 0.757665 144 143 135
-0.014832 -0.141272 0.755692 148 147 139
-0.016402 -0.137241 0.751778 152 151 143
-0.017193 -0.135230 0.749818 148 147 139
-0.017909 -0.133130 0.747883 151 150 142
-0.018690 -0.131105 0.745925 153 152 144
-0.020167 -0.126952 0.742035 151 150 142
-0.020915 -0.124883 0.740086 151 150 142
-0.021677 -0.122830 0.738131 145 144 136
-0.022353 -0.120673 0.736202 142 141 133
-0.023115 -0.118617 0.734245 142 141 133
-0.023793 -0.116457 0.732313 139 138 130
-0.024565 -0.114409 0.730351 137 136 128
-0.025008 -0.111960 0.728488 128 126 118
-0.025385 -0.109422 0.726642 125 124 116
-0.025869 -0.107011 0.724760 122 121 113
-0.026226 -0.104438 0.722913 118 118 109
-0.026702 -0.102006 0.721027 116 117 107
-0.027152 -0.099535 0.719146 114 113 104
-0.027372 -0.096771 0.717326 110 109 100
-0.027775 -0.094229 0.715451 106 105 96
-0.027810 -0.091214 0.713672 91 90 81
-0.027660 -0.087950 0.711938 79 76 68
-0.027044 -0.084076 0.710320 75 72 65
0.002005 -0.165814 0.791334 179 155 152
-0.000730 -0.162973 0.786925 144 130 128
-0.002132 -0.161597 0.784712 123 112 104
-0.003550 -0.160245 0.782495 109 100 97
-0.004896 -0.158821 0.780311 105 100 96
-0.006293 -0.157458 0.778110 123 120 115
-0.007533 -0.155930 0.775973 126 124 118
-0.008580 -0.154196 0.773913 130 129 125
-0.009763 -0.152613 0.771803 126 128 122
-0.010811 -0.150885 0.769745 126 131 122
-0.012017 -0.149334 0.767630 127 130 123
-0.013239 -0.147805 0.765510 131 133 126
-0.014178 -0.145962 0.763498 132 133 126
-0.015191 -0.144204 0.761459 137 136 128
-0.016042 -0.142264 0.759480 139 138 130
-0.016895 -0.140326 0.757499 141 140 132
-0.017643 -0.138267 0.755556 141 140 132
-0.018450 -0.136274 0.753591 144 143 135
-0.019222 -0.134241 0.751638 144 143 135
-0.020043 -0.132262 0.749668 147 146 138
-0.020748 -0.130148 0.747736 147 145 138
-0.021488 -0.128073 0.745791 143 142 134
-0.022246 -0.126016 0.743840 143 142 134
-0.022949 -0.123894 0.741906 142 141 133
-0.023754 -0.121890 0.739937 138 136 129
-0.024412 -0.119709 0.738015 136 134 125
-0.025150 -0.117624 0.736066 136 133 125
-0.025977 -0.115642 0.734088 128 123 112
-0.026704 -0.113540 0.732141 127 123 114
-0.027213 -0.111168 0.730260 121 120 111
-0.027726 -0.108795 0.728375 117 117 108
-0.028333 -0.106535 0.726459 111 108 100
-0.028694 -0.103965 0.724614 103 104 95
-0.029261 -0.101645 0.722705 94 93 86
-0.029593 -0.099027 0.720862 76 75 66
-0.029661 -0.096067 0.719091 75 73 64
-0.029724 -0.093090 0.717315 98 98 85
-0.029333 -0.089522 0.715659 151 149 139
-0.028785 -0.085735 0.714037 191 186 177
-0.011456 -0.151252 0.773760 114 104 108
-0.013825 -0.148100 0.769538 94 85 86
-0.017882 -0.141062 0.761369 112 111 103
-0.018704 -0.139087 0.759399 109 108 100
-0.019380 -0.136942 0.757482 115 114 106
-0.020057 -0.134796 0.755562 117 116 108
0.002098 -0.159397 0.796794 61 34 31
0.000405 -0.158302 0.794432 21 8 8
-0.001349 -0.157280 0.792049 25 16 16
-0.008216 -0.153134 0.782637 24 13 15
-0.012097 -0.148716 0.776136 114 93 98
-0.013269 -0.147117 0.774022 143 121 121
-0.014559 -0.145655 0.771864 163 141 138
-0.015816 -0.144160 0.769722 181 154 158
-0.016867 -0.142436 0.767661 175 157 160
-0.017938 -0.140736 0.765593 171 150 150
-0.018915 -0.138931 0.763562 176 156 156
-0.019904 -0.137141 0.761527 161 143 142
-0.020597 -0.135009 0.759601 155 138 134
-0.021367 -0.132965 0.757646 147 129 123
-0.022234 -0.131032 0.755656 141 127 124
-0.025311 -0.122836 0.747827 140 127 126
-0.026668 -0.118508 0.743970 160 137 131
-0.027343 -0.116337 0.742040 160 140 134
-0.026664 -0.082048 0.746423 166 121 97
-0.028118 -0.031904 0.717033 214 210 198
-0.029729 -0.020675 0.709093 212 211 199
-0.029804 -0.017380 0.707183 211 210 198
-0.032032 -0.013757 0.702815 211 210 198
-0.026003 -0.077422 0.749280 167 122 98
-0.025972 -0.070983 0.745755 168 123 99
-0.028141 -0.054411 0.734290 206 186 169
-0.030066 -0.043867 0.726415 215 210 198
-0.030892 -0.038366 0.722497 214 209 197
-0.031660 -0.032756 0.718579 212 210 197
-0.032217 -0.026812 0.714703 212 212 198
-0.033500 -0.021875 0.710609 212 212 200
-0.034797 -0.016938 0.706502 211 211 199
-0.036459 -0.012520 0.702292 209 209 197
-0.025716 -0.073238 0.752036 166 121 97
-0.035741 -0.037733 0.721791 213 211 198
-0.036392 -0.035314 0.719763 211 209 196
-0.036499 -0.032115 0.717891 213 211 198
-0.036859 -0.029267 0.715940 212 212 199
-0.037394 -0.026661 0.713935 212 212 200
-0.038144 -0.024361 0.711868 213 213 201
-0.038121 -0.020935 0.710009 214 214 202
-0.039865 -0.016666 0.705796 215 215 203
-0.025889 -0.069617 0.754655 166 121 97
-0.026664 -0.064153 0.750833 167 122 98
-0.028950 -0.060681 0.746474 161 125 106
-0.034194 -0.054694 0.737554 215 210 198
-0.036161 -0.050828 0.733323 215 213 202
-0.039835 -0.036080 0.721304 213 211 200
-0.040386 -0.030160 0.717473 213 211 200
-0.041809 -0.025468 0.713376 214 214 202
-0.040830 -0.046697 0.730827 216 214 203
-0.043198 -0.033405 0.721034 214 212 201
-0.044296 -0.028263 0.717047 213 213 201
-0.046286 -0.046260 0.734259 217 217 205
0.134777 -0.161435 0.686811 221 225 212
0.136387 -0.159827 0.685219 222 224 211
0.137713 -0.158221 0.683290 223 225 212
0.140970 -0.155009 0.680154 223 225 212
0.221942 -0.127508 0.716741 164 166 152
0.223679 -0.125728 0.714920 168 168 155
0.225883 -0.123917 0.713593 172 170 155
0.129494 -0.160869 0.686466 222 224 211
0.131475 -0.159266 0.685333 222 224 211
0.133175 -0.157664 0.683858 223 225 212
0.134726 -0.156062 0.682206 222 224 211
0.136357 -0.154460 0.680651 222 224 211
0.138392 -0.152851 0.679568 222 224 211
0.140363 -0.151241 0.678406 219 223 208
0.141723 -0.149644 0.676531 221 225 210
0.217111 -0.125284 0.714098 156 156 141
0.218866 -0.123512 0.712317 162 161 146
0.221093 -0.121707 0.711034 166 164 149
0.223527 -0.119884 0.709962 168 166 151
0.225610 -0.118084 0.708518 172 170 155
0.122513 -0.163504 0.691082 222 225 212
0.123854 -0.161904 0.689174 223 225 212
0.125020 -0.160306 0.687058 222 224 211
0.126525 -0.158710 0.685359 222 224 211
0.128480 -0.157110 0.684206 222 224 211
0.130297 -0.155511 0.682883 221 223 210
0.131778 -0.153915 0.681156 222 224 211
0.133493 -0.152316 0.679708 222 224 211
0.135365 -0.150712 0.678445 222 224 211
0.137603 -0.149098 0.677606 222 224 209
0.139352 -0.147494 0.676190 223 225 210
0.141396 -0.145880 0.675114 222 225 211
0.142808 -0.144286 0.673306 223 225 212
0.211207 -0.124805 0.713927 153 153 137
0.212998 -0.123037 0.712198 155 155 139
0.214758 -0.121272 0.710437 155 155 139
0.217052 -0.119466 0.709241 153 153 137
0.219227 -0.117667 0.707915 158 158 142
0.221065 -0.115893 0.706231 162 162 146
0.118286 -0.162936 0.691945 221 225 213
0.119343 -0.161340 0.689687 223 226 213
0.120578 -0.159746 0.687658 223 225 212
0.121746 -0.158156 0.685554 222 224 211
0.123258 -0.156566 0.683875 222 224 211
0.125304 -0.154969 0.682847 222 224 211
0.127103 -0.153374 0.681514 222 224 211
0.128705 -0.151782 0.679942 222 224 211
0.130353 -0.150189 0.678426 222 224 211
0.132232 -0.148589 0.677183 222 224 211
0.134327 -0.146981 0.676191 223 225 211
0.136575 -0.145365 0.675369 224 226 211
0.138938 -0.143741 0.674672 223 226 211
0.141679 -0.142097 0.674400 222 225 211
0.208035 -0.120874 0.709364 153 153 138
0.209941 -0.119107 0.707778 154 154 138
0.212001 -0.117327 0.706357 154 154 138
0.214200 -0.115533 0.705077 155 155 140
0.216114 -0.113762 0.703494 158 158 142
0.115623 -0.162374 0.694759 227 232 222
0.115752 -0.160777 0.691324 227 230 220
0.116343 -0.159188 0.688488 224 227 214
0.117358 -0.157604 0.686195 224 226 213
0.118506 -0.156022 0.684074 223 225 212
0.120141 -0.154435 0.682558 223 225 211
0.122113 -0.152843 0.681452 222 224 211
0.124042 -0.151249 0.680289 222 224 211
0.125703 -0.149660 0.678800 223 225 212
0.127397 -0.148070 0.677348 223 225 212
0.129345 -0.146472 0.676198 223 225 212
0.131532 -0.144863 0.675324 224 226 213
0.134046 -0.143237 0.674826 223 225 212
0.136806 -0.141596 0.674603 223 225 212
0.139852 -0.139935 0.674692 223 225 212
0.142386 -0.138289 0.674173 217 219 206
0.205160 -0.116967 0.705132 153 153 139
0.207192 -0.115196 0.703701 152 152 138
0.209256 -0.113422 0.702300 156 156 142
0.211406 -0.111638 0.700986 158 158 143
0.113940 -0.160211 0.695209 227 232 222
0.113767 -0.158623 0.691384 227 230 220
0.113812 -0.157046 0.687860 230 233 221
0.114570 -0.155470 0.685250 224 228 215
0.115639 -0.153896 0.683039 225 227 214
0.117173 -0.152316 0.681408 224 226 213
0.119218 -0.150724 0.680404 224 226 213
0.121088 -0.149135 0.679179 223 225 212
0.122888 -0.147546 0.677868 223 225 212
0.124622 -0.145958 0.676474 223 225 212
0.126669 -0.144358 0.675452 224 226 211
0.128723 -0.142755 0.674431 224 226 213
0.131422 -0.141121 0.674164 223 226 213
0.133989 -0.139487 0.673726 223 225 212
0.137369 -0.137806 0.674220 218 220 205
0.140435 -0.136130 0.674326 210 210 196
0.198875 -0.116571 0.704439 150 150 136
0.200795 -0.114818 0.702907 141 141 127
0.202790 -0.113057 0.701454 148 148 134
0.204908 -0.111284 0.700129 144 144 130
0.206921 -0.109519 0.698688 146 146 132
0.126461 -0.174941 0.752653 164 160 144
0.115152 -0.159631 0.703019 211 213 202
0.113745 -0.158038 0.697557 223 226 216
0.112970 -0.156460 0.692947 231 234 224
0.112393 -0.154896 0.688623 235 238 226
0.112599 -0.153333 0.685316 229 232 219
0.113310 -0.151770 0.682659 228 230 217
0.114778 -0.150194 0.680951 227 229 216
0.116560 -0.148611 0.679632 225 227 214
0.118434 -0.147024 0.678422 222 226 213
0.120363 -0.145433 0.677275 223 225 212
0.122222 -0.143842 0.676039 223 225 212
0.124300 -0.142242 0.675062 223 225 211
0.126390 -0.140637 0.674091 221 223 210
0.128852 -0.139012 0.673554 219 221 208
0.131576 -0.137368 0.673314 214 216 202
0.135028 -0.135677 0.673906 210 210 196
0.138421 -0.133978 0.674402 207 206 191
0.192276 -0.116212 0.703340 161 159 146
0.196471 -0.112689 0.700702 148 148 132
0.198515 -0.110930 0.699320 152 150 137
0.200588 -0.109167 0.697965 153 152 138
0.202442 -0.107424 0.696373 150 150 136
0.206365 -0.103914 0.693413 154 154 140
0.122158 -0.172563 0.749717 162 161 144
0.123367 -0.170849 0.747349 164 161 145
0.115080 -0.159044 0.709290 210 212 199
0.114211 -0.157439 0.704453 205 207 194
0.113179 -0.155854 0.699447 210 211 199
0.112297 -0.154285 0.694677 221 223 213
0.111601 -0.152731 0.690184 228 230 219
0.111576 -0.151178 0.686570 228 230 217
0.111977 -0.149625 0.683516 228 230 218
0.113137 -0.148058 0.681422 231 233 220
0.114823 -0.146477 0.679985 232 234 221
0.116531 -0.144895 0.678574 228 232 219
0.118393 -0.143306 0.677349 224 227 214
0.120203 -0.141718 0.676057 222 224 211
0.122342 -0.140113 0.675159 218 220 207
0.124326 -0.138512 0.674067 217 219 206
0.126831 -0.136882 0.673588 212 214 201
0.129439 -0.135241 0.673218 211 212 198
0.133052 -0.133533 0.674012 207 206 191
0.136643 -0.131814 0.674751 196 194 179
0.190013 -0.112344 0.699737 162 160 145
0.192247 -0.110575 0.698584 159 157 142
0.194325 -0.108818 0.697256 153 151 138
0.198191 -0.105331 0.694277 149 148 134
0.202013 -0.101844 0.691244 156 156 142
0.112780 -0.175294 0.751831 161 160 143
0.115778 -0.171895 0.747911 162 161 144
0.117347 -0.170200 0.746054 163 162 145
0.118087 -0.168492 0.743069 164 162 145
0.112521 -0.161728 0.719972 214 216 203
0.112367 -0.160091 0.715964 213 215 202
0.112777 -0.158464 0.712728 212 214 201
0.113132 -0.156846 0.709441 212 214 201
0.113152 -0.155242 0.705742 207 209 196
0.112624 -0.153659 0.701364 199 201 188
0.112045 -0.152093 0.696958 196 199 189
0.111434 -0.150543 0.692547 215 216 204
0.111409 -0.148993 0.688912 218 220 207
0.111582 -0.147448 0.685552 220 222 209
0.112491 -0.145887 0.683134 224 226 213
0.113786 -0.144317 0.681205 229 231 218
0.115306 -0.142740 0.679558 226 228 214
0.116810 -0.141165 0.677893 218 220 206
0.118645 -0.139574 0.676633 217 219 205
0.120679 -0.137972 0.675609 214 216 201
0.122820 -0.136361 0.674707 213 215 200
0.125186 -0.134734 0.674067 208 208 193
0.127903 -0.133081 0.673831 202 199 183
0.131361 -0.131374 0.674451 191 187 173
0.135269 -0.129624 0.675572 179 177 163
0.140736 -0.127751 0.678473 180 180 166
0.182568 -0.112102 0.697614 164 162 147
0.185648 -0.110261 0.697422 163 161 146
0.188046 -0.108481 0.696468 162 160 145
0.190161 -0.106726 0.695197 155 153 140
0.192429 -0.104953 0.694088 151 149 136
0.194236 -0.103228 0.692476 154 152 139
0.197952 -0.099764 0.689360 156 156 142
0.104926 -0.176302 0.751870 159 158 141
0.107032 -0.174629 0.750785 160 159 142
0.108788 -0.172944 0.749200 161 160 143
0.110388 -0.171256 0.747399 162 161 142
0.111777 -0.169564 0.745306 161 161 143
0.113070 -0.167874 0.743087 162 161 144
0.113664 -0.166180 0.739918 162 160 142
0.111725 -0.162805 0.729411 149 149 134
0.109529 -0.161149 0.722579 227 229 216
0.109136 -0.159513 0.718222 213 215 202
0.109426 -0.157888 0.714807 213 215 202
0.110056 -0.156269 0.711863 214 216 203
0.110882 -0.154654 0.709194 215 217 204
0.111463 -0.153050 0.706219 211 213 201
0.111593 -0.151464 0.702679 205 206 196
0.111601 -0.149891 0.699009 202 204 194
0.111279 -0.148340 0.694944 203 205 195
0.111391 -0.146788 0.691461 207 208 198
0.111504 -0.145247 0.688003 207 209 196
0.112313 -0.143689 0.685443 210 210 196
0.113450 -0.142122 0.683304 211 212 192
0.114885 -0.140545 0.681541 209 210 190
0.116337 -0.138968 0.679802 206 206 189
0.118058 -0.137379 0.678394 203 203 189
0.120039 -0.135774 0.677300 200 199 185
0.122055 -0.134165 0.676242 195 193 179
0.124612 -0.132520 0.675828 189 188 173
0.127523 -0.130845 0.675821 182 180 167
0.131413 -0.129095 0.676952 181 179 166
0.135541 -0.127313 0.678331 180 178 165
0.140369 -0.125463 0.680490 181 179 166
0.145518 -0.123568 0.682975 184 182 169
0.180890 -0.108243 0.694649 165 162 147
0.183702 -0.106425 0.694172 163 161 146
0.186045 -0.104651 0.693170 162 160 145
0.190160 -0.101159 0.690525 155 153 138
0.193877 -0.097708 0.687442 157 157 143
0.106458 -0.158932 0.721231 223 225 212
0.106230 -0.157311 0.717094 213 215 202
0.106560 -0.155696 0.713733 213 215 202
0.107360 -0.154084 0.711018 214 216 203
0.108349 -0.152474 0.708566 215 217 204
0.109480 -0.150865 0.706312 216 217 205
0.110311 -0.149269 0.703676 212 213 203
0.110933 -0.147684 0.700785 206 209 200
0.111292 -0.146116 0.697573 210 211 201
0.111703 -0.144555 0.694449 209 210 200
0.111997 -0.143007 0.691196 202 204 191
0.112747 -0.141448 0.688539 191 190 176
0.113665 -0.139887 0.686106 188 185 167
0.115065 -0.138307 0.684284 187 184 167
0.116507 -0.136725 0.682518 186 182 167
0.118201 -0.135131 0.681062 182 180 165
0.120155 -0.133520 0.679924 181 178 164
0.122353 -0.131892 0.679075 177 174 160
0.125207 -0.130215 0.679008 175 173 159
0.128377 -0.128509 0.679300 175 170 158
0.132353 -0.126733 0.680527 176 174 161
0.136296 -0.124945 0.681680 180 178 165
0.140373 -0.123132 0.682957 181 179 166
0.144185 -0.121326 0.683887 187 186 174
0.148327 -0.119478 0.685171 197 196 186
0.152209 -0.117638 0.686118 204 203 193
0.172684 -0.108129 0.691574 159 157 142
0.179342 -0.104396 0.691835 163 161 146
0.058361 -0.211964 0.789083 169 169 154
0.082055 -0.184906 0.757435 148 150 135
0.093311 -0.174965 0.749333 161 160 143
0.097140 -0.171643 0.746716 159 158 141
0.101172 -0.168318 0.744375 162 161 144
0.104171 -0.164974 0.740562 157 158 140
0.105423 -0.163304 0.738317 157 156 139
0.106132 -0.161636 0.735330 160 159 140
0.105610 -0.159980 0.730669 162 161 143
0.105073 -0.158340 0.726027 156 156 141
0.103579 -0.156727 0.720127 228 230 217
0.103469 -0.155118 0.716147 216 218 205
0.103911 -0.153512 0.712937 213 215 202
0.104888 -0.151904 0.710460 213 215 202
0.106077 -0.150295 0.708275 214 216 203
0.107307 -0.148689 0.706152 216 218 205
0.108498 -0.147086 0.703984 217 219 206
0.109582 -0.145491 0.701687 215 216 206
0.110530 -0.143905 0.699224 209 211 201
0.111389 -0.142328 0.696659 206 207 197
0.112001 -0.140768 0.693791 221 223 212
0.112875 -0.139202 0.691273 197 196 184
0.113965 -0.137629 0.689038 189 186 173
0.115322 -0.136046 0.687145 183 179 165
0.116738 -0.134461 0.685329 177 175 160
0.118431 -0.132860 0.683858 178 175 161
0.120425 -0.131238 0.682755 181 176 164
0.122658 -0.129598 0.681938 180 175 163
0.125560 -0.127906 0.681920 178 174 161
0.128740 -0.126185 0.682217 175 170 158
0.132344 -0.124420 0.682997 175 173 160
0.135596 -0.122673 0.683329 180 178 165
0.138902 -0.120910 0.683702 186 184 171
0.142125 -0.119145 0.683953 195 193 181
0.145803 -0.117328 0.684711 202 202 190
0.149336 -0.115513 0.685271 204 205 192
0.164936 -0.107984 0.688905 156 154 139
0.171403 -0.104291 0.689049 160 157 142
0.177503 -0.100606 0.688708 159 157 142
0.095764 -0.167699 0.743669 161 158 142
0.099255 -0.164375 0.740583 158 159 141
0.102274 -0.156126 0.725027 145 145 130
0.101015 -0.154530 0.719436 235 238 228
0.100835 -0.152934 0.715358 217 220 210
0.101380 -0.151335 0.712286 213 215 202
0.102401 -0.149732 0.709871 214 216 203
0.103857 -0.148121 0.708045 214 216 203
0.105184 -0.146515 0.706051 216 218 204
0.106549 -0.144910 0.704113 217 219 206
0.108005 -0.143304 0.702300 220 222 209
0.109339 -0.141704 0.700331 215 217 207
0.110650 -0.140108 0.698337 212 215 205
0.111863 -0.138519 0.696225 209 210 199
0.113182 -0.136927 0.694254 203 203 191
0.114501 -0.135338 0.692289 205 204 191
0.115951 -0.133743 0.690493 194 191 177
0.117610 -0.132136 0.688961 187 182 168
0.119460 -0.130515 0.687664 183 178 166
0.121599 -0.128873 0.686721 182 177 165
0.123758 -0.127226 0.685794 182 177 165
0.126438 -0.125536 0.685492 179 174 162
0.129186 -0.123834 0.685256 180 175 163
0.132063 -0.122114 0.685158 180 177 165
0.134785 -0.120400 0.684856 187 185 174
0.137649 -0.118666 0.684707 194 194 182
0.140454 -0.116930 0.684472 201 201 188
0.143825 -0.115133 0.684881 203 203 189
0.146944 -0.113351 0.684972 204 204 192
0.150637 -0.111501 0.685705 203 205 192
0.154357 -0.109636 0.686440 149 151 133
0.157644 -0.107806 0.686652 155 155 139
0.160928 -0.105967 0.686837 152 151 135
0.164284 -0.104110 0.687082 153 152 135
0.170832 -0.100387 0.687320 159 158 141
0.078731 -0.176961 0.750281 153 152 138
0.090046 -0.167082 0.742449 160 156 140
0.094166 -0.163779 0.740309 154 155 138
0.095907 -0.162122 0.738775 155 156 139
0.097323 -0.160466 0.736781 157 157 140
0.098802 -0.158812 0.734880 147 147 130
0.100119 -0.155530 0.728813 158 157 140
0.098923 -0.152331 0.719380 186 189 178
0.098698 -0.150747 0.715233 228 231 221
0.099180 -0.149158 0.712073 217 220 207
0.100176 -0.147561 0.709624 214 216 203
0.101546 -0.145955 0.707687 214 216 203
0.102947 -0.144350 0.705795 214 216 203
0.104381 -0.142746 0.703951 215 217 204
0.105824 -0.141143 0.702123 217 219 206
0.107266 -0.139542 0.700297 217 219 207
0.108776 -0.137938 0.698562 217 219 208
0.110205 -0.136340 0.696725 217 219 206
0.111762 -0.134736 0.695056 215 216 203
0.113332 -0.133131 0.693405 210 211 199
0.114910 -0.131527 0.691764 206 206 194
0.116827 -0.129900 0.690550 201 199 188
0.118753 -0.128270 0.689342 193 191 180
0.121050 -0.126610 0.688589 190 189 178
0.123148 -0.124962 0.687581 190 188 176
0.125594 -0.123282 0.686990 189 187 174
0.127923 -0.121608 0.686245 190 188 174
0.130517 -0.119905 0.685810 193 193 180
0.132953 -0.118212 0.685172 198 197 184
0.135654 -0.116488 0.684836 201 202 188
0.138223 -0.114771 0.684330 202 202 189
0.141472 -0.112979 0.684608 204 204 192
0.144404 -0.111211 0.684493 205 205 193
0.148010 -0.109363 0.685142 200 200 186
0.151572 -0.107508 0.685711 163 163 147
0.154856 -0.105674 0.685935 155 154 138
0.157836 -0.103865 0.685790 153 151 136
0.169639 -0.096571 0.684902 161 158 142
0.096899 -0.148555 0.715564 223 227 215
0.097252 -0.146976 0.712223 226 227 215
0.098120 -0.145388 0.709599 218 220 207
0.099560 -0.143783 0.707757 215 217 204
0.101023 -0.142178 0.705948 214 216 203
0.102448 -0.140576 0.704093 214 216 203
0.103812 -0.138979 0.702162 216 218 205
0.105178 -0.137384 0.700238 216 218 205
0.106720 -0.135780 0.698547 217 219 206
0.108219 -0.134180 0.696803 216 218 205
0.109917 -0.132568 0.695316 215 217 204
0.111486 -0.130965 0.693664 213 215 202
0.113179 -0.129353 0.692171 215 215 203
0.115158 -0.127720 0.691036 212 212 200
0.117186 -0.126081 0.689957 209 209 197
0.119504 -0.124416 0.689231 208 208 196
0.121561 -0.122769 0.688175 204 204 190
0.123858 -0.121098 0.687406 203 203 189
0.126231 -0.119416 0.686719 203 202 188
0.128887 -0.117703 0.686364 204 202 189
0.131297 -0.116008 0.685696 204 203 189
0.133961 -0.114283 0.685323 203 203 189
0.136575 -0.112556 0.684874 203 203 191
0.139680 -0.110772 0.684990 205 205 193
0.142634 -0.108995 0.684908 205 205 193
0.145869 -0.107179 0.685135 183 182 167
0.149358 -0.105325 0.685633 164 159 145
0.155257 -0.101715 0.685316 153 151 136
0.044382 -0.202138 0.779039 168 170 157
0.083194 -0.162597 0.738435 163 158 141
0.087318 -0.159312 0.736376 147 148 132
0.095607 -0.147919 0.720455 142 142 128
0.095404 -0.146354 0.716312 131 131 120
0.095531 -0.144790 0.712652 220 222 215
0.096139 -0.143217 0.709671 228 231 222
0.097404 -0.141621 0.707594 220 221 211
0.098703 -0.140027 0.705570 215 217 204
0.100085 -0.138431 0.703661 214 217 204
0.101447 -0.136838 0.701731 213 215 202
0.102868 -0.135243 0.699882 213 215 202
0.104410 -0.133642 0.698197 216 218 205
0.106026 -0.132037 0.696609 214 216 203
0.107789 -0.130423 0.695210 215 217 204
0.109564 -0.128806 0.693825 215 217 204
0.111378 -0.127186 0.692487 214 214 202
0.113422 -0.125546 0.691437 212 214 201
0.115467 -0.123904 0.690382 211 213 200
0.117741 -0.122240 0.689606 210 212 199
0.119783 -0.120592 0.688534 210 212 197
0.122016 -0.118924 0.687689 208 209 196
0.124398 -0.117238 0.687019 209 208 197
0.126998 -0.115526 0.686601 207 207 193
0.129271 -0.113841 0.685775 208 208 194
0.131948 -0.112111 0.685425 208 208 194
0.134373 -0.110401 0.684758 209 209 197
0.137464 -0.108612 0.684870 207 207 195
0.140325 -0.106842 0.684689 196 196 182
0.143551 -0.105021 0.684916 159 157 143
0.146844 -0.103183 0.685199 164 160 144
0.068343 -0.170153 0.743724 160 162 147
0.075715 -0.163644 0.738488 171 170 155
0.094876 -0.141014 0.710718 189 190 175
0.095725 -0.139440 0.708071 236 237 227
0.096762 -0.137862 0.705692 226 228 217
0.097725 -0.136292 0.703224 219 222 209
0.098939 -0.134712 0.701102 216 218 205
0.100526 -0.133111 0.699478 215 217 204
0.102077 -0.131512 0.697809 213 215 202
0.103512 -0.129923 0.695991 213 215 202
0.105392 -0.128302 0.694750 213 215 202
0.107219 -0.126683 0.693439 213 215 202
0.109062 -0.125062 0.692144 212 213 200
0.111176 -0.123416 0.691191 211 213 200
0.113168 -0.121778 0.690076 212 213 200
0.115526 -0.120105 0.689414 211 212 199
0.117674 -0.118447 0.688479 211 211 197
0.119958 -0.116772 0.687705 212 212 199
0.122322 -0.115086 0.687019 212 212 200
0.124751 -0.113388 0.686402 212 212 200
0.127017 -0.111703 0.685575 213 213 199
0.129680 -0.109970 0.685217 213 213 200
0.132279 -0.108239 0.684767 208 208 194
0.135449 -0.106435 0.684982 192 189 173
0.037526 -0.197351 0.774059 161 164 154
0.061501 -0.171162 0.744522 159 161 146
0.072378 -0.161437 0.736515 171 170 155
0.076296 -0.158184 0.734255 175 171 153
0.080264 -0.154921 0.732045 164 162 145
0.094032 -0.138785 0.712342 150 150 134
0.094309 -0.137245 0.708906 159 159 145
0.094931 -0.135693 0.705959 194 193 179
0.095815 -0.134133 0.703383 233 232 219
0.096797 -0.132571 0.700950 225 227 214
0.098390 -0.130971 0.699338 223 225 213
0.099904 -0.129378 0.697624 219 221 208
0.101390 -0.127787 0.695875 214 216 203
0.103253 -0.126167 0.694618 213 216 203
0.105240 -0.124536 0.693518 213 215 202
0.107073 -0.122915 0.692214 213 215 200
0.109232 -0.121265 0.691324 213 214 200
0.111225 -0.119626 0.690213 212 213 200
0.113603 -0.117948 0.689582 211 211 199
0.115768 -0.116286 0.688675 213 213 199
0.118177 -0.114596 0.688061 212 212 199
0.120539 -0.112906 0.687376 213 213 201
0.122942 -0.111208 0.686732 214 214 200
0.125124 -0.109529 0.685806 211 211 199
0.127796 -0.107791 0.685466 204 202 189
0.130464 -0.106047 0.685107 186 186 171
0.133764 -0.104220 0.685486 161 157 141
0.034482 -0.195021 0.772194 164 169 159
0.061534 -0.165709 0.739400 161 162 147
0.103087 -0.122407 0.693367 235 237 224
0.105128 -0.120769 0.692337 224 226 211
0.107281 -0.119116 0.691444 217 219 204
0.109322 -0.117472 0.690398 217 219 204
0.111712 -0.115790 0.689790 214 216 201
0.113911 -0.114122 0.688928 215 215 201
0.030242 -0.196150 0.777221 176 177 160
0.031302 -0.192693 0.770063 166 169 159
0.032821 -0.189316 0.763813 162 166 156
0.035221 -0.186031 0.759156 166 168 153
0.038541 -0.182816 0.756095 165 167 154
0.054825 -0.166730 0.740280 159 159 145
0.058320 -0.163517 0.737493 156 157 142
0.062093 -0.160299 0.735125 161 161 147
0.065768 -0.157076 0.732590 152 152 138
0.084620 -0.140849 0.720375 153 153 139
0.098920 -0.123375 0.697968 168 159 141
0.100444 -0.121780 0.696262 166 160 142
0.102248 -0.120161 0.694923 182 178 161
0.106437 -0.116860 0.692984 191 187 171
0.108477 -0.115211 0.691934 189 183 167
0.110799 -0.113529 0.691235 183 177 162
0.112983 -0.111858 0.690351 164 158 142
0.027885 -0.190364 0.767487 166 169 159
0.029295 -0.187005 0.761072 164 166 154
0.033840 -0.182171 0.755770 163 164 152
0.054998 -0.161341 0.735395 160 160 146
0.058745 -0.158135 0.733024 151 151 137
0.023352 -0.191446 0.771890 187 187 170
0.024506 -0.188057 0.764944 166 169 159
0.025974 -0.184729 0.758655 162 164 151
0.028598 -0.181499 0.754453 163 164 151
0.030753 -0.179931 0.753812 161 163 150
0.032214 -0.178327 0.751975 161 163 150
0.035399 -0.175133 0.748755 145 146 132
0.050255 -0.160778 0.735144 159 159 145
0.051936 -0.159182 0.733678 159 159 145
0.055612 -0.155985 0.731232 160 160 146
0.057547 -0.154383 0.730152 155 155 141
0.071941 -0.141534 0.719709 181 179 166
0.073708 -0.139924 0.718343 181 179 168
0.077483 -0.136688 0.715950 170 170 156
0.020419 -0.189165 0.770102 198 197 180
0.021531 -0.185797 0.763091 165 167 154
0.021710 -0.184104 0.758957 159 160 148
0.023059 -0.182495 0.756922 163 163 151
0.024169 -0.180875 0.754475 162 162 150
0.025677 -0.179280 0.752734 162 163 151
0.027736 -0.177711 0.751948 161 163 150
0.029183 -0.176113 0.750101 161 163 150
0.030730 -0.174520 0.748428 153 155 142
0.032325 -0.172930 0.746839 156 158 143
0.035537 -0.169751 0.743700 161 161 147
0.043687 -0.161808 0.736058 159 159 145
0.070219 -0.137859 0.716167 182 180 167
0.017423 -0.186893 0.768175 205 206 192
0.017435 -0.185179 0.763677 175 175 158
0.018349 -0.183538 0.760842 168 170 156
0.018810 -0.181878 0.757216 158 159 145
0.019943 -0.180264 0.754811 161 161 147
0.021144 -0.178659 0.752537 155 157 143
0.022481 -0.177063 0.750512 159 161 148
0.024611 -0.175502 0.749871 163 165 152
0.026014 -0.173910 0.747963 162 164 151
0.027650 -0.172327 0.746462 140 142 129
0.029206 -0.170743 0.744823 160 162 148
0.032436 -0.167577 0.741748 160 160 146
0.034143 -0.165996 0.740363 159 159 145
0.035661 -0.164412 0.738665 159 159 145
0.038987 -0.161247 0.735749 158 158 144
0.040666 -0.159664 0.734314 155 154 141
0.042380 -0.158081 0.732937 156 154 141
0.066969 -0.135799 0.714316 175 175 161
0.070623 -0.132590 0.711820 182 180 167
0.228451 -0.017107 0.664906 77 76 73
0.014410 -0.184635 0.766190 130 131 121
0.014261 -0.182928 0.761400 178 181 163
0.015269 -0.181303 0.758747 155 158 143
0.015524 -0.179646 0.754758 165 166 150
0.016810 -0.178050 0.752641 166 166 150
0.017972 -0.176452 0.750313 164 164 150
0.019393 -0.174869 0.748451 161 161 147
0.021493 -0.173310 0.747780 154 155 142
0.022961 -0.171728 0.746001 143 144 131
0.024524 -0.170150 0.744389 143 145 132
0.026141 -0.168573 0.742872 157 159 144
0.027752 -0.166997 0.741343 158 160 145
0.029268 -0.165419 0.739656 159 159 145
0.030951 -0.163844 0.738250 155 155 141
0.032467 -0.162267 0.736565 158 158 144
0.034219 -0.160691 0.735271 158 158 144
0.035849 -0.159115 0.733776 155 154 141
0.037480 -0.157538 0.732281 157 155 142
0.039108 -0.155961 0.730782 155 153 140
0.042256 -0.152810 0.727608 155 155 141
0.061655 -0.135369 0.713316 159 159 145
0.063411 -0.133777 0.711988 158 158 144
0.066879 -0.130595 0.709261 175 175 161
0.068745 -0.128992 0.708085 180 180 166
0.011582 -0.182404 0.764519 58 57 54
0.011497 -0.180717 0.759842 205 205 188
0.012283 -0.179090 0.756793 171 174 158
0.012611 -0.177450 0.752941 168 168 152
0.013662 -0.175853 0.750415 167 167 151
0.014977 -0.174270 0.748374 165 165 151
0.016299 -0.172691 0.746353 163 163 149
0.018388 -0.171135 0.745684 162 164 149
0.019803 -0.169560 0.743829 145 148 134
0.021525 -0.167992 0.742510 160 162 149
0.023088 -0.166420 0.740916 162 164 149
0.024705 -0.164850 0.739415 157 159 144
0.026259 -0.163279 0.737806 156 158 143
0.027960 -0.161709 0.736447 157 157 143
0.029460 -0.160139 0.734751 153 153 139
0.031294 -0.158568 0.733611 152 152 138
0.032885 -0.156997 0.732064 147 147 133
0.034481 -0.155426 0.730528 148 148 134
0.036114 -0.153855 0.729050 148 148 134
0.039233 -0.150717 0.725860 154 154 140
0.058644 -0.133324 0.711755 158 158 144
0.060325 -0.131742 0.710331 158 158 144
0.063751 -0.128572 0.707572 159 159 145
0.220345 -0.013528 0.661646 53 51 50
0.229248 -0.008603 0.663373 81 80 75
0.008755 -0.180187 0.762825 49 51 48
0.008472 -0.178506 0.757783 133 131 121
0.009334 -0.176894 0.754883 180 181 163
0.009494 -0.175261 0.750728 167 167 152
0.010695 -0.173679 0.748486 167 167 151
0.011877 -0.172100 0.746222 165 165 150
0.013249 -0.170531 0.744303 163 163 149
0.015153 -0.168975 0.743332 161 161 147
0.016643 -0.167409 0.741625 139 141 126
0.018401 -0.165848 0.740389 159 161 146
0.020023 -0.164284 0.738914 160 160 146
0.021668 -0.162720 0.737477 158 159 145
0.023174 -0.161156 0.735804 159 159 145
0.024896 -0.159591 0.734499 160 160 146
0.026343 -0.158029 0.732727 160 160 146
0.028100 -0.156463 0.731477 159 159 145
0.029747 -0.154898 0.730043 154 154 140
0.031248 -0.153336 0.728366 152 152 138
0.032888 -0.151771 0.726919 147 147 133
0.057060 -0.129738 0.708387 159 159 145
0.006394 -0.178007 0.761976 37 33 36
0.006073 -0.176339 0.756855 69 66 65
0.006650 -0.174724 0.753432 206 204 190
0.006854 -0.173106 0.749358 169 169 153
0.007814 -0.171524 0.746688 165 166 151
0.009058 -0.169955 0.744546 166 166 152
0.010334 -0.168390 0.742469 164 164 150
0.012240 -0.166839 0.741519 162 162 148
0.013692 -0.165279 0.739761 152 154 139
0.015399 -0.163722 0.738453 159 160 146
0.017008 -0.162164 0.736972 160 160 146
0.018731 -0.160606 0.735688 161 159 146
0.020222 -0.159048 0.734003 160 158 145
0.021867 -0.157490 0.732582 161 159 146
0.023345 -0.155933 0.730880 161 160 147
0.025167 -0.154371 0.729756 161 159 146
0.026777 -0.152813 0.728274 154 154 140
0.028233 -0.151258 0.726538 154 154 140
0.029878 -0.149698 0.725114 154 154 140
0.033118 -0.146580 0.722185 157 157 143
0.040138 -0.140312 0.717170 161 159 146
0.043734 -0.137165 0.714778 161 160 146
0.050757 -0.130867 0.709689 158 158 144
0.052460 -0.129294 0.708330 158 158 144
0.054036 -0.127732 0.706778 159 159 145
0.222534 -0.004690 0.661478 83 80 75
0.004502 -0.175856 0.761993 86 72 76
0.003819 -0.174186 0.756179 41 40 43
0.004326 -0.172578 0.752625 97 98 90
0.004124 -0.170961 0.747801 191 191 172
0.004978 -0.169385 0.744945 169 170 152
0.006014 -0.167820 0.742438 162 162 146
0.007385 -0.166265 0.740548 161 161 147
0.009087 -0.164716 0.739253 162 162 148
0.010603 -0.163164 0.737627 145 147 132
0.012225 -0.161613 0.736189 159 159 145
0.013858 -0.160062 0.734769 161 160 146
0.015603 -0.158509 0.733543 162 160 147
0.017125 -0.156958 0.731928 161 159 146
0.018806 -0.155405 0.730588 160 158 145
0.020286 -0.153856 0.728904 159 157 144
0.022065 -0.152300 0.727727 160 158 145
0.025167 -0.149198 0.724600 154 154 140
0.003932 -0.175410 0.769113 118 100 103
0.002923 -0.173718 0.762593 129 107 112
0.002208 -0.172062 0.756696 50 49 50
0.002314 -0.170449 0.752386 39 48 44
0.002028 -0.168843 0.747392 142 147 134
0.002674 -0.167270 0.744155 176 174 160
0.003580 -0.165710 0.741415 167 167 153
0.004832 -0.164159 0.739317 163 163 149
0.006594 -0.162613 0.738143 157 155 142
0.007989 -0.161066 0.736310 156 155 141
0.009507 -0.159520 0.734701 160 160 146
0.011027 -0.157975 0.733096 161 160 147
0.012741 -0.156427 0.731833 162 160 147
0.014172 -0.154884 0.730076 162 160 146
0.015834 -0.153336 0.728718 161 159 144
0.017316 -0.151793 0.727053 159 157 142
0.019113 -0.150241 0.725924 160 158 143
0.020690 -0.148695 0.724420 159 157 142
0.022300 -0.147148 0.722971 158 156 141
0.024028 -0.145595 0.721716 147 145 130
0.001888 -0.171597 0.764227 118 96 101
0.001079 -0.169949 0.758119 107 97 96
0.001055 -0.168341 0.753543 41 37 39
0.000389 -0.166738 0.747819 50 51 49
0.000943 -0.165170 0.744404 173 172 162
0.001462 -0.163612 0.740950 157 155 143
0.002689 -0.162066 0.738812 172 171 158
0.004313 -0.160522 0.737397 166 164 151
0.005680 -0.158979 0.735522 161 160 146
0.007019 -0.157438 0.733603 156 155 141
0.008479 -0.155898 0.731901 160 160 146
0.010015 -0.154357 0.730338 159 159 145
0.011456 -0.152819 0.728610 160 158 145
0.013113 -0.151276 0.727259 161 159 145
0.014611 -0.149738 0.725633 161 159 144
0.016358 -0.148191 0.724433 161 159 144
0.017920 -0.146650 0.722917 160 158 143
0.019559 -0.145106 0.721531 162 160 145
0.150690 -0.029462 0.632817 144 136 117
0.156706 -0.025513 0.632568 140 129 106
0.159903 -0.023476 0.632610 132 120 93
0.163390 -0.021351 0.632929 139 127 105
0.000347 -0.169455 0.764911 119 103 105
-0.000298 -0.167825 0.759084 112 95 97
-0.000500 -0.166224 0.754153 94 80 80
-0.001140 -0.164635 0.748453 51 43 48
-0.000894 -0.163071 0.744455 57 58 56
-0.000531 -0.161521 0.740708 248 247 239
0.000400 -0.159979 0.738029 114 109 102
0.002026 -0.158438 0.736627 176 171 160
0.003265 -0.156901 0.734528 167 165 152
0.004546 -0.155367 0.732511 157 155 142
0.005860 -0.153834 0.730562 157 157 143
0.007259 -0.152302 0.728770 152 152 138
0.008608 -0.150772 0.726894 156 156 142
0.010231 -0.149235 0.725499 161 159 145
0.011671 -0.147705 0.723788 158 156 141
0.013519 -0.146159 0.722779 160 158 143
0.015089 -0.144623 0.721290 162 160 145
0.016761 -0.143082 0.719975 162 160 145
0.018509 -0.141536 0.718784 162 160 143
0.027386 -0.133775 0.712994 155 154 140
0.029017 -0.132230 0.711591 155 155 141
0.032482 -0.129121 0.709104 152 150 137
0.153871 -0.023663 0.631837 136 126 97
0.157080 -0.021617 0.631908 136 130 98
-0.001161 -0.167313 0.765658 79 77 75
-0.001513 -0.165700 0.760364 107 92 93
-0.001527 -0.164110 0.755763 122 102 106
-0.002342 -0.162531 0.749704 76 56 63
-0.002201 -0.160975 0.745490 47 44 50
-0.002304 -0.159433 0.740864 106 100 106
-0.001543 -0.157898 0.737868 255 250 250
-0.000114 -0.156360 0.736111 156 151 141
0.000980 -0.154831 0.733753 166 164 151
0.002054 -0.153306 0.731372 165 165 149
0.003149 -0.151785 0.729040 155 155 141
0.004258 -0.150268 0.726746 156 156 140
0.005576 -0.148748 0.724829 156 154 139
0.007065 -0.147222 0.723219 153 151 136
0.008576 -0.145696 0.721648 155 153 138
0.010437 -0.144153 0.720683 160 158 143
0.012127 -0.142617 0.719417 161 159 144
0.013887 -0.141076 0.718268 163 161 146
0.015731 -0.139529 0.717256 154 150 134
0.017527 -0.137982 0.716156 151 149 135
0.021085 -0.134885 0.713888 157 152 139
0.024584 -0.131787 0.711502 156 154 139
0.026236 -0.130245 0.710147 155 153 138
0.027993 -0.128692 0.708959 157 155 140
0.029627 -0.127149 0.707570 150 148 133
0.031439 -0.125589 0.706462 149 146 133
0.106945 -0.056474 0.648511 127 125 113
0.108725 -0.054872 0.647222 142 140 127
0.110747 -0.053210 0.646214 142 140 126
0.112606 -0.051585 0.645010 143 141 125
0.114897 -0.049853 0.644301 143 139 123
0.116921 -0.048184 0.643274 142 138 122
0.119043 -0.046488 0.642354 143 139 122
0.123429 -0.043051 0.640652 140 136 118
0.125583 -0.041339 0.639744 140 136 118
0.127896 -0.039582 0.639005 138 136 117
0.130141 -0.037840 0.638181 136 135 117
0.132434 -0.036082 0.637400 136 135 118
0.134506 -0.034380 0.636370 136 135 116
0.136215 -0.032775 0.634941 132 128 110
0.139585 -0.029576 0.632028 137 133 115
0.141787 -0.027832 0.631119 138 130 113
0.144308 -0.025995 0.630538 127 121 102
0.147226 -0.024042 0.630362 139 127 106
0.150810 -0.021891 0.630862 138 125 99
0.154177 -0.019794 0.631110 138 130 114
0.158340 -0.017458 0.632156 53 46 43
0.163528 -0.014809 0.634214 66 63 57
-0.002918 -0.165166 0.765930 81 86 77
-0.002973 -0.163568 0.761184 99 92 89
-0.002969 -0.161987 0.756597 110 93 92
-0.003758 -0.160423 0.750557 125 104 104
-0.003835 -0.158876 0.745917 75 62 64
-0.004095 -0.157347 0.740983 57 53 55
-0.003583 -0.155822 0.737520 97 98 103
-0.002334 -0.154291 0.735440 253 250 241
-0.001436 -0.152773 0.732727 158 154 136
-0.000531 -0.151260 0.730045 164 164 148
0.000498 -0.149749 0.727603 157 157 143
0.001495 -0.148243 0.725117 159 158 142
0.002749 -0.146732 0.723101 160 159 143
0.004232 -0.145212 0.721495 159 159 143
0.005704 -0.143694 0.719871 161 160 145
0.007593 -0.142153 0.718971 160 159 143
0.009217 -0.140626 0.717609 156 154 139
0.011070 -0.139083 0.716636 161 159 144
0.012806 -0.137546 0.715456 162 159 143
0.014609 -0.136003 0.714388 138 136 123
0.016329 -0.134464 0.713173 157 153 140
0.018146 -0.132916 0.712118 150 145 131
0.019820 -0.131378 0.710820 151 148 133
0.021708 -0.129821 0.709869 156 151 136
0.023307 -0.128287 0.708442 153 149 133
0.025072 -0.126738 0.707284 148 143 129
0.026697 -0.125201 0.705895 150 147 132
0.103889 -0.054709 0.647269 141 139 126
0.105724 -0.053096 0.646057 142 140 127
0.107741 -0.051437 0.645055 142 141 124
0.109648 -0.049803 0.643918 142 141 124
0.111781 -0.048110 0.643039 143 139 122
0.113886 -0.046422 0.642121 143 139 122
0.115949 -0.044741 0.641146 142 138 119
0.118078 -0.043042 0.640240 138 134 116
0.120310 -0.041312 0.639441 138 134 116
0.122493 -0.039593 0.638580 135 131 113
0.126856 -0.036146 0.636828 136 133 115
0.128753 -0.034496 0.635628 136 133 116
0.130807 -0.032802 0.634594 130 127 106
0.132380 -0.031239 0.633031 144 140 122
0.134399 -0.029551 0.631951 138 134 115
0.136077 -0.027958 0.630500 135 131 114
0.138486 -0.026156 0.629827 125 117 100
0.141170 -0.024271 0.629435 134 128 109
0.144277 -0.022259 0.629473 150 142 120
0.148099 -0.020032 0.630238 144 137 115
0.151714 -0.017855 0.630761 75 74 62
0.156473 -0.015330 0.632437 57 54 50
0.162241 -0.012490 0.635108 59 56 49
0.197459 0.005127 0.650621 84 80 78
-0.004325 -0.163021 0.766877 170 175 164
-0.004156 -0.161434 0.762540 62 60 54
-0.004003 -0.159860 0.758215 113 96 94
-0.004952 -0.158310 0.751838 119 94 88
-0.005041 -0.156772 0.747152 122 98 94
-0.005544 -0.155257 0.741738 78 65 66
-0.005267 -0.153744 0.737826 45 42 48
-0.004502 -0.152229 0.734850 68 62 65
-0.003751 -0.150721 0.731870 212 206 193
-0.003101 -0.149225 0.728727 173 170 155
-0.002060 -0.147721 0.726313 171 168 155
-0.001184 -0.146229 0.723617 161 157 145
0.000011 -0.144727 0.721507 161 159 144
0.001415 -0.143217 0.719773 166 164 149
0.002838 -0.141708 0.718079 167 165 150
0.004536 -0.140182 0.716865 168 166 151
0.006200 -0.138658 0.715591 171 169 154
0.008081 -0.137117 0.714685 164 162 147
0.009783 -0.135587 0.713467 155 151 135
0.011567 -0.134049 0.712384 139 137 123
0.013283 -0.132516 0.711182 155 151 137
0.015205 -0.130963 0.710320 157 152 138
0.016871 -0.129431 0.709026 154 152 137
0.018650 -0.127887 0.707915 153 149 133
0.020275 -0.126356 0.706546 151 147 131
0.022008 -0.124814 0.705353 149 144 130
0.023613 -0.123285 0.703950 153 148 134
0.025337 -0.121742 0.702735 153 149 135
0.026909 -0.120215 0.701276 152 150 135
0.035302 -0.112510 0.694798 156 154 139
0.100786 -0.052973 0.645954 144 142 129
0.102614 -0.051364 0.644748 143 141 126
0.104628 -0.049707 0.643755 142 141 124
0.106383 -0.048113 0.642454 142 141 124
0.108542 -0.046415 0.641621 141 137 119
0.110543 -0.044755 0.640596 137 133 115
0.112689 -0.043055 0.639731 136 132 112
0.114690 -0.041390 0.638694 131 127 109
0.116905 -0.039667 0.637893 132 128 110
0.118978 -0.037978 0.636923 133 129 111
0.121118 -0.036269 0.636021 133 129 109
0.123114 -0.034597 0.634952 135 131 113
0.124878 -0.032988 0.633619 126 123 103
0.126807 -0.031331 0.632467 145 142 121
0.128552 -0.029725 0.631109 137 133 114
0.130675 -0.028011 0.630158 137 133 113
0.132510 -0.026377 0.628891 124 119 102
0.135070 -0.024532 0.628396 140 131 115
0.138187 -0.022518 0.628482 152 154 129
0.141448 -0.020456 0.628699 93 94 88
0.145608 -0.018119 0.629837 51 53 43
0.149664 -0.015801 0.630834 50 50 45
0.155157 -0.013038 0.633289 55 55 48
0.161452 -0.010014 0.636518 98 95 92
0.168769 -0.006656 0.640732 145 139 129
0.183117 0.000047 0.648652 31 29 30
0.187983 0.002712 0.650188 73 71 69
0.190245 0.004569 0.649085 82 82 79
0.192798 0.006522 0.648264 84 80 77
-0.006001 -0.162467 0.772033 88 87 81
-0.006049 -0.160874 0.767212 81 83 78
-0.005713 -0.159296 0.763184 150 147 144
-0.005502 -0.157730 0.758952 88 76 71
-0.006208 -0.156192 0.753009 115 93 91
-0.006331 -0.154664 0.748236 116 94 92
-0.006853 -0.153162 0.742758 117 97 91
-0.006772 -0.151661 0.738464 85 73 74
-0.006238 -0.150159 0.735049 46 41 45
-0.005738 -0.148667 0.731600 49 47 46
-0.005270 -0.147186 0.728121 182 184 176
-0.004452 -0.145698 0.725306 197 195 184
-0.003671 -0.144219 0.722441 218 216 208
-0.002606 -0.142731 0.720106 156 146 143
-0.001180 -0.141225 0.718424 169 163 153
0.000086 -0.139730 0.716464 174 169 157
0.001869 -0.138203 0.715415 176 171 159
0.003436 -0.136689 0.713986 172 170 157
0.005301 -0.135153 0.713070 168 167 153
0.006902 -0.133635 0.711695 164 162 147
0.008663 -0.132103 0.710590 146 144 130
0.010394 -0.130572 0.709430 152 148 133
0.012289 -0.129025 0.708542 152 148 132
0.013935 -0.127499 0.707229 150 146 130
0.015759 -0.125954 0.706211 150 146 130
0.017355 -0.124432 0.704811 152 148 132
0.018996 -0.122904 0.703483 152 148 132
0.020621 -0.121377 0.702129 153 149 133
0.022286 -0.119845 0.700837 153 148 134
0.023848 -0.118325 0.699376 152 150 135
0.027152 -0.115261 0.696742 153 151 136
0.028831 -0.113725 0.695465 153 151 136
0.030430 -0.112199 0.694059 154 152 137
0.033646 -0.109143 0.691275 154 152 137
0.088665 -0.059235 0.650690 145 143 128
0.092234 -0.056055 0.648228 133 133 120
0.095923 -0.052841 0.645897 137 135 122
0.097722 -0.051243 0.644672 139 137 124
0.099582 -0.049628 0.643515 143 141 126
0.101467 -0.048006 0.642384 141 139 123
0.103316 -0.046391 0.641205 137 133 117
0.105426 -0.044706 0.640328 137 133 115
0.107555 -0.043014 0.639466 134 130 112
0.109637 -0.041331 0.638541 133 129 111
0.111678 -0.039657 0.637562 131 127 109
0.113647 -0.038000 0.636493 130 126 108
0.115620 -0.036341 0.635425 132 128 110
0.117527 -0.034698 0.634276 133 129 109
0.119531 -0.033026 0.633231 126 122 102
0.121150 -0.031462 0.631752 146 142 122
0.123236 -0.029764 0.630790 133 130 110
0.125131 -0.028119 0.629610 141 137 117
0.127427 -0.026355 0.628863 129 123 102
0.129436 -0.024673 0.627797 146 134 116
0.132153 -0.022779 0.627486 172 165 150
0.135492 -0.020694 0.627824 90 91 81
0.139115 -0.018516 0.628441 50 57 59
0.143656 -0.016051 0.629998 48 50 49
0.148048 -0.013618 0.631360 55 55 53
0.153901 -0.010723 0.634206 48 48 45
0.160242 -0.007658 0.637500 38 36 29
0.183843 0.004246 0.648288 75 74 68
0.185811 0.006007 0.646908 83 82 76
0.188574 0.008026 0.646317 86 79 73
-0.007741 -0.158728 0.767610 91 93 89
-0.007375 -0.157157 0.763626 108 108 103
-0.006943 -0.155597 0.759805 99 104 90
-0.007352 -0.154067 0.754405 99 88 82
-0.007310 -0.152544 0.749918 114 95 93
-0.007859 -0.151053 0.744359 116 94 95
-0.007732 -0.149558 0.740127 115 97 97
-0.007621 -0.148076 0.735904 93 76 76
-0.007451 -0.146605 0.731831 52 43 44
-0.007361 -0.145150 0.727648 46 49 48
-0.006848 -0.143686 0.724273 134 136 129
-0.006401 -0.142234 0.720809 186 181 173
-0.005429 -0.140760 0.718316 254 250 252
-0.004149 -0.139270 0.716388 236 229 232
-0.002847 -0.137781 0.714506 172 168 156
-0.001150 -0.136264 0.713324 178 177 163
0.000346 -0.134762 0.711788 179 177 164
0.002090 -0.133239 0.710684 172 170 157
0.003638 -0.131732 0.709238 166 164 149
0.005356 -0.130210 0.708081 143 141 127
0.007065 -0.128687 0.706908 150 145 131
0.009067 -0.127134 0.706222 150 145 131
0.010698 -0.125615 0.704906 150 146 130
0.012496 -0.124078 0.703864 146 142 126
0.014103 -0.122560 0.702502 146 142 126
0.015731 -0.121040 0.701174 148 144 128
0.017349 -0.119520 0.699826 150 146 130
0.019027 -0.117992 0.698576 152 148 132
0.020570 -0.116480 0.697104 153 150 134
0.022277 -0.114947 0.695895 151 149 134
0.023884 -0.113427 0.694524 153 151 136
0.025585 -0.111893 0.693300 154 152 137
0.027144 -0.110378 0.691852 153 151 136
0.028728 -0.108859 0.690440 152 150 135
0.030312 -0.107340 0.689030 154 152 137
0.081928 -0.060705 0.651618 145 143 128
0.085439 -0.057549 0.649125 142 141 126
0.089092 -0.054354 0.646793 144 142 127
0.090917 -0.052755 0.645621 143 141 126
0.092724 -0.051160 0.644421 142 140 125
0.094512 -0.049568 0.643195 140 138 125
0.096282 -0.047979 0.641945 131 138 120
0.098209 -0.046348 0.640878 126 128 111
0.100112 -0.044722 0.639779 129 125 109
0.102326 -0.043010 0.639039 133 128 112
0.104372 -0.041341 0.638093 132 128 111
0.106521 -0.039641 0.637260 132 128 110
0.108358 -0.038025 0.636060 131 127 109
0.110215 -0.036401 0.634878 133 129 113
0.111973 -0.034805 0.633580 131 127 107
0.113929 -0.033152 0.632502 122 118 98
0.115884 -0.031496 0.631420 147 143 125
0.117709 -0.029877 0.630186 138 134 116
0.119875 -0.028157 0.629327 137 133 115
0.121769 -0.026515 0.628160 125 120 103
0.124130 -0.024732 0.627500 146 143 124
0.126414 -0.022969 0.626746 173 167 148
0.129301 -0.021021 0.626634 87 88 76
0.133233 -0.018749 0.627625 49 52 50
0.137445 -0.016381 0.628882 46 47 49
0.142710 -0.013676 0.631221 54 54 54
0.147406 -0.011132 0.632910 50 49 41
0.153374 -0.008176 0.635889 75 73 68
0.159506 -0.005148 0.638980 117 117 109
0.165473 -0.002153 0.641842 33 33 28
0.171908 0.001010 0.645127 35 30 35
0.177139 0.003807 0.647121 50 46 46
0.179829 0.005796 0.646497 79 79 72
0.181849 0.007570 0.645184 83 81 74
0.184566 0.009575 0.644566 86 79 73
-0.009734 -0.158156 0.772169 91 91 85
-0.009656 -0.156585 0.767566 95 95 91
-0.009061 -0.155020 0.764019 95 95 90
-0.008678 -0.153469 0.760091 150 152 142
-0.008781 -0.151944 0.755259 90 83 76
-0.008521 -0.150422 0.751171 109 96 92
-0.008745 -0.148932 0.746201 115 95 95
-0.008570 -0.147440 0.742035 114 96 96
-0.008476 -0.145966 0.737754 114 96 95
-0.008539 -0.144513 0.733222 104 91 90
-0.008536 -0.143070 0.728856 60 53 54
-0.008208 -0.141622 0.725126 53 55 54
-0.007899 -0.140186 0.721395 85 89 83
-0.007162 -0.138731 0.718471 198 201 194
-0.006046 -0.137255 0.716248 251 248 251
-0.004878 -0.135779 0.714128 255 251 255
-0.003264 -0.134270 0.712807 226 222 222
-0.001901 -0.132781 0.711045 177 173 162
-0.000295 -0.131273 0.709710 175 173 160
0.001083 -0.129785 0.707979 168 166 151
0.002686 -0.128277 0.706638 146 144 130
0.004350 -0.126762 0.705400 148 143 129
0.006247 -0.125221 0.704556 149 144 130
0.007885 -0.123706 0.703266 150 146 130
0.009710 -0.122169 0.702287 149 145 129
0.011273 -0.120661 0.700866 154 150 134
0.012863 -0.119149 0.699490 154 150 134
0.014434 -0.117639 0.698082 152 148 132
0.016129 -0.116114 0.696874 151 147 131
0.017680 -0.114606 0.695430 150 146 130
0.019328 -0.113085 0.694143 149 147 132
0.020932 -0.111569 0.692782 152 150 135
0.022616 -0.110042 0.691548 154 152 137
0.024171 -0.108532 0.690106 154 152 137
0.025762 -0.107017 0.688722 156 153 138
0.027368 -0.105499 0.687361 155 153 138
0.029141 -0.103955 0.686253 157 155 142
0.030751 -0.102436 0.684894 160 157 144
0.077319 -0.060513 0.651707 145 143 127
0.080800 -0.057372 0.649205 141 140 123
0.084389 -0.054199 0.646826 136 136 122
0.086219 -0.052602 0.645675 143 140 125
0.088007 -0.051015 0.644467 144 143 126
0.089807 -0.049423 0.643271 144 142 125
0.091477 -0.047865 0.641915 144 142 127
0.093205 -0.046290 0.640626 144 142 125
0.095033 -0.044688 0.639454 139 135 119
0.097153 -0.043004 0.638626 137 133 117
0.099421 -0.041277 0.637964 133 131 114
0.101527 -0.039592 0.637101 132 130 112
0.103410 -0.037966 0.635971 132 129 110
0.105263 -0.036348 0.634800 132 128 110
0.106931 -0.034781 0.633414 133 129 112
0.108885 -0.033131 0.632353 134 130 111
0.110724 -0.031513 0.631156 147 143 124
0.112734 -0.029844 0.630148 140 135 117
0.114594 -0.028216 0.628966 137 133 115
0.116814 -0.026481 0.628180 128 124 106
0.118808 -0.024810 0.627137 162 152 140
0.121337 -0.022976 0.626674 148 156 137
0.123982 -0.021101 0.626326 77 91 81
0.127412 -0.018981 0.626814 48 49 45
0.131791 -0.016558 0.628301 53 50 52
0.136529 -0.014011 0.630133 58 55 53
0.141785 -0.011287 0.632473 52 49 48
0.146454 -0.008732 0.634143 64 61 55
0.151960 -0.005897 0.636652 53 49 44
0.157931 -0.002896 0.639593 138 132 122
0.169014 0.002884 0.644419 28 22 27
0.173459 0.005440 0.645633 55 51 51
0.175861 0.007335 0.644731 83 81 74
0.177678 0.009039 0.643229 83 80 73
0.180302 0.011013 0.642537 86 80 74
-0.011082 -0.154436 0.768487 95 95 90
-0.010657 -0.152880 0.764590 100 100 94
-0.010013 -0.151330 0.761157 98 94 89
-0.010040 -0.149812 0.756450 176 168 161
-0.009541 -0.148288 0.752803 81 76 65
-0.009391 -0.146790 0.748519 109 98 93
-0.009020 -0.145294 0.744695 113 95 93
-0.008981 -0.143827 0.740279 113 95 93
-0.009013 -0.142378 0.735772 115 97 96
-0.009233 -0.140955 0.730960 103 90 88
-0.008954 -0.139514 0.727117 68 63 62
-0.008869 -0.138098 0.722951 60 61 54
-0.008251 -0.136655 0.719794 74 75 71
-0.007453 -0.135205 0.716987 158 155 150
-0.006504 -0.133749 0.714468 237 235 236
-0.005064 -0.132255 0.712840 255 252 255
-0.003807 -0.130779 0.710890 253 248 250
-0.002265 -0.129277 0.709449 163 159 153
-0.000944 -0.127798 0.707620 170 165 151
0.000454 -0.126312 0.705933 157 155 140
0.001993 -0.124813 0.704489 147 142 128
0.003747 -0.123289 0.703413 147 142 128
0.005333 -0.121783 0.702047 145 141 125
0.007103 -0.120255 0.700989 153 149 133
0.008584 -0.118760 0.699444 151 147 131
0.010166 -0.117253 0.698068 152 148 132
0.011760 -0.115745 0.696710 153 149 133
0.013415 -0.114228 0.695450 153 149 133
0.014905 -0.112732 0.693921 154 150 134
0.016581 -0.111211 0.692693 155 151 135
0.018127 -0.109708 0.691253 155 151 136
0.019780 -0.108188 0.689983 154 149 135
0.021290 -0.106690 0.688485 153 148 134
0.022929 -0.105172 0.687191 153 149 135
0.024622 -0.103645 0.685977 154 152 139
0.026435 -0.102097 0.684948 155 153 140
0.028017 -0.100585 0.683557 159 157 143
0.029621 -0.099070 0.682200 160 158 145
0.074330 -0.058794 0.650366 144 143 125
0.075974 -0.057251 0.649007 144 143 126
0.077792 -0.055663 0.647865 137 136 119
0.079540 -0.054092 0.646632 136 134 119
0.081537 -0.052455 0.645707 143 142 126
0.083334 -0.050869 0.644526 146 142 124
0.085157 -0.049274 0.643374 146 142 124
0.086966 -0.047682 0.642200 147 143 125
0.088599 -0.046136 0.640809 146 142 124
0.090308 -0.044569 0.639508 146 142 124
0.092307 -0.042921 0.638553 143 139 121
0.094444 -0.041233 0.637757 142 138 121
0.096931 -0.039443 0.637367 139 135 117
0.098883 -0.037800 0.636332 135 133 114
0.100702 -0.036194 0.635136 133 129 111
0.102446 -0.034608 0.633850 138 134 114
0.104116 -0.033043 0.632475 142 138 120
0.105888 -0.031448 0.631216 141 137 119
0.107739 -0.029828 0.630044 137 133 115
0.109723 -0.028167 0.629019 135 130 110
0.111681 -0.026512 0.627958 140 139 120
0.113890 -0.024779 0.627174 168 162 146
0.116247 -0.022998 0.626544 138 135 125
0.119082 -0.021066 0.626431 88 88 85
0.122374 -0.018986 0.626802 45 48 46
0.126313 -0.016696 0.627854 48 48 47
0.131049 -0.014144 0.629736 58 56 54
0.135727 -0.011596 0.631513 55 53 47
0.140930 -0.008867 0.633807 50 48 45
0.145263 -0.006402 0.635129 43 43 35
0.150353 -0.003679 0.637213 142 136 130
0.155976 -0.000767 0.639809 25 20 20
0.160753 0.001885 0.641471 33 30 33
0.166078 0.004731 0.643657 46 43 45
0.169606 0.006995 0.643948 72 69 68
0.171834 0.008831 0.642886 83 80 72
0.173993 0.010646 0.641747 83 79 73
0.176850 0.012699 0.641306 83 77 71
-0.013419 -0.152308 0.767593 96 96 92
-0.012817 -0.150758 0.764045 99 100 93
-0.012177 -0.149217 0.760600 103 102 96
-0.012001 -0.147704 0.756278 91 90 84
-0.011356 -0.146182 0.752905 212 207 201
-0.010754 -0.144672 0.749479 83 77 69
-0.010183 -0.143172 0.746019 108 96 91
-0.009889 -0.141698 0.742063 116 98 96
-0.009781 -0.140247 0.737795 113 95 93
-0.009912 -0.138826 0.733119 111 93 93
-0.009736 -0.137398 0.729057 107 94 93
-0.009668 -0.135990 0.724835 87 77 74
-0.009232 -0.134564 0.721326 72 61 64
-0.008621 -0.133133 0.718163 68 71 68
-0.007856 -0.131696 0.715302 88 87 85
-0.006612 -0.130220 0.713318 179 174 174
-0.005566 -0.128766 0.710991 212 205 210
-0.004130 -0.127276 0.709364 252 251 248
-0.002894 -0.125808 0.707390 179 176 154
-0.001617 -0.124339 0.705494 161 160 140
-0.000253 -0.122861 0.703755 153 151 133
0.001387 -0.121352 0.702493 145 140 126
0.002916 -0.119856 0.701039 146 141 127
0.004605 -0.118340 0.699857 153 149 133
0.006091 -0.116848 0.698330 153 149 133
0.007591 -0.115356 0.696829 152 147 133
0.009138 -0.113857 0.695405 154 149 135
0.010710 -0.112355 0.694023 154 149 135
0.012177 -0.110867 0.692468 155 151 135
0.013818 -0.109355 0.691197 156 152 136
0.015425 -0.107846 0.689868 156 152 137
0.017023 -0.106339 0.688525 157 152 138
0.018536 -0.104845 0.687045 157 152 138
0.020183 -0.103329 0.685775 154 151 138
0.021883 -0.101803 0.684588 153 150 137
0.023676 -0.100261 0.683542 157 155 142
0.025301 -0.098746 0.682230 159 157 144
0.026991 -0.097219 0.681017 159 157 144
0.028662 -0.095694 0.679772 156 154 138
0.066574 -0.061666 0.653259 147 143 127
0.068073 -0.060164 0.651725 148 144 128
0.069716 -0.058626 0.650379 146 142 124
0.071513 -0.057047 0.649230 144 141 122
0.073171 -0.055504 0.647898 132 131 112
0.074919 -0.053936 0.646680 142 141 124
0.076726 -0.052352 0.645532 146 143 126
0.078643 -0.050737 0.644519 147 143 127
0.080517 -0.049132 0.643447 147 143 125
0.082239 -0.047566 0.642181 147 143 125
0.084059 -0.045973 0.641034 146 142 124
0.085758 -0.044412 0.639734 147 143 125
0.087568 -0.042819 0.638565 145 141 123
0.089429 -0.041211 0.637457 142 138 120
0.091657 -0.039496 0.636782 141 137 119
0.093991 -0.037748 0.636224 138 134 114
0.096016 -0.036085 0.635288 140 136 118
0.097709 -0.034518 0.633955 138 134 116
0.099543 -0.032908 0.632785 144 140 119
0.101205 -0.031348 0.631411 135 131 112
0.103135 -0.029707 0.630346 135 131 114
0.105061 -0.028066 0.629269 121 117 102
0.107176 -0.026365 0.628403 136 132 114
0.109272 -0.024668 0.627508 123 124 111
0.111778 -0.022841 0.627066 98 100 90
0.114465 -0.020954 0.626812 71 73 70
0.117774 -0.018867 0.627232 40 40 38
0.121555 -0.016622 0.628148 54 54 52
0.125814 -0.014214 0.629556 55 55 53
0.130432 -0.011680 0.631316 51 50 47
0.135130 -0.009106 0.633122 49 46 43
0.140034 -0.006451 0.635105 61 60 54
0.144227 -0.004015 0.636285 108 103 99
0.148775 -0.001450 0.637805 69 67 61
0.153715 0.001258 0.639700 29 27 26
0.157655 0.003646 0.640503 34 32 33
0.162334 0.006292 0.642045 63 61 61
0.165633 0.008485 0.642121 79 76 73
0.167989 0.010362 0.641207 82 78 73
0.170322 0.012235 0.640261 83 79 74
0.173200 0.014298 0.639859 78 75 68
-0.015922 -0.150196 0.766353 99 99 95
-0.015026 -0.148645 0.763389 101 102 95
-0.014085 -0.147100 0.760537 106 106 99
-0.013859 -0.145595 0.756300 108 107 101
-0.013019 -0.144071 0.753302 89 86 81
-0.012292 -0.142560 0.750105 207 204 197
-0.011499 -0.141053 0.747061 86 84 74
-0.010880 -0.139565 0.743705 113 102 97
-0.010482 -0.138101 0.739959 114 98 95
-0.010400 -0.136671 0.735654 104 90 86
-0.010090 -0.135236 0.731813 105 88 85
-0.010092 -0.133839 0.727429 102 88 84
-0.009635 -0.132414 0.723931 93 77 77
-0.009228 -0.131003 0.720370 76 65 68
-0.008579 -0.129578 0.717279 56 55 56
-0.007565 -0.128124 0.714868 65 64 65
-0.006668 -0.126687 0.712261 83 84 82
-0.005619 -0.125238 0.709942 162 157 153
-0.004568 -0.123793 0.707637 160 156 141
-0.003528 -0.122353 0.705324 170 169 153
-0.002130 -0.120874 0.703648 156 153 137
-0.000775 -0.119401 0.701899 153 149 132
0.000647 -0.117921 0.700270 153 149 133
0.002176 -0.116428 0.698825 156 151 136
0.003605 -0.114948 0.697213 156 152 137
0.005051 -0.113466 0.695631 153 149 133
0.006531 -0.111981 0.694108 155 150 135
0.008020 -0.110495 0.692599 155 150 135
0.009400 -0.109025 0.690915 156 154 137
0.011015 -0.107520 0.689616 155 152 137
0.012547 -0.106028 0.688180 156 152 137
0.014182 -0.104518 0.686911 157 152 138
0.015687 -0.103030 0.685433 157 152 138
0.017302 -0.101524 0.684127 151 148 135
0.018998 -0.100002 0.682950 154 150 138
0.020780 -0.098465 0.681902 165 163 150
0.022534 -0.096930 0.680806 164 163 150
0.024259 -0.095400 0.679660 158 157 143
0.025994 -0.093867 0.678527 138 137 126
0.027474 -0.092380 0.677000 166 162 150
0.042034 -0.079916 0.668750 153 149 134
0.043688 -0.078387 0.667457 153 148 134
0.045533 -0.076814 0.666434 152 147 133
0.047158 -0.075289 0.665092 151 146 132
0.048778 -0.073765 0.663744 150 146 131
0.050462 -0.072225 0.662483 150 146 130
0.055625 -0.067575 0.658837 150 146 130
0.058669 -0.064568 0.655854 148 144 128
0.060330 -0.063030 0.654550 147 143 127
0.061987 -0.061493 0.653239 148 144 128
0.063572 -0.059973 0.651829 147 143 127
0.065149 -0.058455 0.650409 146 142 126
0.066750 -0.056931 0.649021 136 132 115
0.068594 -0.055343 0.647946 142 139 121
0.070264 -0.053799 0.646642 147 145 126
0.072069 -0.052218 0.645509 146 144 126
0.073838 -0.050646 0.644326 147 143 126
0.075746 -0.049035 0.643314 147 142 125
0.077557 -0.047449 0.642175 147 142 123
0.079241 -0.045897 0.640874 148 143 124
0.081045 -0.044310 0.639719 147 142 123
0.082764 -0.042746 0.638456 145 141 123
0.084553 -0.041161 0.637275 145 141 123
0.086501 -0.039530 0.636285 146 142 124
0.088626 -0.037844 0.635501 147 143 124
0.090983 -0.036088 0.634986 158 155 137
0.093063 -0.034411 0.634128 158 155 135
0.094911 -0.032799 0.632990 139 135 117
0.096824 -0.031167 0.631923 134 129 114
0.098592 -0.029577 0.630681 114 110 94
0.100631 -0.027903 0.629751 107 102 86
0.102842 -0.026174 0.629012 172 172 155
0.105252 -0.024381 0.628491 145 148 131
0.107821 -0.022533 0.628137 79 89 79
0.110715 -0.020579 0.628137 45 47 43
0.114002 -0.018494 0.628557 40 39 36
0.117503 -0.016332 0.629191 55 54 51
0.121575 -0.013978 0.630430 52 52 50
0.125754 -0.011577 0.631751 48 49 47
0.130296 -0.009047 0.633432 38 38 34
0.134679 -0.006555 0.634899 57 55 52
0.139204 -0.004004 0.636482 81 77 72
0.142941 -0.001703 0.637179 106 103 100
0.146896 0.000680 0.638080 19 17 17
0.150942 0.003104 0.639045 27 25 24
0.154064 0.005224 0.639006 55 53 53
0.158145 0.007679 0.639949 75 72 71
0.161555 0.009913 0.640164 80 77 72
0.163950 0.011803 0.639309 80 77 73
0.166949 0.013906 0.639064 80 77 72
-0.018046 -0.148079 0.765854 98 98 94
-0.017475 -0.146551 0.762241 104 105 98
-0.016339 -0.145004 0.759779 106 107 100
-0.016018 -0.143507 0.755723 110 109 103
-0.015214 -0.141992 0.752653 113 110 105
-0.014207 -0.140472 0.749999 97 95 87
-0.013372 -0.138968 0.747030 186 182 176
-0.012540 -0.137472 0.744077 107 106 97
-0.011926 -0.136000 0.740732 91 87 79
-0.011551 -0.134556 0.736960 117 109 103
-0.011107 -0.133116 0.733353 98 85 78
-0.010934 -0.131710 0.729269 102 85 79
-0.010506 -0.130293 0.725695 104 83 82
-0.010105 -0.128887 0.722104 94 76 75
-0.009502 -0.127470 0.718910 81 73 72
-0.008555 -0.126024 0.716364 62 60 61
-0.007783 -0.124603 0.713518 37 41 40
-0.006989 -0.123185 0.710732 51 51 51
-0.006189 -0.121772 0.707976 73 77 70
-0.005341 -0.120360 0.705323 154 153 143
-0.004140 -0.118908 0.703303 164 160 144
-0.002791 -0.117439 0.701548 165 161 138
-0.001506 -0.115979 0.699688 160 156 138
-0.000069 -0.114501 0.698093 156 152 136
0.001231 -0.113043 0.696269 157 153 137
0.002554 -0.111584 0.694488 159 155 137
0.003977 -0.110111 0.692878 159 155 139
0.005412 -0.108636 0.691293 157 153 137
0.006777 -0.107174 0.689594 152 151 134
0.008348 -0.105679 0.688236 154 152 137
0.009868 -0.104193 0.686794 156 153 139
0.011482 -0.102691 0.685503 158 153 139
0.013030 -0.101199 0.684107 157 152 138
0.014617 -0.099701 0.682771 151 147 135
0.016284 -0.098188 0.681560 157 155 142
0.018002 -0.096664 0.680426 173 173 159
0.019700 -0.095143 0.679258 158 158 145
0.021363 -0.093627 0.678031 159 159 147
0.023193 -0.092079 0.677059 169 169 157
0.024734 -0.090585 0.675638 173 171 158
0.026274 -0.089091 0.674216 173 170 157
0.038755 -0.078256 0.666719 153 148 134
0.040381 -0.076737 0.665404 152 147 133
0.043848 -0.073649 0.663071 146 142 127
0.045478 -0.072127 0.661753 148 144 128
0.047150 -0.070594 0.660493 148 144 128
0.050610 -0.067499 0.658124 147 143 127
0.052548 -0.065899 0.657221 147 143 127
0.054046 -0.064406 0.655711 143 139 123
0.055668 -0.062882 0.654368 144 140 124
0.057232 -0.061372 0.652947 145 141 125
0.058864 -0.059844 0.651615 145 141 125
0.060513 -0.058312 0.650306 135 131 115
0.062106 -0.056794 0.648920 138 134 118
0.063742 -0.055264 0.647590 144 140 124
0.065601 -0.053674 0.646550 145 141 124
0.067362 -0.052109 0.645375 146 142 125
0.069125 -0.050542 0.644201 147 143 126
0.070988 -0.048946 0.643151 147 143 125
0.072665 -0.047400 0.641859 147 143 125
0.074513 -0.045806 0.640781 146 141 125
0.076243 -0.044244 0.639551 148 143 125
0.078181 -0.042621 0.638574 148 143 125
0.080038 -0.041019 0.637493 148 143 125
0.081910 -0.039412 0.636425 152 147 129
0.083716 -0.037823 0.635272 168 164 144
0.085786 -0.036154 0.634434 175 171 147
0.087959 -0.034451 0.633712 139 138 119
0.090156 -0.032738 0.633009 132 129 109
0.092135 -0.031088 0.632037 134 130 110
0.094348 -0.029365 0.631335 125 121 105
0.096438 -0.027677 0.630479 181 172 159
0.098806 -0.025899 0.629937 170 162 151
0.101212 -0.024106 0.629429 96 93 85
0.103828 -0.022242 0.629149 72 71 63
0.106643 -0.020310 0.629080 41 44 36
0.109748 -0.018279 0.629322 57 56 50
0.113300 -0.016097 0.630044 58 57 51
0.117130 -0.013815 0.631050 54 53 48
0.121057 -0.011491 0.632131 42 40 37
0.125303 -0.009051 0.633531 46 46 42
0.129507 -0.006613 0.634847 64 63 59
0.133452 -0.004250 0.635843 71 68 60
0.137461 -0.001856 0.636877 126 127 114
0.140799 0.000322 0.637156 18 19 18
0.144126 0.002503 0.637399 28 26 26
0.147504 0.004709 0.637673 49 47 48
0.150300 0.006721 0.637309 69 65 66
0.153958 0.009038 0.637833 81 77 73
0.157462 0.011310 0.638171 81 78 73
0.160165 0.013307 0.637653 80 75 70
0.163813 0.015643 0.638096 77 72 66
-0.019687 -0.144455 0.761549 105 104 98
-0.018542 -0.142914 0.759111 107 108 99
-0.018084 -0.141419 0.755320 111 112 103
-0.017133 -0.139902 0.752537 113 116 107
-0.016041 -0.138381 0.750046 116 117 110
-0.015173 -0.136882 0.747137 106 108 99
-0.014504 -0.135405 0.743863 125 124 115
-0.013555 -0.133912 0.741152 166 162 154
-0.012919 -0.132453 0.737865 82 80 68
-0.012296 -0.131003 0.734579 130 119 111
-0.012076 -0.129601 0.730562 95 82 77
-0.011452 -0.128169 0.727336 98 82 78
-0.011083 -0.126772 0.723663 99 81 78
-0.010411 -0.125352 0.720578 97 81 77
-0.009557 -0.123918 0.717848 93 77 82
-0.008838 -0.122505 0.714892 73 66 70
-0.008157 -0.121104 0.711889 54 51 52
-0.007479 -0.119711 0.708904 55 54 53
-0.006891 -0.118336 0.705780 59 55 52
-0.006000 -0.116927 0.703213 69 68 61
-0.004897 -0.115495 0.701031 128 128 116
-0.003659 -0.114046 0.699094 175 177 158
-0.002407 -0.112598 0.697187 165 167 148
-0.001129 -0.111148 0.695332 159 158 143
0.000186 -0.109694 0.693547 158 156 141
0.001573 -0.108230 0.691885 159 155 140
0.002981 -0.106764 0.690264 160 156 140
0.004345 -0.105306 0.688571 159 156 141
0.005839 -0.103827 0.687097 159 157 142
0.007317 -0.102351 0.685598 156 154 139
0.008776 -0.100879 0.684068 153 148 134
0.010360 -0.099385 0.682741 159 154 140
0.012005 -0.097880 0.681511 159 154 142
0.013637 -0.096376 0.680258 160 158 145
0.015315 -0.094862 0.679075 160 159 148
0.016944 -0.093357 0.677811 176 176 164
0.018627 -0.091841 0.676630 177 176 164
0.020375 -0.090311 0.675546 177 175 164
0.021916 -0.088821 0.674139 177 175 162
0.023523 -0.087317 0.672832 178 173 161
0.025212 -0.085796 0.671647 176 171 159
0.026721 -0.084312 0.670189 176 171 157
0.028426 -0.082786 0.669024 172 167 153
0.030147 -0.081255 0.667880 164 159 145
0.032043 -0.079684 0.666989 157 155 140
0.033798 -0.078143 0.665885 157 153 139
0.035499 -0.076613 0.664698 156 151 137
0.037148 -0.075093 0.663432 155 150 136
0.038921 -0.073544 0.662341 154 149 135
0.040617 -0.072012 0.661137 154 149 135
0.042318 -0.070477 0.659937 151 147 131
0.043989 -0.068949 0.658691 151 147 131
0.045666 -0.067418 0.657451 151 147 131
0.047363 -0.065882 0.656236 151 147 131
0.049179 -0.064315 0.655183 149 145 129
0.050872 -0.062777 0.653955 147 143 125
0.052516 -0.061252 0.652658 142 138 120
0.054120 -0.059736 0.651305 138 136 121
0.055751 -0.058213 0.649987 136 132 116
0.057367 -0.056693 0.648647 144 140 124
0.058977 -0.055174 0.647299 146 142 126
0.060700 -0.053624 0.646097 146 142 124
0.062522 -0.052046 0.645023 145 141 123
0.064324 -0.050472 0.643916 142 138 120
0.066176 -0.048883 0.642872 145 141 123
0.067925 -0.047321 0.641688 146 142 124
0.069703 -0.045750 0.640538 147 142 124
0.071558 -0.044156 0.639482 143 138 120
0.073419 -0.042558 0.638428 146 141 123
0.075362 -0.040934 0.637473 149 144 126
0.077372 -0.039289 0.636592 168 163 145
0.079194 -0.037697 0.635473 171 166 148
0.080989 -0.036112 0.634317 140 135 117
0.082971 -0.034470 0.633384 147 142 124
0.085082 -0.032786 0.632600 145 141 123
0.087329 -0.031057 0.631971 152 149 131
0.089584 -0.029322 0.631340 174 170 151
0.092044 -0.027520 0.630941 176 171 158
0.094594 -0.025685 0.630634 109 110 99
0.097189 -0.023831 0.630365 68 68 67
0.099911 -0.021932 0.630227 44 45 40
0.102701 -0.020005 0.630151 50 45 41
0.105671 -0.018015 0.630263 69 68 62
0.108871 -0.015942 0.630616 56 55 49
0.112634 -0.013677 0.631582 51 49 46
0.116531 -0.011358 0.632667 48 46 45
0.120316 -0.009065 0.633594 49 47 44
0.124267 -0.006707 0.634673 57 57 52
0.128225 -0.004336 0.635726 72 68 60
0.131784 -0.002090 0.636309 123 120 117
0.135307 0.000152 0.636825 23 21 15
0.138130 0.002160 0.636557 25 26 25
0.141084 0.004220 0.636415 33 30 30
0.143837 0.006214 0.636039 62 55 54
0.146076 0.008033 0.635104 88 86 81
0.149609 0.010312 0.635524 81 79 73
0.153129 0.012594 0.635904 78 76 70
0.155976 0.014643 0.635560 74 71 64
0.159611 0.016981 0.636013 74 70 63
-0.021760 -0.142359 0.761128 103 103 97
-0.020686 -0.140828 0.758546 107 108 99
-0.020096 -0.139334 0.755014 111 112 103
-0.019192 -0.137827 0.752135 114 115 106
-0.017993 -0.136303 0.749857 117 117 109
-0.017118 -0.134810 0.746956 118 119 110
-0.016274 -0.133325 0.744017 118 117 107
-0.015279 -0.131833 0.741390 82 80 72
-0.014417 -0.130359 0.738526 195 194 180
-0.013688 -0.128905 0.735429 88 79 67
-0.013223 -0.127486 0.731858 157 146 138
-0.012547 -0.126053 0.728711 100 85 80
-0.011988 -0.124641 0.725372 95 80 73
-0.011314 -0.123223 0.722273 97 81 75
-0.010431 -0.121788 0.719580 94 78 75
-0.009741 -0.120382 0.716552 91 78 76
-0.009102 -0.118990 0.713456 81 70 70
-0.008458 -0.117604 0.710392 72 63 63
-0.007955 -0.116245 0.707101 66 55 55
-0.007139 -0.114849 0.704389 55 48 47
-0.006220 -0.113445 0.701876 43 42 39
-0.005219 -0.112032 0.699521 50 60 54
-0.003987 -0.110589 0.697577 85 93 83
-0.002885 -0.109168 0.695418 153 155 143
-0.001657 -0.107730 0.693485 179 173 161
-0.000417 -0.106293 0.691576 163 160 146
0.000842 -0.104854 0.689709 166 162 149
0.002130 -0.103412 0.687896 162 157 145
0.003604 -0.101939 0.686395 162 159 145
0.004989 -0.100483 0.684750 161 159 144
0.006482 -0.099008 0.683284 161 158 143
0.007963 -0.097535 0.681800 161 156 142
0.009512 -0.096050 0.680426 155 152 139
0.011098 -0.094557 0.679111 149 147 137
0.012718 -0.093058 0.677847 190 188 177
0.014270 -0.091571 0.676474 190 187 178
0.015842 -0.090079 0.675134 188 185 177
0.017607 -0.088548 0.674090 186 184 173
0.019187 -0.087054 0.672757 185 183 172
0.020700 -0.085574 0.671318 185 180 169
0.022398 -0.084054 0.670163 184 179 165
0.023915 -0.082572 0.668729 181 176 164
0.025468 -0.081083 0.667350 179 174 160
0.027057 -0.079585 0.666025 171 167 151
0.028919 -0.078024 0.665101 161 159 144
0.030594 -0.076505 0.663898 157 153 138
0.032356 -0.074964 0.662817 155 151 136
0.033965 -0.073458 0.661509 155 150 136
0.035669 -0.071929 0.660337 155 150 136
0.037454 -0.070379 0.659278 154 149 135
0.039201 -0.068837 0.658160 153 148 134
0.040902 -0.067305 0.656972 153 149 133
0.042612 -0.065770 0.655794 150 146 130
0.044303 -0.064238 0.654585 151 147 131
0.046225 -0.062646 0.653694 150 145 129
0.047876 -0.061123 0.652423 142 137 119
0.049555 -0.059591 0.651188 145 140 122
0.051174 -0.058075 0.649868 147 143 127
0.052796 -0.056557 0.648552 147 145 128
0.054429 -0.055036 0.647247 149 145 129
0.056098 -0.053504 0.645991 149 145 129
0.057859 -0.051947 0.644852 150 146 128
0.059706 -0.050363 0.643822 149 145 127
0.061501 -0.048793 0.642721 149 145 127
0.063186 -0.047253 0.641471 149 145 127
0.065029 -0.045667 0.640422 149 145 126
0.066753 -0.044113 0.639215 151 146 128
0.068753 -0.042478 0.638357 166 161 138
0.070678 -0.040862 0.637397 185 178 159
0.072725 -0.039208 0.636583 149 144 126
0.074625 -0.037596 0.635577 141 137 119
0.076505 -0.035988 0.634541 146 138 122
0.078350 -0.034389 0.633456 150 142 127
0.080529 -0.032686 0.632775 165 158 143
0.082817 -0.030945 0.632216 195 189 170
0.085357 -0.029122 0.631949 167 166 150
0.087913 -0.027289 0.631686 89 91 84
0.090651 -0.025393 0.631623 66 63 63
0.093358 -0.023501 0.631506 45 42 37
0.096118 -0.021587 0.631434 48 44 41
0.098910 -0.019657 0.631379 72 66 64
0.101819 -0.017682 0.631443 64 58 53
0.104893 -0.015647 0.631676 56 53 48
0.108202 -0.013527 0.632156 51 49 43
0.111865 -0.011281 0.633013 47 45 42
0.115728 -0.008957 0.634064 56 55 50
0.119137 -0.006777 0.634574 67 67 61
0.122752 -0.004520 0.635287 100 95 88
0.126378 -0.002248 0.635984 110 107 101
0.129664 -0.000087 0.636276 21 19 17
0.132619 0.001967 0.636184 30 28 25
0.134978 0.003818 0.635426 24 22 20
0.137824 0.005843 0.635183 64 60 58
0.140366 0.007766 0.634598 74 69 67
0.142802 0.009655 0.633887 89 86 81
0.146248 0.011910 0.634235 81 77 72
0.149858 0.014231 0.634729 75 70 65
0.152809 0.016322 0.634510 74 68 64
-0.022781 -0.138745 0.758069 106 107 98
-0.022480 -0.137283 0.753951 113 114 105
-0.021557 -0.135783 0.751113 114 115 106
-0.020370 -0.134266 0.748818 119 117 109
-0.019223 -0.132756 0.746455 120 119 111
-0.018198 -0.131262 0.743867 125 125 116
-0.017056 -0.129761 0.741523 129 126 119
-0.016194 -0.128293 0.738653 86 86 74
-0.015246 -0.126822 0.735967 184 185 173
-0.014597 -0.125390 0.732731 149 148 134
-0.013792 -0.123947 0.729815 131 122 109
-0.013147 -0.122530 0.726621 139 127 117
-0.012385 -0.121106 0.723670 89 75 65
-0.011516 -0.119675 0.720937 88 75 70
-0.010689 -0.118255 0.718144 89 77 73
-0.010041 -0.116865 0.715048 86 74 72
-0.009335 -0.115474 0.712079 87 75 73
-0.008899 -0.114129 0.708648 90 77 74
-0.008139 -0.112745 0.705821 81 70 68
-0.007342 -0.111361 0.703080 62 54 52
-0.006463 -0.109969 0.700501 55 50 54
-0.005457 -0.108563 0.698157 49 51 48
-0.004475 -0.107164 0.695787 40 48 46
-0.003455 -0.105763 0.693494 55 57 53
-0.002339 -0.104350 0.691377 96 97 87
-0.001295 -0.102951 0.689147 146 145 133
-0.000127 -0.101535 0.687137 173 173 160
0.001208 -0.100090 0.685414 166 164 149
0.002636 -0.098630 0.683849 162 160 145
0.004127 -0.097158 0.682389 168 166 151
0.005527 -0.095704 0.680781 186 181 167
0.006993 -0.094238 0.679283 193 190 178
0.008508 -0.092762 0.677864 254 252 251
0.010095 -0.091272 0.676561 250 246 248
0.011568 -0.089805 0.675075 239 235 234
0.013134 -0.088318 0.673738 224 217 217
0.014761 -0.086819 0.672492 203 199 194
0.016435 -0.085308 0.671319 197 192 187
0.017953 -0.083831 0.669903 198 192 185
0.019490 -0.082349 0.668514 198 193 183
0.021015 -0.080870 0.667107 192 186 178
0.022501 -0.079400 0.665641 188 183 172
0.024098 -0.077905 0.664341 180 176 161
0.025755 -0.076394 0.663131 168 164 149
0.027419 -0.074882 0.661927 159 154 140
0.029069 -0.073371 0.660700 157 152 138
0.030633 -0.071881 0.659344 156 151 136
0.032283 -0.070369 0.658114 154 149 135
0.034067 -0.068823 0.657072 154 149 135
0.035956 -0.067249 0.656177 151 146 132
0.037734 -0.065702 0.655115 149 145 129
0.039585 -0.064133 0.654153 146 142 126
0.041337 -0.062589 0.653046 144 140 124
0.043156 -0.061026 0.652027 149 144 128
0.044768 -0.059516 0.650716 150 145 127
0.046443 -0.057989 0.649491 150 145 127
0.048130 -0.056458 0.648279 150 145 129
0.049965 -0.054885 0.647265 152 147 128
0.051663 -0.053349 0.646061 152 147 129
0.053365 -0.051811 0.644859 152 147 129
0.055190 -0.050236 0.643818 152 147 129
0.057061 -0.048647 0.642833 152 147 129
0.058777 -0.047101 0.641638 149 144 126
0.060459 -0.045564 0.640395 168 164 146
0.062249 -0.043994 0.639289 183 178 158
0.064050 -0.042420 0.638195 166 161 141
0.065984 -0.040805 0.637264 146 141 117
0.067874 -0.039200 0.636271 142 135 117
0.069904 -0.037552 0.635449 124 121 104
0.071882 -0.035916 0.634554 157 153 137
0.073888 -0.034270 0.633685 191 186 168
0.076136 -0.032546 0.633110 193 188 173
0.078599 -0.030751 0.632786 121 120 110
0.081284 -0.028881 0.632717 63 63 55
0.083973 -0.027004 0.632637 45 46 39
0.086692 -0.025112 0.632573 43 42 41
0.089538 -0.023173 0.632643 53 47 37
0.092281 -0.021261 0.632571 72 63 57
0.095053 -0.019334 0.632515 68 59 54
0.097943 -0.017363 0.632578 62 52 47
0.100963 -0.015342 0.632773 53 46 42
0.104233 -0.013231 0.633235 50 47 42
0.107640 -0.011065 0.633830 33 30 26
0.111188 -0.008842 0.634558 72 72 64
0.114662 -0.006637 0.635172 44 44 38
0.117716 -0.004568 0.635287 135 131 122
0.121171 -0.002353 0.635829 81 76 63
0.124528 -0.000165 0.636235 27 25 17
0.127398 0.001860 0.636078 27 26 22
0.129759 0.003710 0.635345 30 28 25
0.131800 0.005449 0.634251 60 58 55
0.134419 0.007397 0.633779 74 72 69
0.136863 0.009285 0.633105 80 78 75
0.138902 0.011031 0.631985 81 78 73
0.142037 0.013178 0.632026 75 71 66
0.145561 0.015474 0.632457 72 68 63
0.148913 0.017715 0.632681 72 67 63
-0.023719 -0.136577 0.759940 85 83 76
-0.023921 -0.135164 0.754777 113 112 105
-0.023135 -0.133680 0.751653 115 114 106
-0.022055 -0.132175 0.749138 118 117 108
-0.020935 -0.130672 0.746718 120 119 111
-0.019757 -0.129167 0.744427 124 123 114
-0.018781 -0.127686 0.741753 127 126 118
-0.017874 -0.126219 0.738962 138 136 130
-0.016918 -0.124751 0.736286 106 106 97
-0.016080 -0.123303 0.733402 121 123 108
-0.015130 -0.121848 0.730752 244 240 230
-0.014395 -0.120425 0.727713 118 114 99
-0.013642 -0.119006 0.724732 155 150 134
-0.012776 -0.117579 0.721980 115 105 95
-0.011977 -0.116167 0.719125 82 71 62
-0.011113 -0.114751 0.716409 85 74 66
-0.010321 -0.113351 0.713581 85 73 67
-0.009682 -0.111981 0.710497 86 74 69
-0.008894 -0.110594 0.707703 85 72 68
-0.008040 -0.109203 0.705045 83 70 67
-0.007200 -0.107820 0.702379 80 67 66
-0.006272 -0.106427 0.699884 62 53 52
-0.005403 -0.105048 0.697302 55 53 52
-0.004418 -0.103655 0.694937 52 49 49
-0.003429 -0.102264 0.692592 43 40 39
-0.002390 -0.100868 0.690345 55 54 53
-0.001336 -0.099473 0.688134 44 45 45
-0.000105 -0.098049 0.686230 84 84 79
0.001225 -0.096607 0.684499 121 120 110
0.002634 -0.095151 0.682902 164 163 148
0.003911 -0.093722 0.681091 172 171 159
0.005250 -0.092282 0.679386 177 175 161
0.006701 -0.090820 0.677866 217 216 212
0.008178 -0.089353 0.676389 250 246 247
0.009636 -0.087891 0.674885 255 252 255
0.011137 -0.086419 0.673448 255 252 255
0.012687 -0.084937 0.672088 255 253 254
0.014266 -0.083449 0.670775 255 254 255
0.015849 -0.081959 0.669464 253 251 253
0.017348 -0.080487 0.668023 251 248 250
0.018892 -0.079006 0.666651 247 243 242
0.020396 -0.077534 0.665218 225 219 217
0.021990 -0.076040 0.663922 196 189 184
0.023566 -0.074550 0.662596 165 160 152
0.025146 -0.073059 0.661275 162 157 143
0.026751 -0.071561 0.659989 161 156 142
0.028283 -0.070081 0.658596 156 151 136
0.029892 -0.068581 0.657314 151 147 131
0.031652 -0.067042 0.656248 150 146 130
0.033504 -0.065478 0.655310 146 141 127
0.035275 -0.063933 0.654249 144 139 125
0.037088 -0.062375 0.653244 144 140 126
0.038792 -0.060845 0.652080 148 144 128
0.040665 -0.059268 0.651149 153 148 128
0.042249 -0.057768 0.649808 154 149 129
0.043958 -0.056234 0.648640 156 151 131
0.045717 -0.054684 0.647537 156 151 131
0.047572 -0.053106 0.646560 155 150 133
0.049337 -0.051552 0.645455 156 151 135
0.051045 -0.050013 0.644269 164 159 139
0.052820 -0.048453 0.643170 180 176 153
0.054708 -0.046859 0.642217 186 181 160
0.056457 -0.045304 0.641072 159 154 137
0.058106 -0.043778 0.639795 153 148 130
0.059986 -0.042182 0.638815 142 137 118
0.061736 -0.040623 0.637661 161 156 136
0.063705 -0.038996 0.636784 183 180 158
0.065575 -0.037398 0.635775 200 194 174
0.067728 -0.035710 0.635117 172 172 156
0.069799 -0.034044 0.634346 121 124 108
0.072196 -0.032273 0.633975 67 68 60
0.074671 -0.030472 0.633685 47 45 41
0.077449 -0.028570 0.633753 41 37 37
0.080265 -0.026649 0.633849 47 44 40
0.083024 -0.024741 0.633855 50 46 40
0.085701 -0.022854 0.633742 60 56 49
0.088526 -0.020913 0.633790 80 70 63
0.091271 -0.018992 0.633721 66 57 51
0.094122 -0.017031 0.633760 59 52 48
0.096950 -0.015070 0.633753 43 40 35
0.100129 -0.012985 0.634137 39 38 32
0.103469 -0.010838 0.634683 59 60 53
0.106874 -0.008660 0.635278 68 69 62
0.110084 -0.006541 0.635622 59 57 45
0.113232 -0.004437 0.635871 147 147 133
0.116021 -0.002452 0.635691 42 40 33
0.119372 -0.000263 0.636126 24 17 18
0.122432 0.001830 0.636211 22 19 20
0.124866 0.003705 0.635579 37 35 34
0.126985 0.005469 0.634588 50 48 45
0.128914 0.007168 0.633383 73 71 68
0.131586 0.009138 0.632981 80 78 75
0.133930 0.010993 0.632211 84 81 76
0.136013 0.012754 0.631149 74 71 66
0.138981 0.014845 0.631027 71 68 63
-0.024802 -0.132991 0.756748 87 85 77
-0.024281 -0.131535 0.753066 115 113 106
-0.023602 -0.130072 0.749735 118 117 107
-0.022571 -0.128581 0.747133 121 120 112
-0.021472 -0.127087 0.744680 124 123 114
-0.020441 -0.125605 0.742108 126 125 116
-0.019732 -0.124166 0.738926 129 128 120
-0.018682 -0.122693 0.736428 134 134 126
-0.017811 -0.121247 0.733601 125 125 117
-0.016702 -0.119775 0.731246 81 77 70
-0.015751 -0.118329 0.728606 190 189 178
-0.014823 -0.116891 0.725941 224 219 206
-0.014023 -0.115476 0.723056 125 116 102
-0.013183 -0.114062 0.720264 133 123 105
-0.012414 -0.112664 0.717360 113 104 89
-0.011402 -0.111235 0.714922 87 76 64
-0.010633 -0.109848 0.712057 79 66 60
-0.009647 -0.108433 0.709602 85 71 66
-0.008725 -0.107032 0.707048 86 73 70
-0.007848 -0.105643 0.704430 83 70 67
-0.006963 -0.104259 0.701843 81 68 66
-0.006083 -0.102880 0.699263 77 66 64
-0.005111 -0.101489 0.696860 62 50 50
-0.004166 -0.100107 0.694423 67 57 56
-0.003107 -0.098708 0.692196 61 54 56
-0.002020 -0.097307 0.690027 46 41 42
-0.000884 -0.095900 0.687949 54 51 52
0.000307 -0.094484 0.685975 51 50 49
0.001571 -0.093056 0.684129 59 58 57
0.002753 -0.091646 0.682153 76 74 73
0.004033 -0.090218 0.680346 90 89 85
0.005348 -0.088785 0.678602 124 123 116
0.006739 -0.087336 0.676985 171 169 162
0.008108 -0.085893 0.675334 195 190 185
0.009594 -0.084425 0.673874 203 196 192
0.011055 -0.082963 0.672373 206 201 199
0.012620 -0.081478 0.671039 229 228 225
0.014126 -0.080005 0.669611 245 244 245
0.015635 -0.078533 0.668186 253 252 252
0.017172 -0.077053 0.666807 255 252 255
0.018572 -0.075606 0.665216 255 252 255
0.020007 -0.074152 0.663682 254 250 255
0.021574 -0.072665 0.662349 247 243 242
0.023123 -0.071183 0.660986 181 179 165
0.024673 -0.069700 0.659625 166 166 153
0.026184 -0.068227 0.658205 165 159 145
0.027777 -0.066732 0.656905 157 153 135
0.029514 -0.065199 0.655813 155 151 134
0.031240 -0.063668 0.654703 159 155 138
0.033012 -0.062123 0.653653 168 164 149
0.034771 -0.060580 0.652580 156 151 136
0.036563 -0.059027 0.651548 162 154 136
0.038332 -0.057479 0.650479 163 157 138
0.039993 -0.055959 0.649254 154 154 133
0.041787 -0.054401 0.648212 160 159 138
0.043558 -0.052848 0.647132 189 184 167
0.045443 -0.051261 0.646205 177 172 152
0.047218 -0.049704 0.645120 165 160 140
0.048965 -0.048154 0.643994 149 144 124
0.050737 -0.046595 0.642897 141 134 112
0.052514 -0.045033 0.641802 133 128 111
0.054288 -0.043471 0.640699 182 174 160
0.055971 -0.041935 0.639472 185 183 169
0.057844 -0.040341 0.638489 153 155 140
0.059757 -0.038732 0.637554 119 123 109
0.061836 -0.037069 0.636826 95 88 84
0.064047 -0.035362 0.636257 61 54 53
0.066436 -0.033595 0.635903 48 45 41
0.068945 -0.031785 0.635687 36 33 28
0.071371 -0.029997 0.635349 47 42 40
0.073983 -0.028144 0.635230 50 44 43
0.076653 -0.026268 0.635165 58 51 49
0.079420 -0.024354 0.635201 65 58 54
0.082106 -0.022460 0.635118 66 59 52
0.084710 -0.020589 0.634918 64 57 50
0.087461 -0.018664 0.634878 58 54 46
0.090255 -0.016718 0.634871 50 47 39
0.093222 -0.014708 0.635051 40 35 30
0.096147 -0.012705 0.635159 41 38 31
0.099113 -0.010682 0.635295 79 75 69
0.102419 -0.008534 0.635806 55 51 41
0.105562 -0.006436 0.636103 109 108 95
0.108653 -0.004349 0.636316 127 129 122
0.111806 -0.002233 0.636577 13 12 9
0.114505 -0.000273 0.636300 23 20 19
0.117464 0.001785 0.636299 21 18 18
0.120161 0.003755 0.635985 36 33 32
0.122209 0.005493 0.634931 62 58 57
0.123928 0.007112 0.633507 81 78 73
0.125805 0.008790 0.632256 84 81 75
0.128305 0.010700 0.631682 81 78 72
0.130756 0.012595 0.631043 74 71 66
0.132338 0.014168 0.629453 70 67 62
0.135318 0.016267 0.629364 69 65 61
-0.025479 -0.130787 0.759152 149 134 131
-0.025480 -0.129388 0.754384 96 90 81
-0.025284 -0.127982 0.750063 115 114 103
-0.024531 -0.126526 0.746897 119 118 109
-0.023477 -0.125043 0.744355 122 121 112
-0.022615 -0.123587 0.741448 125 124 114
-0.021794 -0.122142 0.738484 127 126 117
-0.020807 -0.120683 0.735865 131 130 122
-0.019781 -0.119223 0.733336 141 140 132
-0.018535 -0.117738 0.731244 146 143 136
-0.017270 -0.116253 0.729198 116 112 102
-0.016125 -0.114788 0.726932 71 67 59
-0.015013 -0.113331 0.724619 179 178 167
-0.014189 -0.111921 0.721781 190 184 174
-0.013336 -0.110514 0.719017 120 112 94
-0.012417 -0.109101 0.716394 152 142 125
-0.011431 -0.107682 0.713907 126 115 104
-0.010417 -0.106262 0.711488 90 77 70
-0.009365 -0.104840 0.709151 87 74 70
-0.008480 -0.103452 0.706528 85 72 67
-0.007486 -0.102048 0.704115 82 70 67
-0.006629 -0.100674 0.701475 82 69 67
-0.005658 -0.099284 0.699051 80 67 64
-0.004715 -0.097902 0.696595 77 64 62
-0.003641 -0.096500 0.694375 74 62 60
-0.002600 -0.095108 0.692112 70 60 59
-0.001482 -0.093703 0.689989 64 57 57
-0.000343 -0.092297 0.687912 60 55 56
0.000826 -0.090887 0.685896 54 51 53
0.001969 -0.089486 0.683843 63 59 62
0.003132 -0.088083 0.681832 65 61 62
0.004356 -0.086668 0.679930 63 59 58
0.005609 -0.085249 0.678081 65 63 60
0.006957 -0.083811 0.676391 83 79 78
0.008367 -0.082359 0.674804 81 76 69
0.009773 -0.080909 0.673214 109 103 92
0.011218 -0.079450 0.671687 118 110 102
0.012734 -0.077976 0.670273 142 135 125
0.014240 -0.076503 0.668842 161 151 138
0.015741 -0.075032 0.667405 171 159 147
0.017136 -0.073587 0.665805 147 136 128
0.018587 -0.072128 0.664294 121 111 105
0.020078 -0.070660 0.662845 102 100 90
0.021596 -0.069185 0.661435 131 126 113
0.023104 -0.067713 0.660012 139 132 116
0.024596 -0.066245 0.658563 146 136 119
0.026127 -0.064767 0.657174 175 171 154
0.027751 -0.063263 0.655920 173 169 151
0.029471 -0.061733 0.654803 172 168 150
0.031176 -0.060205 0.653661 175 171 153
0.032957 -0.058656 0.652623 171 166 147
0.034737 -0.057105 0.651579 165 158 137
0.036528 -0.055549 0.650547 167 160 138
0.038182 -0.054032 0.649315 164 159 139
0.039975 -0.052473 0.648275 164 158 140
0.041805 -0.050902 0.647282 169 163 149
0.043689 -0.049313 0.646357 174 170 152
0.045516 -0.047739 0.645347 169 167 150
0.047297 -0.046178 0.644270 156 152 136
0.049152 -0.044593 0.643287 136 130 116
0.051058 -0.042990 0.642367 105 103 90
0.052959 -0.041387 0.641433 86 80 71
0.054769 -0.039810 0.640373 61 62 53
0.056844 -0.038149 0.639656 45 50 46
0.058826 -0.036514 0.638807 36 44 37
0.061025 -0.034808 0.638232 34 35 33
0.063295 -0.033076 0.637737 46 43 42
0.065836 -0.031252 0.637576 50 45 43
0.068407 -0.029414 0.637436 54 47 46
0.070927 -0.027587 0.637214 55 48 47
0.073353 -0.025786 0.636859 59 52 51
0.075937 -0.023929 0.636685 62 55 51
0.078578 -0.022047 0.636566 63 56 50
0.081248 -0.020151 0.636463 61 55 48
0.083878 -0.018263 0.636295 52 45 39
0.086604 -0.016337 0.636225 47 42 35
0.089373 -0.014390 0.636188 39 37 29
0.092354 -0.012365 0.636387 85 84 77
0.095185 -0.010385 0.636385 68 67 58
0.098055 -0.008386 0.636411 79 76 71
0.101142 -0.006304 0.636670 146 146 142
0.104112 -0.004257 0.636770 44 47 43
0.106939 -0.002256 0.636684 20 17 15
0.109966 -0.000176 0.636809 25 22 22
0.112240 0.001636 0.636053 18 16 15
0.114523 0.003454 0.635297 51 47 46
0.116952 0.005328 0.634696 65 61 61
0.118932 0.007040 0.633579 92 89 87
0.120853 0.008732 0.632392 83 82 74
0.122849 0.010452 0.631284 81 78 72
0.125535 0.012435 0.630928 76 73 67
0.127935 0.014313 0.630245 70 67 62
0.129729 0.015964 0.628893 69 63 62
0.132796 0.018103 0.628911 66 62 59
-0.026957 -0.125892 0.750406 90 83 77
-0.026452 -0.124472 0.746732 116 115 106
-0.025676 -0.123028 0.743632 118 117 109
-0.024810 -0.121579 0.740735 124 123 113
-0.024044 -0.120150 0.737663 126 125 116
-0.022907 -0.118677 0.735338 130 129 120
-0.021875 -0.117223 0.732822 135 134 126
-0.020602 -0.115738 0.730785 143 142 134
-0.019383 -0.114264 0.728654 146 143 135
-0.018002 -0.112768 0.726840 131 128 120
-0.016599 -0.111270 0.725073 105 106 93
-0.015400 -0.109806 0.722929 64 61 58
-0.014379 -0.108374 0.720464 133 130 124
-0.013329 -0.106941 0.718067 193 187 177
-0.012323 -0.105520 0.715604 136 132 115
-0.011229 -0.104088 0.713314 133 127 114
-0.010083 -0.102649 0.711131 126 118 107
-0.008998 -0.101225 0.708849 97 89 78
-0.007867 -0.099796 0.706660 82 71 64
-0.006863 -0.098394 0.704259 80 67 62
-0.005841 -0.096993 0.701901 85 69 65
-0.004825 -0.095597 0.699547 83 67 63
-0.003788 -0.094200 0.697243 81 68 64
-0.002709 -0.092798 0.695023 78 66 64
-0.001628 -0.091399 0.692817 74 64 61
-0.000553 -0.090004 0.690611 71 64 61
0.000602 -0.088596 0.688551 67 61 62
0.001733 -0.087195 0.686459 64 56 59
0.002875 -0.085794 0.684395 70 61 63
0.004038 -0.084391 0.682375 73 62 64
0.005164 -0.082999 0.680303 68 61 62
0.006414 -0.081581 0.678440 66 61 64
0.007737 -0.080147 0.676701 66 62 65
0.009102 -0.078705 0.675034 74 71 74
0.010474 -0.077262 0.673381 63 62 63
0.011859 -0.075817 0.671751 72 71 71
0.013243 -0.074372 0.670123 63 60 66
0.014765 -0.072894 0.668712 68 66 64
0.016101 -0.071463 0.667015 66 65 61
0.017575 -0.069998 0.665533 70 71 63
0.018930 -0.068564 0.663870 59 65 56
0.020407 -0.067098 0.662396 59 61 56
0.021950 -0.065616 0.661021 67 67 64
0.023414 -0.064154 0.659526 69 67 62
0.024947 -0.062674 0.658136 65 68 67
0.026512 -0.061185 0.656794 81 83 79
0.028152 -0.059675 0.655558 84 85 80
0.029888 -0.058137 0.654459 82 84 76
0.031560 -0.056616 0.653265 82 82 76
0.033278 -0.055081 0.652132 81 79 73
0.035151 -0.053499 0.651217 77 72 67
0.036904 -0.051951 0.650125 73 67 60
0.038699 -0.050389 0.649088 66 59 53
0.040561 -0.048806 0.648139 57 55 51
0.042522 -0.047191 0.647319 59 66 56
0.044384 -0.045603 0.646356 49 62 47
0.046232 -0.044019 0.645367 56 57 50
0.048181 -0.042401 0.644510 56 54 51
0.050290 -0.040731 0.643860 43 43 42
0.052354 -0.039072 0.643140 38 37 38
0.054484 -0.037389 0.642498 43 39 33
0.056670 -0.035686 0.641919 51 50 42
0.058775 -0.034005 0.641223 50 47 40
0.060960 -0.032295 0.640620 53 51 47
0.063250 -0.030548 0.640142 61 53 52
0.065655 -0.028759 0.639799 62 54 53
0.068110 -0.026949 0.639506 63 56 51
0.070559 -0.025137 0.639189 61 54 50
0.072874 -0.023365 0.638689 59 52 50
0.075384 -0.021524 0.638419 59 52 48
0.077951 -0.019659 0.638205 59 52 46
0.080534 -0.017783 0.637994 51 44 38
0.083061 -0.015922 0.637698 51 47 41
0.085736 -0.014004 0.637567 83 78 69
0.088508 -0.012048 0.637535 85 79 69
0.091318 -0.010072 0.637530 74 66 57
0.094086 -0.008106 0.637456 143 142 130
0.096781 -0.006160 0.637276 94 91 83
0.099773 -0.004103 0.637428 13 11 12
0.102423 -0.002163 0.637160 24 20 23
0.104980 -0.000253 0.636766 21 17 16
0.107429 0.001622 0.636234 24 20 23
0.109335 0.003300 0.635065 54 49 50
0.111175 0.004955 0.633818 67 63 61
0.113396 0.006752 0.632997 82 80 77
0.115425 0.008481 0.631952 83 82 77
0.117260 0.010138 0.630683 80 77 70
0.119603 0.011989 0.629977 76 73 68
0.122273 0.013968 0.629620 73 68 64
0.124838 0.015911 0.629133 70 67 62
0.127264 0.017804 0.628481 67 63 61
-0.028017 -0.123728 0.751998 157 143 137
-0.028023 -0.122378 0.747269 76 77 64
-0.027459 -0.120967 0.743732 114 112 104
-0.026700 -0.119539 0.740615 121 120 112
-0.025850 -0.118106 0.737704 125 124 116
-0.024793 -0.116648 0.735219 125 124 115
-0.023710 -0.115192 0.732802 132 131 123
-0.022569 -0.113730 0.730510 135 134 126
-0.021286 -0.112250 0.728503 139 136 129
-0.020029 -0.110776 0.726456 146 143 136
-0.018433 -0.109249 0.725057 149 143 135
-0.017104 -0.107767 0.723157 127 122 115
-0.015876 -0.106304 0.721075 108 106 98
-0.014674 -0.104848 0.718953 61 62 52
-0.013587 -0.103415 0.716628 98 95 88
-0.012453 -0.101978 0.714404 185 182 174
-0.011206 -0.100522 0.712395 152 148 135
-0.010108 -0.099097 0.710125 113 108 92
-0.008845 -0.097644 0.708161 138 132 118
-0.007788 -0.096233 0.705840 131 121 108
-0.006634 -0.094806 0.703704 90 80 72
-0.005644 -0.093416 0.701290 72 63 57
-0.004616 -0.092022 0.698955 72 64 57
-0.003588 -0.090632 0.696634 80 70 65
-0.002391 -0.089209 0.694613 79 67 65
-0.001340 -0.087820 0.692352 76 65 62
-0.000180 -0.086410 0.690288 73 66 62
0.000982 -0.085002 0.688236 75 65 65
0.002189 -0.083586 0.686268 74 66 65
0.003354 -0.082183 0.684237 75 67 67
0.004448 -0.080798 0.682099 74 66 66
0.005650 -0.079391 0.680146 72 65 65
0.007024 -0.077943 0.678479 72 65 66
0.008364 -0.076505 0.676762 72 66 67
0.009730 -0.075062 0.675088 72 65 66
0.011159 -0.073604 0.673518 71 64 65
0.012569 -0.072151 0.671922 66 62 62
0.013976 -0.070700 0.670321 64 60 60
0.015297 -0.069272 0.668590 62 59 59
0.016833 -0.067788 0.667196 57 55 54
0.018277 -0.066329 0.665660 54 55 51
0.019746 -0.064863 0.664163 41 41 39
0.021406 -0.063346 0.662956 46 45 43
0.022871 -0.061882 0.661452 40 38 39
0.024364 -0.060409 0.659993 41 41 40
0.025854 -0.058939 0.658528 36 36 35
0.027361 -0.057463 0.657091 43 43 42
0.029036 -0.055939 0.655897 41 42 40
0.030653 -0.054431 0.654617 43 44 43
0.032351 -0.052898 0.653452 35 32 34
0.034245 -0.051307 0.652562 48 45 45
0.035954 -0.049768 0.651404 49 46 45
0.037805 -0.048186 0.650441 50 44 45
0.039666 -0.046599 0.649486 57 56 51
0.041512 -0.045015 0.648504 50 49 46
0.043475 -0.043392 0.647678 54 53 48
0.045462 -0.041760 0.646875 58 55 52
0.047503 -0.040108 0.646139 58 53 53
0.049769 -0.038382 0.645698 62 56 53
0.051834 -0.036717 0.644973 70 63 56
0.053979 -0.035023 0.644345 77 66 60
0.056137 -0.033322 0.643723 68 59 52
0.058226 -0.031640 0.643001 62 56 49
0.060429 -0.029917 0.642417 62 56 51
0.062675 -0.028178 0.641877 64 57 52
0.065048 -0.026391 0.641490 62 55 50
0.067387 -0.024613 0.641045 59 52 46
0.069736 -0.022827 0.640598 60 53 48
0.072055 -0.021047 0.640102 59 52 48
0.074513 -0.019216 0.639766 53 46 40
0.076924 -0.017397 0.639357 33 28 21
0.079448 -0.015534 0.639074 91 86 79
0.081961 -0.013671 0.638762 84 78 64
0.084580 -0.011765 0.638565 83 71 67
0.087171 -0.009865 0.638316 147 141 132
0.089848 -0.007929 0.638155 100 100 92
0.092351 -0.006051 0.637768 10 13 10
0.094859 -0.004167 0.637373 20 21 19
0.097445 -0.002251 0.637055 14 14 12
0.099829 -0.000404 0.636484 16 14 14
0.102072 0.001393 0.635736 46 44 41
0.104129 0.003124 0.634763 64 62 59
0.105999 0.004787 0.633567 80 76 74
0.107953 0.006482 0.632464 87 84 79
0.110478 0.008396 0.632005 84 81 74
0.112570 0.010148 0.631042 80 77 71
0.114659 0.011902 0.630070 73 72 64
0.117164 0.013818 0.629554 72 69 64
0.120088 0.015900 0.629490 70 66 62
0.122951 0.017964 0.629340 69 63 61
-0.028828 -0.120180 0.749365 170 145 142
-0.028662 -0.118829 0.745001 86 71 68
-0.028130 -0.117438 0.741413 109 107 98
-0.027406 -0.116027 0.738239 121 120 112
-0.026322 -0.114570 0.735801 127 126 118
-0.025477 -0.113153 0.732910 125 124 116
-0.024268 -0.111685 0.730748 129 128 120
-0.023124 -0.110230 0.728472 135 132 125
-0.021846 -0.108756 0.726463 139 136 129
-0.020378 -0.107251 0.724825 140 139 129
-0.018997 -0.105763 0.723025 149 143 136
-0.017653 -0.104283 0.721162 142 136 129
-0.016288 -0.102800 0.719342 124 122 111
-0.015132 -0.101358 0.717141 111 107 99
-0.013792 -0.099884 0.715290 71 67 60
-0.012498 -0.098421 0.713360 68 67 56
-0.011359 -0.096990 0.711155 155 158 144
-0.010133 -0.095545 0.709119 180 176 167
-0.008961 -0.094113 0.706995 112 103 91
-0.007755 -0.092677 0.704941 120 115 104
-0.006634 -0.091261 0.702746 141 139 128
-0.005571 -0.089862 0.700460 122 118 109
-0.004382 -0.088437 0.698404 89 80 71
-0.003198 -0.087017 0.696349 78 67 63
-0.002039 -0.085604 0.694259 74 63 59
-0.000897 -0.084198 0.692152 70 59 60
0.000331 -0.082774 0.690197 77 66 66
0.001503 -0.081366 0.688155 76 64 64
0.002691 -0.079957 0.686150 80 68 69
0.003830 -0.078561 0.684071 78 70 66
0.005053 -0.077148 0.682140 79 70 68
0.006433 -0.075697 0.680470 78 70 70
0.007811 -0.074248 0.678800 77 69 70
0.009118 -0.072818 0.677020 74 68 67
0.010501 -0.071369 0.675367 73 68 67
0.011912 -0.069914 0.673759 72 66 68
0.013377 -0.068445 0.672241 67 63 61
0.014754 -0.067001 0.670585 63 60 56
0.016329 -0.065503 0.669240 61 58 55
0.017809 -0.064031 0.667747 58 56 53
0.019348 -0.062543 0.666345 54 52 49
0.020973 -0.061031 0.665074 54 52 49
0.022493 -0.059548 0.663642 55 51 50
0.023931 -0.058089 0.662088 56 52 50
0.025451 -0.056606 0.660656 56 52 50
0.026820 -0.055168 0.659003 54 49 46
0.028423 -0.053661 0.657695 53 48 47
0.030036 -0.052151 0.656400 52 48 47
0.031746 -0.050611 0.655244 52 47 47
0.033491 -0.049060 0.654134 55 48 49
0.035291 -0.047490 0.653100 57 50 49
0.037168 -0.045895 0.652167 62 56 53
0.038967 -0.044323 0.651119 61 57 52
0.040771 -0.042747 0.650072 63 59 54
0.042758 -0.041112 0.649275 65 60 55
0.044796 -0.039458 0.648539 67 60 57
0.046832 -0.037802 0.647791 68 61 59
0.049105 -0.036067 0.647354 66 60 54
0.051151 -0.034402 0.646600 69 62 55
0.053281 -0.032707 0.645948 71 61 55
0.055449 -0.030996 0.645335 63 57 50
0.057576 -0.029295 0.644658 59 54 47
0.059679 -0.027600 0.643939 60 56 49
0.061959 -0.025842 0.643442 62 56 50
0.064149 -0.024112 0.642814 61 55 49
0.066393 -0.022359 0.642246 59 53 47
0.068635 -0.020604 0.641662 56 50 42
0.070905 -0.018835 0.641104 63 57 49
0.073267 -0.017031 0.640649 98 92 84
0.075667 -0.015210 0.640227 99 93 81
0.078101 -0.013372 0.639836 89 86 75
0.080557 -0.011522 0.639457 148 151 142
0.082973 -0.009683 0.639014 92 90 85
0.085373 -0.007846 0.638538 12 10 7
0.087804 -0.005994 0.638085 17 17 17
0.090146 -0.004171 0.637513 19 17 20
0.092276 -0.002423 0.636675 13 14 11
0.094618 -0.000593 0.636081 45 45 42
0.096643 0.001121 0.635099 63 61 59
0.098857 0.002908 0.634333 75 73 68
0.100927 0.004643 0.633390 86 84 80
0.102946 0.006361 0.632380 85 82 77
0.105032 0.008106 0.631441 85 83 76
0.107753 0.010098 0.631220 81 78 71
0.109969 0.011900 0.630409 75 72 67
0.112150 0.013690 0.629549 72 69 64
0.114960 0.015729 0.629387 69 66 61
0.118279 0.017974 0.629773 68 64 60
0.121623 0.020237 0.630162 66 61 58
-0.029270 -0.117920 0.752227 96 58 46
-0.029607 -0.116647 0.746802 157 127 130
-0.029542 -0.115331 0.742250 109 95 90
-0.028953 -0.113947 0.738792 96 95 88
-0.028059 -0.112523 0.735971 119 118 110
-0.027275 -0.111122 0.732953 122 121 113
-0.026197 -0.109679 0.730533 126 125 117
-0.024963 -0.108213 0.728431 130 128 120
-0.023777 -0.106759 0.726246 131 128 121
-0.022281 -0.105251 0.724666 134 133 124
-0.021030 -0.103789 0.722622 137 134 126
-0.019624 -0.102301 0.720878 127 124 117
-0.018357 -0.100840 0.718879 137 136 127
-0.017236 -0.099409 0.716616 134 133 124
-0.015953 -0.097950 0.714662 128 127 117
-0.014474 -0.096454 0.713077 115 113 103
-0.013208 -0.095001 0.711106 90 89 81
-0.011813 -0.093524 0.709374 53 52 46
-0.010582 -0.092083 0.707353 91 90 81
-0.009233 -0.090619 0.705550 187 184 177
-0.008064 -0.089195 0.703435 168 167 158
-0.006821 -0.087758 0.701459 109 103 92
-0.005596 -0.086327 0.699459 113 105 90
-0.004308 -0.084883 0.697576 132 123 112
-0.003125 -0.083466 0.695518 139 130 119
-0.001925 -0.082048 0.693498 107 100 92
-0.000704 -0.080626 0.691523 87 79 72
0.000484 -0.079215 0.689500 76 69 64
0.001705 -0.077798 0.687539 70 68 61
0.002875 -0.076396 0.685502 74 66 61
0.004167 -0.074965 0.683674 80 73 69
0.005592 -0.073501 0.682069 80 72 71
0.006982 -0.072048 0.680409 78 70 71
0.008346 -0.070602 0.678711 78 71 69
0.009735 -0.069150 0.677057 76 69 67
0.011180 -0.067684 0.675495 75 68 67
0.012641 -0.066215 0.673960 72 65 64
0.014067 -0.064755 0.672371 67 62 59
0.015705 -0.063237 0.671115 66 62 58
0.017280 -0.061736 0.669758 63 60 58
0.018832 -0.060241 0.668365 63 60 58
0.020542 -0.058701 0.667213 61 58 55
0.022049 -0.057218 0.665750 63 56 55
0.023553 -0.055737 0.664282 63 56 55
0.024974 -0.054280 0.662691 63 56 54
0.026365 -0.052833 0.661058 60 54 51
0.027927 -0.051335 0.659680 59 52 50
0.029504 -0.049833 0.658322 59 54 52
0.031164 -0.048304 0.657086 58 53 52
0.032896 -0.046752 0.655949 59 52 51
0.034628 -0.045200 0.654808 61 54 53
0.036470 -0.043611 0.653820 63 57 53
0.038254 -0.042039 0.652745 64 58 54
0.040004 -0.040477 0.651615 65 59 53
0.041928 -0.038857 0.650725 67 61 56
0.043982 -0.037193 0.650009 67 61 55
0.046038 -0.035525 0.649283 70 63 56
0.048261 -0.033799 0.648778 68 61 55
0.050217 -0.032159 0.647897 67 60 53
0.052233 -0.030497 0.647090 67 60 53
0.054402 -0.028780 0.646478 64 58 51
0.056421 -0.027112 0.645657 60 56 48
0.058616 -0.025380 0.645058 49 45 39
0.060902 -0.023614 0.644569 56 50 43
0.063138 -0.021862 0.644001 70 64 58
0.065385 -0.020102 0.643435 91 85 79
0.067594 -0.018353 0.642809 93 88 78
0.069668 -0.016648 0.641999 83 78 68
0.071958 -0.014864 0.641455 124 120 110
0.074240 -0.013079 0.640888 142 142 124
0.076672 -0.011236 0.640497 59 59 51
0.079033 -0.009416 0.640004 5 8 8
0.081309 -0.007622 0.639392 21 22 21
0.083324 -0.005923 0.638449 20 22 21
0.085445 -0.004182 0.637628 16 16 17
0.087546 -0.002446 0.636773 36 34 29
0.089551 -0.000744 0.635795 56 58 51
0.091766 0.001040 0.635062 71 71 64
0.093881 0.002788 0.634200 84 83 78
0.096160 0.004601 0.633522 86 85 81
0.098318 0.006371 0.632693 86 84 78
0.100410 0.008117 0.631778 84 82 75
0.102530 0.009877 0.630887 80 77 71
0.105324 0.011904 0.630764 76 73 68
0.107775 0.013800 0.630230 73 70 65
0.110302 0.015729 0.629770 70 67 62
0.113416 0.017897 0.629957 69 66 61
0.117220 0.020347 0.630893 67 64 59
0.121165 0.022864 0.631955 58 54 52
-0.030204 -0.113103 0.744614 112 94 94
-0.030050 -0.111793 0.740255 148 129 128
-0.029552 -0.110438 0.736625 85 74 74
-0.029031 -0.109088 0.733074 115 114 106
-0.027911 -0.107641 0.730734 121 118 111
-0.026766 -0.106194 0.728457 127 124 117
-0.025455 -0.104720 0.726512 128 125 118
-0.024131 -0.103246 0.724602 130 127 120
-0.022850 -0.101782 0.722614 132 129 122
-0.021684 -0.100342 0.720417 134 128 121
-0.020407 -0.098883 0.718441 132 128 120
-0.019224 -0.097445 0.716295 136 133 125
-0.017825 -0.095965 0.714561 136 135 126
-0.016283 -0.094457 0.713094 136 135 126
-0.014860 -0.092974 0.711410 126 125 116
-0.013336 -0.091471 0.709913 115 114 106
-0.012066 -0.090023 0.707958 110 109 101
-0.010742 -0.088566 0.706106 82 79 72
-0.009459 -0.087119 0.704190 53 52 45
-0.008198 -0.085679 0.702240 93 90 82
-0.006886 -0.084229 0.700387 171 168 158
-0.005529 -0.082770 0.698617 197 191 183
-0.004236 -0.081328 0.696742 148 139 129
-0.003061 -0.079916 0.694672 107 100 83
-0.001834 -0.078494 0.692698 107 102 78
-0.000676 -0.077092 0.690615 128 123 96
0.000522 -0.075681 0.688609 141 135 114
0.001688 -0.074281 0.686558 136 131 112
0.003027 -0.072839 0.684800 108 105 94
0.004391 -0.071391 0.683088 96 90 82
0.005862 -0.069915 0.681557 84 77 70
0.007244 -0.068464 0.679881 77 70 61
0.008627 -0.067014 0.678210 84 77 70
0.010138 -0.065529 0.676748 82 72 72
0.011678 -0.064036 0.675331 71 64 62
0.013154 -0.062561 0.673814 69 64 60
0.014873 -0.061017 0.672679 66 60 56
0.016605 -0.059468 0.671559 70 63 62
0.018169 -0.057967 0.670175 68 62 58
0.019909 -0.056414 0.669061 65 60 56
0.021443 -0.054921 0.667628 67 61 55
0.022889 -0.053455 0.666064 70 64 58
0.024453 -0.051953 0.664678 64 58 54
0.025905 -0.050485 0.663124 64 58 54
0.027474 -0.048982 0.661743 61 55 49
0.028986 -0.047496 0.660281 56 50 44
0.030686 -0.045951 0.659092 61 55 49
0.032298 -0.044433 0.657771 54 48 44
0.033991 -0.042889 0.656566 62 56 50
0.035718 -0.041333 0.655408 57 52 44
0.037432 -0.039780 0.654226 64 58 52
0.039005 -0.038272 0.652843 67 61 55
0.040899 -0.036658 0.651908 68 62 56
0.042890 -0.035010 0.651101 66 60 54
0.044930 -0.033343 0.650354 68 61 54
0.047141 -0.031615 0.649832 63 56 50
0.049066 -0.029982 0.648907 68 61 55
0.051061 -0.028323 0.648071 73 66 60
0.053199 -0.026612 0.647418 96 89 83
0.055294 -0.024912 0.646698 104 97 90
0.057582 -0.023143 0.646223 103 97 87
0.059989 -0.021328 0.645892 85 75 67
0.062165 -0.019591 0.645244 100 90 80
0.064362 -0.017843 0.644614 124 122 107
0.066467 -0.016126 0.643851 149 150 137
0.068540 -0.014417 0.643040 92 96 84
0.070575 -0.012720 0.642171 15 15 8
0.072630 -0.011014 0.641319 14 13 10
0.074901 -0.009225 0.640731 19 15 19
0.077138 -0.007446 0.640089 10 7 12
0.079324 -0.005683 0.639371 30 28 31
0.081189 -0.004038 0.638248 44 49 47
0.083182 -0.002343 0.637278 64 63 62
0.085088 -0.000680 0.636195 79 73 66
0.086968 0.000975 0.635075 89 85 76
0.089167 0.002755 0.634334 93 87 80
0.091240 0.004487 0.633432 90 87 80
0.093639 0.006350 0.632909 86 87 78
0.095760 0.008107 0.632046 84 83 75
0.097693 0.009792 0.630955 80 78 70
0.099805 0.011549 0.630066 77 74 68
0.102707 0.013624 0.630082 73 70 65
0.105479 0.015652 0.629928 70 67 62
0.108652 0.017846 0.630213 69 66 62
0.112119 0.020166 0.630807 66 63 58
-0.030127 -0.110739 0.748511 144 105 92
-0.030312 -0.109490 0.743421 70 45 48
-0.030377 -0.108235 0.738626 177 153 155
-0.030049 -0.106924 0.734666 98 86 82
-0.029193 -0.105527 0.731789 95 89 83
-0.028110 -0.104093 0.729380 117 113 106
-0.026937 -0.102646 0.727160 124 120 113
-0.025610 -0.101173 0.725251 125 123 115
-0.024509 -0.099746 0.722912 126 123 116
-0.023315 -0.098303 0.720765 132 127 119
-0.022145 -0.096869 0.718583 131 125 118
-0.020895 -0.095420 0.716562 131 126 118
-0.019586 -0.093961 0.714659 130 127 119
-0.018151 -0.092477 0.712996 135 132 124
-0.016770 -0.091006 0.711237 138 136 128
-0.015227 -0.089499 0.709779 142 140 131
-0.013984 -0.088061 0.707777 130 129 120
-0.012554 -0.086581 0.706120 130 127 120
-0.011219 -0.085125 0.704295 117 114 108
-0.009855 -0.083664 0.702527 110 107 100
-0.008443 -0.082191 0.700850 91 88 81
-0.007066 -0.080729 0.699114 57 52 46
-0.005614 -0.079249 0.697512 67 61 54
-0.004336 -0.077814 0.695612 129 122 113
-0.003038 -0.076375 0.693753 202 200 178
-0.001889 -0.074976 0.691649 231 227 206
-0.000592 -0.073541 0.689801 197 192 174
0.000541 -0.072151 0.687685 135 129 113
0.001887 -0.070707 0.685935 115 107 94
0.003203 -0.069271 0.684138 136 128 112
0.004571 -0.067824 0.682430 159 150 135
0.006007 -0.066358 0.680839 162 152 131
0.007430 -0.064896 0.679228 143 133 116
0.008985 -0.063398 0.677831 124 116 99
0.010529 -0.061903 0.676417 110 101 92
0.012047 -0.060415 0.674962 111 101 96
0.013670 -0.058896 0.673670 96 88 83
0.015302 -0.057374 0.672393 92 85 78
0.016871 -0.055871 0.671014 89 82 75
0.018585 -0.054323 0.669859 90 83 76
0.020189 -0.052808 0.668531 86 76 69
0.021661 -0.051333 0.667002 83 74 67
0.023299 -0.049808 0.665723 90 81 74
0.024832 -0.048314 0.664286 87 77 71
0.026397 -0.046810 0.662896 79 70 63
0.027897 -0.045327 0.661410 80 71 65
0.029593 -0.043781 0.660212 77 70 64
0.031169 -0.042273 0.658835 80 75 58
0.032845 -0.040732 0.657604 71 67 50
0.034491 -0.039200 0.656325 73 69 52
0.036242 -0.037632 0.655195 82 77 63
0.037936 -0.036083 0.653978 84 81 73
0.039841 -0.034462 0.653057 85 83 75
0.041860 -0.032800 0.652288 108 102 95
0.043890 -0.031131 0.651525 103 96 88
0.046127 -0.029389 0.651038 104 96 86
0.048149 -0.027718 0.650244 87 80 66
0.050181 -0.026041 0.649454 89 84 72
0.052325 -0.024322 0.648809 107 99 89
0.054509 -0.022586 0.648203 134 126 115
0.056810 -0.020805 0.647744 152 144 133
0.059058 -0.019040 0.647201 131 129 119
0.061179 -0.017317 0.646479 84 81 73
0.063214 -0.015623 0.645634 18 18 14
0.065197 -0.013945 0.644715 14 14 12
0.066969 -0.012344 0.643514 16 13 11
0.068760 -0.010735 0.642335 20 13 13
0.070615 -0.009101 0.641234 29 28 23
0.072746 -0.007361 0.640477 61 61 57
0.074764 -0.005662 0.639568 69 68 64
0.076841 -0.003938 0.638725 67 63 61
0.078725 -0.002286 0.637635 86 83 80
0.080793 -0.000561 0.636766 90 89 83
0.082738 0.001118 0.635739 92 88 80
0.084623 0.002775 0.634634 92 89 81
0.086813 0.004553 0.633891 91 88 80
0.088962 0.006317 0.633089 87 85 77
0.091349 0.008179 0.632561 84 83 75
0.093537 0.009964 0.631784 80 79 71
0.095514 0.011668 0.630753 78 75 68
0.097721 0.013466 0.629982 75 72 67
0.100681 0.015571 0.630074 72 69 64
0.103742 0.017723 0.630263 70 67 62
0.107384 0.020119 0.631093 66 63 58
0.111203 0.022596 0.632094 51 46 44
-0.030468 -0.105887 0.742131 64 37 33
-0.030591 -0.104663 0.737227 133 114 110
-0.029993 -0.103316 0.733811 155 143 138
-0.029213 -0.101942 0.730784 87 78 72
-0.028148 -0.100517 0.728342 112 107 100
-0.026942 -0.099068 0.726188 118 116 109
-0.025869 -0.097649 0.723787 124 121 114
-0.024790 -0.096233 0.721412 128 123 116
-0.023670 -0.094812 0.719128 126 121 114
-0.022642 -0.093413 0.716684 126 120 113
-0.021438 -0.091980 0.714583 131 125 118
-0.020171 -0.090535 0.712611 132 126 119
-0.018876 -0.089086 0.710697 132 129 121
-0.017452 -0.087609 0.709026 133 132 123
-0.016165 -0.086165 0.707110 135 133 125
-0.014791 -0.084702 0.705358 137 135 127
-0.013425 -0.083242 0.703595 146 143 136
-0.011998 -0.081769 0.701948 141 138 131
-0.010647 -0.080315 0.700168 132 129 122
-0.009072 -0.078806 0.698786 124 121 114
-0.007542 -0.077308 0.697325 110 107 100
-0.006000 -0.075807 0.695886 112 109 100
-0.004577 -0.074338 0.694241 90 88 77
-0.003325 -0.072914 0.692307 45 43 37
-0.001918 -0.071451 0.690643 62 60 51
-0.000609 -0.070016 0.688817 112 112 100
0.000768 -0.068563 0.687111 200 201 190
0.002124 -0.067117 0.685372 239 238 231
0.003490 -0.065669 0.683655 249 249 235
0.004791 -0.064241 0.681836 233 230 216
0.006182 -0.062788 0.680168 179 174 157
0.007680 -0.061305 0.678677 158 153 138
0.009297 -0.059788 0.677376 120 112 100
0.010652 -0.058347 0.675657 119 111 97
0.012209 -0.056847 0.674262 117 108 95
0.013808 -0.055334 0.672932 114 108 93
0.015380 -0.053830 0.671557 116 111 95
0.017139 -0.052267 0.670473 109 103 90
0.018722 -0.050757 0.669112 122 116 100
0.020260 -0.049262 0.667681 122 113 98
0.021913 -0.047730 0.666425 121 113 97
0.023505 -0.046217 0.665075 119 110 93
0.025054 -0.044717 0.663659 112 102 86
0.026583 -0.043224 0.662213 115 106 91
0.028264 -0.041682 0.660991 108 102 91
0.029874 -0.040161 0.659663 106 101 80
0.031506 -0.038633 0.658364 88 84 65
0.033125 -0.037109 0.657046 84 79 60
0.034955 -0.035513 0.656028 71 67 52
0.036727 -0.033935 0.654922 86 85 78
0.038747 -0.032271 0.654162 99 98 92
0.040836 -0.030580 0.653490 132 126 120
0.042971 -0.028870 0.652872 161 159 146
0.045318 -0.027083 0.652536 168 166 155
0.047502 -0.025349 0.651961 145 142 132
0.049718 -0.023601 0.651418 89 90 82
0.051851 -0.021879 0.650750 46 42 36
0.053956 -0.020165 0.650034 21 16 11
0.056078 -0.018441 0.649330 13 9 7
0.058033 -0.016777 0.648393 15 13 12
0.059935 -0.015130 0.647380 15 14 13
0.061710 -0.013528 0.646194 18 16 14
0.063384 -0.011964 0.644872 39 38 33
0.064975 -0.010430 0.643441 74 71 66
0.066521 -0.008913 0.641952 74 68 64
0.068329 -0.007296 0.640798 64 63 57
0.070253 -0.005634 0.639787 84 82 74
0.072186 -0.003966 0.638781 92 90 82
0.074203 -0.002265 0.637874 97 96 84
0.076154 -0.000587 0.636878 95 94 83
0.078203 0.001132 0.635997 90 90 78
0.080359 0.002894 0.635240 92 89 81
0.082376 0.004604 0.634303 92 89 81
0.084614 0.006403 0.633626 88 85 77
0.086751 0.008166 0.632817 85 82 74
0.089217 0.010063 0.632393 82 80 73
0.091468 0.011876 0.631700 79 76 70
0.093562 0.013629 0.630811 77 74 67
0.095889 0.015479 0.630187 74 71 66
0.099035 0.017670 0.630506 72 68 63
0.102529 0.020010 0.631203 68 65 60
0.106932 0.022736 0.632915 44 38 34
-0.029968 -0.103404 0.746876 169 129 112
-0.030618 -0.102286 0.740853 101 76 64
-0.030450 -0.101025 0.736541 53 47 40
-0.029950 -0.099709 0.732931 152 145 137
-0.029162 -0.098342 0.729922 125 119 113
-0.028102 -0.096924 0.727468 80 76 69
-0.027178 -0.095539 0.724766 109 106 99
-0.026205 -0.094148 0.722176 126 121 114
-0.025178 -0.092750 0.719708 122 119 114
-0.024195 -0.091365 0.717169 126 120 114
-0.023128 -0.089966 0.714806 128 123 116
-0.021905 -0.088534 0.712749 127 123 115
-0.020688 -0.087106 0.710690 127 126 117
-0.019341 -0.085649 0.708880 130 129 120
-0.018114 -0.084222 0.706855 131 130 121
-0.016790 -0.082774 0.705016 130 129 120
-0.015528 -0.081343 0.703070 137 134 127
-0.014092 -0.079870 0.701442 140 137 130
-0.012716 -0.078413 0.699712 143 140 133
-0.011189 -0.076918 0.698253 149 146 139
-0.009684 -0.075429 0.696755 146 143 136
-0.008129 -0.073926 0.695346 140 137 130
-0.006631 -0.072439 0.693835 128 126 115
-0.005233 -0.070980 0.692157 116 114 103
-0.003646 -0.069469 0.690803 125 122 114
-0.002167 -0.067988 0.689264 121 119 107
-0.000580 -0.066477 0.687909 99 94 87
0.000952 -0.064981 0.686461 76 67 62
0.002380 -0.063515 0.684842 59 50 48
0.003790 -0.062056 0.683194 45 43 37
0.005132 -0.060617 0.681437 57 54 47
0.006646 -0.059128 0.679967 88 85 80
0.008152 -0.057641 0.678482 136 134 123
0.009582 -0.056178 0.676877 163 160 152
0.011036 -0.054709 0.675311 168 162 153
0.012530 -0.053227 0.673813 180 179 170
0.014083 -0.051727 0.672405 184 182 172
0.015682 -0.050212 0.671071 187 185 174
0.017208 -0.048720 0.669621 190 187 177
0.018837 -0.047195 0.668329 203 198 184
0.020430 -0.045682 0.666982 202 196 183
0.021994 -0.044177 0.665589 188 182 168
0.023646 -0.042643 0.664327 178 172 159
0.025290 -0.041112 0.663050 167 161 149
0.026985 -0.039562 0.661848 161 156 145
0.028489 -0.038077 0.660361 152 146 137
0.030146 -0.036539 0.659098 144 142 132
0.032079 -0.034906 0.658234 134 134 125
0.033876 -0.033318 0.657166 111 111 104
0.035858 -0.031664 0.656358 75 74 67
0.037898 -0.029987 0.655623 34 33 28
0.040077 -0.028259 0.655075 22 19 16
0.042184 -0.026553 0.654413 13 11 7
0.044574 -0.024742 0.654137 14 12 10
0.046635 -0.023047 0.653387 14 11 10
0.048870 -0.021286 0.652868 9 12 6
0.050705 -0.019667 0.651790 15 15 8
0.052480 -0.018070 0.650626 34 31 28
0.054141 -0.016514 0.649304 45 40 38
0.055653 -0.015013 0.647781 66 61 59
0.057248 -0.013481 0.646369 74 68 65
0.058903 -0.011926 0.645035 76 68 62
0.060469 -0.010404 0.643584 79 79 67
0.062242 -0.008804 0.642402 90 90 77
0.063956 -0.007225 0.641139 97 96 84
0.065835 -0.005581 0.640086 105 103 91
0.067723 -0.003932 0.639039 101 99 88
0.069671 -0.002259 0.638063 97 96 86
0.071697 -0.000553 0.637177 96 95 83
0.073634 0.001120 0.636174 93 93 81
0.075727 0.002857 0.635357 91 88 81
0.078006 0.004670 0.634762 89 86 78
0.080065 0.006398 0.633885 88 85 77
0.082315 0.008206 0.633233 86 83 75
0.084494 0.009987 0.632484 83 81 73
0.087079 0.011937 0.632213 79 78 70
0.089316 0.013749 0.631511 78 76 69
0.091656 0.015605 0.630921 75 71 64
0.094228 0.017562 0.630592 74 68 64
0.097770 0.019927 0.631383 60 54 52
0.102091 0.022628 0.633048 93 81 78
-0.030314 -0.097385 0.735844 58 36 28
-0.029792 -0.096076 0.732278 89 70 68
-0.029120 -0.094742 0.729039 173 154 151
-0.028337 -0.093391 0.726046 112 102 98
-0.027606 -0.092057 0.722974 88 82 76
-0.026672 -0.090684 0.720316 113 107 103
-0.025813 -0.089332 0.717532 127 121 117
-0.024842 -0.087959 0.714983 124 119 114
-0.023863 -0.086589 0.712465 123 120 112
-0.022739 -0.085187 0.710232 125 122 114
-0.021478 -0.083754 0.708267 127 124 116
-0.020260 -0.082335 0.706229 128 125 117
-0.019002 -0.080907 0.704274 128 125 117
-0.017743 -0.079481 0.702329 131 130 121
-0.016353 -0.078023 0.700627 134 133 124
-0.014997 -0.076575 0.698868 137 134 127
-0.013476 -0.075084 0.697407 139 136 129
-0.012003 -0.073606 0.695861 147 144 137
-0.010500 -0.072120 0.694370 151 148 141
-0.008998 -0.070635 0.692877 153 150 145
-0.007539 -0.069162 0.691311 161 158 153
-0.005937 -0.067649 0.689993 157 154 149
-0.004346 -0.066139 0.688654 137 132 125
-0.002631 -0.064592 0.687523 130 126 120
-0.000964 -0.063058 0.686309 116 112 105
0.000645 -0.061541 0.684993 128 123 110
0.002190 -0.060042 0.683570 131 125 113
0.003737 -0.058543 0.682150 128 124 106
0.005134 -0.057089 0.680484 110 107 97
0.006743 -0.055571 0.679166 96 97 88
0.008171 -0.054109 0.677555 83 82 74
0.009654 -0.052630 0.676035 76 73 63
0.010979 -0.051202 0.674264 56 58 49
0.012441 -0.049730 0.672715 43 45 38
0.013877 -0.048268 0.671125 36 37 30
0.015285 -0.046816 0.669496 33 35 27
0.016842 -0.045315 0.668097 28 22 15
0.018546 -0.043765 0.666925 21 15 9
0.020083 -0.042271 0.665493 19 13 9
0.021719 -0.040742 0.664213 17 11 7
0.023574 -0.039139 0.663259 19 14 11
0.025444 -0.037529 0.662319 13 9 8
0.027009 -0.036022 0.660921 18 14 12
0.028715 -0.034466 0.659732 17 13 12
0.030776 -0.032785 0.659056 19 15 13
0.032932 -0.031068 0.658506 17 15 11
0.034632 -0.029510 0.657289 26 23 19
0.036318 -0.027956 0.656048 33 32 25
0.038178 -0.026338 0.655052 50 48 41
0.040265 -0.024636 0.654371 60 60 52
0.042216 -0.022982 0.653487 67 66 58
0.043764 -0.021473 0.652036 64 63 55
0.045376 -0.019942 0.650672 75 74 66
0.047086 -0.018373 0.649442 73 72 62
0.048704 -0.016838 0.648085 80 80 68
0.050543 -0.015219 0.647025 83 81 70
0.052112 -0.013701 0.645597 97 95 84
0.053891 -0.012103 0.644449 99 97 86
0.055682 -0.010499 0.643313 102 101 90
0.057460 -0.008899 0.642154 101 101 89
0.059303 -0.007273 0.641078 104 104 92
0.061125 -0.005654 0.639968 101 101 89
0.063153 -0.003952 0.639120 96 96 84
0.065111 -0.002276 0.638174 96 94 82
0.067064 -0.000600 0.637215 95 92 84
0.069155 0.001133 0.636424 94 92 81
0.071142 0.002826 0.635494 93 90 81
0.073230 0.004562 0.634681 91 88 80
0.075538 0.006390 0.634133 89 86 78
0.077770 0.008190 0.633479 86 83 75
0.079977 0.009983 0.632785 84 81 73
0.082185 0.011779 0.632081 81 78 71
0.084785 0.013740 0.631839 80 78 72
0.087324 0.015681 0.631508 78 77 70
0.090120 0.017733 0.631469 73 61 61
0.093452 0.020017 0.632043 64 51 50
0.097724 0.022707 0.633695 139 118 113
-0.030069 -0.094909 0.740012 176 134 117
-0.029982 -0.093697 0.735537 127 92 80
-0.029710 -0.092455 0.731473 36 21 16
-0.029176 -0.091163 0.727964 109 88 89
-0.028586 -0.089866 0.724597 170 145 144
-0.027850 -0.088542 0.721540 119 104 101
-0.027151 -0.087232 0.718434 89 75 72
-0.026241 -0.085878 0.715758 112 102 97
-0.025310 -0.084523 0.713139 118 112 105
-0.024287 -0.083149 0.710711 121 117 110
-0.023127 -0.081745 0.708553 122 119 111
-0.022006 -0.080353 0.706334 124 121 113
-0.020789 -0.078939 0.704302 126 123 115
-0.019603 -0.077535 0.702223 128 126 118
-0.018267 -0.076094 0.700426 126 125 116
-0.016913 -0.074649 0.698665 132 130 122
-0.015336 -0.073144 0.697309 137 134 127
-0.013916 -0.071682 0.695673 139 136 129
-0.012405 -0.070195 0.694201 144 141 133
-0.010944 -0.068723 0.692641 147 144 137
-0.009532 -0.067265 0.690997 149 146 140
-0.007978 -0.065767 0.689602 152 149 144
-0.006387 -0.064258 0.688269 164 162 153
-0.004751 -0.062735 0.687012 180 176 167
-0.002992 -0.061174 0.685960 168 165 156
-0.001398 -0.059662 0.684625 175 173 164
0.000289 -0.058121 0.683444 167 161 152
0.001792 -0.056636 0.681957 148 147 132
0.003151 -0.055197 0.680232 132 131 116
0.004634 -0.053719 0.678714 119 114 104
0.006140 -0.052235 0.677235 117 111 103
0.007535 -0.050786 0.675577 112 107 97
0.008894 -0.049350 0.673865 106 108 96
0.010212 -0.047928 0.672093 105 109 96
0.011646 -0.046469 0.670508 102 105 92
0.013148 -0.044988 0.669030 99 101 88
0.014677 -0.043498 0.667595 102 97 86
0.016307 -0.041974 0.666316 95 90 80
0.017890 -0.040465 0.664964 91 85 77
0.019665 -0.038890 0.663901 90 85 78
0.021556 -0.037273 0.663008 88 87 78
0.023550 -0.035618 0.662262 87 87 78
0.025196 -0.034084 0.660989 76 74 68
0.026864 -0.032541 0.659746 79 76 71
0.028745 -0.030922 0.658812 78 75 70
0.030514 -0.029340 0.657709 85 82 75
0.031941 -0.027882 0.656107 83 79 72
0.033460 -0.026391 0.654638 81 79 71
0.035309 -0.024778 0.653642 89 85 77
0.037066 -0.023199 0.652508 97 90 83
0.038830 -0.021615 0.651380 98 92 85
0.040434 -0.020090 0.650025 101 97 89
0.042109 -0.018538 0.648766 100 98 89
0.043783 -0.016986 0.647504 106 105 94
0.045499 -0.015417 0.646297 108 108 96
0.047317 -0.013808 0.645226 103 105 92
0.049251 -0.012153 0.644305 105 107 94
0.051213 -0.010485 0.643416 103 105 92
0.053230 -0.008794 0.642591 102 104 90
0.055052 -0.007177 0.641501 100 100 88
0.057008 -0.005506 0.640583 97 97 85
0.058801 -0.003898 0.639444 94 94 82
0.060907 -0.002163 0.638707 95 95 82
0.062901 -0.000472 0.637815 95 93 81
0.064954 0.001246 0.636992 94 91 82
0.067120 0.003012 0.636304 92 90 79
0.069202 0.004746 0.635500 90 87 79
0.071308 0.006493 0.634716 89 86 78
0.073768 0.008388 0.634364 86 83 76
0.076041 0.010209 0.633767 84 81 73
0.078324 0.012037 0.633169 80 78 70
0.080628 0.013878 0.632586 77 76 69
0.083408 0.015922 0.632569 70 64 60
0.086439 0.018079 0.632835 51 45 41
0.089999 0.020466 0.633710 128 111 107
0.094174 0.023126 0.635284 139 104 98
-0.029625 -0.092358 0.744630 167 123 104
-0.029731 -0.091194 0.739717 167 122 103
-0.029719 -0.090016 0.735091 168 128 108
-0.029287 -0.088751 0.731344 93 63 56
-0.028947 -0.087516 0.727450 39 18 15
-0.028374 -0.086234 0.724047 102 82 80
-0.028108 -0.085035 0.720078 182 156 157
-0.027340 -0.083719 0.717113 135 120 117
-0.026551 -0.082403 0.714210 82 78 72
-0.025657 -0.081066 0.711527 102 96 91
-0.024731 -0.079725 0.708923 114 110 103
-0.023715 -0.078364 0.706502 119 116 108
-0.022605 -0.076982 0.704273 121 118 110
-0.021414 -0.075580 0.702201 124 123 112
-0.020128 -0.074155 0.700315 125 123 113
-0.018666 -0.072682 0.698752 130 127 119
-0.017082 -0.071175 0.697411 130 129 121
-0.015620 -0.069703 0.695852 132 131 123
-0.014132 -0.068224 0.694339 138 136 127
-0.012707 -0.066763 0.692718 139 136 128
-0.011367 -0.065328 0.690950 138 135 126
-0.009881 -0.063851 0.689440 145 142 134
-0.008426 -0.062383 0.687879 144 141 134
-0.006828 -0.060873 0.686563 153 150 142
-0.005231 -0.059362 0.685244 154 151 143
-0.003548 -0.057824 0.684070 157 155 144
-0.001931 -0.056306 0.682779 161 160 149
-0.000392 -0.054812 0.681358 172 172 160
0.001052 -0.053348 0.679780 176 171 161
0.002544 -0.051870 0.678283 183 178 168
0.003922 -0.050428 0.676601 183 178 168
0.005411 -0.048952 0.675101 181 176 166
0.006813 -0.047504 0.673463 166 163 153
0.008265 -0.046040 0.671909 160 158 147
0.009762 -0.044562 0.670426 153 153 141
0.011337 -0.043057 0.669067 153 151 140
0.012880 -0.041563 0.667657 144 139 129
0.014435 -0.040065 0.666265 138 133 123
0.016030 -0.038552 0.664935 136 129 120
0.017753 -0.036995 0.663797 130 123 116
0.019492 -0.035430 0.662681 127 125 116
0.021323 -0.033832 0.661698 131 128 120
0.023148 -0.032234 0.660701 125 122 115
0.024793 -0.030700 0.659429 127 124 118
0.026304 -0.029214 0.657958 119 116 109
0.027898 -0.027697 0.656610 125 122 115
0.029397 -0.026216 0.655121 121 118 111
0.031011 -0.024692 0.653801 123 119 112
0.032683 -0.023146 0.652561 121 115 108
0.034506 -0.021542 0.651532 122 119 111
0.036302 -0.019947 0.650461 119 117 107
0.038179 -0.018320 0.649499 115 113 102
0.040008 -0.016709 0.648464 114 112 101
0.041785 -0.015118 0.647350 109 107 96
0.043437 -0.013574 0.646059 108 106 95
0.045207 -0.011983 0.644929 103 105 92
0.047131 -0.010330 0.644003 99 101 88
0.049084 -0.008664 0.643109 98 100 88
0.051053 -0.006990 0.642229 98 98 86
0.052987 -0.005328 0.641295 97 95 84
0.054926 -0.003662 0.640360 94 94 82
0.056866 -0.001994 0.639420 93 93 79
0.058909 -0.000282 0.638607 94 92 80
0.060961 0.001435 0.637798 94 92 81
0.063035 0.003164 0.637007 93 91 80
0.065229 0.004945 0.636362 90 88 77
0.067380 0.006711 0.635651 88 85 77
0.069566 0.008494 0.634973 86 83 75
0.072122 0.010435 0.634749 83 80 72
0.074364 0.012248 0.634117 78 77 69
0.076823 0.014156 0.633742 64 63 55
0.079482 0.016153 0.633598 56 46 46
0.082898 0.018479 0.634358 133 112 107
0.086787 0.021017 0.635661 142 110 105
0.091076 0.023738 0.637407 119 84 79
-0.029259 -0.089793 0.749139 166 120 102
-0.029322 -0.088625 0.744261 167 121 102
-0.029398 -0.087473 0.739407 165 119 101
-0.029107 -0.086244 0.735337 171 125 107
-0.028845 -0.085032 0.731247 169 129 112
-0.028421 -0.083788 0.727517 98 68 57
-0.028274 -0.082624 0.723280 34 19 16
-0.027832 -0.081394 0.719654 78 59 62
-0.027283 -0.080144 0.716266 167 150 154
-0.026600 -0.078865 0.713161 150 136 138
-0.025793 -0.077559 0.710315 99 88 84
-0.024927 -0.076241 0.707602 81 79 71
-0.023910 -0.074887 0.705189 111 105 98
-0.022846 -0.073523 0.702876 113 112 102
-0.021613 -0.072114 0.700887 119 117 108
-0.020270 -0.070676 0.699107 126 123 118
-0.018674 -0.069165 0.697789 127 124 118
-0.017271 -0.067711 0.696123 130 128 120
-0.015786 -0.066233 0.694606 131 128 121
-0.014459 -0.064803 0.692810 131 130 122
-0.013157 -0.063382 0.690977 135 133 125
-0.011733 -0.061925 0.689362 138 135 127
-0.010307 -0.060468 0.687753 141 138 131
-0.008790 -0.058983 0.686303 140 137 129
-0.007160 -0.057462 0.685046 143 140 132
-0.005593 -0.055961 0.683679 146 143 135
-0.003954 -0.054437 0.682434 147 144 135
-0.002489 -0.052968 0.680894 149 147 136
-0.000996 -0.051491 0.679403 153 151 140
0.000494 -0.050015 0.677908 147 145 134
0.001924 -0.048559 0.676315 150 150 138
0.003403 -0.047087 0.674804 154 153 142
0.005003 -0.045574 0.673490 152 146 139
0.006527 -0.044087 0.672053 157 151 144
0.008140 -0.042569 0.670756 155 149 142
0.009666 -0.041081 0.669321 159 154 144
0.011159 -0.039605 0.667834 154 154 142
0.012708 -0.038109 0.666435 151 151 139
0.014232 -0.036622 0.664996 155 152 144
0.015915 -0.035078 0.663802 154 148 140
0.017521 -0.033561 0.662488 142 139 132
0.019207 -0.032014 0.661292 135 132 124
0.021050 -0.030409 0.660330 131 129 120
0.022661 -0.028888 0.659015 130 129 120
0.024258 -0.027372 0.657677 129 128 119
0.025879 -0.025846 0.656373 121 121 108
0.027550 -0.024302 0.655140 121 119 108
0.029266 -0.022739 0.653971 115 113 104
0.031022 -0.021160 0.652854 119 114 104
0.032726 -0.019600 0.651660 114 113 101
0.034633 -0.017961 0.650750 110 110 99
0.036385 -0.016380 0.649614 111 109 100
0.038283 -0.014741 0.648680 108 106 95
0.040019 -0.013164 0.647512 106 104 93
0.041665 -0.011623 0.646216 103 101 90
0.043397 -0.010045 0.645037 100 100 88
0.045190 -0.008443 0.643937 99 98 88
0.047116 -0.006786 0.643012 96 96 86
0.049188 -0.005068 0.642277 96 96 84
0.051114 -0.003408 0.641338 95 95 83
0.053174 -0.001690 0.640569 94 94 81
0.055151 -0.000004 0.639682 95 93 80
0.057314 0.001760 0.639031 93 91 80
0.059223 0.003422 0.638038 91 89 78
0.061248 0.005133 0.637190 91 88 79
0.063303 0.006860 0.636371 89 86 78
0.065405 0.008608 0.635604 82 80 73
0.067676 0.010430 0.635041 76 76 69
0.070479 0.012483 0.635135 63 59 52
0.073216 0.014513 0.635127 68 52 47
0.076323 0.016708 0.635558 149 118 114
0.079562 0.018966 0.636125 151 112 104
0.084055 0.021778 0.638201 124 84 76
-0.028705 -0.085971 0.749278 169 122 101
-0.028774 -0.084823 0.744384 168 122 100
-0.028550 -0.083613 0.740129 168 122 102
-0.028366 -0.082423 0.735838 169 123 103
-0.027875 -0.081164 0.732193 174 127 107
-0.027745 -0.080008 0.727874 174 129 115
-0.027328 -0.078786 0.724154 110 80 71
-0.027015 -0.077600 0.720271 43 24 27
-0.026504 -0.076369 0.716800 53 31 38
-0.025914 -0.075123 0.713511 136 113 117
-0.025273 -0.073869 0.710344 180 161 161
-0.024534 -0.072594 0.707388 136 122 118
-0.023646 -0.071281 0.704729 87 79 70
-0.022664 -0.069946 0.702262 86 82 74
-0.021479 -0.068554 0.700183 107 103 98
-0.019998 -0.067076 0.698652 119 114 108
-0.018644 -0.065636 0.696894 119 116 109
-0.017307 -0.064203 0.695108 123 119 112
-0.016015 -0.062785 0.693249 125 125 116
-0.014922 -0.061431 0.691043 128 127 119
-0.013603 -0.060009 0.689245 130 129 120
-0.012214 -0.058565 0.687574 135 132 124
-0.010707 -0.057085 0.686111 139 136 128
-0.009138 -0.055584 0.684756 138 135 127
-0.007568 -0.054083 0.683400 140 137 129
-0.006052 -0.052599 0.681953 142 139 131
-0.004581 -0.051131 0.680429 141 138 130
-0.003216 -0.049698 0.678731 140 137 129
-0.001664 -0.048203 0.677345 142 139 132
-0.000115 -0.046709 0.675954 140 137 131
0.001479 -0.045200 0.674637 141 138 133
0.003097 -0.043681 0.673357 144 138 132
0.004666 -0.042180 0.671995 138 132 125
0.006294 -0.040657 0.670727 140 134 127
0.007755 -0.039193 0.669191 136 133 124
0.009146 -0.037754 0.667547 135 133 124
0.010655 -0.036274 0.666092 135 134 125
0.012136 -0.034804 0.664592 134 132 123
0.013786 -0.033272 0.663354 127 125 117
0.015424 -0.031744 0.662095 128 127 119
0.017047 -0.030221 0.660810 127 124 116
0.018728 -0.028676 0.659612 124 121 113
0.020461 -0.027110 0.658488 121 120 110
0.022099 -0.025579 0.657219 118 117 106
0.023834 -0.024011 0.656091 114 114 102
0.025596 -0.022432 0.654998 113 111 100
0.027429 -0.020824 0.654004 111 109 98
0.029211 -0.019234 0.652930 112 110 99
0.030962 -0.017655 0.651807 110 108 96
0.032767 -0.016054 0.650755 108 107 96
0.034539 -0.014464 0.649653 107 105 95
0.036415 -0.012832 0.648693 105 103 92
0.038227 -0.011224 0.647636 104 102 91
0.040009 -0.009627 0.646532 103 101 90
0.041817 -0.008018 0.645460 100 97 88
0.043692 -0.006381 0.644473 98 97 87
0.045606 -0.004726 0.643535 97 96 85
0.047578 -0.003045 0.642668 95 95 83
0.049439 -0.001409 0.641643 95 93 82
0.051399 0.000270 0.640746 94 92 82
0.053542 0.002028 0.640083 92 90 81
0.055677 0.003785 0.639399 90 88 79
0.057634 0.005469 0.638472 90 85 77
0.059504 0.007118 0.637425 88 82 75
0.061465 0.008807 0.636489 69 63 55
0.063718 0.010623 0.635922 59 48 43
0.066296 0.012583 0.635755 111 94 89
0.069497 0.014818 0.636357 159 124 119
0.073093 0.017232 0.637429 146 106 98
0.077363 0.019950 0.639306 125 84 72
0.081569 0.022651 0.641059 125 84 71
-0.028491 -0.083383 0.753526 170 123 101
-0.028468 -0.082217 0.748770 169 122 100
-0.028319 -0.081031 0.744318 169 122 102
-0.028089 -0.079834 0.740070 170 123 103
-0.027627 -0.078584 0.736328 171 124 104
-0.027401 -0.077407 0.732153 170 123 103
-0.026937 -0.076175 0.728484 172 125 105
-0.026554 -0.074972 0.724692 176 130 111
-0.026160 -0.073775 0.720955 142 104 91
-0.025852 -0.072611 0.717087 66 40 36
-0.025505 -0.071444 0.713329 41 20 24
-0.025051 -0.070255 0.709806 82 60 66
-0.024366 -0.069004 0.706747 177 161 158
-0.023617 -0.067739 0.703831 203 186 181
-0.022666 -0.066419 0.701308 145 133 128
-0.021331 -0.064985 0.699505 90 83 76
-0.020141 -0.063597 0.697442 81 75 69
-0.018799 -0.062164 0.695663 95 92 85
-0.017570 -0.060768 0.693688 107 106 98
-0.016346 -0.059375 0.691710 115 114 106
-0.015065 -0.057966 0.689842 120 119 111
-0.013656 -0.056517 0.688204 124 123 115
-0.012198 -0.055052 0.686654 125 124 116
-0.010662 -0.053562 0.685242 129 128 120
-0.009148 -0.052079 0.683790 129 128 120
-0.007625 -0.050594 0.682353 133 132 123
-0.006182 -0.049135 0.680783 136 135 126
-0.004803 -0.047699 0.679107 134 133 124
-0.003374 -0.046246 0.677518 139 136 129
-0.001844 -0.044759 0.676098 139 136 130
-0.000300 -0.043267 0.674700 138 135 130
0.001291 -0.041758 0.673380 138 135 129
0.002853 -0.040260 0.672010 136 133 125
0.004529 -0.038719 0.670822 132 129 121
0.005952 -0.037270 0.669229 132 131 122
0.007387 -0.035817 0.667656 131 130 122
0.008925 -0.034327 0.666247 128 127 119
0.010442 -0.032844 0.664806 126 125 116
0.012043 -0.031330 0.663494 123 122 114
0.013628 -0.029822 0.662157 123 121 113
0.015357 -0.028259 0.661038 121 118 110
0.017068 -0.026701 0.659887 117 117 105
0.018723 -0.025164 0.658649 117 117 105
0.020433 -0.023606 0.657489 116 115 104
0.022169 -0.022036 0.656366 111 111 99
0.024043 -0.020411 0.655442 111 111 98
0.025881 -0.018799 0.654457 112 110 99
0.027685 -0.017198 0.653417 111 109 98
0.029401 -0.015632 0.652244 110 108 97
0.031282 -0.013998 0.651304 107 105 94
0.033011 -0.012424 0.650142 105 103 92
0.034850 -0.010805 0.649130 103 101 90
0.036679 -0.009187 0.648100 103 101 90
0.038568 -0.007545 0.647146 100 98 87
0.040429 -0.005912 0.646148 98 95 87
0.042385 -0.004238 0.645274 97 96 87
0.044328 -0.002568 0.644375 95 94 85
0.046324 -0.000873 0.643541 95 92 84
0.048226 0.000783 0.642571 96 93 85
0.050198 0.002471 0.641689 92 89 82
0.052340 0.004233 0.641025 84 81 77
0.054558 0.006031 0.640451 74 71 64
0.056694 0.007796 0.639758 57 50 46
0.059061 0.009663 0.639356 101 85 82
0.061425 0.011533 0.638935 149 123 116
0.064242 0.013604 0.639084 160 127 119
0.067365 0.015815 0.639601 124 87 75
0.071255 0.018371 0.641066 128 86 74
0.075299 0.021004 0.642685 123 81 69
0.079754 0.023831 0.644779 128 86 74
0.084108 0.026624 0.646697 129 87 74
-0.028313 -0.079620 0.752894 169 122 100
-0.028065 -0.078412 0.748597 169 122 102
-0.027969 -0.077256 0.744034 170 123 103
-0.027484 -0.076003 0.740298 171 124 104
-0.027360 -0.074860 0.735877 170 123 101
-0.026818 -0.073608 0.732325 170 123 101
-0.026397 -0.072399 0.728567 171 124 102
-0.025947 -0.071189 0.724900 170 123 101
-0.025814 -0.070080 0.720653 176 130 108
-0.025533 -0.068937 0.716734 166 125 107
-0.025193 -0.067786 0.712960 104 72 65
-0.024632 -0.066574 0.709639 64 39 40
-0.024091 -0.065376 0.706307 47 26 32
-0.023248 -0.064091 0.703563 66 57 56
-0.022247 -0.062760 0.701129 171 164 159
-0.021156 -0.061404 0.698874 215 207 200
-0.019968 -0.060020 0.696807 187 186 175
-0.018766 -0.058634 0.694774 123 120 112
-0.017484 -0.057223 0.692892 83 83 74
-0.016229 -0.055823 0.690970 77 76 68
-0.014907 -0.054403 0.689172 93 93 81
-0.013517 -0.052961 0.687498 105 105 91
-0.012002 -0.051477 0.686046 113 112 103
-0.010524 -0.050006 0.684530 116 117 107
-0.009155 -0.048573 0.682828 119 120 111
-0.007740 -0.047125 0.681208 121 122 113
-0.006346 -0.045684 0.679558 121 122 112
-0.004919 -0.044234 0.677963 131 131 122
-0.003474 -0.042777 0.676402 126 126 118
-0.002018 -0.041316 0.674861 126 128 119
-0.000416 -0.039804 0.673560 128 128 120
0.001091 -0.038325 0.672103 123 126 117
0.002715 -0.036803 0.670836 127 128 118
0.004218 -0.035326 0.669372 128 128 116
0.005795 -0.033821 0.668028 129 123 116
0.007388 -0.032310 0.666705 124 121 114
0.008864 -0.030843 0.665200 123 122 113
0.010426 -0.029343 0.663828 121 120 114
0.012019 -0.027831 0.662504 119 118 111
0.013702 -0.026285 0.661317 118 117 108
0.015481 -0.024700 0.660272 116 116 104
0.017173 -0.023147 0.659092 114 114 102
0.018830 -0.021608 0.657854 111 111 99
0.020624 -0.020014 0.656820 111 111 99
0.022594 -0.018348 0.656039 110 108 95
0.024454 -0.016725 0.655089 108 107 95
0.026285 -0.015111 0.654089 106 104 93
0.028149 -0.013483 0.653130 104 101 93
0.030016 -0.011852 0.652170 99 101 91
0.031800 -0.010253 0.651084 103 102 93
0.033643 -0.008629 0.650077 103 101 90
0.035574 -0.006967 0.649189 100 99 87
0.037494 -0.005307 0.648278 97 97 86
0.039411 -0.003647 0.647355 87 95 84
0.041358 -0.001973 0.646467 81 83 78
0.043408 -0.000253 0.645712 94 88 78
0.045411 0.001449 0.644884 81 73 62
0.047477 0.003180 0.644133 67 59 49
0.049654 0.004961 0.643523 75 68 66
0.051806 0.006734 0.642866 100 93 96
0.054254 0.008639 0.642594 137 127 126
0.056728 0.010558 0.642339 135 116 111
0.059810 0.012749 0.642864 119 90 84
0.063006 0.014997 0.643511 114 82 69
0.066450 0.017362 0.644450 115 81 68
0.070083 0.019819 0.645599 126 86 73
0.074334 0.022562 0.647502 129 87 75
0.078603 0.025323 0.649381 130 88 75
0.082568 0.027958 0.650833 130 88 75
0.086693 0.030675 0.652444 131 89 76
0.102134 0.040296 0.660784 127 93 86
-0.028255 -0.077018 0.756863 169 122 100
-0.028026 -0.075821 0.752484 170 123 103
-0.027879 -0.074657 0.747981 170 123 103
-0.027469 -0.073429 0.744051 171 124 102
-0.027228 -0.072258 0.739823 170 125 103
-0.026628 -0.070992 0.736347 172 125 103
-0.026070 -0.069746 0.732816 171 124 101
-0.025537 -0.068514 0.729269 173 126 102
-0.025129 -0.067327 0.725510 172 126 102
-0.024811 -0.066175 0.721613 171 126 101
-0.024448 -0.065019 0.717838 171 125 100
-0.024021 -0.063850 0.714219 175 132 112
-0.023560 -0.062678 0.710695 167 128 111
-0.023007 -0.061483 0.707374 127 102 87
-0.022217 -0.060219 0.704518 72 52 44
-0.021393 -0.058949 0.701746 52 38 32
-0.020401 -0.057628 0.699299 43 39 31
-0.019509 -0.056344 0.696687 105 108 98
-0.018438 -0.055003 0.694413 162 165 154
-0.017288 -0.053639 0.692292 211 212 199
-0.016009 -0.052233 0.690410 209 206 198
-0.014648 -0.050801 0.688679 166 166 153
-0.013084 -0.049299 0.687306 125 126 113
-0.011671 -0.047850 0.685670 84 78 68
-0.010310 -0.046419 0.683949 77 72 66
-0.008999 -0.045008 0.682146 83 79 74
-0.007707 -0.043605 0.680316 94 91 85
-0.006300 -0.042161 0.678685 104 103 96
-0.004991 -0.040754 0.676895 108 109 100
-0.003575 -0.039309 0.675286 113 115 106
-0.002006 -0.037808 0.673931 115 116 110
-0.000507 -0.036332 0.672461 114 115 108
0.001102 -0.034815 0.671172 115 115 108
0.002553 -0.033358 0.669625 120 117 110
0.004147 -0.031847 0.668308 115 111 104
0.005702 -0.030350 0.666928 119 116 108
0.007269 -0.028848 0.665567 114 112 105
0.008886 -0.027327 0.664282 115 114 105
0.010482 -0.025814 0.662963 112 111 102
0.012197 -0.024253 0.661826 110 110 98
0.014023 -0.022648 0.660855 111 108 97
0.015655 -0.021118 0.659584 110 107 97
0.017351 -0.019562 0.658405 109 106 96
0.019154 -0.017962 0.657385 107 103 95
0.021200 -0.016262 0.656722 106 101 91
0.023065 -0.014633 0.655779 107 100 93
0.024988 -0.012980 0.654913 105 99 92
0.026837 -0.011354 0.653934 101 99 90
0.028763 -0.009696 0.653059 97 97 88
0.030542 -0.008096 0.651965 92 90 82
0.032454 -0.006440 0.651056 89 87 76
0.034443 -0.004750 0.650249 71 68 56
0.036510 -0.003024 0.649543 67 59 52
0.038478 -0.001338 0.648689 76 67 62
0.040634 0.000430 0.648088 110 90 88
0.042850 0.002227 0.647559 128 105 100
0.045189 0.004080 0.647186 156 130 122
0.047569 0.005955 0.646853 157 130 122
0.050137 0.007916 0.646761 116 101 98
0.052718 0.009886 0.646667 86 67 65
0.055621 0.012004 0.646984 110 76 66
0.058492 0.014113 0.647234 124 86 69
0.061965 0.016497 0.648255 125 87 70
0.065371 0.018858 0.649153 127 89 74
0.068925 0.021294 0.650212 124 86 69
0.072444 0.023722 0.651191 130 91 74
0.076345 0.026331 0.652626 132 90 76
0.080547 0.029088 0.654405 133 92 77
0.084427 0.031707 0.655732 134 92 78
0.088608 0.034474 0.657399 131 92 79
-0.028306 -0.074419 0.760652 169 122 100
-0.027984 -0.073201 0.756419 170 123 103
-0.027847 -0.072046 0.751852 170 123 103
-0.027323 -0.070789 0.748113 171 124 102
-0.027066 -0.069619 0.743870 169 124 102
-0.026411 -0.068338 0.740464 172 125 103
-0.025724 -0.067055 0.737151 174 127 105
-0.025032 -0.065776 0.733872 173 126 104
-0.024506 -0.064555 0.730298 174 127 103
-0.023936 -0.063327 0.726843 174 128 105
-0.023480 -0.062142 0.723196 169 124 102
-0.022890 -0.060922 0.719836 174 131 110
-0.022462 -0.059761 0.716199 174 134 113
-0.021823 -0.058538 0.712991 170 135 111
-0.021187 -0.057322 0.709801 175 138 117
-0.020582 -0.056123 0.706583 173 136 118
-0.019981 -0.054930 0.703379 155 126 108
-0.019290 -0.053713 0.700368 104 79 66
-0.018583 -0.052496 0.697408 61 44 36
-0.017686 -0.051218 0.694810 57 46 41
-0.016551 -0.049861 0.692654 56 51 47
-0.015368 -0.048490 0.690594 73 73 65
-0.013949 -0.047036 0.688956 115 118 108
-0.012650 -0.045627 0.687111 187 179 168
-0.011325 -0.044210 0.685318 207 203 194
-0.010119 -0.042837 0.683326 200 196 189
-0.008888 -0.041456 0.681384 174 170 166
-0.007666 -0.040081 0.679436 154 152 144
-0.006390 -0.038687 0.677585 132 129 123
-0.005042 -0.037268 0.675860 104 101 95
-0.003565 -0.035801 0.674352 88 85 79
-0.002136 -0.034352 0.672767 74 72 65
-0.000479 -0.032816 0.671557 72 70 64
0.000986 -0.031354 0.670033 75 70 64
0.002553 -0.029853 0.668673 78 72 66
0.004189 -0.028324 0.667424 77 72 65
0.005829 -0.026794 0.666178 83 79 73
0.007553 -0.025229 0.665061 81 76 70
0.009284 -0.023661 0.663952 83 80 73
0.010991 -0.022101 0.662801 80 79 71
0.012743 -0.020522 0.661714 80 73 66
0.014465 -0.018954 0.660578 81 73 66
0.016289 -0.017344 0.659592 78 68 63
0.018137 -0.015722 0.658636 81 70 65
0.020084 -0.014058 0.657822 75 64 59
0.022034 -0.012391 0.657004 73 62 57
0.024000 -0.010715 0.656200 75 66 60
0.025897 -0.009065 0.655287 88 79 73
0.027879 -0.007379 0.654490 109 99 93
0.029778 -0.005725 0.653565 122 111 105
0.031750 -0.004038 0.652738 146 122 115
0.033860 -0.002291 0.652098 159 132 120
0.036079 -0.000494 0.651601 165 135 129
0.038489 0.001390 0.651362 150 120 113
0.040908 0.003281 0.651118 107 75 70
0.043388 0.005203 0.650942 80 49 43
0.046029 0.007200 0.650971 94 65 61
0.048734 0.009230 0.651066 107 81 68
0.051848 0.011447 0.651697 118 84 67
0.054804 0.013600 0.652086 123 85 71
0.061105 0.018099 0.653307 128 89 73
0.067924 0.022861 0.655094 133 94 75
0.071079 0.025136 0.655607 130 92 73
0.074135 0.027372 0.655964 132 93 76
0.077812 0.029902 0.657096 135 94 78
0.081657 0.032517 0.658407 135 94 78
0.085887 0.035320 0.660168 135 93 80
0.090275 0.038208 0.662086 133 93 79
0.095089 0.041307 0.664490 130 93 81
0.100227 0.044571 0.667244 126 95 87
0.106129 0.048211 0.670885 124 97 88
0.111934 0.051821 0.674338 121 95 88
0.118774 0.055940 0.678984 125 98 94
-0.028230 -0.070637 0.759803 167 122 102
-0.028085 -0.069488 0.755210 168 123 103
-0.027524 -0.068223 0.751510 169 124 103
-0.027222 -0.067046 0.747320 168 123 103
-0.026606 -0.065780 0.743801 173 126 104
-0.025762 -0.064450 0.740767 175 128 106
-0.024949 -0.063135 0.737694 176 129 105
-0.024217 -0.061852 0.734484 176 130 105
-0.023467 -0.060568 0.731338 175 129 105
-0.022589 -0.059249 0.728463 178 133 110
-0.021711 -0.057934 0.725607 179 139 115
-0.020722 -0.056587 0.722984 177 138 114
-0.020013 -0.055337 0.719850 176 138 113
-0.019079 -0.054017 0.717161 175 137 112
-0.018483 -0.052817 0.713863 175 137 112
-0.017723 -0.051566 0.710893 172 134 109
-0.017228 -0.050412 0.707462 173 135 110
-0.016660 -0.049240 0.704190 173 135 111
-0.016066 -0.048064 0.700993 175 140 118
-0.015178 -0.046789 0.698349 158 130 109
-0.014397 -0.045556 0.695531 133 108 91
-0.013458 -0.044271 0.693012 102 82 67
-0.012508 -0.042985 0.690528 72 57 51
-0.011491 -0.041678 0.688175 51 41 42
-0.010402 -0.040347 0.685960 40 33 36
-0.009209 -0.038979 0.683936 41 37 38
-0.008068 -0.037633 0.681830 67 65 60
-0.007009 -0.036321 0.679596 108 105 101
-0.005754 -0.034936 0.677702 136 133 129
-0.004377 -0.033506 0.676018 164 159 154
-0.003036 -0.032090 0.674278 178 172 166
-0.001448 -0.030579 0.672947 189 183 177
0.000061 -0.029098 0.671488 187 181 175
0.001609 -0.027602 0.670091 182 176 170
0.003257 -0.026067 0.668854 169 161 155
0.004928 -0.024521 0.667652 164 152 148
0.006690 -0.022938 0.666590 154 142 145
0.008501 -0.021334 0.665599 149 141 142
0.010246 -0.019755 0.664501 144 136 137
0.012073 -0.018141 0.663524 150 130 129
0.013845 -0.016549 0.662456 152 131 130
0.015754 -0.014899 0.661592 157 136 134
0.017596 -0.013275 0.660618 150 128 127
0.019546 -0.011604 0.659802 150 128 127
0.021584 -0.009894 0.659107 152 131 129
0.023726 -0.008137 0.658557 133 112 106
0.025835 -0.006391 0.657946 127 102 97
0.028027 -0.004607 0.657445 97 70 65
0.030109 -0.002868 0.656771 74 42 37
0.032367 -0.001049 0.656341 70 40 32
0.034524 0.000728 0.655751 83 51 43
0.036917 0.002612 0.655485 106 73 62
0.039590 0.004623 0.655600 124 90 77
0.042357 0.006681 0.655826 117 88 70
0.044904 0.008647 0.655721 120 88 70
0.047539 0.010655 0.655718 121 91 75
0.050257 0.012706 0.655811 125 90 76
0.053596 0.015043 0.656729 126 90 77
0.056644 0.017255 0.657221 129 90 77
0.059725 0.019488 0.657731 132 92 78
0.063107 0.021866 0.658616 132 93 79
0.066579 0.024292 0.659588 134 95 78
0.069693 0.026560 0.660053 133 95 76
0.072647 0.028760 0.660281 133 95 77
0.075751 0.031035 0.660681 134 95 78
0.079236 0.033495 0.661549 136 95 79
0.082898 0.036046 0.662611 137 95 79
0.086988 0.038807 0.664184 135 94 79
0.091401 0.041731 0.666126 132 93 80
0.096444 0.044967 0.668814 127 93 83
0.101665 0.048301 0.671667 125 96 87
0.107447 0.051919 0.675158 124 96 89
0.113278 0.055575 0.678641 122 96 89
-0.028734 -0.069235 0.767667 165 120 100
-0.028328 -0.066906 0.758593 167 122 102
-0.027798 -0.065655 0.754794 168 123 103
-0.027512 -0.064489 0.750534 169 125 105
-0.026925 -0.063237 0.746924 172 127 107
-0.026201 -0.061948 0.743618 177 130 108
-0.025386 -0.060635 0.740523 176 130 106
-0.024528 -0.059313 0.737535 178 134 109
-0.023587 -0.057969 0.734732 180 137 114
-0.022660 -0.056634 0.731921 186 144 121
-0.021597 -0.055258 0.729392 182 142 118
-0.020431 -0.053850 0.727074 181 141 117
-0.019422 -0.052499 0.724472 178 140 115
-0.018305 -0.051114 0.722089 178 140 115
-0.017527 -0.049850 0.719087 177 139 114
-0.016583 -0.048533 0.716415 174 136 111
-0.015819 -0.047284 0.713429 174 134 110
-0.015154 -0.046076 0.710284 172 133 109
-0.014355 -0.044824 0.707408 172 133 109
-0.013664 -0.043617 0.704357 172 133 108
-0.012903 -0.042389 0.701455 169 132 108
-0.012420 -0.041269 0.698080 168 130 109
-0.011748 -0.040084 0.695067 168 131 109
-0.011110 -0.038917 0.692017 165 131 110
-0.010194 -0.037650 0.689472 164 132 114
-0.009042 -0.036296 0.687351 156 127 114
-0.007969 -0.034975 0.685104 148 121 108
-0.006921 -0.033665 0.682826 142 118 104
-0.005578 -0.032244 0.681057 126 103 89
-0.004212 -0.030814 0.679332 101 82 69
-0.002980 -0.029439 0.677389 89 73 63
-0.001601 -0.028006 0.675696 70 54 46
-0.000200 -0.026566 0.674041 64 47 46
0.001361 -0.025061 0.672651 52 35 33
0.003019 -0.023517 0.671416 48 31 27
0.004684 -0.021969 0.670189 41 23 17
0.006577 -0.020327 0.669324 36 19 16
0.008600 -0.018629 0.668655 44 24 24
0.010329 -0.017051 0.667513 52 27 29
0.012232 -0.015399 0.666640 50 30 29
0.014103 -0.013760 0.665707 61 37 37
0.016124 -0.012055 0.665000 74 49 45
0.017993 -0.010412 0.664048 85 60 57
0.019903 -0.008750 0.663153 101 78 75
0.022076 -0.006974 0.662646 111 86 81
0.024382 -0.005136 0.662324 120 94 86
0.026672 -0.003302 0.661963 112 93 87
0.028915 -0.001485 0.661517 122 93 83
0.031156 0.000334 0.661054 131 96 81
0.033758 0.002315 0.661101 127 89 74
0.036115 0.004193 0.660775 129 89 75
0.038353 0.006021 0.660261 130 91 74
0.040995 0.008033 0.660311 130 90 77
0.043910 0.010174 0.660724 129 92 77
0.046674 0.012251 0.660899 129 93 78
0.048908 0.014092 0.660312 130 94 80
0.051661 0.016174 0.660433 131 96 81
0.057891 0.020686 0.661595 133 94 79
0.064080 0.025204 0.662587 136 97 78
0.070863 0.030026 0.664261 136 98 79
0.073728 0.032199 0.664355 136 98 79
0.077046 0.034592 0.665020 135 96 79
0.080692 0.037148 0.666083 136 97 80
0.084395 0.039739 0.667182 137 96 80
0.088432 0.042498 0.668676 135 94 80
0.092835 0.045443 0.670594 134 95 82
0.097958 0.048747 0.673376 126 93 84
0.103034 0.052042 0.676041 124 95 89
0.108513 0.055546 0.679151 123 96 91
0.114274 0.059202 0.682548 123 97 92
0.120754 0.063227 0.686764 119 95 90
-0.029131 -0.065562 0.765821 168 122 102
-0.028986 -0.064430 0.761152 167 122 102
-0.028473 -0.063191 0.757287 167 123 103
-0.028248 -0.062053 0.752870 168 124 103
-0.027847 -0.060867 0.748856 173 128 107
-0.027335 -0.059653 0.745101 173 127 107
-0.026631 -0.058382 0.741766 176 133 111
-0.025751 -0.057059 0.738805 183 141 117
-0.024802 -0.055716 0.736005 184 143 120
-0.023609 -0.054295 0.733698 184 143 120
-0.022482 -0.052898 0.731278 184 143 120
-0.021092 -0.051414 0.729376 183 143 119
-0.020016 -0.050041 0.726882 181 142 118
-0.018757 -0.048606 0.724747 181 142 116
-0.017820 -0.047289 0.722019 181 142 117
-0.016693 -0.045907 0.719662 182 143 119
-0.015705 -0.044578 0.717062 178 138 114
-0.014580 -0.043203 0.714731 177 138 113
-0.013500 -0.041847 0.712328 177 138 113
-0.012673 -0.040589 0.709483 176 137 113
-0.011806 -0.039320 0.706728 174 137 113
-0.011032 -0.038091 0.703827 173 136 113
-0.010246 -0.036861 0.700967 172 135 112
-0.009674 -0.035718 0.697752 169 132 109
-0.008784 -0.034458 0.695117 167 130 108
-0.007802 -0.033166 0.692658 166 127 108
-0.006883 -0.031901 0.690108 164 126 107
-0.005960 -0.030638 0.687578 161 124 104
-0.004686 -0.029239 0.685660 160 124 102
-0.003327 -0.027807 0.683891 158 122 99
-0.002073 -0.026418 0.681952 157 122 99
-0.000614 -0.024948 0.680359 155 120 98
0.000779 -0.023505 0.678660 155 120 99
0.002257 -0.022028 0.677105 149 117 95
0.003812 -0.020519 0.675675 144 110 89
0.005328 -0.019026 0.674182 140 103 86
0.007200 -0.017385 0.673260 143 103 87
0.009192 -0.015690 0.672522 145 103 89
0.010893 -0.014118 0.671314 140 100 86
0.012902 -0.012413 0.670585 143 99 82
0.014884 -0.010717 0.669804 142 98 81
0.016983 -0.008969 0.669194 142 98 81
0.018855 -0.007317 0.668224 133 95 80
0.020795 -0.005634 0.667351 132 96 81
0.023018 -0.003824 0.666898 135 98 82
0.025521 -0.001889 0.666851 134 96 81
0.027785 -0.000055 0.666427 126 95 85
0.029981 0.001753 0.665890 131 93 82
0.032248 0.003595 0.665442 135 95 79
0.034891 0.005609 0.665529 137 97 80
0.037290 0.007517 0.665242 139 100 82
0.039536 0.009360 0.664718 140 99 81
0.042060 0.011332 0.664577 137 97 82
0.045050 0.013523 0.665080 137 99 81
0.047873 0.015642 0.665321 137 99 82
0.050200 0.017537 0.664841 135 98 84
0.053079 0.019692 0.665117 133 97 83
0.056237 0.021983 0.665753 133 97 82
0.059345 0.024256 0.666290 136 97 81
0.062408 0.026515 0.666739 137 98 80
0.065551 0.028817 0.667270 136 98 79
0.072304 0.033663 0.668867 135 98 79
0.075075 0.035806 0.668817 135 97 78
0.078380 0.038211 0.669448 134 96 78
0.082014 0.040781 0.670481 136 97 80
0.085734 0.043401 0.671590 134 95 78
0.089661 0.046129 0.672929 134 94 79
0.094013 0.049074 0.674773 133 94 81
0.099098 0.052390 0.677504 127 94 85
0.104180 0.055717 0.680172 124 96 89
0.115289 0.062877 0.686513 123 96 91
-0.030037 -0.064225 0.772979 165 120 100
-0.029789 -0.063059 0.768442 166 121 101
-0.029630 -0.061932 0.763765 166 121 101
-0.029229 -0.060737 0.759637 167 123 104
-0.029248 -0.059689 0.754686 166 126 108
-0.029175 -0.058621 0.749975 166 132 116
-0.028841 -0.057475 0.745843 212 186 172
-0.028052 -0.056183 0.742665 186 153 138
-0.027158 -0.054860 0.739720 175 138 117
-0.026048 -0.053467 0.737226 186 148 125
-0.024704 -0.051995 0.735206 188 150 127
-0.023442 -0.050553 0.733035 182 142 118
-0.022008 -0.049052 0.731207 186 146 122
-0.020685 -0.047592 0.729170 187 147 123
-0.019368 -0.046136 0.727130 186 146 120
-0.018159 -0.044721 0.724893 185 145 120
-0.016723 -0.043225 0.723095 184 144 119
-0.015660 -0.041869 0.720604 182 142 118
-0.014505 -0.040482 0.718300 181 141 117
-0.013300 -0.039078 0.716099 181 141 117
-0.012312 -0.037759 0.713514 180 140 116
-0.011299 -0.036434 0.710989 178 140 117
-0.010302 -0.035119 0.708452 177 139 116
-0.009194 -0.033763 0.706128 174 137 114
-0.008303 -0.032496 0.703431 171 134 111
-0.007452 -0.031248 0.700683 171 134 111
-0.006510 -0.029968 0.698113 170 132 110
-0.005518 -0.028672 0.695645 169 130 109
-0.004640 -0.027424 0.692995 168 129 108
-0.003457 -0.026056 0.690882 165 128 106
-0.002228 -0.024672 0.688857 166 129 104
-0.000881 -0.023240 0.687039 163 126 102
0.000678 -0.021722 0.685580 161 124 101
0.002023 -0.020293 0.683765 159 121 99
0.003563 -0.018783 0.682277 157 120 97
0.005144 -0.017256 0.680857 151 116 94
0.006571 -0.015794 0.679185 150 112 94
0.008067 -0.014303 0.677628 148 109 88
0.010057 -0.012601 0.676862 147 108 89
0.011792 -0.011006 0.675681 147 107 89
0.013760 -0.009310 0.674863 146 105 84
0.015748 -0.007602 0.674068 146 105 84
0.017957 -0.005796 0.673606 146 106 84
0.019975 -0.004071 0.672836 145 104 84
0.022019 -0.002332 0.672096 143 102 85
0.024172 -0.000542 0.671512 141 102 85
0.026549 0.001351 0.671252 141 102 85
0.028896 0.003234 0.670931 141 100 86
0.030996 0.005008 0.670226 142 101 83
0.033206 0.006835 0.669673 142 101 81
0.035671 0.008782 0.669481 142 100 80
0.038073 0.010703 0.669179 142 99 78
0.040449 0.012616 0.668824 143 99 80
0.042982 0.014605 0.668678 141 100 83
0.045879 0.016769 0.669034 140 101 84
0.048606 0.018857 0.669122 139 101 85
0.076556 0.039522 0.673497 135 97 78
0.079725 0.041878 0.673931 135 97 78
0.083310 0.044445 0.674884 136 97 80
0.086990 0.047065 0.675927 134 95 78
0.090919 0.049817 0.677256 134 95 78
0.095333 0.052818 0.679171 133 94 81
0.100229 0.056069 0.681655 132 94 84
0.105072 0.059306 0.684015 126 96 89
0.110528 0.062862 0.687095 125 98 93
0.122566 0.070584 0.694465 126 102 98
-0.030972 -0.061786 0.775070 165 120 100
-0.030726 -0.060630 0.770499 168 121 101
-0.030567 -0.059514 0.765788 165 121 102
-0.030399 -0.058405 0.761148 166 122 103
-0.030729 -0.057476 0.755524 161 122 106
-0.031199 -0.056608 0.749676 214 200 187
-0.031006 -0.055524 0.745246 213 206 191
-0.030258 -0.054255 0.741983 221 211 197
-0.029205 -0.052884 0.739357 223 211 196
-0.028101 -0.051499 0.736851 219 203 187
-0.026708 -0.050012 0.734932 211 191 173
-0.025437 -0.048571 0.732780 181 150 130
-0.023804 -0.047000 0.731341 179 142 121
-0.022375 -0.045504 0.729508 185 145 124
-0.020854 -0.043975 0.727857 184 145 120
-0.019507 -0.042511 0.725878 187 148 122
-0.017907 -0.040954 0.724381 188 149 121
-0.016688 -0.039541 0.722173 185 145 121
-0.015501 -0.038143 0.719914 185 145 121
-0.014298 -0.036742 0.717697 184 144 120
-0.013095 -0.035342 0.715490 182 144 119
-0.011947 -0.033967 0.713195 181 143 120
-0.010737 -0.032569 0.711022 179 141 118
-0.009512 -0.031168 0.708887 178 140 117
-0.008439 -0.029830 0.706490 176 139 116
-0.007407 -0.028511 0.704035 174 137 114
-0.006294 -0.027161 0.701738 173 135 112
-0.005107 -0.025785 0.699579 172 135 108
-0.004028 -0.024455 0.697244 171 133 106
-0.002696 -0.023022 0.695357 168 131 105
-0.001370 -0.021594 0.693464 167 130 107
0.000063 -0.020121 0.691760 164 127 104
0.001639 -0.018589 0.690296 164 127 104
0.003006 -0.017146 0.688487 164 126 103
0.004619 -0.015599 0.687088 161 124 101
0.006283 -0.014029 0.685773 156 119 96
0.007676 -0.012576 0.684012 154 116 93
0.009117 -0.011104 0.682334 152 113 91
0.011141 -0.009376 0.681596 151 110 90
0.012846 -0.007787 0.680338 151 110 90
0.014732 -0.006117 0.679364 151 107 88
0.016643 -0.004435 0.678422 149 107 87
0.018765 -0.002656 0.677802 148 107 87
0.020791 -0.000918 0.677022 146 107 88
0.022847 0.000836 0.676278 144 106 87
0.024960 0.002617 0.675610 142 104 85
0.027262 0.004487 0.675217 142 104 85
0.029633 0.006392 0.674914 142 103 84
0.031753 0.008186 0.674218 143 102 82
0.033951 0.010017 0.673628 145 101 82
0.036290 0.011917 0.673233 145 101 82
0.038673 0.013841 0.672886 144 100 81
0.041071 0.015774 0.672545 144 100 81
0.043631 0.017788 0.672423 143 99 82
0.046492 0.019949 0.672713 141 100 84
0.049255 0.022068 0.672839 139 100 86
0.052059 0.024212 0.672999 137 101 86
0.074574 0.040772 0.677381 133 97 78
0.077567 0.043052 0.677590 136 98 79
0.080779 0.045446 0.678067 135 97 80
0.084239 0.047970 0.678842 134 96 79
0.087992 0.050646 0.679970 134 95 78
0.091961 0.053439 0.681341 133 94 78
0.096450 0.056503 0.683346 134 94 81
0.101272 0.059745 0.685728 133 94 82
0.106105 0.063004 0.688071 129 96 88
-0.031652 -0.059246 0.777731 166 121 101
-0.031327 -0.058073 0.773292 166 120 100
-0.031296 -0.057011 0.768273 165 120 100
-0.033645 -0.054750 0.748495 210 201 190
-0.033483 -0.053693 0.743995 216 211 195
-0.032695 -0.052420 0.740816 220 212 197
-0.031531 -0.051017 0.738420 218 211 197
-0.030383 -0.049621 0.736008 219 211 196
-0.029085 -0.048174 0.733907 219 211 196
-0.027773 -0.046723 0.731843 218 210 194
-0.026213 -0.045181 0.730273 219 209 194
-0.024748 -0.043676 0.728518 223 210 194
-0.023156 -0.042122 0.727013 218 196 183
-0.021685 -0.040615 0.725277 197 173 159
-0.020010 -0.039030 0.723934 178 147 131
-0.018628 -0.037559 0.722033 176 139 120
-0.017155 -0.036053 0.720310 175 135 116
-0.015706 -0.034557 0.718546 187 145 120
-0.014297 -0.033078 0.716712 190 147 124
-0.012957 -0.031628 0.714757 185 144 122
-0.011559 -0.030156 0.712914 185 145 123
-0.010239 -0.028717 0.710936 181 143 120
-0.008949 -0.027292 0.708911 181 143 119
-0.007808 -0.025929 0.706629 178 141 117
-0.006542 -0.024517 0.704581 178 140 114
-0.005221 -0.023084 0.702635 175 137 112
-0.003945 -0.021672 0.700619 174 136 112
-0.002463 -0.020173 0.698966 173 135 108
-0.001022 -0.018693 0.697245 170 133 109
0.000480 -0.017187 0.695631 169 132 109
0.002041 -0.015656 0.694119 167 130 107
0.003438 -0.014196 0.692333 166 128 105
0.005094 -0.012625 0.690981 164 127 104
0.006644 -0.011100 0.689452 160 123 100
0.008064 -0.009632 0.687712 156 118 95
0.009596 -0.008115 0.686158 154 115 93
0.011607 -0.006384 0.685378 155 111 92
0.013282 -0.004802 0.684050 152 109 90
0.015241 -0.003092 0.683172 152 108 89
0.017109 -0.001422 0.682140 151 107 88
0.019169 0.000338 0.681405 149 106 87
0.021149 0.002063 0.680534 146 107 88
0.023246 0.003843 0.679835 144 106 87
0.025380 0.005643 0.679182 144 106 87
0.027572 0.007473 0.678606 143 105 86
0.029897 0.009367 0.678218 142 103 84
0.032083 0.011199 0.677605 143 102 82
0.034415 0.013103 0.677198 145 101 82
0.036795 0.015032 0.676849 145 101 82
0.039197 0.016976 0.676514 144 100 81
0.041657 0.018950 0.676247 143 99 80
0.044246 0.020990 0.676151 143 99 82
0.047037 0.023131 0.676326 141 100 84
0.049788 0.025257 0.676421 138 99 85
0.078417 0.046542 0.681504 137 99 80
0.081690 0.048983 0.682048 134 97 79
0.085267 0.051583 0.682965 132 95 78
0.089006 0.054273 0.684063 132 94 77
0.093014 0.057108 0.685477 133 93 78
0.097467 0.060178 0.687426 134 94 82
0.102317 0.063462 0.689840 134 92 80
0.107196 0.066773 0.692237 132 94 85
0.112765 0.070451 0.695457 129 96 90
-0.032410 -0.056715 0.780251 166 121 101
-0.032120 -0.055564 0.775701 165 120 100
-0.032356 -0.054607 0.770079 165 120 100
-0.032914 -0.053777 0.763838 163 122 103
-0.036497 -0.053054 0.746448 214 208 196
-0.036132 -0.051940 0.742369 217 212 197
-0.035239 -0.050639 0.739411 220 215 201
-0.034018 -0.049221 0.737141 219 214 200
-0.032836 -0.047820 0.734802 219 214 199
-0.031524 -0.046372 0.732739 219 212 198
-0.030201 -0.044923 0.730705 219 211 197
-0.028604 -0.043369 0.729220 219 210 197
-0.027099 -0.041851 0.727554 218 209 196
-0.025469 -0.040285 0.726134 219 210 195
-0.023873 -0.038732 0.724648 217 208 194
-0.022128 -0.037121 0.723445 218 209 195
-0.020656 -0.035617 0.721721 220 208 194
-0.019023 -0.034049 0.720304 221 206 194
-0.017474 -0.032514 0.718729 222 203 183
-0.015908 -0.030974 0.717184 205 181 163
-0.014417 -0.029464 0.715504 188 157 142
-0.012954 -0.027966 0.713776 174 136 116
-0.011481 -0.026465 0.712070 181 143 121
-0.009910 -0.024924 0.710542 179 141 118
-0.008604 -0.023494 0.708541 181 143 119
-0.007206 -0.022027 0.706712 182 144 118
-0.005819 -0.020565 0.704869 180 142 117
-0.004356 -0.019072 0.703164 178 139 115
-0.002679 -0.017487 0.701831 177 138 113
-0.001151 -0.015967 0.700242 174 136 111
0.000400 -0.014436 0.698693 173 136 113
0.002100 -0.012841 0.697397 171 134 111
0.003648 -0.011312 0.695842 169 131 108
0.005395 -0.009694 0.694622 169 131 108
0.006915 -0.008178 0.693021 165 128 105
0.008462 -0.006650 0.691465 161 122 101
0.009969 -0.005139 0.689846 157 117 96
0.011919 -0.003429 0.688947 156 112 93
0.013536 -0.001868 0.687503 153 109 90
0.015517 -0.000140 0.686643 152 108 89
0.017365 0.001528 0.685561 151 107 88
0.019465 0.003314 0.684871 150 107 88
0.021505 0.005074 0.684075 146 107 88
0.023609 0.006867 0.683370 144 106 87
0.025819 0.008711 0.682817 144 106 87
0.028015 0.010552 0.682229 142 104 85
0.030252 0.012415 0.681691 142 103 84
0.032471 0.014271 0.681111 143 102 82
0.034808 0.016187 0.680696 145 101 82
0.037145 0.018107 0.680266 145 101 83
0.039570 0.020071 0.679951 144 100 82
0.042079 0.022080 0.679742 143 99 82
0.044757 0.024175 0.679763 143 99 82
0.047595 0.026353 0.679992 142 100 83
0.050358 0.028498 0.680090 138 99 85
0.075841 0.047540 0.684682 134 98 78
0.079116 0.049992 0.685246 135 97 76
0.082475 0.052493 0.685894 133 97 77
0.086112 0.055144 0.686882 131 96 78
0.089973 0.057916 0.688130 131 93 76
0.093906 0.060734 0.689436 132 92 76
0.098421 0.063862 0.691460 133 92 79
0.103260 0.067168 0.693855 134 94 81
0.108169 0.070522 0.696286 134 94 83
-0.033170 -0.054167 0.782793 165 120 100
-0.033057 -0.053089 0.777826 165 120 100
-0.039288 -0.051357 0.744499 215 211 196
-0.039048 -0.050305 0.740162 218 213 199
-0.037999 -0.048955 0.737537 221 216 202
-0.036697 -0.047514 0.735445 220 215 201
-0.035390 -0.046072 0.733372 221 215 201
-0.034095 -0.044636 0.731286 222 216 202
-0.032648 -0.043144 0.729511 218 212 198
-0.031060 -0.041596 0.728021 218 212 198
-0.029584 -0.040093 0.726309 219 211 196
-0.027945 -0.038526 0.724921 219 211 196
-0.026345 -0.036974 0.723455 218 211 196
-0.024598 -0.035362 0.722270 216 210 196
-0.023054 -0.033832 0.720695 216 210 196
-0.021395 -0.032256 0.719337 219 210 197
-0.019861 -0.030730 0.717743 218 209 196
-0.018263 -0.029179 0.716271 218 209 196
-0.016687 -0.027636 0.714757 218 209 196
-0.015096 -0.026088 0.713270 216 207 194
-0.013619 -0.024587 0.711577 220 211 201
-0.011987 -0.023021 0.710167 223 207 190
-0.010464 -0.021502 0.708560 202 180 162
-0.008736 -0.019894 0.707321 179 152 133
-0.007158 -0.018351 0.705811 171 140 116
-0.005379 -0.016720 0.704656 170 134 110
-0.003541 -0.015062 0.703598 175 137 115
-0.001831 -0.013460 0.702313 174 136 113
-0.000228 -0.011904 0.700841 179 141 118
0.001577 -0.010258 0.699714 173 135 112
0.003105 -0.008736 0.698111 175 137 114
0.004950 -0.007070 0.697043 171 133 108
0.006674 -0.005458 0.695768 169 131 108
0.008309 -0.003887 0.694342 165 127 104
0.009957 -0.002309 0.692936 157 116 98
0.011715 -0.000680 0.691708 157 113 96
0.013472 0.000949 0.690474 154 110 91
0.015445 0.002680 0.689586 153 109 90
0.017384 0.004396 0.688634 151 107 88
0.019555 0.006223 0.688042 149 106 87
0.021613 0.008000 0.687260 146 107 86
0.023897 0.009886 0.686820 145 106 87
0.026087 0.011730 0.686220 144 105 86
0.028400 0.013636 0.685796 144 105 86
0.030580 0.015480 0.685154 143 102 84
0.032761 0.017328 0.684500 143 102 84
0.035033 0.019222 0.683972 143 102 82
0.037398 0.021165 0.683570 144 100 81
0.039809 0.023133 0.683220 144 100 82
0.042298 0.025143 0.682969 144 100 83
0.045025 0.027274 0.683049 144 100 83
0.048050 0.029558 0.683541 142 99 82
0.050904 0.031762 0.683758 139 100 86
0.053829 0.034007 0.684052 139 100 87
0.073275 0.048553 0.687902 136 98 79
0.076409 0.050943 0.688291 136 98 78
0.079751 0.053446 0.688935 135 97 76
0.083198 0.056010 0.689690 134 97 78
0.086977 0.058753 0.690859 132 97 77
0.090915 0.061587 0.692200 132 94 77
0.094819 0.064411 0.693457 132 92 76
0.099369 0.067583 0.695522 134 92 79
0.104304 0.070967 0.698037 135 93 81
0.109257 0.074373 0.700520 136 92 81
0.115036 0.078229 0.704009 136 91 80
-0.034117 -0.050645 0.779702 165 119 101
-0.042050 -0.049671 0.742579 216 213 198
-0.041688 -0.048587 0.738499 216 214 201
-0.040654 -0.047252 0.735852 217 215 202
-0.039237 -0.045771 0.734010 221 216 204
-0.037914 -0.044329 0.731981 220 215 201
-0.036497 -0.042851 0.730151 220 214 200
-0.035062 -0.041366 0.728363 218 212 198
-0.033403 -0.039793 0.727026 217 211 197
-0.031958 -0.038306 0.725263 219 210 197
-0.030273 -0.036721 0.723978 219 210 197
-0.028662 -0.035167 0.722542 218 210 197
-0.026907 -0.033552 0.721386 218 212 198
-0.025369 -0.032027 0.719808 218 212 198
-0.023723 -0.030457 0.718438 218 212 198
-0.022157 -0.028921 0.716913 219 212 199
-0.020618 -0.027396 0.715340 220 211 198
-0.019059 -0.025863 0.713805 217 211 197
-0.017466 -0.024316 0.712334 217 211 197
-0.015963 -0.022807 0.710696 215 206 193
-0.014183 -0.021178 0.709567 214 205 191
-0.012606 -0.019637 0.708064 215 207 190
-0.010775 -0.017985 0.707017 215 206 191
-0.009075 -0.016388 0.705732 215 206 193
-0.007257 -0.014739 0.704651 219 207 194
-0.005428 -0.013084 0.703583 215 200 186
-0.003558 -0.011409 0.702580 205 189 172
-0.001787 -0.009777 0.701401 195 173 153
-0.000035 -0.008153 0.700183 178 150 129
0.001552 -0.006604 0.698680 158 125 100
0.003484 -0.004896 0.697762 160 125 100
0.005256 -0.003261 0.696565 159 123 98
0.007115 -0.001584 0.695510 168 132 107
0.008862 0.000041 0.694263 163 124 103
0.010789 0.001752 0.693309 157 115 96
0.012966 0.003583 0.692753 151 110 90
0.015370 0.005524 0.692552 150 109 89
0.017282 0.007234 0.691542 149 108 88
0.019623 0.009151 0.691209 147 106 86
0.021781 0.010983 0.690569 144 105 84
0.024077 0.012884 0.690133 144 105 86
0.026300 0.014753 0.689570 143 104 85
0.028597 0.016660 0.689105 143 104 85
0.030854 0.018551 0.688566 143 102 84
0.032946 0.020364 0.687760 143 102 84
0.035277 0.022296 0.687306 143 102 82
0.037610 0.024232 0.686841 144 100 81
0.040045 0.026223 0.686514 145 100 82
0.042506 0.028229 0.686209 143 99 80
0.045234 0.030374 0.686279 143 99 82
0.048364 0.032725 0.686916 142 101 83
0.051337 0.035004 0.687295 141 101 87
0.054292 0.037278 0.687620 137 100 86
0.073654 0.051877 0.691293 137 99 80
0.076814 0.054296 0.691707 138 99 78
0.080237 0.056858 0.692454 134 95 76
0.083791 0.059496 0.693345 134 96 77
0.087677 0.062315 0.694649 135 97 78
0.091648 0.065188 0.696027 132 94 77
0.095589 0.068052 0.697323 133 93 77
0.100141 0.071250 0.699386 135 93 80
0.105128 0.074691 0.701968 135 93 81
0.110130 0.078151 0.704511 137 92 81
-0.044663 -0.047020 0.736104 216 214 201
-0.043443 -0.045621 0.733861 217 214 202
-0.042087 -0.044170 0.731909 219 214 202
-0.040629 -0.042679 0.730175 218 213 201
-0.039113 -0.041166 0.728562 219 213 199
-0.037559 -0.039637 0.727029 217 211 197
-0.035877 -0.038056 0.725752 216 210 196
-0.034316 -0.036525 0.724233 219 210 197
-0.032710 -0.034975 0.722801 217 211 197
-0.031076 -0.033413 0.721425 217 211 197
-0.029411 -0.031837 0.720108 218 212 198
-0.027813 -0.030290 0.718657 218 212 198
-0.026177 -0.028726 0.717281 217 211 197
-0.024633 -0.027202 0.715727 217 211 197
-0.023092 -0.025679 0.714169 217 211 197
-0.021525 -0.024145 0.712660 217 211 197
-0.019960 -0.022611 0.711150 217 211 197
-0.018411 -0.021086 0.709608 216 209 196
-0.016596 -0.019442 0.708555 217 208 195
-0.015003 -0.017896 0.707094 215 206 193
-0.013258 -0.016282 0.705904 215 206 193
-0.011634 -0.014721 0.704495 214 205 192
-0.009836 -0.013081 0.703393 214 206 192
-0.008069 -0.011455 0.702232 212 203 189
-0.006315 -0.009833 0.701042 211 205 191
-0.004453 -0.008161 0.700036 212 207 192
-0.002621 -0.006501 0.698972 214 206 192
-0.000751 -0.004823 0.697966 214 203 192
0.001279 -0.003067 0.697226 215 202 189
0.003223 -0.001351 0.696329 216 201 187
0.005282 0.000422 0.695616 216 200 184
0.007345 0.002199 0.694899 208 189 173
0.009323 0.003937 0.694030 156 124 109
0.011677 0.005858 0.693768 145 105 86
0.015029 0.008265 0.695112 150 109 89
0.017400 0.010203 0.694831 147 106 86
0.019780 0.012149 0.694546 147 106 86
0.022060 0.014049 0.694084 144 105 85
0.024301 0.015933 0.693547 144 105 86
0.026487 0.017793 0.692908 143 104 85
0.028805 0.019720 0.692463 143 104 85
0.031017 0.021598 0.691838 143 102 84
0.033200 0.023463 0.691155 143 102 84
0.035457 0.025368 0.690574 143 102 82
0.037841 0.027340 0.690173 144 100 81
0.040272 0.029338 0.689824 144 100 82
0.042772 0.031375 0.689564 143 99 80
0.045527 0.033546 0.689663 143 99 82
0.048660 0.035915 0.690294 142 98 82
0.051630 0.038206 0.690658 139 99 85
0.054665 0.040535 0.691089 137 100 86
0.057759 0.042901 0.691577 136 98 85
0.061219 0.045462 0.692560 133 97 84
0.064345 0.047856 0.693033 136 96 84
0.067452 0.050245 0.693450 136 96 80
0.070706 0.052718 0.694046 138 97 80
0.074021 0.055228 0.694696 138 99 80
0.077321 0.057736 0.695295 139 98 78
0.080716 0.060300 0.695992 134 95 76
0.084336 0.062991 0.696966 134 95 76
0.088324 0.065886 0.698401 134 96 77
0.092345 0.068806 0.699839 135 96 79
0.096276 0.071686 0.701113 134 93 78
0.100884 0.074940 0.703246 135 92 79
0.105963 0.078460 0.705947 135 93 80
0.111082 0.082013 0.708640 136 91 80
-0.047647 -0.046390 0.738495 218 216 204
-0.046978 -0.045214 0.735070 218 216 203
-0.045889 -0.043873 0.732557 219 214 202
-0.044493 -0.042410 0.730700 217 212 200
-0.043075 -0.040940 0.728895 217 212 200
-0.041484 -0.039398 0.727448 217 211 197
-0.039997 -0.037900 0.725790 217 211 197
-0.038317 -0.036321 0.724525 216 210 196
-0.036806 -0.034814 0.722917 216 211 197
-0.035136 -0.033238 0.721628 216 211 197
-0.033585 -0.031714 0.720100 216 211 198
-0.031868 -0.030118 0.718901 218 212 200
-0.030345 -0.028605 0.717317 216 211 197
-0.028690 -0.027035 0.715990 216 211 197
-0.027167 -0.025523 0.714410 216 211 197
-0.025629 -0.024004 0.712859 216 211 197
-0.024023 -0.022455 0.711437 215 210 197
-0.022425 -0.020910 0.710000 216 210 196
-0.020809 -0.019356 0.708596 217 209 195
-0.019024 -0.017726 0.707501 216 207 194
-0.017412 -0.016173 0.706085 214 205 192
-0.015661 -0.014557 0.704918 215 206 193
-0.013994 -0.012978 0.703599 216 207 194
-0.012076 -0.011283 0.702723 214 205 192
-0.010373 -0.009686 0.701458 215 206 193
-0.008598 -0.008055 0.700316 212 206 192
-0.006832 -0.006427 0.699154 212 206 192
-0.004975 -0.004756 0.698145 211 205 191
-0.003148 -0.003097 0.697078 211 205 191
-0.001148 -0.001354 0.696299 211 205 191
0.000748 0.000341 0.695335 210 204 191
0.002820 0.002122 0.694658 207 201 189
0.005001 0.003958 0.694152 203 197 185
0.007424 0.005914 0.694035 185 175 164
0.010360 0.008126 0.694742 138 105 91
0.014440 0.010905 0.697290 148 107 87
0.017320 0.013104 0.697831 148 107 87
0.019916 0.015167 0.697882 146 106 87
0.022207 0.017082 0.697424 145 106 87
0.024463 0.018982 0.696893 143 104 85
0.026690 0.020871 0.696303 143 104 85
0.028982 0.022795 0.695802 142 103 84
0.031210 0.024689 0.695188 143 102 84
0.033361 0.026547 0.694439 145 101 84
0.035693 0.028498 0.693957 144 100 83
0.038101 0.030493 0.693578 144 100 81
0.040592 0.032532 0.693307 143 99 80
0.043113 0.034591 0.693061 143 99 80
0.045911 0.036797 0.693212 143 99 82
0.049053 0.039186 0.693847 142 98 83
0.052133 0.041549 0.694361 141 101 87
0.055133 0.043875 0.694728 138 99 86
0.058126 0.046203 0.695059 133 97 84
0.061545 0.048761 0.695974 135 96 84
0.064707 0.051189 0.696489 135 95 82
0.067813 0.053593 0.696895 136 95 80
0.071005 0.056048 0.697392 137 95 78
0.074352 0.058591 0.698079 138 96 78
0.077628 0.061103 0.698636 139 98 78
0.081169 0.063763 0.699526 134 95 74
0.084770 0.066462 0.700465 132 93 72
0.088797 0.069399 0.701949 133 94 75
0.092864 0.072366 0.703443 134 93 77
0.096906 0.075327 0.704859 136 91 79
0.101594 0.078652 0.707096 136 91 79
0.106654 0.082190 0.709769 136 91 79
0.111671 0.085716 0.712328 137 92 81
-0.049771 -0.043617 0.733000 218 216 203
-0.048536 -0.042224 0.730809 220 215 203
-0.047187 -0.040786 0.728869 218 213 201
-0.045780 -0.039324 0.727057 218 213 201
-0.044228 -0.037802 0.725548 215 211 197
-0.042659 -0.036274 0.724073 216 211 197
-0.041070 -0.034736 0.722642 215 210 196
-0.039532 -0.033221 0.721106 215 210 196
-0.037935 -0.031680 0.719690 216 211 197
-0.036331 -0.030136 0.718284 216 211 197
-0.034698 -0.028578 0.716938 217 212 198
-0.033214 -0.027087 0.715298 216 211 197
-0.031514 -0.025500 0.714077 216 211 197
-0.029965 -0.023979 0.712565 216 211 197
-0.028426 -0.022464 0.711032 216 211 197
-0.026845 -0.020930 0.709579 214 209 197
-0.025238 -0.019383 0.708178 215 210 196
-0.023594 -0.017819 0.706843 215 209 195
-0.021829 -0.016200 0.705729 215 206 193
-0.020188 -0.014636 0.704384 214 205 192
-0.018379 -0.012994 0.703342 214 205 192
-0.016713 -0.011418 0.702035 214 205 192
-0.014811 -0.009730 0.701150 213 204 191
-0.013066 -0.008115 0.699975 214 205 192
-0.011208 -0.006445 0.698998 211 205 191
-0.009388 -0.004792 0.697945 211 205 191
-0.007602 -0.003155 0.696826 211 205 191
-0.005712 -0.001465 0.695884 212 205 191
-0.003866 0.000204 0.694858 212 206 192
-0.001897 0.001934 0.694033 210 204 190
0.000187 0.003723 0.693396 206 200 186
0.002548 0.005650 0.693210 199 190 177
0.005161 0.007706 0.693427 177 166 154
0.017273 0.016048 0.700912 147 106 88
0.020081 0.018229 0.701297 144 105 88
0.022443 0.020189 0.700936 144 105 86
0.024643 0.022071 0.700301 143 104 85
0.026850 0.023958 0.699663 143 104 85
0.029184 0.025913 0.699212 144 103 85
0.031441 0.027831 0.698626 143 102 84
0.033674 0.029739 0.697990 145 101 84
0.035999 0.031697 0.697480 144 100 83
0.038525 0.033762 0.697266 144 100 81
0.040959 0.035784 0.696892 144 100 81
0.043515 0.037871 0.696684 144 100 81
0.046326 0.040097 0.696840 143 99 82
0.049456 0.042496 0.697447 140 99 83
0.052527 0.044870 0.697936 140 100 86
0.055695 0.047300 0.698538 139 100 87
0.058696 0.049647 0.698866 135 96 83
0.062014 0.052169 0.699627 134 95 82
0.065104 0.054574 0.700025 135 95 82
0.068247 0.057013 0.700473 137 96 80
0.071407 0.059466 0.700916 138 95 78
0.074696 0.061995 0.701511 139 95 78
0.078046 0.064563 0.702161 137 96 78
0.081434 0.067157 0.702832 133 94 75
0.085129 0.069926 0.703894 133 94 75
0.089040 0.072820 0.705213 134 93 75
0.093115 0.075813 0.706714 136 92 77
0.097385 0.078922 0.708436 136 92 77
0.102056 0.082263 0.710647 136 92 77
0.107149 0.085849 0.713366 137 93 78
0.112142 0.089390 0.715891 138 93 80
-0.052959 -0.043079 0.734899 217 216 205
-0.051968 -0.041792 0.732175 219 217 204
-0.050889 -0.040470 0.729659 220 217 204
-0.049566 -0.039047 0.727673 219 215 203
-0.048244 -0.037626 0.725693 218 215 202
-0.046672 -0.036099 0.724239 216 213 200
-0.045194 -0.034612 0.722593 215 212 199
-0.043514 -0.033037 0.721360 215 211 199
-0.042105 -0.031581 0.719577 215 211 198
-0.040436 -0.030011 0.718320 215 212 198
-0.038938 -0.028516 0.716719 216 212 198
-0.037282 -0.026951 0.715433 217 212 199
-0.035821 -0.025474 0.713761 216 211 198
-0.034146 -0.023899 0.712510 216 211 198
-0.032592 -0.022380 0.711021 215 210 197
-0.031009 -0.020847 0.709589 216 211 197
-0.029398 -0.019301 0.708208 214 209 197
-0.027806 -0.017764 0.706791 214 209 195
-0.026077 -0.016162 0.705631 214 208 194
-0.024287 -0.014531 0.704578 212 206 192
-0.022633 -0.012963 0.703270 212 206 192
-0.020793 -0.011306 0.702299 211 204 190
-0.019054 -0.009696 0.701138 212 205 191
-0.017061 -0.007963 0.700430 211 203 190
-0.015312 -0.006346 0.699274 212 205 191
-0.013462 -0.004679 0.698293 211 205 191
-0.011623 -0.003017 0.697285 210 203 190
-0.009774 -0.001348 0.696287 211 203 190
-0.007973 0.000299 0.695199 211 203 190
-0.006042 0.002011 0.694330 212 203 190
-0.004132 0.003714 0.693416 208 202 190
-0.001866 0.005596 0.693101 202 196 182
0.000383 0.007474 0.692740 188 182 170
0.017277 0.019045 0.704104 146 105 87
0.020192 0.021294 0.704655 145 104 87
0.022459 0.023216 0.704128 144 104 85
0.024648 0.025100 0.703459 143 103 86
0.026872 0.027004 0.702834 143 103 86
0.029285 0.029009 0.702495 143 102 84
0.031574 0.030952 0.701943 144 101 83
0.033820 0.032876 0.701311 144 100 82
0.036176 0.034860 0.700837 144 100 82
0.038662 0.036915 0.700545 144 100 81
0.041200 0.039001 0.700316 145 101 82
0.043828 0.041138 0.700205 143 99 81
0.046624 0.043370 0.700326 143 99 82
0.049673 0.045741 0.700803 141 99 82
0.052775 0.048146 0.701328 139 97 84
0.055923 0.050581 0.701891 137 97 84
0.058913 0.052937 0.702193 136 97 84
0.062171 0.055442 0.702858 134 95 82
0.065281 0.057872 0.703276 135 96 81
0.068439 0.060335 0.703737 135 95 80
0.071606 0.062807 0.704181 136 95 78
0.074916 0.065363 0.704797 138 95 79
0.078301 0.067967 0.705489 137 96 79
0.081786 0.070631 0.706286 134 94 77
0.085493 0.073426 0.707358 135 92 77
0.089451 0.076367 0.708736 134 93 75
0.093565 0.079404 0.710286 136 92 77
0.097967 0.082610 0.712182 136 92 79
0.102717 0.086022 0.714497 141 96 83
0.107787 0.089624 0.717184 139 94 80
0.112694 0.093145 0.719594 138 93 80
-0.055295 -0.041318 0.733753 218 217 204
-0.054285 -0.040030 0.731076 219 217 204
-0.053116 -0.038676 0.728755 219 217 204
-0.051867 -0.037290 0.726619 218 216 203
-0.050460 -0.035836 0.724827 218 216 203
-0.048975 -0.034349 0.723203 218 216 203
-0.047470 -0.032853 0.721622 218 214 201
-0.046046 -0.031394 0.719878 217 212 200
-0.044557 -0.029906 0.718269 215 213 200
-0.043087 -0.028427 0.716624 216 214 201
-0.041513 -0.026902 0.715192 217 214 201
-0.039896 -0.025356 0.713845 219 214 202
-0.038481 -0.023903 0.712097 218 213 201
-0.036856 -0.022354 0.710764 217 212 200
-0.035273 -0.020824 0.709350 216 211 199
-0.033740 -0.019317 0.707836 216 211 199
-0.032143 -0.017781 0.706447 216 211 198
-0.030431 -0.016189 0.705275 214 209 195
-0.028755 -0.014614 0.704031 215 209 195
-0.026902 -0.012953 0.703116 213 207 193
-0.025233 -0.011380 0.701848 213 207 193
-0.023332 -0.009693 0.701008 212 206 192
-0.021546 -0.008061 0.699948 211 205 191
-0.019596 -0.006348 0.699178 210 204 190
-0.017783 -0.004700 0.698152 210 204 190
-0.015803 -0.002968 0.697419 211 205 191
-0.013888 -0.001267 0.696558 212 203 190
-0.011987 0.000428 0.695664 211 202 189
-0.010084 0.002127 0.694765 210 204 190
-0.008196 0.003819 0.693831 209 202 188
-0.006089 0.005624 0.693268 205 199 187
-0.003925 0.007460 0.692788 198 192 178
-0.001364 0.009501 0.692969 178 171 153
0.017528 0.022199 0.707737 146 105 87
0.020397 0.024439 0.708200 145 104 86
0.022667 0.026372 0.707660 144 103 85
0.024754 0.028211 0.706810 143 102 85
0.027047 0.030160 0.706280 143 102 84
0.029440 0.032164 0.705894 145 101 83
0.031763 0.034135 0.705382 145 101 82
0.034074 0.036102 0.704835 144 100 81
0.036430 0.038095 0.704343 144 100 81
0.039016 0.040214 0.704193 144 100 81
0.041582 0.042327 0.703991 143 99 81
0.044304 0.044527 0.704008 142 98 81
0.047080 0.046761 0.704084 142 98 81
0.050075 0.049118 0.704465 141 97 84
0.053098 0.051495 0.704862 139 97 83
0.056271 0.053960 0.705451 138 98 84
0.059221 0.056307 0.705683 137 98 85
0.062420 0.058797 0.706253 134 95 82
0.065542 0.061249 0.706679 135 96 79
0.068745 0.063751 0.707194 135 95 81
0.071926 0.066246 0.707648 135 94 78
0.075217 0.068808 0.708228 135 94 78
0.078658 0.071459 0.708988 135 94 78
0.082037 0.074082 0.709631 134 93 77
0.085789 0.076921 0.710758 135 93 77
0.089749 0.079884 0.712135 136 92 77
0.093927 0.082979 0.713768 134 90 75
0.098295 0.086190 0.715614 148 103 90
0.103087 0.089653 0.717987 140 96 81
0.108087 0.093244 0.720581 139 93 79
-0.057724 -0.039611 0.732383 220 219 207
-0.056701 -0.038326 0.729739 219 217 206
-0.055579 -0.036999 0.727327 219 217 204
-0.054256 -0.035586 0.725361 219 217 204
-0.052971 -0.034191 0.723321 219 217 204
-0.051464 -0.032696 0.721758 218 216 203
-0.050056 -0.031248 0.719990 218 216 203
-0.048551 -0.029756 0.718426 219 214 202
-0.047192 -0.028331 0.716565 217 215 202
-0.045674 -0.026834 0.715035 218 216 203
-0.044122 -0.025321 0.713573 218 215 202
-0.042482 -0.023767 0.712288 219 214 202
-0.041115 -0.022341 0.710458 218 214 201
-0.039499 -0.020798 0.709125 217 212 200
-0.037951 -0.019287 0.707657 217 212 200
-0.036418 -0.017784 0.706160 217 212 200
-0.034734 -0.016208 0.704954 217 212 199
-0.033020 -0.014616 0.703803 217 211 197
-0.031284 -0.013013 0.702690 213 207 193
-0.029411 -0.011342 0.701828 213 207 193
-0.027760 -0.009779 0.700543 214 208 194
-0.025861 -0.008093 0.699715 214 208 194
-0.024082 -0.006464 0.698657 212 206 192
-0.022143 -0.004755 0.697885 211 205 191
-0.020328 -0.003106 0.696879 211 205 191
-0.018296 -0.001347 0.696256 209 204 190
-0.016376 0.000358 0.695420 209 203 189
-0.014312 0.002137 0.694829 209 203 189
-0.012375 0.003854 0.694003 209 204 189
-0.010375 0.005605 0.693277 209 201 188
-0.008298 0.007397 0.692674 201 196 184
-0.005839 0.009390 0.692717 188 183 171
-0.003117 0.011522 0.693186 168 157 144
0.017672 0.025329 0.711225 144 103 85
0.020543 0.027585 0.711683 144 103 85
0.022728 0.029482 0.710987 143 102 84
0.024779 0.031308 0.710061 143 102 84
0.027073 0.033267 0.709518 145 101 84
0.029519 0.035310 0.709204 145 101 82
0.031809 0.037271 0.708623 144 100 81
0.034097 0.039234 0.708026 145 101 82
0.036554 0.041292 0.707678 144 100 81
0.039080 0.043390 0.707422 145 99 81
0.041751 0.045571 0.707370 144 99 82
0.044483 0.047789 0.707390 143 99 82
0.047357 0.050089 0.707604 143 99 82
0.050193 0.052373 0.707734 142 98 83
0.053205 0.054759 0.708105 140 99 83
0.056362 0.057229 0.708662 139 99 85
0.059430 0.059656 0.709058 138 98 84
0.062499 0.062089 0.709428 135 96 83
0.065634 0.064563 0.709865 135 96 79
0.068823 0.067072 0.710352 135 95 81
0.072006 0.069583 0.710799 135 96 79
0.075317 0.072172 0.711402 134 95 78
0.078812 0.074871 0.712233 134 93 77
0.082368 0.077611 0.713116 134 93 77
0.086149 0.080486 0.714278 134 93 77
0.090200 0.083523 0.715776 130 86 71
0.094418 0.086664 0.717459 147 101 87
0.103561 0.093379 0.721648 140 94 80
0.108594 0.097018 0.724286 139 93 79
0.113728 0.100727 0.727000 140 95 83
-0.059426 -0.036777 0.727708 219 217 206
-0.058172 -0.035399 0.725595 220 218 207
-0.056737 -0.033939 0.723882 219 217 205
-0.055309 -0.032483 0.722160 219 217 204
-0.053962 -0.031066 0.720269 219 217 204
-0.052414 -0.029557 0.718806 218 216 203
-0.050923 -0.028074 0.717227 219 216 203
-0.049515 -0.026630 0.715478 218 216 203
-0.048013 -0.025143 0.713926 218 216 203
-0.046480 -0.023641 0.712438 218 216 203
-0.044891 -0.022112 0.711063 218 216 203
-0.043515 -0.020686 0.709261 217 215 202
-0.042011 -0.019199 0.707720 219 214 202
-0.040532 -0.017724 0.706130 218 213 201
-0.038982 -0.016215 0.704681 216 211 199
-0.037308 -0.014645 0.703474 215 210 198
-0.035515 -0.013016 0.702490 215 210 198
-0.033689 -0.011368 0.701564 215 209 195
-0.031816 -0.009696 0.700719 210 205 191
-0.030053 -0.008078 0.699657 213 208 194
-0.028195 -0.006411 0.698766 212 207 193
-0.026428 -0.004789 0.697699 212 206 194
-0.024502 -0.003084 0.696918 212 207 195
-0.022687 -0.001435 0.695922 213 208 196
-0.020610 0.000349 0.695397 211 206 193
-0.018654 0.002075 0.694640 208 203 191
-0.016522 0.003892 0.694186 210 204 192
-0.014430 0.005692 0.693646 207 202 189
-0.012327 0.007499 0.693111 204 199 186
-0.010116 0.009365 0.692752 197 191 179
0.020904 0.030879 0.715554 144 103 85
0.023014 0.032743 0.714715 146 102 85
0.024978 0.034530 0.713627 145 101 84
0.027296 0.036510 0.713105 146 102 84
0.029693 0.038537 0.712696 145 101 82
0.031986 0.040510 0.712106 145 99 81
0.034345 0.042521 0.711604 146 100 82
0.036787 0.044580 0.711217 145 99 81
0.039372 0.046722 0.711039 144 98 80
0.041992 0.048886 0.710893 144 98 80
0.044789 0.051153 0.710999 144 98 80
0.047573 0.053417 0.711063 143 97 81
0.050491 0.055759 0.711306 141 97 80
0.053426 0.058116 0.711548 139 98 80
0.056584 0.060603 0.712098 138 98 84
0.059619 0.063026 0.712434 137 97 83
0.062642 0.065447 0.712726 137 97 83
0.065753 0.067922 0.713118 135 95 81
0.068796 0.070363 0.713384 134 94 80
0.072105 0.072962 0.714008 134 95 78
0.075443 0.075582 0.714641 132 94 78
0.079032 0.078353 0.715600 131 93 76
0.082652 0.081147 0.716566 133 93 79
0.086603 0.084141 0.717961 145 103 89
0.090665 0.087206 0.719467 143 99 85
0.094910 0.090386 0.721184 138 92 77
0.108771 0.100635 0.727577 144 98 84
0.114125 0.104504 0.730591 140 94 83
-0.061704 -0.035046 0.726624 226 224 213
-0.060379 -0.033639 0.724674 219 217 206
-0.058840 -0.032134 0.723196 218 216 204
-0.057502 -0.030723 0.721289 219 217 204
-0.056188 -0.029325 0.719335 219 217 204
-0.054778 -0.027883 0.717593 219 217 204
-0.053190 -0.026357 0.716228 219 217 204
-0.051796 -0.024923 0.714459 218 216 203
-0.050258 -0.023421 0.712991 218 216 203
-0.048762 -0.021939 0.711438 218 216 203
-0.047195 -0.020422 0.710032 218 216 203
-0.045834 -0.019007 0.708209 218 216 203
-0.044334 -0.017524 0.706670 219 214 202
-0.042909 -0.016079 0.704984 217 212 200
-0.041388 -0.014586 0.703490 216 211 199
-0.039723 -0.013021 0.702278 218 213 201
-0.037902 -0.011377 0.701366 216 211 199
-0.036157 -0.009771 0.700297 215 210 196
-0.034257 -0.008085 0.699520 214 209 195
-0.032503 -0.006471 0.698456 213 208 194
-0.030578 -0.004769 0.697708 213 208 194
-0.028883 -0.003183 0.696519 213 208 196
-0.026968 -0.001483 0.695735 214 209 197
-0.025190 0.000147 0.694687 214 209 197
-0.022990 0.001999 0.694404 212 207 195
-0.021028 0.003728 0.693671 211 206 194
-0.018692 0.005657 0.693601 210 205 193
-0.016631 0.007444 0.693018 207 202 190
-0.014307 0.009372 0.692889 203 198 186
-0.012023 0.011282 0.692669 193 188 176
0.020913 0.034015 0.718877 146 102 85
0.023008 0.035879 0.717997 146 102 85
0.024957 0.037663 0.716866 145 101 84
0.027230 0.039628 0.716258 145 101 83
0.029662 0.041684 0.715892 144 100 81
0.031980 0.043678 0.715326 145 99 81
0.034295 0.045674 0.714740 145 99 81
0.036779 0.047767 0.714409 145 99 81
0.039352 0.049912 0.714197 144 98 80
0.042056 0.052135 0.714173 144 98 80
0.044789 0.054378 0.714169 144 98 80
0.047684 0.056717 0.714392 142 97 80
0.050518 0.059026 0.714497 141 97 80
0.053505 0.061426 0.714809 138 97 79
0.056566 0.063873 0.715204 139 98 82
0.059591 0.066304 0.715517 138 96 83
0.062668 0.068769 0.715880 137 97 83
0.065777 0.071257 0.716261 136 96 82
0.068826 0.073716 0.716527 135 95 81
0.072099 0.076309 0.717091 134 95 81
0.075529 0.079000 0.717852 129 95 79
0.079138 0.081800 0.718833 135 97 80
0.082937 0.084718 0.720048 148 108 94
0.086802 0.087682 0.721317 135 93 81
0.091035 0.090870 0.723059 134 92 79
0.095285 0.094076 0.724779 139 93 78
0.109498 0.104613 0.731646 143 97 83
0.115046 0.108630 0.734922 141 94 82
-0.062553 -0.031877 0.723810 233 231 220
-0.060902 -0.030320 0.722586 217 215 203
-0.059568 -0.028915 0.720674 218 216 203
-0.058464 -0.027622 0.718276 218 216 203
-0.057042 -0.026177 0.716569 218 216 203
-0.055711 -0.024777 0.714676 218 216 203
-0.054169 -0.023275 0.713228 218 216 203
-0.052584 -0.021752 0.711872 218 216 203
-0.051141 -0.020298 0.710222 218 216 203
-0.049614 -0.018804 0.708746 219 217 204
-0.048173 -0.017353 0.707096 218 216 203
-0.046647 -0.015859 0.705622 217 215 202
-0.045245 -0.014428 0.703899 216 214 201
-0.043802 -0.012977 0.702263 217 212 200
-0.042150 -0.011420 0.701040 217 212 200
-0.040380 -0.009802 0.700044 214 209 197
-0.038649 -0.008203 0.698966 216 211 198
-0.036842 -0.006563 0.698028 216 211 199
-0.035021 -0.004915 0.697107 214 209 195
-0.033110 -0.003219 0.696350 212 207 193
-0.031329 -0.001589 0.695338 214 209 197
-0.029416 0.000111 0.694566 214 209 197
-0.027435 0.001849 0.693908 215 210 198
-0.025210 0.003719 0.693688 213 208 196
-0.023117 0.005520 0.693207 212 207 195
-0.020851 0.007417 0.693023 212 207 195
-0.018587 0.009316 0.692818 207 202 190
-0.016212 0.011278 0.692791 199 193 182
0.018288 0.035015 0.722211 145 101 84
0.020903 0.037172 0.722201 145 101 84
0.023095 0.039097 0.721465 146 100 84
0.025031 0.040880 0.720293 145 101 84
0.027284 0.042842 0.719636 146 100 84
0.029644 0.044867 0.719138 144 100 81
0.031919 0.046846 0.718489 145 99 81
0.034313 0.048895 0.718015 145 99 81
0.036833 0.051018 0.717727 145 99 81
0.039430 0.053188 0.717541 144 98 80
0.042107 0.055408 0.717461 144 98 80
0.044868 0.057679 0.717491 144 98 80
0.047688 0.059988 0.717587 143 97 81
0.050571 0.062337 0.717756 141 97 80
0.053523 0.064731 0.718005 139 98 80
0.056591 0.067196 0.718402 139 98 82
0.059627 0.069648 0.718724 139 97 83
0.062675 0.072110 0.719034 137 96 83
0.065808 0.074627 0.719443 134 94 80
0.068885 0.077116 0.719741 134 94 80
0.072239 0.079773 0.720415 133 98 81
0.075740 0.082522 0.721271 147 107 89
0.079455 0.085404 0.722399 134 97 80
0.083177 0.088296 0.723497 130 93 78
0.087216 0.091384 0.725007 133 93 80
0.091445 0.094594 0.726740 134 93 80
0.095823 0.097900 0.728634 140 95 80
-0.064193 -0.029868 0.724108 208 206 195
-0.062641 -0.028359 0.722669 216 216 204
-0.061321 -0.026963 0.720726 218 216 203
-0.060264 -0.025698 0.718224 218 216 203
-0.059009 -0.024338 0.716162 218 216 203
-0.057752 -0.022978 0.714116 218 216 203
-0.056362 -0.021553 0.712356 218 216 203
-0.054750 -0.020017 0.711067 219 217 204
-0.053325 -0.018576 0.709388 219 217 204
-0.051730 -0.017048 0.708063 219 217 204
-0.050247 -0.015578 0.706506 218 216 203
-0.048667 -0.014058 0.705148 217 215 202
-0.047277 -0.012636 0.703407 217 214 202
-0.045821 -0.011180 0.701802 216 214 201
-0.044271 -0.009676 0.700387 218 213 201
-0.042507 -0.008060 0.699390 218 213 201
-0.040811 -0.006479 0.698253 218 213 201
-0.038971 -0.004821 0.697390 217 212 200
-0.037271 -0.003236 0.696250 217 212 200
-0.035314 -0.001513 0.695595 215 210 198
-0.033573 0.000096 0.694519 216 211 199
-0.031582 0.001840 0.693907 215 210 198
-0.029652 0.003553 0.693168 215 210 198
-0.027271 0.005512 0.693251 214 209 197
-0.025166 0.007325 0.692805 213 208 196
-0.022715 0.009328 0.692972 210 205 193
-0.020534 0.011187 0.692626 202 200 187
0.020726 0.040265 0.725276 145 101 84
0.022985 0.042235 0.724636 145 101 84
0.024901 0.044012 0.723414 144 100 83
0.027140 0.045974 0.722719 144 100 83
0.029426 0.047965 0.722088 144 100 81
0.031764 0.049988 0.721527 144 100 81
0.034122 0.052025 0.720983 144 100 81
0.036700 0.054192 0.720777 144 100 81
0.039265 0.056354 0.720530 143 99 80
0.041996 0.058617 0.720526 143 98 81
0.044689 0.060860 0.720439 143 98 81
0.047603 0.063236 0.720673 142 98 81
0.050438 0.065571 0.720759 141 97 80
0.053455 0.068015 0.721099 141 97 80
0.056495 0.070479 0.721446 138 97 81
0.059514 0.072934 0.721733 138 97 81
0.062635 0.075454 0.722147 134 95 81
0.065775 0.077989 0.722557 131 92 78
0.068922 0.080534 0.722951 156 118 97
0.072293 0.083217 0.723643 140 105 86
0.075903 0.086049 0.724652 132 98 81
0.079627 0.088956 0.725787 130 96 80
0.083457 0.091933 0.727035 130 96 80
0.087528 0.095062 0.728585 133 96 83
0.091892 0.098376 0.730505 144 104 90
-0.063094 -0.025025 0.720730 210 209 198
-0.062002 -0.023748 0.718299 216 214 203
-0.060733 -0.022384 0.716267 217 215 203
-0.059701 -0.021141 0.713738 218 216 203
-0.058337 -0.019732 0.711929 218 216 203
-0.056853 -0.018262 0.710380 219 217 204
-0.055458 -0.016839 0.708645 218 216 203
-0.053902 -0.015333 0.707249 218 216 203
-0.052424 -0.013867 0.705691 219 217 204
-0.050890 -0.012372 0.704249 220 218 205
-0.049514 -0.010960 0.702489 219 216 203
-0.048055 -0.009506 0.700899 217 215 202
-0.046466 -0.007982 0.699573 218 214 201
-0.044787 -0.006411 0.698420 217 213 201
-0.043058 -0.004812 0.697362 217 213 201
-0.041196 -0.003141 0.696554 217 212 200
-0.039504 -0.001560 0.695411 216 212 199
-0.037615 0.000129 0.694640 216 211 199
-0.035819 0.001768 0.693682 215 210 198
-0.033823 0.003518 0.693094 214 209 197
-0.031821 0.005272 0.692502 214 209 197
-0.029528 0.007189 0.692439 213 208 196
-0.027267 0.009092 0.692295 209 204 192
-0.024997 0.011002 0.692149 207 201 189
-0.022621 0.012974 0.692174 197 192 181
0.018757 0.041676 0.729814 145 101 84
0.020757 0.043505 0.728731 145 101 84
0.022888 0.045409 0.727860 145 101 84
0.024798 0.047188 0.726610 144 100 83
0.026959 0.049113 0.725771 144 100 83
0.029238 0.051108 0.725114 145 101 84
0.031587 0.053146 0.724559 145 101 82
0.033966 0.055204 0.724037 144 100 81
0.036507 0.057360 0.723760 144 100 81
0.039054 0.059521 0.723473 142 98 79
0.041797 0.061802 0.723478 142 98 80
0.044537 0.064085 0.723456 142 98 81
0.047389 0.066437 0.723584 140 97 79
0.050317 0.068839 0.723806 140 96 78
0.053265 0.071257 0.724033 140 96 78
0.056363 0.073768 0.724462 139 97 79
0.059348 0.076216 0.724690 143 102 85
0.062488 0.078762 0.725124 150 111 94
0.065733 0.081376 0.725688 134 99 82
0.069013 0.084016 0.726270 130 96 81
0.072504 0.086789 0.727133 132 99 83
0.076195 0.089688 0.728252 129 97 81
0.080069 0.092706 0.729598 127 94 78
0.083889 0.095698 0.730824 133 99 84
0.088010 0.098880 0.732439 138 102 88
0.092432 0.102255 0.734438 132 94 80
0.096973 0.105711 0.736552 136 95 81
-0.063438 -0.021646 0.719032 203 198 190
-0.062217 -0.020309 0.716890 209 206 194
-0.061229 -0.019095 0.714255 213 211 198
-0.059985 -0.017750 0.712188 218 213 203
-0.058500 -0.016280 0.710642 218 216 203
-0.057186 -0.014901 0.708736 218 216 203
-0.055674 -0.013418 0.707250 220 218 205
-0.054240 -0.011976 0.705606 222 220 207
-0.052783 -0.010524 0.704010 222 220 207
-0.051366 -0.009092 0.702337 221 219 206
-0.049885 -0.007627 0.700796 220 218 205
-0.048261 -0.006085 0.699543 218 216 203
-0.046606 -0.004525 0.698349 218 216 203
-0.044907 -0.002941 0.697237 216 214 201
-0.042989 -0.001237 0.696548 216 214 201
-0.041317 0.000333 0.695370 215 213 200
-0.039457 0.002009 0.694552 213 211 198
-0.037631 0.003667 0.693657 214 209 197
-0.035555 0.005465 0.693229 214 209 197
-0.033680 0.007153 0.692407 212 207 195
-0.031376 0.009082 0.692376 210 205 193
-0.029217 0.010933 0.692056 203 198 186
-0.026681 0.013000 0.692411 198 193 181
0.018479 0.044762 0.732792 144 100 83
0.020505 0.046611 0.731738 144 100 83
0.022613 0.048509 0.730815 144 100 83
0.024543 0.050304 0.729581 144 100 83
0.026720 0.052245 0.728754 144 100 83
0.028964 0.054228 0.728027 144 100 83
0.031349 0.056295 0.727519 145 101 82
0.033722 0.058359 0.726976 144 100 81
0.036346 0.060574 0.726822 144 100 81
0.038851 0.062720 0.726456 143 99 80
0.041574 0.065001 0.726420 143 99 80
0.044324 0.067301 0.726404 142 98 79
0.047265 0.069719 0.726665 129 88 69
0.050112 0.072086 0.726753 136 92 73
0.053138 0.074563 0.727091 152 108 89
0.056189 0.077061 0.727441 160 116 97
0.059254 0.079571 0.727784 139 99 82
0.062372 0.082118 0.728177 135 95 80
0.065686 0.084789 0.728837 129 93 78
0.069010 0.087472 0.729478 130 96 81
0.072607 0.090327 0.730492 130 97 82
0.076409 0.093315 0.731770 128 96 80
0.080316 0.096374 0.733158 140 108 92
0.084268 0.099468 0.734570 129 97 82
0.088384 0.102670 0.736173 126 94 79
0.092856 0.106101 0.738240 128 98 84
0.097446 0.109613 0.740419 135 98 84
-0.061179 -0.015528 0.713419 207 202 190
-0.059646 -0.014032 0.711967 210 205 193
-0.058257 -0.012614 0.710211 214 211 199
-0.056748 -0.011132 0.708711 219 217 206
-0.055320 -0.009694 0.707044 222 220 209
-0.053797 -0.008204 0.705576 231 229 216
-0.052411 -0.006790 0.703828 229 227 214
-0.051027 -0.005377 0.702081 232 230 217
-0.049458 -0.003863 0.700711 225 223 210
-0.047960 -0.002389 0.699199 221 219 206
-0.046239 -0.000791 0.698129 216 214 201
-0.044353 0.000900 0.697380 214 212 199
-0.042626 0.002504 0.696307 214 212 199
-0.040756 0.004188 0.695508 212 210 197
-0.038827 0.005907 0.694811 212 207 195
-0.036861 0.007649 0.694172 211 206 195
-0.034897 0.009391 0.693519 206 201 191
-0.032868 0.011172 0.692975 199 197 186
0.015909 0.045866 0.736400 142 98 83
0.017996 0.047755 0.735447 144 100 83
0.020068 0.049636 0.734457 144 100 83
0.022206 0.051558 0.733572 144 100 83
0.024117 0.053345 0.732291 142 98 81
0.026340 0.055321 0.731531 144 100 82
0.028532 0.057279 0.730705 143 99 80
0.030948 0.059374 0.730237 145 101 82
0.033349 0.061462 0.729728 146 102 83
0.035939 0.063667 0.729512 144 100 81
0.038441 0.065822 0.729133 136 92 73
0.041231 0.068154 0.729196 139 95 76
0.043993 0.070472 0.729191 156 112 93
0.046894 0.072880 0.729383 162 122 100
0.049802 0.075295 0.729559 147 103 86
0.052788 0.077762 0.729830 143 99 82
0.055837 0.080272 0.730171 139 98 80
0.058960 0.082832 0.730597 136 97 84
0.062184 0.085458 0.731147 135 96 83
0.065492 0.088142 0.731793 132 96 81
0.068956 0.090928 0.732640 123 91 76
0.072680 0.093881 0.733838 136 104 88
0.076585 0.096953 0.735264 134 102 86
0.080566 0.100080 0.736757 126 96 80
0.084537 0.103206 0.738190 127 97 83
0.088730 0.106480 0.739901 129 99 85
0.093176 0.109919 0.741925 132 101 87
0.097748 0.113447 0.744079 133 98 85
-0.062230 -0.013221 0.714971 187 178 169
-0.060829 -0.011796 0.713225 194 187 177
-0.059519 -0.010422 0.711292 198 192 182
-0.058022 -0.008945 0.709762 202 196 186
-0.056687 -0.007559 0.707893 205 200 190
-0.055198 -0.006088 0.706352 208 204 193
-0.053783 -0.004659 0.704658 210 206 195
-0.052344 -0.003216 0.703018 213 209 198
-0.050801 -0.001716 0.701593 211 206 196
-0.049233 -0.000202 0.700217 210 205 195
-0.047540 0.001383 0.699090 209 206 195
-0.045577 0.003121 0.698493 208 204 194
-0.043892 0.004703 0.697335 206 201 191
-0.041943 0.006437 0.696688 204 200 189
-0.040106 0.008108 0.695813 202 195 185
-0.037997 0.009937 0.695450 197 192 182
0.015422 0.048873 0.739085 141 97 83
0.017477 0.050748 0.738062 143 99 82
0.019685 0.052717 0.737294 145 101 84
0.021822 0.054645 0.736394 144 100 83
0.023799 0.056477 0.735211 141 97 80
0.026048 0.058475 0.734480 138 95 77
0.028327 0.060493 0.733786 136 95 74
0.030730 0.062589 0.733284 136 92 73
0.033162 0.064705 0.732815 142 99 79
0.035757 0.066923 0.732594 161 117 98
0.038300 0.069113 0.732269 157 113 94
0.041063 0.071441 0.732281 148 104 85
0.043805 0.073758 0.732233 140 98 78
0.046707 0.076179 0.732418 143 100 80
0.049620 0.078611 0.732593 141 97 79
0.052645 0.081116 0.732918 142 98 80
0.055713 0.083651 0.733280 138 99 81
0.058917 0.086276 0.733824 135 98 82
0.062158 0.088929 0.734393 134 97 79
0.065608 0.091718 0.735246 139 105 84
0.069124 0.094555 0.736165 138 106 90
0.072844 0.097525 0.737351 131 100 85
0.076797 0.100648 0.738842 129 98 82
0.080787 0.103803 0.740345 126 97 82
0.084903 0.107043 0.741984 126 96 81
0.089100 0.110343 0.743696 133 103 88
0.093580 0.113829 0.745767 130 102 88
0.098104 0.117353 0.747848 127 99 90
0.012724 0.049930 0.742542 132 90 77
0.014740 0.051786 0.741450 138 94 79
0.016833 0.053689 0.740483 140 96 81
0.019040 0.055664 0.739706 142 98 81
0.021195 0.057608 0.738826 145 101 84
0.023267 0.059503 0.737792 153 110 92
0.025606 0.061563 0.737202 166 124 96
0.027910 0.063605 0.736540 163 124 97
0.030350 0.065732 0.736090 152 110 89
0.032863 0.067907 0.735744 143 100 81
0.035446 0.070129 0.735495 142 99 80
0.038005 0.072337 0.735185 140 99 79
0.040753 0.074667 0.735163 141 100 80
0.043407 0.076942 0.734966 141 100 80
0.046292 0.079364 0.735116 141 101 79
0.049157 0.081778 0.735210 142 98 79
0.052196 0.084305 0.735551 141 97 78
0.055330 0.086896 0.736013 135 95 77
0.058525 0.089531 0.736539 142 104 87
0.061977 0.092333 0.737428 145 108 89
0.065485 0.095176 0.738367 133 99 79
0.068989 0.098022 0.739262 130 97 80
0.072729 0.101024 0.740475 129 98 82
0.076751 0.104214 0.742068 128 97 85
0.080837 0.107452 0.743711 133 103 88
0.085120 0.110822 0.745595 131 101 87
0.089445 0.114228 0.747490 129 99 86
0.093945 0.117754 0.749587 128 102 88
0.098573 0.121371 0.751815 125 100 91
0.009805 0.050863 0.745641 135 98 83
0.011985 0.052823 0.744841 148 106 88
0.014158 0.054780 0.744014 149 105 90
0.016315 0.056729 0.743148 151 107 89
0.018596 0.058756 0.742488 148 104 85
0.020814 0.060746 0.741704 146 102 83
0.022917 0.062666 0.740710 142 98 79
0.025250 0.064731 0.740098 142 98 79
0.027574 0.066792 0.739458 141 102 81
0.030060 0.068957 0.739073 142 101 81
0.032546 0.071125 0.738671 141 100 80
0.035160 0.073376 0.738463 140 99 79
0.037762 0.075622 0.738213 139 100 81
0.040536 0.077980 0.738223 139 99 79
0.043173 0.080254 0.737988 140 99 79
0.046095 0.082713 0.738190 139 95 76
0.048956 0.085136 0.738267 136 92 73
0.052024 0.087696 0.738648 159 115 97
0.055182 0.090318 0.739140 151 112 94
0.058426 0.092999 0.739734 138 100 83
0.061949 0.095864 0.740728 137 101 83
0.065497 0.098751 0.741722 134 99 81
0.069039 0.101640 0.742669 131 98 81
0.072861 0.104715 0.744001 130 98 83
0.077054 0.108039 0.745849 135 103 89
0.081165 0.111315 0.747523 130 98 85
0.089948 0.118256 0.751551 126 101 89
0.094532 0.121863 0.753766 124 99 88
0.007655 0.052284 0.750169 130 91 77
0.009575 0.054088 0.748891 133 93 79
0.011578 0.055944 0.747756 138 97 80
0.013614 0.057822 0.746672 139 98 80
0.015790 0.059788 0.745828 142 99 80
0.018119 0.061853 0.745241 145 102 82
0.020398 0.063888 0.744550 143 102 82
0.022565 0.065854 0.743652 142 101 81
0.024971 0.067974 0.743155 142 101 81
0.027318 0.070057 0.742538 140 101 80
0.029815 0.072239 0.742160 142 99 80
0.032300 0.074416 0.741745 142 99 80
0.034943 0.076696 0.741573 140 99 79
0.037569 0.078968 0.741352 138 97 77
0.040272 0.081292 0.741235 139 98 78
0.042902 0.083572 0.740978 149 108 88
0.045853 0.086062 0.741219 156 112 93
0.048818 0.088566 0.741455 140 96 79
0.051908 0.091154 0.741862 140 96 79
0.055066 0.093791 0.742346 138 97 82
0.058372 0.096528 0.743031 137 97 83
0.061949 0.099447 0.744104 137 97 82
0.065576 0.102404 0.745214 136 98 81
0.069117 0.105310 0.746152 146 107 92
0.072980 0.108433 0.747541 136 102 86
0.077282 0.111853 0.749551 131 99 84
0.081581 0.115277 0.751503 127 98 83
0.005122 0.053485 0.754055 129 89 75
0.007099 0.055327 0.752872 132 92 78
0.009083 0.057176 0.751695 134 94 80
0.011124 0.059060 0.750613 136 97 80
0.013192 0.060964 0.749573 139 98 80
0.015384 0.062948 0.748744 143 100 81
0.017726 0.065029 0.748167 144 101 82
0.019999 0.067068 0.747454 143 102 82
0.022239 0.069087 0.746669 142 101 81
0.024599 0.071185 0.746079 141 100 80
0.026966 0.073290 0.745485 138 97 77
0.029486 0.075496 0.745136 140 98 78
0.031983 0.077690 0.744729 146 104 84
0.034628 0.079981 0.744550 150 109 89
0.037261 0.082268 0.744329 148 107 87
0.040052 0.084661 0.744349 142 101 81
0.042747 0.086994 0.744188 136 95 75
0.045685 0.089490 0.744398 141 97 78
0.048669 0.092019 0.744655 140 96 79
0.051727 0.094600 0.745002 140 96 80
0.054914 0.097271 0.745525 139 96 82
0.058273 0.100059 0.746287 129 87 74
0.061941 0.103058 0.747498 147 104 88
0.065537 0.106013 0.748554 144 103 87
0.069262 0.109060 0.749769 134 98 81
0.073223 0.112270 0.751305 131 98 83
0.077693 0.115826 0.753566 130 98 83
0.003188 0.055084 0.759112 126 87 76
0.004865 0.056739 0.757355 130 90 76
0.006791 0.058554 0.756059 131 91 78
0.008627 0.060312 0.754593 133 93 79
0.010598 0.062157 0.753370 135 95 80
0.012767 0.064132 0.752498 138 97 79
0.014944 0.066112 0.751627 131 90 72
0.017302 0.068212 0.751068 126 85 67
0.019605 0.070277 0.750393 142 101 81
0.021955 0.072375 0.749788 153 112 92
0.024359 0.074511 0.749261 155 114 94
0.026809 0.076678 0.748796 156 115 97
0.029274 0.078858 0.748339 146 105 85
0.031811 0.081087 0.747985 143 102 82
0.034488 0.083411 0.747849 141 100 80
0.037120 0.085708 0.747615 140 99 79
0.039977 0.088156 0.747733 138 97 77
0.042727 0.090537 0.747648 139 96 77
0.045705 0.093073 0.747913 141 95 77
0.048704 0.095626 0.748184 141 95 79
0.051800 0.098247 0.748580 139 93 78
0.054887 0.100866 0.748933 148 103 91
0.058239 0.103667 0.749677 148 103 91
0.061953 0.106716 0.750955 142 98 83
0.073577 0.116220 0.755273 134 98 85
0.078174 0.119890 0.757727 131 99 86
0.002838 0.058307 0.762294 126 87 75
0.004568 0.059998 0.760614 133 93 80
0.006395 0.061754 0.759115 137 97 84
0.008264 0.063536 0.757691 143 103 89
0.010245 0.065392 0.756468 143 104 87
0.012400 0.067363 0.755555 148 107 91
0.014576 0.069350 0.754668 150 107 90
0.016933 0.071457 0.754094 149 105 86
0.019242 0.073534 0.753418 145 101 82
0.021616 0.075657 0.752841 143 103 81
0.024014 0.077796 0.752290 141 100 82
0.026456 0.079967 0.751799 139 98 80
0.029027 0.082226 0.751512 141 100 80
0.031540 0.084449 0.751106 142 102 80
0.034220 0.086786 0.750963 141 100 80
0.036867 0.089104 0.750744 140 99 79
0.039699 0.091548 0.750811 140 97 78
0.042453 0.093942 0.750722 137 92 73
0.045474 0.096521 0.751050 146 100 84
0.048494 0.099102 0.751346 153 107 91
0.051582 0.101732 0.751723 149 103 87
0.054734 0.104409 0.752172 143 97 81
0.058137 0.107261 0.752990 141 95 81
0.061933 0.110386 0.754393 141 95 81
0.065750 0.113531 0.755786 141 95 81
0.069734 0.116795 0.757392 137 96 80
0.073823 0.120137 0.759113 136 97 84
0.078369 0.123799 0.761487 132 99 86
0.082520 0.127196 0.763197 131 99 86
-0.037114 0.018077 0.846759 159 120 107
-0.036413 0.019182 0.842302 161 120 106
-0.000652 0.058381 0.769528 129 89 76
0.000987 0.060016 0.767647 130 90 77
0.002757 0.061736 0.766017 132 92 80
0.004333 0.063329 0.764022 134 94 80
0.006119 0.065060 0.762425 134 94 81
0.007950 0.066821 0.760911 136 96 83
0.009948 0.068693 0.759701 139 99 83
0.012054 0.070638 0.758681 141 100 84
0.014224 0.072627 0.757769 143 99 82
0.016540 0.074715 0.757107 144 100 81
0.018877 0.076819 0.756468 144 100 81
0.021309 0.078988 0.755980 142 100 79
0.023716 0.081142 0.755433 140 98 79
0.026209 0.083356 0.755016 139 98 78
0.028733 0.085594 0.754637 143 99 80
0.031324 0.087879 0.754352 143 100 80
0.033984 0.090213 0.754163 133 90 70
0.036712 0.092597 0.754068 143 100 81
0.039555 0.095060 0.754142 157 112 94
0.042420 0.097543 0.754227 156 110 92
0.045425 0.100124 0.754516 143 96 80
0.048405 0.102691 0.754736 144 97 81
0.051460 0.105314 0.755050 144 97 82
0.054720 0.108080 0.755665 144 96 82
0.058232 0.111025 0.756651 142 95 81
0.061987 0.114142 0.757984 142 95 81
0.065902 0.117376 0.759525 143 95 81
0.069987 0.120732 0.761284 139 95 80
0.074049 0.124079 0.762957 137 96 83
0.078528 0.127722 0.765227 138 99 87
-0.036833 0.022487 0.846316 160 120 105
-0.002811 0.059913 0.774398 132 90 78
-0.001055 0.061627 0.772720 131 91 78
0.004119 0.066706 0.767507 134 94 80
0.005869 0.068415 0.765819 135 95 81
0.007749 0.070212 0.764375 137 97 83
0.009682 0.072045 0.763024 139 99 84
0.011793 0.073999 0.761995 140 99 83
0.013923 0.075968 0.760992 143 99 82
0.016246 0.078069 0.760330 144 100 81
0.018514 0.080133 0.759551 143 99 80
0.021004 0.082350 0.759153 142 98 79
0.023403 0.084508 0.758578 141 98 79
0.025919 0.086747 0.758191 140 96 77
0.028485 0.089023 0.757871 149 105 86
0.031094 0.091330 0.757604 159 116 96
0.033823 0.093723 0.757521 153 110 89
0.036566 0.096128 0.757441 144 103 83
0.039454 0.098636 0.757579 142 98 79
0.042282 0.101105 0.757590 143 97 79
0.045280 0.103695 0.757858 145 97 80
0.048263 0.106278 0.758073 145 97 81
0.051455 0.109010 0.758600 145 97 83
-0.038012 0.024707 0.854793 160 119 107
-0.034148 0.030307 0.833341 159 116 99
-0.031903 0.032964 0.826675 154 115 98
-0.030597 0.034405 0.823803 153 115 98
-0.029161 0.035929 0.821249 151 113 96
-0.027690 0.037473 0.818785 150 110 94
-0.026137 0.039069 0.816518 149 108 92
-0.024684 0.040600 0.814039 149 105 90
-0.021819 0.043629 0.809029 146 102 85
-0.020502 0.045067 0.806294 145 101 84
-0.019151 0.046525 0.803649 145 101 84
-0.017803 0.047979 0.801015 144 100 84
-0.016459 0.049429 0.798386 138 97 82
-0.015335 0.050732 0.795311 138 97 81
-0.004762 0.061611 0.779759 136 91 79
-0.003019 0.063318 0.778028 137 92 80
-0.001307 0.065006 0.776240 135 93 80
0.000315 0.066630 0.774277 135 95 81
0.002125 0.068383 0.772682 135 95 81
0.003810 0.070050 0.770845 135 95 81
0.005641 0.071818 0.769290 133 93 79
0.007522 0.073619 0.767825 139 99 85
0.009516 0.075498 0.766568 135 95 81
0.011679 0.077494 0.765616 138 97 81
0.013778 0.079446 0.764535 142 97 80
0.016009 0.081492 0.763687 147 103 84
0.018286 0.083570 0.762909 152 108 89
0.020618 0.085687 0.762215 160 116 99
0.023050 0.087876 0.761684 159 115 98
0.025570 0.090127 0.761291 147 103 86
0.028134 0.092412 0.760956 144 100 81
0.030874 0.094821 0.760906 145 101 82
0.033628 0.097242 0.760855 144 100 81
0.036444 0.099710 0.760887 142 98 79
0.039358 0.102249 0.761058 142 98 79
0.042147 0.104703 0.760990 144 98 81
0.045200 0.107345 0.761340 145 97 80
0.048284 0.110013 0.761712 145 97 81
0.051641 0.112877 0.762501 145 97 83
-0.034615 0.033613 0.837152 161 118 101
-0.032463 0.036198 0.830193 155 116 98
-0.031179 0.037621 0.827238 154 116 99
-0.029810 0.039099 0.824498 152 114 97
-0.028409 0.040596 0.821848 151 111 93
-0.026866 0.042184 0.819532 151 108 91
-0.025515 0.043645 0.816799 151 105 90
-0.024117 0.045135 0.814188 150 104 88
-0.022755 0.046601 0.811513 148 102 86
-0.021249 0.048160 0.809167 146 102 85
-0.019960 0.049573 0.806363 145 100 83
-0.018595 0.051035 0.803739 144 100 84
-0.017304 0.052446 0.800973 143 99 83
-0.015993 0.053870 0.798269 142 98 82
-0.005112 0.064951 0.783171 139 94 82
-0.003299 0.066709 0.781557 139 94 82
-0.001629 0.068368 0.779660 138 97 84
0.003557 0.073466 0.774329 142 102 88
0.005401 0.075245 0.772773 142 102 88
0.007313 0.077071 0.771345 144 104 90
0.009274 0.078932 0.770006 147 107 93
0.011461 0.080951 0.769080 146 103 86
0.013513 0.082876 0.767894 148 104 87
0.015760 0.084939 0.767057 145 101 82
0.017975 0.086981 0.766150 146 102 84
0.020321 0.089116 0.765467 145 101 84
0.022746 0.091308 0.764909 144 99 81
0.025289 0.093585 0.764544 144 100 82
0.027886 0.095902 0.764253 145 101 82
0.030591 0.098299 0.764131 144 100 81
0.033384 0.100759 0.764137 143 99 80
0.039145 0.105813 0.764371 142 97 79
0.041986 0.108316 0.764381 144 97 79
0.045086 0.111006 0.764800 146 97 81
-0.038790 0.031555 0.863327 165 122 109
-0.037553 0.033566 0.853655 163 120 105
-0.033942 0.038281 0.837624 156 117 98
-0.032822 0.039595 0.834221 157 118 99
-0.031574 0.040992 0.831145 155 117 100
-0.030148 0.042504 0.828501 153 115 98
-0.028810 0.043957 0.825672 153 111 93
-0.027360 0.045483 0.823114 153 108 90
-0.026005 0.046943 0.820359 152 106 90
-0.024803 0.048299 0.817278 150 104 88
-0.023403 0.049787 0.814659 148 102 86
-0.021975 0.051292 0.812116 146 102 85
-0.020649 0.052726 0.809365 146 102 85
-0.019492 0.054044 0.806267 144 100 83
-0.018185 0.055462 0.803513 144 100 84
-0.016985 0.056805 0.800548 143 99 84
-0.015469 0.058362 0.798268 143 99 84
-0.014043 0.059858 0.795812 141 97 83
-0.012386 0.061510 0.793845 141 96 84
-0.010921 0.063030 0.791489 140 96 82
-0.009135 0.064771 0.789798 140 96 81
-0.007544 0.066377 0.787713 140 96 81
-0.003945 0.069878 0.784394 140 97 85
-0.002119 0.071646 0.782784 138 98 84
-0.000461 0.073298 0.780847 139 99 85
0.001398 0.075090 0.779303 138 98 84
0.003129 0.076792 0.777510 137 97 83
0.005015 0.078602 0.776015 138 98 84
0.006994 0.080479 0.774694 141 101 87
0.009000 0.082375 0.773418 141 101 87
0.011169 0.084388 0.772440 144 100 86
0.013304 0.086377 0.771390 146 100 83
0.015495 0.088407 0.770432 146 100 83
0.017729 0.090469 0.769542 145 101 84
0.020053 0.092596 0.768802 145 99 82
0.022497 0.094811 0.768264 145 99 81
0.025050 0.097105 0.767903 146 100 82
0.027718 0.099483 0.767725 146 100 82
0.030395 0.101870 0.767539 145 100 82
0.033218 0.104365 0.767587 143 99 80
0.036100 0.106904 0.767708 145 98 80
0.039107 0.109536 0.768018 144 97 79
0.042064 0.112135 0.768211 146 98 80
0.045262 0.114912 0.768783 146 96 81
0.048578 0.117777 0.769519 147 97 82
0.052119 0.120809 0.770593 147 97 82
0.055595 0.123799 0.771519 146 96 82
0.059144 0.126844 0.772522 145 95 82
0.063128 0.130212 0.774196 144 94 81
0.067295 0.133719 0.776113 145 95 82
-0.034325 0.041706 0.841688 156 118 99
-0.033222 0.043002 0.838205 157 118 99
-0.032020 0.044363 0.834979 156 118 99
-0.030681 0.045814 0.832100 153 115 96
-0.029434 0.047201 0.829028 152 113 95
-0.028045 0.048683 0.826303 151 108 94
-0.026790 0.050072 0.823291 152 107 93
-0.025571 0.051434 0.820220 148 104 89
-0.024253 0.052862 0.817391 144 102 86
-0.022757 0.054411 0.814974 143 99 82
-0.021485 0.055804 0.812078 142 99 83
-0.020181 0.057218 0.809272 143 102 86
-0.018914 0.058604 0.806404 142 101 85
-0.017607 0.060017 0.803641 144 100 85
-0.016169 0.061519 0.801172 143 100 84
-0.014629 0.063091 0.798930 142 98 83
-0.013041 0.064695 0.796796 141 97 84
-0.011444 0.066307 0.794691 141 97 83
-0.009737 0.067993 0.792814 141 97 82
-0.007998 0.069703 0.791009 142 98 83
-0.006253 0.071417 0.789216 140 98 84
-0.004384 0.073219 0.787674 140 98 85
-0.002628 0.074940 0.785905 140 100 86
-0.000812 0.076704 0.784256 140 100 86
0.001025 0.078483 0.782646 140 100 86
0.002827 0.080237 0.780968 138 99 86
0.004723 0.082058 0.779471 138 98 84
0.006760 0.083980 0.778239 141 100 86
0.008731 0.085856 0.776877 141 99 86
0.010999 0.087946 0.776067 144 100 83
0.013055 0.089884 0.774849 147 100 84
0.015288 0.091951 0.773950 148 100 84
0.017528 0.094023 0.773052 145 99 81
0.019882 0.096180 0.772350 146 99 81
0.022315 0.098395 0.771775 148 100 82
0.024939 0.100750 0.771526 146 100 82
0.027589 0.103126 0.771301 146 100 82
0.030296 0.105546 0.771154 145 99 81
0.033120 0.108054 0.771190 145 100 81
0.036057 0.110646 0.771394 146 99 83
0.039078 0.113303 0.771715 146 96 80
0.042200 0.116036 0.772179 148 98 81
0.045439 0.118859 0.772809 147 97 82
0.048961 0.121893 0.773880 147 97 82
0.052473 0.124923 0.774893 147 97 82
0.056031 0.127991 0.775941 146 96 81
0.059658 0.131114 0.777061 145 95 81
-0.034685 0.045182 0.845856 157 119 100
-0.032545 0.047714 0.838676 154 119 99
-0.031318 0.049084 0.835499 153 115 96
-0.030164 0.050402 0.832178 145 109 100
-0.028904 0.051791 0.829127 136 104 94
-0.027681 0.053152 0.826012 130 99 93
-0.026570 0.054433 0.822670 110 81 75
-0.025239 0.055866 0.819847 98 73 68
-0.023899 0.057303 0.817062 107 84 73
-0.022531 0.058758 0.814359 128 99 87
-0.021215 0.060176 0.811556 133 98 86
-0.019779 0.061676 0.809031 135 96 81
-0.018489 0.063072 0.806207 140 96 80
-0.016959 0.064636 0.803913 137 94 79
-0.015487 0.066159 0.801506 138 95 82
-0.013794 0.067838 0.799573 140 97 81
-0.012261 0.069402 0.797313 140 96 81
-0.010440 0.071172 0.795656 144 99 85
-0.008789 0.072819 0.793649 142 97 83
-0.006962 0.074592 0.792005 140 100 86
-0.005218 0.076306 0.790193 141 101 87
-0.003339 0.078117 0.788655 141 101 88
-0.001583 0.079840 0.786868 140 100 87
0.000369 0.081703 0.785468 140 101 89
0.002211 0.083488 0.783851 139 100 87
0.004256 0.085420 0.782625 139 99 85
0.006285 0.087341 0.781359 140 100 86
0.008437 0.089352 0.780323 144 99 86
0.010714 0.091456 0.779514 146 100 84
0.012928 0.093513 0.778570 148 100 84
0.015168 0.095592 0.777665 148 100 84
0.017475 0.097721 0.776872 148 100 82
0.022363 0.102183 0.775741 148 100 84
0.025009 0.104565 0.775512 147 99 83
0.027708 0.106988 0.775358 147 99 83
0.030303 0.109337 0.774994 147 99 83
0.033211 0.111919 0.775163 147 99 83
0.036187 0.114554 0.775420 146 98 82
0.039343 0.117325 0.775962 147 97 82
0.042595 0.120171 0.776634 148 98 83
0.045950 0.123096 0.777445 149 97 83
0.049439 0.126125 0.778447 148 98 83
0.052910 0.129144 0.779376 147 95 81
0.056443 0.132213 0.780369 147 95 83
0.060514 0.135689 0.782214 146 96 82
-0.034825 0.048851 0.850607 157 119 100
-0.032944 0.051188 0.842715 155 120 102
-0.031810 0.052487 0.839278 145 110 93
-0.030815 0.053686 0.835547 66 46 50
-0.029623 0.055022 0.832306 65 55 54
-0.028460 0.056335 0.829025 60 50 51
-0.027311 0.057636 0.825734 64 54 57
-0.026065 0.059004 0.822692 75 62 68
-0.024623 0.060510 0.820108 73 65 66
-0.023300 0.061929 0.817275 71 61 64
-0.021877 0.063419 0.814681 74 61 65
-0.020496 0.064877 0.812011 80 56 52
-0.019054 0.066378 0.809488 97 74 72
-0.017625 0.067869 0.806952 113 91 88
-0.016101 0.069426 0.804628 117 94 88
-0.014511 0.071031 0.802455 123 92 80
-0.012853 0.072684 0.800435 131 95 81
-0.011153 0.074368 0.798505 131 95 82
-0.009320 0.076147 0.796851 132 94 81
-0.007638 0.077817 0.794892 133 95 81
-0.005830 0.079579 0.793190 140 102 88
-0.004042 0.081326 0.791448 141 101 88
-0.002136 0.083159 0.789942 141 101 88
-0.000211 0.085006 0.788472 140 101 88
0.001755 0.086884 0.787077 140 101 88
0.003812 0.088829 0.785855 140 100 86
0.005920 0.090813 0.784726 142 101 88
0.008041 0.092806 0.783610 145 100 87
0.010428 0.094997 0.782993 147 100 84
0.012628 0.097052 0.782006 148 100 84
0.014949 0.099197 0.781235 148 100 84
0.017336 0.101392 0.780572 148 100 82
0.019762 0.103618 0.779965 148 100 84
0.022315 0.105940 0.779572 148 100 84
0.025024 0.108380 0.779442 148 100 84
0.027719 0.110811 0.779263 148 98 83
0.030388 0.113226 0.779014 148 98 83
0.033281 0.115810 0.779140 148 98 83
0.036324 0.118509 0.779500 148 98 83
0.039481 0.121296 0.780030 148 96 82
0.042791 0.124203 0.780790 149 97 83
0.045949 0.126997 0.781250 149 97 83
0.049540 0.130121 0.782417 149 97 84
0.053101 0.133227 0.783488 150 96 82
-0.031280 0.057134 0.839395 86 70 73
-0.030322 0.058296 0.835568 77 64 66
-0.029120 0.059631 0.832343 71 58 61
-0.027831 0.061026 0.829341 75 62 66
-0.026564 0.062404 0.826310 74 61 66
-0.025205 0.063847 0.823509 68 57 61
-0.023762 0.065349 0.820912 74 63 67
-0.022365 0.066817 0.818229 75 64 68
-0.020873 0.068354 0.815772 75 64 68
-0.019530 0.069780 0.813001 85 72 75
-0.018002 0.071339 0.810645 71 66 64
-0.016604 0.072804 0.808025 67 60 59
-0.014916 0.074479 0.806032 50 37 39
-0.013316 0.076090 0.803861 66 54 54
-0.011565 0.077811 0.802012 66 53 52
-0.009808 0.079538 0.800180 63 47 45
-0.008055 0.081260 0.798339 95 71 67
-0.006276 0.083002 0.796556 135 98 87
-0.004363 0.084843 0.795043 140 100 87
-0.002556 0.086605 0.793315 140 100 87
-0.000494 0.088558 0.792096 140 100 87
0.001443 0.090418 0.790622 141 101 88
0.003612 0.092452 0.789600 142 100 88
0.005732 0.094449 0.788470 143 101 88
0.007953 0.096523 0.787527 145 100 87
0.010331 0.098716 0.786873 148 100 85
0.012635 0.100855 0.786061 148 100 84
0.015026 0.103060 0.785399 148 100 84
0.017480 0.105314 0.784839 148 100 82
0.019982 0.107606 0.784349 148 100 84
0.022532 0.109936 0.783931 148 100 84
0.025222 0.112373 0.783745 149 99 84
0.028010 0.114886 0.783715 148 98 83
0.030677 0.117311 0.783442 148 98 83
0.033677 0.119989 0.783739 148 98 83
0.036651 0.122651 0.783960 149 97 83
0.039808 0.125454 0.784471 148 96 82
0.043043 0.128320 0.785087 148 96 83
0.046156 0.131095 0.785452 149 97 83
-0.031099 0.061542 0.838687 185 189 176
-0.029943 0.062837 0.835323 127 117 113
-0.028593 0.064272 0.832431 79 65 68
-0.027385 0.065601 0.829235 67 54 59
-0.026004 0.067056 0.826457 36 24 28
-0.024686 0.068462 0.823552 38 28 31
-0.023162 0.070020 0.821129 83 74 71
-0.021743 0.071499 0.818483 40 29 33
-0.020235 0.073043 0.816048 38 27 30
-0.018767 0.074557 0.813538 53 45 45
-0.017305 0.076065 0.811029 68 57 59
-0.015719 0.077665 0.808798 67 54 60
-0.014034 0.079338 0.806786 66 54 59
-0.012335 0.081021 0.804808 68 58 61
-0.010531 0.082783 0.803053 56 45 49
-0.008897 0.084417 0.800946 46 36 37
-0.007008 0.086242 0.799371 46 34 34
-0.005133 0.088057 0.797764 80 60 52
-0.003162 0.089944 0.796350 131 92 83
-0.001140 0.091871 0.795034 139 101 89
0.000954 0.093853 0.793854 140 100 89
0.003123 0.095891 0.792813 140 101 90
0.005349 0.097974 0.791873 146 100 88
0.007565 0.100051 0.790904 146 100 86
0.010052 0.102335 0.790443 149 101 85
0.012408 0.104520 0.789712 148 100 84
0.014864 0.106783 0.789155 148 100 83
0.017399 0.109108 0.788729 149 101 83
0.019975 0.111466 0.788361 149 99 84
0.022549 0.113823 0.787965 149 99 83
0.025312 0.116328 0.787897 149 99 83
0.028201 0.118932 0.788034 148 98 83
0.030927 0.121411 0.787845 148 98 83
0.033863 0.124055 0.788010 148 98 81
0.036938 0.126809 0.788394 148 98 83
0.040150 0.129671 0.788988 150 97 83
0.043507 0.132647 0.789798 149 96 82
0.046648 0.135460 0.790195 148 96 82
-0.028298 0.068755 0.831982 55 42 47
-0.025380 0.071771 0.826741 39 28 31
-0.023958 0.073250 0.824061 31 24 21
-0.022362 0.074859 0.821783 41 30 34
-0.020848 0.076405 0.819334 107 95 98
-0.019304 0.077973 0.816963 43 27 26
-0.017851 0.079472 0.814405 39 26 28
-0.016254 0.081079 0.812171 90 79 81
-0.014597 0.082731 0.810074 38 26 28
-0.012835 0.084462 0.808205 71 60 63
-0.011150 0.086134 0.806175 65 52 58
-0.009322 0.087915 0.804449 65 53 57
-0.007498 0.089693 0.802715 71 62 63
-0.005591 0.091535 0.801154 44 37 40
-0.003683 0.093377 0.799588 52 37 38
-0.001534 0.095405 0.798509 131 93 92
0.000611 0.097430 0.797411 140 101 89
0.002909 0.099575 0.796608 140 101 90
0.005062 0.101608 0.795503 145 99 88
0.007512 0.103871 0.794969 147 101 87
0.010049 0.106203 0.794586 149 102 86
0.012580 0.108531 0.794170 149 101 85
0.015143 0.110886 0.793794 149 101 85
0.017729 0.113260 0.793440 148 100 84
0.020348 0.115662 0.793126 149 99 84
0.023022 0.118108 0.792894 149 100 84
0.025868 0.120689 0.792954 149 99 83
0.028836 0.123368 0.793212 148 98 83
0.031640 0.125920 0.793139 148 98 83
0.034648 0.128634 0.793408 148 98 83
-0.027349 0.073745 0.833031 38 25 30
-0.025901 0.075242 0.830362 48 37 41
-0.024451 0.076738 0.827711 44 35 38
-0.023068 0.078183 0.824929 45 35 38
-0.021549 0.079730 0.822463 42 31 35
-0.019998 0.081302 0.820082 46 36 40
-0.018424 0.082890 0.817761 42 34 37
-0.016909 0.084432 0.815322 34 23 27
-0.015152 0.086160 0.813413 33 22 26
-0.013459 0.087839 0.811373 23 14 17
-0.011662 0.089597 0.809557 63 49 58
-0.009895 0.091333 0.807682 66 53 60
-0.007996 0.093171 0.806082 80 70 70
-0.006151 0.094966 0.804369 68 61 64
-0.004088 0.096931 0.803101 63 47 53
-0.002039 0.098887 0.801799 127 89 93
0.000292 0.101062 0.801056 141 102 91
0.002615 0.103233 0.800283 143 103 92
0.004883 0.105361 0.799386 145 101 90
0.007295 0.107603 0.798758 148 101 89
0.009987 0.110066 0.798660 149 101 87
0.012497 0.112388 0.798182 149 101 87
0.015173 0.114841 0.798004 150 100 85
0.017820 0.117274 0.797746 149 101 85
0.020536 0.119762 0.797596 150 100 87
0.023372 0.122347 0.797643 150 100 87
0.026350 0.125046 0.797930 149 99 84
0.029487 0.127872 0.798475 148 98 83
0.035384 0.133234 0.798777 149 97 83
-0.023230 0.081959 0.829333 79 70 73
-0.020512 0.084799 0.823633 38 26 31
-0.013862 0.091419 0.815051 35 23 31
-0.010201 0.094992 0.811512 65 52 59
-0.006369 0.098699 0.808329 65 61 59
-0.004373 0.100616 0.806900 67 44 44
-0.002199 0.102673 0.805828 132 96 94
0.000095 0.104827 0.804988 142 102 94
0.002598 0.107148 0.804557 143 102 94
0.004896 0.109306 0.803693 146 103 93
0.007449 0.111669 0.803323 148 101 90
0.010078 0.114093 0.803077 150 102 88
0.012725 0.116533 0.802844 150 101 88
0.015342 0.118951 0.802529 151 101 88
0.018145 0.121518 0.802547 150 99 88
0.024088 0.126929 0.803138 149 99 86
0.030748 0.132923 0.804931 150 98 86
-0.006714 0.102369 0.812069 110 82 80
-0.002545 0.106351 0.809520 137 98 93
-0.000131 0.108608 0.808906 141 101 93
0.002387 0.110950 0.808484 143 102 94
0.004939 0.113320 0.808110 146 102 93
0.007622 0.115798 0.807975 149 102 92
0.013115 0.120859 0.807877 151 101 88
0.018744 0.126037 0.807931 149 99 87
0.024767 0.131541 0.808622 149 98 88
0.127255 -0.157929 0.683477 224 226 211
0.120743 -0.149870 0.678019 223 225 212
0.122908 -0.151169 0.678995 225 227 213
0.125326 -0.152337 0.679394 225 227 213
0.127717 -0.153514 0.679841 224 226 211
0.129829 -0.154832 0.680919 223 225 211
0.131775 -0.156240 0.682387 223 225 211
0.133924 -0.157539 0.683380 223 225 211
0.135643 -0.159076 0.685398 223 225 211
0.137578 -0.160498 0.686910 223 225 210
0.139090 -0.162166 0.689460 225 227 213
0.140497 -0.163906 0.692293 222 224 209
0.118180 -0.144631 0.675421 229 230 220
0.120376 -0.145914 0.676324 225 226 216
0.122505 -0.147227 0.677372 225 227 214
0.124773 -0.148471 0.678104 225 227 214
0.127220 -0.149621 0.678419 225 227 214
0.129605 -0.150797 0.678863 223 225 212
0.131772 -0.152082 0.679800 223 225 212
0.133736 -0.153473 0.681212 223 225 212
0.135987 -0.154710 0.681946 223 225 212
0.137717 -0.156232 0.683923 223 225 212
0.139671 -0.157634 0.685373 223 225 212
0.141196 -0.159283 0.687877 224 226 213
0.142770 -0.160914 0.690286 224 226 213
0.116683 -0.141208 0.676225 221 223 210
0.119577 -0.142172 0.675595 228 229 219
0.121990 -0.143351 0.676008 224 225 215
0.124298 -0.144576 0.676645 224 226 213
0.126720 -0.145741 0.677014 224 226 213
0.129058 -0.146941 0.677558 224 226 213
0.131326 -0.148174 0.678256 223 225 212
0.133594 -0.149402 0.678946 223 225 212
0.135754 -0.150684 0.679882 223 225 212
0.137968 -0.151936 0.680685 223 225 212
0.139824 -0.153380 0.682346 223 225 212
0.141780 -0.154772 0.683773 223 225 212
0.143575 -0.156257 0.685600 224 226 213
0.145214 -0.157837 0.687829 224 226 213
0.146722 -0.159502 0.690408 224 226 213
0.148507 -0.161014 0.692314 224 226 213
0.117904 -0.138826 0.676796 219 221 208
0.120856 -0.139769 0.676028 226 227 217
0.123545 -0.140822 0.675817 224 225 215
0.125951 -0.141998 0.676222 225 227 215
0.128403 -0.143147 0.676509 225 227 214
0.130718 -0.144358 0.677096 225 227 214
0.132984 -0.145588 0.677785 224 227 216
0.135211 -0.146835 0.678560 223 226 215
0.137315 -0.148144 0.679621 222 225 214
0.139551 -0.149381 0.680361 222 224 213
0.141381 -0.150835 0.682079 223 225 214
0.143469 -0.152151 0.683176 222 225 214
0.145249 -0.153638 0.685035 224 226 213
0.146998 -0.155149 0.686985 224 226 213
0.148531 -0.156790 0.689494 224 226 213
0.150235 -0.158342 0.691597 223 225 212
0.157524 -0.193276 0.772069 172 175 157
0.115478 -0.135787 0.679640 202 204 191
0.118909 -0.136541 0.677848 215 217 204
0.121938 -0.137457 0.676904 216 218 204
0.124849 -0.138412 0.676186 225 226 216
0.127418 -0.139513 0.676214 226 227 217
0.130023 -0.140589 0.676137 227 228 218
0.132274 -0.141829 0.676863 226 227 216
0.134657 -0.143001 0.677270 223 226 216
0.136830 -0.144272 0.678160 223 226 216
0.138909 -0.145590 0.679269 222 225 215
0.141040 -0.146880 0.680254 223 226 216
0.142934 -0.148295 0.681812 223 226 216
0.144989 -0.149627 0.682984 224 227 217
0.146902 -0.151036 0.684509 224 227 214
0.148720 -0.152503 0.686281 225 227 214
0.150431 -0.154034 0.688336 224 226 213
0.152191 -0.155545 0.690282 223 225 212
0.166336 -0.194589 0.774584 180 183 164
0.170445 -0.197870 0.778507 186 189 169
0.176638 -0.202817 0.784419 202 201 182
0.113176 -0.132649 0.682184 215 217 204
0.116638 -0.133421 0.680364 193 195 182
0.120034 -0.134200 0.678637 210 212 199
0.123159 -0.135080 0.677468 211 213 200
0.126208 -0.135977 0.676428 215 217 203
0.128911 -0.137019 0.676140 225 226 216
0.131524 -0.138093 0.676034 228 229 219
0.133807 -0.139316 0.676675 226 227 217
0.136140 -0.140511 0.677190 225 228 217
0.138334 -0.141771 0.678024 225 228 217
0.140372 -0.143107 0.679226 227 230 219
0.142520 -0.144387 0.680162 225 228 217
0.144375 -0.145819 0.681813 226 229 218
0.146484 -0.147120 0.682845 224 228 217
0.148314 -0.148571 0.684574 224 228 215
0.150205 -0.149993 0.686159 224 228 215
0.151946 -0.151503 0.688136 226 228 214
0.153659 -0.153036 0.690202 224 226 213
0.153572 -0.180514 0.761127 168 170 155
0.162496 -0.186404 0.766493 166 170 153
0.166768 -0.189498 0.769767 173 176 157
0.170897 -0.192718 0.773526 180 183 164
0.179124 -0.199253 0.781323 190 189 170
0.181202 -0.200886 0.783245 197 193 173
0.183141 -0.202645 0.785645 205 201 180
0.111052 -0.129398 0.684315 213 218 204
0.114593 -0.130166 0.682359 214 218 205
0.117839 -0.131037 0.681001 217 219 206
0.121306 -0.131794 0.679100 190 192 179
0.124450 -0.132671 0.677874 203 205 192
0.127605 -0.133528 0.676581 210 212 199
0.130399 -0.134531 0.676071 214 216 203
0.133112 -0.135560 0.675722 219 221 210
0.135345 -0.136805 0.676471 222 223 213
0.137622 -0.138026 0.677106 223 226 216
0.139730 -0.139326 0.678138 225 228 218
0.141753 -0.140668 0.679374 224 227 217
0.143850 -0.141973 0.680429 224 228 216
0.145706 -0.143403 0.682079 224 228 216
0.147798 -0.144712 0.683151 225 229 216
0.149689 -0.146128 0.684727 226 230 217
0.151516 -0.147582 0.686474 226 230 217
0.153237 -0.149101 0.688506 221 225 212
0.154805 -0.150712 0.690951 207 211 198
0.167159 -0.184490 0.765112 167 171 154
0.169322 -0.186002 0.766636 172 174 156
0.171407 -0.187576 0.768404 172 176 159
0.173437 -0.189197 0.770359 174 178 161
0.175457 -0.190833 0.772362 177 182 163
0.179443 -0.194169 0.776598 183 185 168
0.183491 -0.197486 0.780715 191 193 176
0.109247 -0.125986 0.685731 211 217 203
0.112522 -0.126888 0.684390 214 220 206
0.115829 -0.127758 0.682929 214 220 206
0.118953 -0.128687 0.681830 222 227 213
0.122363 -0.129479 0.680047 221 223 210
0.125501 -0.130368 0.678828 184 186 173
0.128628 -0.131245 0.677587 200 202 189
0.131492 -0.132223 0.676913 205 207 194
0.134257 -0.133234 0.676436 209 211 198
0.136487 -0.134482 0.677191 208 209 198
0.138766 -0.135704 0.677823 210 214 201
0.140868 -0.137009 0.678870 212 216 203
0.142844 -0.138374 0.680221 215 219 206
0.145006 -0.139648 0.681121 217 221 208
0.146867 -0.141074 0.682763 218 222 209
0.148992 -0.142367 0.683753 219 223 210
0.150822 -0.143814 0.685487 212 216 203
0.152660 -0.145262 0.687212 204 208 195
0.154275 -0.146837 0.689525 197 201 188
0.155780 -0.148483 0.692147 191 195 182
0.167283 -0.179725 0.761302 179 183 169
0.171697 -0.182655 0.764007 175 178 162
0.175873 -0.185773 0.767475 173 177 160
0.181976 -0.190614 0.773290 181 183 166
0.184021 -0.192232 0.775226 184 186 169
0.185989 -0.193921 0.777440 184 186 169
0.187985 -0.195595 0.779579 191 193 176
0.190040 -0.197226 0.781539 190 193 173
0.191887 -0.199049 0.784243 207 210 187
0.193672 -0.200942 0.787198 185 188 167
0.195652 -0.202670 0.789499 169 173 149
0.107396 -0.122565 0.687231 211 217 203
0.114008 -0.124373 0.684422 212 218 204
0.117023 -0.125368 0.683595 217 223 209
0.120087 -0.126329 0.682620 218 224 210
0.123242 -0.127237 0.681401 221 224 211
0.126272 -0.128182 0.680424 200 202 189
0.129219 -0.129148 0.679597 181 183 170
0.132133 -0.130114 0.678810 187 189 176
0.134897 -0.131134 0.678338 200 202 189
0.137357 -0.132283 0.678560 202 204 190
0.139699 -0.133481 0.679046 201 205 190
0.141986 -0.134699 0.679652 201 205 190
0.143939 -0.136076 0.681064 200 204 190
0.146152 -0.137327 0.681840 199 203 190
0.147934 -0.138793 0.683684 198 202 189
0.149923 -0.140156 0.685019 197 201 188
0.151601 -0.141685 0.687151 194 198 185
0.153344 -0.143186 0.689134 193 197 184
0.154749 -0.144877 0.692010 192 196 183
0.155876 -0.146734 0.695652 188 192 179
0.176175 -0.180853 0.762985 178 182 167
0.180449 -0.183872 0.766087 174 178 161
0.184507 -0.187077 0.769935 179 181 164
0.186562 -0.188668 0.771796 183 185 168
0.188545 -0.190324 0.773917 184 186 169
0.190525 -0.191991 0.776068 184 186 169
0.192611 -0.193575 0.777877 188 191 171
0.001787 -0.068618 0.674411 97 100 88
0.109154 -0.119939 0.686703 215 218 208
0.112545 -0.120824 0.685114 212 215 205
0.115512 -0.121855 0.684413 212 215 205
0.118434 -0.122890 0.683777 216 220 208
0.121344 -0.123919 0.683136 235 239 226
0.124361 -0.124891 0.682218 214 216 201
0.127202 -0.125922 0.681665 199 200 184
0.130036 -0.126944 0.681097 181 182 165
0.132853 -0.127962 0.680537 179 179 163
0.135671 -0.128968 0.679941 183 182 166
0.138071 -0.130150 0.680311 181 180 165
0.140511 -0.131309 0.680569 187 187 171
0.142810 -0.132527 0.681154 193 193 178
0.144909 -0.133837 0.682217 197 196 181
0.147166 -0.135069 0.682889 194 194 180
0.148979 -0.136519 0.684664 194 194 180
0.151019 -0.137859 0.685876 194 196 182
0.152530 -0.139472 0.688444 189 191 178
0.154199 -0.141013 0.690631 184 187 174
0.155229 -0.142903 0.694504 170 174 161
0.156180 -0.144857 0.698643 167 171 158
0.156888 -0.146969 0.703490 191 193 180
0.167289 -0.170480 0.754496 175 179 166
0.171720 -0.173349 0.757021 194 208 196
0.178445 -0.177597 0.760569 188 194 180
0.186922 -0.183649 0.766912 175 177 160
0.188977 -0.185222 0.768736 177 179 162
0.191058 -0.186779 0.770483 180 182 165
0.195024 -0.190076 0.774705 185 187 170
0.200447 -0.195564 0.783105 195 198 177
0.204475 -0.198908 0.787378 180 182 162
0.074887 -0.099957 0.681819 182 186 171
0.110949 -0.117306 0.686084 214 217 207
0.114052 -0.118304 0.685105 213 216 206
0.116925 -0.119374 0.684597 213 216 206
0.119603 -0.120509 0.684498 214 217 207
0.122457 -0.121566 0.683978 221 225 212
0.125375 -0.122585 0.683277 211 213 197
0.128180 -0.123638 0.682804 196 197 180
0.130895 -0.124718 0.682510 182 182 166
0.133605 -0.125790 0.682202 181 179 164
0.136257 -0.126877 0.682001 176 174 159
0.138661 -0.128065 0.682372 176 174 159
0.141002 -0.129277 0.682881 173 173 157
0.143339 -0.130485 0.683387 173 173 157
0.145442 -0.131800 0.684458 174 174 158
0.147768 -0.133007 0.684971 175 175 159
0.149600 -0.134451 0.686718 175 175 159
0.151578 -0.135827 0.688104 171 172 158
0.152954 -0.137512 0.691043 171 172 159
0.154402 -0.139171 0.693829 178 180 166
0.155396 -0.141084 0.697844 195 197 184
0.156299 -0.143067 0.702156 191 193 180
0.185172 -0.177180 0.760491 175 176 160
0.189387 -0.180195 0.763670 175 177 160
0.191439 -0.181753 0.765465 170 172 155
0.193488 -0.183318 0.767278 178 180 163
0.195415 -0.184991 0.769531 182 184 167
0.197310 -0.186700 0.771923 184 185 168
-0.002031 -0.060825 0.676153 160 161 161
0.007355 -0.063066 0.670976 243 246 212
0.025430 -0.067397 0.661046 180 183 173
0.077567 -0.097102 0.679657 185 189 176
0.081228 -0.100052 0.683338 186 190 175
0.084779 -0.103052 0.687285 183 187 174
0.088989 -0.105869 0.689938 185 193 182
0.105822 -0.112887 0.688885 191 196 185
0.109477 -0.113725 0.686772 217 222 211
0.112601 -0.114733 0.685768 214 217 207
0.115662 -0.115749 0.684862 214 217 207
0.118474 -0.116845 0.684476 213 216 206
0.121166 -0.117976 0.684332 212 215 205
0.123939 -0.119067 0.683979 215 218 208
0.126712 -0.120148 0.683601 215 215 200
0.129334 -0.121280 0.683542 205 207 191
0.131976 -0.122395 0.683413 189 190 174
0.134520 -0.123542 0.683493 182 180 165
0.137079 -0.124676 0.683516 177 176 160
0.139392 -0.125910 0.684110 175 173 158
0.141707 -0.127139 0.684692 174 174 158
0.143919 -0.128411 0.685513 173 173 157
0.145982 -0.129750 0.686699 170 170 154
0.148236 -0.130999 0.687406 170 170 154
0.150001 -0.132481 0.689345 170 170 154
0.151910 -0.133898 0.690930 170 171 156
0.153195 -0.135632 0.694139 173 173 159
0.154687 -0.137274 0.696847 180 182 167
0.155831 -0.139110 0.700506 186 188 175
0.157140 -0.140877 0.703778 191 193 180
0.158373 -0.142701 0.707297 192 194 181
0.159877 -0.144393 0.710126 192 194 181
0.193786 -0.178392 0.762528 176 178 161
0.195921 -0.179870 0.764009 171 173 156
0.197831 -0.181538 0.766283 180 182 165
0.208847 -0.192171 0.782176 214 216 190
0.080423 -0.094219 0.677127 188 192 179
0.084083 -0.097146 0.680764 187 191 175
0.085645 -0.098691 0.683134 181 185 170
0.087608 -0.100128 0.684716 183 187 172
0.114308 -0.112144 0.685319 216 218 208
0.117284 -0.113194 0.684585 215 218 208
0.120175 -0.114263 0.684005 213 216 206
0.122865 -0.115396 0.683851 212 215 205
0.125528 -0.116530 0.683732 211 214 204
0.128102 -0.117691 0.683798 210 212 198
0.130617 -0.118868 0.683980 204 206 191
0.133120 -0.120043 0.684172 190 192 177
0.135536 -0.121248 0.684552 181 180 164
0.137957 -0.122445 0.684906 179 178 161
0.140188 -0.123719 0.685705 175 174 157
0.142417 -0.124991 0.686503 174 173 156
0.144618 -0.126274 0.687363 174 173 156
0.146604 -0.127653 0.688756 173 173 156
0.148775 -0.128947 0.689684 168 172 154
0.150535 -0.130436 0.691659 168 172 154
0.152425 -0.131868 0.693314 172 174 159
0.153921 -0.133498 0.696005 173 175 160
0.155529 -0.135083 0.698431 176 178 163
0.156959 -0.136769 0.701357 182 184 170
0.158520 -0.138399 0.703967 186 188 175
0.160052 -0.140056 0.706687 190 192 179
0.185461 -0.167761 0.752420 185 195 187
0.189832 -0.170593 0.754918 175 177 163
0.194237 -0.173399 0.757305 177 179 164
0.196324 -0.174894 0.758893 176 178 163
0.198400 -0.176400 0.760527 170 173 156
0.200367 -0.178000 0.762556 175 177 160
0.202234 -0.179693 0.764965 180 182 165
0.205911 -0.183159 0.770076 186 187 169
0.211275 -0.188596 0.778587 197 200 177
0.212804 -0.190683 0.782505 215 211 186
0.004135 -0.055240 0.671838 113 116 113
0.024351 -0.059504 0.658612 129 131 133
0.083134 -0.091394 0.674852 187 191 178
0.086846 -0.094286 0.678342 189 193 178
0.088501 -0.095792 0.680507 190 194 179
0.090413 -0.097232 0.682166 179 183 168
0.094292 -0.100106 0.685397 196 201 191
0.115748 -0.109654 0.685454 214 215 205
0.118880 -0.110654 0.684357 217 220 210
0.121778 -0.111723 0.683747 213 216 206
0.124462 -0.112859 0.683590 213 216 206
0.127012 -0.114038 0.683719 212 213 203
0.129503 -0.115232 0.683966 207 209 195
0.131922 -0.116448 0.684365 201 204 189
0.134319 -0.117668 0.684801 196 198 183
0.136621 -0.118922 0.685451 184 184 169
0.138937 -0.120167 0.686059 177 176 160
0.141142 -0.121455 0.686926 175 174 157
0.143346 -0.122741 0.687791 175 174 157
0.145522 -0.124039 0.688720 174 173 156
0.147481 -0.125432 0.690190 174 173 156
0.149646 -0.126733 0.691142 171 174 157
0.151394 -0.128228 0.693158 168 171 154
0.153307 -0.129651 0.694768 172 174 159
0.154957 -0.131205 0.697073 173 175 160
0.156693 -0.132725 0.699176 176 178 163
0.158311 -0.134312 0.701613 180 182 169
0.160008 -0.135867 0.703863 181 185 170
0.161615 -0.137478 0.706380 186 189 175
0.163296 -0.139059 0.708723 192 195 181
0.189903 -0.165973 0.751096 178 181 170
0.198629 -0.171595 0.756000 176 179 164
0.202716 -0.174634 0.759433 175 177 160
0.206483 -0.177962 0.764080 180 183 165
0.213557 -0.185169 0.775489 192 195 172
0.217054 -0.188906 0.781619 213 209 184
0.085917 -0.088569 0.672408 182 186 173
0.089792 -0.091397 0.675523 190 194 181
0.093394 -0.094308 0.679227 186 190 175
0.123475 -0.109154 0.683264 217 220 210
0.126030 -0.110338 0.683389 212 215 205
0.128548 -0.111529 0.683580 212 213 203
0.130937 -0.112762 0.684053 206 209 195
0.133266 -0.114014 0.684657 200 204 188
0.135538 -0.115284 0.685385 200 202 186
0.137767 -0.116569 0.686209 192 193 177
0.140026 -0.117840 0.686953 182 182 166
0.142173 -0.119154 0.687965 178 176 160
0.144294 -0.120479 0.689040 175 175 157
0.146446 -0.121790 0.690033 174 173 156
0.148410 -0.123183 0.691501 174 173 156
0.150534 -0.124506 0.692564 171 173 156
0.152319 -0.125985 0.694503 173 175 158
0.154309 -0.127373 0.695920 173 175 160
0.156035 -0.128890 0.698040 174 176 161
0.157854 -0.130368 0.699932 176 178 163
0.159566 -0.131905 0.702125 179 181 167
0.161366 -0.133405 0.704103 180 185 170
0.162992 -0.135001 0.706573 184 189 173
0.192299 -0.162682 0.748017 175 178 166
0.198864 -0.166836 0.751489 177 179 164
0.200971 -0.168283 0.752931 177 179 164
0.203121 -0.169699 0.754225 166 170 153
0.206934 -0.172933 0.758575 175 177 160
0.010914 -0.049676 0.666459 104 105 107
0.032007 -0.053902 0.651444 104 110 105
0.038696 -0.056351 0.649863 170 172 158
0.044372 -0.058896 0.649864 171 176 163
0.088512 -0.085811 0.670307 182 186 173
0.092477 -0.088597 0.673200 193 197 182
0.096118 -0.091476 0.676778 194 198 185
0.124529 -0.106816 0.684243 217 221 206
0.127184 -0.107968 0.684134 223 228 214
0.129730 -0.109153 0.684257 210 215 203
0.132061 -0.110410 0.684866 203 207 194
0.134322 -0.111690 0.685630 206 208 196
0.136547 -0.112982 0.686474 200 204 187
0.138760 -0.114276 0.687340 202 204 189
0.140982 -0.115564 0.688179 196 195 180
0.143097 -0.116895 0.689274 186 184 167
0.145270 -0.118201 0.690226 183 181 162
0.147431 -0.119510 0.691205 179 178 162
0.149389 -0.120908 0.692696 177 176 161
0.151500 -0.122239 0.693798 175 175 159
0.153344 -0.123691 0.695595 177 179 164
0.155411 -0.125045 0.696820 178 180 165
0.157271 -0.126497 0.698592 178 180 165
0.159169 -0.127935 0.700278 182 184 169
0.160986 -0.129417 0.702192 182 186 171
0.162828 -0.130892 0.704056 183 189 173
0.164485 -0.132467 0.706444 184 188 175
0.166073 -0.134087 0.709051 185 189 176
0.190412 -0.156603 0.742350 167 170 160
0.194666 -0.159428 0.744984 162 165 155
0.198894 -0.162278 0.747722 172 175 162
0.203197 -0.165075 0.750214 173 177 162
0.207307 -0.168030 0.753406 172 176 159
0.035365 -0.051202 0.648576 77 87 83
0.041943 -0.053660 0.647110 162 164 151
0.044867 -0.054921 0.646944 165 168 156
0.047325 -0.056236 0.647547 170 174 159
0.049575 -0.057576 0.648494 171 177 161
0.051683 -0.058934 0.649680 173 179 165
0.055595 -0.061698 0.652586 173 179 165
0.091298 -0.083024 0.667800 182 186 174
0.093352 -0.084389 0.669076 178 182 167
0.095381 -0.085761 0.670405 190 194 179
0.097165 -0.087196 0.672238 196 200 185
0.100853 -0.090047 0.675688 197 201 188
0.137659 -0.110637 0.687320 207 208 197
0.139818 -0.111953 0.688318 205 207 192
0.141943 -0.113283 0.689398 203 205 190
0.144025 -0.114629 0.690584 199 200 186
0.146258 -0.115913 0.691391 192 193 178
0.148380 -0.117242 0.692473 190 190 174
0.150385 -0.118620 0.693851 181 181 165
0.152512 -0.119947 0.694922 180 180 166
0.154460 -0.121353 0.696456 182 184 169
0.158465 -0.124123 0.699258 182 183 169
0.160448 -0.125520 0.700719 186 188 173
0.203370 -0.160422 0.745902 171 175 160
0.205435 -0.161872 0.747410 172 176 161
0.207570 -0.163270 0.748676 164 168 151
0.211397 -0.166427 0.752835 174 176 160
0.038099 -0.048594 0.646706 52 62 61
0.044736 -0.051048 0.645087 166 168 156
0.047539 -0.052321 0.645100 162 165 153
0.049981 -0.053634 0.645708 169 171 156
0.052145 -0.054979 0.646781 172 174 159
0.054276 -0.056329 0.647912 169 172 158
0.056047 -0.057728 0.649668 168 170 157
0.058153 -0.059083 0.650845 168 170 158
0.089511 -0.077651 0.663685 163 167 154
0.091654 -0.078988 0.664761 176 180 167
0.093747 -0.080336 0.665939 181 185 172
0.095890 -0.081673 0.667016 180 184 171
0.097884 -0.083045 0.668393 180 184 169
0.099769 -0.084445 0.670000 192 196 181
0.101713 -0.085833 0.671491 199 203 190
0.105433 -0.088660 0.674848 197 201 188
0.138643 -0.108337 0.688480 205 209 196
0.140920 -0.109612 0.689195 206 208 193
0.143050 -0.110940 0.690265 205 207 192
0.145080 -0.112308 0.691584 203 205 191
0.147225 -0.113631 0.692616 201 203 188
0.149404 -0.114939 0.693560 200 202 187
0.151482 -0.116287 0.694757 197 199 184
0.153678 -0.117586 0.695651 193 195 181
0.157941 -0.120236 0.697765 193 195 181
0.159928 -0.121626 0.699205 196 197 184
0.199309 -0.153032 0.739080 172 175 165
0.203348 -0.155958 0.742306 170 174 159
0.207557 -0.158771 0.744971 170 174 159
0.040475 -0.046042 0.645409 40 50 54
0.044275 -0.047226 0.643788 157 163 161
0.047275 -0.048483 0.643469 154 158 143
0.050230 -0.049737 0.643202 157 158 141
0.052707 -0.051041 0.643728 166 165 150
0.054929 -0.052373 0.644682 167 166 152
0.057094 -0.053711 0.645733 168 168 155
0.058889 -0.055098 0.647427 168 169 155
0.060949 -0.056452 0.648665 163 165 152
0.094177 -0.076307 0.662749 170 174 159
0.096371 -0.077626 0.663703 175 179 165
0.098444 -0.078970 0.664896 179 183 170
0.100531 -0.080312 0.666061 179 183 170
0.102396 -0.081707 0.667687 178 182 167
0.104422 -0.083066 0.668985 193 197 182
0.106203 -0.084487 0.670800 201 205 191
0.153059 -0.113753 0.694428 204 207 196
0.209677 -0.155684 0.742494 166 170 153
0.042663 -0.043521 0.644405 45 49 60
0.046530 -0.044705 0.642649 91 99 101
0.049645 -0.045952 0.642117 179 183 170
0.052576 -0.047209 0.641870 160 163 144
0.055103 -0.048505 0.642292 159 160 142
0.057368 -0.049827 0.643156 156 157 140
0.059580 -0.051155 0.644109 151 153 136
0.061361 -0.052536 0.645813 157 159 144
0.063478 -0.053875 0.646932 164 166 151
0.065515 -0.055226 0.648193 163 163 151
0.067612 -0.056569 0.649348 175 175 163
0.069665 -0.057918 0.650584 171 171 159
0.073969 -0.060587 0.652693 164 168 155
0.085237 -0.067157 0.656963 157 158 148
0.094338 -0.072365 0.660115 171 175 160
0.096577 -0.073669 0.660959 171 175 160
0.098702 -0.074997 0.662030 171 175 160
0.100887 -0.076310 0.662978 168 172 157
0.102935 -0.077654 0.664202 178 182 169
0.104908 -0.079015 0.665585 177 181 168
0.106934 -0.080366 0.666861 177 181 166
0.108791 -0.081758 0.668494 192 196 181
0.211723 -0.152665 0.740240 168 172 155
0.044716 -0.041024 0.643615 58 48 56
0.048790 -0.042197 0.641488 52 60 64
0.052043 -0.043432 0.640701 173 177 162
0.055059 -0.044681 0.640288 163 164 146
0.057718 -0.045960 0.640462 161 163 147
0.060031 -0.047272 0.641224 163 165 148
0.062282 -0.048589 0.642086 161 163 147
0.064114 -0.049955 0.643683 152 155 139
0.066247 -0.051286 0.644751 147 150 135
0.068249 -0.052633 0.646054 156 156 144
0.070368 -0.053966 0.647148 162 162 150
0.072368 -0.055315 0.648458 168 168 157
0.074588 -0.056633 0.649367 168 171 159
0.098897 -0.071064 0.659308 171 175 160
0.101090 -0.072371 0.660223 173 177 162
0.103199 -0.073695 0.661303 171 175 160
0.105347 -0.075010 0.662302 170 174 159
0.107298 -0.076368 0.663710 174 178 163
0.109453 -0.077681 0.664694 176 180 166
0.115374 -0.081751 0.668804 201 207 193
0.117419 -0.083092 0.670026 186 190 179
0.046405 -0.038567 0.643421 77 61 61
0.050522 -0.039747 0.641203 44 44 49
0.053931 -0.040973 0.640135 140 146 134
0.057116 -0.042209 0.639415 155 160 142
0.059872 -0.043479 0.639408 157 161 148
0.062338 -0.044772 0.639889 158 162 149
0.064672 -0.046077 0.640588 158 160 145
0.066527 -0.047433 0.642130 158 161 145
0.068696 -0.048755 0.643119 160 163 147
0.070723 -0.050093 0.644359 160 161 148
0.072802 -0.051425 0.645507 152 154 141
0.074818 -0.052765 0.646771 154 156 143
0.076987 -0.054085 0.647753 157 159 146
0.079118 -0.055410 0.648806 156 158 145
0.083451 -0.058047 0.650770 169 168 159
0.085682 -0.059354 0.651624 170 169 160
0.090056 -0.061978 0.653490 167 167 155
0.092339 -0.063271 0.654230 162 163 153
0.094554 -0.064575 0.655098 170 172 160
0.099020 -0.067171 0.656747 174 176 161
0.101180 -0.068481 0.657710 174 176 161
0.103343 -0.069789 0.658666 173 177 162
0.105534 -0.071090 0.659559 173 177 162
0.107637 -0.072408 0.660632 174 178 163
0.109737 -0.073727 0.661709 170 174 159
0.111848 -0.075043 0.662764 172 176 161
0.113867 -0.076380 0.664011 175 181 164
0.115910 -0.077712 0.665210 172 179 164
0.117888 -0.079059 0.666550 182 189 175
0.119893 -0.080402 0.667836 195 198 189
0.199955 -0.135204 0.722853 179 186 178
0.048064 -0.036118 0.643273 90 78 75
0.052167 -0.037310 0.641057 42 35 39
0.055747 -0.038529 0.639683 76 85 80
0.059089 -0.039756 0.638676 174 180 163
0.061992 -0.041013 0.638399 159 163 149
0.064571 -0.042294 0.638665 157 161 148
0.066962 -0.043589 0.639249 158 161 146
0.071204 -0.046233 0.641359 161 163 148
0.073171 -0.047571 0.642691 167 167 155
0.075297 -0.048892 0.643735 165 166 153
0.077221 -0.050237 0.645149 161 162 150
0.079453 -0.051544 0.645998 165 165 153
-0.042572 -0.009432 0.702319 214 214 200
0.040638 -0.031272 0.648895 221 220 211
0.049525 -0.033688 0.643453 85 82 74
0.053658 -0.034890 0.641169 55 48 49
0.057342 -0.036109 0.639600 47 50 52
0.060877 -0.037327 0.638247 140 147 135
0.063923 -0.038575 0.637706 157 162 148
0.066611 -0.039846 0.637767 159 163 148
0.069068 -0.041134 0.638220 164 166 149
0.071191 -0.042452 0.639259 161 163 146
0.073465 -0.043753 0.640025 163 163 148
0.075543 -0.045075 0.641141 163 163 151
0.077619 -0.046396 0.642259 166 166 154
0.079596 -0.047729 0.643561 164 166 153
0.081772 -0.049038 0.644494 163 165 152
0.083843 -0.050360 0.645622 165 167 154
0.086008 -0.051669 0.646570 164 166 153
0.088065 -0.052992 0.647724 164 166 153
0.090276 -0.054293 0.648580 167 169 156
0.092483 -0.055593 0.649440 165 166 153
0.094669 -0.056895 0.650336 163 165 151
0.099036 -0.059496 0.652125 177 178 166
0.103424 -0.062088 0.653856 181 183 169
0.107824 -0.064671 0.655544 182 184 169
0.112168 -0.067260 0.657329 178 180 165
0.124716 -0.075106 0.663648 168 172 160
0.128708 -0.077766 0.666176 178 181 171
0.038733 -0.027511 0.649974 16 12 25
0.042586 -0.028789 0.648298 198 198 196
0.046915 -0.030026 0.645774 83 81 70
0.051140 -0.031251 0.643368 80 79 71
0.055249 -0.032466 0.641105 72 70 67
0.062579 -0.034912 0.637958 57 64 62
0.068569 -0.037416 0.637000 154 158 145
0.073460 -0.039989 0.637910 164 164 149
0.075824 -0.041279 0.638495 163 163 149
0.077957 -0.042589 0.639493 171 171 157
0.080118 -0.043895 0.640438 168 168 154
0.082017 -0.045231 0.641867 168 168 156
0.084224 -0.046531 0.642722 163 165 152
0.086184 -0.047860 0.644040 163 165 152
0.088393 -0.049159 0.644888 168 170 157
0.090419 -0.050480 0.646081 169 171 158
0.092663 -0.051772 0.646853 172 174 161
0.094773 -0.053081 0.647883 174 175 164
0.097022 -0.054369 0.648635 177 179 166
0.242051 -0.154988 0.753378 167 171 154
-0.036664 -0.003974 0.698979 213 213 199
0.029864 -0.021062 0.653013 98 102 97
0.033531 -0.022393 0.651741 161 163 151
0.036875 -0.023726 0.650965 103 98 89
0.044283 -0.026327 0.648110 94 103 122
0.048408 -0.027588 0.645911 107 110 95
0.052513 -0.028832 0.643690 93 87 81
0.056633 -0.030059 0.641392 77 78 71
0.060484 -0.031287 0.639503 51 49 57
0.064053 -0.032519 0.638059 38 35 47
0.067358 -0.033757 0.637037 114 121 115
0.070203 -0.035021 0.636796 171 177 162
0.072924 -0.036287 0.636756 159 160 145
0.075341 -0.037574 0.637244 162 162 148
0.077753 -0.038858 0.637730 164 164 150
0.080074 -0.040148 0.638372 163 163 148
0.082264 -0.041448 0.639249 163 163 149
0.084239 -0.042770 0.640522 166 166 153
0.086410 -0.044070 0.641429 170 172 159
0.088444 -0.045386 0.642594 169 171 158
0.090591 -0.046688 0.643540 172 174 161
0.092608 -0.048005 0.644736 175 177 164
0.094829 -0.049296 0.645537 177 180 167
0.096978 -0.050596 0.646472 183 186 174
0.099150 -0.051891 0.647359 182 184 171
0.101330 -0.053183 0.648227 179 182 169
0.126946 -0.068696 0.659465 169 171 155
0.235030 -0.143919 0.738534 167 171 154
0.035961 -0.019892 0.650389 151 156 147
0.039153 -0.021233 0.649842 101 97 86
0.042605 -0.022556 0.648832 63 54 50
0.046115 -0.023866 0.647691 9 18 40
0.050071 -0.025144 0.645755 190 201 181
0.054127 -0.026403 0.643600 81 77 65
0.058186 -0.027646 0.641385 80 75 66
0.062035 -0.028884 0.639483 70 63 59
0.065766 -0.030114 0.637739 36 34 44
0.069114 -0.031356 0.636624 39 45 42
0.072053 -0.032616 0.636202 141 144 134
0.074862 -0.033877 0.635988 165 168 154
0.077358 -0.035157 0.636320 156 156 140
0.079911 -0.036428 0.636534 160 160 144
0.082177 -0.037720 0.637262 164 164 151
0.084436 -0.039011 0.637995 164 165 153
0.086403 -0.040328 0.639270 170 172 160
0.088663 -0.041616 0.639993 176 177 165
0.090570 -0.042940 0.641382 178 179 169
0.094732 -0.045551 0.643500 178 184 173
0.096979 -0.046836 0.644233 182 188 177
0.238872 -0.142463 0.738113 159 164 145
0.240805 -0.143927 0.739922 148 153 134
0.242661 -0.145461 0.742080 154 158 141
0.246006 -0.148879 0.748111 160 164 147
0.249241 -0.152468 0.754876 161 165 148
-0.031229 0.001418 0.696271 214 214 200
0.034551 -0.016067 0.650627 87 91 89
0.038080 -0.017413 0.649536 130 135 126
0.041203 -0.018760 0.649085 109 109 96
0.047896 -0.021413 0.647349 9 10 24
0.055614 -0.023984 0.643720 74 71 57
0.059605 -0.025242 0.641605 86 79 71
0.063407 -0.026494 0.639769 84 73 72
0.067075 -0.027738 0.638121 56 52 59
0.070519 -0.028983 0.636824 33 38 37
0.073596 -0.030239 0.636147 69 71 68
0.076485 -0.031499 0.635777 133 135 127
0.079127 -0.032769 0.635833 162 165 152
0.081735 -0.034037 0.635935 167 167 151
0.084116 -0.035318 0.636439 181 179 169
0.086440 -0.036601 0.637039 171 167 158
0.088569 -0.037900 0.637997 177 172 163
0.090761 -0.039191 0.638832 185 184 175
0.092765 -0.040500 0.640023 191 192 182
0.094908 -0.041795 0.640946 194 197 187
0.096916 -0.043103 0.642129 190 198 187
0.099071 -0.044395 0.643024 190 198 187
0.101154 -0.045695 0.644059 189 197 188
0.103327 -0.046982 0.644912 189 197 187
0.105514 -0.048267 0.645733 193 201 192
0.233119 -0.133746 0.728629 164 166 149
-0.021494 0.001013 0.693990 211 211 197
0.032790 -0.012234 0.651433 72 72 74
0.036572 -0.013595 0.649944 80 84 83
0.040278 -0.014944 0.648540 114 119 110
0.043323 -0.016295 0.648199 140 143 131
0.046805 -0.017628 0.647099 100 93 82
0.049963 -0.018960 0.646512 26 21 25
0.053386 -0.020275 0.645446 62 68 70
0.057253 -0.021563 0.643575 138 137 125
0.061231 -0.022832 0.641464 91 85 74
0.064975 -0.024097 0.639710 88 78 74
0.068683 -0.025349 0.637974 79 71 67
0.072200 -0.026597 0.636532 48 46 48
0.075412 -0.027851 0.635594 38 42 43
0.078423 -0.029106 0.634989 79 81 81
0.080993 -0.030382 0.635161 121 122 117
0.083673 -0.031646 0.635115 166 167 156
0.086119 -0.032922 0.635485 184 181 178
0.088589 -0.034192 0.635796 255 252 251
0.090785 -0.035480 0.636613 232 223 223
0.093008 -0.036766 0.637372 197 195 189
0.094979 -0.038072 0.638610 202 203 194
0.099124 -0.040667 0.640694 204 212 202
0.101384 -0.041943 0.641366 200 208 199
0.103426 -0.043242 0.642463 198 205 196
0.105548 -0.044532 0.643399 194 202 193
0.109775 -0.047110 0.645296 203 207 198
0.137142 -0.063798 0.657573 165 167 150
0.139209 -0.065083 0.658582 164 166 149
0.221771 -0.120923 0.714129 161 163 148
0.227452 -0.125166 0.719301 161 164 145
0.229344 -0.126592 0.721068 162 164 147
0.231199 -0.128047 0.722993 163 165 148
0.233124 -0.129460 0.724658 162 164 147
0.235068 -0.130864 0.726269 162 165 147
0.237056 -0.132239 0.727709 165 168 149
0.238956 -0.133684 0.729527 166 169 150
0.242770 -0.136578 0.733152 155 160 141
0.244676 -0.138036 0.735003 150 155 136
0.246510 -0.139558 0.737188 151 155 138
0.248346 -0.141088 0.739394 141 145 128
0.249966 -0.142813 0.742603 141 145 128
0.253214 -0.146314 0.749184 146 150 133
0.256484 -0.149875 0.755932 150 153 134
-0.019222 0.003675 0.693236 209 209 195
0.038795 -0.011131 0.648916 79 81 82
0.042512 -0.012487 0.647468 102 103 101
0.045510 -0.013841 0.647189 147 149 137
0.048910 -0.015181 0.646204 95 93 80
0.051993 -0.016518 0.645728 62 58 55
0.055217 -0.017843 0.644982 5 13 33
0.058972 -0.019145 0.643286 188 194 200
0.062943 -0.020425 0.641166 81 77 61
0.066623 -0.021701 0.639504 84 83 67
0.070337 -0.022963 0.637739 90 82 76
0.073855 -0.024219 0.636276 67 63 55
0.077202 -0.025472 0.635080 34 40 34
0.080296 -0.026727 0.634308 39 55 47
0.083028 -0.027995 0.634168 92 103 91
0.085820 -0.029252 0.633897 110 117 105
0.088340 -0.030521 0.634109 180 183 187
0.090850 -0.031787 0.634326 247 246 250
0.093126 -0.033066 0.634973 255 252 255
0.095263 -0.034354 0.635877 254 252 253
0.097227 -0.035656 0.637111 236 234 234
0.099297 -0.036949 0.638142 221 220 216
0.101311 -0.038247 0.639282 217 219 214
0.103464 -0.039531 0.640146 213 217 212
0.107592 -0.042115 0.642221 205 210 203
0.109765 -0.043394 0.643035 208 213 205
0.190909 -0.095161 0.687130 163 166 145
0.216056 -0.112637 0.705690 154 157 139
0.219883 -0.115385 0.708816 151 154 135
0.221799 -0.116762 0.710389 153 155 139
0.223711 -0.118146 0.711987 160 162 147
0.229350 -0.122381 0.717230 162 164 147
0.231223 -0.123807 0.719035 161 163 146
0.233087 -0.125245 0.720897 160 162 145
0.235008 -0.126649 0.722553 158 161 143
0.236965 -0.128032 0.724075 159 161 143
0.238921 -0.129419 0.725613 162 165 146
0.240822 -0.130850 0.727393 166 169 150
0.242752 -0.132264 0.729066 165 168 149
0.244579 -0.133763 0.731197 153 158 139
0.246533 -0.135170 0.732807 153 158 139
0.248364 -0.136682 0.734976 154 159 140
0.250229 -0.138174 0.737020 146 151 132
0.251831 -0.139898 0.740288 139 144 125
0.253555 -0.141535 0.743061 149 147 130
0.259856 -0.148808 0.757596 161 158 144
0.040934 -0.008680 0.648014 76 77 78
0.044852 -0.010043 0.646207 90 92 93
0.047813 -0.011398 0.645969 133 134 126
0.051080 -0.012744 0.645188 122 122 108
0.054060 -0.014086 0.644869 89 85 76
0.057161 -0.015418 0.644317 21 24 35
0.060862 -0.016729 0.642691 58 71 86
0.064663 -0.018024 0.640845 154 150 138
0.068337 -0.019310 0.639176 90 92 73
0.072105 -0.020578 0.637294 86 80 69
0.075649 -0.021842 0.635765 93 82 75
0.079008 -0.023100 0.634527 58 57 51
0.082176 -0.024357 0.633601 18 42 33
0.085146 -0.025614 0.633007 44 60 60
0.088037 -0.026867 0.632531 105 118 113
0.090581 -0.028134 0.632679 149 152 153
0.093190 -0.029392 0.632689 188 192 199
0.095479 -0.030666 0.633290 255 251 255
0.097710 -0.031943 0.633995 255 252 255
0.099571 -0.033247 0.635409 255 251 255
0.141223 -0.058854 0.654701 160 161 143
0.143308 -0.060126 0.655631 154 155 137
0.206433 -0.101842 0.694931 162 164 147
0.210356 -0.104490 0.697566 154 157 138
0.217993 -0.109917 0.703637 156 158 141
0.221807 -0.112651 0.706753 152 155 136
0.225641 -0.115387 0.709840 153 156 138
0.233093 -0.121040 0.717000 157 159 143
0.234953 -0.122468 0.718848 160 162 146
0.236893 -0.123848 0.720396 162 164 147
0.238837 -0.125229 0.721939 161 163 145
0.240792 -0.126605 0.723448 165 168 149
0.246508 -0.130867 0.728683 152 155 136
0.248412 -0.132299 0.730471 156 161 142
0.250322 -0.133732 0.732253 154 159 140
0.252139 -0.135248 0.734474 148 152 134
0.253772 -0.136928 0.737572 161 163 146
0.255440 -0.138596 0.740567 142 141 132
0.256921 -0.140446 0.744508 119 117 105
0.260220 -0.143910 0.751008 144 147 130
0.042949 -0.006239 0.647306 73 74 75
0.046826 -0.007611 0.645545 81 84 83
0.049817 -0.008970 0.645241 110 111 108
0.052983 -0.010321 0.644614 144 146 135
0.055934 -0.011666 0.644328 103 98 79
0.058850 -0.013005 0.644082 48 44 41
0.062451 -0.014327 0.642613 12 15 20
0.066190 -0.015634 0.640858 177 185 185
0.069868 -0.016929 0.639164 89 88 69
0.073709 -0.018206 0.637134 81 77 59
0.077313 -0.019476 0.635479 90 81 73
0.080705 -0.020741 0.634163 89 82 74
0.083936 -0.022001 0.633106 38 57 49
0.086963 -0.023260 0.632388 7 35 33
0.089908 -0.024514 0.631796 44 64 68
0.092577 -0.025775 0.631694 113 115 115
0.095190 -0.027033 0.631678 169 173 176
0.097614 -0.028297 0.632005 213 217 225
0.099864 -0.029570 0.632656 255 252 255
0.101803 -0.030862 0.633903 255 251 255
0.103824 -0.032149 0.634994 255 253 255
0.107843 -0.034725 0.637221 254 254 254
0.111971 -0.037291 0.639224 225 228 224
0.116242 -0.039839 0.640926 213 216 208
0.141178 -0.055134 0.652319 159 160 142
0.145287 -0.057681 0.654289 159 160 142
0.149452 -0.060213 0.656114 152 153 135
0.193014 -0.088592 0.681844 163 162 145
0.208445 -0.099158 0.692763 156 159 141
0.212313 -0.101814 0.695524 155 158 139
0.216127 -0.104504 0.698499 150 153 134
0.219868 -0.107243 0.701769 139 142 123
0.223662 -0.109969 0.704904 155 158 139
0.227484 -0.112692 0.707981 160 163 144
0.231219 -0.115482 0.711437 154 156 139
0.234923 -0.118310 0.715085 153 155 138
0.236806 -0.119713 0.716814 146 148 131
0.238713 -0.121104 0.718462 146 148 131
0.240656 -0.122474 0.719977 157 159 141
0.242577 -0.123863 0.721596 160 163 144
0.244486 -0.125265 0.723280 158 161 142
0.246389 -0.126676 0.725002 158 161 142
0.248250 -0.128124 0.726932 151 154 135
0.250201 -0.129509 0.728485 160 163 144
0.252088 -0.130949 0.730335 157 162 143
0.253925 -0.132435 0.732439 173 175 158
0.255514 -0.134137 0.735718 121 123 106
0.257208 -0.135769 0.738573 126 129 123
0.260357 -0.139293 0.745603 129 134 112
0.044950 -0.003808 0.646609 72 73 71
0.048975 -0.005191 0.644576 77 79 75
0.052012 -0.006553 0.644176 96 98 94
0.055287 -0.007908 0.643341 132 137 128
0.058011 -0.009255 0.643428 116 115 103
0.060785 -0.010597 0.643411 86 79 62
0.064160 -0.011928 0.642319 11 11 15
0.067742 -0.013247 0.640822 17 26 45
0.071463 -0.014551 0.639034 210 220 202
0.075336 -0.015839 0.636925 122 118 92
0.079009 -0.017116 0.635127 73 70 47
0.082408 -0.018389 0.633781 92 85 74
0.085673 -0.019654 0.632642 88 81 74
0.088749 -0.020915 0.631819 54 51 45
0.091853 -0.022167 0.630910 35 39 40
0.094673 -0.023422 0.630504 57 78 72
0.097420 -0.024674 0.630213 149 177 170
0.099912 -0.025933 0.630389 186 197 195
0.102302 -0.027193 0.630746 229 233 239
0.104244 -0.028480 0.631971 255 254 255
0.106344 -0.029755 0.632883 255 254 255
0.108076 -0.031057 0.634527 255 253 255
0.110232 -0.032329 0.635327 255 254 255
0.112270 -0.033609 0.636361 255 254 253
0.114375 -0.034882 0.637257 250 248 245
0.116353 -0.036166 0.638413 233 233 229
0.124550 -0.041274 0.642433 178 178 162
0.126708 -0.042537 0.643199 170 169 153
0.141157 -0.051432 0.649897 158 159 141
0.145290 -0.053966 0.651777 159 160 142
0.147395 -0.055225 0.652620 159 160 142
0.214176 -0.099195 0.693765 154 157 138
0.217999 -0.101863 0.696659 147 150 131
0.221754 -0.104576 0.699827 142 145 126
0.225547 -0.107282 0.702908 152 155 136
0.227442 -0.108641 0.704473 157 160 141
0.229312 -0.110017 0.706140 159 162 143
0.231150 -0.111417 0.707949 158 161 142
0.233016 -0.112805 0.709666 154 157 138
0.234861 -0.114211 0.711482 155 158 139
0.236747 -0.115596 0.713154 154 157 138
0.238607 -0.117002 0.714944 156 159 140
0.240500 -0.118392 0.716623 154 157 139
0.242351 -0.119814 0.718487 150 153 135
0.246170 -0.122595 0.721789 155 158 139
0.250059 -0.125341 0.724844 155 158 139
0.253899 -0.128139 0.728174 162 165 142
0.255694 -0.129646 0.730437 171 174 149
0.257245 -0.131364 0.733872 141 141 127
0.258932 -0.132988 0.736741 141 141 125
0.260441 -0.134781 0.740517 114 115 97
0.262029 -0.136529 0.743995 161 162 144
0.047027 -0.001389 0.645775 72 74 68
0.050954 -0.002780 0.643884 76 78 75
0.054020 -0.004146 0.643416 83 86 81
0.057167 -0.005505 0.642783 113 119 113
0.059931 -0.006854 0.642788 147 153 142
0.062500 -0.008198 0.643115 98 93 76
0.065721 -0.009536 0.642278 56 57 40
0.069074 -0.010865 0.641173 8 13 15
0.072701 -0.012182 0.639539 73 99 114
0.076472 -0.013484 0.637600 165 158 143
0.080106 -0.014774 0.635860 165 158 137
0.083559 -0.016055 0.634405 77 70 55
0.086792 -0.017330 0.633316 81 84 72
0.089945 -0.018597 0.632341 83 80 74
0.093137 -0.019853 0.631257 61 58 53
0.096099 -0.021108 0.630574 47 48 47
0.098960 -0.022359 0.630052 54 71 67
0.101661 -0.023610 0.629815 152 170 168
0.104106 -0.024869 0.630053 181 197 194
0.106128 -0.026147 0.631109 231 236 241
0.108204 -0.027422 0.632057 254 253 255
0.110060 -0.028710 0.633443 255 253 255
0.112169 -0.029982 0.634323 255 253 255
0.114281 -0.031253 0.635192 255 254 254
0.116322 -0.032528 0.636205 255 253 252
0.118326 -0.033807 0.637294 246 245 242
0.120363 -0.035082 0.638312 218 219 210
0.126554 -0.038896 0.641186 175 176 159
0.128708 -0.040156 0.641943 169 169 152
0.143123 -0.049027 0.648600 156 157 139
0.147263 -0.051552 0.650425 160 161 143
0.149258 -0.052825 0.651513 158 159 141
0.151352 -0.054081 0.652360 157 158 140
0.153379 -0.055348 0.653367 157 158 140
0.204343 -0.088778 0.684359 150 152 135
0.206289 -0.090078 0.685631 155 158 139
0.214055 -0.095300 0.690813 159 162 143
0.215945 -0.096632 0.692299 158 161 142
0.217853 -0.097959 0.693730 150 153 134
0.219779 -0.099279 0.695108 149 152 133
0.221638 -0.100635 0.696731 139 142 123
0.223508 -0.101989 0.698326 148 151 130
0.225412 -0.103328 0.699812 150 153 133
0.227288 -0.104685 0.701409 145 148 129
0.229168 -0.106044 0.703004 155 158 139
0.231032 -0.107415 0.704676 159 162 143
0.232861 -0.108811 0.706498 158 161 142
0.234722 -0.110193 0.708211 159 162 143
0.236603 -0.111567 0.709862 159 162 143
0.238456 -0.112964 0.711643 159 162 143
0.240338 -0.114347 0.713324 162 165 146
0.244046 -0.117164 0.716968 155 158 139
0.245943 -0.118551 0.718639 149 152 133
0.247840 -0.119943 0.720327 150 153 134
0.249777 -0.121311 0.721854 147 150 131
0.251747 -0.122658 0.723251 157 160 141
0.253703 -0.124018 0.724718 159 162 143
0.255591 -0.125433 0.726506 157 158 135
0.257392 -0.126923 0.728716 170 171 149
0.258930 -0.128638 0.732203 87 87 73
0.260644 -0.130226 0.734920 104 105 88
0.263620 -0.133844 0.742748 179 179 162
0.053043 -0.000382 0.642993 75 77 72
0.056084 -0.001751 0.642550 81 82 77
0.059267 -0.003115 0.641834 91 97 92
0.062058 -0.004466 0.641776 132 139 129
0.064722 -0.005810 0.641920 123 121 111
0.067766 -0.007152 0.641373 110 100 78
0.070867 -0.008486 0.640697 34 18 14
0.074121 -0.009812 0.639716 7 5 28
0.077735 -0.011126 0.638046 160 166 179
0.081294 -0.012428 0.636429 120 112 93
0.084623 -0.013722 0.635193 132 121 107
0.087926 -0.015005 0.633965 65 70 54
0.091136 -0.016279 0.632873 85 87 75
0.094438 -0.017541 0.631570 88 85 78
0.097437 -0.018801 0.630805 67 58 57
0.100376 -0.020055 0.630126 51 52 52
0.103184 -0.021306 0.629669 56 71 68
0.105743 -0.022560 0.629674 159 174 173
0.107869 -0.023832 0.630517 183 196 195
0.110097 -0.025096 0.631152 207 212 218
0.112034 -0.026376 0.632365 253 250 255
0.114198 -0.027641 0.633118 255 253 255
0.116236 -0.028914 0.634124 255 253 255
0.118350 -0.030180 0.634970 255 253 253
0.120374 -0.031453 0.636001 254 253 252
0.122499 -0.032716 0.636819 228 226 219
0.124385 -0.034000 0.638137 199 199 187
0.128663 -0.036520 0.639695 168 169 151
0.130806 -0.037778 0.640456 161 162 144
0.132800 -0.039050 0.641539 162 163 145
0.134940 -0.040305 0.642299 161 162 144
0.136943 -0.041575 0.643358 157 158 140
0.139113 -0.042824 0.644041 155 156 138
0.141143 -0.044090 0.645035 157 158 140
0.145229 -0.046615 0.646957 160 161 143
0.149300 -0.049140 0.648904 157 158 140
0.151337 -0.050402 0.649869 153 154 136
0.153340 -0.051668 0.650915 156 157 139
0.215861 -0.092739 0.689215 156 159 140
0.217784 -0.094049 0.690562 154 157 138
0.221612 -0.096681 0.693339 144 147 128
0.223462 -0.098032 0.694968 150 153 134
0.225368 -0.099359 0.696411 149 152 131
0.227204 -0.100723 0.698116 144 147 126
0.229097 -0.102063 0.699625 147 150 130
0.230943 -0.103430 0.701325 144 147 128
0.232799 -0.104797 0.703002 153 156 137
0.234643 -0.106174 0.704740 156 159 140
0.236506 -0.107545 0.706421 155 158 139
0.238388 -0.108910 0.708043 155 158 139
0.240270 -0.110277 0.709678 156 159 140
0.242128 -0.111664 0.711426 157 160 141
0.243986 -0.113057 0.713193 157 160 141
0.245829 -0.114464 0.715046 155 158 139
0.247717 -0.115847 0.716723 152 155 136
0.249619 -0.117225 0.718359 147 150 131
0.251573 -0.118569 0.719778 150 153 134
0.253558 -0.119894 0.721072 154 157 138
0.255504 -0.121249 0.722546 157 160 141
0.257368 -0.122671 0.724409 163 165 144
0.259125 -0.124183 0.726797 147 148 128
0.260676 -0.125872 0.730202 105 105 89
0.262344 -0.127485 0.733121 165 165 147
0.263754 -0.129332 0.737360 166 167 149
0.265024 -0.131328 0.742395 141 141 125
0.051160 0.003416 0.644106 71 71 66
0.055087 0.002006 0.642166 76 75 69
0.058129 0.000634 0.641704 82 79 77
0.061140 -0.000731 0.641269 87 88 85
0.064078 -0.002087 0.640937 104 110 105
0.069741 -0.004777 0.640581 114 108 90
0.072726 -0.006115 0.640095 76 71 49
0.075553 -0.007445 0.639867 26 10 15
0.078759 -0.008769 0.638927 1 5 25
0.082212 -0.010083 0.637495 196 214 214
0.085487 -0.011388 0.636352 107 91 59
0.088797 -0.012681 0.635107 129 111 100
0.092032 -0.013965 0.633963 72 63 52
0.095327 -0.015238 0.632667 80 89 76
0.098392 -0.016505 0.631771 90 88 75
0.101461 -0.017763 0.630835 66 67 56
0.104435 -0.019015 0.630049 52 55 46
0.107092 -0.020270 0.629854 57 71 69
0.109333 -0.021536 0.630464 144 161 158
0.111629 -0.022798 0.630955 182 195 192
0.113693 -0.024069 0.631906 197 198 205
0.115921 -0.025330 0.632520 238 236 243
0.118045 -0.026595 0.633339 255 253 255
0.120240 -0.027854 0.634005 255 253 254
0.122331 -0.029118 0.634882 255 254 253
0.124436 -0.030381 0.635726 246 241 236
0.128374 -0.032925 0.637984 183 183 169
0.130542 -0.034180 0.638683 167 168 150
0.132660 -0.035437 0.639483 166 167 149
0.134695 -0.036702 0.640462 157 158 140
0.136836 -0.037954 0.641203 158 159 141
0.138912 -0.039212 0.642084 159 160 142
0.141054 -0.040461 0.642812 157 158 140
0.143183 -0.041710 0.643561 155 156 138
0.145246 -0.042966 0.644457 153 154 136
0.147244 -0.044230 0.645502 159 160 142
0.149256 -0.045492 0.646514 156 157 139
0.151276 -0.046752 0.647503 156 157 139
0.153249 -0.048019 0.648605 155 156 138
0.155265 -0.049279 0.649603 154 155 137
0.157252 -0.050543 0.650670 153 154 136
0.205952 -0.082474 0.680323 152 153 133
0.209907 -0.085023 0.682568 153 154 136
0.211879 -0.086301 0.683710 153 155 136
0.213818 -0.087591 0.684963 152 155 136
0.215758 -0.088883 0.686220 155 158 139
0.217606 -0.090216 0.687792 153 156 137
0.219535 -0.091515 0.689097 143 146 127
0.221415 -0.092839 0.690580 141 144 125
0.223337 -0.094146 0.691924 145 148 129
0.225220 -0.095473 0.693415 145 148 129
0.227095 -0.096806 0.694942 144 147 126
0.228942 -0.098157 0.696589 146 149 128
0.230803 -0.099505 0.698194 144 147 126
0.232646 -0.100866 0.699885 150 153 133
0.234500 -0.102225 0.701547 151 154 135
0.236345 -0.103593 0.703262 157 160 141
0.238201 -0.104960 0.704949 156 159 140
0.240100 -0.106305 0.706477 153 156 137
0.241964 -0.107675 0.708163 155 158 139
0.243841 -0.109041 0.709809 155 158 139
0.245677 -0.110437 0.711642 156 159 140
0.247537 -0.111825 0.713399 154 157 138
0.249420 -0.113201 0.715072 147 150 131
0.251326 -0.114566 0.716660 152 155 136
0.253264 -0.115912 0.718123 152 155 136
0.255252 -0.117226 0.719372 155 158 139
0.257177 -0.118587 0.720912 153 156 137
0.258975 -0.120048 0.723055 149 151 134
0.260716 -0.121562 0.725501 154 156 139
0.262242 -0.123259 0.729022 160 162 145
0.263923 -0.124850 0.731862 154 151 128
0.265208 -0.126788 0.736720 173 167 155
0.057266 0.004378 0.641094 75 74 68
0.060220 0.003005 0.640764 80 77 74
0.063376 0.001633 0.640059 83 82 78
0.066302 0.000275 0.639726 90 93 88
0.069069 -0.001073 0.639654 136 141 134
0.071887 -0.002417 0.639469 141 147 135
0.074671 -0.003755 0.639325 94 86 68
0.077467 -0.005087 0.639138 51 37 35
0.080237 -0.006413 0.638979 18 7 29
0.083210 -0.007734 0.638419 10 25 36
0.086549 -0.009048 0.637150 235 238 217
0.089789 -0.010352 0.636028 91 76 60
0.092944 -0.011646 0.635029 130 113 103
0.096122 -0.012931 0.633948 72 67 56
0.099221 -0.014207 0.632985 90 86 74
0.102351 -0.015473 0.631926 90 88 75
0.105426 -0.016731 0.630938 68 69 59
0.108251 -0.017987 0.630408 49 50 50
0.110775 -0.019246 0.630452 60 70 80
0.113231 -0.020502 0.630613 111 124 133
0.115560 -0.021760 0.631018 180 187 186
0.118145 -0.023002 0.630885 187 196 188
0.120271 -0.024263 0.631680 201 201 200
0.122486 -0.025518 0.632284 246 243 248
0.124485 -0.026784 0.633333 253 251 253
0.126627 -0.028040 0.634077 255 253 251
0.132678 -0.031829 0.637094 172 173 155
0.134936 -0.033070 0.637568 169 170 152
0.136841 -0.034341 0.638811 163 164 146
0.139007 -0.035587 0.639475 156 156 139
0.141024 -0.036846 0.640468 153 154 136
0.143153 -0.038093 0.641203 153 154 136
0.145196 -0.039348 0.642130 154 155 137
0.149230 -0.041862 0.644095 155 156 138
0.151263 -0.043117 0.645038 152 153 135
0.153227 -0.044380 0.646143 153 154 136
0.155193 -0.045643 0.647244 153 154 136
0.157087 -0.046917 0.648522 152 153 135
0.159125 -0.048169 0.649447 153 154 136
0.215649 -0.085059 0.683267 150 152 134
0.217559 -0.086355 0.684602 147 150 131
0.219420 -0.087674 0.686108 135 138 119
0.221326 -0.088976 0.687468 144 147 128
0.223186 -0.090300 0.688997 145 148 129
0.225136 -0.091587 0.690215 146 149 130
0.226961 -0.092932 0.691892 148 151 132
0.228847 -0.094252 0.693357 147 150 129
0.230666 -0.095609 0.695084 146 149 128
0.232510 -0.096956 0.696731 149 152 131
0.234328 -0.098322 0.698495 142 145 124
0.236180 -0.099674 0.700145 150 153 133
0.238041 -0.101025 0.701774 153 156 137
0.239914 -0.102373 0.703371 156 159 140
0.241774 -0.103732 0.705031 156 159 140
0.243651 -0.105086 0.706640 156 159 140
0.245510 -0.106455 0.708341 156 159 140
0.247374 -0.107825 0.710035 158 161 142
0.249273 -0.109176 0.711594 154 157 138
0.251157 -0.110542 0.713234 145 148 129
0.253096 -0.111874 0.714649 152 155 136
0.255023 -0.113218 0.716128 156 159 140
0.256977 -0.114545 0.717489 158 161 142
0.258869 -0.115919 0.719149 152 155 136
0.260622 -0.117403 0.721480 148 150 133
0.262309 -0.118947 0.724164 157 159 142
0.263853 -0.120617 0.727587 149 151 134
0.265435 -0.122276 0.730902 164 162 137
0.266603 -0.124298 0.736357 91 86 72
0.267407 -0.126668 0.743806 42 34 34
0.268080 -0.129211 0.752150 83 80 80
0.059196 0.006748 0.640440 73 72 66
0.062364 0.005363 0.639720 76 75 71
0.065330 0.003993 0.639327 81 81 77
0.068367 0.002628 0.638782 83 85 82
0.071103 0.001279 0.638748 99 102 101
0.073967 -0.000068 0.638463 161 169 164
0.076624 -0.001405 0.638530 122 122 114
0.079497 -0.002741 0.638186 91 75 66
0.082229 -0.004068 0.638077 35 21 20
0.084844 -0.005389 0.638166 7 7 9
0.087864 -0.006709 0.637476 43 56 70
0.091005 -0.008020 0.636529 238 254 229
0.094012 -0.009323 0.635801 91 81 43
0.097169 -0.010617 0.634755 119 110 101
0.100207 -0.011903 0.633900 66 62 51
0.103365 -0.013178 0.632781 87 84 73
0.106539 -0.014443 0.631590 92 89 81
0.109439 -0.015703 0.630903 73 73 71
0.112167 -0.016961 0.630533 48 51 56
0.114740 -0.018216 0.630450 49 57 63
0.117213 -0.019470 0.630552 101 114 124
0.119825 -0.020713 0.630347 171 186 182
0.122208 -0.021961 0.630598 172 182 170
0.124643 -0.023203 0.630725 182 187 178
0.126759 -0.024458 0.631508 201 198 198
0.128913 -0.025709 0.632206 241 237 240
0.132904 -0.028228 0.634268 190 189 178
0.135029 -0.029477 0.635015 174 176 159
0.137149 -0.030725 0.635764 163 165 147
0.139105 -0.031986 0.636875 159 161 142
0.141283 -0.033226 0.637488 158 158 141
0.143375 -0.034473 0.638285 154 155 137
0.145410 -0.035724 0.639208 158 159 141
0.147389 -0.036980 0.640261 153 154 136
0.149446 -0.038227 0.641127 152 153 135
0.151328 -0.039495 0.642404 149 150 132
0.153297 -0.040752 0.643478 149 150 131
0.155228 -0.042014 0.644644 151 152 134
0.157181 -0.043274 0.645756 152 152 134
0.159150 -0.044532 0.646830 154 155 135
0.161100 -0.045792 0.647951 155 156 136
0.163130 -0.047040 0.648873 153 154 134
0.209496 -0.077518 0.677487 143 143 124
0.211487 -0.078775 0.678521 148 149 129
0.213424 -0.080053 0.679732 144 145 125
0.215406 -0.081313 0.680793 150 151 131
0.217356 -0.082587 0.681964 143 144 124
0.219304 -0.083861 0.683143 132 133 114
0.221163 -0.085174 0.684638 131 132 113
0.223061 -0.086472 0.686002 136 137 118
0.224921 -0.087789 0.687513 140 142 123
0.226820 -0.089090 0.688888 140 143 123
0.228676 -0.090414 0.690434 146 149 130
0.230563 -0.091727 0.691874 146 149 128
0.232383 -0.093074 0.693576 142 144 123
0.234214 -0.094420 0.695251 140 142 122
0.236011 -0.095787 0.697074 141 144 123
0.237867 -0.097129 0.698687 145 147 126
0.239734 -0.098468 0.700268 155 158 138
0.241587 -0.099819 0.701920 158 161 142
0.243493 -0.101144 0.703373 157 160 141
0.245349 -0.102501 0.705044 155 157 138
0.247209 -0.103859 0.706709 158 160 141
0.249060 -0.105228 0.708435 159 161 142
0.251023 -0.106530 0.709692 151 154 135
0.252908 -0.107885 0.711300 156 158 140
0.254837 -0.109214 0.712724 154 156 137
0.256724 -0.110574 0.714349 154 156 137
0.258591 -0.111953 0.716081 158 160 142
0.260470 -0.113327 0.717774 152 155 136
0.262140 -0.114862 0.720481 147 148 131
0.263795 -0.116421 0.723307 152 151 133
0.265273 -0.118132 0.727053 131 130 106
0.266794 -0.119831 0.730674 108 104 84
0.267823 -0.121956 0.736862 56 49 40
0.268513 -0.124410 0.744957 61 52 56
0.064627 0.007702 0.638454 73 72 67
0.067682 0.006326 0.637882 79 77 76
0.070660 0.004960 0.637418 81 82 78
0.073477 0.003607 0.637218 85 87 86
0.076199 0.002263 0.637167 110 117 112
0.078831 0.000927 0.637261 160 168 164
0.081482 -0.000405 0.637303 114 109 100
0.084199 -0.001735 0.637203 83 68 55
0.089604 -0.004377 0.636999 6 7 10
0.092514 -0.005692 0.636472 50 78 92
0.095460 -0.007001 0.635849 250 253 226
0.098366 -0.008301 0.635272 91 83 46
0.101337 -0.009595 0.634540 130 114 107
0.104391 -0.010879 0.633615 66 56 50
0.107623 -0.012153 0.632301 93 83 77
0.110592 -0.013420 0.631471 93 89 81
0.113449 -0.014681 0.630832 75 76 69
0.116233 -0.015935 0.630313 55 59 55
0.118839 -0.017187 0.630132 49 56 55
0.121522 -0.018431 0.629766 64 76 80
0.124156 -0.019671 0.629478 133 149 149
0.126724 -0.020906 0.629305 167 181 166
0.129198 -0.022141 0.629311 175 178 167
0.131429 -0.023383 0.629815 178 177 170
0.133340 -0.024641 0.631005 178 174 166
0.135361 -0.025893 0.631954 175 172 164
0.137517 -0.027134 0.632605 170 171 156
0.139772 -0.028367 0.633027 162 164 149
0.141501 -0.029638 0.634616 162 163 143
0.143710 -0.030871 0.635131 160 161 141
0.145879 -0.032105 0.635723 157 158 140
0.147940 -0.033346 0.636558 154 155 137
0.149701 -0.034617 0.638087 151 152 134
0.151718 -0.035863 0.639022 152 153 135
0.153593 -0.037124 0.640292 152 153 135
0.155581 -0.038372 0.641294 149 150 130
0.157462 -0.039634 0.642557 146 147 127
0.159429 -0.040885 0.643609 146 145 128
0.161313 -0.042148 0.644868 153 152 134
0.221057 -0.081376 0.681634 145 146 126
0.224839 -0.083961 0.684359 156 157 137
0.226671 -0.085281 0.685943 148 149 129
0.228572 -0.086574 0.687287 145 148 127
0.230440 -0.087885 0.688763 132 135 114
0.232320 -0.089192 0.690204 130 133 112
0.234178 -0.090512 0.691738 151 153 132
0.235994 -0.091856 0.693446 141 142 122
0.237770 -0.093224 0.695326 143 146 125
0.239633 -0.094553 0.696882 144 145 125
0.241506 -0.095880 0.698414 147 148 128
0.243364 -0.097218 0.700017 157 159 140
0.245277 -0.098530 0.701412 154 157 138
0.247145 -0.099869 0.702999 154 156 137
0.249032 -0.101201 0.704522 154 155 135
0.250891 -0.102553 0.706180 149 150 130
0.252838 -0.103855 0.707466 155 156 137
0.254703 -0.105210 0.709123 154 155 137
0.256548 -0.106583 0.710889 154 155 137
0.258413 -0.107948 0.712584 156 157 139
0.260263 -0.109328 0.714363 156 157 139
0.262054 -0.110755 0.716443 152 155 136
0.263703 -0.112294 0.719236 163 161 144
0.265311 -0.113877 0.722278 104 94 74
0.266717 -0.115632 0.726382 107 91 62
0.268138 -0.117400 0.730507 66 57 49
0.269033 -0.119621 0.737416 39 32 29
0.269562 -0.122196 0.746413 116 109 113
0.066310 0.010059 0.638192 70 68 62
0.069656 0.008662 0.637091 76 74 72
0.072622 0.007293 0.636629 80 79 77
0.075328 0.005942 0.636612 82 82 78
0.078228 0.004588 0.636223 84 88 83
0.080762 0.003255 0.636480 126 132 121
0.083520 0.001917 0.636308 166 172 159
0.086090 0.000591 0.636464 105 99 80
0.088720 -0.000733 0.636493 77 61 52
0.091421 -0.002054 0.636368 24 11 14
0.094106 -0.003370 0.636253 5 11 16
0.096801 -0.004680 0.636098 37 68 81
0.099713 -0.005987 0.635500 239 254 221
0.102599 -0.007286 0.634923 91 81 45
0.105589 -0.008578 0.634113 134 116 110
0.108788 -0.009862 0.632852 61 51 45
0.111784 -0.011136 0.631959 88 78 72
0.114668 -0.012403 0.631258 98 90 83
0.117502 -0.013663 0.630629 79 78 72
0.120182 -0.014918 0.630285 60 62 57
0.123000 -0.016163 0.629629 31 35 34
0.125767 -0.017402 0.629051 46 57 59
0.128520 -0.018634 0.628471 98 114 115
0.131212 -0.019861 0.627992 158 172 162
0.133671 -0.021091 0.627988 155 156 142
0.135689 -0.022338 0.628922 176 170 161
0.137741 -0.023583 0.629780 172 168 159
0.139882 -0.024821 0.630437 156 154 139
0.142206 -0.026045 0.630676 162 159 141
0.143994 -0.027303 0.632112 163 162 143
0.146089 -0.028540 0.632852 162 161 142
0.148257 -0.029769 0.633419 159 158 139
0.150299 -0.031006 0.634272 156 156 139
0.152051 -0.032269 0.635797 152 153 135
0.154012 -0.033514 0.636838 151 152 134
0.155869 -0.034770 0.638125 152 153 135
0.157791 -0.036020 0.639261 151 152 134
0.159699 -0.037271 0.640432 151 151 134
0.161626 -0.038521 0.641560 152 151 134
0.163497 -0.039778 0.642827 151 150 133
0.165424 -0.041029 0.643956 146 145 128
0.169233 -0.043538 0.646336 138 139 119
0.207196 -0.068826 0.671171 150 149 130
0.211103 -0.071343 0.673386 145 145 126
0.215006 -0.073861 0.675614 146 147 129
0.218847 -0.076402 0.678060 133 134 114
0.220792 -0.077665 0.679204 142 143 123
0.222747 -0.078925 0.680315 147 148 128
0.224637 -0.080210 0.681654 150 151 131
0.226544 -0.081491 0.682944 152 153 133
0.228392 -0.082797 0.684449 153 154 134
0.230268 -0.084094 0.685862 143 144 124
0.232116 -0.085406 0.687392 141 142 122
0.234013 -0.086698 0.688744 140 141 121
0.235888 -0.088003 0.690192 135 137 116
0.237707 -0.089336 0.691863 136 137 117
0.239468 -0.090703 0.693782 138 139 119
0.241308 -0.092035 0.695407 145 146 126
0.243210 -0.093339 0.696797 150 151 131
0.245059 -0.094673 0.698411 153 154 134
0.246950 -0.095988 0.699868 153 155 137
0.248834 -0.097310 0.701364 154 156 137
0.250743 -0.098620 0.702765 152 153 133
0.252589 -0.099971 0.704452 148 149 129
0.254527 -0.101269 0.705750 152 153 134
0.256384 -0.102620 0.707411 154 155 137
0.258190 -0.104008 0.709327 154 155 137
0.260005 -0.105397 0.711223 155 156 138
0.261761 -0.106832 0.713422 154 155 137
0.263519 -0.108274 0.715644 150 149 132
0.265081 -0.109867 0.718852 106 101 82
0.266699 -0.111435 0.721847 143 138 116
0.268023 -0.113242 0.726375 128 122 104
0.269400 -0.115036 0.730740 31 22 20
0.270168 -0.117346 0.738355 123 109 112
0.074636 0.009612 0.635735 73 75 75
0.077489 0.008252 0.635435 78 80 79
0.080356 0.006897 0.635085 85 86 83
0.083143 0.005552 0.634859 93 96 88
0.085755 0.004219 0.634935 140 147 135
0.088280 0.002895 0.635155 159 169 150
0.090791 0.001574 0.635387 99 90 72
0.093318 0.000257 0.635573 65 55 46
0.095858 -0.001057 0.635720 21 6 16
0.098335 -0.002365 0.635972 6 13 19
0.101114 -0.003675 0.635620 39 70 77
0.104044 -0.004981 0.634945 250 254 230
0.106930 -0.006279 0.634327 102 92 46
0.110061 -0.007570 0.633189 118 101 87
0.113028 -0.008852 0.632344 64 56 48
0.115894 -0.010126 0.631668 83 77 70
0.118725 -0.011392 0.631035 97 89 82
0.121471 -0.012652 0.630548 74 73 63
0.124361 -0.013902 0.629731 63 63 57
0.127180 -0.015145 0.629030 44 44 45
0.130081 -0.016378 0.628124 36 40 46
0.132836 -0.017607 0.627492 62 70 80
0.135399 -0.018835 0.627248 112 120 115
0.137609 -0.020072 0.627752 154 154 140
0.139858 -0.021304 0.628159 124 128 108
0.141962 -0.022541 0.628876 184 185 169
0.144306 -0.023763 0.629048 162 163 146
0.146389 -0.024996 0.629796 162 163 143
0.148521 -0.026225 0.630425 156 156 137
0.150589 -0.027456 0.631194 156 155 138
0.152587 -0.028692 0.632119 156 156 139
0.154453 -0.029937 0.633353 154 155 135
0.156433 -0.031174 0.634321 151 151 131
0.158247 -0.032426 0.635684 149 150 130
0.160184 -0.033666 0.636756 149 148 130
0.162090 -0.034910 0.637903 149 149 130
0.164006 -0.036154 0.639029 147 147 129
0.165800 -0.037412 0.640458 150 149 132
0.167750 -0.038653 0.641502 147 146 129
0.169593 -0.039907 0.642820 135 135 117
0.173398 -0.042403 0.645157 139 140 120
0.177196 -0.044902 0.647525 143 144 124
0.179107 -0.046150 0.648678 147 148 128
0.182984 -0.048638 0.650843 149 148 129
0.186604 -0.051177 0.653727 147 146 127
0.209076 -0.066374 0.669382 150 149 130
0.218647 -0.072698 0.675450 135 136 116
0.220622 -0.073944 0.676467 132 133 113
0.222524 -0.075216 0.677735 142 143 124
0.224458 -0.076477 0.678895 151 152 132
0.226368 -0.077748 0.680143 149 150 130
0.228276 -0.079021 0.681401 149 150 130
0.230125 -0.080319 0.682881 151 152 132
0.232041 -0.081592 0.684125 146 147 127
0.233916 -0.082884 0.685525 141 142 122
0.235833 -0.084158 0.686772 139 140 120
0.237690 -0.085462 0.688258 142 143 123
0.239522 -0.086780 0.689854 141 142 122
0.241275 -0.088139 0.691772 141 142 122
0.243108 -0.089465 0.693396 141 142 122
0.244961 -0.090785 0.694953 143 144 124
0.246809 -0.092110 0.696546 139 140 120
0.248706 -0.093413 0.697948 143 144 124
0.250583 -0.094729 0.699441 141 142 122
0.252470 -0.096042 0.700905 147 148 128
0.254290 -0.097397 0.702674 152 153 133
0.256178 -0.098717 0.704160 157 158 139
0.257970 -0.100098 0.706089 157 158 140
0.259788 -0.101470 0.707928 158 159 141
0.261545 -0.102887 0.710073 158 157 141
0.263308 -0.104309 0.712225 154 153 137
0.265005 -0.105785 0.714723 148 147 130
0.266547 -0.107381 0.718020 185 181 160
0.268027 -0.109040 0.721696 104 98 80
0.269182 -0.110964 0.727096 38 29 19
0.270423 -0.112857 0.732193 110 101 98
0.072566 0.013371 0.637324 56 62 60
0.076155 0.011951 0.635721 70 74 73
0.079100 0.010581 0.635242 75 79 77
0.082197 0.009208 0.634459 82 83 79
0.084982 0.007860 0.634221 87 88 83
0.087745 0.006518 0.634000 92 98 88
0.090177 0.005197 0.634378 154 162 150
0.092606 0.003879 0.634752 161 161 142
0.094977 0.002566 0.635221 100 90 74
0.097374 0.001255 0.635631 63 55 44
0.099747 -0.000052 0.636076 24 4 15
0.102428 -0.001365 0.635905 8 12 21
0.105230 -0.002674 0.635473 45 64 85
0.108203 -0.003980 0.634674 251 252 230
0.111257 -0.005279 0.633678 117 106 51
0.114091 -0.006567 0.633092 123 107 91
0.116832 -0.007848 0.632667 70 59 52
0.119651 -0.009122 0.632054 68 65 57
0.122377 -0.010389 0.631607 92 89 80
0.125241 -0.011648 0.630840 75 73 63
0.128063 -0.012899 0.630129 62 60 53
0.130974 -0.014141 0.629195 54 51 52
0.133820 -0.015376 0.628366 39 37 45
0.136551 -0.016605 0.627751 49 45 53
0.138949 -0.017838 0.627839 83 83 80
0.141388 -0.019064 0.627818 135 142 134
0.143641 -0.020294 0.628191 149 144 129
0.145993 -0.021516 0.628330 131 131 112
0.148269 -0.022737 0.628624 175 176 158
0.150486 -0.023959 0.629040 170 169 154
0.152550 -0.025187 0.629798 156 156 138
0.154630 -0.026413 0.630514 157 154 136
0.156562 -0.027648 0.631572 154 154 133
0.158570 -0.028878 0.632451 152 151 130
0.160448 -0.030117 0.633638 149 150 129
0.162488 -0.031342 0.634436 148 147 130
0.164443 -0.032575 0.635436 149 150 129
0.166329 -0.033814 0.636606 144 143 122
0.168143 -0.035061 0.637957 145 144 125
0.170090 -0.036295 0.638980 147 146 129
0.171885 -0.037547 0.640392 136 135 117
0.173759 -0.038791 0.641604 143 144 124
0.175628 -0.040036 0.642834 146 147 127
0.177465 -0.041286 0.644150 147 148 128
0.181206 -0.043781 0.646622 142 143 123
0.185029 -0.046265 0.648881 142 143 123
0.186712 -0.047548 0.650649 142 143 123
0.188538 -0.048809 0.652030 146 147 127
0.190493 -0.050046 0.653049 144 145 125
0.192327 -0.051307 0.654417 146 147 127
0.194272 -0.052547 0.655471 147 147 128
0.198128 -0.055034 0.657673 150 149 130
0.201730 -0.057583 0.660653 151 152 132
0.205414 -0.060121 0.663417 149 148 129
0.207288 -0.061384 0.664708 154 153 134
0.209053 -0.062678 0.666351 151 150 131
0.212752 -0.065226 0.669131 153 152 133
0.214661 -0.066486 0.670337 143 142 123
0.216519 -0.067762 0.671714 148 147 129
0.218439 -0.069020 0.672891 143 144 124
0.220371 -0.070274 0.674028 135 136 116
0.222326 -0.071521 0.675088 135 136 116
0.224244 -0.072782 0.676280 137 138 118
0.226170 -0.074039 0.677442 143 144 124
0.228063 -0.075310 0.678728 146 147 127
0.229952 -0.076584 0.680035 149 150 130
0.231810 -0.077871 0.681458 148 149 129
0.233717 -0.079141 0.682711 144 145 125
0.235641 -0.080405 0.683905 141 142 122
0.237538 -0.081682 0.685207 140 141 121
0.239399 -0.082976 0.686649 141 142 122
0.241220 -0.084290 0.688264 142 143 123
0.242976 -0.085639 0.690151 143 144 124
0.244790 -0.086966 0.691823 144 145 125
0.246611 -0.088293 0.693488 146 147 127
0.248465 -0.089607 0.695029 150 151 131
0.250372 -0.090896 0.696361 144 145 125
0.252237 -0.092211 0.697884 150 151 131
0.254105 -0.093526 0.699403 151 152 132
0.255919 -0.094876 0.701171 150 151 131
0.257691 -0.096255 0.703150 151 152 133
0.259480 -0.097632 0.705082 149 148 133
0.261238 -0.099033 0.707178 152 150 135
0.262996 -0.100443 0.709311 151 149 134
0.264666 -0.101919 0.711892 160 158 143
0.266321 -0.103416 0.714595 195 193 177
0.267783 -0.105061 0.718297 127 120 102
0.269164 -0.106785 0.722488 41 34 23
0.270201 -0.108788 0.728531 117 103 98
0.077337 0.014310 0.636312 65 70 70
0.080698 0.012905 0.635067 74 78 77
0.083867 0.011521 0.634135 80 79 79
0.086898 0.010154 0.633427 85 84 79
0.089567 0.008815 0.633366 88 89 84
0.092139 0.007486 0.633468 91 98 87
0.094594 0.006166 0.633775 154 156 147
0.096935 0.004855 0.634288 166 163 145
0.099327 0.003545 0.634691 98 86 71
0.101527 0.002244 0.635458 63 59 47
0.104089 0.000933 0.635506 16 10 13
0.106686 -0.000375 0.635465 10 12 20
0.109308 -0.001679 0.635356 11 25 61
0.112335 -0.002986 0.634406 226 230 225
0.115104 -0.004280 0.633946 178 157 107
0.117743 -0.005566 0.633727 143 114 92
0.120473 -0.006847 0.633296 78 70 57
0.123230 -0.008122 0.632780 69 68 59
0.126068 -0.009389 0.632065 76 71 65
0.128836 -0.010649 0.631467 75 67 66
0.131684 -0.011901 0.630666 66 60 60
0.134583 -0.013144 0.629721 51 49 47
0.137362 -0.014381 0.629003 44 38 39
0.139971 -0.015614 0.628624 35 29 31
0.142600 -0.016840 0.628177 41 44 47
0.145099 -0.018063 0.627994 73 82 86
0.147614 -0.019280 0.627749 159 161 159
0.149921 -0.020501 0.627959 190 187 175
0.152235 -0.021718 0.628134 162 160 143
0.154392 -0.022939 0.628662 156 157 138
0.156530 -0.024159 0.629223 162 161 144
0.158518 -0.025386 0.630132 161 160 139
0.160565 -0.026609 0.630898 153 154 132
0.162564 -0.027834 0.631772 145 146 124
0.164631 -0.029052 0.632477 168 167 148
0.166633 -0.030274 0.633337 164 163 143
0.168561 -0.031503 0.634377 144 143 122
0.170404 -0.032740 0.635631 142 141 120
0.172332 -0.033969 0.636674 136 135 116
0.174115 -0.035215 0.638089 138 137 118
0.175898 -0.036462 0.639512 144 143 124
0.177766 -0.037700 0.640717 146 145 126
0.179625 -0.038940 0.641953 146 147 127
0.181459 -0.040185 0.643256 146 147 127
0.183274 -0.041433 0.644617 141 142 122
0.185132 -0.042677 0.645868 142 143 123
0.187027 -0.043916 0.647020 134 135 115
0.188642 -0.045202 0.648958 139 140 120
0.190525 -0.046446 0.650155 142 143 123
0.192512 -0.047671 0.651057 139 140 120
0.194392 -0.048916 0.652268 139 140 120
0.196249 -0.050167 0.653548 141 142 122
0.198205 -0.051398 0.654540 143 144 124
0.200114 -0.052639 0.655672 144 145 125
0.201920 -0.053903 0.657116 144 145 127
0.207260 -0.057727 0.661747 152 151 132
0.209150 -0.058979 0.662966 149 148 129
0.212689 -0.061552 0.666190 151 150 131
0.214487 -0.062835 0.667733 152 151 132
0.216386 -0.064091 0.668949 153 153 134
0.218303 -0.065343 0.670107 136 137 117
0.222143 -0.067847 0.672416 138 139 119
0.224114 -0.069082 0.673392 138 139 119
0.226018 -0.070340 0.674604 139 140 120
0.227944 -0.071591 0.675745 142 143 123
0.229770 -0.072879 0.677245 145 146 126
0.231690 -0.074135 0.678414 147 148 128
0.233571 -0.075406 0.679730 146 147 127
0.235470 -0.076671 0.680983 144 145 125
0.237364 -0.077940 0.682263 142 143 123
0.239255 -0.079211 0.683557 140 141 121
0.241119 -0.080496 0.684966 141 142 122
0.242955 -0.081795 0.686492 140 141 121
0.244664 -0.083156 0.688546 142 143 123
0.246472 -0.084477 0.690221 140 141 121
0.248308 -0.085788 0.691795 140 141 121
0.250122 -0.087113 0.693478 144 145 125
0.252013 -0.088403 0.694850 148 149 129
0.253846 -0.089726 0.696483 146 147 127
0.255702 -0.091041 0.698031 152 153 133
0.257437 -0.092427 0.700133 151 152 132
0.259201 -0.093803 0.702131 153 154 135
0.260925 -0.095211 0.704344 157 157 141
0.262673 -0.096611 0.706478 150 148 133
0.264288 -0.098105 0.709277 154 152 137
0.265898 -0.099613 0.712149 185 183 168
0.267454 -0.101173 0.715348 89 87 72
0.268801 -0.102892 0.719648 54 40 28
0.270113 -0.104661 0.724231 122 104 99
0.078367 0.016682 0.637179 58 52 43
0.082091 0.015239 0.635261 77 75 68
0.085441 0.013834 0.633983 76 79 73
0.088549 0.012456 0.633117 76 84 78
0.091397 0.011102 0.632707 79 91 81
0.093980 0.009770 0.632773 92 94 85
0.096448 0.008449 0.633042 91 95 86
0.098774 0.007139 0.633569 156 158 150
0.101195 0.005827 0.633902 177 174 161
0.103429 0.004526 0.634591 95 84 71
0.105657 0.003227 0.635282 74 76 62
0.108220 0.001917 0.635297 23 13 17
0.110551 0.000619 0.635763 14 9 23
0.113276 -0.000687 0.635416 1 9 36
0.116060 -0.001988 0.634921 204 216 229
0.118622 -0.003279 0.634858 225 210 180
0.121381 -0.004568 0.634365 110 82 60
0.123994 -0.005848 0.634150 98 90 77
0.126782 -0.007124 0.633540 58 56 51
0.129478 -0.008393 0.633096 74 69 67
0.132316 -0.009654 0.632317 73 66 62
0.135130 -0.010908 0.631558 55 48 51
0.137935 -0.012154 0.630783 51 43 46
0.140539 -0.013395 0.630423 54 44 47
0.143298 -0.014627 0.629687 47 40 41
0.145877 -0.015855 0.629326 35 30 35
0.148563 -0.017074 0.628693 41 40 48
0.151034 -0.018293 0.628523 72 78 81
0.153468 -0.019508 0.628416 147 151 139
0.155768 -0.020724 0.628602 181 182 162
0.158008 -0.021939 0.628915 153 152 127
0.160086 -0.023160 0.629599 155 154 129
0.162268 -0.024373 0.630025 150 150 129
0.164337 -0.025590 0.630718 144 144 123
0.166480 -0.026801 0.631218 138 139 117
0.168540 -0.028015 0.631913 131 131 110
0.170541 -0.029233 0.632751 137 136 116
0.172446 -0.030459 0.633829 137 136 117
0.174374 -0.031683 0.634848 132 131 112
0.176161 -0.032921 0.636231 136 135 116
0.177979 -0.034157 0.637540 148 147 128
0.179833 -0.035391 0.638761 142 141 122
0.181750 -0.036617 0.639814 148 148 128
0.183522 -0.037862 0.641262 142 143 123
0.185359 -0.039101 0.642539 138 139 119
0.187107 -0.040353 0.644065 139 140 120
0.189001 -0.041586 0.645196 139 140 120
0.190670 -0.042854 0.646961 139 140 120
0.192492 -0.044101 0.648307 140 139 120
0.194474 -0.045322 0.649199 142 141 122
0.196328 -0.046566 0.650459 142 142 122
0.198220 -0.047803 0.651614 141 141 122
0.200108 -0.049041 0.652781 140 141 121
0.202027 -0.050274 0.653858 139 140 120
0.203759 -0.051546 0.655504 141 142 122
0.205510 -0.052817 0.657105 144 145 126
0.207287 -0.054086 0.658636 149 150 132
0.209096 -0.055349 0.660080 148 149 129
0.210908 -0.056614 0.661523 149 150 130
0.212634 -0.057903 0.663250 152 153 133
0.214429 -0.059177 0.664769 149 150 130
0.216246 -0.060448 0.666227 146 146 126
0.218139 -0.061700 0.667440 137 138 118
0.220043 -0.062950 0.668624 133 134 114
0.221946 -0.064200 0.669807 139 140 120
0.223853 -0.065450 0.670985 144 145 125
0.225798 -0.066689 0.672030 142 143 123
0.227726 -0.067933 0.673134 142 143 123
0.229617 -0.069190 0.674374 144 145 125
0.231501 -0.070451 0.675645 143 144 124
0.233379 -0.071715 0.676942 145 146 126
0.235302 -0.072963 0.678075 147 148 128
0.237202 -0.074221 0.679299 144 145 125
0.239096 -0.075482 0.680551 141 142 122
0.240971 -0.076753 0.681880 140 139 120
0.242838 -0.078028 0.683251 139 138 119
0.244628 -0.079339 0.684935 140 139 120
0.246335 -0.080692 0.686974 139 139 120
0.248119 -0.082015 0.688724 137 138 118
0.249913 -0.083338 0.690450 139 140 120
0.251713 -0.084663 0.692170 149 148 127
0.253559 -0.085968 0.693712 151 151 130
0.255381 -0.087290 0.695376 143 144 124
0.257155 -0.088642 0.697265 150 148 133
0.258888 -0.090022 0.699367 149 147 135
0.260586 -0.091429 0.701654 150 149 134
0.262322 -0.092823 0.703804 169 165 144
0.263966 -0.094281 0.706423 174 167 154
0.265521 -0.095805 0.709515 122 116 102
0.267003 -0.097391 0.713019 65 60 51
0.268496 -0.098988 0.716551 67 61 55
0.078813 0.019107 0.639118 132 98 87
0.083067 0.017604 0.636219 62 58 48
0.086682 0.016168 0.634443 74 75 67
0.090099 0.014759 0.632987 78 80 75
0.093043 0.013393 0.632384 78 85 78
0.095681 0.012055 0.632333 87 88 78
0.098253 0.010726 0.632390 92 93 83
0.100678 0.009409 0.632712 97 101 92
0.103015 0.008101 0.633196 144 147 138
0.105173 0.006805 0.634020 184 180 166
0.107450 0.005504 0.634603 100 87 73
0.109734 0.004205 0.635163 69 68 56
0.112062 0.002906 0.635625 27 21 16
0.114477 0.001607 0.635898 15 10 16
0.117070 0.000305 0.635788 0 4 29
0.119612 -0.000990 0.635765 146 167 178
0.122209 -0.002282 0.635606 244 243 212
0.124855 -0.003570 0.635322 110 87 60
0.127496 -0.004851 0.635023 104 92 77
0.130132 -0.006127 0.634710 60 57 50
0.132925 -0.007398 0.634030 73 69 67
0.135710 -0.008662 0.633335 47 40 43
0.138377 -0.009918 0.632869 58 49 52
0.141034 -0.011167 0.632397 62 50 52
0.143751 -0.012410 0.631759 52 44 45
0.146413 -0.013645 0.631217 48 42 45
0.149128 -0.014873 0.630521 45 40 44
0.151775 -0.016094 0.629951 34 28 33
0.154366 -0.017310 0.629479 42 39 40
0.156814 -0.018525 0.629316 70 70 69
0.159192 -0.019738 0.629298 114 116 109
0.161412 -0.020953 0.629638 161 162 145
0.163637 -0.022165 0.629952 150 149 124
0.165771 -0.023378 0.630476 134 132 105
0.167943 -0.024587 0.630894 137 137 115
0.170120 -0.025793 0.631289 140 139 118
0.172206 -0.027002 0.631900 138 139 117
0.174268 -0.028212 0.632563 135 134 115
0.176272 -0.029425 0.633367 135 134 115
0.178190 -0.030645 0.634392 134 133 114
0.180091 -0.031866 0.635459 146 145 126
0.182004 -0.033087 0.636498 143 142 123
0.183863 -0.034313 0.637678 147 147 128
0.185725 -0.035540 0.638857 142 143 123
0.187450 -0.036785 0.640410 138 139 119
0.189235 -0.038024 0.641811 140 141 121
0.191065 -0.039259 0.643092 139 140 120
0.192800 -0.040509 0.644647 139 140 120
0.194630 -0.041746 0.645941 139 138 119
0.196521 -0.042975 0.647065 141 140 121
0.198427 -0.044202 0.648146 142 141 122
0.200218 -0.045450 0.649568 143 142 123
0.202082 -0.046686 0.650779 143 142 123
0.203905 -0.047931 0.652121 146 145 126
0.205694 -0.049184 0.653570 143 143 123
0.207369 -0.050463 0.655382 141 141 121
0.209189 -0.051714 0.656757 143 144 124
0.210915 -0.052989 0.658440 140 141 121
0.212778 -0.054235 0.659696 141 142 122
0.214511 -0.055513 0.661379 141 142 122
0.216307 -0.056780 0.662871 139 140 120
0.218082 -0.058054 0.664441 138 139 119
0.219957 -0.059304 0.665689 138 139 119
0.221837 -0.060553 0.666925 144 144 124
0.223738 -0.061798 0.668093 139 140 120
0.225626 -0.063047 0.669306 142 143 123
0.227552 -0.064285 0.670393 146 147 127
0.229424 -0.065540 0.671670 144 145 125
0.231342 -0.066782 0.672789 139 140 120
0.233262 -0.068024 0.673900 137 138 118
0.235144 -0.069279 0.675156 140 141 121
0.237087 -0.070513 0.676186 146 147 127
0.238989 -0.071762 0.677371 146 147 127
0.240862 -0.073024 0.678673 144 144 124
0.242697 -0.074302 0.680132 140 139 120
0.244562 -0.075570 0.681479 140 139 120
0.246317 -0.076887 0.683281 134 133 114
0.248022 -0.078231 0.685302 136 135 116
0.249744 -0.079574 0.687286 136 136 116
0.251486 -0.080913 0.689209 137 138 118
0.253244 -0.082250 0.691092 142 144 120
0.255075 -0.083557 0.692681 146 148 127
0.256836 -0.084903 0.694591 146 149 128
0.258573 -0.086268 0.696634 146 147 130
0.260242 -0.087676 0.699013 122 123 110
0.261928 -0.089084 0.701356 112 112 105
0.263548 -0.090539 0.704047 124 121 111
0.265104 -0.092044 0.707093 81 73 64
0.266471 -0.093679 0.711107 50 43 38
0.267871 -0.095314 0.715055 82 77 72
0.079179 0.021551 0.641217 146 103 90
0.083854 0.019991 0.637533 103 77 68
0.087754 0.018517 0.635218 65 67 56
0.091363 0.017080 0.633391 76 75 67
0.094534 0.015689 0.632346 77 80 76
0.097258 0.014341 0.632121 83 84 75
0.099924 0.013002 0.631986 87 88 76
0.102299 0.011688 0.632396 93 94 84
0.104709 0.010374 0.632724 91 95 86
0.106741 0.009086 0.633789 138 140 137
0.109071 0.007782 0.634257 192 191 182
0.111297 0.006485 0.634923 110 101 86
0.113600 0.005186 0.635426 79 64 56
0.115857 0.003892 0.636013 46 34 30
0.118348 0.002591 0.636108 9 8 8
0.120764 0.001296 0.636339 4 10 23
0.123357 -0.000001 0.636182 21 41 58
0.125793 -0.001288 0.636337 245 253 238
0.128421 -0.002576 0.636064 138 125 87
0.130935 -0.003856 0.636013 110 91 65
0.133681 -0.005135 0.635433 84 77 59
0.136421 -0.006406 0.634838 49 46 40
0.139102 -0.007671 0.634342 15 12 12
0.141674 -0.008928 0.634061 55 46 50
0.144366 -0.010179 0.633482 53 45 46
0.146955 -0.011425 0.633109 54 46 45
0.149693 -0.012661 0.632365 53 46 47
0.152300 -0.013893 0.631892 45 38 41
0.154933 -0.015117 0.631327 42 34 39
0.157489 -0.016336 0.630914 34 25 32
0.160009 -0.017550 0.630559 45 38 46
0.162346 -0.018765 0.630621 59 56 61
0.164666 -0.019976 0.630704 92 92 91
0.166907 -0.021187 0.630964 135 136 122
0.169173 -0.022393 0.631144 152 151 129
0.171365 -0.023599 0.631493 138 135 109
0.173483 -0.024808 0.632017 137 136 112
0.175727 -0.026004 0.632208 135 134 115
0.177801 -0.027210 0.632821 135 134 115
0.179761 -0.028424 0.633725 138 137 118
0.181695 -0.029640 0.634695 146 145 126
0.183593 -0.030859 0.635760 154 153 134
0.185470 -0.032080 0.636881 141 141 122
0.187359 -0.033301 0.637972 138 139 120
0.189168 -0.034530 0.639283 138 139 119
0.190986 -0.035760 0.640575 139 140 120
0.192845 -0.036986 0.641760 139 140 120
0.194590 -0.038229 0.643269 139 140 120
0.196439 -0.039458 0.644491 140 138 119
0.198287 -0.040689 0.645720 142 138 120
0.200167 -0.041915 0.646857 141 140 121
0.201965 -0.043156 0.648240 140 139 120
0.203791 -0.044393 0.649545 141 140 121
0.205677 -0.045621 0.650675 142 141 122
0.207472 -0.046867 0.652089 144 143 124
0.209212 -0.048125 0.653680 143 142 123
0.210984 -0.049380 0.655185 143 142 123
0.212719 -0.050645 0.656818 142 143 123
0.214538 -0.051895 0.658193 139 140 120
0.216286 -0.053162 0.659807 139 140 120
0.218064 -0.054426 0.661337 139 140 120
0.219921 -0.055672 0.662612 144 145 125
0.221776 -0.056920 0.663901 147 148 128
0.223653 -0.058164 0.665120 143 142 123
0.225525 -0.059410 0.666363 140 139 122
0.227375 -0.060663 0.667684 138 137 118
0.229267 -0.061905 0.668863 139 138 119
0.231128 -0.063158 0.670156 141 140 121
0.233029 -0.064399 0.671312 141 141 121
0.235002 -0.065617 0.672203 139 138 119
0.236892 -0.066862 0.673401 141 141 121
0.238847 -0.068085 0.674358 141 140 122
0.240684 -0.069351 0.675761 141 140 123
0.242472 -0.070637 0.677370 140 139 122
0.244282 -0.071918 0.678901 133 132 114
0.246092 -0.073203 0.680452 130 129 112
0.247794 -0.074535 0.682452 130 129 111
0.249491 -0.075876 0.684500 131 130 111
0.251192 -0.077221 0.686556 132 131 112
0.252873 -0.078582 0.688731 133 132 113
0.254599 -0.079929 0.690742 132 137 114
0.256349 -0.081270 0.692673 139 146 124
0.258083 -0.082626 0.694706 119 125 104
0.259725 -0.084036 0.697176 112 118 103
0.261388 -0.085444 0.699599 111 115 107
0.263036 -0.086870 0.702129 83 86 78
0.264620 -0.088343 0.705010 48 47 33
0.266052 -0.089917 0.708671 53 46 42
0.267349 -0.091591 0.713074 94 87 82
0.088425 0.020905 0.636746 90 70 66
0.092407 0.019420 0.634209 73 68 61
0.095750 0.018005 0.632830 85 79 75
0.098790 0.016625 0.631991 81 80 73
0.101486 0.015280 0.631784 82 86 78
0.103846 0.013965 0.632214 84 87 79
0.106280 0.012648 0.632486 91 92 83
0.108439 0.011353 0.633291 92 95 86
0.110740 0.010049 0.633806 114 118 112
0.112919 0.008756 0.634559 189 189 178
0.115254 0.007455 0.634985 130 120 106
0.117481 0.006162 0.635622 88 66 58
0.119844 0.004865 0.635969 58 57 47
0.122162 0.003572 0.636396 13 9 2
0.124563 0.002279 0.636637 5 8 11
0.126952 0.000990 0.636888 2 6 29
0.129464 -0.000300 0.636858 143 162 172
0.131951 -0.001584 0.636860 242 239 209
0.134552 -0.002867 0.636594 98 77 58
0.137188 -0.004144 0.636226 100 86 82
0.139776 -0.005415 0.635937 65 54 49
0.142240 -0.006679 0.635904 69 50 56
0.144865 -0.007940 0.635482 62 57 53
0.147464 -0.009193 0.635093 42 32 30
0.150122 -0.010440 0.634540 44 38 37
0.152676 -0.011682 0.634197 47 45 43
0.155246 -0.012917 0.633790 50 43 46
0.157961 -0.014142 0.633010 48 41 45
0.160524 -0.015364 0.632558 45 44 45
0.162951 -0.016583 0.632410 39 40 41
0.165442 -0.017794 0.632080 35 33 36
0.167886 -0.019002 0.631839 48 45 50
0.170225 -0.020208 0.631836 68 79 76
0.172444 -0.021416 0.632117 106 110 104
0.174689 -0.022619 0.632314 151 149 139
0.177105 -0.023808 0.632054 154 149 136
0.179261 -0.025008 0.632442 145 140 122
0.181263 -0.026217 0.633228 145 141 119
0.183153 -0.027435 0.634303 127 123 100
0.185100 -0.028647 0.635228 140 137 118
0.186999 -0.029864 0.636278 155 159 139
0.188926 -0.031077 0.637253 145 151 129
0.190746 -0.032302 0.638524 144 146 129
0.192691 -0.033514 0.639450 144 146 128
0.194538 -0.034737 0.640649 134 138 118
0.196326 -0.035968 0.642022 135 136 116
0.198216 -0.037188 0.643107 140 138 119
0.200067 -0.038413 0.644306 141 139 120
0.201892 -0.039642 0.645586 139 138 119
0.203661 -0.040882 0.647039 139 138 119
0.205528 -0.042107 0.648205 143 140 123
0.207403 -0.043332 0.649349 140 137 120
0.209247 -0.044563 0.650593 137 136 117
0.210988 -0.045815 0.652160 139 138 119
0.212784 -0.047058 0.653569 137 136 117
0.214478 -0.048324 0.655311 137 138 118
0.216334 -0.049559 0.656544 141 142 122
0.218048 -0.050827 0.658252 145 146 126
0.219859 -0.052076 0.659651 143 144 124
0.221680 -0.053325 0.661023 144 145 125
0.223559 -0.054560 0.662205 141 142 122
0.225432 -0.055798 0.663411 146 146 127
0.227279 -0.057044 0.664713 145 144 127
0.229138 -0.058288 0.665978 144 143 125
0.231010 -0.059529 0.667205 145 144 124
0.232834 -0.060786 0.668608 142 141 121
0.234715 -0.062027 0.669809 141 140 120
0.236716 -0.063231 0.670568 139 138 118
0.238555 -0.064486 0.671933 139 138 118
0.240470 -0.065718 0.673016 130 130 112
0.242280 -0.066986 0.674502 126 126 109
0.244045 -0.068274 0.676179 135 135 118
0.245774 -0.069580 0.678017 131 130 113
0.247533 -0.070878 0.679756 127 125 109
0.249184 -0.072225 0.681959 127 126 110
0.250871 -0.073564 0.684039 126 124 109
0.252537 -0.074919 0.686240 131 130 116
0.254233 -0.076267 0.688346 136 136 123
0.255870 -0.077650 0.690741 127 134 114
0.257571 -0.079011 0.692888 111 118 102
0.259239 -0.080396 0.695219 120 120 111
0.260842 -0.081821 0.697881 85 82 78
0.262426 -0.083268 0.700679 48 43 36
0.264016 -0.084724 0.703506 53 43 41
0.265521 -0.086239 0.706792 73 61 62
0.266879 -0.087854 0.710856 96 82 78
0.088824 0.023330 0.638799 168 131 130
0.093085 0.021799 0.635726 87 66 62
0.096675 0.020349 0.633869 66 61 56
0.099896 0.018943 0.632675 79 75 71
0.102801 0.017573 0.632057 85 81 76
0.105231 0.016251 0.632345 82 87 79
0.107737 0.014925 0.632467 85 88 81
0.109962 0.013624 0.633135 89 90 83
0.112267 0.012320 0.633633 94 95 86
0.114472 0.011024 0.634323 111 115 107
0.116908 0.009715 0.634534 181 180 171
0.119200 0.008419 0.635025 154 149 135
0.121572 0.007120 0.635340 97 85 73
0.123779 0.005833 0.635988 79 70 51
0.126025 0.004546 0.636546 29 21 8
0.128191 0.003264 0.637266 9 8 14
0.130635 0.001973 0.637374 13 0 28
0.133035 0.000688 0.637565 30 48 69
0.135586 -0.000599 0.637404 216 224 234
0.138172 -0.001881 0.637141 162 147 129
0.140704 -0.003157 0.636976 87 69 50
0.143113 -0.004426 0.637065 89 74 71
0.145688 -0.005692 0.636757 58 52 44
0.148173 -0.006952 0.636632 29 20 15
0.150749 -0.008208 0.636269 35 31 28
0.153225 -0.009457 0.636114 52 53 48
0.155770 -0.010701 0.635773 51 48 49
0.158428 -0.011937 0.635135 49 45 46
0.160965 -0.013168 0.634755 50 45 44
0.163355 -0.014396 0.634706 52 46 45
0.165849 -0.015617 0.634380 45 43 41
0.168302 -0.016832 0.634127 39 41 38
0.170682 -0.018045 0.634033 34 33 33
0.173009 -0.019255 0.634051 30 25 29
0.175355 -0.020459 0.633997 48 47 50
0.177919 -0.021647 0.633357 74 77 76
0.180153 -0.022847 0.633546 95 97 95
0.182208 -0.024055 0.634195 119 121 115
0.184195 -0.025266 0.635016 145 147 138
0.186146 -0.026479 0.635930 150 148 138
0.188116 -0.027690 0.636791 120 123 109
0.190096 -0.028899 0.637619 110 118 102
0.192028 -0.030112 0.638577 124 127 113
0.194055 -0.031314 0.639265 127 127 112
0.195989 -0.032526 0.640211 135 136 118
0.197790 -0.033752 0.641538 143 148 127
0.199685 -0.034968 0.642598 141 140 121
0.201525 -0.036192 0.643819 141 139 120
0.203380 -0.037414 0.645001 143 141 122
0.205208 -0.038641 0.646269 136 135 116
0.207070 -0.039864 0.647436 136 135 116
0.208957 -0.041083 0.648528 137 136 117
0.210830 -0.042305 0.649665 137 136 117
0.212602 -0.043546 0.651127 138 135 118
0.214403 -0.044783 0.652503 139 137 120
0.216128 -0.046037 0.654132 141 142 122
0.217950 -0.047274 0.655458 140 141 121
0.219761 -0.048515 0.656828 142 143 123
0.221564 -0.049760 0.658234 145 146 126
0.223390 -0.051001 0.659569 143 144 124
0.225240 -0.052238 0.660828 141 142 122
0.227083 -0.053478 0.662118 145 144 125
0.228919 -0.054721 0.663438 144 143 126
0.230764 -0.055963 0.664733 142 141 123
0.232620 -0.057203 0.665993 140 139 120
0.234480 -0.058444 0.667246 137 137 115
0.236300 -0.059698 0.668652 128 128 107
0.238255 -0.060912 0.669560 133 134 112
0.240081 -0.062166 0.670955 134 133 112
0.241934 -0.063414 0.672257 131 126 108
0.243674 -0.064702 0.674005 132 126 109
0.245405 -0.065997 0.675810 139 133 117
0.247102 -0.067309 0.677771 132 130 114
0.248818 -0.068620 0.679678 122 119 107
0.250490 -0.069954 0.681794 124 121 110
0.252139 -0.071303 0.684035 116 111 105
0.253804 -0.072654 0.686244 103 96 91
0.255406 -0.074039 0.688758 92 88 82
0.256988 -0.075442 0.691398 74 78 75
0.258598 -0.076843 0.693965 45 47 49
0.260220 -0.078248 0.696522 36 32 31
0.261752 -0.079708 0.699539 45 38 35
0.263314 -0.081165 0.702471 63 56 49
0.264828 -0.082661 0.705693 85 78 72
0.266305 -0.084192 0.709161 80 74 67
0.088741 0.025820 0.641778 115 83 75
0.097162 0.022742 0.635759 96 74 70
0.100763 0.021286 0.633827 71 64 60
0.103906 0.019886 0.632741 80 75 71
0.106580 0.018537 0.632544 87 82 78
0.109163 0.017201 0.632505 85 88 81
0.111462 0.015893 0.633017 84 89 81
0.113792 0.014585 0.633455 88 89 82
0.116068 0.013284 0.633995 95 94 87
0.118484 0.011974 0.634233 100 102 95
0.120821 0.010674 0.634622 144 147 138
0.123207 0.009373 0.634896 177 177 163
0.125373 0.008088 0.635620 101 99 77
0.127472 0.006809 0.636481 85 73 54
0.129554 0.005532 0.637374 42 36 37
0.131840 0.004245 0.637820 8 6 7
0.134186 0.002958 0.638123 10 0 10
0.136658 0.001670 0.638130 1 2 33
0.139279 0.000381 0.637786 81 96 121
0.141728 -0.000898 0.637802 226 233 217
0.144236 -0.002173 0.637665 107 98 73
0.146628 -0.003441 0.637771 74 65 46
0.149034 -0.004706 0.637828 86 74 65
0.151497 -0.005967 0.637730 58 51 44
0.153855 -0.007222 0.637857 51 53 45
0.156297 -0.008473 0.637766 62 60 55
0.158811 -0.009719 0.637479 49 46 45
0.161266 -0.010961 0.637310 46 45 40
0.163548 -0.012199 0.637542 51 46 42
0.165988 -0.013430 0.637363 59 53 49
0.168401 -0.014657 0.637230 57 48 47
0.170849 -0.015878 0.636984 53 47 46
0.173182 -0.017097 0.637005 52 45 45
0.175593 -0.018308 0.636803 42 35 35
0.178228 -0.019503 0.635990 41 36 38
0.180528 -0.020708 0.636024 39 35 38
0.182676 -0.021916 0.636441 49 50 57
0.184797 -0.023124 0.636920 70 79 89
0.186847 -0.024334 0.637579 72 82 90
0.188890 -0.025542 0.638249 91 105 107
0.190889 -0.026753 0.639034 105 118 115
0.192922 -0.027959 0.639717 100 106 102
0.195081 -0.029152 0.640035 114 120 109
0.197072 -0.030358 0.640820 119 121 109
0.198949 -0.031576 0.641928 115 120 107
0.200889 -0.032786 0.642855 113 113 98
0.202704 -0.034012 0.644151 120 122 104
0.204609 -0.035227 0.645182 125 124 107
0.206462 -0.036449 0.646370 133 132 115
0.208318 -0.037671 0.647553 140 139 122
0.210193 -0.038891 0.648679 143 142 123
0.212095 -0.040108 0.649722 140 140 120
0.213881 -0.041343 0.651137 137 137 117
0.215682 -0.042578 0.652508 138 138 118
0.217446 -0.043822 0.654010 136 137 117
0.219336 -0.045044 0.655108 138 139 119
0.221165 -0.046278 0.656411 138 139 119
0.222978 -0.047517 0.657771 137 138 118
0.224804 -0.048755 0.659098 140 141 121
0.226673 -0.049984 0.660282 136 136 116
0.228511 -0.051222 0.661578 138 137 118
0.230340 -0.052463 0.662912 139 138 119
0.232171 -0.053705 0.664247 138 137 120
0.234030 -0.054941 0.665484 140 139 121
0.235874 -0.056183 0.666786 128 131 108
0.237640 -0.057448 0.668383 128 129 107
0.239520 -0.058683 0.669565 114 113 92
0.241303 -0.059949 0.671123 111 110 89
0.243141 -0.061199 0.672478 107 99 82
0.244840 -0.062498 0.674389 111 101 84
0.246594 -0.063783 0.676109 116 105 90
0.248323 -0.065081 0.677943 100 97 83
0.250047 -0.066385 0.679821 100 100 87
0.251648 -0.067742 0.682237 98 96 87
0.253245 -0.069109 0.684706 85 84 83
0.254791 -0.070505 0.687436 76 76 73
0.256347 -0.071908 0.690172 45 46 44
0.257863 -0.073339 0.693136 27 27 30
0.259476 -0.074739 0.695718 39 39 42
0.261059 -0.076163 0.698484 53 50 47
0.262576 -0.077629 0.701608 76 68 61
0.264033 -0.079140 0.705077 80 71 62
0.265485 -0.080669 0.708646 79 72 64
0.088460 0.028355 0.645156 122 90 78
0.097393 0.025175 0.638156 154 129 122
0.101300 0.023670 0.635630 104 82 80
0.104718 0.022230 0.634003 57 50 45
0.107629 0.020850 0.633335 80 77 72
0.110316 0.019499 0.633084 83 80 75
0.112793 0.018172 0.633236 83 88 80
0.115205 0.016855 0.633500 84 89 81
0.117562 0.015545 0.633866 92 92 88
0.119993 0.014232 0.634064 94 95 91
0.122373 0.012927 0.634354 97 98 94
0.124703 0.011628 0.634733 112 119 112
0.126876 0.010343 0.635436 160 167 157
0.128994 0.009063 0.636249 133 139 131
0.130978 0.007792 0.637348 88 80 64
0.133179 0.006509 0.637972 64 58 48
0.135356 0.005229 0.638640 28 22 22
0.137807 0.003937 0.638690 16 5 10
0.140286 0.002648 0.638657 11 1 19
0.142734 0.001365 0.638674 6 9 27
0.145161 0.000087 0.638719 124 138 128
0.147612 -0.001188 0.638689 218 218 204
0.149946 -0.002455 0.638910 96 79 59
0.152389 -0.003721 0.638860 83 59 51
0.154684 -0.004980 0.639139 68 71 56
0.157134 -0.006238 0.639031 44 40 30
0.159529 -0.007490 0.639034 25 18 15
0.161921 -0.008738 0.639022 17 9 9
0.164148 -0.009982 0.639396 48 47 40
0.166535 -0.011221 0.639359 64 63 55
0.168881 -0.012457 0.639402 58 54 50
0.171251 -0.013687 0.639362 61 57 53
0.173558 -0.014915 0.639463 51 47 45
0.175934 -0.016136 0.639366 51 46 44
0.178439 -0.017347 0.638906 54 51 46
0.180750 -0.018560 0.638931 52 48 44
0.182912 -0.019776 0.639331 47 41 40
0.185158 -0.020984 0.639493 41 34 35
0.187294 -0.022195 0.639937 27 26 26
0.189463 -0.023401 0.640275 30 34 40
0.191536 -0.024610 0.640868 40 49 53
0.193640 -0.025816 0.641362 50 61 64
0.195818 -0.027012 0.641634 58 74 67
0.197908 -0.028212 0.642143 77 94 83
0.199850 -0.029425 0.643074 101 115 108
0.201827 -0.030634 0.643897 122 130 119
0.203727 -0.031850 0.644947 132 136 123
0.205711 -0.033057 0.645742 153 153 138
0.207643 -0.034268 0.646691 153 150 138
0.209516 -0.035488 0.647820 144 140 127
0.211390 -0.036707 0.648947 132 131 117
0.213275 -0.037925 0.650043 131 129 106
0.215073 -0.039158 0.651418 127 125 98
0.216927 -0.040382 0.652619 130 128 100
0.218743 -0.041615 0.653949 133 128 109
0.220643 -0.042833 0.655007 133 130 110
0.222481 -0.044063 0.656274 138 137 118
0.224309 -0.045296 0.657581 138 137 118
0.226105 -0.046538 0.659002 136 135 115
0.227972 -0.047766 0.660188 133 132 111
0.229790 -0.049005 0.661548 136 136 112
0.231628 -0.050242 0.662848 133 133 110
0.233468 -0.051480 0.664142 132 132 109
0.235310 -0.052718 0.665439 127 127 103
0.237164 -0.053955 0.666697 134 134 108
0.238940 -0.055215 0.668256 122 120 98
0.240731 -0.056473 0.669770 121 116 97
0.242442 -0.057758 0.671602 110 105 86
0.244211 -0.059029 0.673232 106 101 84
0.245900 -0.060329 0.675196 101 96 81
0.247659 -0.061612 0.676901 90 86 74
0.249378 -0.062912 0.678788 73 71 66
0.251084 -0.064222 0.680755 62 64 60
0.252641 -0.065592 0.683372 36 38 35
0.254152 -0.066990 0.686230 32 30 30
0.255677 -0.068393 0.689078 37 35 35
0.257173 -0.069820 0.692109 42 40 39
0.258723 -0.071236 0.694956 56 55 50
0.260312 -0.072647 0.697685 66 64 58
0.261871 -0.074081 0.700597 70 64 60
0.263368 -0.075558 0.703858 73 63 60
0.101531 0.026100 0.638045 149 118 117
0.105236 0.024613 0.635852 129 103 102
0.108417 0.023194 0.634648 59 49 44
0.111300 0.021815 0.634005 82 78 74
0.113896 0.020472 0.633914 83 80 75
0.116501 0.019132 0.633781 84 88 80
0.118920 0.017814 0.634013 87 88 84
0.121419 0.016492 0.634061 86 90 85
0.123898 0.015176 0.634135 87 91 86
0.126356 0.013865 0.634232 93 98 93
0.128585 0.012576 0.634805 96 103 96
0.130776 0.011291 0.635448 125 136 126
0.132778 0.010022 0.636495 165 164 155
0.134937 0.008742 0.637198 114 106 94
0.137051 0.007467 0.637991 78 68 54
0.139159 0.006193 0.638793 60 47 39
0.141490 0.004908 0.639086 23 11 16
0.143743 0.003631 0.639542 10 2 5
0.146054 0.002353 0.639853 10 3 8
0.148400 0.001077 0.640067 6 16 21
0.150797 -0.000198 0.640145 140 152 152
0.153218 -0.001469 0.640147 207 205 190
0.155536 -0.002733 0.640375 101 87 76
0.157869 -0.003995 0.640550 80 69 57
0.160304 -0.005254 0.640459 99 90 78
0.162588 -0.006506 0.640716 66 56 52
0.164728 -0.007755 0.641316 44 39 31
0.167076 -0.009001 0.641383 56 53 41
0.169393 -0.010244 0.641511 57 57 43
0.171697 -0.011483 0.641652 58 54 50
0.173957 -0.012718 0.641888 48 44 42
0.176241 -0.013950 0.642044 48 41 40
0.178640 -0.015174 0.641877 50 46 44
0.180862 -0.016399 0.642157 53 49 47
0.183045 -0.017622 0.642530 55 51 48
0.185327 -0.018838 0.642614 58 54 49
0.187557 -0.020052 0.642824 55 49 46
0.189776 -0.021263 0.643043 52 45 43
0.191959 -0.022473 0.643350 43 36 36
0.194100 -0.023682 0.643757 36 30 31
0.196352 -0.024879 0.643831 34 31 31
0.198492 -0.026082 0.644210 33 32 31
0.200534 -0.027290 0.644864 38 40 37
0.202594 -0.028494 0.645453 42 40 39
0.204608 -0.029701 0.646171 50 47 45
0.206627 -0.030906 0.646869 64 65 61
0.208607 -0.032114 0.647677 69 73 70
0.210539 -0.033327 0.648628 101 107 101
0.212484 -0.034538 0.649538 150 153 143
0.214369 -0.035756 0.650636 168 175 160
0.216214 -0.036981 0.651862 179 182 167
0.218064 -0.038206 0.653077 179 180 163
0.219909 -0.039432 0.654312 173 176 157
0.221812 -0.040649 0.655359 144 144 124
0.223634 -0.041881 0.656681 135 134 112
0.225482 -0.043110 0.657921 129 128 106
0.227361 -0.044333 0.659055 127 126 105
0.229207 -0.045564 0.660309 133 133 109
0.230997 -0.046808 0.661769 137 137 112
0.232827 -0.048045 0.663094 138 138 114
0.234656 -0.049284 0.664428 140 139 117
0.236548 -0.050509 0.665540 154 153 133
0.238401 -0.051745 0.666801 137 131 116
0.240175 -0.053002 0.668361 120 119 108
0.241890 -0.054279 0.670168 116 115 107
0.243546 -0.055577 0.672220 82 82 77
0.245231 -0.056872 0.674187 59 60 55
0.246857 -0.058190 0.676418 34 35 32
0.248530 -0.059501 0.678488 28 28 25
0.250198 -0.060819 0.680608 33 35 33
0.251837 -0.062153 0.682879 34 31 31
0.253404 -0.063521 0.685492 44 40 40
0.254938 -0.064910 0.688288 49 47 42
0.256449 -0.066319 0.691238 65 63 58
0.257995 -0.067725 0.694090 65 60 56
0.259488 -0.069165 0.697230 65 59 55
0.261068 -0.070580 0.700042 61 55 51
0.262605 -0.072026 0.703103 56 50 46
0.105589 0.027027 0.638043 127 97 93
0.109106 0.025557 0.636169 148 121 119
0.112189 0.024146 0.635121 61 49 46
0.114969 0.022777 0.634654 82 78 74
0.117694 0.021419 0.634273 82 80 75
0.120291 0.020079 0.634130 85 85 81
0.122881 0.018745 0.633980 82 85 80
0.125432 0.017418 0.633889 84 91 85
0.127838 0.016110 0.634086 88 93 88
0.130131 0.014814 0.634512 88 94 88
0.132388 0.013524 0.635003 92 95 90
0.134476 0.012249 0.635852 103 104 97
0.136670 0.010968 0.636464 146 148 138
0.138858 0.009688 0.637082 158 153 146
0.140739 0.008431 0.638381 102 91 83
0.142792 0.007162 0.639292 76 64 53
0.144890 0.005891 0.640097 48 40 31
0.146983 0.004622 0.640910 11 10 9
0.149252 0.003345 0.641305 8 2 7
0.151548 0.002069 0.641624 7 2 10
0.154030 0.000790 0.641484 4 10 18
0.156373 -0.000480 0.641655 98 109 117
0.158775 -0.001748 0.641666 207 211 197
0.161120 -0.003011 0.641795 129 122 101
0.163411 -0.004268 0.642037 70 62 43
0.165541 -0.005520 0.642669 102 96 73
0.167903 -0.006773 0.642704 82 76 59
0.170132 -0.008020 0.643058 57 49 42
0.172417 -0.009264 0.643255 52 46 43
0.174656 -0.010506 0.643551 48 42 40
0.176926 -0.011743 0.643751 53 46 44
0.179228 -0.012976 0.643850 46 42 34
0.181410 -0.014208 0.644247 47 45 36
0.183549 -0.015439 0.644750 50 47 39
0.185880 -0.016660 0.644713 53 47 41
0.188107 -0.017881 0.644945 59 53 49
0.190360 -0.019096 0.645081 67 61 56
0.192499 -0.020314 0.645524 75 68 63
0.194688 -0.021526 0.645809 75 68 62
0.196916 -0.022733 0.645965 74 68 61
0.199077 -0.023940 0.646296 71 65 58
0.201143 -0.025151 0.646893 72 71 66
0.203265 -0.026355 0.647313 57 50 45
0.205285 -0.027566 0.648027 57 47 43
0.207344 -0.028772 0.648612 49 43 38
0.209307 -0.029985 0.649487 37 27 28
0.211298 -0.031195 0.650267 38 30 31
0.213271 -0.032405 0.651101 41 37 37
0.215243 -0.033615 0.651935 65 57 57
0.217142 -0.034833 0.652998 68 59 58
0.219061 -0.036049 0.653996 73 66 61
0.220873 -0.037281 0.655346 68 64 61
0.222820 -0.038493 0.656251 68 61 58
0.224666 -0.039721 0.657497 66 59 58
0.226548 -0.040944 0.658625 67 60 59
0.228380 -0.042176 0.659929 65 58 57
0.230243 -0.043404 0.661130 63 57 54
0.232038 -0.044646 0.662577 59 54 50
0.233871 -0.045883 0.663899 52 47 43
0.235700 -0.047122 0.665242 50 45 41
0.237579 -0.048351 0.666407 41 36 32
0.239395 -0.049595 0.667811 41 36 34
0.241119 -0.050866 0.669577 34 35 31
0.242808 -0.052149 0.671495 36 35 33
0.244447 -0.053451 0.673636 34 32 31
0.246073 -0.054763 0.675861 36 34 34
0.247681 -0.056087 0.678188 39 36 36
0.249322 -0.057408 0.680413 41 38 39
0.250974 -0.058732 0.682631 44 44 42
0.252617 -0.060066 0.684918 56 50 51
0.254220 -0.061422 0.687412 56 50 50
0.255776 -0.062802 0.690147 59 57 53
0.257320 -0.064198 0.692988 56 53 47
0.258844 -0.065612 0.695973 54 49 43
0.260374 -0.067035 0.698989 49 46 39
0.261943 -0.068455 0.701882 52 49 40
0.109518 0.027963 0.638259 111 78 73
0.112959 0.026497 0.636487 163 136 133
0.116119 0.025075 0.635241 67 51 45
0.118975 0.023695 0.634579 84 74 68
0.121822 0.022323 0.633907 77 83 74
0.124515 0.020974 0.633529 81 87 81
0.127114 0.019640 0.633321 80 87 81
0.129575 0.018324 0.633387 85 87 87
0.131935 0.017022 0.633653 89 89 89
0.134236 0.015727 0.634033 92 91 91
0.136388 0.014449 0.634728 98 95 90
0.138620 0.013165 0.635238 97 97 90
0.140838 0.011885 0.635767 107 107 99
0.142793 0.010626 0.636884 151 151 143
0.144657 0.009374 0.638208 132 128 116
0.146620 0.008114 0.639310 100 91 80
0.148553 0.006855 0.640480 73 63 49
0.150576 0.005592 0.641442 46 40 33
0.152703 0.004323 0.642153 13 10 11
0.155029 0.003046 0.642382 5 1 8
0.157367 0.001772 0.642564 8 3 13
0.159736 0.000500 0.642654 1 3 16
0.162086 -0.000767 0.642770 49 63 70
0.164312 -0.002027 0.643175 167 179 174
0.166513 -0.003283 0.643630 181 175 157
0.168840 -0.004540 0.643753 93 83 66
0.171053 -0.005791 0.644150 78 67 51
0.173282 -0.007039 0.644493 106 104 94
0.175557 -0.008285 0.644699 86 84 74
0.177807 -0.009527 0.644956 58 53 54
0.180054 -0.010765 0.645201 45 40 37
0.182226 -0.012002 0.645632 44 38 34
0.184287 -0.013238 0.646354 44 38 33
0.186489 -0.014468 0.646681 55 49 41
0.188771 -0.015694 0.646766 54 50 39
0.190941 -0.016919 0.647148 52 48 38
0.193113 -0.018141 0.647508 56 52 43
0.195264 -0.019361 0.647915 55 51 43
0.197446 -0.020576 0.648217 61 58 51
0.199603 -0.021790 0.648575 64 60 53
0.201645 -0.023008 0.649261 62 57 51
0.203746 -0.024221 0.649759 68 61 55
0.205769 -0.025437 0.650485 72 65 59
0.207813 -0.026650 0.651137 75 68 61
0.209816 -0.027865 0.651911 80 67 65
0.211813 -0.029079 0.652694 81 66 64
0.213821 -0.030291 0.653437 79 63 62
0.215805 -0.031505 0.654250 81 65 62
0.217777 -0.032718 0.655098 75 57 54
0.219735 -0.033933 0.655985 69 54 50
0.221635 -0.035155 0.657062 59 50 48
0.223583 -0.036370 0.657981 54 45 44
0.225464 -0.037595 0.659123 48 41 41
0.227368 -0.038817 0.660188 45 43 42
0.229262 -0.040040 0.661291 42 40 39
0.231134 -0.041268 0.662472 44 42 41
0.232944 -0.042509 0.663879 43 41 40
0.234801 -0.043742 0.665127 43 41 40
0.236592 -0.044990 0.666619 41 39 38
0.238379 -0.046241 0.668142 43 41 40
0.240095 -0.047511 0.669946 46 44 43
0.241781 -0.048793 0.671887 48 45 43
0.243471 -0.050078 0.673833 48 44 42
0.245066 -0.051394 0.676184 50 46 44
0.246703 -0.052705 0.678399 47 43 41
0.248308 -0.054032 0.680775 46 42 40
0.249950 -0.055355 0.683040 45 41 39
0.251592 -0.056685 0.685337 45 43 42
0.253248 -0.058018 0.687612 46 42 40
0.254887 -0.059364 0.689996 43 40 37
0.256531 -0.060716 0.692393 45 41 41
0.258075 -0.062112 0.695279 52 50 45
0.259690 -0.063492 0.697898 61 59 51
0.261271 -0.064895 0.700717 63 58 48
0.113082 0.028939 0.639182 108 75 68
0.116808 0.027431 0.636777 160 134 127
0.119916 0.026012 0.635593 108 89 80
0.123009 0.024602 0.634399 69 55 53
0.125770 0.023239 0.633869 77 79 71
0.128485 0.021887 0.633406 82 86 80
0.130956 0.020567 0.633443 83 83 84
0.133306 0.019263 0.633722 88 86 87
0.135678 0.017960 0.633938 90 89 89
0.137871 0.016677 0.634535 90 89 83
0.140182 0.015385 0.634858 91 90 84
0.142467 0.014098 0.635228 93 91 86
0.144668 0.012821 0.635774 97 95 90
0.146564 0.011569 0.637011 107 107 100
0.148522 0.010313 0.638107 129 131 121
0.150297 0.009070 0.639634 131 127 115
0.152256 0.007812 0.640733 98 90 78
0.154066 0.006564 0.642187 71 65 52
0.156234 0.005294 0.642786 45 39 32
0.158436 0.004024 0.643294 22 19 18
0.160765 0.002750 0.643478 8 7 17
0.163014 0.001483 0.643843 2 2 13
0.165292 0.000217 0.644122 0 1 8
0.167405 -0.001040 0.644801 13 15 19
0.169782 -0.002303 0.644798 86 94 94
0.172002 -0.003557 0.645178 178 180 174
0.174303 -0.004811 0.645335 139 142 135
0.176557 -0.006060 0.645594 84 82 75
0.178816 -0.007306 0.645825 77 76 65
0.181061 -0.008549 0.646076 90 89 71
0.183250 -0.009788 0.646461 94 93 78
0.185205 -0.011027 0.647477 83 81 72
0.187288 -0.012263 0.648135 64 58 56
0.189502 -0.013495 0.648416 52 45 45
0.191651 -0.014726 0.648866 48 41 40
0.193779 -0.015955 0.649363 49 42 38
0.196004 -0.017177 0.649564 50 44 37
0.198150 -0.018399 0.649980 53 49 42
0.200283 -0.019620 0.650421 50 47 40
0.202299 -0.020844 0.651196 49 46 39
0.204353 -0.022065 0.651853 55 49 43
0.206287 -0.023292 0.652866 57 51 45
0.208267 -0.024516 0.653739 59 53 47
0.210243 -0.025739 0.654616 62 54 50
0.212215 -0.026961 0.655505 67 57 54
0.214216 -0.028180 0.656296 70 61 57
0.216230 -0.029397 0.657038 73 64 59
0.218181 -0.030619 0.657978 76 66 63
0.220115 -0.031843 0.658975 74 64 61
0.221987 -0.033075 0.660179 71 61 60
0.223954 -0.034294 0.661063 64 54 54
0.225853 -0.035522 0.662177 66 59 58
0.227815 -0.036741 0.663073 61 59 56
0.229791 -0.037957 0.663914 62 60 57
0.231688 -0.039185 0.665032 63 61 58
0.233522 -0.040426 0.666384 55 53 50
0.235395 -0.041660 0.667600 55 53 50
0.237139 -0.042921 0.669298 51 49 46
0.238953 -0.044171 0.670753 47 45 42
0.240651 -0.045449 0.672661 46 44 41
0.242413 -0.046716 0.674341 44 41 38
0.244166 -0.047989 0.676075 40 37 32
0.245812 -0.049293 0.678258 40 37 32
0.247457 -0.050602 0.680470 44 40 35
0.249111 -0.051916 0.682680 45 41 36
0.250776 -0.053233 0.684879 50 46 41
0.252463 -0.054551 0.687018 42 36 31
0.254090 -0.055892 0.689443 49 45 41
0.255769 -0.057225 0.691684 62 58 56
0.257455 -0.058563 0.693928 76 76 69
0.259093 -0.059924 0.696424 72 66 60
0.260708 -0.061302 0.699065 73 65 60
0.116963 0.029868 0.639428 110 75 67
0.120649 0.028360 0.637046 141 110 101
0.123934 0.026915 0.635445 156 128 125
0.126881 0.025521 0.634515 65 53 46
0.129713 0.024149 0.633796 73 71 62
0.132202 0.022822 0.633785 84 79 78
0.134520 0.021519 0.634130 84 83 82
0.136972 0.020204 0.634165 86 84 83
0.139341 0.018901 0.634364 88 87 81
0.141654 0.017607 0.634674 88 87 81
0.143972 0.016315 0.634957 89 87 83
0.146258 0.015029 0.635298 91 91 85
0.148316 0.013766 0.636154 92 91 85
0.150206 0.012518 0.637397 94 95 91
0.152038 0.011274 0.638778 100 104 98
0.154077 0.010013 0.639674 120 122 113
0.155946 0.008765 0.640974 117 118 107
0.157868 0.007512 0.642152 97 97 85
0.159981 0.006248 0.642862 71 70 59
0.162163 0.004980 0.643395 55 49 43
0.164354 0.003715 0.643896 28 23 20
0.166489 0.002454 0.644527 12 9 10
0.168614 0.001195 0.645173 9 1 4
0.170874 -0.000067 0.645463 9 2 10
0.173122 -0.001326 0.645770 4 2 8
0.175401 -0.002582 0.645977 12 14 18
0.177692 -0.003836 0.646138 78 88 87
0.179923 -0.005084 0.646437 142 153 149
0.182197 -0.006330 0.646605 141 150 138
0.184374 -0.007572 0.647021 94 100 85
0.188445 -0.010049 0.648601 80 78 63
0.192649 -0.012520 0.649777 104 100 89
0.194741 -0.013752 0.650378 94 90 83
0.196857 -0.014982 0.650902 74 71 67
0.201045 -0.017436 0.652038 41 38 30
0.208847 -0.022358 0.655971 51 44 38
0.210778 -0.023589 0.657013 50 43 39
0.212677 -0.024822 0.658153 49 43 38
0.214618 -0.026053 0.659164 50 45 40
0.216626 -0.027276 0.659953 50 47 44
0.218607 -0.028501 0.660824 52 49 45
0.220545 -0.029730 0.661834 55 50 46
0.222435 -0.030965 0.663006 55 49 45
0.224358 -0.032196 0.664067 54 47 46
0.226251 -0.033431 0.665234 51 47 44
0.228210 -0.034657 0.666174 44 42 38
0.230208 -0.035877 0.666969 51 49 45
0.232116 -0.037110 0.668082 45 44 41
0.235809 -0.039598 0.670770 43 41 38
0.239468 -0.042100 0.673620 41 39 36
0.241221 -0.043370 0.675354 41 37 35
0.243002 -0.044636 0.676995 38 34 31
0.244913 -0.045877 0.678139 40 36 30
0.246575 -0.047177 0.680284 48 42 37
0.248237 -0.048484 0.682464 52 49 44
0.249903 -0.049795 0.684655 61 58 51
0.251673 -0.051084 0.686444 75 72 65
0.253351 -0.052404 0.688647 86 83 76
0.255040 -0.053726 0.690831 75 71 64
0.256721 -0.055058 0.693086 63 62 56
0.258462 -0.056377 0.695110 68 71 67
0.260110 -0.057733 0.697583 106 114 106
0.261763 -0.059095 0.700076 130 137 132
0.124133 0.029332 0.638034 120 81 70
0.127311 0.027895 0.636618 175 139 131
0.130337 0.026487 0.635486 109 81 76
0.133041 0.025127 0.635014 68 60 51
0.135547 0.023797 0.634947 78 75 67
0.138093 0.022465 0.634770 82 83 76
0.140595 0.021144 0.634669 85 85 78
0.143033 0.019833 0.634692 87 86 80
0.145397 0.018534 0.634860 87 86 80
0.147824 0.017232 0.634869 88 89 82
0.150084 0.015950 0.635245 88 89 82
0.152237 0.014680 0.635859 90 90 82
0.154180 0.013431 0.636960 90 90 82
0.156236 0.012172 0.637791 91 94 88
0.158156 0.010926 0.638947 96 101 91
0.160211 0.009668 0.639775 106 111 102
0.162243 0.008413 0.640657 113 115 105
0.164383 0.007151 0.641263 108 108 97
0.166474 0.005895 0.641986 84 82 71
0.168606 0.004637 0.642598 65 59 50
0.170558 0.003390 0.643660 48 39 35
0.172767 0.002132 0.644058 21 15 15
0.174832 0.000882 0.644819 11 6 9
0.177028 -0.000372 0.645226 13 1 9
0.179308 -0.001626 0.645397 5 4 8
0.181564 -0.002876 0.645612 3 3 7
0.183852 -0.004123 0.645723 12 7 12
0.186016 -0.005365 0.646157 38 44 42
0.188081 -0.006602 0.646850 97 112 101
0.190062 -0.007838 0.647776 156 160 149
0.192003 -0.009073 0.648809 137 132 117
0.194022 -0.010308 0.649617 97 96 83
0.195995 -0.011542 0.650555 72 73 62
0.198011 -0.012775 0.651363 74 74 64
0.200151 -0.014004 0.651798 85 87 73
0.202164 -0.015234 0.652599 105 106 89
0.204041 -0.016468 0.653809 106 106 90
0.206017 -0.017698 0.654717 114 104 92
0.207880 -0.018934 0.655974 110 99 88
0.209831 -0.020165 0.656960 89 78 67
0.211686 -0.021402 0.658246 75 64 56
0.213553 -0.022639 0.659502 67 58 48
0.215495 -0.023871 0.660517 54 49 34
0.217484 -0.025099 0.661378 50 43 36
0.219412 -0.026332 0.662434 47 40 33
0.221335 -0.027566 0.663511 43 37 30
0.223127 -0.028813 0.665033 41 35 31
0.225025 -0.030051 0.666201 39 33 29
0.226945 -0.031286 0.667296 41 34 30
0.228924 -0.032514 0.668180 43 36 32
0.230941 -0.033735 0.668927 46 40 36
0.232832 -0.034974 0.670119 47 41 38
0.234615 -0.036230 0.671717 51 47 45
0.236392 -0.037491 0.673352 58 54 52
0.240007 -0.040009 0.676430 63 58 56
0.241796 -0.041275 0.678060 66 61 59
0.243677 -0.042526 0.679345 76 69 64
0.245614 -0.043765 0.680411 83 77 70
0.247395 -0.045040 0.682111 83 78 68
0.249072 -0.046343 0.684254 77 73 61
0.250750 -0.047651 0.686422 75 73 60
0.252533 -0.048938 0.688184 81 79 67
0.254275 -0.050240 0.690136 109 109 100
0.256030 -0.051544 0.692060 138 141 131
0.257837 -0.052837 0.693783 140 142 134
0.259616 -0.054142 0.695648 87 90 87
0.261305 -0.055480 0.697943 24 27 26
0.127171 0.030363 0.639964 112 71 60
0.130283 0.028929 0.638658 143 105 94
0.133221 0.027527 0.637690 170 134 121
0.136048 0.026146 0.636929 79 59 42
0.138819 0.024779 0.636260 75 67 69
0.141542 0.023423 0.635665 83 82 74
0.144170 0.022085 0.635252 84 85 78
0.146806 0.020751 0.634795 84 85 78
0.149314 0.019436 0.634606 84 85 78
0.151658 0.018144 0.634774 85 86 79
0.153917 0.016863 0.635126 87 88 78
0.156022 0.015600 0.635830 88 90 77
0.158106 0.014341 0.636578 88 88 78
0.160060 0.013094 0.637635 94 94 85
0.162141 0.011837 0.638381 95 96 87
0.164196 0.010583 0.639185 93 97 88
0.166372 0.009320 0.639681 99 105 96
0.168459 0.008066 0.640389 104 108 98
0.170583 0.006811 0.640998 105 107 98
0.172527 0.005569 0.642061 98 97 88
0.174488 0.004326 0.643077 84 77 68
0.176563 0.003077 0.643794 75 66 59
0.178676 0.001827 0.644403 43 38 35
0.180830 0.000578 0.644892 23 19 20
0.183035 -0.000672 0.645233 9 4 7
0.185337 -0.001921 0.645290 8 0 5
0.187434 -0.003161 0.645896 4 3 7
0.189473 -0.004398 0.646654 0 3 3
0.191407 -0.005632 0.647701 0 2 1
0.193347 -0.006866 0.648731 0 3 2
0.195309 -0.008101 0.649699 33 37 37
0.197309 -0.009334 0.650550 58 64 60
0.199283 -0.010567 0.651478 118 123 118
0.201378 -0.011798 0.652038 136 149 135
0.203321 -0.013030 0.653045 124 137 118
0.205271 -0.014262 0.654034 108 119 99
0.207126 -0.015496 0.655312 92 93 78
0.208977 -0.016731 0.656609 89 85 70
0.210842 -0.017967 0.657866 88 82 67
0.212746 -0.019202 0.659005 89 84 72
0.214575 -0.020441 0.660389 92 87 76
0.216463 -0.021678 0.661586 98 93 80
0.218360 -0.022915 0.662754 97 93 76
0.220273 -0.024151 0.663876 97 94 76
0.222165 -0.025389 0.665067 98 94 77
0.223902 -0.026643 0.666797 96 91 80
0.225797 -0.027883 0.667993 93 87 76
0.227765 -0.029116 0.668933 90 85 74
0.229609 -0.030363 0.670313 92 86 75
0.231586 -0.031595 0.671224 90 84 73
0.233485 -0.032837 0.672415 80 75 64
0.235296 -0.034092 0.673934 77 72 62
0.237107 -0.035349 0.675466 76 73 62
0.238918 -0.036609 0.677011 76 73 64
0.242530 -0.039138 0.680180 68 67 57
0.248041 -0.042931 0.684668 112 113 101
0.249803 -0.044217 0.686495 119 120 110
0.251546 -0.045511 0.688427 101 104 95
0.253459 -0.046768 0.689659 70 72 65
0.255233 -0.048062 0.691500 24 26 22
0.257107 -0.049333 0.692919 5 7 4
0.258921 -0.050623 0.694622 11 12 10
0.260759 -0.051909 0.696231 20 22 16
0.262491 -0.053232 0.698344 34 37 29
0.264230 -0.054558 0.700461 45 48 41
0.133137 0.029982 0.640970 114 74 60
0.136216 0.028554 0.639665 166 132 116
0.139293 0.027134 0.638323 132 107 105
0.142271 0.025735 0.637156 65 52 47
0.145066 0.024368 0.636365 75 73 66
0.147862 0.023007 0.635537 79 80 72
0.150490 0.021672 0.635063 83 83 74
0.152945 0.020363 0.634966 82 82 76
0.155293 0.019070 0.635101 84 84 75
0.157521 0.017794 0.635504 86 88 75
0.159663 0.016528 0.636101 85 87 74
0.161720 0.015273 0.636899 87 89 76
0.163900 0.014007 0.637387 88 89 78
0.165921 0.012757 0.638258 90 89 80
0.168132 0.011492 0.638649 88 89 79
0.170269 0.010236 0.639215 89 91 81
0.172433 0.008979 0.639700 90 95 86
0.174425 0.007736 0.640619 98 102 93
0.176478 0.006490 0.641376 98 100 91
0.178571 0.005243 0.642022 103 102 93
0.180717 0.003994 0.642517 93 89 81
0.182712 0.002755 0.643408 83 79 70
0.184756 0.001515 0.644159 67 61 53
0.186813 0.000275 0.644871 49 44 43
0.188872 -0.000964 0.645571 34 32 33
0.190891 -0.002200 0.646374 10 12 13
0.192814 -0.003432 0.647443 2 3 4
0.194688 -0.004664 0.648657 0 3 2
0.196672 -0.005897 0.649553 0 3 2
0.198566 -0.007130 0.650710 2 6 7
0.200447 -0.008362 0.651906 1 5 6
0.202403 -0.009595 0.652883 2 7 5
0.204360 -0.010828 0.653854 2 4 4
0.206265 -0.012061 0.654983 10 14 12
0.208165 -0.013294 0.656128 29 32 31
0.209986 -0.014530 0.657523 87 91 87
0.211871 -0.015766 0.658723 92 96 90
0.213721 -0.017003 0.660040 109 113 111
0.215621 -0.018239 0.661201 140 143 144
0.217437 -0.019480 0.662641 135 139 142
0.219349 -0.020717 0.663769 123 141 135
0.221221 -0.021957 0.665036 119 130 121
0.223158 -0.023193 0.666083 113 120 109
0.224941 -0.024442 0.667662 115 122 110
0.226873 -0.025679 0.668734 116 123 111
0.228741 -0.026923 0.670033 116 124 111
0.230587 -0.028170 0.671420 125 132 120
0.232499 -0.029411 0.672571 122 129 116
0.234392 -0.030655 0.673797 117 119 110
0.238066 -0.033162 0.676682 141 140 134
0.239791 -0.034435 0.678573 143 141 137
0.241633 -0.035693 0.680029 109 107 104
0.245208 -0.038235 0.683409 44 46 42
0.247094 -0.039492 0.684728 23 23 22
0.249009 -0.040744 0.685931 12 13 12
0.250926 -0.041997 0.687132 3 3 3
0.252755 -0.043270 0.688709 3 4 4
0.254731 -0.044511 0.689671 13 15 14
0.256577 -0.045784 0.691194 23 22 19
0.258417 -0.047060 0.692756 37 37 32
0.260247 -0.048342 0.694380 41 40 34
0.262045 -0.049636 0.696167 61 62 53
0.263812 -0.050943 0.698119 75 77 67
0.265557 -0.052262 0.700202 77 78 69
0.139448 0.029549 0.641119 119 84 75
0.142786 0.028086 0.639146 170 147 141
0.145759 0.026684 0.637950 114 94 88
0.148630 0.025303 0.636950 61 50 45
0.151324 0.023952 0.636321 75 72 70
0.153939 0.022617 0.635849 79 77 74
0.156364 0.021311 0.635797 83 82 76
0.158682 0.020020 0.635982 87 86 78
0.160921 0.018742 0.636342 85 84 75
0.163077 0.017475 0.636890 85 86 74
0.165254 0.016208 0.637378 85 87 74
0.167341 0.014952 0.638078 86 88 75
0.169585 0.013682 0.638375 87 88 78
0.171845 0.012414 0.638618 88 89 79
0.174086 0.011150 0.638889 88 89 79
0.176179 0.009901 0.639533 86 89 79
0.178317 0.008650 0.640047 89 92 82
0.180351 0.007408 0.640827 92 95 85
0.182417 0.006166 0.641517 91 94 84
0.184469 0.004926 0.642236 93 95 85
0.186424 0.003692 0.643215 103 102 93
0.188446 0.002456 0.644006 95 91 81
0.190419 0.001222 0.644928 88 82 75
0.192415 -0.000011 0.645784 79 73 66
0.194306 -0.001241 0.646935 67 62 56
0.196105 -0.002467 0.648355 61 59 57
0.197941 -0.003696 0.649675 52 52 52
0.199783 -0.004926 0.650983 33 35 34
0.201591 -0.006157 0.652397 17 19 19
0.203511 -0.007390 0.653480 8 8 7
0.205298 -0.008623 0.654973 3 4 3
0.207204 -0.009857 0.656105 1 2 1
0.209030 -0.011092 0.657490 3 3 3
0.210889 -0.012328 0.658779 1 1 1
0.212735 -0.013565 0.660116 1 1 1
0.214604 -0.014803 0.661383 1 1 1
0.216442 -0.016043 0.662759 0 0 3
0.218332 -0.017282 0.663966 1 0 11
0.220205 -0.018522 0.665239 1 2 11
0.222032 -0.019766 0.666670 1 2 6
0.223937 -0.021007 0.667842 1 3 2
0.225720 -0.022257 0.669445 3 5 3
0.227587 -0.023502 0.670761 4 6 4
0.229471 -0.024747 0.672025 4 6 4
0.231367 -0.025992 0.673249 6 9 5
0.233318 -0.027232 0.674277 4 7 3
0.235245 -0.028474 0.675392 3 7 3
0.237081 -0.029728 0.676851 0 2 0
0.240696 -0.032250 0.680027 0 1 0
0.244453 -0.034758 0.682693 3 4 2
0.246337 -0.036014 0.684014 3 3 3
0.248294 -0.037257 0.685043 17 17 15
0.250270 -0.038497 0.685993 31 31 28
0.252360 -0.039714 0.686460 37 37 33
0.254237 -0.040972 0.687820 47 47 41
0.256174 -0.042218 0.688927 61 62 54
0.257963 -0.043500 0.690689 72 70 62
0.259800 -0.044773 0.692257 79 78 70
0.261574 -0.046065 0.694122 84 83 75
0.263371 -0.047355 0.695911 77 76 68
0.265136 -0.048659 0.697867 73 71 63
0.266926 -0.049959 0.699737 71 68 61
0.268706 -0.051268 0.701675 71 70 64
0.145961 0.029081 0.640681 118 92 84
0.149125 0.027646 0.639008 159 139 132
0.152016 0.026259 0.637921 111 98 94
0.154839 0.024887 0.636956 63 46 40
0.157372 0.023561 0.636646 72 69 61
0.159801 0.022252 0.636562 78 81 72
0.162137 0.020959 0.636681 81 82 73
0.164415 0.019676 0.636926 85 84 76
0.166655 0.018400 0.637248 86 84 76
0.168786 0.017139 0.637829 85 85 75
0.171085 0.015861 0.637974 84 85 75
0.173370 0.014589 0.638139 85 86 76
0.175599 0.013324 0.638427 85 86 76
0.177727 0.012072 0.638966 83 86 76
0.179826 0.010825 0.639571 84 87 77
0.181863 0.009584 0.640333 84 87 77
0.183967 0.008338 0.640906 84 87 77
0.185949 0.007104 0.641803 87 90 80
0.187958 0.005868 0.642621 89 92 82
0.189916 0.004637 0.643579 91 94 84
0.191915 0.003403 0.644419 89 91 81
0.193859 0.002173 0.645409 91 91 82
0.195757 0.000946 0.646531 95 97 86
0.197495 -0.000275 0.648121 89 89 80
0.199344 -0.001502 0.649396 87 89 81
0.201163 -0.002729 0.650766 84 86 77
0.203022 -0.003959 0.652022 79 79 71
0.204921 -0.005190 0.653158 69 65 62
0.206714 -0.006419 0.654625 64 62 59
0.208410 -0.007650 0.656405 49 47 44
0.210151 -0.008884 0.658061 41 39 36
0.211922 -0.010120 0.659630 35 35 32
0.213833 -0.011356 0.660762 29 29 27
0.215584 -0.012596 0.662420 22 21 20
0.217443 -0.013835 0.663735 18 17 14
0.219310 -0.015075 0.665029 16 15 10
0.221230 -0.016314 0.666147 14 13 9
0.222990 -0.017561 0.667818 11 9 5
0.224855 -0.018804 0.669136 9 7 4
0.226597 -0.020057 0.670896 5 5 0
0.228492 -0.021302 0.672128 8 7 2
0.230278 -0.022556 0.673757 9 8 3
0.232255 -0.023796 0.674706 12 11 4
0.234235 -0.025035 0.675638 11 11 5
0.236223 -0.026273 0.676535 20 21 14
0.238094 -0.027523 0.677875 31 33 26
0.239998 -0.028771 0.679094 40 42 35
0.241865 -0.030024 0.680463 38 41 33
0.243748 -0.031276 0.681777 45 47 38
0.245833 -0.032500 0.682287 51 54 44
0.247857 -0.033730 0.683027 57 58 49
0.249843 -0.034966 0.683919 63 62 54
0.251814 -0.036203 0.684865 76 75 66
0.253810 -0.037435 0.685701 81 80 71
0.255674 -0.038691 0.687103 79 78 69
0.257544 -0.039949 0.688487 74 74 64
0.259350 -0.041222 0.690165 75 74 66
0.261117 -0.042507 0.692032 75 74 66
0.262945 -0.043782 0.693650 71 68 61
0.264705 -0.045077 0.695602 71 68 61
0.266526 -0.046360 0.697288 71 68 61
0.268249 -0.047675 0.699468 70 67 60
0.270071 -0.048966 0.701201 65 64 58
0.271824 -0.050283 0.703299 64 63 57
0.148996 0.030098 0.642541 105 76 63
0.152282 0.028637 0.640540 110 85 76
0.155541 0.027191 0.638545 164 140 132
0.158347 0.025819 0.637580 130 107 98
0.160982 0.024477 0.636992 61 50 40
0.163528 0.023152 0.636588 71 64 56
0.165847 0.021861 0.636721 76 81 71
0.168123 0.020579 0.636943 75 83 72
0.170322 0.019309 0.637341 83 83 74
0.172581 0.018034 0.637574 84 83 75
0.174898 0.016756 0.637641 82 82 74
0.177108 0.015492 0.637964 82 83 73
0.179274 0.014236 0.638390 85 84 76
0.181367 0.012989 0.638998 85 84 76
0.183447 0.011744 0.639630 85 85 76
0.185492 0.010505 0.640349 83 84 74
0.187543 0.009266 0.641045 83 84 74
0.189541 0.008032 0.641882 82 84 75
0.191493 0.006803 0.642840 82 85 75
0.193475 0.005572 0.643713 84 86 77
0.195363 0.004347 0.644851 84 86 77
0.197279 0.003121 0.645912 83 85 76
0.199139 0.001898 0.647135 85 88 78
0.200981 0.000674 0.648415 86 89 79
0.202912 -0.000553 0.649433 88 90 81
0.204748 -0.001778 0.650739 87 90 81
0.206697 -0.003006 0.651706 91 92 83
0.208483 -0.004231 0.653173 93 94 85
0.210229 -0.005456 0.654780 91 92 83
0.211932 -0.006683 0.656533 89 88 79
0.213599 -0.007912 0.658420 88 87 79
0.215417 -0.009145 0.659833 82 81 73
0.217219 -0.010379 0.661311 76 78 69
0.218907 -0.011617 0.663176 71 72 64
0.220734 -0.012855 0.664596 67 68 61
0.222645 -0.014092 0.665735 63 64 57
0.224462 -0.015333 0.667200 65 66 58
0.226279 -0.016575 0.668675 64 65 56
0.228110 -0.017819 0.670113 67 66 56
0.230066 -0.019057 0.671112 69 68 59
0.231863 -0.020305 0.672686 67 66 57
0.233583 -0.021561 0.674556 65 64 55
0.235614 -0.022795 0.675291 64 63 54
0.237681 -0.024025 0.675879 65 64 55
0.239676 -0.025259 0.676732 73 72 63
0.241588 -0.026502 0.677898 82 80 72
0.243615 -0.027731 0.678614 85 83 75
0.245578 -0.028967 0.679578 86 84 75
0.247627 -0.030191 0.680192 85 84 76
0.249589 -0.031426 0.681150 83 81 74
0.251519 -0.032665 0.682239 79 77 69
0.253404 -0.033911 0.683513 81 79 71
0.255299 -0.035157 0.684756 74 72 64
0.257105 -0.036420 0.686390 73 70 63
0.258931 -0.037681 0.687954 71 68 61
0.260703 -0.038957 0.689770 72 70 62
0.262469 -0.040238 0.691641 70 68 60
0.264255 -0.041518 0.693443 70 68 60
0.266099 -0.042789 0.694998 69 67 60
0.267862 -0.044082 0.696950 66 64 57
0.269617 -0.045382 0.698974 66 65 57
0.154967 0.029701 0.643206 104 72 57
0.158244 0.028243 0.641131 108 86 72
0.161338 0.026822 0.639440 155 138 126
0.164248 0.025435 0.638148 147 114 108
0.166893 0.024094 0.637474 81 63 54
0.169228 0.022800 0.637543 66 57 48
0.171448 0.021525 0.637887 76 71 63
0.173752 0.020241 0.637999 75 78 68
0.176099 0.018955 0.637981 80 82 73
0.178354 0.017683 0.638182 84 84 76
0.180500 0.016427 0.638655 86 81 75
0.182633 0.015175 0.639150 87 81 75
0.184713 0.013929 0.639777 86 82 75
0.186811 0.012683 0.640344 83 82 74
0.188873 0.011443 0.641002 83 82 73
0.190904 0.010207 0.641739 80 82 73
0.192865 0.008977 0.642667 79 82 73
0.194834 0.007748 0.643568 81 83 74
0.196690 0.006527 0.644792 82 82 73
0.198651 0.005299 0.645714 84 83 75
0.200455 0.004081 0.647095 85 84 76
0.202386 0.002854 0.648107 86 85 77
0.204291 0.001629 0.649196 86 85 77
0.206227 0.000402 0.650190 86 85 77
0.208152 -0.000824 0.651217 88 86 78
0.209978 -0.002046 0.652552 84 83 74
0.211747 -0.003268 0.654076 85 84 75
0.213480 -0.004491 0.655724 84 83 74
0.215181 -0.005715 0.657491 86 85 76
0.217029 -0.006944 0.658794 85 84 75
0.218898 -0.008174 0.660033 83 86 76
0.220789 -0.009405 0.661202 81 84 74
0.222565 -0.010637 0.662765 81 84 74
0.224433 -0.011870 0.664026 83 86 76
0.226234 -0.013106 0.665523 85 88 78
0.228122 -0.014340 0.666723 83 86 76
0.229913 -0.015579 0.668275 83 82 74
0.231881 -0.016811 0.669201 85 84 76
0.233732 -0.018050 0.670550 83 82 74
0.235605 -0.019288 0.671827 82 81 73
0.237542 -0.020523 0.672866 82 81 73
0.239541 -0.021753 0.673672 81 80 72
0.241467 -0.022988 0.674750 79 78 70
0.243376 -0.024225 0.675898 79 78 70
0.245371 -0.025454 0.676707 79 78 70
0.247341 -0.026684 0.677608 75 74 66
0.249227 -0.027923 0.678849 73 72 64
0.251154 -0.029158 0.679923 72 71 63
0.252965 -0.030410 0.681486 72 71 63
0.254856 -0.031651 0.682721 70 69 61
0.256667 -0.032907 0.684307 68 67 59
0.258451 -0.034170 0.686028 72 69 62
0.260193 -0.035443 0.687955 72 69 62
0.262004 -0.036708 0.689599 70 69 61
0.263653 -0.038008 0.692001 68 67 59
0.265451 -0.039284 0.693754 67 66 58
0.267238 -0.040565 0.695578 64 63 55
0.269011 -0.041854 0.697497 63 62 54
0.112143 0.051276 0.674515 129 84 72
0.164178 0.027849 0.641685 111 75 65
0.167329 0.026420 0.639758 141 122 107
0.170001 0.025071 0.638988 159 140 127
0.172346 0.023773 0.639017 114 93 84
0.174696 0.022478 0.639010 68 50 43
0.177196 0.021167 0.638591 67 61 55
0.179451 0.019892 0.638789 70 72 63
0.181564 0.018637 0.639346 78 78 69
0.183798 0.017370 0.639568 80 79 71
0.185990 0.016110 0.639889 82 81 73
0.188117 0.014860 0.640370 81 80 72
0.190174 0.013619 0.641034 82 81 73
0.192226 0.012380 0.641706 79 81 72
0.194259 0.011145 0.642421 77 80 71
0.196181 0.009920 0.643447 79 82 73
0.198068 0.008698 0.644578 80 80 72
0.199975 0.007475 0.645648 82 81 73
0.201854 0.006254 0.646806 83 82 74
0.203713 0.005033 0.648023 83 82 74
0.205660 0.003807 0.648978 83 82 74
0.207561 0.002583 0.650072 83 82 74
0.209514 0.001357 0.651007 85 83 75
0.211321 0.000137 0.652396 82 81 72
0.213153 -0.001084 0.653712 82 81 72
0.214946 -0.002305 0.655164 81 80 71
0.216690 -0.003527 0.656783 80 79 70
0.218507 -0.004752 0.658173 80 79 70
0.220337 -0.005978 0.659533 80 81 71
0.222197 -0.007206 0.660795 78 79 69
0.224085 -0.008435 0.661968 80 81 71
0.225923 -0.009665 0.663318 80 81 71
0.227763 -0.010896 0.664667 82 83 73
0.229669 -0.012127 0.665789 79 80 70
0.231507 -0.013360 0.667156 79 78 70
0.233406 -0.014592 0.668311 77 76 68
0.235281 -0.015826 0.669557 76 75 67
0.237203 -0.017058 0.670632 76 75 67
0.239205 -0.018286 0.671404 76 75 67
0.241105 -0.019519 0.672560 76 75 67
0.243038 -0.020750 0.673592 76 75 67
0.244918 -0.021985 0.674830 72 71 63
0.246879 -0.023214 0.675752 72 71 63
0.248766 -0.024450 0.676969 72 71 63
0.250597 -0.025692 0.678420 73 72 64
0.252442 -0.026934 0.679824 70 69 61
0.254225 -0.028186 0.681501 71 70 62
0.256041 -0.029437 0.683052 68 67 59
0.257874 -0.030687 0.684545 66 67 60
0.259638 -0.031950 0.686358 68 67 61
0.261390 -0.033219 0.688246 68 67 60
0.263145 -0.034491 0.690143 68 67 59
0.264828 -0.035781 0.692405 66 65 56
0.115921 0.052261 0.675338 128 83 71
0.166639 0.028940 0.644906 111 78 64
0.169630 0.027526 0.643359 101 73 58
0.172417 0.026152 0.642282 113 89 74
0.174991 0.024815 0.641718 154 132 118
0.177668 0.023469 0.640846 150 129 117
0.180085 0.022165 0.640627 91 74 64
0.182347 0.020887 0.640796 63 55 47
0.184656 0.019605 0.640821 69 62 55
0.186901 0.018334 0.640997 77 73 66
0.189123 0.017069 0.641220 76 74 67
0.191230 0.015821 0.641746 78 77 69
0.193333 0.014574 0.642271 79 79 71
0.195383 0.013335 0.642939 73 81 70
0.197373 0.012103 0.643771 73 79 69
0.199241 0.010884 0.644953 77 81 72
0.201187 0.009658 0.645910 78 80 71
0.203065 0.008437 0.647066 81 81 72
0.204970 0.007214 0.648144 82 82 73
0.206915 0.005988 0.649102 82 81 73
0.208832 0.004764 0.650140 83 82 74
0.210749 0.003540 0.651183 83 81 73
0.212600 0.002320 0.652433 81 79 71
0.214445 0.001100 0.653705 79 78 69
0.216251 -0.000120 0.655110 81 80 71
0.218002 -0.001338 0.656704 81 80 71
0.219833 -0.002562 0.658044 80 79 70
0.221653 -0.003786 0.659429 78 79 69
0.223525 -0.005012 0.660646 80 81 73
0.225368 -0.006239 0.661965 78 79 71
0.227254 -0.007467 0.663145 78 79 70
0.229043 -0.008696 0.664668 78 79 70
0.230972 -0.009925 0.665703 77 78 69
0.232790 -0.011156 0.667136 78 77 69
0.234734 -0.012386 0.668123 77 76 68
0.236561 -0.013619 0.669539 76 75 67
0.238509 -0.014849 0.670509 75 74 66
0.240479 -0.016078 0.671395 72 71 63
0.242404 -0.017308 0.672449 72 71 63
0.244326 -0.018539 0.673512 75 74 66
0.246240 -0.019770 0.674611 74 73 65
0.248160 -0.021001 0.675687 72 71 63
0.250055 -0.022234 0.676864 71 70 62
0.251862 -0.023476 0.678411 72 71 63
0.253691 -0.024718 0.679877 67 68 59
0.255409 -0.025974 0.681830 64 66 57
0.257237 -0.027221 0.683334 63 64 55
0.258992 -0.028480 0.685169 65 63 58
0.260783 -0.029737 0.686867 66 63 58
0.262485 -0.031011 0.688990 67 64 57
0.264292 -0.032273 0.690664 64 61 54
0.112303 0.056655 0.680718 130 85 73
0.115992 0.054945 0.678479 130 85 73
0.174680 0.027265 0.646034 111 77 64
0.177661 0.025859 0.644389 107 75 62
0.180332 0.024507 0.643515 122 94 82
0.182836 0.023186 0.643053 145 124 113
0.185242 0.021884 0.642824 143 123 114
0.187624 0.020589 0.642635 112 93 87
0.189877 0.019315 0.642777 69 55 50
0.192060 0.018052 0.643097 63 55 49
0.194210 0.016797 0.643497 68 67 59
0.196363 0.015543 0.643873 69 73 63
0.198396 0.014305 0.644583 71 78 68
0.200291 0.013083 0.645692 73 76 67
0.202266 0.011852 0.646562 77 77 68
0.204199 0.010626 0.647558 78 77 69
0.206182 0.009396 0.648398 79 80 71
0.208174 0.008166 0.649208 80 80 71
0.210072 0.006944 0.650301 79 80 71
0.212003 0.005720 0.651294 81 80 71
0.213843 0.004502 0.652576 81 80 71
0.215718 0.003281 0.653750 81 80 71
0.217505 0.002065 0.655214 78 77 68
0.219305 0.000846 0.656646 81 80 71
0.221132 -0.000375 0.657997 81 80 71
0.222977 -0.001598 0.659292 76 77 67
0.224837 -0.002822 0.660543 77 78 71
0.226646 -0.004046 0.661977 77 78 71
0.228458 -0.005271 0.663410 75 76 69
0.230274 -0.006498 0.664835 76 77 68
0.232136 -0.007726 0.666109 75 76 67
0.233969 -0.008956 0.667493 74 75 66
0.235875 -0.010186 0.668616 74 73 65
0.237793 -0.011416 0.669694 74 73 65
0.239688 -0.012647 0.670858 74 73 65
0.241612 -0.013878 0.671917 72 71 63
0.243494 -0.015110 0.673139 71 70 62
0.245437 -0.016340 0.674128 74 73 65
0.247338 -0.017572 0.675278 73 72 64
0.249323 -0.018799 0.676092 70 69 61
0.251262 -0.020029 0.677091 68 67 59
0.253113 -0.021265 0.678453 69 68 60
0.254894 -0.022509 0.680118 66 67 58
0.260223 -0.026259 0.685295 63 63 57
0.262018 -0.027513 0.686979 63 62 56
0.108319 0.061203 0.686841 131 86 74
0.112570 0.059333 0.683447 130 85 73
0.116250 0.057608 0.681232 128 84 71
0.119948 0.055889 0.678912 126 85 69
0.182818 0.025579 0.646706 112 74 63
0.185335 0.024249 0.646198 112 75 64
0.187827 0.022929 0.645726 118 82 73
0.190187 0.021632 0.645592 134 104 97
0.192544 0.020339 0.645441 152 125 118
0.194770 0.019067 0.645639 127 105 100
0.197055 0.017791 0.645645 91 79 73
0.199181 0.016538 0.646094 60 53 47
0.201109 0.015311 0.647117 63 58 51
0.203158 0.014069 0.647778 67 64 57
0.205171 0.012833 0.648539 72 69 62
0.207180 0.011599 0.649303 75 74 66
0.209187 0.010365 0.650069 76 77 68
0.211126 0.009139 0.651040 78 78 70
0.213049 0.007915 0.652063 78 77 69
0.214939 0.006693 0.653187 77 76 67
0.216792 0.005474 0.654434 77 76 67
0.218600 0.004258 0.655837 79 78 69
0.220387 0.003041 0.657313 77 76 67
0.222276 0.001817 0.658462 77 76 67
0.224122 0.000595 0.659754 76 77 67
0.225991 -0.000629 0.660979 77 78 71
0.227814 -0.001851 0.662366 75 76 69
0.229620 -0.003075 0.663820 72 73 66
0.231402 -0.004299 0.665372 73 74 66
0.233265 -0.005527 0.666642 73 74 65
0.235096 -0.006756 0.668035 74 74 66
0.237069 -0.007986 0.668910 74 75 66
0.238937 -0.009216 0.670173 75 74 66
0.240842 -0.010447 0.671305 74 73 65
0.242689 -0.011678 0.672662 72 71 63
0.244560 -0.012911 0.673930 71 70 62
0.246425 -0.014144 0.675233 71 70 63
0.248307 -0.015378 0.676471 72 71 63
0.250297 -0.016607 0.677271 70 67 60
0.252240 -0.017838 0.678261 68 65 58
0.254098 -0.019074 0.679604 68 65 58
0.112698 0.062065 0.686507 126 87 70
0.116318 0.060336 0.684430 125 86 69
0.187284 0.025407 0.650933 116 77 65
0.189806 0.024073 0.650385 115 76 68
0.192213 0.022761 0.650130 112 73 66
0.194563 0.021462 0.650009 109 72 68
0.196993 0.020155 0.649633 112 79 68
0.199273 0.018873 0.649663 132 107 100
0.201360 0.017620 0.650247 135 116 110
0.203474 0.016365 0.650739 115 106 96
0.205607 0.015109 0.651160 94 89 79
0.207628 0.013869 0.651909 65 62 54
0.209678 0.012626 0.652565 63 60 52
0.211658 0.011392 0.653429 61 51 46
0.213702 0.010152 0.654086 61 52 46
0.215631 0.008924 0.655105 65 59 52
0.217528 0.007700 0.656230 73 68 61
0.219397 0.006477 0.657446 76 71 64
0.221272 0.005253 0.658646 76 71 63
0.223160 0.004028 0.659809 78 72 65
0.225006 0.002806 0.661115 71 74 66
0.226860 0.001581 0.662400 69 74 66
0.228725 0.000356 0.663655 70 76 68
0.230525 -0.000867 0.665143 77 76 70
0.232349 -0.002093 0.666558 71 72 63
0.234218 -0.003322 0.667820 71 72 63
0.236127 -0.004552 0.668934 77 71 65
0.238012 -0.005783 0.670143 72 69 63
0.239858 -0.007013 0.671504 73 70 65
0.241688 -0.008245 0.672936 71 72 63
0.243571 -0.009477 0.674170 71 71 62
0.245416 -0.010711 0.675556 71 71 63
0.104617 0.068585 0.695664 129 90 73
0.108722 0.066696 0.692667 127 88 71
0.112856 0.064811 0.689527 126 87 70
0.116440 0.063074 0.687536 125 86 69
0.196696 0.022583 0.654353 111 75 63
0.199041 0.021281 0.654233 113 78 65
0.201183 0.020011 0.654693 113 80 68
0.203429 0.018729 0.654826 105 76 65
0.205655 0.017453 0.654998 109 84 70
0.207842 0.016185 0.655273 119 93 83
0.210004 0.014922 0.655606 127 104 96
0.212086 0.013671 0.656175 137 115 107
0.216206 0.011178 0.657423 134 116 105
0.218109 0.009950 0.658549 107 93 81
0.223937 0.006255 0.661533 85 70 61
0.225807 0.005029 0.662774 74 66 55
0.227707 0.003800 0.663915 65 59 48
0.229594 0.002572 0.665106 64 61 50
0.233209 0.000123 0.668072 65 60 51
0.235079 -0.001107 0.669343 66 60 52
0.236983 -0.002339 0.670493 63 58 50
0.238915 -0.003572 0.671540 62 58 49
0.240713 -0.004802 0.673098 69 64 57
0.242560 -0.006035 0.674483 59 59 48
0.104664 0.071426 0.698952 129 90 73
0.108745 0.069521 0.696010 127 88 71
0.112796 0.067635 0.693058 126 87 70
0.120107 0.064098 0.688716 126 86 70
0.205317 0.019879 0.660074 117 77 66
0.207617 0.018584 0.660043 115 79 65
0.212063 0.016026 0.660394 110 78 62
0.237710 -0.000111 0.672555 143 118 109
0.091186 0.080492 0.713370 132 93 76
0.100261 0.076329 0.705930 129 90 73
0.104673 0.074301 0.702350 129 90 73
0.108680 0.072395 0.699578 131 92 75
0.112751 0.070482 0.696588 128 89 72
0.116328 0.068712 0.694633 125 86 69
0.120107 0.066896 0.692162 126 85 69
0.112744 0.073344 0.700063 127 88 71
0.116335 0.071553 0.698089 125 86 69
0.120151 0.069707 0.695540 126 85 69
0.123752 0.067930 0.693416 123 84 67
0.091348 0.086424 0.719940 134 94 77
0.100329 0.082189 0.712705 129 90 73
0.108609 0.078205 0.706675 130 91 74
0.112744 0.076230 0.703553 129 90 73
0.120257 0.072526 0.698805 125 84 68
0.123928 0.070710 0.696527 122 83 66
0.112771 0.079133 0.707013 128 89 72
0.116477 0.077273 0.704796 129 90 73
0.108831 0.084030 0.713239 123 88 68
0.112820 0.082055 0.710455 123 88 68
0.113002 0.084961 0.713623 124 87 68
0.116815 0.083030 0.711172 125 87 68
0.109270 0.089880 0.719423 134 96 77
0.113194 0.087886 0.716793 128 90 72
0.117043 0.085925 0.714266 126 88 71
0.113502 0.090795 0.719725 129 90 71
0.109719 0.095818 0.725693 124 85 66
0.113693 0.093767 0.722955 124 85 66
0.117676 0.091720 0.720119 124 85 66
0.113993 0.096723 0.725960 124 85 66
0.114271 0.099709 0.729040 126 87 68
0.114408 0.102773 0.732485 130 91 73
0.093395 0.117103 0.751738 136 90 76
0.110484 0.108029 0.738889 125 85 68
0.114632 0.105828 0.735752 122 83 66
0.114799 0.108931 0.739187 125 84 68
0.134184 -0.164689 0.697391 231 234 227
0.128952 -0.162855 0.695606 230 233 226
0.135854 -0.165753 0.701099 231 234 227
0.133062 -0.165220 0.700248 232 235 228
0.130482 -0.164233 0.699350 232 235 228
0.127901 -0.163241 0.698451 234 237 230
0.125397 -0.162074 0.697532 238 241 234
0.122870 -0.160947 0.696616 249 252 245
0.132147 -0.165311 0.703058 235 238 231
0.129504 -0.164460 0.702175 238 241 234
0.126858 -0.163610 0.701291 238 241 234
0.124299 -0.162566 0.700388 239 242 235
0.121708 -0.161584 0.699489 242 245 238
0.134640 -0.164630 0.706595 234 237 232
0.131896 -0.163984 0.705731 235 237 233
0.129205 -0.163220 0.704856 236 238 234
0.126512 -0.162461 0.703981 238 243 235
0.123915 -0.161488 0.703084 237 242 235
0.121395 -0.160337 0.702169 233 235 231
0.119170 -0.158516 0.701185 229 230 223
0.129125 -0.161502 0.707503 218 223 217
0.126460 -0.160663 0.706619 219 224 216
0.123937 -0.159510 0.705704 218 223 215
0.121423 -0.158324 0.704785 214 219 211
0.119258 -0.156343 0.703788 206 209 202
0.117142 -0.154227 0.702774 196 197 190
0.129522 -0.158738 0.710071 207 215 206
0.126861 -0.157863 0.709181 208 216 207
0.124264 -0.156844 0.708277 209 214 206
0.121744 -0.155645 0.707356 208 213 205
0.119521 -0.153766 0.706370 204 207 200
0.117242 -0.151989 0.705391 202 203 196
0.115149 -0.149764 0.704367 209 212 205
0.112936 -0.147785 0.703363 219 222 215
0.130334 -0.155055 0.712583 210 218 209
0.127555 -0.154404 0.711709 213 219 211
0.124979 -0.153303 0.710796 212 218 210
0.122298 -0.152429 0.709902 208 213 205
0.119865 -0.150988 0.708956 208 211 204
0.117291 -0.149856 0.708037 210 213 206
0.114883 -0.148329 0.707080 219 222 215
0.112361 -0.147053 0.706145 223 226 219
0.110189 -0.144938 0.705129 224 227 220
0.107881 -0.143119 0.704139 222 225 218
0.105847 -0.140618 0.703080 221 224 215
0.133288 -0.153414 0.716114 207 213 206
0.130279 -0.153244 0.715276 210 216 208
0.127470 -0.152641 0.714404 213 217 209
0.124722 -0.151904 0.713521 211 215 207
0.121890 -0.151354 0.712653 209 213 206
0.119146 -0.150607 0.711769 212 215 208
0.116385 -0.149897 0.710888 220 223 216
0.113783 -0.148818 0.709974 225 228 221
0.111187 -0.147715 0.709057 224 227 220
0.108847 -0.146002 0.708084 223 226 219
0.106496 -0.144291 0.707109 221 224 217
0.129778 -0.152399 0.718059 208 213 205
0.124012 -0.151510 0.716338 208 213 205
0.118173 -0.150802 0.714633 221 224 217
0.112620 -0.149455 0.712877 225 228 221
0.107609 -0.146822 0.711010 221 224 217
0.105210 -0.145232 0.710051 220 223 216
0.131857 -0.152667 0.721760 201 205 197
0.125825 -0.152356 0.720078 208 213 205
0.119834 -0.151991 0.718397 220 223 216
0.116906 -0.151666 0.717547 223 226 219
0.114124 -0.151014 0.716672 224 227 220
0.121412 -0.153357 0.722169 220 225 217
0.115488 -0.152883 0.720481 219 222 215
0.123196 -0.154258 0.725903 218 222 215
-0.038717 -0.022930 0.716396 223 223 212
-0.010507 -0.130228 0.740501 121 120 111
-0.036998 -0.025766 0.720708 223 221 210
-0.043191 -0.024050 0.718729 224 223 214
0.015261 -0.178734 0.756482 253 250 252
-0.009366 -0.133774 0.744320 123 124 118
-0.013786 -0.128034 0.742400 115 114 106
-0.042107 -0.030358 0.723233 221 220 211
0.018879 -0.182448 0.760856 254 253 253
0.016553 -0.180919 0.760017 214 214 209
0.014277 -0.179200 0.759172 187 187 176
0.009755 -0.175576 0.757471 87 86 78
-0.008467 -0.138191 0.748139 148 147 140
-0.012870 -0.132551 0.746254 120 117 110
-0.017260 -0.126571 0.744335 98 97 89
-0.046377 -0.030576 0.725481 224 223 214
0.020144 -0.184662 0.764369 215 213 210
0.015647 -0.181136 0.762695 166 165 155
0.013412 -0.179282 0.761853 93 93 85
0.011325 -0.176902 0.760999 58 57 55
0.009222 -0.174531 0.760140 47 45 42
-0.007382 -0.141816 0.751899 172 171 161
-0.011672 -0.135871 0.750032 124 121 112
0.023864 -0.187903 0.768686 191 187 182
0.021598 -0.186259 0.767862 193 190 183
0.019327 -0.184606 0.767034 157 154 147
0.017126 -0.182701 0.766202 93 92 87
0.015014 -0.180470 0.765363 66 64 61
0.012926 -0.178120 0.764518 56 53 50
0.010906 -0.175493 0.763666 53 46 47
0.008933 -0.172653 0.762806 55 48 49
-0.010874 -0.140699 0.753823 127 124 118
-0.015248 -0.134979 0.751974 107 104 96
0.161370 -0.229472 0.815742 56 55 47
0.138907 -0.228356 0.809078 141 136 122
0.073486 -0.210651 0.788271 156 151 137
0.068217 -0.209825 0.786654 156 151 137
0.055358 -0.207015 0.782629 160 155 144
0.050628 -0.204792 0.781033 171 166 154
0.045864 -0.202611 0.779432 173 168 156
0.041126 -0.200313 0.777827 171 166 154
0.029761 -0.192900 0.773792 175 174 164
0.023106 -0.187675 0.771344 118 117 110
0.020848 -0.185999 0.770523 87 85 82
0.018799 -0.183631 0.769696 70 68 64
0.016649 -0.181542 0.768866 61 57 54
0.014678 -0.178832 0.768029 56 52 50
0.012586 -0.176463 0.767189 56 51 50
0.010666 -0.173472 0.766339 60 53 52
0.008656 -0.170721 0.765486 62 54 54
0.006816 -0.167323 0.764620 64 56 56
-0.009807 -0.144397 0.757549 123 121 113
-0.012235 -0.142588 0.756666 114 111 103
-0.014274 -0.139191 0.755742 111 109 101
-0.018847 -0.134166 0.753921 102 101 92
0.161359 -0.228042 0.818472 31 29 26
0.154528 -0.229900 0.816645 43 40 34
0.076867 -0.214046 0.792436 155 150 136
0.071633 -0.213176 0.790822 156 151 137
0.066432 -0.212236 0.789212 154 149 137
0.063781 -0.211898 0.788405 154 149 137
0.061317 -0.211088 0.787608 155 150 138
0.058834 -0.210324 0.786810 155 150 138
0.056384 -0.209471 0.786014 162 157 145
0.054001 -0.208434 0.785220 170 165 155
0.051688 -0.207204 0.784429 179 173 166
0.049350 -0.206024 0.783635 184 178 171
0.047051 -0.204727 0.782841 183 177 171
0.044704 -0.203545 0.782044 177 171 165
0.031225 -0.194372 0.777246 180 177 168
0.029094 -0.192418 0.776441 125 125 119
0.024726 -0.188730 0.774820 69 67 67
0.022651 -0.186502 0.774006 61 57 57
0.020533 -0.184366 0.773187 59 55 55
0.018427 -0.182152 0.772365 62 58 56
0.016337 -0.179843 0.771539 64 57 54
0.014302 -0.177308 0.770708 65 58 57
0.012242 -0.174806 0.769872 67 59 58
0.010284 -0.171910 0.769030 69 58 58
0.008317 -0.168980 0.768182 75 64 64
0.004344 -0.163061 0.766470 79 72 71
-0.008687 -0.147825 0.761240 120 119 111
-0.011014 -0.145684 0.760360 116 115 106
-0.013417 -0.143793 0.759481 112 111 102
-0.017772 -0.138044 0.757673 104 103 94
0.136277 -0.230290 0.814179 146 143 128
0.110312 -0.225447 0.806122 149 144 130
0.090264 -0.220098 0.799759 153 148 134
0.085073 -0.219159 0.798150 152 147 133
0.079985 -0.217987 0.796552 152 147 133
0.074892 -0.216828 0.794953 153 148 134
0.072284 -0.216399 0.794149 154 149 135
0.069708 -0.215893 0.793347 155 150 136
0.064600 -0.214778 0.791748 151 146 134
0.052828 -0.209378 0.787811 179 172 173
0.050451 -0.208325 0.787019 230 224 225
0.045921 -0.205577 0.785445 252 250 251
0.032652 -0.195940 0.780691 74 71 65
0.030644 -0.193642 0.779897 58 54 52
0.028515 -0.191668 0.779096 58 57 57
0.026468 -0.189410 0.778295 54 51 53
0.024241 -0.187662 0.777485 61 54 57
0.022239 -0.185185 0.776677 72 62 62
0.020065 -0.183204 0.775862 77 66 65
0.018043 -0.180697 0.775046 77 67 64
0.015863 -0.178656 0.774224 75 66 63
0.013860 -0.175993 0.773399 71 62 61
0.011734 -0.173682 0.772570 71 61 58
0.009798 -0.170687 0.771735 73 62 62
0.001325 -0.160611 0.768351 179 173 167
-0.000989 -0.158664 0.767498 202 197 190
-0.003171 -0.156192 0.766638 103 100 92
-0.005412 -0.153884 0.765775 132 129 122
-0.007566 -0.151197 0.764903 123 121 114
-0.009888 -0.149090 0.764034 117 116 108
-0.012223 -0.146988 0.763162 115 114 106
-0.014612 -0.145054 0.762288 111 110 101
-0.016637 -0.141614 0.761387 107 106 97
0.147746 -0.228779 0.820273 52 45 42
0.119156 -0.228845 0.811854 154 149 135
0.116544 -0.228409 0.811048 149 144 129
0.113913 -0.228014 0.810239 155 149 135
0.111141 -0.227916 0.809414 152 147 133
0.108651 -0.227236 0.808623 151 146 132
0.105956 -0.226988 0.807808 153 148 134
0.103446 -0.226351 0.807014 149 144 130
0.098534 -0.224841 0.805439 148 143 128
0.093620 -0.223323 0.803862 149 144 130
0.088475 -0.222312 0.802260 153 148 134
0.083292 -0.221398 0.800655 153 148 134
0.078205 -0.220269 0.799061 153 148 134
0.073273 -0.218771 0.797480 150 145 131
0.068253 -0.217473 0.795891 149 144 132
0.063366 -0.215839 0.794313 160 156 144
0.061003 -0.214811 0.793529 162 159 148
0.058747 -0.213500 0.792753 177 175 164
0.056519 -0.212101 0.791978 237 234 225
0.054187 -0.210955 0.791194 252 249 248
0.051947 -0.209555 0.790415 253 249 252
0.049652 -0.208282 0.789631 247 242 245
0.047404 -0.206869 0.788848 235 229 232
0.045206 -0.205298 0.788067 191 187 187
0.040907 -0.201818 0.786505 91 88 83
0.032286 -0.194589 0.783352 53 48 44
0.030167 -0.192600 0.782559 63 56 55
0.028113 -0.190381 0.781765 74 65 66
0.025984 -0.188347 0.780965 81 71 71
0.023841 -0.186324 0.780162 80 68 69
0.021788 -0.183982 0.779358 81 69 68
0.019691 -0.181733 0.778550 82 71 68
0.017568 -0.179526 0.777737 83 70 66
0.015411 -0.177385 0.776920 81 68 64
0.013292 -0.175079 0.776100 83 70 66
0.011172 -0.172731 0.775276 91 80 76
0.009071 -0.170267 0.774448 126 115 111
0.006958 -0.167797 0.773615 134 128 123
0.002553 -0.163326 0.771938 239 235 229
-0.002048 -0.159380 0.770247 138 137 128
-0.006522 -0.154795 0.768540 124 122 115
-0.011004 -0.150035 0.766816 118 117 109
-0.015709 -0.145942 0.765082 107 107 99
-0.020025 -0.140056 0.763311 75 72 65
0.118261 -0.229027 0.814439 85 84 76
0.112606 -0.229049 0.812770 137 134 122
0.097067 -0.226284 0.807953 174 170 154
0.094785 -0.225152 0.807187 174 170 155
0.092181 -0.224727 0.806383 166 161 147
0.089655 -0.224133 0.805588 162 157 143
0.087055 -0.223704 0.804785 161 156 142
0.084527 -0.223113 0.803990 162 157 143
0.081900 -0.222752 0.803184 165 160 147
0.079342 -0.222235 0.802386 162 157 145
0.076819 -0.221636 0.801592 164 159 146
0.074464 -0.220637 0.800815 165 160 146
0.069499 -0.219232 0.799234 179 176 162
0.067164 -0.218164 0.798458 189 184 172
0.038621 -0.198085 0.788397 68 61 57
0.034313 -0.194409 0.786826 80 73 68
0.032157 -0.192530 0.786037 87 74 70
0.030038 -0.190509 0.785247 91 76 74
0.027766 -0.188914 0.784447 89 76 73
0.025707 -0.186644 0.783655 89 74 73
0.023460 -0.184916 0.782851 87 75 73
0.021404 -0.182556 0.782052 88 76 72
0.019184 -0.180675 0.781244 94 79 74
0.017111 -0.178285 0.780438 96 81 77
0.014850 -0.176461 0.779622 100 86 81
0.012739 -0.174107 0.778808 130 119 113
0.010481 -0.172202 0.777986 159 154 147
0.008371 -0.169755 0.777165 161 154 148
0.006080 -0.167880 0.776336 253 249 243
0.003879 -0.165656 0.775505 108 105 98
0.001529 -0.163919 0.774670 125 122 115
-0.000726 -0.161800 0.773832 143 144 135
-0.003072 -0.159976 0.772991 127 128 119
-0.005233 -0.157427 0.772146 124 123 115
-0.007533 -0.155341 0.771298 120 119 111
-0.009655 -0.152533 0.770444 118 117 109
-0.011974 -0.150421 0.769587 116 115 107
-0.014393 -0.148656 0.768730 110 109 101
0.126917 -0.227135 0.819695 71 57 54
0.123897 -0.227477 0.818826 51 43 39
0.120940 -0.227708 0.817967 44 40 36
0.117950 -0.228023 0.817105 42 39 36
0.114913 -0.228449 0.816237 39 38 34
0.112044 -0.228547 0.815394 41 40 36
0.109157 -0.228696 0.814550 46 46 41
0.106369 -0.228651 0.813719 56 56 51
0.103561 -0.228657 0.812887 60 60 55
0.100919 -0.228318 0.812078 66 66 60
0.098504 -0.227492 0.811298 66 69 59
0.095994 -0.226871 0.810506 81 82 71
0.093620 -0.225948 0.809731 82 82 72
0.091045 -0.225465 0.808931 94 94 84
0.088495 -0.224931 0.808134 97 97 87
0.085948 -0.224390 0.807337 104 103 93
0.083459 -0.223716 0.806547 174 174 164
0.080865 -0.223285 0.805745 179 179 169
0.075871 -0.221972 0.804163 99 98 87
0.073415 -0.221216 0.803377 85 85 74
0.071040 -0.220261 0.802599 85 84 75
0.066438 -0.217964 0.801058 69 68 60
0.064171 -0.216710 0.800289 79 79 73
0.061907 -0.215438 0.799520 76 76 70
0.059674 -0.214070 0.798753 63 62 57
0.057528 -0.212461 0.797993 58 58 53
0.055380 -0.210837 0.797231 58 55 52
0.050967 -0.207828 0.795691 74 65 64
0.046857 -0.203909 0.794171 82 71 68
0.042571 -0.200358 0.792627 90 76 73
0.040477 -0.198400 0.791856 94 79 76
0.038297 -0.196655 0.791075 97 82 79
0.036120 -0.194875 0.790293 97 80 74
0.033921 -0.193132 0.789507 98 82 77
0.031773 -0.191208 0.788722 98 81 78
0.029535 -0.189523 0.787929 98 82 79
0.027328 -0.187717 0.787135 96 80 77
0.025114 -0.185900 0.786339 97 81 78
0.022913 -0.184012 0.785541 99 84 81
0.020726 -0.182048 0.784742 103 90 86
0.018518 -0.180113 0.783939 103 90 86
0.016319 -0.178117 0.783133 121 108 103
0.014127 -0.176061 0.782325 139 131 124
0.011919 -0.174017 0.781513 193 188 181
0.009678 -0.172046 0.780697 239 235 228
0.007449 -0.169995 0.779878 128 123 117
0.005179 -0.168048 0.779055 117 112 106
0.002908 -0.166062 0.778230 142 139 132
0.000623 -0.164091 0.777400 135 132 125
-0.001691 -0.162186 0.776568 132 131 123
-0.003967 -0.160101 0.775733 128 125 118
-0.006153 -0.157639 0.774895 125 124 116
-0.008425 -0.155445 0.774053 120 119 111
-0.012874 -0.150539 0.772356 111 108 101
0.112128 -0.226705 0.818118 60 46 45
0.106325 -0.227046 0.816417 52 45 44
0.103544 -0.226981 0.815585 50 47 45
0.100751 -0.226951 0.814752 49 46 43
0.098260 -0.226277 0.813962 50 44 44
0.095633 -0.225901 0.813153 46 45 43
0.093206 -0.225085 0.812371 45 44 43
0.090531 -0.224818 0.811556 45 44 43
0.088008 -0.224214 0.810762 48 47 45
0.085426 -0.223745 0.809960 51 49 48
0.082892 -0.223168 0.809164 58 56 54
0.080259 -0.222823 0.808356 52 52 48
0.073023 -0.220224 0.806014 50 47 44
0.068320 -0.218167 0.804465 49 44 43
0.063860 -0.215465 0.802941 64 50 50
0.042495 -0.198265 0.795333 104 86 82
0.038095 -0.194867 0.793776 104 86 82
0.035757 -0.193527 0.792983 101 84 78
0.033532 -0.191838 0.792198 106 88 83
0.031217 -0.190389 0.791404 106 90 87
0.029066 -0.188428 0.790621 106 93 89
0.026739 -0.186968 0.789822 107 95 91
0.024625 -0.184829 0.789037 105 94 89
0.022323 -0.183238 0.788237 113 102 97
0.020210 -0.181021 0.787447 117 109 104
0.017907 -0.179375 0.786642 154 149 143
0.015763 -0.177181 0.785844 227 227 218
0.013423 -0.175594 0.785032 215 214 206
0.011232 -0.173480 0.784226 99 97 89
0.008829 -0.172043 0.783407 115 114 106
0.006594 -0.170006 0.782594 145 143 137
0.004268 -0.168247 0.781774 137 134 128
0.002090 -0.165934 0.780957 134 131 124
-0.000251 -0.164153 0.780131 128 127 119
-0.002464 -0.161874 0.779307 128 126 119
-0.006871 -0.157094 0.777647 119 118 110
0.121375 -0.223562 0.823502 105 77 74
0.118341 -0.223931 0.822623 104 75 71
0.115215 -0.224510 0.821730 101 73 70
0.112271 -0.224730 0.820867 95 70 68
0.109278 -0.225068 0.819997 94 70 68
0.106427 -0.225123 0.819150 93 69 68
0.103585 -0.225173 0.818305 87 65 61
0.100835 -0.225035 0.817475 88 66 64
0.098239 -0.224569 0.816669 87 68 65
0.095612 -0.224175 0.815858 83 64 64
0.092993 -0.223769 0.815048 79 65 63
0.090373 -0.223365 0.814239 77 65 63
0.087843 -0.222765 0.813442 73 62 62
0.085330 -0.222124 0.812648 72 61 60
0.082804 -0.221512 0.811852 72 64 62
0.080209 -0.221061 0.811047 74 65 64
0.077655 -0.220516 0.810247 71 61 60
0.072868 -0.218658 0.808691 72 63 61
0.063648 -0.213965 0.805617 96 77 74
0.061497 -0.212370 0.804865 96 75 72
0.046560 -0.200228 0.799571 108 89 86
0.042158 -0.196892 0.798028 109 89 85
0.039925 -0.195280 0.797251 111 92 87
0.037670 -0.193706 0.796469 114 95 90
0.035298 -0.192446 0.795675 118 99 94
0.032897 -0.191258 0.794876 119 103 98
0.030542 -0.189920 0.794081 128 113 109
0.028221 -0.188458 0.793288 122 109 105
0.025976 -0.186743 0.792500 119 109 104
0.023773 -0.184872 0.791714 144 136 130
0.021532 -0.183084 0.790922 203 198 190
0.019329 -0.181146 0.790131 222 221 213
0.017058 -0.179392 0.789333 133 135 125
0.014826 -0.177482 0.788535 85 85 74
0.012469 -0.175949 0.787726 123 121 114
0.010177 -0.174172 0.786920 142 141 135
0.007879 -0.172383 0.786111 134 133 127
0.005618 -0.170434 0.785302 133 132 124
0.003356 -0.168454 0.784490 133 131 124
0.001133 -0.166293 0.783678 132 129 122
-0.001129 -0.164230 0.782861 127 125 118
-0.003350 -0.161973 0.782043 125 124 116
-0.005539 -0.159549 0.781223 116 115 107
-0.009982 -0.154781 0.779569 88 82 76
0.112793 -0.221954 0.823695 108 80 77
0.106994 -0.222204 0.821975 108 79 75
0.101273 -0.222341 0.820272 105 76 72
0.095950 -0.221651 0.818634 101 77 73
0.090731 -0.220746 0.817013 95 76 74
0.085680 -0.219469 0.815418 92 75 72
0.043865 -0.197648 0.801486 121 100 98
0.041639 -0.196023 0.800714 125 107 104
0.039261 -0.194808 0.799923 132 116 112
0.036984 -0.193289 0.799143 134 121 116
0.034499 -0.192351 0.798339 112 104 98
0.032071 -0.191239 0.797540 114 108 102
0.029586 -0.190285 0.796734 131 128 120
0.027264 -0.188827 0.795944 209 202 196
0.024919 -0.187419 0.795151 212 208 200
0.022785 -0.185336 0.794377 124 121 114
0.020447 -0.183857 0.793581 86 84 77
0.018292 -0.181770 0.792801 99 100 93
0.015926 -0.180325 0.791999 136 136 128
0.013741 -0.178267 0.791211 142 141 132
0.011333 -0.176910 0.790402 134 133 125
0.009066 -0.175056 0.789603 136 135 128
0.006783 -0.173223 0.788801 134 132 125
0.004673 -0.170759 0.788009 132 131 123
0.002371 -0.168917 0.787201 131 129 121
0.000244 -0.166414 0.786402 128 125 118
-0.002029 -0.164382 0.785590 121 118 111
-0.004149 -0.161750 0.784784 114 111 104
0.110035 -0.220059 0.825617 122 95 93
0.107222 -0.219991 0.824768 119 92 91
0.104316 -0.220130 0.823904 117 91 88
0.101514 -0.220060 0.823058 115 88 83
0.098874 -0.219642 0.822241 111 85 80
0.096321 -0.219039 0.821437 111 85 80
0.093888 -0.218165 0.820653 108 83 78
0.091369 -0.217482 0.819855 93 74 69
0.045558 -0.198439 0.804940 121 108 103
0.040820 -0.195995 0.803369 99 93 89
0.038467 -0.194706 0.802584 141 136 130
0.036104 -0.193428 0.801797 189 187 180
0.033678 -0.192319 0.801001 235 230 223
0.031203 -0.191343 0.800198 201 197 192
0.028779 -0.190205 0.799401 108 104 99
0.026384 -0.188967 0.798606 89 86 81
0.024065 -0.187476 0.797819 102 99 94
0.021846 -0.185652 0.797042 129 126 121
0.019553 -0.184031 0.796255 137 135 128
0.017318 -0.182195 0.795472 135 134 126
0.014953 -0.180749 0.794674 133 132 124
0.012703 -0.178906 0.793886 133 132 124
0.010351 -0.177367 0.793086 133 132 124
0.008045 -0.175646 0.792289 132 130 122
0.005827 -0.173594 0.791498 130 127 120
0.003699 -0.171187 0.790712 127 124 117
0.001496 -0.168996 0.789917 120 117 110
-0.000670 -0.166626 0.789122 117 114 107
-0.002862 -0.164297 0.788322 100 94 88
-0.004929 -0.161458 0.787529 107 98 93
-0.007021 -0.158647 0.786729 170 160 156
0.042228 -0.197596 0.806788 234 231 224
0.039914 -0.196213 0.806012 204 202 193
0.037492 -0.195122 0.805221 148 146 138
0.035148 -0.193791 0.804439 96 91 86
0.032733 -0.192652 0.803647 98 95 88
0.030381 -0.191310 0.802862 114 112 106
0.027920 -0.190281 0.802063 126 124 119
0.025634 -0.188707 0.801284 133 131 125
0.023247 -0.187421 0.800492 135 133 127
0.021001 -0.185675 0.799716 133 132 124
0.018659 -0.184207 0.798927 133 132 124
0.016448 -0.182292 0.798152 132 131 123
0.014065 -0.180901 0.797356 133 132 124
0.011891 -0.178802 0.796581 133 132 124
0.009504 -0.177372 0.795781 130 129 121
0.007263 -0.175429 0.794995 130 127 119
0.004994 -0.173541 0.794205 123 119 112
0.002909 -0.170978 0.793431 119 113 106
0.000657 -0.168948 0.792637 97 91 85
-0.001434 -0.166298 0.791856 125 114 110
-0.003619 -0.163933 0.791063 182 168 166
-0.005548 -0.160566 0.790291 130 122 115
-0.007578 -0.157497 0.789505 37 31 28
0.117557 -0.218848 0.833572 120 120 111
0.112082 -0.218321 0.831890 142 142 135
0.106537 -0.217967 0.830196 118 119 110
0.100875 -0.217903 0.828482 106 103 96
0.095556 -0.217119 0.826834 110 105 97
0.080396 -0.212992 0.822035 98 92 86
0.075236 -0.211859 0.820416 111 104 98
0.060488 -0.206597 0.815682 173 169 162
0.055827 -0.204126 0.814143 177 175 167
0.051226 -0.201433 0.812611 145 142 135
0.046255 -0.199691 0.811016 100 97 88
0.041308 -0.197854 0.809425 102 99 94
0.038964 -0.196556 0.808648 110 107 102
0.036613 -0.195262 0.807869 122 119 114
0.034276 -0.193909 0.807091 131 128 123
0.031927 -0.192575 0.806311 135 132 127
0.029545 -0.191320 0.805525 135 133 128
0.027169 -0.190032 0.804739 135 134 128
0.024780 -0.188768 0.803950 135 134 128
0.022414 -0.187413 0.803164 135 134 126
0.020115 -0.185827 0.802385 133 132 124
0.017783 -0.184324 0.801601 133 132 124
0.015531 -0.182537 0.800826 133 132 124
0.013202 -0.180971 0.800040 131 130 122
0.011013 -0.178914 0.799270 130 129 121
0.008665 -0.177356 0.798477 120 118 111
0.006425 -0.175397 0.797697 109 106 99
0.004238 -0.173223 0.796921 104 97 92
0.002198 -0.170488 0.796160 143 125 121
0.000046 -0.168087 0.795383 186 167 164
-0.001995 -0.165238 0.794616 108 93 89
-0.004024 -0.162276 0.793846 36 27 20
-0.005833 -0.158425 0.793096 38 20 16
-0.007706 -0.154723 0.792334 100 68 56
0.057358 -0.205309 0.817554 84 83 75
0.054968 -0.204218 0.816777 95 94 86
0.052702 -0.202788 0.816020 103 103 95
0.047815 -0.200836 0.814443 113 113 106
0.045293 -0.200063 0.813641 119 118 112
0.042843 -0.199087 0.812851 124 123 117
0.040431 -0.197993 0.812066 131 130 124
0.038140 -0.196542 0.811301 132 130 125
0.035759 -0.195332 0.810520 132 129 124
0.033457 -0.193875 0.809751 132 131 125
0.030996 -0.192869 0.808956 137 136 130
0.028673 -0.191437 0.808182 136 135 129
0.026237 -0.190330 0.807390 137 136 128
0.023933 -0.188805 0.806617 135 134 126
0.021531 -0.187560 0.805828 137 136 128
0.019336 -0.185643 0.805069 131 130 122
0.016987 -0.184188 0.804286 129 128 120
0.014767 -0.182291 0.803520 127 124 117
0.012392 -0.180867 0.802731 118 114 107
0.010284 -0.178533 0.801978 108 102 96
0.007963 -0.176871 0.801193 131 119 117
0.005841 -0.174498 0.800434 173 156 153
0.003653 -0.172306 0.799664 180 157 155
-0.000357 -0.166478 0.798164 33 21 20
-0.002249 -0.163054 0.797423 30 21 12
0.102065 -0.217944 0.834601 89 88 81
0.099403 -0.217549 0.833774 89 87 80
0.096639 -0.217383 0.832926 87 85 77
0.094009 -0.216927 0.832106 88 86 79
0.091479 -0.216249 0.831306 87 85 78
0.088818 -0.215866 0.830480 86 85 77
0.086183 -0.215429 0.829659 89 88 80
0.083615 -0.214837 0.828852 89 89 81
0.081008 -0.214340 0.828037 86 85 77
0.078467 -0.213687 0.827236 87 86 78
0.073499 -0.212102 0.825654 94 93 85
0.063719 -0.208487 0.822518 106 105 97
0.058821 -0.206660 0.820947 113 112 104
0.056425 -0.205596 0.820171 114 113 105
0.054089 -0.204366 0.819406 119 118 110
0.051767 -0.203081 0.818642 120 119 111
0.049340 -0.202068 0.817859 125 123 115
0.046897 -0.201088 0.817072 126 125 118
0.044421 -0.200191 0.816279 128 127 121
0.042007 -0.199110 0.815497 130 129 123
0.039671 -0.197801 0.814728 130 129 121
0.037343 -0.196452 0.813960 133 132 126
0.035023 -0.195061 0.813192 134 132 127
0.032699 -0.193662 0.812423 137 136 130
0.030318 -0.192412 0.811643 137 134 127
0.027949 -0.191111 0.810864 140 138 131
0.025583 -0.189783 0.810085 137 136 128
0.023241 -0.188362 0.809309 139 136 129
0.020908 -0.186892 0.808534 132 126 119
0.018655 -0.185148 0.807771 117 111 104
0.016367 -0.183484 0.807001 108 101 95
0.014113 -0.181682 0.806235 127 115 111
0.011824 -0.179966 0.805461 162 146 143
0.009677 -0.177743 0.804709 179 160 160
0.007521 -0.175505 0.803953 114 95 95
0.005445 -0.172947 0.803207 43 30 27
0.003385 -0.170281 0.802461 35 25 20
-0.000507 -0.163946 0.800994 130 96 83
0.101406 -0.217599 0.837267 92 91 83
0.098667 -0.217371 0.836422 93 92 84
0.096035 -0.216911 0.835601 94 93 85
0.090736 -0.216081 0.833951 97 96 88
0.088057 -0.215738 0.833120 97 96 88
0.055674 -0.205410 0.822822 121 120 112
0.051091 -0.202686 0.821313 124 123 115
0.046188 -0.200767 0.819740 130 129 123
0.041446 -0.198365 0.818196 131 130 124
0.039059 -0.197187 0.817420 132 131 123
0.036768 -0.195719 0.816661 136 135 129
0.034388 -0.194490 0.815885 144 142 137
0.032130 -0.192887 0.815131 146 141 137
0.029734 -0.191669 0.814350 142 139 132
0.027418 -0.190197 0.813584 126 123 117
0.025018 -0.188960 0.812801 108 106 99
0.022751 -0.187290 0.812042 95 89 83
0.020381 -0.185920 0.811263 126 114 109
0.018178 -0.183999 0.810513 171 155 152
0.015864 -0.182399 0.809742 188 165 163
0.013720 -0.180220 0.808999 113 92 93
0.011440 -0.178446 0.808231 54 36 36
0.106393 -0.217376 0.841668 93 92 84
0.103615 -0.217211 0.840812 93 90 83
0.100681 -0.217397 0.839921 94 93 85
0.097970 -0.217105 0.839081 96 95 87
0.095251 -0.216835 0.838240 98 97 89
0.092574 -0.216481 0.837407 97 98 89
0.089933 -0.216047 0.836584 99 100 91
0.087217 -0.215789 0.835744 99 100 91
0.084555 -0.215414 0.834915 100 101 92
0.081968 -0.214867 0.834104 103 104 95
0.054708 -0.205787 0.825431 123 122 114
0.052423 -0.204416 0.824681 123 122 114
0.050113 -0.203096 0.823926 125 124 116
0.047712 -0.202006 0.823151 130 129 123
0.045282 -0.200988 0.822370 139 136 130
0.042950 -0.199683 0.821609 136 135 129
0.040707 -0.198115 0.820865 129 128 122
0.038409 -0.196676 0.820109 119 118 112
0.036142 -0.195130 0.819359 114 111 105
0.033834 -0.193680 0.818599 112 107 101
0.031546 -0.192154 0.817843 123 117 111
0.029201 -0.190770 0.817075 140 132 125
0.026912 -0.189200 0.816317 154 143 138
0.024584 -0.187724 0.815550 171 161 156
0.022328 -0.186002 0.814797 128 121 116
0.020041 -0.184352 0.814036 79 67 63
0.017813 -0.182484 0.813285 40 26 25
0.015611 -0.180498 0.812539 31 20 22
0.013493 -0.178199 0.811806 34 20 21
0.011345 -0.175953 0.811066 82 61 55
0.009298 -0.173323 0.810343 153 120 110
0.089125 -0.216027 0.839216 98 95 87
0.086395 -0.215801 0.838371 100 98 90
0.083733 -0.215426 0.837542 99 98 90
0.081095 -0.214999 0.836719 102 101 93
0.068504 -0.211438 0.832738 111 106 100
0.065983 -0.210725 0.831942 109 107 100
0.063569 -0.209740 0.831168 111 110 102
0.061084 -0.208928 0.830379 110 109 101
0.049382 -0.202843 0.826589 97 90 83
0.044643 -0.200470 0.825057 124 108 105
0.042310 -0.199161 0.824298 145 128 125
0.031058 -0.191127 0.820582 121 102 97
0.028743 -0.189640 0.819822 79 62 56
0.026509 -0.187884 0.819079 32 17 17
0.106381 -0.213869 0.847347 141 117 114
0.094184 -0.215563 0.843642 168 146 144
0.088632 -0.215283 0.841926 158 139 133
0.083182 -0.214806 0.840234 139 126 121
0.072776 -0.212738 0.836972 133 125 119
0.067902 -0.210899 0.835419 136 123 119
0.063017 -0.209060 0.833863 153 132 129
0.053529 -0.204553 0.830812 170 157 153
0.049036 -0.201547 0.829343 172 160 153
0.046706 -0.200242 0.828588 147 135 128
0.044405 -0.198839 0.827839 125 112 107
0.042121 -0.197370 0.827094 79 67 64
0.039890 -0.195729 0.826360 51 39 37
0.035461 -0.192279 0.824898 36 22 23
0.033208 -0.190625 0.824157 36 19 22
0.030975 -0.188888 0.823419 37 15 16
0.028721 -0.187182 0.822676 54 29 28
0.026505 -0.185335 0.821941 107 75 63
