ply
format ascii 1.0
element vertex 10420
property float x
property float y
property float z
property uchar red
property uchar green
property uchar blue
end_header
-0.120175 -0.127081 1.030579 173 169 153
-0.114665 -0.127036 1.030223 176 173 158
-0.109177 -0.127013 1.030038 172 169 153
-0.103770 -0.127085 1.030627 162 160 144
-0.098398 -0.127211 1.031660 152 151 136
-0.092986 -0.127297 1.032362 152 152 138
-0.135852 -0.120910 1.025049 172 169 151
-0.130428 -0.120924 1.025181 172 168 152
-0.125007 -0.120943 1.025344 162 158 144
-0.119532 -0.120910 1.025065 142 141 129
-0.114003 -0.120815 1.024270 101 103 94
-0.103039 -0.120707 1.023359 104 109 101
-0.097185 -0.120184 1.018932 156 157 145
-0.090460 -0.118460 1.004310 192 192 181
-0.084441 -0.117503 0.996192 205 205 193
-0.140508 -0.114778 1.019355 170 166 147
-0.135124 -0.114800 1.019551 173 172 153
-0.129721 -0.114807 1.019618 131 133 118
-0.124309 -0.114805 1.019614 84 91 84
-0.118886 -0.114794 1.019516 86 90 83
-0.113368 -0.114686 1.018559 89 93 86
-0.107481 -0.114174 1.014014 138 139 130
-0.099154 -0.110883 0.984771 228 228 218
-0.093599 -0.110495 0.981325 225 224 213
-0.088321 -0.110407 0.980548 225 225 214
-0.083137 -0.110435 0.980799 225 225 214
-0.077975 -0.110495 0.981344 225 225 212
-0.072859 -0.110635 0.982595 226 227 215
-0.067822 -0.110925 0.985173 228 227 216
-0.063337 -0.112243 0.996892 120 123 114
-0.053844 -0.114557 1.017477 88 93 88
-0.048598 -0.114921 1.020717 94 99 93
-0.145080 -0.108690 1.013492 155 150 133
-0.139735 -0.108715 1.013737 164 161 143
-0.134375 -0.108731 1.013891 95 99 88
-0.128974 -0.108715 1.013742 84 90 82
-0.123591 -0.108711 1.013717 86 91 86
-0.118139 -0.108645 1.013103 88 91 87
-0.112288 -0.108188 1.008842 110 113 105
-0.103976 -0.105199 0.980947 224 224 213
-0.098355 -0.104757 0.976826 225 225 212
-0.093045 -0.104615 0.975514 224 224 211
-0.087845 -0.104588 0.975261 224 224 213
-0.082709 -0.104637 0.975730 225 225 213
-0.077582 -0.104707 0.976389 225 225 213
-0.072482 -0.104825 0.977492 225 225 212
-0.067370 -0.104943 0.978597 225 224 211
-0.062339 -0.105218 0.981173 217 216 204
-0.058025 -0.106861 0.996512 98 102 96
-0.048285 -0.108748 1.014138 83 88 83
-0.149623 -0.102687 1.007858 160 156 138
-0.144323 -0.102721 1.008196 169 165 148
-0.139005 -0.102745 1.008438 89 93 85
-0.133642 -0.102737 1.008359 86 90 82
-0.128234 -0.102691 1.007914 84 89 84
-0.122864 -0.102673 1.007745 86 91 86
-0.117302 -0.102487 1.005922 91 95 90
-0.109633 -0.100355 0.984982 187 189 181
-0.103297 -0.099290 0.974530 223 224 211
-0.097893 -0.099056 0.972234 224 224 211
-0.092612 -0.098927 0.970967 223 224 210
-0.087450 -0.098916 0.970872 224 224 212
-0.082327 -0.098951 0.971218 224 224 212
-0.077217 -0.099008 0.971787 224 224 211
-0.072118 -0.099088 0.972573 225 225 212
-0.067025 -0.099190 0.973583 225 225 212
-0.061997 -0.099413 0.975781 217 217 203
-0.057153 -0.099997 0.981531 157 155 142
-0.052875 -0.101788 0.999126 88 90 89
-0.047955 -0.102608 1.007190 78 83 78
-0.042742 -0.102925 1.010311 74 76 73
-0.154103 -0.096743 1.002197 99 103 98
-0.148814 -0.096762 1.002402 170 169 154
-0.143548 -0.096798 1.002782 95 98 88
-0.138258 -0.096820 1.003014 83 86 81
-0.132910 -0.096801 1.002828 83 87 82
-0.127502 -0.096736 1.002158 83 87 84
-0.122033 -0.096617 1.000929 83 87 82
-0.116089 -0.096094 0.995515 186 187 179
-0.108651 -0.094227 0.976154 201 201 189
-0.102865 -0.093676 0.970448 219 219 207
-0.097457 -0.093429 0.967892 224 224 211
-0.092230 -0.093337 0.966945 224 224 211
-0.087097 -0.093336 0.966940 225 225 212
-0.081992 -0.093366 0.967254 224 224 212
-0.076901 -0.093417 0.967798 225 225 212
-0.071832 -0.093505 0.968709 225 225 212
-0.066769 -0.093614 0.969845 225 224 211
-0.061754 -0.093815 0.971938 205 201 188
-0.056885 -0.094294 0.976913 176 173 160
-0.052296 -0.095379 0.988173 158 158 150
-0.047567 -0.096424 0.999016 68 76 67
-0.042484 -0.096922 1.004192 71 74 71
-0.037243 -0.097154 1.006607 60 62 60
-0.153276 -0.090884 0.996814 93 98 94
-0.148032 -0.090912 0.997127 124 129 120
-0.142797 -0.090947 0.997528 84 88 83
-0.137521 -0.090959 0.997664 83 87 81
-0.132195 -0.090938 0.997432 83 87 82
-0.126840 -0.090893 0.996945 84 89 86
-0.120934 -0.090433 0.991907 136 139 136
-0.114635 -0.089625 0.983037 208 208 197
-0.108252 -0.088671 0.972566 207 208 195
-0.102550 -0.088206 0.967473 200 201 189
-0.097086 -0.087908 0.964201 217 217 205
-0.091863 -0.087806 0.963092 223 224 210
-0.086787 -0.087842 0.963491 226 225 212
-0.081729 -0.087901 0.964148 224 224 211
-0.076666 -0.087963 0.964831 223 224 210
-0.071599 -0.088029 0.965565 219 219 205
-0.066564 -0.088146 0.966861 207 203 190
-0.061619 -0.088413 0.969800 187 181 167
-0.056753 -0.088853 0.974642 170 165 151
-0.052030 -0.089627 0.983144 187 182 171
-0.047218 -0.090402 0.991663 111 114 106
-0.042235 -0.091005 0.998293 74 79 74
-0.037051 -0.091287 1.001394 64 68 65
-0.152466 -0.085092 0.991546 86 91 88
-0.147274 -0.085132 0.992021 84 90 87
-0.142055 -0.085159 0.992342 80 87 84
-0.136795 -0.085162 0.992390 80 87 81
-0.131490 -0.085137 0.992103 83 88 83
-0.126103 -0.085055 0.991149 84 89 84
-0.119994 -0.084458 0.984192 207 208 202
-0.114051 -0.083929 0.978024 207 208 196
-0.108319 -0.083511 0.973159 206 206 195
-0.102381 -0.082885 0.965864 199 200 186
-0.096880 -0.082566 0.962148 189 189 177
-0.091654 -0.082459 0.960901 206 205 192
-0.086530 -0.082435 0.960627 211 208 194
-0.081490 -0.082493 0.961319 209 208 195
-0.076461 -0.082572 0.962246 205 205 191
-0.071435 -0.082665 0.963332 198 193 181
-0.066441 -0.082812 0.965064 176 169 156
-0.061563 -0.083141 0.968910 156 151 135
-0.056759 -0.083639 0.974718 162 157 144
-0.051915 -0.084171 0.980943 171 166 154
-0.046988 -0.084675 0.986831 182 181 170
-0.042003 -0.085185 0.992787 80 85 80
-0.036863 -0.085485 0.996287 77 85 79
-0.156823 -0.079323 0.985844 68 72 71
-0.151666 -0.079362 0.986337 77 81 80
-0.146505 -0.079401 0.986835 81 86 85
-0.141300 -0.079419 0.987063 78 86 82
-0.136052 -0.079413 0.986996 80 87 82
-0.130782 -0.079393 0.986761 81 89 84
-0.125433 -0.079321 0.985876 83 88 85
-0.119410 -0.078800 0.979396 212 213 206
-0.113590 -0.078371 0.974065 207 208 196
-0.108161 -0.078183 0.971731 207 208 195
-0.102585 -0.077865 0.967782 209 209 196
-0.097058 -0.077553 0.963904 189 187 175
-0.091719 -0.077365 0.961571 148 146 133
-0.086543 -0.077300 0.960767 156 151 136
-0.081490 -0.077343 0.961313 165 158 146
-0.076464 -0.077420 0.962277 160 152 141
-0.071484 -0.077557 0.963992 155 148 136
-0.066541 -0.077758 0.966506 155 148 136
-0.061654 -0.078065 0.970336 160 155 141
-0.056786 -0.078454 0.975182 166 160 146
-0.051841 -0.078803 0.979531 182 178 165
-0.046843 -0.079143 0.983772 182 182 170
-0.041823 -0.079524 0.988519 93 101 93
-0.036690 -0.079770 0.991588 92 101 92
-0.026204 -0.079891 0.993116 92 98 93
-0.020919 -0.079839 0.992474 81 84 80
-0.015634 -0.079752 0.991398 73 75 71
-0.156030 -0.073667 0.980856 60 65 64
-0.150897 -0.073702 0.981328 70 73 73
-0.145761 -0.073738 0.981820 80 85 84
-0.140581 -0.073754 0.982037 80 87 83
-0.135351 -0.073743 0.981902 78 86 82
-0.130110 -0.073726 0.981683 83 90 86
-0.124793 -0.073663 0.980845 87 94 91
-0.119191 -0.073418 0.977593 170 172 166
-0.113436 -0.073053 0.972734 211 211 200
-0.108015 -0.072879 0.970419 208 208 197
-0.102647 -0.072724 0.968363 211 211 198
-0.097352 -0.072608 0.966819 215 214 201
-0.092152 -0.072554 0.966106 184 180 166
-0.086982 -0.072517 0.965629 170 162 148
-0.081845 -0.072506 0.965489 160 151 139
-0.076762 -0.072544 0.966009 162 153 141
-0.071738 -0.072649 0.967410 163 155 142
-0.066730 -0.072786 0.969243 163 156 143
-0.061734 -0.072960 0.971582 168 163 149
-0.056762 -0.073197 0.974745 184 181 166
-0.051746 -0.073420 0.977723 206 201 189
-0.046723 -0.073682 0.981232 131 132 121
-0.041663 -0.073943 0.984724 103 110 102
-0.036521 -0.074115 0.987024 124 129 117
-0.031310 -0.074180 0.987891 113 121 111
-0.026068 -0.074182 0.987932 109 114 106
-0.020803 -0.074107 0.986940 80 83 78
-0.015538 -0.073978 0.985224 74 76 72
-0.010315 -0.074025 0.985861 96 98 92
-0.160343 -0.068035 0.975419 74 79 76
-0.155232 -0.068063 0.975838 60 65 64
-0.150133 -0.068099 0.976359 62 67 66
-0.145025 -0.068133 0.976855 65 70 69
-0.139876 -0.068149 0.977105 80 88 84
-0.134688 -0.068148 0.977093 78 84 82
-0.129491 -0.068141 0.977006 83 90 86
-0.124247 -0.068109 0.976549 86 94 90
-0.118940 -0.068037 0.975527 88 94 90
-0.113369 -0.067801 0.972153 212 214 202
-0.107916 -0.067618 0.969522 213 214 202
-0.102595 -0.067502 0.967871 212 213 201
-0.097328 -0.067411 0.966574 212 211 199
-0.092158 -0.067382 0.966161 207 206 192
-0.087025 -0.067377 0.966106 201 195 182
-0.081927 -0.067401 0.966451 192 187 173
-0.076833 -0.067431 0.966895 182 177 164
-0.071786 -0.067510 0.968044 185 179 166
-0.066756 -0.067619 0.969613 189 185 171
-0.061725 -0.067745 0.971426 199 195 181
-0.056709 -0.067911 0.973828 206 205 190
-0.051670 -0.068082 0.976289 189 186 173
-0.046596 -0.068239 0.978551 99 106 95
-0.041502 -0.068402 0.980905 106 112 104
-0.036355 -0.068513 0.982513 160 159 141
-0.031157 -0.068549 0.983035 162 161 141
-0.025934 -0.068534 0.982831 120 123 108
-0.020690 -0.068442 0.981521 81 84 78
-0.015459 -0.068347 0.980165 75 78 74
-0.010271 -0.068446 0.981591 173 172 156
0.038468 -0.045860 0.657257 86 83 76
-0.159505 -0.062481 0.970318 78 83 80
-0.154423 -0.062508 0.970744 71 78 75
-0.149352 -0.062541 0.971272 60 65 64
-0.144264 -0.062570 0.971724 60 65 64
-0.139145 -0.062586 0.971991 68 75 71
-0.133993 -0.062589 0.972040 77 81 80
-0.128834 -0.062588 0.972042 81 89 85
-0.123666 -0.062583 0.971972 89 97 93
-0.118460 -0.062557 0.971583 91 100 96
-0.113176 -0.062487 0.970495 98 107 99
-0.107806 -0.062360 0.968528 198 201 191
-0.102451 -0.062229 0.966504 219 219 208
-0.097178 -0.062137 0.965079 215 214 203
-0.092012 -0.062107 0.964622 213 213 201
-0.086898 -0.062110 0.964684 206 205 193
-0.081813 -0.062136 0.965093 204 201 188
-0.076735 -0.062172 0.965663 204 201 188
-0.071709 -0.062257 0.966996 205 203 190
-0.066695 -0.062367 0.968715 205 203 190
-0.061662 -0.062476 0.970421 208 206 193
-0.056623 -0.062599 0.972342 168 166 155
-0.051552 -0.062708 0.974048 102 109 98
-0.046440 -0.062784 0.975251 101 111 103
-0.041317 -0.062865 0.976510 108 115 106
-0.036171 -0.062928 0.977512 156 156 139
-0.030987 -0.062937 0.977658 167 167 147
-0.025788 -0.062911 0.977259 86 87 80
-0.020571 -0.062820 0.975858 83 83 79
-0.015382 -0.062781 0.975257 94 96 88
-0.010232 -0.062940 0.977746 187 185 164
-0.005065 -0.063220 0.982108 182 179 159
-0.153639 -0.057017 0.965810 89 98 94
-0.148591 -0.057046 0.966323 65 68 68
-0.143518 -0.057068 0.966695 58 63 62
-0.138420 -0.057080 0.966923 61 66 65
-0.133295 -0.057083 0.966975 74 79 76
-0.128176 -0.057088 0.967075 83 90 87
-0.123059 -0.057094 0.967195 89 99 94
-0.117939 -0.057101 0.967310 96 105 100
-0.112794 -0.057094 0.967208 99 109 104
-0.107600 -0.057062 0.966672 102 110 103
-0.102349 -0.056994 0.965532 178 178 165
-0.097091 -0.056916 0.964212 192 190 178
-0.091922 -0.056883 0.963673 212 209 198
-0.086806 -0.056882 0.963656 215 213 200
-0.081722 -0.056902 0.964018 212 209 196
-0.076655 -0.056938 0.964635 208 206 193
-0.071639 -0.057020 0.966042 199 193 181
-0.066610 -0.057104 0.967468 172 167 154
-0.061547 -0.057170 0.968598 137 132 119
-0.056469 -0.057233 0.969681 112 119 109
-0.051370 -0.057286 0.970590 108 114 105
-0.046240 -0.057312 0.971041 108 117 108
-0.041103 -0.057335 0.971445 117 123 114
-0.035958 -0.057350 0.971723 168 170 155
-0.030794 -0.057339 0.971541 101 103 96
-0.025609 -0.057275 0.970463 83 84 81
-0.020445 -0.057237 0.969831 80 81 76
-0.015313 -0.057293 0.970799 182 182 165
-0.010199 -0.057512 0.974512 182 179 157
0.027825 -0.038576 0.653127 75 75 70
-0.147827 -0.051603 0.961349 92 98 92
-0.142771 -0.051619 0.961659 64 69 68
-0.137702 -0.051631 0.961902 62 67 66
-0.132625 -0.051642 0.962110 63 67 66
-0.127560 -0.051658 0.962420 86 91 88
-0.122484 -0.051671 0.962674 99 108 103
-0.117423 -0.051692 0.963073 104 113 108
-0.112364 -0.051715 0.963521 107 115 109
-0.107280 -0.051728 0.963785 103 112 106
-0.102163 -0.051727 0.963767 120 124 116
-0.097006 -0.051704 0.963358 151 147 135
-0.091864 -0.051687 0.963051 148 143 127
-0.086750 -0.051685 0.963021 159 153 134
-0.081661 -0.051699 0.963294 157 148 130
-0.076589 -0.051726 0.963806 151 144 125
-0.071556 -0.051785 0.964916 144 139 121
-0.066485 -0.051823 0.965639 139 133 116
-0.061386 -0.051844 0.966058 155 150 134
-0.056274 -0.051858 0.966320 147 143 128
-0.051149 -0.051861 0.966391 137 138 124
-0.046003 -0.051842 0.966045 158 157 143
-0.040865 -0.051828 0.965804 156 158 144
-0.035707 -0.051780 0.964920 92 100 92
-0.030577 -0.051765 0.964652 78 84 81
-0.025461 -0.051773 0.964805 81 83 81
-0.020361 -0.051827 0.965829 172 170 157
-0.015273 -0.051954 0.968213 184 180 160
-0.010175 -0.052168 0.972219 181 177 157
0.024216 -0.034873 0.649311 73 74 69
-0.147107 -0.046227 0.956657 160 160 146
-0.142051 -0.046233 0.956805 120 122 114
-0.137003 -0.046243 0.957017 77 80 79
-0.131961 -0.046255 0.957287 68 70 68
-0.126938 -0.046276 0.957725 63 68 65
-0.121902 -0.046293 0.958094 81 86 86
-0.116870 -0.046313 0.958531 112 120 114
-0.111859 -0.046344 0.959182 115 123 117
-0.106845 -0.046377 0.959870 120 124 118
-0.101804 -0.046400 0.960378 130 130 122
-0.096731 -0.046411 0.960616 148 144 132
-0.091638 -0.046414 0.960677 171 165 147
-0.086536 -0.046411 0.960642 172 164 147
-0.081444 -0.046414 0.960720 163 155 137
-0.076359 -0.046423 0.960903 163 156 138
-0.071330 -0.046468 0.961858 169 162 143
-0.066262 -0.046493 0.962394 176 172 154
-0.061144 -0.046485 0.962236 176 172 152
-0.055987 -0.046443 0.961377 173 169 150
-0.050831 -0.046394 0.960376 156 154 139
-0.045694 -0.046353 0.959536 124 124 114
-0.040553 -0.046298 0.958403 89 94 87
-0.035478 -0.046312 0.958721 78 84 81
-0.030427 -0.046369 0.959903 81 84 79
-0.025374 -0.046445 0.961507 175 174 161
-0.020316 -0.046547 0.963629 182 179 160
-0.015253 -0.046706 0.966943 181 177 157
-0.141366 -0.040909 0.952183 178 176 161
-0.136327 -0.040913 0.952289 182 180 168
-0.131305 -0.040923 0.952523 102 102 96
-0.126300 -0.040938 0.952906 75 76 72
-0.121283 -0.040951 0.953220 71 72 72
-0.116253 -0.040961 0.953460 74 76 74
-0.111248 -0.040981 0.953935 104 108 102
-0.106246 -0.041004 0.954486 118 118 106
-0.101233 -0.041024 0.954983 162 157 142
-0.096206 -0.041042 0.955403 182 179 162
-0.091143 -0.041044 0.955480 185 179 160
-0.086057 -0.041037 0.955318 184 178 160
-0.080978 -0.041032 0.955215 186 179 162
-0.075910 -0.041032 0.955243 186 179 161
-0.070882 -0.041055 0.955800 186 179 159
-0.065807 -0.041054 0.955782 186 179 160
-0.060663 -0.041005 0.954659 156 152 132
-0.055541 -0.040964 0.953705 129 124 106
-0.050444 -0.040935 0.953044 121 120 109
-0.045381 -0.040930 0.952958 77 83 85
-0.040343 -0.040950 0.953433 77 82 78
-0.035360 -0.041039 0.955527 120 121 112
-0.030355 -0.041128 0.957609 184 182 165
-0.025321 -0.041207 0.959480 182 179 159
-0.020280 -0.041311 0.961918 176 173 155
-0.015227 -0.041453 0.965246 172 168 148
-0.140703 -0.035641 0.947717 138 136 125
-0.135677 -0.035641 0.947740 122 124 116
-0.130635 -0.035637 0.947658 191 184 171
-0.125647 -0.035649 0.947974 186 181 167
-0.120677 -0.035666 0.948456 134 130 123
-0.115662 -0.035671 0.948606 83 85 80
-0.110651 -0.035678 0.948813 95 95 88
-0.105635 -0.035684 0.948986 149 144 127
-0.100590 -0.035681 0.948911 145 138 122
-0.095542 -0.035676 0.948793 141 134 119
-0.090470 -0.035661 0.948416 138 131 114
-0.085392 -0.035642 0.947925 139 134 116
-0.080316 -0.035621 0.947400 137 132 113
-0.075249 -0.035603 0.946917 138 131 112
-0.070233 -0.035607 0.947042 134 126 107
-0.065180 -0.035592 0.946658 133 124 105
-0.060142 -0.035583 0.946441 139 131 110
-0.055168 -0.035615 0.947301 134 123 107
-0.050209 -0.035662 0.948599 98 97 85
-0.045237 -0.035711 0.949915 123 122 112
-0.040300 -0.035804 0.952400 168 168 155
-0.035354 -0.035913 0.955344 179 180 162
-0.030352 -0.035993 0.957491 179 174 155
-0.140111 -0.030436 0.943725 181 177 161
-0.135093 -0.030433 0.943662 147 139 131
-0.130092 -0.030434 0.943714 195 187 179
-0.125116 -0.030441 0.943959 132 128 118
-0.120132 -0.030447 0.944164 178 174 160
-0.115146 -0.030453 0.944373 194 190 175
-0.110164 -0.030461 0.944630 182 181 165
-0.105156 -0.030462 0.944678 156 152 140
-0.100134 -0.030459 0.944602 131 124 112
-0.095089 -0.030448 0.944293 125 119 105
-0.090024 -0.030430 0.943740 130 123 107
-0.084968 -0.030412 0.943213 132 123 109
-0.079918 -0.030395 0.942698 129 122 105
-0.074895 -0.030386 0.942444 124 118 101
-0.069900 -0.030388 0.942538 120 115 96
-0.064915 -0.030396 0.942797 128 121 103
-0.059961 -0.030421 0.943579 153 145 128
-0.055037 -0.030467 0.945040 179 176 159
-0.050132 -0.030533 0.947122 185 182 166
-0.134594 -0.025284 0.940167 175 172 157
-0.129607 -0.025284 0.940190 156 148 134
-0.124644 -0.025289 0.940390 144 136 129
-0.119681 -0.025294 0.940612 124 123 117
-0.114716 -0.025299 0.940835 131 128 120
-0.109762 -0.025308 0.941175 184 180 165
-0.104782 -0.025311 0.941317 187 182 165
-0.099794 -0.025312 0.941392 186 182 164
-0.094790 -0.025309 0.941313 185 181 164
-0.089772 -0.025303 0.941086 184 179 161
-0.084765 -0.025299 0.940952 187 182 165
-0.079757 -0.025293 0.940782 187 182 165
-0.074775 -0.025297 0.940934 185 180 162
-0.069804 -0.025304 0.941236 186 182 162
-0.064851 -0.025320 0.941866 187 182 162
-0.059929 -0.025352 0.943069 182 178 159
-0.129168 -0.020179 0.936996 182 178 161
-0.124245 -0.020186 0.937379 184 180 163
-0.119320 -0.020194 0.937772 182 178 161
-0.114371 -0.020198 0.938001 187 184 166
-0.109427 -0.020204 0.938298 184 180 164
-0.104456 -0.020205 0.938377 185 180 162
-0.099477 -0.020205 0.938395 182 178 160
-0.094490 -0.020203 0.938331 181 177 159
-0.089507 -0.020202 0.938303 181 177 157
-0.084531 -0.020202 0.938342 179 174 155
-0.079543 -0.020199 0.938250 179 174 155
-0.186829 -0.010040 0.926994 91 79 79
-0.181802 -0.010034 0.926449 77 79 83
-0.176896 -0.010034 0.926505 107 108 107
0.003402 -0.006788 0.624891 83 82 76
-0.186316 -0.005060 0.924443 142 133 141
-0.181035 -0.005050 0.922536 90 85 92
-0.176222 -0.005051 0.922973 75 76 82
-0.171285 -0.005049 0.922761 122 120 111
-0.166281 -0.005046 0.922173 175 169 155
-0.186147 -0.000108 0.923601 123 135 151
-0.180704 -0.000107 0.920843 121 131 137
-0.175610 -0.000107 0.919761 107 104 110
-0.170647 -0.000106 0.919325 71 72 74
-0.165724 -0.000105 0.919082 92 92 89
-0.160918 -0.000105 0.919492 176 171 161
-0.156043 -0.000104 0.919522 176 170 156
-0.186184 0.004841 0.923784 95 104 103
-0.180666 0.004825 0.920646 124 135 141
-0.175430 0.004815 0.918814 118 128 131
-0.170207 0.004806 0.916951 125 128 132
-0.165114 0.004800 0.915692 71 72 76
-0.160168 0.004798 0.915203 80 81 79
-0.155366 0.004800 0.915528 147 143 135
-0.150633 0.004805 0.916296 184 179 163
-0.145795 0.004807 0.916453 182 178 162
-0.140994 0.004810 0.916865 187 182 168
-0.186611 0.009812 0.925898 116 129 146
-0.180724 0.009760 0.920938 103 109 114
-0.175403 0.009736 0.918673 117 123 128
-0.170117 0.009713 0.916461 133 138 145
-0.164860 0.009690 0.914282 133 130 140
-0.159706 0.009673 0.912557 108 107 113
-0.154702 0.009663 0.911611 80 76 77
-0.149819 0.009661 0.911338 117 111 109
-0.145081 0.009668 0.911960 179 172 166
-0.140409 0.009681 0.913057 230 228 222
-0.135695 0.009691 0.913940 240 239 234
-0.034249 0.009826 0.925298 165 157 138
-0.029339 0.009828 0.925359 163 155 136
-0.024437 0.009832 0.925692 165 158 136
-0.019512 0.009827 0.925162 165 157 136
-0.181074 0.014722 0.922721 114 120 130
-0.175582 0.014673 0.919605 126 123 119
-0.170210 0.014631 0.916957 133 125 131
-0.165007 0.014601 0.915091 149 135 143
-0.159842 0.014574 0.913329 137 123 131
-0.154700 0.014546 0.911597 152 128 128
-0.149626 0.014524 0.910158 139 101 95
-0.144595 0.014504 0.908901 103 86 89
-0.139717 0.014499 0.908548 132 129 128
-0.135059 0.014518 0.909653 233 232 232
-0.130422 0.014540 0.910988 252 251 253
-0.125757 0.014560 0.912222 254 255 255
-0.121006 0.014572 0.912904 254 255 255
-0.116239 0.014583 0.913520 253 253 252
-0.053591 0.014697 0.920094 173 166 144
-0.048744 0.014709 0.920795 171 163 144
-0.043879 0.014717 0.921253 169 161 142
-0.038979 0.014714 0.921012 167 159 140
-0.034076 0.014708 0.920623 159 149 131
-0.029182 0.014705 0.920365 157 146 128
-0.024310 0.014713 0.920865 129 114 101
-0.019418 0.014710 0.920635 120 99 87
-0.014524 0.014703 0.920159 113 89 78
-0.175924 0.019637 0.921390 159 143 157
-0.170648 0.019593 0.919313 182 159 154
-0.165322 0.019541 0.916836 133 110 111
-0.160118 0.019500 0.914903 169 129 127
-0.154976 0.019465 0.913218 179 125 125
-0.149886 0.019434 0.911741 179 123 118
-0.144740 0.019393 0.909809 171 125 118
-0.139645 0.019357 0.908079 147 123 120
-0.134699 0.019339 0.907227 120 112 110
-0.129840 0.019333 0.906920 132 126 126
-0.125060 0.019339 0.907158 193 192 192
-0.120330 0.019353 0.907798 232 232 232
-0.115625 0.019373 0.908690 245 242 244
-0.110906 0.019392 0.909538 245 242 244
-0.106158 0.019407 0.910224 231 227 216
-0.101398 0.019421 0.910857 184 177 158
-0.096612 0.019432 0.911319 179 172 153
-0.091805 0.019439 0.911617 179 171 152
-0.087008 0.019449 0.912043 176 171 151
-0.082206 0.019459 0.912475 173 169 150
-0.077391 0.019467 0.912808 173 168 150
-0.072571 0.019474 0.913116 168 163 144
-0.067759 0.019484 0.913581 167 162 142
-0.062939 0.019494 0.914004 172 165 144
-0.058103 0.019500 0.914235 173 166 144
-0.053258 0.019503 0.914364 171 164 142
-0.048410 0.019506 0.914460 173 162 141
-0.043537 0.019498 0.914053 150 136 118
-0.038645 0.019478 0.913100 137 117 99
-0.033801 0.019480 0.913157 119 98 81
-0.028993 0.019507 0.914382 125 97 85
-0.024198 0.019555 0.916611 118 85 75
-0.019358 0.019581 0.917779 138 109 87
-0.014483 0.019577 0.917550 150 123 92
-0.170435 0.024488 0.918160 230 168 168
-0.165535 0.024484 0.918012 179 132 130
-0.160465 0.024455 0.916886 151 123 118
-0.155273 0.024404 0.914961 152 114 105
-0.150165 0.024363 0.913429 179 128 119
-0.145051 0.024319 0.911762 185 130 123
-0.139987 0.024281 0.910299 182 128 120
-0.134960 0.024246 0.908979 182 131 123
-0.129928 0.024208 0.907526 160 125 118
-0.124975 0.024182 0.906537 155 125 119
-0.120101 0.024170 0.906070 132 109 103
-0.115291 0.024171 0.906063 119 104 101
-0.110504 0.024176 0.906238 124 114 109
-0.105706 0.024179 0.906339 142 130 124
-0.100926 0.024187 0.906615 173 165 152
-0.096144 0.024196 0.906897 186 177 162
-0.091349 0.024201 0.907077 181 174 156
-0.086593 0.024218 0.907687 185 179 161
-0.081816 0.024231 0.908143 184 179 161
-0.077006 0.024235 0.908254 179 174 157
-0.072193 0.024238 0.908352 176 170 154
-0.067387 0.024244 0.908555 171 165 148
-0.062559 0.024243 0.908478 140 126 106
-0.057733 0.024241 0.908403 139 115 101
-0.052930 0.024251 0.908730 133 98 85
-0.048131 0.024263 0.909177 138 96 84
-0.043313 0.024269 0.909349 132 86 74
-0.038497 0.024276 0.909586 125 77 66
-0.033713 0.024308 0.910774 146 93 84
-0.028946 0.024365 0.912875 163 104 98
-0.024154 0.024420 0.914896 168 112 99
-0.019344 0.024479 0.917076 170 143 106
-0.014471 0.024471 0.916754 146 124 89
-0.160311 0.029338 0.916001 223 160 157
-0.155409 0.029331 0.915761 200 154 148
-0.150391 0.029301 0.914805 168 140 128
-0.145306 0.029255 0.913359 160 122 115
-0.140226 0.029207 0.911848 176 126 117
-0.135213 0.029170 0.910682 185 132 124
-0.130234 0.029138 0.909659 170 118 109
-0.125288 0.029111 0.908803 186 132 124
-0.120339 0.029082 0.907861 184 130 122
-0.115440 0.029062 0.907222 176 125 117
-0.110523 0.029036 0.906392 172 123 118
-0.105642 0.029017 0.905787 156 120 118
-0.100803 0.029009 0.905507 149 120 116
-0.095961 0.028998 0.905163 130 105 98
-0.091137 0.028993 0.904968 125 99 94
-0.086337 0.028994 0.905002 113 96 91
-0.081538 0.028997 0.905050 106 94 88
-0.076738 0.028999 0.905094 103 89 83
-0.071954 0.029007 0.905333 102 85 80
-0.067166 0.029015 0.905566 116 95 86
-0.062375 0.029023 0.905799 139 109 96
-0.057612 0.029047 0.906498 140 104 93
-0.052861 0.029080 0.907529 151 104 95
-0.048098 0.029114 0.908539 155 102 93
-0.043310 0.029137 0.909256 160 101 93
-0.038524 0.029169 0.910214 163 100 93
-0.033760 0.029227 0.912017 166 103 97
-0.028983 0.029293 0.914024 169 106 100
-0.024194 0.029370 0.916392 159 103 93
-0.019376 0.029441 0.918580 141 109 88
-0.150030 0.034119 0.912604 221 158 154
-0.145175 0.034117 0.912530 199 154 150
-0.140257 0.034100 0.912043 205 181 170
-0.135304 0.034072 0.911288 169 140 128
-0.130331 0.034037 0.910333 176 137 128
-0.125393 0.034009 0.909565 176 130 119
-0.120449 0.033976 0.908681 179 130 121
-0.115536 0.033950 0.907972 178 133 127
-0.110595 0.033913 0.906975 153 131 130
-0.105712 0.033892 0.906378 144 123 127
-0.100886 0.033887 0.906246 145 123 124
-0.096037 0.033874 0.905869 147 122 124
-0.091217 0.033870 0.905750 145 121 123
-0.086417 0.033874 0.905827 153 128 129
-0.081609 0.033875 0.905831 155 128 128
-0.076819 0.033883 0.906040 155 124 123
-0.072032 0.033894 0.906310 157 117 114
-0.067243 0.033905 0.906597 164 115 109
-0.062447 0.033915 0.906827 168 113 107
-0.057693 0.033950 0.907762 168 109 99
-0.052928 0.033985 0.908674 168 108 97
-0.048149 0.034017 0.909505 169 108 98
-0.043378 0.034062 0.910681 173 110 102
-0.038606 0.034117 0.912122 160 99 93
-0.033847 0.034201 0.914343 151 97 90
-0.029074 0.034296 0.916867 125 84 80
-0.024300 0.034429 0.920401 117 83 76
-0.019430 0.034457 0.921107 158 120 111
-0.135121 0.038901 0.910050 205 146 144
-0.130312 0.038908 0.910199 202 166 159
-0.125437 0.038895 0.909879 209 187 174
-0.120503 0.038861 0.909085 182 156 147
-0.115582 0.038830 0.908327 153 138 128
-0.110650 0.038791 0.907421 146 135 132
-0.105779 0.038772 0.906946 132 122 124
-0.100959 0.038770 0.906895 130 122 124
-0.096116 0.038759 0.906613 132 123 126
-0.091309 0.038761 0.906660 121 114 118
-0.086512 0.038769 0.906823 132 125 131
-0.081721 0.038780 0.907068 137 133 140
-0.076935 0.038795 0.907393 135 130 138
-0.072145 0.038810 0.907730 125 116 120
-0.067352 0.038825 0.908055 130 114 119
-0.062566 0.038847 0.908550 138 111 110
-0.057808 0.038890 0.909549 139 109 107
-0.053053 0.038945 0.910805 144 104 96
-0.048267 0.038984 0.911709 144 100 91
-0.043490 0.039040 0.913009 126 87 79
-0.038740 0.039139 0.915284 134 99 94
-0.033975 0.039247 0.917791 166 116 110
-0.029160 0.039324 0.919571 184 121 117
-0.024316 0.039384 0.920954 213 142 140
-0.115498 0.043664 0.907668 169 168 185
-0.110648 0.043652 0.907400 156 162 168
-0.105805 0.043641 0.907163 159 159 163
-0.100976 0.043635 0.907037 163 160 166
-0.096169 0.043640 0.907110 171 165 163
-0.091374 0.043650 0.907301 160 155 154
-0.086596 0.043669 0.907697 145 141 139
-0.081820 0.043692 0.908160 134 132 131
-0.077040 0.043716 0.908627 128 126 127
-0.072263 0.043744 0.909199 125 122 122
-0.067478 0.043771 0.909743 129 123 123
-0.062689 0.043800 0.910326 138 130 131
-0.057936 0.043859 0.911553 152 143 146
-0.053195 0.043941 0.913222 142 119 124
-0.048416 0.044003 0.914509 182 122 120
-0.043606 0.044049 0.915431 211 141 139
-0.081530 0.051139 0.907071 154 143 154
-0.070767 0.047811 0.909003 122 117 125
-0.192746 -0.054076 0.968331 86 88 88
-0.196684 -0.056904 0.970202 77 80 79
-0.175109 -0.049224 0.966444 110 103 101
-0.179068 -0.052009 0.968317 103 101 98
-0.182864 -0.054970 0.970139 94 96 93
-0.186621 -0.057964 0.971948 87 91 89
-0.199226 -0.065433 0.977786 68 70 71
-0.202863 -0.068524 0.979555 67 68 71
-0.052199 0.045186 0.913460 156 113 116
-0.134603 -0.042145 0.954878 252 251 253
-0.139120 -0.044173 0.956914 253 253 254
-0.143608 -0.046241 0.958942 253 253 255
-0.147990 -0.048442 0.960937 253 253 254
-0.152638 -0.050332 0.963016 254 253 255
-0.157118 -0.052427 0.965043 254 255 255
-0.162073 -0.053976 0.967219 254 255 255
-0.167169 -0.055378 0.969441 246 242 244
-0.172399 -0.056645 0.971708 191 180 182
-0.176987 -0.058659 0.973772 98 87 86
-0.180778 -0.061573 0.975584 83 85 85
-0.184368 -0.064699 0.977331 74 77 78
-0.188518 -0.067197 0.979255 70 72 75
-0.192820 -0.069526 0.981229 65 68 69
-0.196850 -0.072150 0.983114 60 62 65
-0.200553 -0.075118 0.984895 57 59 61
-0.044496 0.046185 0.916062 194 143 145
-0.036186 0.023598 0.914410 53 47 54
-0.078409 -0.009527 0.934598 124 106 93
-0.081201 -0.013923 0.936109 160 148 133
-0.084438 -0.017662 0.937752 173 167 154
-0.087724 -0.021307 0.939408 170 164 150
-0.091262 -0.024583 0.941140 167 161 149
-0.115042 -0.040613 0.952300 171 172 173
-0.119284 -0.042911 0.954246 168 170 172
-0.124208 -0.044357 0.956408 160 163 164
-0.128526 -0.046571 0.958379 156 157 159
-0.132936 -0.048674 0.960380 152 151 154
-0.137588 -0.050490 0.962457 146 142 150
-0.142094 -0.052490 0.964490 173 167 177
-0.146939 -0.054093 0.966631 230 227 232
-0.150839 -0.056826 0.968470 254 253 255
-0.155338 -0.058852 0.970501 254 253 255
-0.159956 -0.060747 0.972571 253 253 255
-0.164491 -0.062746 0.974615 254 253 255
-0.169779 -0.063896 0.976904 243 239 238
-0.174579 -0.065618 0.979036 138 129 131
-0.178641 -0.068174 0.980928 74 77 78
-0.182757 -0.070668 0.982837 68 69 71
-0.186985 -0.073035 0.984784 67 68 70
-0.191074 -0.075553 0.986684 60 61 64
-0.194740 -0.078523 0.988444 55 57 60
-0.198509 -0.081371 0.990237 52 55 59
-0.202294 -0.084194 0.992035 52 54 58
-0.206492 -0.086577 0.993970 51 53 57
-0.210893 -0.088750 0.995972 48 50 55
-0.037450 0.048176 0.918830 211 151 151
-0.028375 0.024058 0.916835 73 57 63
-0.030750 0.018666 0.918231 56 53 59
-0.068600 -0.011700 0.936336 136 121 102
-0.071686 -0.015652 0.937922 156 142 126
-0.074980 -0.019280 0.939571 167 161 148
-0.078355 -0.022768 0.941244 168 163 150
-0.081712 -0.026258 0.942909 167 161 147
-0.085398 -0.029276 0.944677 179 171 159
-0.092536 -0.035584 0.948134 196 184 174
-0.096333 -0.038413 0.949934 185 178 171
-0.099792 -0.041674 0.951625 170 171 168
-0.103388 -0.044739 0.953358 168 169 167
-0.108017 -0.068977 0.957106 212 214 207
-0.129708 -0.064411 0.965840 134 132 132
-0.138415 -0.061270 0.969248 107 107 110
-0.143846 -0.062113 0.971584 129 125 131
-0.148579 -0.063802 0.973690 193 189 194
-0.153405 -0.065397 0.975828 253 253 255
-0.158142 -0.067108 0.977938 254 255 254
-0.162860 -0.068852 0.980042 254 255 255
-0.167443 -0.070760 0.982103 248 249 249
-0.172442 -0.072212 0.984302 156 159 155
-0.177242 -0.073900 0.986437 77 80 79
-0.181413 -0.076291 0.988360 65 67 70
-0.185109 -0.079196 0.990124 62 64 66
-0.188880 -0.082011 0.991912 56 57 61
-0.192704 -0.084761 0.993717 56 57 61
-0.196714 -0.087308 0.995585 54 57 60
-0.200627 -0.089950 0.997420 53 55 58
-0.205122 -0.091985 0.999453 53 54 58
-0.209717 -0.093923 1.001520 52 52 55
-0.028899 0.047628 0.921121 211 147 147
-0.021860 0.017276 0.920270 60 54 60
-0.025690 0.014285 0.922092 60 57 62
-0.062418 -0.017177 0.939753 130 113 98
-0.065749 -0.020719 0.941403 158 153 139
-0.069089 -0.024225 0.943054 160 156 143
-0.072543 -0.027546 0.944740 164 158 146
-0.076069 -0.030748 0.946448 165 157 144
-0.079765 -0.033700 0.948211 165 153 141
-0.083276 -0.036889 0.949912 176 160 149
-0.086688 -0.040193 0.951579 189 170 157
-0.089955 -0.043671 0.953197 196 180 167
-0.092735 -0.047762 0.954653 193 182 171
-0.095074 -0.052392 0.955961 179 174 169
-0.090110 -0.066363 0.954843 188 189 182
-0.087948 -0.076537 0.954641 224 225 216
-0.091393 -0.079488 0.956297 226 227 218
-0.095368 -0.081764 0.958130 227 228 219
-0.099686 -0.083615 0.960078 228 229 221
-0.104433 -0.084948 0.962170 228 229 221
-0.109865 -0.085469 0.964495 230 230 222
-0.120632 -0.079622 0.968623 211 211 203
-0.134321 -0.070458 0.973751 100 103 99
-0.141584 -0.069078 0.976714 97 100 103
-0.146969 -0.069958 0.979043 110 110 117
-0.151683 -0.071640 0.981146 191 190 195
-0.156310 -0.073433 0.983220 251 253 254
-0.160812 -0.075378 0.985252 231 234 232
-0.165486 -0.077138 0.987343 214 217 211
-0.170594 -0.078425 0.989584 173 177 169
-0.175490 -0.079965 0.991754 74 76 78
-0.179333 -0.082670 0.993561 68 69 70
-0.183113 -0.085435 0.995345 58 60 62
-0.186942 -0.088140 0.997147 55 57 59
-0.191172 -0.090412 0.999087 56 57 60
-0.195114 -0.092988 1.000926 55 57 59
-0.199185 -0.095426 1.002811 55 56 58
-0.203212 -0.097906 1.004680 55 54 57
-0.023447 0.042481 0.924969 215 151 151
-0.014234 0.017812 0.922656 73 57 59
-0.016967 0.013058 0.924122 68 64 67
-0.021397 0.011088 0.926128 68 67 68
-0.053000 -0.019064 0.941476 119 112 99
-0.056392 -0.022482 0.943135 165 157 143
-0.059889 -0.025728 0.944827 153 149 136
-0.063422 -0.028903 0.946531 154 148 135
-0.067020 -0.031969 0.948254 155 149 137
-0.070619 -0.035017 0.949978 142 130 120
-0.074178 -0.038106 0.951686 151 135 126
-0.077524 -0.041468 0.953322 163 144 132
-0.080716 -0.045016 0.954905 181 156 143
-0.083612 -0.048933 0.956386 191 173 160
-0.085942 -0.053562 0.957673 199 187 175
-0.085262 -0.062069 0.957934 187 182 174
-0.079715 -0.076734 0.956529 217 216 208
-0.082137 -0.080969 0.957830 223 224 216
-0.085942 -0.083413 0.959601 224 225 216
-0.089810 -0.085776 0.961394 224 225 216
-0.093980 -0.087760 0.963290 225 227 218
-0.098439 -0.089394 0.965287 223 224 216
-0.102663 -0.091326 0.967202 223 224 215
-0.107535 -0.092482 0.969343 222 224 214
-0.117611 -0.087450 0.973291 217 217 209
-0.136151 -0.072557 0.980191 97 100 102
-0.141313 -0.073649 0.982450 89 93 96
-0.146063 -0.075242 0.984567 86 89 92
-0.150467 -0.077245 0.986564 116 121 124
-0.154771 -0.079369 0.988526 225 228 227
-0.159205 -0.081349 0.990534 208 213 205
-0.163932 -0.083009 0.992645 193 195 186
-0.168847 -0.084473 0.994824 167 170 161
-0.173675 -0.086048 0.996973 73 75 75
-0.177519 -0.088705 0.998775 60 61 63
-0.181299 -0.091423 1.000553 56 57 60
-0.185201 -0.094005 1.002375 55 57 59
-0.189503 -0.096160 1.004338 56 57 60
-0.193510 -0.098625 1.006197 56 57 59
-0.197470 -0.101138 1.008038 56 57 59
-0.014822 0.041563 0.927127 217 193 161
-0.016786 0.035259 0.928341 186 141 133
-0.008545 0.012186 0.926197 62 57 59
-0.012324 0.009205 0.927988 74 73 72
-0.016933 0.007577 0.930052 109 107 99
-0.047576 -0.023605 0.944989 110 103 91
-0.050904 -0.027062 0.946615 96 94 90
-0.054464 -0.030163 0.948319 81 82 85
-0.058130 -0.033095 0.950059 120 115 109
-0.061784 -0.036033 0.951793 131 120 110
-0.065396 -0.039015 0.953513 124 109 101
-0.068845 -0.042208 0.955175 142 123 114
-0.072018 -0.045758 0.956741 160 140 129
-0.074917 -0.049653 0.958210 173 151 137
-0.077393 -0.054080 0.959531 187 172 159
-0.078251 -0.060604 0.960286 202 197 187
-0.075342 -0.071974 0.959721 178 172 164
-0.074119 -0.080978 0.959735 215 216 207
-0.077037 -0.084532 0.961192 218 219 211
-0.080576 -0.087271 0.962866 220 221 212
-0.084531 -0.089477 0.964686 220 221 212
-0.088554 -0.091598 0.966529 219 220 211
-0.092596 -0.093698 0.968379 219 220 211
-0.096543 -0.095915 0.970196 218 219 210
-0.101367 -0.097071 0.972324 218 219 210
-0.106380 -0.098021 0.974521 218 219 210
-0.122536 -0.085777 0.980688 186 187 180
-0.135911 -0.077079 0.985879 90 96 99
-0.140687 -0.078596 0.988008 81 88 90
-0.145006 -0.080655 0.989975 84 88 89
-0.149154 -0.082913 0.991880 93 99 99
-0.153332 -0.085140 0.993795 209 214 207
-0.157868 -0.086965 0.995840 194 195 186
-0.162699 -0.088473 0.997992 182 185 172
-0.167511 -0.090015 1.000138 158 157 146
-0.171723 -0.092226 1.002068 62 65 67
-0.175651 -0.094745 1.003894 54 57 59
-0.179640 -0.097195 1.005743 55 60 59
-0.183941 -0.099311 1.007705 56 57 60
-0.188105 -0.101575 1.009617 55 57 58
-0.191914 -0.104208 1.011400 70 72 68
-0.009603 0.036637 0.930909 142 130 106
-0.006169 0.021323 0.930268 115 90 78
-0.004059 0.008495 0.930060 74 66 63
-0.008076 0.005953 0.931925 89 89 83
-0.012304 0.003759 0.933861 149 143 127
-0.039260 -0.024114 0.946962 179 173 156
-0.042642 -0.027470 0.948598 120 112 98
-0.046076 -0.030727 0.950251 63 65 64
-0.049492 -0.033990 0.951897 67 68 70
-0.053211 -0.036800 0.953648 141 133 130
-0.056891 -0.039655 0.955385 133 114 104
-0.060511 -0.042581 0.957100 131 111 102
-0.063876 -0.045848 0.958723 144 123 115
-0.066899 -0.049562 0.960225 160 138 127
-0.069349 -0.054023 0.961521 163 145 132
-0.070767 -0.059824 0.962446 200 198 188
-0.071461 -0.066516 0.963109 193 190 183
-0.069495 -0.076615 0.962815 165 162 151
-0.069679 -0.083759 0.963283 189 187 178
-0.072007 -0.088042 0.964517 218 220 208
-0.075365 -0.090971 0.966119 217 219 207
-0.079234 -0.093239 0.967905 213 214 205
-0.083219 -0.095360 0.969733 217 217 208
-0.087216 -0.097469 0.971565 215 216 207
-0.091383 -0.099370 0.973460 217 217 208
-0.096114 -0.100592 0.975559 217 217 208
-0.101067 -0.101567 0.977740 214 216 206
-0.107512 -0.100788 0.980467 192 193 185
-0.128082 -0.083406 0.988358 77 83 84
-0.134733 -0.082659 0.991175 80 87 89
-0.139248 -0.084443 0.993212 80 87 89
-0.143368 -0.086687 0.995105 73 79 79
-0.147494 -0.088926 0.997000 92 98 94
-0.151982 -0.090760 0.999028 201 203 193
-0.156762 -0.092276 1.001165 188 189 177
-0.161612 -0.093730 1.003328 185 185 171
-0.165934 -0.095775 1.005296 105 105 98
-0.170041 -0.098059 1.007185 57 61 63
-0.174050 -0.100447 1.009038 56 61 60
-0.178230 -0.102652 1.010954 61 64 64
-0.182627 -0.104631 1.012951 60 63 63
-0.004433 0.031739 0.934630 131 122 105
0.002401 0.010701 0.932715 96 72 63
0.000684 0.004335 0.933772 90 77 70
-0.003916 0.002810 0.935837 128 121 110
-0.007909 0.000278 0.937689 143 135 114
-0.031129 -0.024460 0.948955 163 160 147
-0.034179 -0.028289 0.950463 178 172 157
-0.037531 -0.031639 0.952079 131 122 105
-0.041020 -0.034767 0.953742 60 62 64
-0.044496 -0.037894 0.955400 60 61 63
-0.048301 -0.040533 0.957177 137 128 121
-0.052013 -0.043295 0.958919 123 104 95
-0.055523 -0.046331 0.960587 129 112 102
-0.058834 -0.049628 0.962182 142 122 113
-0.061757 -0.053437 0.963634 149 129 118
-0.063726 -0.058512 0.964737 185 176 164
-0.064658 -0.064927 0.965457 195 195 187
-0.066293 -0.070322 0.966431 192 190 182
-0.066531 -0.077497 0.966889 169 165 156
-0.065780 -0.085864 0.966978 176 174 163
-0.067666 -0.090697 0.968032 193 193 184
-0.070469 -0.094303 0.969423 214 216 206
-0.074203 -0.096701 0.971157 214 216 206
-0.078241 -0.098712 0.973003 212 214 204
-0.082223 -0.100797 0.974828 213 214 205
-0.086262 -0.102813 0.976674 213 214 205
-0.091032 -0.103942 0.978793 212 214 204
-0.096183 -0.104630 0.981055 208 211 201
-0.102866 -0.103517 0.983890 182 185 176
-0.118932 -0.091355 0.990237 176 182 175
-0.128384 -0.087227 0.994121 77 80 81
-0.133284 -0.088507 0.996304 75 79 80
-0.137641 -0.090431 0.998283 71 79 78
-0.141742 -0.092654 1.000167 74 81 79
-0.146128 -0.094555 1.002158 144 145 139
-0.150888 -0.096046 1.004290 191 190 180
-0.155864 -0.097312 1.006505 182 182 169
-0.160365 -0.099118 1.008541 171 169 158
-0.164607 -0.101214 1.010479 64 69 69
-0.168689 -0.103486 1.012357 56 61 60
-0.172762 -0.105767 1.014231 54 56 58
-0.176957 -0.107920 1.016152 55 57 56
-0.192646 -0.111201 1.023099 43 43 45
-0.229838 -0.099753 1.038619 205 149 149
0.003108 0.022724 0.937423 113 101 85
0.007691 0.005528 0.936192 96 71 63
0.004935 0.000951 0.937594 103 87 75
0.000534 -0.000852 0.939590 166 158 139
-0.003424 -0.003391 0.941426 156 149 127
-0.024433 -0.022715 0.951430 144 139 128
-0.026491 -0.028056 0.952563 99 99 100
-0.029416 -0.032031 0.954012 176 171 154
-0.032791 -0.035302 0.955627 121 114 96
-0.036257 -0.038417 0.957274 60 62 63
-0.039723 -0.041515 0.958920 58 60 63
-0.043522 -0.044116 0.960689 132 121 114
-0.047245 -0.046818 0.962430 140 121 110
-0.050708 -0.049876 0.964074 140 121 110
-0.054004 -0.053153 0.965654 139 120 109
-0.056824 -0.057064 0.967055 133 115 106
-0.058530 -0.062464 0.968038 191 187 178
-0.060273 -0.067750 0.969031 192 190 182
-0.062471 -0.072365 0.970193 178 177 168
-0.063320 -0.078720 0.970844 151 146 135
-0.063040 -0.086473 0.971067 141 135 123
-0.064250 -0.092179 0.971847 168 165 157
-0.066782 -0.096116 0.973124 179 179 169
-0.070104 -0.099012 0.974699 193 195 185
-0.073887 -0.101313 0.976447 207 209 200
-0.077692 -0.103583 0.978205 212 214 205
-0.081870 -0.105390 0.980104 207 211 201
-0.086707 -0.106398 0.982254 196 198 189
-0.092480 -0.106294 0.984762 182 184 175
-0.099204 -0.105092 0.987636 172 173 165
-0.111515 -0.097314 0.992650 201 203 195
-0.121799 -0.092115 0.996896 111 116 113
-0.127625 -0.092256 0.999438 78 82 83
-0.132168 -0.093919 1.001490 74 78 79
-0.136411 -0.095936 1.003426 73 75 76
-0.140687 -0.097921 1.005376 86 87 84
-0.145350 -0.099476 1.007475 196 195 183
-0.150216 -0.100819 1.009653 176 176 163
-0.154709 -0.102589 1.011687 171 169 154
-0.159078 -0.104505 1.013674 109 112 105
-0.163254 -0.106635 1.015587 61 64 62
-0.167400 -0.108800 1.017488 64 67 66
-0.171581 -0.110930 1.019402 57 60 60
-0.186680 -0.114697 1.026142 51 51 53
-0.229068 -0.104367 1.044135 200 138 138
0.008482 0.017348 0.940888 107 94 84
0.012295 0.001465 0.939843 88 69 58
0.009757 -0.003434 0.941147 108 88 79
0.005228 -0.004961 0.943192 145 134 117
0.001000 -0.007000 0.945124 149 142 120
-0.020276 -0.025646 0.955180 133 126 111
-0.021984 -0.031493 0.956158 84 86 92
-0.024744 -0.035676 0.957532 176 171 155
-0.028054 -0.038999 0.959113 148 141 124
-0.031439 -0.042189 0.960722 67 67 66
-0.034988 -0.045120 0.962392 58 60 63
-0.038805 -0.047649 0.964164 115 108 104
-0.042508 -0.050333 0.965892 148 129 116
-0.045949 -0.053381 0.967520 137 121 111
-0.049238 -0.056626 0.969088 136 125 120
-0.052223 -0.060270 0.970539 116 110 104
-0.054522 -0.064827 0.971726 173 174 166
-0.056690 -0.069514 0.972860 191 190 181
-0.058864 -0.074144 0.973995 165 162 154
-0.060398 -0.079576 0.974881 148 143 132
-0.060805 -0.086429 0.975329 142 137 125
-0.061830 -0.092383 0.976012 134 129 117
-0.063719 -0.097145 0.977028 142 140 130
-0.066680 -0.100486 0.978456 163 159 151
-0.070262 -0.103018 0.980125 175 174 166
-0.074062 -0.105269 0.981879 175 174 166
-0.078400 -0.106851 0.983842 173 174 166
-0.083525 -0.107477 0.986112 165 165 156
-0.089817 -0.106713 0.988838 155 156 147
-0.097925 -0.103817 0.992277 199 201 192
-0.106253 -0.100756 0.995805 196 198 189
-0.114353 -0.098067 0.999248 188 190 181
-0.121728 -0.096320 1.002411 94 100 94
-0.126485 -0.097684 1.004548 80 85 83
-0.130885 -0.099475 1.006547 75 78 78
-0.135156 -0.101421 1.008495 75 76 75
-0.139763 -0.102995 1.010575 160 160 151
-0.144481 -0.104456 1.012700 182 181 166
-0.148998 -0.106156 1.014746 170 168 153
-0.153463 -0.107922 1.016771 167 162 150
-0.157712 -0.109932 1.018712 55 60 58
-0.161912 -0.111999 1.020634 57 60 60
-0.166081 -0.114101 1.022543 60 62 60
-0.180817 -0.118119 1.029158 48 48 50
0.012802 0.013733 0.944672 121 107 94
0.016581 -0.002104 0.943549 86 68 57
0.013858 -0.006649 0.944905 103 86 76
0.009451 -0.008331 0.946906 116 102 89
0.005326 -0.010490 0.948800 154 147 125
-0.018039 -0.034107 0.959913 149 145 130
-0.020536 -0.038660 0.961170 167 163 147
-0.023491 -0.042477 0.962604 170 166 148
-0.026762 -0.045792 0.964160 93 92 85
-0.030333 -0.048646 0.965833 58 60 62
-0.034145 -0.051136 0.967599 71 71 74
-0.037820 -0.053817 0.969312 124 117 111
-0.041327 -0.056729 0.970958 124 123 118
-0.044616 -0.059933 0.972518 131 128 123
-0.047769 -0.063305 0.974024 123 124 119
-0.050629 -0.067058 0.975414 116 116 113
-0.053044 -0.071387 0.976627 198 197 188
-0.055334 -0.075841 0.977790 166 163 155
-0.057590 -0.080295 0.978938 149 144 133
-0.059411 -0.085280 0.979912 144 139 127
-0.061071 -0.090420 0.980820 134 132 121
-0.062964 -0.095199 0.981818 128 125 115
-0.065260 -0.099408 0.982976 120 119 108
-0.068250 -0.102695 0.984407 116 114 104
-0.071980 -0.105028 0.986132 119 117 108
-0.076460 -0.106425 0.988155 131 130 122
-0.081884 -0.106670 0.990555 145 145 136
-0.088230 -0.105827 0.993324 158 159 150
-0.095391 -0.104056 0.996421 193 193 185
-0.102080 -0.102928 0.999332 194 195 187
-0.108566 -0.102105 1.002164 189 190 182
-0.115671 -0.100611 1.005246 138 138 126
-0.121032 -0.101219 1.007630 108 108 102
-0.125623 -0.102745 1.009707 86 86 82
-0.129988 -0.104542 1.011694 77 79 79
-0.134525 -0.106154 1.013749 120 119 110
-0.139034 -0.107808 1.015795 189 190 173
-0.143454 -0.109572 1.017804 175 171 155
-0.147897 -0.111320 1.019823 155 153 141
-0.152158 -0.113274 1.021769 62 66 64
-0.156374 -0.115283 1.023697 54 59 58
-0.160589 -0.117298 1.025624 75 76 72
-0.174954 -0.121576 1.032105 48 48 50
-0.222484 -0.112031 1.052737 202 141 138
0.017330 0.009715 0.948314 129 114 99
0.021048 -0.006023 0.947125 86 67 57
0.018001 -0.009973 0.948593 102 85 77
0.013630 -0.011665 0.950582 116 103 91
0.009470 -0.013719 0.952488 134 124 107
-0.014295 -0.036444 0.963699 167 163 146
-0.016695 -0.041118 0.964901 168 164 146
-0.019326 -0.045394 0.966194 168 164 148
-0.022309 -0.049103 0.967626 153 150 134
-0.025860 -0.051942 0.969285 60 63 64
-0.029676 -0.054385 0.971050 58 60 62
-0.033333 -0.057049 0.972751 117 116 112
-0.036900 -0.059835 0.974415 115 115 107
-0.040153 -0.063052 0.975953 125 124 119
-0.043403 -0.066252 0.977489 141 139 136
-0.046605 -0.069497 0.979005 144 143 135
-0.049444 -0.073220 0.980373 154 153 144
-0.051860 -0.077485 0.981570 182 184 171
-0.054319 -0.081650 0.982783 152 150 139
-0.056729 -0.085840 0.983976 145 142 131
-0.059158 -0.089965 0.985174 139 137 125
-0.061983 -0.093538 0.986532 133 131 120
-0.064930 -0.096924 0.987939 129 125 118
-0.068106 -0.099992 0.989439 125 123 115
-0.071748 -0.102457 0.991127 138 136 127
-0.075929 -0.104239 0.993035 158 157 148
-0.081149 -0.104742 0.995366 148 147 138
-0.086538 -0.105071 0.997767 158 157 149
-0.092239 -0.105056 1.000296 187 187 179
-0.097973 -0.105044 1.002841 193 195 187
-0.103932 -0.104808 1.005478 171 173 164
-0.110245 -0.104199 1.008262 150 148 135
-0.115521 -0.104856 1.010622 151 149 134
-0.120143 -0.106300 1.012716 146 142 127
-0.124677 -0.107860 1.014773 112 112 102
-0.129275 -0.109359 1.016858 131 126 116
-0.133472 -0.111322 1.018778 205 206 186
-0.137972 -0.112953 1.020822 181 178 160
-0.142458 -0.114610 1.022862 135 129 116
-0.146737 -0.116505 1.024816 77 80 76
-0.151141 -0.118270 1.026822 67 71 68
-0.155341 -0.120263 1.028744 96 97 93
-0.164254 -0.123720 1.032801 49 52 52
-0.215568 -0.116236 1.055353 201 145 145
0.021422 0.006411 0.952067 128 113 100
0.025144 -0.009347 0.950786 80 61 52
0.022217 -0.013463 0.952193 104 89 80
0.017877 -0.015153 0.954172 113 98 89
0.013502 -0.016797 0.956166 109 99 89
-0.012996 -0.043391 0.968644 167 163 145
-0.015594 -0.047691 0.969908 169 165 147
-0.018458 -0.051549 0.971281 172 167 153
-0.021734 -0.054763 0.972822 90 92 86
-0.025415 -0.057363 0.974528 61 63 67
-0.029086 -0.059970 0.976231 68 70 70
-0.032646 -0.062726 0.977888 137 135 126
-0.035954 -0.065829 0.979440 152 149 140
-0.039271 -0.068902 0.980996 157 156 145
-0.042597 -0.071943 0.982555 160 160 149
-0.045824 -0.075103 0.984073 171 171 159
-0.048486 -0.079013 0.985356 156 156 145
-0.051045 -0.083027 0.986596 179 180 169
-0.053678 -0.086906 0.987866 151 149 138
-0.056531 -0.090459 0.989226 144 142 131
-0.059653 -0.093632 0.990697 142 140 129
-0.063041 -0.096443 0.992278 143 140 132
-0.066579 -0.099048 0.993921 149 147 139
-0.070455 -0.101216 0.995705 148 147 138
-0.074719 -0.102897 0.997649 152 151 142
-0.079372 -0.104103 0.999757 153 152 143
-0.084190 -0.105124 1.001933 168 168 159
-0.089286 -0.105829 1.004226 189 190 181
-0.094536 -0.106377 1.006584 193 193 185
-0.100218 -0.106439 1.009123 153 151 139
-0.105638 -0.106853 1.011554 153 151 138
-0.110290 -0.108201 1.013664 145 140 126
-0.114789 -0.109744 1.015710 147 142 128
-0.119360 -0.111217 1.017787 148 146 131
-0.124030 -0.112590 1.019906 142 140 125
-0.128205 -0.114538 1.021818 211 211 191
-0.132644 -0.116195 1.023840 179 176 157
-0.137140 -0.117801 1.025887 129 118 106
-0.141583 -0.119474 1.027912 77 81 75
-0.145989 -0.121199 1.029921 64 69 66
-0.150151 -0.123196 1.031828 90 93 89
-0.154197 -0.125319 1.033687 43 44 46
0.025294 0.003451 0.955855 101 86 74
0.029027 -0.012343 0.954480 94 77 67
0.026839 -0.017687 0.955566 95 84 74
0.022105 -0.018650 0.957712 98 86 78
0.017605 -0.020032 0.959761 109 99 90
-0.009195 -0.045847 0.972300 170 166 148
-0.011860 -0.050019 0.973577 167 163 145
-0.014583 -0.054061 0.974879 165 161 146
-0.017349 -0.058000 0.976197 173 172 158
-0.020798 -0.060900 0.977803 70 70 70
-0.024563 -0.063324 0.979541 63 65 67
-0.028192 -0.065940 0.981222 95 97 94
-0.031608 -0.068849 0.982813 159 157 146
-0.035014 -0.071758 0.984400 163 160 149
-0.038364 -0.074731 0.985962 165 164 153
-0.041852 -0.077496 0.987583 162 162 150
-0.045138 -0.080527 0.989118 141 141 129
-0.048006 -0.084106 0.990475 137 136 128
-0.050743 -0.087832 0.991777 184 187 178
-0.053877 -0.091000 0.993246 171 172 163
-0.057037 -0.094113 0.994726 159 159 150
-0.060468 -0.096855 0.996320 156 157 145
-0.064164 -0.099246 0.998027 155 155 145
-0.068018 -0.101430 0.999801 155 155 144
-0.072164 -0.103247 1.001699 155 155 144
-0.076632 -0.104668 1.003734 167 167 158
-0.081397 -0.105736 1.005896 185 186 177
-0.086359 -0.106584 1.008142 193 195 184
-0.091368 -0.107401 1.010409 149 149 134
-0.096485 -0.108115 1.012722 166 166 152
-0.101004 -0.109567 1.014781 160 159 144
-0.105259 -0.111345 1.016728 159 157 142
-0.109600 -0.113030 1.018711 152 150 135
-0.114086 -0.114557 1.020756 147 142 128
-0.118749 -0.115895 1.022877 160 156 142
-0.123111 -0.117589 1.024870 199 197 179
-0.127426 -0.119347 1.026842 169 162 143
-0.131963 -0.120865 1.028911 130 118 105
-0.136410 -0.122495 1.030941 86 88 83
-0.140790 -0.124209 1.032942 70 73 67
-0.144945 -0.126175 1.034847 60 63 59
-0.148987 -0.128267 1.036703 53 55 57
-0.209789 -0.123102 1.063929 206 143 144
0.029257 0.000295 0.959552 81 68 58
0.032228 -0.014187 0.958413 114 92 83
0.030860 -0.020926 0.959127 89 73 65
0.026437 -0.022365 0.961148 97 83 75
0.021723 -0.023331 0.963293 116 105 94
-0.008306 -0.052102 0.977279 168 164 148
-0.011061 -0.056071 0.978582 168 163 148
-0.013561 -0.060384 0.979773 158 153 139
-0.016454 -0.064071 0.981134 170 165 150
-0.019864 -0.066972 0.982716 71 73 72
-0.023500 -0.069531 0.984397 68 68 70
-0.027062 -0.072189 0.986045 112 111 107
-0.030756 -0.074648 0.987751 163 160 147
-0.034213 -0.077435 0.989353 164 162 151
-0.037846 -0.079965 0.991032 162 162 150
-0.041454 -0.082523 0.992700 163 164 154
-0.044983 -0.085179 0.994333 134 135 127
-0.048319 -0.088085 0.995883 158 160 153
-0.051553 -0.091112 0.997388 148 149 144
-0.054727 -0.094201 0.998867 159 162 155
-0.058131 -0.096971 1.000446 175 178 169
-0.061651 -0.099580 1.002074 175 177 168
-0.065362 -0.101934 1.003786 178 180 170
-0.069436 -0.103826 1.005655 182 184 174
-0.073957 -0.105163 1.007718 182 184 174
-0.078795 -0.106122 1.009920 158 157 148
-0.083547 -0.107210 1.012084 167 167 156
-0.088030 -0.108647 1.014132 178 176 163
-0.092287 -0.110371 1.016081 168 166 153
-0.096384 -0.112293 1.017961 162 160 145
-0.100439 -0.114271 1.019823 158 153 139
-0.104634 -0.116088 1.021746 155 153 138
-0.108983 -0.117734 1.023735 154 152 139
-0.113512 -0.119183 1.025804 144 144 134
-0.117934 -0.120767 1.027826 114 116 108
-0.122330 -0.122392 1.029837 109 107 98
-0.126790 -0.123956 1.031876 149 143 129
-0.131198 -0.125589 1.033892 119 119 110
-0.135526 -0.127320 1.035874 106 111 101
-0.139698 -0.129229 1.037788 56 60 56
-0.143811 -0.131207 1.039676 53 56 56
-0.203550 -0.126691 1.066627 205 144 144
0.032736 -0.002041 0.963408 108 101 88
0.035091 -0.015467 0.962458 119 97 89
0.034209 -0.023041 0.962928 92 64 57
0.030542 -0.025735 0.964621 96 81 73
0.025796 -0.026593 0.966789 113 102 91
-0.008183 -0.057131 0.982528 168 164 148
-0.010796 -0.061262 0.983755 166 161 147
-0.013479 -0.065248 0.985012 164 160 144
-0.016318 -0.068968 0.986338 167 164 150
-0.019433 -0.072254 0.987785 78 78 76
-0.022800 -0.075155 0.989344 70 74 73
-0.026373 -0.077749 0.990993 106 106 100
-0.029965 -0.080306 0.992651 162 162 150
-0.033689 -0.082672 0.994367 162 162 150
-0.037455 -0.084976 0.996101 162 162 154
-0.041195 -0.087312 0.997824 160 164 158
-0.044809 -0.089816 0.999491 167 171 170
-0.048416 -0.092321 1.001155 168 173 171
-0.052059 -0.094771 1.002836 176 180 177
-0.055740 -0.097166 1.004532 186 190 187
-0.059364 -0.099630 1.006204 187 190 187
-0.063255 -0.101746 1.007993 187 190 187
-0.067385 -0.103557 1.009889 193 193 188
-0.071812 -0.105003 1.011917 207 208 200
-0.075975 -0.106790 1.013828 202 205 194
-0.080080 -0.108658 1.015712 188 189 177
-0.083947 -0.110821 1.017492 178 176 163
-0.087728 -0.113089 1.019233 169 168 153
-0.091650 -0.115186 1.021036 165 163 148
-0.095651 -0.117190 1.022875 159 156 141
-0.099805 -0.119016 1.024782 157 155 142
-0.104051 -0.120743 1.026730 153 152 139
-0.108385 -0.122376 1.028717 119 125 119
-0.112893 -0.123821 1.030781 104 107 104
-0.117274 -0.125423 1.032789 104 105 99
-0.121615 -0.127081 1.034780 147 145 130
-0.125990 -0.128710 1.036785 153 151 137
-0.130326 -0.130392 1.038774 151 152 134
-0.134577 -0.132177 1.040724 62 66 60
-0.138730 -0.134075 1.042631 56 59 59
-0.143205 -0.135633 1.044682 53 56 56
0.037611 -0.016165 0.966628 108 92 84
0.037572 -0.025209 0.966682 109 84 76
0.034489 -0.028873 0.968108 93 76 69
0.029937 -0.030007 0.970197 109 95 85
0.025733 -0.031751 0.972129 139 130 113
-0.010582 -0.066328 0.988896 171 168 150
-0.013301 -0.070209 0.990157 168 164 147
-0.015856 -0.074294 0.991343 176 172 158
-0.018734 -0.077874 0.992675 94 95 89
-0.022095 -0.080733 0.994226 95 94 91
-0.025634 -0.083327 0.995857 117 117 104
-0.029406 -0.085586 0.997593 148 146 134
-0.033239 -0.087759 0.999356 155 155 147
-0.037079 -0.089920 1.001124 168 170 165
-0.040905 -0.092102 1.002884 184 190 188
-0.044731 -0.094282 1.004645 209 217 216
-0.048584 -0.096425 1.006418 211 217 214
-0.052410 -0.098605 1.008178 202 209 207
-0.056264 -0.100748 1.009951 202 209 206
-0.060186 -0.102802 1.011755 206 214 209
-0.064160 -0.104793 1.013583 214 220 214
-0.068227 -0.106668 1.015453 211 216 208
-0.072153 -0.108727 1.017258 205 206 196
-0.075978 -0.110911 1.019018 195 195 183
-0.079636 -0.113300 1.020703 184 182 170
-0.083355 -0.115611 1.022415 176 176 163
-0.087208 -0.117757 1.024188 171 170 155
-0.091119 -0.119834 1.025987 167 167 152
-0.095135 -0.121788 1.027834 157 159 146
-0.099344 -0.123521 1.029768 123 129 120
-0.103648 -0.125151 1.031745 109 118 114
-0.108173 -0.126539 1.033822 105 109 105
-0.112502 -0.128162 1.035811 150 148 137
-0.116593 -0.130065 1.037692 156 154 139
-0.120887 -0.131745 1.039665 147 145 130
-0.125275 -0.133331 1.041680 146 147 129
-0.129674 -0.134916 1.043700 93 95 86
-0.133821 -0.136784 1.045607 57 60 60
-0.138121 -0.138494 1.047582 53 56 56
0.040075 -0.016780 0.970801 80 69 61
0.040876 -0.027304 0.970422 120 101 91
0.038285 -0.031787 0.971611 86 67 60
0.034153 -0.033591 0.973513 101 86 78
0.029718 -0.034892 0.975555 126 115 101
-0.010472 -0.071192 0.994033 176 173 157
-0.013233 -0.074964 0.995301 181 177 160
-0.015701 -0.079125 0.996434 179 177 159
-0.018352 -0.082984 0.997651 141 139 131
-0.021579 -0.085990 0.999135 116 115 103
-0.025240 -0.088368 1.000819 132 126 111
-0.029054 -0.090528 1.002574 128 123 114
-0.032914 -0.092626 1.004350 158 159 155
-0.036815 -0.094668 1.006145 179 187 186
-0.040808 -0.096588 1.007983 198 206 204
-0.044706 -0.098640 1.009776 211 219 217
-0.048522 -0.100801 1.011532 221 229 227
-0.052365 -0.102926 1.013300 226 233 231
-0.056302 -0.104930 1.015112 224 232 228
-0.060175 -0.107019 1.016894 223 229 225
-0.064042 -0.109117 1.018673 222 227 220
-0.067915 -0.111207 1.020456 213 216 208
-0.071738 -0.113362 1.022215 206 208 200
-0.075380 -0.115739 1.023890 199 200 189
-0.079108 -0.118006 1.025605 193 193 181
-0.082891 -0.120204 1.027346 184 184 172
-0.086755 -0.122305 1.029123 142 145 136
-0.090695 -0.124316 1.030936 118 126 123
-0.095015 -0.125884 1.032925 108 116 110
-0.099411 -0.127373 1.034949 102 107 103
-0.103855 -0.128820 1.036995 140 141 131
-0.107975 -0.130651 1.038890 162 158 144
-0.111815 -0.132803 1.040657 158 156 141
-0.115886 -0.134697 1.042531 156 154 139
-0.120142 -0.136390 1.044490 152 151 134
-0.124622 -0.137846 1.046552 142 141 128
-0.128759 -0.139689 1.048456 60 62 62
-0.132959 -0.141469 1.050389 56 59 58
-0.137379 -0.143022 1.052423 50 53 52
0.042556 -0.017439 0.974946 73 62 54
0.043671 -0.028534 0.974363 117 97 88
0.041904 -0.034433 0.975146 103 82 75
0.038366 -0.037211 0.976769 95 81 72
0.033794 -0.038225 0.978882 105 94 84
-0.013282 -0.079504 1.000452 228 227 218
-0.015675 -0.083726 1.001536 195 190 184
-0.018043 -0.087943 1.002608 195 192 181
-0.021265 -0.090911 1.004083 139 135 123
-0.024858 -0.093345 1.005734 126 123 112
-0.028531 -0.095662 1.007422 124 120 108
-0.032417 -0.097684 1.009211 115 112 102
-0.036401 -0.099576 1.011046 142 144 136
-0.040314 -0.101567 1.012848 179 186 181
-0.044186 -0.103615 1.014630 201 209 206
-0.047988 -0.105757 1.016379 218 227 224
-0.051869 -0.107797 1.018166 226 234 232
-0.055698 -0.109904 1.019928 230 237 236
-0.059560 -0.111971 1.021705 225 232 230
-0.063398 -0.114068 1.023472 220 227 223
-0.067175 -0.116243 1.025209 206 211 206
-0.070818 -0.118582 1.026883 185 189 181
-0.074553 -0.120804 1.028601 134 138 132
-0.078364 -0.122934 1.030354 101 104 103
-0.082345 -0.124858 1.032188 101 105 105
-0.086597 -0.126464 1.034149 101 106 102
-0.091026 -0.127872 1.036193 105 109 103
-0.095339 -0.129428 1.038183 152 153 143
-0.099462 -0.131215 1.040083 162 160 147
-0.103332 -0.133298 1.041864 159 155 140
-0.107121 -0.135475 1.043607 156 152 138
-0.111073 -0.137467 1.045427 159 155 139
-0.115226 -0.139239 1.047341 154 152 135
-0.119728 -0.140633 1.049419 157 156 139
-0.123909 -0.142391 1.051347 64 67 64
-0.127915 -0.144346 1.053191 58 61 61
-0.132380 -0.145812 1.055252 54 57 57
-0.154765 -0.153266 1.065582 47 45 46
0.044905 -0.017877 0.979134 100 86 63
0.045473 -0.028035 0.978757 116 99 90
0.046097 -0.038109 0.978354 128 95 88
0.042883 -0.041397 0.979816 86 69 62
0.038354 -0.042419 0.981917 110 99 90
-0.016672 -0.086822 1.007084 253 253 252
-0.019059 -0.090979 1.008151 225 224 221
-0.022114 -0.094158 1.009540 217 216 212
-0.025406 -0.096987 1.011044 173 170 163
-0.028633 -0.099891 1.012516 156 151 142
-0.032369 -0.102086 1.014235 140 135 127
-0.036075 -0.104321 1.015938 133 131 123
-0.039886 -0.106413 1.017692 123 123 115
-0.043621 -0.108606 1.019409 126 124 118
-0.047405 -0.110735 1.021150 135 135 128
-0.051182 -0.112870 1.022888 136 137 130
-0.054996 -0.114960 1.024643 130 130 124
-0.058815 -0.117043 1.026401 115 117 111
-0.062583 -0.119191 1.028134 98 103 100
-0.066361 -0.121326 1.029872 100 104 100
-0.070256 -0.123316 1.031666 98 101 98
-0.074235 -0.125206 1.033501 98 100 95
-0.078277 -0.127026 1.035365 103 103 97
-0.082736 -0.128353 1.037429 141 138 128
-0.087037 -0.129882 1.039418 175 174 160
-0.091061 -0.131747 1.041274 165 163 148
-0.094890 -0.133843 1.043036 162 157 143
-0.098612 -0.136063 1.044747 155 151 137
-0.102426 -0.138175 1.046502 159 154 139
-0.106349 -0.140166 1.048309 159 155 139
-0.110469 -0.141939 1.050211 158 154 136
-0.115019 -0.143243 1.052318 156 153 136
-0.119308 -0.144849 1.054300 86 87 81
-0.123356 -0.146726 1.056167 57 61 61
-0.127619 -0.148376 1.058137 54 57 57
-0.149639 -0.156034 1.068320 45 43 45
-0.154469 -0.157165 1.070560 44 39 41
0.047951 -0.019579 0.982956 143 95 82
0.047209 -0.027424 0.983178 74 54 52
0.048159 -0.038101 0.982560 135 96 92
0.047467 -0.045745 0.982761 136 95 91
0.043475 -0.047623 0.984604 149 139 131
0.038320 -0.047539 0.987023 138 134 118
-0.020038 -0.094046 1.013651 254 255 255
-0.022912 -0.097451 1.014944 252 253 252
-0.025725 -0.100914 1.016208 243 242 242
-0.029246 -0.103385 1.017820 223 224 221
-0.032893 -0.105678 1.019494 201 201 195
-0.036431 -0.108111 1.021115 173 171 163
-0.040011 -0.110485 1.022755 151 150 141
-0.043765 -0.112624 1.024482 148 145 137
-0.047507 -0.114777 1.026203 143 141 132
-0.051266 -0.116910 1.027932 131 128 119
-0.055049 -0.119010 1.029673 118 120 111
-0.058804 -0.121146 1.031400 122 123 116
-0.062676 -0.123135 1.033184 126 126 115
-0.066649 -0.125003 1.035018 145 144 136
-0.070687 -0.126795 1.036883 175 174 164
-0.074811 -0.128490 1.038790 181 181 166
-0.078957 -0.130165 1.040709 170 168 153
-0.082797 -0.132214 1.042477 163 162 146
-0.086529 -0.134390 1.044193 158 156 141
-0.090316 -0.136501 1.045935 159 156 141
-0.094043 -0.138681 1.047648 160 156 141
-0.097768 -0.140863 1.049361 159 155 139
-0.101610 -0.142910 1.051130 159 155 139
-0.105681 -0.144703 1.053011 158 154 137
-0.110262 -0.145933 1.055140 156 153 136
-0.114639 -0.147407 1.057169 111 113 102
-0.118694 -0.149242 1.059043 57 62 61
-0.122848 -0.150976 1.060963 54 57 57
-0.127243 -0.152460 1.063001 53 55 55
-0.131699 -0.153891 1.065068 52 53 53
-0.136041 -0.155454 1.067080 48 49 48
-0.140364 -0.157048 1.069082 48 47 47
-0.144626 -0.158713 1.071055 45 44 45
-0.149430 -0.159835 1.073290 48 40 41
0.049267 -0.027389 0.987430 114 86 76
0.049029 -0.036006 0.987360 103 76 69
0.049534 -0.045769 0.986916 151 97 96
0.048310 -0.052388 0.987354 112 84 83
0.043888 -0.053476 0.989417 160 155 143
0.038175 -0.052419 0.992136 144 140 123
-0.023679 -0.100761 1.020304 254 255 255
-0.027004 -0.103494 1.021815 254 255 255
-0.030488 -0.105998 1.023406 254 255 255
-0.033918 -0.108567 1.024971 250 249 249
-0.037417 -0.111034 1.026570 243 243 242
-0.041110 -0.113240 1.028266 235 234 232
-0.044724 -0.115546 1.029923 225 225 221
-0.048318 -0.117873 1.031570 220 220 214
-0.052102 -0.119954 1.033312 212 214 206
-0.055870 -0.122055 1.035046 205 206 197
-0.059689 -0.124093 1.036805 198 198 185
-0.063538 -0.126095 1.038579 193 193 182
-0.067443 -0.128030 1.040380 187 184 171
-0.071254 -0.130083 1.042135 173 171 156
-0.075040 -0.132167 1.043878 165 163 148
-0.078581 -0.134543 1.045499 157 155 140
-0.082123 -0.136912 1.047121 157 155 140
-0.085919 -0.138980 1.048868 159 157 142
-0.089686 -0.141082 1.050601 160 156 140
-0.093324 -0.143331 1.052271 159 155 139
-0.097119 -0.145400 1.054018 159 155 139
-0.101087 -0.147274 1.055851 155 152 135
-0.105593 -0.148554 1.057950 156 152 136
-0.110015 -0.149941 1.060008 191 190 174
-0.114167 -0.151638 1.061931 60 64 63
-0.118299 -0.153363 1.063845 56 59 59
-0.122578 -0.154939 1.065831 52 55 55
-0.126890 -0.156488 1.067833 52 53 52
-0.131160 -0.158093 1.069815 49 50 49
-0.135436 -0.159701 1.071798 48 46 48
-0.139471 -0.161568 1.073663 45 43 45
-0.144252 -0.162674 1.075896 61 54 54
0.050163 -0.034367 0.992039 90 72 64
0.050889 -0.044559 0.991428 126 88 86
0.050762 -0.053096 0.991264 145 102 103
0.048611 -0.058036 0.992156 96 79 77
0.043930 -0.058643 0.994363 142 132 119
0.038052 -0.057287 0.997189 150 145 127
-0.030969 -0.109621 1.028585 254 255 255
-0.034482 -0.112052 1.030189 254 255 255
-0.038198 -0.114208 1.031897 254 255 255
-0.041837 -0.116463 1.033566 254 255 255
-0.045465 -0.118730 1.035229 253 253 254
-0.049249 -0.120793 1.036971 251 251 249
-0.052969 -0.122939 1.038681 246 245 242
-0.056553 -0.125253 1.040322 234 233 230
-0.060260 -0.127412 1.042025 211 209 202
-0.063926 -0.129619 1.043707 182 180 168
-0.067424 -0.132028 1.045305 160 159 145
-0.070995 -0.134345 1.046940 156 154 139
-0.074431 -0.136818 1.048506 158 156 141
-0.077945 -0.139191 1.050112 159 157 142
-0.081641 -0.141345 1.051811 159 157 142
-0.085311 -0.143529 1.053495 160 156 140
-0.088869 -0.145840 1.055124 159 154 140
-0.092652 -0.147889 1.056867 154 151 135
-0.096656 -0.149691 1.058720 152 151 134
-0.101119 -0.150983 1.060805 152 148 132
-0.105570 -0.152305 1.062883 123 122 107
-0.109850 -0.153828 1.064876 70 75 71
-0.113969 -0.155538 1.066786 57 61 60
-0.118178 -0.157157 1.068742 52 55 55
-0.122383 -0.158790 1.070696 51 52 52
-0.126532 -0.160491 1.072621 49 48 49
-0.130559 -0.162327 1.074484 46 45 46
-0.134968 -0.163772 1.076540 44 40 42
-0.140003 -0.164585 1.078909 94 81 81
0.052605 -0.035041 0.996031 121 90 84
0.051642 -0.042291 0.996264 84 68 62
0.051948 -0.051623 0.995827 122 98 99
0.050954 -0.058564 0.996085 135 104 107
0.048386 -0.062731 0.997181 91 65 62
0.043570 -0.063083 0.999470 133 121 108
0.038380 -0.062855 1.001956 157 152 134
0.034718 -0.065183 1.003632 151 146 128
-0.038498 -0.117989 1.036947 254 255 255
-0.042126 -0.120233 1.038610 254 255 255
-0.045830 -0.122374 1.040312 254 255 255
-0.049500 -0.124559 1.041996 254 255 255
-0.053149 -0.126769 1.043670 254 255 255
-0.056892 -0.128857 1.045392 243 243 242
-0.060459 -0.131165 1.047023 170 168 155
-0.063508 -0.134103 1.048388 164 162 148
-0.066996 -0.136491 1.049979 158 156 141
-0.070420 -0.138951 1.051537 157 155 140
-0.073956 -0.141270 1.053153 154 152 137
-0.077558 -0.143507 1.054804 150 148 133
-0.081151 -0.145752 1.056449 149 145 131
-0.084738 -0.147999 1.058092 157 148 136
-0.088517 -0.150025 1.059834 94 96 89
-0.092486 -0.151836 1.061673 111 114 104
-0.096802 -0.153262 1.063689 136 132 115
-0.101202 -0.154607 1.065748 169 165 149
-0.105542 -0.156032 1.067777 112 115 104
-0.109617 -0.157759 1.069669 63 67 67
-0.113688 -0.159497 1.071558 53 56 56
-0.117875 -0.161117 1.073508 52 53 53
-0.121670 -0.163163 1.075256 48 47 48
-0.125757 -0.164902 1.077153 45 43 44
-0.130293 -0.166180 1.079280 42 36 39
-0.136226 -0.166030 1.082118 111 97 93
-0.155717 -0.152047 1.091862 167 117 117
0.053439 -0.041849 1.000551 121 104 100
0.052894 -0.049727 1.000527 83 75 71
0.052549 -0.057821 1.000399 129 96 96
0.051470 -0.064529 1.000674 150 98 93
0.048509 -0.067966 1.001972 96 70 64
0.043899 -0.068628 1.004163 128 119 105
0.038975 -0.068805 1.006522 144 139 122
0.035287 -0.071038 1.008212 147 142 124
-0.059458 -0.136365 1.051356 162 162 148
-0.062995 -0.138666 1.052971 160 158 143
-0.066568 -0.140916 1.054606 160 158 143
-0.070139 -0.143167 1.056240 160 156 141
-0.073718 -0.145405 1.057878 158 154 140
-0.077339 -0.147591 1.059538 124 116 105
-0.080972 -0.149760 1.061205 196 187 175
-0.084723 -0.151793 1.062932 83 86 86
-0.088616 -0.153663 1.064735 115 118 109
-0.092797 -0.155214 1.066687 154 149 134
-0.097067 -0.156674 1.068685 155 151 135
-0.101375 -0.158105 1.070703 152 153 133
-0.105318 -0.159947 1.072530 65 68 67
-0.109190 -0.161870 1.074321 55 57 58
-0.113303 -0.163539 1.076235 52 53 52
-0.116910 -0.165754 1.077888 47 46 45
-0.121077 -0.167374 1.079831 39 37 37
-0.126281 -0.167919 1.082311 75 64 65
-0.133499 -0.166404 1.085833 102 80 79
-0.151354 -0.154029 1.094859 186 129 131
0.056054 -0.042859 1.004376 137 112 117
0.054004 -0.048109 1.005150 109 90 85
0.053371 -0.055739 1.005141 101 73 70
0.052819 -0.063383 1.005092 145 94 88
0.051561 -0.069710 1.005438 147 97 92
0.048441 -0.072827 1.006817 98 70 63
0.044741 -0.074964 1.008517 111 105 91
0.039963 -0.075335 1.010810 134 128 112
-0.066345 -0.145059 1.059296 160 155 141
-0.069939 -0.147252 1.060943 158 153 139
-0.073573 -0.149398 1.062609 155 150 138
-0.077212 -0.151534 1.064280 95 96 93
-0.080963 -0.153541 1.066009 103 107 104
-0.084890 -0.155347 1.067832 122 123 114
-0.088954 -0.157004 1.069727 147 142 127
-0.093021 -0.158664 1.071624 151 147 130
-0.097277 -0.160122 1.073620 146 147 126
-0.101241 -0.161913 1.075462 67 69 67
-0.104941 -0.163998 1.077163 61 62 62
-0.108971 -0.165726 1.079039 52 51 51
-0.112503 -0.167992 1.080652 46 45 42
-0.117177 -0.169045 1.082867 48 40 40
-0.123860 -0.168006 1.086139 133 101 97
-0.133928 -0.163503 1.091190 121 91 90
-0.146914 -0.156112 1.097769 193 133 134
0.056354 -0.048664 1.009079 138 88 83
0.054312 -0.053854 1.009831 114 85 80
0.053717 -0.061461 1.009768 112 77 72
0.052986 -0.068714 1.009787 148 98 92
0.051155 -0.074002 1.010432 149 96 90
0.048700 -0.078184 1.011431 109 77 70
0.045065 -0.080380 1.013096 92 79 71
0.040650 -0.081307 1.015199 115 104 91
0.036291 -0.082349 1.017269 135 125 111
0.032638 -0.084534 1.018943 150 146 130
-0.066396 -0.148841 1.064093 157 153 138
-0.069991 -0.151008 1.065740 156 152 137
-0.073663 -0.153082 1.067428 140 135 122
-0.077287 -0.155213 1.069091 141 136 122
-0.081117 -0.157104 1.070865 151 147 131
-0.085156 -0.158763 1.072751 148 144 127
-0.089141 -0.160490 1.074607 146 142 124
-0.093319 -0.162007 1.076567 136 135 118
-0.097295 -0.163758 1.078418 67 70 67
-0.100986 -0.165826 1.080117 57 60 58
-0.104811 -0.167749 1.081887 52 50 49
-0.108484 -0.169838 1.083575 49 42 41
-0.114311 -0.169635 1.086416 128 90 87
-0.121594 -0.167939 1.090034 102 71 69
-0.133402 -0.161585 1.096067 155 107 105
0.056610 -0.054328 1.013750 137 88 84
0.054394 -0.059148 1.014585 104 83 75
0.053955 -0.066938 1.014400 108 80 73
0.052832 -0.073447 1.014614 140 91 85
0.051184 -0.078981 1.015136 147 94 88
0.048689 -0.083040 1.016147 132 88 81
0.045667 -0.086195 1.017462 91 65 61
0.042021 -0.088321 1.019135 107 95 88
0.037715 -0.089389 1.021185 136 128 113
0.033217 -0.090177 1.023342 150 145 129
0.029355 -0.091985 1.025138 158 155 143
0.025883 -0.094402 1.026711 165 164 151
-0.066416 -0.152629 1.068836 151 150 133
-0.070097 -0.154669 1.070531 148 144 128
-0.073739 -0.156755 1.072204 152 148 132
-0.077537 -0.158661 1.073962 152 148 132
-0.081551 -0.160323 1.075839 153 149 131
-0.085460 -0.162110 1.077658 156 152 134
-0.089469 -0.163791 1.079531 107 106 95
-0.093284 -0.165694 1.081298 67 67 64
-0.097032 -0.167674 1.083028 52 51 50
-0.100732 -0.169707 1.084733 52 42 43
-0.104907 -0.171229 1.086695 113 81 79
-0.111956 -0.169690 1.090220 143 100 99
-0.120617 -0.166512 1.094616 103 71 71
-0.133234 -0.159284 1.101155 187 130 132
0.056534 -0.059359 1.018560 148 112 94
0.054408 -0.064271 1.019328 102 93 75
0.053746 -0.071601 1.019240 101 79 69
0.052485 -0.077810 1.019510 138 96 87
0.050634 -0.082948 1.020130 149 101 90
0.048332 -0.087282 1.021017 147 101 90
0.045491 -0.090689 1.022222 107 79 74
0.042186 -0.093323 1.023698 86 73 66
0.038162 -0.094804 1.025593 122 111 103
0.033630 -0.095501 1.027782 150 144 133
0.029583 -0.096980 1.029688 156 154 141
0.025930 -0.099076 1.031365 160 161 149
0.022476 -0.101473 1.032928 169 171 158
-0.062905 -0.154194 1.071930 151 150 133
-0.066660 -0.156124 1.073666 154 151 134
-0.070373 -0.158104 1.075380 152 150 132
-0.074137 -0.160028 1.077122 153 149 131
-0.078075 -0.161754 1.078961 152 149 132
-0.081825 -0.163700 1.080695 109 108 98
-0.085569 -0.165653 1.082425 68 66 63
-0.089174 -0.167764 1.084078 52 53 50
-0.092771 -0.169882 1.085727 52 46 46
-0.097365 -0.170909 1.087928 106 81 75
-0.103236 -0.170574 1.090833 139 102 96
-0.110989 -0.168265 1.094775 86 60 55
-0.121822 -0.162764 1.100411 146 100 97
0.056253 -0.063984 1.023446 148 122 98
0.053686 -0.068086 1.024464 114 99 82
0.052130 -0.073847 1.024879 84 68 59
0.051617 -0.081264 1.024677 128 93 83
0.049866 -0.086521 1.025220 150 106 94
0.047510 -0.090724 1.026126 149 106 92
0.044794 -0.094300 1.027249 135 97 86
0.041820 -0.097430 1.028528 98 77 70
0.038469 -0.099945 1.030030 106 97 87
0.034517 -0.101510 1.031888 140 139 125
0.029946 -0.102133 1.034109 145 146 134
0.026038 -0.103798 1.035939 153 155 142
0.022355 -0.105809 1.037637 160 162 148
0.018697 -0.107858 1.039320 165 167 154
0.015191 -0.110132 1.040913 171 172 159
0.011607 -0.112288 1.042553 175 177 165
-0.059609 -0.155522 1.075108 151 150 134
-0.063304 -0.157501 1.076813 151 151 134
-0.066916 -0.159579 1.078471 152 151 134
-0.070768 -0.161377 1.080266 130 129 117
-0.074297 -0.163550 1.081877 84 84 80
-0.077537 -0.166051 1.083325 60 59 59
-0.080950 -0.168348 1.084871 51 49 49
-0.084584 -0.170392 1.086543 54 49 48
-0.089664 -0.170836 1.089027 107 83 85
-0.095987 -0.169946 1.092208 124 99 101
-0.102433 -0.168977 1.095455 86 69 67
-0.111379 -0.165374 1.100099 102 88 85
-0.121041 -0.161112 1.105138 191 134 132
0.056062 -0.068716 1.028235 157 126 103
0.053217 -0.072296 1.029412 116 93 82
0.051232 -0.077282 1.030067 91 75 66
0.050093 -0.083602 1.030213 109 81 73
0.048407 -0.088932 1.030697 143 104 89
0.046159 -0.093282 1.031526 153 112 94
0.043708 -0.097257 1.032480 150 113 93
0.041155 -0.101028 1.033499 119 96 80
0.038519 -0.104631 1.034571 91 80 66
0.035245 -0.107212 1.036027 98 94 80
0.031070 -0.108402 1.038024 122 123 111
0.026618 -0.109190 1.040185 144 144 131
0.022367 -0.110304 1.042225 149 150 135
0.018748 -0.112378 1.043886 154 154 140
0.015088 -0.114388 1.045573 158 158 145
0.011480 -0.116476 1.047228 160 161 151
0.007834 -0.118508 1.048906 168 168 158
0.004279 -0.120670 1.050530 176 177 167
-0.052567 -0.154972 1.076516 153 150 138
-0.056324 -0.156853 1.078259 154 150 136
-0.059975 -0.158864 1.079941 125 126 114
-0.063172 -0.161408 1.081362 89 89 84
-0.066172 -0.164173 1.082669 68 64 67
-0.069507 -0.166536 1.084171 53 51 56
-0.073200 -0.168483 1.085878 51 49 49
-0.077177 -0.170111 1.087747 62 60 60
-0.081942 -0.170862 1.090066 103 98 106
-0.088494 -0.169651 1.093405 97 97 109
-0.095416 -0.168093 1.096950 77 71 74
-0.102603 -0.166315 1.100642 80 80 80
-0.112339 -0.161852 1.105780 141 133 149
0.052784 -0.076526 1.034300 123 86 80
0.049988 -0.080110 1.035442 110 89 85
0.047937 -0.084885 1.036126 91 69 63
0.046458 -0.090529 1.036462 125 90 77
0.044765 -0.095753 1.036935 145 104 90
0.042485 -0.099972 1.037773 143 108 93
0.040217 -0.104163 1.038608 126 105 84
0.037613 -0.107785 1.039651 113 101 80
0.034665 -0.110845 1.040906 90 81 67
0.031605 -0.113710 1.042232 86 77 69
0.027980 -0.115706 1.043902 105 102 91
0.023809 -0.116890 1.045903 131 130 119
0.019466 -0.117837 1.048007 150 150 137
0.015225 -0.118957 1.050048 151 151 139
0.011330 -0.120593 1.051878 153 152 140
0.007783 -0.122737 1.053498 157 157 144
0.004300 -0.124967 1.055081 162 163 151
0.000739 -0.127084 1.056710 167 167 157
-0.002894 -0.129101 1.058382 168 167 158
-0.044967 -0.155174 1.077557 133 130 122
-0.048030 -0.157867 1.078896 90 90 90
-0.051164 -0.160462 1.080277 81 81 79
-0.054639 -0.162638 1.081860 61 60 65
-0.058228 -0.164676 1.083509 56 55 57
-0.062214 -0.166251 1.085389 54 49 53
-0.066342 -0.167668 1.087352 60 55 60
-0.070558 -0.168996 1.089365 86 81 86
-0.075472 -0.169544 1.091784 91 93 100
-0.081461 -0.168908 1.094824 81 86 97
-0.088349 -0.167320 1.098382 65 69 77
-0.095422 -0.165596 1.102042 74 75 77
-0.102652 -0.163770 1.105787 100 109 124
0.052358 -0.080727 1.039146 140 90 85
0.049236 -0.083729 1.040487 113 84 79
0.046630 -0.087554 1.041504 101 85 76
0.044877 -0.092717 1.041991 102 77 71
0.043132 -0.097825 1.042477 121 89 81
0.040999 -0.102253 1.043211 129 106 89
0.038803 -0.106531 1.043988 115 101 81
0.036256 -0.110217 1.044986 120 109 85
0.033590 -0.113686 1.046062 116 105 81
0.030626 -0.116675 1.047323 100 87 70
0.027492 -0.119387 1.048692 90 75 68
0.024090 -0.121689 1.050226 84 74 69
0.020451 -0.123636 1.051907 91 86 82
0.016314 -0.124863 1.053893 105 102 95
0.012237 -0.126192 1.055842 134 130 121
0.008338 -0.127789 1.057680 144 141 132
0.004632 -0.129664 1.059401 150 150 139
0.000985 -0.131625 1.061084 156 154 143
-0.002661 -0.133589 1.062767 155 153 143
-0.006225 -0.135665 1.064400 153 152 140
-0.009500 -0.138130 1.065859 149 149 137
-0.012945 -0.140358 1.067421 151 150 138
-0.016625 -0.142272 1.069125 152 152 139
-0.020363 -0.144111 1.070864 156 156 144
-0.023822 -0.146316 1.072435 155 157 144
-0.027343 -0.148437 1.074043 157 159 146
-0.030867 -0.150553 1.075653 135 137 127
-0.033842 -0.153358 1.076934 105 108 104
-0.036870 -0.156080 1.078249 80 83 86
-0.040050 -0.158601 1.079654 60 61 64
-0.043526 -0.160751 1.081238 56 54 59
-0.047318 -0.162516 1.083010 51 48 51
-0.051217 -0.164156 1.084845 48 45 51
-0.055233 -0.165666 1.086749 64 61 67
-0.059648 -0.166717 1.088888 78 79 89
-0.064293 -0.167518 1.091163 87 95 107
-0.069498 -0.167697 1.093767 86 93 104
-0.075684 -0.166791 1.096946 74 82 89
-0.082365 -0.165380 1.100414 55 55 62
-0.088829 -0.164278 1.103749 68 72 77
-0.094967 -0.163596 1.106888 93 115 129
0.048251 -0.086935 1.045650 130 88 82
0.045066 -0.089786 1.047028 114 91 84
0.042880 -0.094222 1.047772 100 83 74
0.041054 -0.099179 1.048290 92 81 69
0.039305 -0.104191 1.048766 95 87 73
0.036959 -0.108214 1.049624 103 95 78
0.034444 -0.111934 1.050592 125 114 91
0.031821 -0.115453 1.051632 130 117 88
0.029121 -0.118825 1.052722 120 104 79
0.026132 -0.121739 1.053996 131 101 85
0.023071 -0.124527 1.055317 123 92 87
0.019831 -0.127040 1.056750 106 84 79
0.016607 -0.129562 1.058175 84 74 70
0.013215 -0.131837 1.059704 75 72 68
0.009662 -0.133878 1.061334 77 75 71
0.006032 -0.135810 1.063012 87 87 83
0.002345 -0.137665 1.064725 86 89 83
-0.001204 -0.139710 1.066353 89 93 87
-0.004636 -0.141916 1.067909 91 93 88
-0.008216 -0.143917 1.069556 90 90 86
-0.011852 -0.145845 1.071237 86 86 82
-0.015341 -0.147966 1.072829 87 89 85
-0.018656 -0.150312 1.074314 83 84 81
-0.022006 -0.152607 1.075820 73 73 70
-0.025479 -0.154737 1.077403 61 57 60
-0.029092 -0.156690 1.079070 55 49 54
-0.032909 -0.158387 1.080862 51 43 47
-0.036647 -0.160188 1.082605 68 53 56
-0.040400 -0.161975 1.084358 86 67 70
-0.044454 -0.163400 1.086291 96 75 77
-0.048766 -0.164526 1.088380 87 84 92
-0.053027 -0.165730 1.090436 87 92 104
-0.058553 -0.165459 1.093253 84 97 113
-0.064155 -0.165140 1.096112 74 89 104
-0.070242 -0.164306 1.099257 54 65 78
-0.076507 -0.163322 1.102506 54 59 62
-0.082607 -0.162582 1.105651 71 78 85
-0.087832 -0.162880 1.108268 88 99 111
0.044910 -0.094274 1.051626 126 90 81
0.042167 -0.097771 1.052718 100 92 79
0.039816 -0.101854 1.053560 95 92 80
0.037522 -0.105982 1.054369 83 79 68
0.035203 -0.110027 1.055198 89 84 69
0.032959 -0.114142 1.055982 120 110 82
0.030628 -0.118082 1.056827 125 110 81
0.027970 -0.121493 1.057882 137 105 89
0.025125 -0.124598 1.059060 137 96 88
0.022118 -0.127442 1.060343 126 102 91
0.019112 -0.130271 1.061626 110 101 92
0.015921 -0.132818 1.063028 103 98 91
0.012559 -0.135110 1.064539 92 91 86
0.009264 -0.137491 1.066009 87 89 83
0.005792 -0.139617 1.067590 91 95 90
0.002292 -0.141703 1.069189 87 92 85
-0.001136 -0.143885 1.070743 88 87 81
-0.004668 -0.145922 1.072363 89 83 78
-0.008305 -0.147819 1.074048 95 82 78
-0.011858 -0.149829 1.075680 98 79 76
-0.015319 -0.151958 1.077256 102 79 77
-0.018915 -0.153910 1.078915 107 77 76
-0.022657 -0.155676 1.080665 112 80 77
-0.026494 -0.157326 1.082473 119 84 78
-0.030574 -0.158678 1.084431 130 89 84
-0.034825 -0.159830 1.086493 130 88 80
-0.039202 -0.160843 1.088631 125 83 77
-0.043596 -0.161854 1.090778 117 77 77
-0.048351 -0.162448 1.093144 98 80 87
-0.053435 -0.162677 1.095709 84 85 95
-0.058791 -0.162618 1.098438 68 72 83
0.040735 -0.100149 1.058107 91 90 79
0.037763 -0.103235 1.059344 91 87 75
0.035114 -0.106797 1.060372 106 101 88
0.032992 -0.111133 1.061060 90 83 66
0.030984 -0.115595 1.061677 92 79 61
0.028654 -0.119521 1.062509 109 84 72
0.026061 -0.123017 1.063514 117 85 75
0.023266 -0.126183 1.064654 121 91 84
0.020306 -0.129087 1.065901 121 97 90
0.017317 -0.131929 1.067168 115 98 91
0.014333 -0.134762 1.068435 112 97 89
0.011315 -0.137529 1.069724 110 97 90
0.008184 -0.140122 1.071087 109 98 91
0.004858 -0.142435 1.072576 108 96 88
0.001399 -0.144559 1.074150 109 94 86
-0.002201 -0.146489 1.075814 119 91 85
-0.005900 -0.148289 1.077540 125 89 84
-0.009701 -0.149956 1.079331 129 88 83
-0.013530 -0.151594 1.081138 125 83 79
-0.017410 -0.153173 1.082978 125 83 80
-0.021427 -0.154583 1.084902 123 81 78
-0.025633 -0.155764 1.086944 121 79 76
-0.029969 -0.156797 1.089067 119 78 73
-0.034503 -0.157602 1.091311 129 88 80
-0.039314 -0.158088 1.093727 111 75 70
-0.044180 -0.158537 1.096173 100 69 68
-0.049424 -0.158558 1.098852 77 60 59
-0.054703 -0.158574 1.101550 62 57 57
0.033539 -0.108899 1.065827 123 114 89
0.030442 -0.111725 1.067146 109 98 80
0.027722 -0.115105 1.068218 106 87 82
0.025292 -0.118887 1.069101 103 89 77
0.023155 -0.123065 1.069796 92 78 68
0.020538 -0.126496 1.070810 93 77 71
0.017456 -0.129225 1.072131 96 81 75
0.014366 -0.131929 1.073458 100 81 76
0.011378 -0.134762 1.074720 102 81 76
0.008254 -0.137388 1.076073 106 81 76
0.004987 -0.139803 1.077519 111 85 78
0.001709 -0.142194 1.078973 112 84 79
-0.001767 -0.144308 1.080555 118 85 81
-0.005645 -0.145880 1.082397 120 85 81
-0.009767 -0.147135 1.084395 119 81 79
-0.013711 -0.148639 1.086277 116 77 74
-0.017759 -0.150018 1.088225 107 73 69
-0.022141 -0.150977 1.090385 105 70 68
-0.026375 -0.152147 1.092448 97 65 62
-0.030725 -0.153186 1.094584 87 59 57
-0.035225 -0.154056 1.096814 80 56 52
-0.039913 -0.154716 1.099160 71 55 51
-0.044990 -0.154923 1.101750 86 66 64
-0.049846 -0.155434 1.104197 89 66 61
-0.054285 -0.156477 1.106379 112 75 72
0.026074 -0.117051 1.073699 138 92 86
0.022733 -0.119464 1.075181 121 84 80
0.019730 -0.122365 1.076438 101 80 72
0.016872 -0.125458 1.077600 99 81 75
0.013760 -0.128163 1.078934 110 95 87
0.010675 -0.130892 1.080251 105 94 85
0.007563 -0.133568 1.081588 93 80 72
0.004140 -0.135798 1.083130 86 74 66
0.000548 -0.137791 1.084784 84 71 66
-0.003144 -0.139647 1.086504 86 71 66
-0.006908 -0.141409 1.088271 80 66 62
-0.010821 -0.142976 1.090134 81 66 62
-0.014893 -0.144343 1.092100 81 63 58
-0.019072 -0.145582 1.094134 84 68 62
-0.023300 -0.146773 1.096199 95 77 72
-0.027403 -0.148141 1.098180 90 69 65
-0.031353 -0.149715 1.100062 92 70 68
-0.035267 -0.151343 1.101920 93 67 62
-0.039455 -0.152638 1.103953 112 85 76
-0.043457 -0.154176 1.105865 131 93 83
-0.046974 -0.156316 1.107466 158 100 100
0.025539 -0.120644 1.078415 173 116 114
0.021878 -0.122559 1.080113 163 109 105
0.018236 -0.124502 1.081798 157 103 100
0.014562 -0.126401 1.083506 147 96 92
0.011084 -0.128582 1.085080 138 88 85
0.007601 -0.130752 1.086659 125 86 80
0.004112 -0.132912 1.088242 106 76 73
0.000722 -0.135204 1.089759 102 71 69
-0.002876 -0.137206 1.091415 118 82 80
-0.006548 -0.139107 1.093121 113 75 74
-0.010184 -0.141060 1.094802 116 79 77
-0.014023 -0.142743 1.096618 120 80 78
-0.017806 -0.144508 1.098395 126 79 78
-0.021297 -0.146656 1.099980 137 84 79
-0.024820 -0.148762 1.101587 141 88 83
-0.028533 -0.150622 1.103318 151 95 93
-0.032221 -0.152517 1.105032 163 101 100
0.017796 -0.128152 1.086426 187 133 131
0.014201 -0.130140 1.088082 187 130 127
0.010622 -0.132150 1.089728 189 131 129
0.007068 -0.134194 1.091357 179 122 121
0.003627 -0.136395 1.092909 178 119 118
0.000003 -0.138341 1.094585 179 120 119
-0.003637 -0.140265 1.096272 181 120 119
-0.007185 -0.142316 1.097896 178 117 116
-0.010772 -0.144313 1.099548 181 120 117
-0.014266 -0.146433 1.101136 188 124 125
-0.017724 -0.148597 1.102702 188 124 125
-0.021125 -0.150833 1.104229 191 124 123
0.066775 -0.043218 1.000070 121 91 97
0.064069 -0.041335 0.995728 87 77 94
0.058644 -0.042587 0.989316 84 66 77
0.056250 -0.040413 0.985244 71 55 61
0.051859 -0.040578 0.979668 70 52 58
0.048963 -0.039044 0.975241 71 54 56
0.049407 -0.033589 0.973327 74 55 57
0.051028 -0.026696 0.972274 80 67 68
0.050080 -0.022829 0.969292 86 75 75
0.053006 -0.014266 0.969156 104 94 95
0.053440 -0.008657 0.967160 116 104 102
0.061020 -0.068458 1.012462 116 83 90
0.054892 -0.070388 1.005381 71 55 58
0.052609 -0.068130 1.001402 52 45 44
0.050834 -0.065318 0.997831 49 49 44
0.049076 -0.062493 0.994277 61 57 58
0.047539 -0.059422 0.990898 65 62 62
0.045945 -0.056419 0.987476 74 68 72
0.044597 -0.053134 0.984245 78 73 74
0.043436 -0.049629 0.981158 88 82 83
0.042342 -0.046040 0.978120 112 105 97
0.041225 -0.042471 0.975063 107 100 88
0.039995 -0.039032 0.971915 108 100 90
0.038820 -0.035522 0.968808 105 97 87
0.037351 -0.032362 0.965478 104 93 79
0.035750 -0.029365 0.962049 83 73 66
0.034556 -0.025869 0.958924 86 73 69
0.033041 -0.022767 0.955559 61 53 53
0.031625 -0.019542 0.952268 60 49 49
0.030663 -0.015745 0.949307 71 56 50
0.032289 -0.008651 0.948219 109 78 74
0.040545 0.006985 0.951878 163 113 110
0.061838 -0.076571 1.025510 106 73 74
0.052753 -0.081631 1.015888 62 45 45
0.050545 -0.079303 1.011964 53 46 47
0.049143 -0.076101 1.008701 60 54 55
0.047489 -0.073179 1.005233 63 60 60
0.046002 -0.070071 1.001903 65 62 62
0.044563 -0.066912 0.998611 77 76 74
0.043059 -0.063826 0.995268 73 71 71
0.041759 -0.060507 0.992087 110 109 108
0.040426 -0.057224 0.988878 114 111 112
0.039232 -0.053777 0.985778 102 100 96
0.038276 -0.050045 0.982863 107 104 99
0.037239 -0.046399 0.979881 153 143 125
0.036085 -0.042888 0.976804 150 141 119
0.034946 -0.039350 0.973737 148 139 118
0.033841 -0.035767 0.970692 150 139 118
0.032436 -0.032544 0.967417 155 138 116
0.030944 -0.029428 0.964075 140 123 97
0.029562 -0.026175 0.960816 144 124 100
0.028018 -0.023124 0.957436 142 123 98
0.026702 -0.019787 0.954226 140 122 101
0.025405 -0.016423 0.951029 116 102 83
0.023832 -0.013411 0.947628 97 84 70
0.022200 -0.010476 0.944185 64 57 51
0.020902 -0.007112 0.940985 47 37 35
0.022144 -0.000412 0.939620 86 70 58
0.030525 0.015776 0.943355 145 129 115
0.062703 -0.084632 1.038597 149 123 113
0.054880 -0.088218 1.029870 71 54 54
0.049302 -0.089497 1.023084 52 43 44
0.047572 -0.086669 1.019556 62 56 55
0.045709 -0.083994 1.015918 60 53 54
0.044202 -0.080931 1.012581 63 60 61
0.042845 -0.077704 1.009367 60 56 56
0.041309 -0.074676 1.006006 62 59 59
0.039998 -0.071395 1.002830 74 71 70
0.038788 -0.067998 0.999734 77 75 73
0.037611 -0.064557 0.996664 93 86 83
0.036368 -0.061189 0.993539 101 98 97
0.035072 -0.057879 0.990369 111 104 104
0.033788 -0.054553 0.987208 119 115 109
0.032646 -0.051055 0.984158 126 120 112
0.031528 -0.047522 0.981125 145 135 118
0.030362 -0.044041 0.978052 147 137 118
0.029194 -0.040558 0.974974 143 134 113
0.028085 -0.036998 0.971940 144 134 113
0.026753 -0.033705 0.968731 148 137 115
0.025323 -0.030533 0.965446 152 138 117
0.024042 -0.027174 0.962275 147 132 109
0.022720 -0.023863 0.959070 150 132 107
0.021435 -0.020503 0.955893 142 123 94
0.020165 -0.017121 0.952726 142 122 95
0.018693 -0.013996 0.949406 142 122 95
0.017092 -0.011041 0.945991 147 126 104
0.015619 -0.007920 0.942672 137 121 98
0.014008 -0.004982 0.939251 108 94 76
0.012680 -0.001670 0.936039 73 60 52
0.011927 0.002417 0.933242 89 63 50
0.017790 0.015480 0.935201 144 119 103
0.021498 0.025753 0.935551 179 153 129
0.059198 -0.092542 1.045814 160 116 112
0.050707 -0.096812 1.036401 68 50 51
0.045243 -0.097969 1.029647 45 46 46
0.043424 -0.095266 1.026051 56 51 50
0.041961 -0.092183 1.022761 57 51 51
0.040511 -0.089086 1.019482 67 61 62
0.039244 -0.085788 1.016358 71 66 67
0.037837 -0.082642 1.013115 80 74 75
0.036449 -0.079475 1.009889 81 76 77
0.035157 -0.076198 1.006741 94 87 89
0.033918 -0.072858 1.003637 109 98 98
0.032740 -0.069446 1.000581 124 110 109
0.031597 -0.065988 0.997552 134 119 112
0.030373 -0.062618 0.994455 138 128 116
0.029052 -0.059359 0.991277 145 134 122
0.027739 -0.056090 0.988104 149 140 126
0.026523 -0.052701 0.985009 150 142 125
0.025338 -0.049271 0.981937 150 143 125
0.024148 -0.045843 0.978858 151 142 124
0.022952 -0.042418 0.975773 150 143 124
0.021815 -0.038915 0.972732 149 140 121
0.020447 -0.035693 0.969508 149 140 120
0.019107 -0.032435 0.966305 146 137 116
0.017920 -0.028982 0.963220 144 134 112
0.016728 -0.025531 0.960129 145 133 112
0.015572 -0.022028 0.957063 146 130 107
0.014409 -0.018528 0.953990 144 125 103
0.013133 -0.015170 0.950829 145 124 101
0.011681 -0.012041 0.947533 141 120 98
0.009989 -0.009231 0.944058 144 123 96
0.008311 -0.006407 0.940596 142 121 93
0.006741 -0.003443 0.937215 145 123 102
0.005009 -0.000701 0.933717 103 79 65
0.003709 0.002626 0.930537 99 70 58
0.002628 0.006256 0.927515 94 65 53
0.010766 0.022695 0.931145 140 117 99
0.012831 0.030840 0.930329 193 181 143
0.045761 -0.106165 1.042113 78 61 57
0.041925 -0.105601 1.036733 62 53 52
0.040342 -0.102665 1.033346 48 45 44
0.038674 -0.099826 1.029886 61 61 61
0.036943 -0.097058 1.026373 92 88 90
0.035655 -0.093811 1.023245 100 97 95
0.034181 -0.090767 1.019957 86 81 77
0.032902 -0.087506 1.016836 90 84 84
0.031626 -0.084239 1.013717 103 98 98
0.030449 -0.080857 1.010680 121 112 113
0.029248 -0.077499 1.007621 137 122 118
0.027982 -0.074211 1.004506 144 118 108
0.026812 -0.070809 1.001470 138 112 100
0.025676 -0.067363 0.998460 147 125 115
0.024368 -0.064114 0.995305 147 132 118
0.022889 -0.061067 0.992008 153 143 128
0.021418 -0.058010 0.988719 154 146 129
0.020097 -0.054773 0.985552 153 144 130
0.018762 -0.051552 0.982373 151 145 128
0.017501 -0.048238 0.979253 150 144 127
0.016241 -0.044920 0.976133 151 146 130
0.015061 -0.041499 0.973075 152 145 128
0.013758 -0.038228 0.969917 151 143 126
0.012512 -0.034882 0.966803 148 140 121
0.011439 -0.031310 0.963824 139 135 113
0.010340 -0.027767 0.960821 135 129 109
0.009316 -0.024119 0.957874 135 124 105
0.008259 -0.020506 0.954898 136 125 106
0.007206 -0.016880 0.951922 143 130 110
0.006030 -0.013409 0.948849 148 134 114
0.004640 -0.010220 0.945610 148 130 105
0.003133 -0.007188 0.942282 145 123 99
0.001509 -0.004317 0.938867 129 112 92
-0.000358 -0.001781 0.935273 104 82 65
-0.002216 0.000756 0.931689 108 80 66
-0.003941 0.003470 0.928207 107 77 63
-0.004847 0.007325 0.925328 104 75 64
-0.005164 0.012024 0.922875 96 71 61
0.001317 0.026421 0.925331 163 147 123
0.050137 -0.105709 1.056077 125 107 99
0.038795 -0.112992 1.043884 52 40 40
0.036721 -0.110600 1.040064 80 72 68
0.035505 -0.107300 1.037014 87 78 72
0.034020 -0.104288 1.033723 113 105 111
0.032655 -0.101145 1.030539 124 122 123
0.031164 -0.098141 1.027244 86 82 83
0.029756 -0.095046 1.024022 74 70 69
0.028367 -0.091930 1.020816 91 84 82
0.027078 -0.088701 1.017697 116 108 105
0.025809 -0.085447 1.014595 129 120 116
0.024639 -0.082076 1.011577 140 114 104
0.023340 -0.078852 1.008445 138 103 86
0.021943 -0.075737 1.005230 138 102 87
0.020671 -0.072476 1.002121 132 99 86
0.019284 -0.069349 0.998913 128 99 85
0.017750 -0.066397 0.995581 132 108 95
0.016111 -0.063572 0.992163 143 123 111
0.014577 -0.060624 0.988835 140 132 118
0.013194 -0.057496 0.985631 148 140 127
0.011885 -0.054275 0.982489 153 148 132
0.010621 -0.050995 0.979384 155 151 135
0.009365 -0.047705 0.976282 157 152 136
0.008211 -0.044282 0.973263 157 153 137
0.006958 -0.040979 0.970162 156 151 135
0.005790 -0.037565 0.967127 151 147 130
0.004829 -0.033878 0.964255 151 147 131
0.003837 -0.030223 0.961355 150 146 130
0.002907 -0.026478 0.958500 147 140 126
0.001965 -0.022739 0.955632 138 133 113
0.001044 -0.018961 0.952776 132 124 108
0.000047 -0.015276 0.949855 136 128 111
-0.001103 -0.011789 0.946813 147 136 116
-0.002376 -0.008463 0.943675 149 136 118
-0.004001 -0.005617 0.940266 115 102 89
-0.005617 -0.002762 0.936867 108 84 72
-0.007223 0.000102 0.933476 113 86 71
-0.009046 0.002657 0.929924 108 79 65
-0.010617 0.005562 0.926565 106 78 65
-0.011161 0.009925 0.923965 81 68 61
-0.012200 0.013599 0.920995 83 68 61
-0.010894 0.020674 0.919733 120 100 81
-0.003598 0.036550 0.922795 201 185 144
0.041272 -0.114478 1.056087 93 80 73
0.033210 -0.118371 1.046767 60 55 49
0.031900 -0.115198 1.043646 74 70 65
0.030533 -0.112085 1.040472 129 119 111
0.029577 -0.108527 1.037670 126 113 106
0.028181 -0.105440 1.034468 103 82 83
0.026805 -0.102332 1.031283 96 80 77
0.025459 -0.099190 1.028125 100 90 89
0.024152 -0.096002 1.025002 86 81 79
0.022820 -0.092842 1.021856 119 114 110
0.021404 -0.089775 1.018635 136 114 105
0.019908 -0.086802 1.015344 158 122 102
0.018458 -0.083775 1.012094 158 120 99
0.016918 -0.080855 1.008766 155 116 99
0.015277 -0.078055 1.005352 147 109 94
0.013740 -0.075137 1.002030 143 104 91
0.012067 -0.072385 0.998591 136 107 91
0.010291 -0.069760 0.995068 132 111 98
0.008512 -0.067147 0.991545 133 123 107
0.006924 -0.064308 0.988186 141 136 122
0.005598 -0.061149 0.985049 150 145 132
0.004491 -0.057718 0.982094 150 145 130
0.003602 -0.054008 0.979317 152 147 132
0.002491 -0.050568 0.976354 150 146 131
0.001401 -0.047094 0.973405 142 138 122
0.000227 -0.043723 0.970384 146 142 126
-0.000853 -0.040226 0.967438 151 149 133
-0.001744 -0.036475 0.964642 155 151 135
-0.002652 -0.032736 0.961829 156 151 136
-0.003536 -0.028955 0.959030 151 146 132
-0.004391 -0.025127 0.956249 151 147 129
-0.005164 -0.021174 0.953529 148 143 127
-0.005949 -0.017226 0.950793 145 140 124
-0.006804 -0.013358 0.947997 136 130 114
-0.007933 -0.009857 0.944982 95 89 75
-0.009334 -0.006725 0.941755 119 103 94
-0.010931 -0.003868 0.938376 108 88 80
-0.012454 -0.000908 0.935055 115 88 72
-0.013898 0.002159 0.931796 109 82 67
-0.015254 0.005352 0.928603 98 79 68
-0.016267 0.009041 0.925667 97 88 81
-0.017484 0.012442 0.922575 86 75 67
-0.018507 0.016131 0.919626 83 67 60
-0.018646 0.021132 0.917325 98 79 63
-0.010916 0.037841 0.920779 193 140 132
0.043659 -0.116105 1.068323 191 174 138
0.032536 -0.123125 1.056008 68 59 43
0.028791 -0.122525 1.050625 77 74 68
0.027486 -0.119368 1.047519 110 108 98
0.026269 -0.116116 1.044493 165 152 142
0.025095 -0.112814 1.041504 120 97 89
0.023768 -0.109675 1.038375 107 77 72
0.022404 -0.106575 1.035211 104 75 72
0.021108 -0.103399 1.032109 105 80 73
0.019801 -0.100233 1.028997 110 91 86
0.018493 -0.097067 1.025882 129 118 106
0.017040 -0.094064 1.022637 137 123 110
0.015465 -0.091202 1.019283 149 114 97
0.013732 -0.088527 1.015791 178 133 110
0.011979 -0.085880 1.012284 171 128 104
0.010117 -0.083370 1.008683 142 106 88
0.008188 -0.080946 1.005027 134 101 85
0.006036 -0.078800 1.001181 137 108 98
0.004094 -0.076416 0.997524 145 128 116
0.002460 -0.073668 0.994137 156 146 138
0.001044 -0.070658 0.990940 164 158 144
-0.000166 -0.067395 0.987919 163 158 144
-0.001244 -0.063964 0.985009 164 159 146
-0.002205 -0.060380 0.982196 162 157 143
-0.003097 -0.056700 0.979438 160 155 141
-0.004110 -0.053164 0.976573 160 155 141
-0.005165 -0.049676 0.973670 156 151 137
-0.006256 -0.046226 0.970734 157 153 138
-0.007223 -0.042609 0.967899 155 151 137
-0.008086 -0.038846 0.965145 153 148 134
-0.008978 -0.035110 0.962363 147 142 129
-0.009855 -0.031344 0.959588 148 143 130
-0.010705 -0.027531 0.956831 153 149 133
-0.011433 -0.023540 0.954167 154 150 134
-0.012160 -0.019533 0.951499 151 147 131
-0.012831 -0.015436 0.948868 148 143 127
-0.013690 -0.011584 0.946082 133 128 114
-0.014889 -0.008195 0.943024 102 83 77
-0.016342 -0.005159 0.939765 119 96 83
-0.017715 -0.002010 0.936569 117 93 77
-0.018971 0.001306 0.933462 106 81 67
-0.020226 0.004627 0.930355 103 88 79
-0.021469 0.007970 0.927256 106 96 88
-0.022672 0.011376 0.924186 104 96 87
-0.024080 0.014483 0.920959 90 78 76
-0.025271 0.017913 0.917895 88 75 71
-0.025669 0.022536 0.915419 99 70 65
-0.017775 0.039704 0.919070 184 119 121
-0.017598 0.045346 0.916958 213 141 144
0.039040 -0.120419 1.072083 186 149 133
0.026754 -0.128689 1.058524 62 49 42
0.024004 -0.127074 1.054058 71 69 59
0.022807 -0.123826 1.051066 146 142 126
0.021975 -0.120184 1.048414 164 157 138
0.020592 -0.117129 1.045242 159 144 130
0.019264 -0.114014 1.042122 159 124 112
0.017934 -0.110900 1.039000 151 117 102
0.016611 -0.107776 1.035884 137 105 93
0.015233 -0.104713 1.032717 120 91 83
0.013832 -0.101676 1.029528 113 88 78
0.012414 -0.098658 1.026325 119 98 85
0.010814 -0.095850 1.022956 141 110 95
0.009053 -0.093232 1.019443 121 89 78
0.007112 -0.090832 1.015771 145 106 91
0.005096 -0.088530 1.012037 139 105 89
0.003018 -0.086313 1.008252 141 121 105
0.000862 -0.084203 1.004404 156 142 129
-0.000920 -0.081658 1.000891 171 163 153
-0.002374 -0.078721 0.997672 169 166 158
-0.003698 -0.075627 0.994566 169 166 158
-0.004933 -0.072422 0.991537 167 162 150
-0.006097 -0.069125 0.988569 163 158 145
-0.007136 -0.065666 0.985708 162 157 143
-0.008133 -0.062149 0.982879 160 155 141
-0.009161 -0.058663 0.980020 159 154 140
-0.010205 -0.055190 0.977145 159 154 140
-0.011267 -0.051734 0.974252 157 152 138
-0.012356 -0.048306 0.971333 158 153 139
-0.013336 -0.044728 0.968503 158 153 139
-0.014235 -0.041034 0.965738 157 152 138
-0.015160 -0.037365 0.962947 158 153 139
-0.016055 -0.033647 0.960175 155 151 137
-0.016900 -0.029848 0.957442 153 149 135
-0.017639 -0.025894 0.954789 152 147 133
-0.018351 -0.021888 0.952153 150 146 130
-0.018962 -0.017727 0.949592 150 146 130
-0.019645 -0.013650 0.946966 150 145 127
-0.020573 -0.009903 0.944139 105 94 81
-0.021809 -0.006584 0.941062 116 93 80
-0.023071 -0.003299 0.937963 124 100 86
-0.024252 0.000107 0.934926 108 84 73
-0.025409 0.003552 0.931906 105 88 79
-0.026636 0.006901 0.928830 117 101 90
-0.027948 0.010128 0.925686 113 104 95
-0.029214 0.013426 0.922576 110 102 93
-0.030832 0.016198 0.919197 89 81 74
-0.032081 0.019524 0.916100 92 82 76
-0.032912 0.023492 0.913315 102 72 64
-0.025605 0.039977 0.916608 176 116 118
-0.024698 0.046757 0.915063 215 142 145
0.034866 -0.124273 1.076193 195 136 133
0.021962 -0.133221 1.061876 65 49 48
0.018751 -0.132121 1.056956 52 53 54
0.017832 -0.128606 1.054245 137 134 122
0.017152 -0.124827 1.051757 157 150 131
0.016039 -0.121504 1.048854 154 146 127
0.014684 -0.118441 1.045719 163 149 134
0.013291 -0.115420 1.042548 176 144 129
0.011969 -0.112321 1.039444 160 126 111
0.010640 -0.109227 1.036332 152 120 107
0.009207 -0.106251 1.033124 141 108 97
0.007773 -0.103276 1.029915 135 103 91
0.006201 -0.100461 1.026579 130 99 89
0.004398 -0.097917 1.023032 121 95 87
0.002415 -0.095592 1.019323 150 120 105
0.000295 -0.093440 1.015494 158 129 113
-0.001901 -0.091392 1.011603 157 145 127
-0.003875 -0.089095 1.007917 167 161 147
-0.005412 -0.086281 1.004631 176 171 157
-0.006777 -0.083261 1.001499 173 171 160
-0.008126 -0.080221 0.998382 168 167 156
-0.009378 -0.077060 0.995351 164 162 152
-0.010526 -0.073768 0.992411 160 155 143
-0.011677 -0.070475 0.989465 158 152 137
-0.012731 -0.067055 0.986604 155 151 135
-0.013803 -0.063651 0.983724 151 148 133
-0.014928 -0.060308 0.980796 150 146 131
-0.015990 -0.056879 0.977919 151 147 132
-0.017061 -0.053456 0.975032 150 146 131
-0.018138 -0.050034 0.972138 151 146 132
-0.019198 -0.046583 0.969255 152 147 133
-0.020122 -0.042942 0.966485 154 149 134
-0.021089 -0.039351 0.963674 155 150 135
-0.022025 -0.035708 0.960887 154 150 136
-0.022846 -0.031897 0.958191 152 150 135
-0.023591 -0.027970 0.955553 150 146 132
-0.024342 -0.024039 0.952903 154 150 135
-0.025011 -0.019976 0.950317 150 146 130
-0.025723 -0.015960 0.947688 153 150 132
-0.026524 -0.012055 0.944981 153 146 130
-0.027541 -0.008447 0.942095 108 96 84
-0.028590 -0.004877 0.939179 120 100 89
-0.029611 -0.001258 0.936282 115 94 84
-0.030636 0.002363 0.933379 86 72 65
-0.031789 0.005803 0.930371 109 96 82
-0.033083 0.009039 0.927252 114 104 91
-0.034336 0.012338 0.924162 113 106 90
-0.035633 0.015575 0.921037 112 103 90
-0.037101 0.018552 0.917779 97 87 78
-0.038430 0.021741 0.914628 107 88 78
-0.039608 0.025168 0.911592 106 71 65
-0.034402 0.038582 0.913372 182 117 119
-0.031686 0.048230 0.913220 217 143 146
0.021642 -0.133064 1.069524 77 55 54
0.013908 -0.136739 1.060152 48 49 45
0.012688 -0.133573 1.057165 60 60 60
0.012188 -0.129627 1.054875 106 106 92
0.011294 -0.126094 1.052197 150 142 122
0.010109 -0.122870 1.049237 155 147 128
0.008711 -0.119878 1.046071 164 152 136
0.007341 -0.116856 1.042932 169 146 130
0.005875 -0.113942 1.039700 176 148 132
0.004418 -0.111019 1.036479 168 137 122
0.002925 -0.108138 1.033224 152 121 108
0.001412 -0.105282 1.029952 143 111 97
-0.000355 -0.102725 1.026442 160 132 118
-0.002364 -0.100458 1.022710 166 140 126
-0.004447 -0.098289 1.018915 163 146 128
-0.006511 -0.096113 1.015142 160 155 138
-0.008367 -0.093700 1.011567 168 163 149
-0.010000 -0.091028 1.008199 176 173 159
-0.011394 -0.088069 1.005052 182 177 164
-0.012686 -0.084985 1.001998 176 172 160
-0.013942 -0.081855 0.998976 157 155 143
-0.015093 -0.078593 0.996046 146 145 134
-0.016197 -0.075267 0.993158 137 136 124
-0.017390 -0.072048 0.990188 146 142 127
-0.018426 -0.068625 0.987356 146 142 127
-0.019418 -0.065137 0.984561 146 145 128
-0.020583 -0.061868 0.981609 148 145 129
-0.021939 -0.058844 0.978489 149 145 129
-0.022905 -0.055306 0.975708 147 143 127
-0.023949 -0.051861 0.972857 147 143 127
-0.024829 -0.048191 0.970145 147 142 128
-0.025863 -0.044718 0.967295 148 144 128
-0.026906 -0.041249 0.964436 148 144 128
-0.027902 -0.037710 0.961613 150 146 130
-0.028730 -0.033930 0.958928 147 145 131
-0.029511 -0.030072 0.956279 145 143 129
-0.030290 -0.026197 0.953627 156 152 137
-0.030977 -0.022180 0.951044 157 153 136
-0.031741 -0.018256 0.948393 151 148 131
-0.032507 -0.014323 0.945734 152 148 131
-0.033384 -0.010535 0.942979 155 147 131
-0.034290 -0.006780 0.940195 130 113 97
-0.035170 -0.002973 0.937428 126 105 91
-0.036040 0.000858 0.934664 116 97 88
-0.037024 0.004532 0.931804 86 73 67
-0.038237 0.007870 0.928759 91 82 71
-0.039461 0.011195 0.925702 107 101 84
-0.040691 0.014515 0.922639 114 106 90
-0.041981 0.017747 0.919528 97 85 76
-0.043571 0.020515 0.916182 111 83 67
-0.045058 0.023440 0.912919 115 82 65
-0.046116 0.027040 0.909985 111 70 58
-0.042350 0.038322 0.910725 205 134 134
0.020052 -0.134239 1.075958 110 86 83
0.009457 -0.140949 1.063644 48 49 47
0.007780 -0.138293 1.060217 53 57 51
0.007036 -0.134637 1.057710 75 77 74
0.006406 -0.130846 1.055312 118 117 104
0.005438 -0.127411 1.052577 153 145 126
0.004199 -0.124269 1.049575 160 151 133
0.002828 -0.121271 1.046445 154 147 131
0.001401 -0.118336 1.043260 140 138 119
-0.000162 -0.115557 1.039945 151 142 125
-0.001673 -0.112721 1.036681 181 151 139
-0.003264 -0.109982 1.033341 176 145 128
-0.004937 -0.107341 1.029925 189 161 143
-0.006919 -0.105068 1.026219 169 149 134
-0.008941 -0.102854 1.022479 159 150 135
-0.010913 -0.100594 1.018792 160 155 139
-0.012818 -0.098265 1.015172 164 159 145
-0.014483 -0.095656 1.011781 173 168 153
-0.015962 -0.092826 1.008564 181 176 162
-0.017259 -0.089775 1.005516 169 162 149
-0.018510 -0.086665 1.002511 151 145 133
-0.019727 -0.083511 0.999535 148 143 131
-0.020912 -0.080314 0.996588 138 137 126
-0.021938 -0.076911 0.993784 132 134 120
-0.023210 -0.073815 0.990755 144 141 127
-0.024431 -0.070653 0.987770 149 144 130
-0.025804 -0.067685 0.984649 147 145 128
-0.027229 -0.064786 0.981481 148 144 128
-0.028331 -0.061461 0.978601 148 143 129
-0.029178 -0.057791 0.975943 146 142 126
-0.030149 -0.054276 0.973172 146 143 127
-0.030938 -0.050506 0.970558 148 143 129
-0.031547 -0.046478 0.968095 149 145 129
-0.032555 -0.042983 0.965280 146 142 126
-0.033578 -0.039501 0.962449 144 140 123
-0.034472 -0.035831 0.959725 144 140 124
-0.035288 -0.032041 0.957063 147 143 127
-0.036131 -0.028276 0.954375 153 149 132
-0.036923 -0.024426 0.951724 158 153 136
-0.037760 -0.020629 0.949030 160 157 140
-0.038550 -0.016752 0.946371 152 148 132
-0.039367 -0.012900 0.943684 153 149 133
-0.040202 -0.009061 0.940977 155 147 132
-0.040983 -0.005130 0.938310 130 113 98
-0.041708 -0.001102 0.935682 125 107 95
-0.042447 0.002923 0.933038 117 99 87
-0.043441 0.006572 0.930180 88 74 68
-0.044594 0.009988 0.927192 81 71 65
-0.045888 0.013190 0.924088 113 104 90
-0.047291 0.016226 0.920897 109 85 70
-0.048812 0.019077 0.917614 114 83 67
-0.050304 0.021970 0.914353 117 84 63
-0.051590 0.025188 0.911254 118 80 63
-0.052438 0.029113 0.908494 108 62 51
-0.045202 0.046143 0.911955 217 144 146
0.018460 -0.135415 1.082404 157 118 114
0.005422 -0.144723 1.067477 38 38 37
0.003309 -0.142553 1.063612 54 55 50
0.002379 -0.139120 1.060939 63 66 60
0.001441 -0.135687 1.058256 97 99 86
0.000724 -0.132005 1.055787 154 148 129
-0.000255 -0.128599 1.053056 160 154 134
-0.001612 -0.125610 1.049948 152 143 125
-0.003059 -0.122722 1.046751 152 147 131
-0.004598 -0.119939 1.043465 151 147 132
-0.006221 -0.117256 1.040100 139 136 122
-0.007858 -0.114593 1.036722 155 144 130
-0.009573 -0.112027 1.033270 168 151 137
-0.011294 -0.109476 1.029815 160 148 134
-0.013062 -0.106986 1.026319 156 148 134
-0.015008 -0.104717 1.022654 160 155 141
-0.016958 -0.102464 1.018990 162 157 142
-0.018708 -0.099981 1.015522 165 160 146
-0.020283 -0.097291 1.012221 173 167 153
-0.021748 -0.094471 1.009026 154 149 135
-0.023057 -0.091459 1.005977 142 136 123
-0.024344 -0.088418 1.002950 143 138 126
-0.025673 -0.085430 0.999882 142 138 125
-0.026854 -0.082252 0.996952 141 140 129
-0.028325 -0.079443 0.993752 147 145 131
-0.030559 -0.077623 0.989854 150 145 131
-0.034115 -0.077546 0.984756 146 142 127
-0.038141 -0.078132 0.979249 140 135 121
-0.041189 -0.077481 0.974648 139 134 120
-0.040389 -0.071724 0.973529 140 135 121
-0.039749 -0.066139 0.972248 139 134 119
-0.039812 -0.061465 0.970323 143 141 125
-0.039144 -0.055763 0.969038 148 143 129
-0.038345 -0.049838 0.967850 149 145 129
-0.038477 -0.045158 0.965825 147 143 127
-0.039228 -0.041318 0.963248 142 138 122
-0.040130 -0.037679 0.960533 142 138 121
-0.040913 -0.033860 0.957918 145 141 123
-0.041762 -0.030123 0.955240 150 145 127
-0.042615 -0.026379 0.952555 152 147 129
-0.043526 -0.022709 0.949815 157 153 136
-0.044397 -0.018968 0.947106 156 153 137
-0.045266 -0.015215 0.944394 152 148 132
-0.046134 -0.011447 0.941678 152 147 133
-0.046950 -0.007589 0.939001 152 145 131
-0.047596 -0.003462 0.936459 129 113 100
-0.048204 0.000742 0.933943 124 106 94
-0.048942 0.004764 0.931312 117 99 87
-0.049851 0.008535 0.928536 87 73 59
-0.051036 0.011887 0.925531 87 72 66
-0.052412 0.014944 0.922370 113 86 71
-0.053911 0.017805 0.919110 119 88 71
-0.055493 0.020533 0.915786 122 89 71
-0.057007 0.023363 0.912516 121 85 69
-0.058321 0.026515 0.909406 117 81 65
-0.058751 0.031115 0.906987 124 68 65
-0.051513 0.048378 0.910526 215 141 145
0.015735 -0.137782 1.087697 172 114 114
0.002435 -0.147388 1.072315 50 35 32
-0.001189 -0.146847 1.066899 48 50 46
-0.001991 -0.143298 1.064373 56 59 55
-0.002989 -0.139953 1.061643 73 74 68
-0.003937 -0.136547 1.058961 154 152 134
-0.004765 -0.132999 1.056398 156 149 129
-0.005931 -0.129820 1.053491 151 146 127
-0.007366 -0.126941 1.050314 152 147 130
-0.008918 -0.124195 1.047021 153 149 133
-0.010518 -0.121509 1.043682 149 145 130
-0.012247 -0.118976 1.040217 140 139 123
-0.013955 -0.116427 1.036775 145 142 129
-0.015684 -0.113909 1.033316 153 149 135
-0.017350 -0.111323 1.029921 153 148 134
-0.019088 -0.108829 1.026459 159 153 139
-0.021096 -0.106669 1.022737 159 154 139
-0.022992 -0.104385 1.019129 154 148 134
-0.024634 -0.101801 1.015770 160 155 141
-0.026098 -0.099004 1.012583 149 143 130
-0.027480 -0.096107 1.009476 142 140 127
-0.028852 -0.093199 1.006377 139 136 123
-0.030338 -0.090435 1.003173 144 139 127
-0.031664 -0.087470 1.000119 147 142 130
-0.033310 -0.084916 0.996765 153 148 134
-0.038152 -0.086509 0.990428 152 148 134
-0.046527 -0.092790 0.980832 158 154 141
-0.051697 -0.095000 0.974261 199 195 185
-0.053851 -0.093288 0.970505 211 208 200
-0.055106 -0.090392 0.967579 213 213 204
-0.055916 -0.086895 0.965061 212 214 204
-0.056816 -0.083509 0.962457 207 208 197
-0.057279 -0.079516 0.960244 184 182 168
-0.055669 -0.072642 0.959893 142 139 123
-0.052753 -0.063885 0.960688 147 142 127
-0.047088 -0.051177 0.963902 145 140 125
-0.045106 -0.043524 0.963783 142 138 122
-0.045822 -0.039641 0.961250 146 141 126
-0.046659 -0.035918 0.958606 145 140 124
-0.047456 -0.032126 0.955991 146 141 123
-0.048266 -0.028340 0.953360 147 143 126
-0.049184 -0.024699 0.950631 151 148 131
-0.050094 -0.021036 0.947906 152 150 133
-0.051027 -0.017398 0.945155 158 154 138
-0.051903 -0.013663 0.942450 151 146 132
-0.052755 -0.009882 0.939760 154 148 133
-0.053567 -0.006025 0.937100 148 141 126
-0.054156 -0.001813 0.934622 129 114 99
-0.054715 0.002466 0.932161 124 106 93
-0.055409 0.006553 0.929581 117 97 84
-0.056349 0.010268 0.926791 101 76 71
-0.057612 0.013481 0.923732 117 87 76
-0.059163 0.016234 0.920437 120 90 72
-0.060674 0.019049 0.917177 138 106 87
-0.062122 0.021962 0.913967 120 88 69
-0.063666 0.024717 0.910683 119 81 67
-0.065059 0.027716 0.907519 117 78 65
-0.064308 0.034285 0.906052 160 108 106
-0.057556 0.050978 0.909284 211 142 147
0.012207 -0.140998 1.092126 181 119 118
0.003537 -0.145708 1.081376 114 96 97
-0.005282 -0.150712 1.070523 38 39 39
-0.006444 -0.147572 1.067639 48 53 50
-0.007365 -0.144166 1.065004 57 61 56
-0.008235 -0.140696 1.062418 149 144 128
-0.009022 -0.137125 1.059914 158 151 131
-0.010144 -0.133918 1.057063 151 146 127
-0.011520 -0.130993 1.053953 153 149 131
-0.013075 -0.128274 1.050662 152 148 132
-0.014688 -0.125623 1.047314 148 144 129
-0.016300 -0.122978 1.043968 140 138 123
-0.017990 -0.120428 1.040547 142 141 125
-0.019599 -0.117790 1.037210 143 143 129
-0.021289 -0.115252 1.033793 151 146 132
-0.023105 -0.112873 1.030254 162 157 141
-0.025064 -0.110675 1.026578 160 156 140
-0.026997 -0.108458 1.022932 163 158 142
-0.028676 -0.105942 1.019539 159 153 139
-0.030153 -0.103182 1.016346 146 142 128
-0.031528 -0.100298 1.013253 141 138 126
-0.032969 -0.097498 1.010097 144 140 128
-0.034630 -0.094979 1.006729 148 145 132
-0.036284 -0.092457 1.003371 152 146 132
-0.039207 -0.091577 0.998802 151 145 130
-0.044462 -0.093755 0.992028 151 146 132
-0.052715 -0.099937 0.982445 176 174 163
-0.056177 -0.099949 0.977437 211 213 203
-0.057857 -0.097637 0.974121 213 213 205
-0.059086 -0.094728 0.971230 214 214 206
-0.060188 -0.091647 0.968457 215 214 207
-0.061321 -0.088605 0.965653 214 216 206
-0.062369 -0.085443 0.962926 214 216 206
-0.063207 -0.081983 0.960391 215 216 207
-0.063695 -0.078025 0.958172 211 211 199
-0.062757 -0.072046 0.957243 146 142 129
-0.059176 -0.062271 0.958690 145 141 126
-0.053095 -0.048816 0.962348 143 139 123
-0.051521 -0.041681 0.961898 145 140 125
-0.052374 -0.038000 0.959257 145 141 125
-0.053095 -0.034117 0.956728 143 139 123
-0.053854 -0.030274 0.954160 142 138 122
-0.054725 -0.026585 0.951488 148 144 128
-0.055644 -0.022955 0.948770 152 148 132
-0.056598 -0.019367 0.946018 156 152 136
-0.057518 -0.015720 0.943291 157 153 138
-0.058404 -0.012008 0.940590 152 147 131
-0.059241 -0.008211 0.937926 158 155 139
-0.060074 -0.004394 0.935261 144 139 125
-0.060563 -0.000024 0.932882 132 116 103
-0.061065 0.004346 0.930484 126 104 96
-0.061795 0.008375 0.927888 119 95 86
-0.062889 0.011834 0.924981 113 85 74
-0.064375 0.014667 0.921748 126 97 81
-0.065879 0.017466 0.918499 117 90 73
-0.067269 0.020451 0.915346 125 94 78
-0.068668 0.023420 0.912186 123 88 73
-0.070177 0.026205 0.908937 124 87 72
-0.071131 0.029919 0.906135 107 71 59
-0.066357 0.043354 0.907910 169 145 165
0.004284 -0.144400 1.090162 158 115 112
-0.008596 -0.153746 1.074895 27 25 26
-0.011194 -0.152173 1.070511 51 52 53
-0.012166 -0.148848 1.067840 54 57 55
-0.012842 -0.145191 1.065474 110 112 102
-0.013462 -0.141460 1.063162 160 152 133
-0.014447 -0.138123 1.060466 150 145 126
-0.015767 -0.135158 1.057422 153 149 132
-0.017259 -0.132389 1.054201 155 150 135
-0.018827 -0.129709 1.050902 151 147 131
-0.020398 -0.127037 1.047603 143 141 126
-0.021943 -0.124340 1.044332 142 140 125
-0.023602 -0.121781 1.040946 141 142 126
-0.025300 -0.119275 1.037524 148 145 132
-0.027106 -0.116905 1.033994 153 148 136
-0.028900 -0.114529 1.030481 164 159 141
-0.030831 -0.112330 1.026835 166 161 143
-0.032572 -0.109909 1.023382 166 159 143
-0.034056 -0.107179 1.020187 154 148 133
-0.035484 -0.104383 1.017048 145 140 125
-0.036931 -0.101612 1.013892 147 143 129
-0.038645 -0.099181 1.010475 148 143 129
-0.040699 -0.097193 1.006729 150 145 130
-0.043165 -0.095752 1.002588 151 145 131
-0.047748 -0.097088 0.996405 150 145 130
-0.055299 -0.102380 0.987385 172 170 160
-0.059732 -0.103687 0.981410 209 211 204
-0.061838 -0.101962 0.977687 212 214 205
-0.063266 -0.099345 0.974615 212 214 205
-0.064275 -0.096162 0.971944 213 214 205
-0.065405 -0.093140 0.969155 213 214 205
-0.066484 -0.090044 0.966412 213 214 205
-0.067515 -0.086876 0.963714 214 216 206
-0.068523 -0.083671 0.961034 214 216 206
-0.069245 -0.080056 0.958618 214 216 206
-0.069536 -0.075818 0.956594 204 203 193
-0.067592 -0.068357 0.956617 155 151 137
-0.062295 -0.055987 0.959680 142 139 122
-0.059089 -0.046506 0.960781 140 136 120
-0.057912 -0.039894 0.960003 142 138 122
-0.058600 -0.035978 0.957523 142 138 122
-0.059341 -0.032125 0.954990 142 138 122
-0.060189 -0.028420 0.952354 143 139 123
-0.061089 -0.024781 0.949669 149 145 129
-0.061998 -0.021144 0.946971 153 149 133
-0.062885 -0.017463 0.944289 152 148 132
-0.063755 -0.013746 0.941617 153 148 134
-0.064588 -0.009959 0.938973 150 146 130
-0.065421 -0.006158 0.936325 157 156 138
-0.066238 -0.002319 0.933685 129 122 110
-0.066727 0.002056 0.931321 142 123 112
-0.067354 0.006231 0.928832 125 103 93
-0.068299 0.009910 0.926066 128 104 93
-0.069612 0.012997 0.922986 158 137 121
-0.071113 0.015775 0.919748 130 103 90
-0.072562 0.018638 0.916555 130 99 84
-0.073961 0.021581 0.913403 126 95 80
-0.075476 0.024327 0.910157 128 93 77
-0.076664 0.027625 0.907179 118 85 66
-0.077056 0.032291 0.904847 112 91 101
-0.069623 0.050485 0.908829 157 156 182
0.002000 -0.146314 1.095780 179 113 114
-0.007734 -0.152295 1.083693 132 111 106
-0.014956 -0.155710 1.074344 37 39 40
-0.016496 -0.153024 1.071079 47 49 51
-0.017534 -0.149787 1.068350 57 60 58
-0.017849 -0.145741 1.066382 160 155 137
-0.018609 -0.142176 1.063938 144 138 120
-0.019893 -0.139191 1.060940 152 148 131
-0.021404 -0.136465 1.057705 154 150 134
-0.022957 -0.133791 1.054425 154 149 135
-0.024465 -0.131068 1.051196 147 143 129
-0.025919 -0.128286 1.048023 147 145 132
-0.027381 -0.125515 1.044843 147 145 132
-0.029045 -0.122987 1.041456 143 141 128
-0.030822 -0.120601 1.037956 147 143 129
-0.032647 -0.118283 1.034410 159 155 140
-0.034416 -0.115905 1.030925 176 169 151
-0.036197 -0.113553 1.027430 182 177 159
-0.037739 -0.110911 1.024181 155 150 133
-0.039238 -0.108221 1.020977 150 145 129
-0.040795 -0.105608 1.017715 151 146 130
-0.042463 -0.103141 1.014345 151 144 129
-0.044434 -0.101069 1.010676 151 144 129
-0.046854 -0.099590 1.006568 151 146 130
-0.050412 -0.099616 1.001346 148 144 128
-0.055737 -0.102010 0.994407 178 176 168
-0.061742 -0.105389 0.986834 187 186 180
-0.065173 -0.105436 0.981806 211 213 206
-0.066962 -0.103319 0.978389 213 214 206
-0.068323 -0.100635 0.975389 212 214 205
-0.069547 -0.097764 0.972522 213 214 205
-0.070673 -0.094758 0.969748 212 214 204
-0.071673 -0.091573 0.967093 213 214 205
-0.072622 -0.088311 0.964483 213 214 205
-0.073735 -0.085271 0.961717 214 216 206
-0.074768 -0.082116 0.959024 214 214 205
-0.074993 -0.077795 0.957086 213 214 205
-0.074222 -0.072011 0.956069 192 190 181
-0.071560 -0.063425 0.956788 160 157 143
-0.067743 -0.053050 0.958543 142 138 122
-0.064410 -0.043274 0.959806 142 138 122
-0.063996 -0.037742 0.958358 144 140 124
-0.064762 -0.033944 0.955818 145 141 125
-0.065615 -0.030263 0.953196 144 141 124
-0.066486 -0.026599 0.950552 142 140 123
-0.067377 -0.022954 0.947886 149 145 129
-0.068290 -0.019333 0.945196 152 147 132
-0.069164 -0.015639 0.942537 153 148 134
-0.069972 -0.011829 0.939932 149 145 130
-0.070796 -0.008033 0.937308 153 149 132
-0.071586 -0.004168 0.934709 156 148 132
-0.072403 -0.000332 0.932082 100 93 85
-0.073015 0.003849 0.929626 129 112 106
-0.073821 0.007733 0.926997 147 128 114
-0.074957 0.011084 0.924079 211 190 172
-0.076316 0.014070 0.920970 130 105 91
-0.077688 0.017037 0.917850 134 103 88
-0.079075 0.019976 0.914718 131 100 84
-0.080559 0.022749 0.911504 128 95 79
-0.081889 0.025784 0.908419 118 83 67
-0.082996 0.029204 0.905519 108 77 65
-0.078971 0.041580 0.906834 159 174 206
-0.075731 0.052720 0.907454 168 158 193
-0.001849 -0.149899 1.099680 194 123 127
-0.006449 -0.150384 1.093043 152 103 103
-0.017528 -0.157960 1.079403 35 25 20
-0.020471 -0.156816 1.074622 43 47 48
-0.021895 -0.154024 1.071489 54 57 57
-0.022912 -0.150783 1.068792 124 121 115
-0.023137 -0.146645 1.066942 144 138 121
-0.024232 -0.143473 1.064155 143 138 125
-0.025590 -0.140595 1.061089 154 150 134
-0.027078 -0.137868 1.057883 154 149 135
-0.028517 -0.135087 1.054731 145 140 126
-0.029920 -0.132266 1.051618 146 144 129
-0.031312 -0.129434 1.048516 147 145 132
-0.032727 -0.126630 1.045392 146 146 132
-0.034389 -0.124125 1.042010 141 141 127
-0.036112 -0.121701 1.038567 149 148 128
-0.037932 -0.119403 1.035028 187 181 159
-0.039678 -0.117023 1.031568 187 181 159
-0.041365 -0.114579 1.028172 186 179 158
-0.042926 -0.111986 1.024907 153 148 131
-0.044488 -0.109398 1.021644 152 147 131
-0.046208 -0.107016 1.018222 150 145 129
-0.048047 -0.104795 1.014682 151 143 128
-0.050194 -0.102984 1.010837 149 142 127
-0.053114 -0.102198 1.006222 147 143 127
-0.057099 -0.102849 1.000554 178 178 169
-0.061903 -0.104641 0.994092 166 165 158
-0.067173 -0.107132 0.987197 191 190 184
-0.070476 -0.107060 0.982275 212 214 207
-0.072066 -0.104704 0.979056 212 214 206
-0.073403 -0.102009 0.976087 212 214 204
-0.074575 -0.099088 0.973279 213 214 205
-0.075677 -0.096069 0.970538 212 214 204
-0.076761 -0.093018 0.967813 212 214 204
-0.077781 -0.089874 0.965149 212 214 204
-0.078824 -0.086757 0.962460 213 214 205
-0.079710 -0.083409 0.959919 213 214 205
-0.080431 -0.079812 0.957532 213 214 206
-0.079639 -0.073995 0.956572 194 193 186
-0.077796 -0.066583 0.956585 198 195 188
-0.075821 -0.058901 0.956695 144 141 128
-0.072633 -0.049329 0.957909 147 142 127
-0.069662 -0.039977 0.958883 146 141 127
-0.070047 -0.035621 0.956714 147 142 128
-0.071073 -0.032222 0.953947 147 143 127
-0.071927 -0.028552 0.951335 144 140 124
-0.072797 -0.024893 0.948705 145 142 125
-0.073707 -0.021285 0.946034 141 139 123
-0.074567 -0.017589 0.943404 143 139 126
-0.075383 -0.013810 0.940809 151 148 135
-0.076191 -0.010006 0.938216 150 146 129
-0.076999 -0.006189 0.935618 156 151 131
-0.077824 -0.002385 0.933001 156 148 134
-0.078878 0.001058 0.930178 83 77 71
-0.079482 0.005250 0.927744 154 140 123
-0.080381 0.008972 0.925048 207 189 169
-0.081560 0.012232 0.922104 132 106 93
-0.082779 0.015431 0.919125 133 104 84
-0.084110 0.018443 0.916049 131 100 81
-0.085536 0.021291 0.912891 129 96 77
-0.086889 0.024263 0.909796 120 86 66
-0.088201 0.027307 0.906735 118 81 66
-0.088262 0.032558 0.904720 115 110 120
-0.081389 0.050151 0.908453 150 179 216
-0.008472 -0.152028 1.098847 182 112 114
-0.016495 -0.156297 1.088409 155 120 114
-0.023780 -0.159883 1.078825 33 34 28
-0.025558 -0.157497 1.075307 46 51 48
-0.027145 -0.154907 1.072000 58 63 59
-0.028150 -0.151668 1.069329 149 145 130
-0.028921 -0.148157 1.066909 144 138 120
-0.030089 -0.145089 1.064056 145 140 124
-0.031456 -0.142248 1.060988 154 149 135
-0.032830 -0.139417 1.057912 150 145 131
-0.034130 -0.136499 1.054916 146 144 129
-0.035448 -0.133603 1.051901 146 144 131
-0.036761 -0.130700 1.048891 146 144 131
-0.038089 -0.127815 1.045865 146 144 131
-0.039780 -0.125371 1.042456 139 138 124
-0.041511 -0.122982 1.039008 164 160 142
-0.043327 -0.120708 1.035474 187 180 156
-0.044968 -0.118226 1.032126 181 174 152
-0.046481 -0.115590 1.028913 172 166 146
-0.048067 -0.113050 1.025627 153 149 133
-0.049754 -0.110645 1.022239 153 149 133
-0.051637 -0.108500 1.018651 149 144 128
-0.053602 -0.106473 1.014984 149 141 126
-0.055826 -0.104797 1.011057 147 141 126
-0.059020 -0.104420 1.006151 167 163 152
-0.062531 -0.104504 1.000938 167 166 158
-0.066697 -0.105514 0.995081 157 155 148
-0.072328 -0.108563 0.987773 187 187 181
-0.075468 -0.108319 0.982995 211 211 205
-0.077172 -0.106145 0.979665 212 214 205
-0.078472 -0.103424 0.976739 212 214 205
-0.079647 -0.100527 0.973938 211 213 204
-0.080777 -0.097566 0.971181 212 214 205
-0.081845 -0.094514 0.968482 212 214 205
-0.082941 -0.091498 0.965755 212 214 204
-0.084070 -0.088525 0.962995 213 213 204
-0.085000 -0.085261 0.960425 213 214 206
-0.085629 -0.081548 0.958144 213 213 205
-0.084244 -0.074850 0.957792 195 195 189
-0.082730 -0.067897 0.957540 195 193 186
-0.081060 -0.060646 0.957413 204 201 192
-0.079754 -0.053871 0.956916 143 140 124
-0.076559 -0.044160 0.958178 147 142 128
-0.075374 -0.037424 0.957513 147 142 128
-0.076399 -0.034046 0.954761 147 142 128
-0.077197 -0.030304 0.952217 146 142 126
-0.078040 -0.026622 0.949627 144 140 125
-0.078914 -0.022977 0.947004 144 142 127
-0.079738 -0.019238 0.944423 143 141 127
-0.080588 -0.015531 0.941812 144 142 128
-0.081431 -0.011798 0.939205 148 144 128
-0.082244 -0.008005 0.936620 189 182 161
-0.083096 -0.004261 0.933995 151 143 127
-0.084123 -0.000796 0.931209 153 147 132
-0.084940 0.003028 0.928606 71 67 56
-0.085686 0.006986 0.926062 205 190 176
-0.086693 0.010516 0.923282 131 107 91
-0.087779 0.013920 0.920429 132 103 83
-0.089080 0.016960 0.917388 132 101 80
-0.090488 0.019816 0.914253 133 98 78
-0.091870 0.022715 0.911141 122 88 67
-0.093370 0.025404 0.907928 116 82 62
-0.093977 0.029680 0.905477 93 65 61
-0.088765 0.044415 0.907935 140 161 192
-0.087582 0.052048 0.906943 172 186 216
-0.016241 -0.155473 1.096643 164 98 99
-0.024816 -0.160462 1.085512 117 95 90
-0.029645 -0.161443 1.078593 42 45 41
-0.031217 -0.158857 1.075307 54 55 53
-0.032652 -0.156122 1.072173 96 97 90
-0.033714 -0.152966 1.069451 148 144 126
-0.034770 -0.149799 1.066734 148 143 125
-0.035926 -0.146742 1.063906 157 150 134
-0.037126 -0.143734 1.061028 152 147 133
-0.038367 -0.140771 1.058104 144 143 129
-0.039616 -0.137816 1.055172 146 144 131
-0.040909 -0.134912 1.052192 146 144 131
-0.042158 -0.131955 1.049260 146 144 131
-0.043468 -0.129071 1.046261 145 145 131
-0.045125 -0.126611 1.042892 133 132 124
-0.046751 -0.124121 1.039557 176 172 152
-0.048429 -0.121702 1.036170 173 167 146
-0.050005 -0.119161 1.032894 156 150 133
-0.051538 -0.116573 1.029664 156 151 134
-0.053116 -0.114046 1.026390 153 149 133
-0.054836 -0.111708 1.022968 150 147 131
-0.056800 -0.109695 1.019296 149 145 129
-0.058863 -0.107826 1.015525 147 142 126
-0.061171 -0.106296 1.011507 152 147 132
-0.064306 -0.105889 1.006643 191 190 181
-0.067297 -0.105329 1.001941 162 161 153
-0.070996 -0.105763 0.996528 156 155 146
-0.076572 -0.108808 0.989221 181 180 172
-0.079816 -0.108745 0.984315 202 203 197
-0.081809 -0.106992 0.980692 211 213 204
-0.083219 -0.104442 0.977661 212 214 205
-0.084490 -0.101700 0.974771 211 213 204
-0.085675 -0.098834 0.971968 212 214 205
-0.086780 -0.095854 0.969243 211 213 204
-0.087801 -0.092749 0.966600 212 214 204
-0.088823 -0.089639 0.963955 213 213 204
-0.089732 -0.086358 0.961419 212 214 204
-0.090247 -0.082486 0.959265 205 206 196
-0.088315 -0.074952 0.959490 189 187 181
-0.086573 -0.067627 0.959504 195 195 187
-0.085577 -0.061358 0.958771 205 203 196
-0.084871 -0.055477 0.957739 138 134 122
-0.083102 -0.047913 0.957708 146 142 128
-0.080823 -0.039484 0.958135 148 143 129
-0.081762 -0.035993 0.955479 147 142 128
-0.082531 -0.032224 0.952980 146 142 126
-0.083365 -0.028545 0.950415 146 142 126
-0.084204 -0.024862 0.947841 144 142 127
-0.085015 -0.021123 0.945287 146 144 131
-0.085837 -0.017387 0.942720 147 145 132
-0.086642 -0.013609 0.940164 148 145 130
-0.087469 -0.009856 0.937582 186 179 156
-0.088328 -0.006141 0.934967 149 141 125
-0.089185 -0.002412 0.932349 153 145 128
-0.090037 0.001338 0.929731 179 173 154
-0.090891 0.005099 0.927107 68 65 52
-0.091828 0.008729 0.924403 122 103 81
-0.092824 0.012270 0.921644 130 100 82
-0.094014 0.015479 0.918709 130 99 78
-0.095326 0.018480 0.915667 131 98 77
-0.096678 0.021411 0.912588 124 92 73
-0.098179 0.024075 0.909380 117 83 65
-0.099149 0.027689 0.906632 104 71 53
-0.095923 0.038922 0.907489 129 135 141
-0.093000 0.049730 0.908040 122 131 153
-0.016506 -0.155210 1.104362 187 115 117
-0.023017 -0.157924 1.095438 145 85 86
-0.031081 -0.162458 1.084795 48 33 33
-0.035265 -0.162787 1.078564 46 46 46
-0.036661 -0.160029 1.075480 56 57 54
-0.038037 -0.157251 1.072418 145 141 128
-0.039466 -0.154535 1.069297 154 149 131
-0.040519 -0.151386 1.066596 150 148 130
-0.041594 -0.148258 1.063868 152 148 132
-0.042672 -0.145129 1.061136 143 138 124
-0.043785 -0.142037 1.058363 147 145 132
-0.044969 -0.139027 1.055511 147 145 132
-0.046239 -0.136118 1.052564 147 145 132
-0.047469 -0.133158 1.049661 146 144 132
-0.048772 -0.130287 1.046677 147 147 133
-0.050297 -0.127691 1.043453 144 144 132
-0.051849 -0.125132 1.040202 187 181 167
-0.053510 -0.122716 1.036835 154 149 133
-0.055036 -0.120136 1.033615 153 147 133
-0.056518 -0.117504 1.030444 155 149 135
-0.058093 -0.114997 1.027175 152 148 132
-0.059821 -0.112693 1.023747 150 148 131
-0.061804 -0.110734 1.020051 151 146 131
-0.063938 -0.108989 1.016202 151 147 131
-0.066217 -0.107454 1.012207 148 144 131
-0.068998 -0.106616 1.007695 191 193 185
-0.071621 -0.105597 1.003358 167 165 157
-0.074653 -0.105166 0.998608 157 156 146
-0.080122 -0.108129 0.991353 151 150 141
-0.083809 -0.108714 0.985964 186 189 182
-0.086168 -0.107494 0.981959 202 205 197
-0.087938 -0.105468 0.978563 209 213 204
-0.089159 -0.102674 0.975731 211 213 204
-0.090441 -0.099966 0.972836 212 214 205
-0.091629 -0.097123 0.970037 212 214 205
-0.092677 -0.094074 0.967379 212 214 205
-0.093634 -0.090887 0.964809 213 214 206
-0.094210 -0.087128 0.962617 209 208 201
-0.094438 -0.082834 0.960765 199 198 191
-0.092451 -0.075183 0.961095 188 187 179
-0.090851 -0.068040 0.961017 199 198 190
-0.090063 -0.062068 0.960118 205 203 196
-0.089686 -0.056679 0.958800 162 159 147
-0.088844 -0.050527 0.957919 146 141 126
-0.086455 -0.041900 0.958517 147 142 128
-0.087177 -0.038091 0.956086 147 142 128
-0.087811 -0.034126 0.953734 147 143 127
-0.088605 -0.030402 0.951222 146 142 126
-0.089394 -0.026656 0.948712 144 142 127
-0.090190 -0.022908 0.946190 147 145 132
-0.090996 -0.019162 0.943654 148 146 133
-0.091747 -0.015313 0.941164 148 146 133
-0.092553 -0.011539 0.938618 182 176 155
-0.093413 -0.007843 0.936018 154 146 128
-0.094253 -0.004100 0.933431 144 136 119
-0.095090 -0.000339 0.930843 145 138 123
-0.096008 0.003294 0.928175 140 136 123
-0.096921 0.006950 0.925509 68 66 57
-0.097857 0.010574 0.922817 128 101 80
-0.098896 0.014030 0.920030 129 100 79
-0.100036 0.017313 0.917148 132 99 78
-0.101447 0.020118 0.914024 123 93 73
-0.103023 0.022622 0.910755 117 86 67
-0.104348 0.025577 0.907710 95 68 51
-0.103393 0.032709 0.906657 118 116 126
-0.098395 0.047372 0.909095 159 177 206
-0.022010 -0.156250 1.104580 179 105 107
-0.029255 -0.159856 1.094750 141 84 84
-0.036863 -0.163982 1.084544 31 18 19
-0.040515 -0.163767 1.078887 45 43 44
-0.042187 -0.161345 1.075495 60 61 58
-0.043776 -0.158835 1.072199 155 150 134
-0.045046 -0.155961 1.069266 155 150 134
-0.046087 -0.152821 1.066589 148 145 128
-0.047049 -0.149581 1.064000 148 144 129
-0.048004 -0.146326 1.061416 141 136 122
-0.049042 -0.143164 1.058738 147 145 132
-0.050192 -0.140132 1.055933 147 145 132
-0.051457 -0.137237 1.052999 146 145 133
-0.052697 -0.134310 1.050093 146 144 131
-0.053940 -0.131387 1.047182 142 140 127
-0.055387 -0.128716 1.044049 147 145 130
-0.056864 -0.126086 1.040883 170 165 151
-0.058471 -0.123626 1.037575 151 145 131
-0.059998 -0.121069 1.034359 151 146 132
-0.061464 -0.118439 1.031209 152 147 133
-0.063038 -0.115952 1.027944 153 148 134
-0.064764 -0.113672 1.024518 152 147 132
-0.066770 -0.111770 1.020795 152 148 132
-0.068906 -0.110058 1.016939 152 148 132
-0.071097 -0.108440 1.013030 145 142 128
-0.073532 -0.107171 1.008870 194 195 189
-0.075892 -0.105826 1.004797 173 173 165
-0.078455 -0.104784 1.000521 158 156 148
-0.082249 -0.105486 0.994962 150 150 142
-0.086695 -0.107157 0.988742 155 156 149
-0.089758 -0.106947 0.983987 187 190 184
-0.091968 -0.105562 0.980130 199 198 192
-0.093473 -0.103186 0.977010 211 211 205
-0.094752 -0.100489 0.974123 208 209 201
-0.095946 -0.097669 0.971324 209 211 202
-0.097082 -0.094762 0.968583 211 211 203
-0.097910 -0.091395 0.966155 201 203 194
-0.098429 -0.087555 0.964036 199 198 191
-0.097965 -0.082216 0.962901 178 177 170
-0.095682 -0.074069 0.963579 199 198 190
-0.094751 -0.067908 0.962874 201 201 192
-0.094519 -0.062774 0.961455 204 203 196
-0.094587 -0.058067 0.959727 171 169 159
-0.093852 -0.052071 0.958779 146 142 126
-0.091894 -0.044090 0.959016 150 146 130
-0.092358 -0.039887 0.956856 150 145 130
-0.092950 -0.035870 0.954563 149 145 129
-0.093735 -0.032147 0.952078 146 142 126
-0.094507 -0.028390 0.949599 144 141 127
-0.095241 -0.024554 0.947154 146 144 131
-0.096010 -0.020763 0.944669 148 146 133
-0.096734 -0.016881 0.942222 148 146 133
-0.097524 -0.013096 0.939707 168 164 146
-0.098556 -0.009708 0.936958 179 172 151
-0.099409 -0.006004 0.934376 135 128 106
-0.100175 -0.002138 0.931870 150 145 127
-0.101092 0.001480 0.929219 148 143 123
-0.101996 0.005132 0.926575 152 146 127
-0.102942 0.008721 0.923889 80 70 66
-0.103886 0.012327 0.921202 122 103 90
-0.104763 0.016062 0.918572 129 99 80
-0.106066 0.019039 0.915552 125 96 76
-0.107809 0.021214 0.912135 109 82 66
-0.109356 0.023740 0.908899 71 52 44
-0.109399 0.029043 0.907001 77 66 78
-0.103744 0.045018 0.910130 124 142 178
-0.104196 0.049709 0.907818 121 142 172
-0.028027 -0.157909 1.104138 169 98 99
-0.035978 -0.162396 1.093414 165 111 108
-0.042242 -0.165108 1.084685 34 25 25
-0.045518 -0.164512 1.079436 52 51 52
-0.047562 -0.162541 1.075616 87 89 82
-0.049486 -0.160445 1.071939 151 148 135
-0.050841 -0.157696 1.068918 153 149 133
-0.051707 -0.154372 1.066454 153 149 134
-0.052564 -0.151029 1.063998 148 143 129
-0.053275 -0.147502 1.061703 147 142 128
-0.054159 -0.144172 1.059210 145 143 130
-0.055297 -0.141144 1.056427 147 145 132
-0.056512 -0.138206 1.053558 145 145 131
-0.057703 -0.135239 1.050713 145 143 132
-0.058937 -0.132322 1.047821 141 139 127
-0.060336 -0.129613 1.044744 146 142 126
-0.061784 -0.126967 1.041615 157 153 137
-0.063374 -0.124507 1.038329 151 146 130
-0.064905 -0.121977 1.035111 146 141 127
-0.066356 -0.119348 1.031981 151 146 132
-0.067917 -0.116867 1.028733 154 149 135
-0.069640 -0.114606 1.025311 153 149 134
-0.071605 -0.112680 1.021628 153 149 133
-0.073660 -0.110890 1.017853 153 149 133
-0.075733 -0.109139 1.014066 152 148 134
-0.078042 -0.107731 1.010030 193 193 189
-0.080182 -0.106113 1.006182 186 187 178
-0.082435 -0.104672 1.002221 162 160 152
-0.085192 -0.103961 0.997732 150 149 141
-0.088544 -0.104127 0.992624 148 148 141
-0.091863 -0.104293 0.987567 142 143 134
-0.094733 -0.103862 0.982999 176 174 167
-0.096887 -0.102429 0.979193 193 193 189
-0.098487 -0.100207 0.975973 194 195 191
-0.099768 -0.097521 0.973088 196 198 190
-0.100756 -0.094403 0.970505 195 197 188
-0.101290 -0.090596 0.968388 182 181 175
-0.100616 -0.084946 0.967507 181 180 172
-0.098647 -0.077277 0.967934 199 198 190
-0.098230 -0.071914 0.966752 199 198 191
-0.098510 -0.067585 0.964851 200 200 192
-0.098738 -0.063152 0.962992 205 203 196
-0.098996 -0.058739 0.961095 155 153 142
-0.098405 -0.052954 0.960040 150 145 130
-0.097048 -0.045898 0.959732 152 147 131
-0.097419 -0.041558 0.957685 151 147 131
-0.098039 -0.037599 0.955384 150 146 130
-0.098803 -0.033857 0.952935 145 141 125
-0.099581 -0.030124 0.950468 146 141 127
-0.100237 -0.026174 0.948115 147 145 132
-0.100949 -0.022302 0.945702 148 146 133
-0.101663 -0.018417 0.943281 150 148 135
-0.102506 -0.014735 0.940731 160 157 141
-0.103509 -0.011315 0.938024 189 185 162
-0.104418 -0.007724 0.935403 155 150 134
-0.105205 -0.003910 0.932894 152 147 130
-0.106142 -0.000345 0.930238 152 147 131
-0.107062 0.003262 0.927595 151 146 126
-0.108080 0.006705 0.924857 166 162 146
-0.109027 0.010285 0.922182 77 66 63
-0.109803 0.014185 0.919660 93 76 70
-0.110889 0.017534 0.916849 138 116 96
-0.112462 0.019993 0.913590 120 96 80
-0.114320 0.021915 0.910074 43 38 33
-0.114684 0.026617 0.907915 33 23 28
-0.109274 0.042240 0.910939 151 159 187
-0.109339 0.047654 0.908999 153 174 204
-0.042078 -0.164310 1.092708 164 120 117
-0.047793 -0.166480 1.084561 37 32 36
-0.050917 -0.165757 1.079467 49 47 51
-0.052878 -0.163719 1.075742 128 129 121
-0.055173 -0.162087 1.071633 139 135 122
-0.056695 -0.159562 1.068425 117 119 113
-0.057500 -0.156188 1.066047 128 128 120
-0.057993 -0.152430 1.064025 154 151 137
-0.058480 -0.148648 1.062004 149 144 130
-0.059167 -0.145094 1.059749 142 140 127
-0.060299 -0.142076 1.056982 145 145 133
-0.061503 -0.139144 1.054132 144 144 130
-0.062659 -0.136151 1.051336 144 144 130
-0.063879 -0.133234 1.048467 135 134 121
-0.065256 -0.130517 1.045420 150 147 131
-0.066683 -0.127866 1.042318 152 148 132
-0.068207 -0.125343 1.039109 151 146 129
-0.069707 -0.122795 1.035927 141 136 120
-0.071159 -0.120186 1.032801 151 146 132
-0.072679 -0.117673 1.029601 155 150 135
-0.074327 -0.115336 1.026260 154 150 135
-0.076218 -0.113336 1.022655 152 148 132
-0.078168 -0.111429 1.018990 150 146 130
-0.080133 -0.109558 1.015313 154 150 134
-0.082292 -0.107971 1.011431 159 158 154
-0.084298 -0.106191 1.007720 193 195 187
-0.086243 -0.104342 1.004082 186 185 177
-0.088481 -0.102924 1.000133 169 168 160
-0.090996 -0.101924 0.995894 151 150 142
-0.093596 -0.101077 0.991573 147 146 138
-0.096192 -0.100254 0.987268 144 143 135
-0.098634 -0.099238 0.983137 162 160 155
-0.100725 -0.097732 0.979386 144 141 136
-0.102369 -0.095579 0.976114 139 136 131
-0.102650 -0.091389 0.974276 169 167 161
-0.101898 -0.085610 0.973511 193 193 186
-0.101189 -0.079848 0.972685 198 197 190
-0.101367 -0.075402 0.970922 199 198 190
-0.101904 -0.071487 0.968779 199 198 191
-0.102483 -0.067617 0.966587 200 200 192
-0.102907 -0.063488 0.964547 206 206 198
-0.103080 -0.058936 0.962757 150 145 131
-0.102566 -0.053256 0.961656 152 146 130
-0.102076 -0.047568 0.960515 151 146 130
-0.102341 -0.043066 0.958597 150 146 130
-0.103014 -0.039204 0.956261 149 145 129
-0.103800 -0.035514 0.953806 148 144 128
-0.104540 -0.031732 0.951393 147 143 127
-0.105137 -0.027697 0.949116 149 144 131
-0.105823 -0.023791 0.946746 149 147 132
-0.106556 -0.019951 0.944324 152 150 137
-0.107328 -0.016162 0.941858 163 159 142
-0.108239 -0.012600 0.939252 187 182 159
-0.109247 -0.009196 0.936549 157 153 137
-0.110086 -0.005485 0.934005 154 149 133
-0.110986 -0.001870 0.931399 154 149 133
-0.111904 0.001724 0.928771 155 150 133
-0.112938 0.005120 0.926030 154 149 131
-0.113929 0.008604 0.923328 159 154 137
-0.114870 0.012188 0.920668 137 131 116
-0.115849 0.015712 0.917969 74 66 55
-0.117352 0.018271 0.914780 84 75 62
-0.119234 0.020112 0.911241 54 53 46
-0.119769 0.024487 0.908949 19 15 19
-0.114720 0.039532 0.911757 156 161 179
-0.114370 0.045737 0.910225 147 169 199
-0.047249 -0.165229 1.093022 154 115 112
-0.052921 -0.167420 1.084867 37 34 36
-0.056183 -0.166897 1.079591 49 47 47
-0.058410 -0.165202 1.075548 146 146 135
-0.060758 -0.163668 1.071370 134 130 117
-0.062224 -0.161104 1.068233 71 76 76
-0.062973 -0.157683 1.065935 62 68 71
-0.063531 -0.154018 1.063858 143 142 130
-0.063743 -0.149916 1.062176 150 145 131
-0.064286 -0.146198 1.060105 138 137 125
-0.065273 -0.143019 1.057515 145 145 133
-0.066461 -0.140086 1.054691 145 145 133
-0.067591 -0.137077 1.051933 144 144 130
-0.068799 -0.134164 1.049085 131 130 116
-0.070144 -0.131426 1.046080 150 147 129
-0.071536 -0.128750 1.043022 141 138 118
-0.072976 -0.126140 1.039910 140 135 115
-0.074434 -0.123556 1.036779 133 128 111
-0.075902 -0.120990 1.033638 142 137 120
-0.077437 -0.118518 1.030423 149 144 128
-0.079020 -0.116116 1.027156 149 144 128
-0.080770 -0.113949 1.023705 148 144 128
-0.082540 -0.111821 1.020235 149 145 129
-0.084401 -0.109830 1.016668 154 149 134
-0.086387 -0.108027 1.012968 141 135 123
-0.088511 -0.106434 1.009121 194 195 191
-0.090390 -0.104514 1.005548 192 193 186
-0.092346 -0.102717 1.001898 189 190 184
-0.094415 -0.101101 0.998129 182 182 175
-0.096415 -0.099404 0.994440 173 174 165
-0.098229 -0.097450 0.990959 169 166 158
-0.099801 -0.095151 0.987743 171 168 160
-0.101073 -0.092411 0.984853 175 174 166
-0.102028 -0.089195 0.982300 187 186 180
-0.102910 -0.085860 0.979823 195 195 189
-0.103724 -0.082412 0.977416 196 195 188
-0.104565 -0.078993 0.974976 196 195 189
-0.105230 -0.075292 0.972718 198 197 189
-0.105832 -0.071476 0.970521 199 198 191
-0.106537 -0.067806 0.968211 202 201 194
-0.106932 -0.063629 0.966218 186 184 176
-0.106987 -0.058881 0.964572 155 150 135
-0.106852 -0.053796 0.963110 149 145 129
-0.106867 -0.048918 0.961483 149 145 129
-0.107131 -0.044417 0.959589 153 149 133
-0.107805 -0.040568 0.957269 152 148 132
-0.108557 -0.036832 0.954865 151 145 129
-0.109229 -0.032949 0.952536 147 143 127
-0.109888 -0.029027 0.950214 147 142 129
-0.110577 -0.025138 0.947857 146 144 129
-0.111266 -0.021233 0.945495 155 150 136
-0.111956 -0.017312 0.943126 158 154 136
-0.112792 -0.013630 0.940607 186 180 157
-0.113724 -0.010106 0.937990 163 158 142
-0.114678 -0.006611 0.935347 156 151 135
-0.115651 -0.003138 0.932683 155 150 134
-0.116586 0.000412 0.930052 156 151 133
-0.117589 0.003849 0.927352 155 150 132
-0.118591 0.007298 0.924650 156 151 133
-0.119604 0.010733 0.921935 154 149 131
-0.120602 0.014208 0.919231 157 152 134
-0.122036 0.016869 0.916112 188 181 163
-0.123939 0.018638 0.912553 84 83 77
-0.124546 0.022867 0.910212 29 23 28
-0.121232 0.034677 0.911513 189 146 156
-0.119263 0.044016 0.911524 204 159 169
-0.052484 -0.166267 1.093199 151 110 107
-0.057990 -0.168337 1.085184 35 34 35
-0.061077 -0.167653 1.080095 48 45 46
-0.063347 -0.166037 1.075993 150 147 137
-0.065602 -0.164424 1.071915 124 121 109
-0.066967 -0.161759 1.068902 134 118 111
-0.067618 -0.158229 1.066734 96 91 86
-0.068188 -0.154587 1.064657 154 149 135
-0.068609 -0.150745 1.062752 151 146 132
-0.069142 -0.147026 1.060708 151 149 137
-0.070090 -0.143812 1.058175 141 141 129
-0.071247 -0.140856 1.055395 145 145 133
-0.072362 -0.137845 1.052662 140 140 126
-0.073577 -0.134958 1.049813 139 137 121
-0.074897 -0.132206 1.046842 146 142 125
-0.076220 -0.129459 1.043868 142 138 118
-0.077603 -0.126793 1.040824 140 135 115
-0.079024 -0.124179 1.037739 143 135 116
-0.080469 -0.121600 1.034627 143 135 117
-0.081991 -0.119132 1.031427 150 142 125
-0.083546 -0.116712 1.028193 150 144 126
-0.085217 -0.114459 1.024830 149 144 126
-0.086874 -0.112195 1.021485 148 143 127
-0.088585 -0.110016 1.018082 151 146 130
-0.090420 -0.108023 1.014544 155 149 135
-0.092468 -0.106346 1.010772 147 141 133
-0.094497 -0.104660 1.007028 193 195 188
-0.096312 -0.102682 1.003526 193 195 188
-0.098078 -0.100645 1.000083 192 193 186
-0.099793 -0.098547 0.996699 191 193 184
-0.101279 -0.096118 0.993571 191 193 184
-0.102591 -0.093434 0.990635 191 190 185
-0.103836 -0.090651 0.987772 194 193 188
-0.105071 -0.087853 0.984919 194 193 188
-0.106361 -0.085137 0.982007 194 193 188
-0.107459 -0.082126 0.979302 195 195 187
-0.108321 -0.078743 0.976849 195 195 187
-0.109082 -0.075191 0.974501 198 197 189
-0.109849 -0.071635 0.972142 201 201 193
-0.110413 -0.067743 0.969994 199 197 190
-0.110572 -0.063181 0.968268 152 146 134
-0.110791 -0.058687 0.966469 153 149 133
-0.111048 -0.054227 0.964623 151 147 131
-0.111296 -0.049726 0.962777 152 148 132
-0.111763 -0.045562 0.960694 153 149 134
-0.112457 -0.041756 0.958369 151 147 133
-0.113156 -0.037943 0.956034 155 144 130
-0.113805 -0.034029 0.953745 170 145 129
-0.114480 -0.030141 0.951424 146 132 119
-0.115225 -0.026359 0.949026 149 143 127
-0.115927 -0.022486 0.946667 156 151 137
-0.116601 -0.018546 0.944331 151 147 131
-0.117419 -0.014845 0.941844 186 180 157
-0.118339 -0.011313 0.939251 179 174 156
-0.119323 -0.007885 0.936591 158 152 138
-0.120343 -0.004512 0.933893 156 151 135
-0.121322 -0.001056 0.931232 156 151 134
-0.122308 0.002396 0.928561 155 150 132
-0.123287 0.005870 0.925894 159 151 134
-0.124285 0.009318 0.923205 152 144 127
-0.125388 0.012577 0.920411 159 152 135
-0.126768 0.015317 0.917351 173 168 149
-0.128588 0.017208 0.913868 114 118 106
-0.129070 0.021672 0.911665 31 29 32
-0.126766 0.031591 0.912091 185 123 126
-0.124278 0.041984 0.912655 221 148 151
-0.057594 -0.167210 1.093465 144 108 107
-0.063478 -0.169793 1.084934 36 35 36
-0.065966 -0.168444 1.080551 47 44 43
-0.068101 -0.166697 1.076604 155 150 143
-0.070051 -0.164745 1.072884 106 101 93
-0.071360 -0.162029 1.069940 151 139 133
-0.072051 -0.158553 1.067739 137 113 110
-0.072498 -0.154764 1.065825 152 146 132
-0.073133 -0.151193 1.063681 152 148 133
-0.073808 -0.147657 1.061485 151 149 134
-0.074782 -0.144489 1.058931 139 139 127
-0.075911 -0.141514 1.056191 141 143 130
-0.077036 -0.138530 1.053455 130 130 116
-0.078260 -0.135670 1.050602 148 144 127
-0.079547 -0.132894 1.047674 150 146 130
-0.080834 -0.130117 1.044747 143 138 118
-0.082205 -0.127452 1.041722 143 136 114
-0.083576 -0.124791 1.038697 144 136 117
-0.084972 -0.122166 1.035644 144 136 117
-0.086451 -0.119656 1.032496 143 135 116
-0.087987 -0.117230 1.029284 148 142 124
-0.089602 -0.114920 1.025984 148 143 125
-0.091189 -0.112578 1.022719 148 143 127
-0.092779 -0.110249 1.019451 149 144 129
-0.094415 -0.107993 1.016134 152 146 132
-0.096282 -0.106077 1.012559 153 147 133
-0.098296 -0.104390 1.008822 157 153 144
-0.100237 -0.102613 1.005173 192 192 185
-0.101981 -0.100562 1.001750 194 195 189
-0.103529 -0.098232 0.998549 192 195 188
-0.104973 -0.095753 0.995466 192 193 187
-0.106288 -0.093082 0.992528 194 193 188
-0.107570 -0.090363 0.989627 194 193 188
-0.108824 -0.087602 0.986756 194 193 188
-0.110041 -0.084782 0.983927 193 193 187
-0.111129 -0.081760 0.981239 195 195 187
-0.112016 -0.078418 0.978767 198 198 190
-0.112847 -0.074978 0.976352 201 201 195
-0.113575 -0.071361 0.974046 192 193 186
-0.113859 -0.067012 0.972215 149 145 133
-0.114195 -0.062724 0.970318 153 148 133
-0.114677 -0.058651 0.968257 150 145 131
-0.115176 -0.054585 0.966173 150 147 132
-0.115658 -0.050470 0.964099 153 150 135
-0.116257 -0.046529 0.961896 155 151 135
-0.116944 -0.042720 0.959594 153 151 136
-0.117634 -0.038900 0.957283 159 140 122
-0.118334 -0.035080 0.954958 165 134 118
-0.119072 -0.031310 0.952587 173 140 119
-0.119874 -0.027637 0.950145 157 148 134
-0.120615 -0.023842 0.947763 157 152 138
-0.121329 -0.019984 0.945403 147 143 127
-0.122140 -0.016284 0.942938 186 180 157
-0.123017 -0.012689 0.940402 188 182 160
-0.123976 -0.009231 0.937779 158 152 137
-0.124963 -0.005815 0.935125 156 151 135
-0.125959 -0.002405 0.932460 155 150 134
-0.126968 0.000989 0.929778 156 151 133
-0.127972 0.004400 0.927098 159 151 134
-0.128954 0.007864 0.924438 159 151 134
-0.130020 0.011175 0.921692 158 150 131
-0.131422 0.013848 0.918615 165 159 139
-0.133237 0.015715 0.915136 135 131 117
-0.133705 0.020203 0.912968 33 32 33
-0.131947 0.029100 0.912934 165 103 104
-0.129344 0.039774 0.913680 220 148 151
-0.130356 0.043335 0.910942 222 150 153
-0.062329 -0.167757 1.094133 135 112 115
-0.068343 -0.170565 1.085378 29 32 33
-0.070753 -0.169156 1.081077 58 55 55
-0.072634 -0.167131 1.077433 147 144 134
-0.074110 -0.164626 1.074287 146 143 130
-0.075122 -0.161554 1.071708 147 145 131
-0.075909 -0.158199 1.069400 156 152 140
-0.076758 -0.154911 1.067014 155 150 136
-0.077612 -0.151619 1.064620 156 150 136
-0.078452 -0.148302 1.062239 154 149 135
-0.079455 -0.145184 1.059661 149 147 133
-0.080527 -0.142150 1.056997 138 136 124
-0.081611 -0.139127 1.054318 148 144 127
-0.082824 -0.136270 1.051482 149 145 127
-0.084090 -0.133482 1.048585 149 145 129
-0.085372 -0.130715 1.045669 149 144 126
-0.086728 -0.128048 1.042665 144 138 119
-0.088063 -0.125354 1.039686 143 135 116
-0.089395 -0.122659 1.036711 142 134 115
-0.090831 -0.120107 1.033616 141 133 114
-0.092360 -0.117692 1.030412 147 140 122
-0.093949 -0.115364 1.027142 148 144 128
-0.095518 -0.113017 1.023896 151 146 130
-0.097090 -0.110681 1.020649 149 144 129
-0.098600 -0.108264 1.017476 154 149 135
-0.100245 -0.106047 1.014151 151 146 132
-0.102023 -0.104037 1.010674 152 147 133
-0.103868 -0.102135 1.007127 150 144 136
-0.105596 -0.100076 1.003716 173 173 167
-0.107217 -0.097866 1.000431 192 192 188
-0.108650 -0.095380 0.997360 194 198 191
-0.109977 -0.092738 0.994410 195 198 189
-0.111257 -0.090024 0.991513 196 198 189
-0.112505 -0.087261 0.988652 198 198 190
-0.113698 -0.084411 0.985853 199 200 193
-0.114744 -0.081329 0.983215 209 211 204
-0.115617 -0.077965 0.980768 205 206 197
-0.116321 -0.074320 0.978503 171 166 157
-0.116776 -0.070258 0.976506 153 146 135
-0.117246 -0.066199 0.974487 150 144 130
-0.117871 -0.062374 0.972292 148 142 128
-0.118574 -0.058661 0.970008 151 146 132
-0.119303 -0.054976 0.967691 154 149 135
-0.119991 -0.051208 0.965413 158 153 139
-0.120640 -0.047357 0.963172 156 153 139
-0.121300 -0.043509 0.960914 147 141 125
-0.122045 -0.039790 0.958560 151 123 107
-0.122842 -0.036146 0.956147 157 125 108
-0.123644 -0.032498 0.953724 158 131 112
-0.124496 -0.028924 0.951245 156 151 134
-0.125267 -0.025195 0.948845 156 152 136
-0.125984 -0.021353 0.946498 153 149 133
-0.126787 -0.017650 0.944057 187 182 159
-0.127636 -0.014017 0.941564 192 185 163
-0.128585 -0.010555 0.938964 159 152 137
-0.129547 -0.007109 0.936347 156 151 135
-0.130569 -0.003763 0.933667 156 151 133
-0.131622 -0.000467 0.930952 156 151 133
-0.132633 0.002913 0.928277 157 151 133
-0.133570 0.006447 0.925674 158 150 133
-0.134589 0.009831 0.922986 157 149 131
-0.136024 0.012417 0.919882 160 153 132
-0.137727 0.014472 0.916513 116 109 97
-0.138350 0.018649 0.914212 39 36 36
-0.136823 0.027132 0.914011 160 108 106
-0.134281 0.037743 0.914771 226 152 157
-0.135223 0.041423 0.912113 221 149 152
-0.066651 -0.167851 1.095269 130 122 124
-0.072432 -0.170451 1.086733 26 31 26
-0.075278 -0.169593 1.081876 44 50 46
-0.077379 -0.167859 1.077954 120 122 111
-0.078469 -0.164900 1.075288 144 143 130
-0.079209 -0.161502 1.073052 151 150 133
-0.080178 -0.158379 1.070531 156 152 136
-0.081144 -0.155246 1.068013 156 152 137
-0.082060 -0.152043 1.065554 155 149 135
-0.082939 -0.148785 1.063137 152 147 133
-0.083944 -0.145682 1.060564 146 144 131
-0.085018 -0.142664 1.057906 142 140 126
-0.086134 -0.139696 1.055195 150 146 128
-0.087356 -0.136866 1.052356 151 146 128
-0.088600 -0.134065 1.049489 151 147 131
-0.089822 -0.131233 1.046650 152 148 132
-0.091126 -0.128512 1.043712 148 144 127
-0.092414 -0.125770 1.040793 149 141 124
-0.093665 -0.122979 1.037918 149 141 122
-0.095055 -0.120380 1.034878 147 138 121
-0.096569 -0.117958 1.031693 146 137 121
-0.098133 -0.115615 1.028450 151 145 131
-0.099703 -0.113286 1.025203 154 149 133
-0.101251 -0.110933 1.021984 154 150 134
-0.102796 -0.108583 1.018770 154 150 134
-0.104355 -0.106261 1.015542 153 148 134
-0.105898 -0.103923 1.012334 153 148 134
-0.107472 -0.101636 1.009094 153 148 134
-0.109079 -0.099408 1.005818 152 147 133
-0.110617 -0.097083 1.002623 141 137 123
-0.112103 -0.094687 0.999490 143 145 133
-0.113558 -0.092248 0.996394 162 164 152
-0.114929 -0.089683 0.993396 172 172 163
-0.116214 -0.086986 0.990495 172 172 163
-0.117417 -0.084161 0.987687 175 172 159
-0.118337 -0.080881 0.985199 156 152 140
-0.119098 -0.077338 0.982885 152 146 133
-0.119724 -0.073564 0.980717 156 147 132
-0.120337 -0.069749 0.978561 148 140 125
-0.121033 -0.066056 0.976306 148 139 126
-0.121859 -0.062563 0.973903 154 148 134
-0.122661 -0.059019 0.971522 155 150 137
-0.123498 -0.055521 0.969100 160 155 143
-0.124330 -0.052003 0.966679 159 154 140
-0.125015 -0.048219 0.964415 160 154 141
-0.125742 -0.044494 0.962099 135 111 101
-0.126621 -0.041018 0.959615 145 116 101
-0.127511 -0.037548 0.957117 143 112 99
-0.128347 -0.033973 0.954672 154 140 122
-0.129256 -0.030517 0.952145 157 152 136
-0.130055 -0.026851 0.949733 160 155 139
-0.130754 -0.022989 0.947422 162 158 142
-0.131482 -0.019163 0.945076 184 179 158
-0.132362 -0.015603 0.942563 192 185 161
-0.133321 -0.012175 0.939967 172 165 145
-0.134266 -0.008714 0.937380 155 150 133
-0.135249 -0.005313 0.934752 156 151 133
-0.136275 -0.001985 0.932077 158 153 135
-0.137277 0.001397 0.929423 157 152 134
-0.138246 0.004851 0.926800 157 150 132
-0.139281 0.008189 0.924108 136 128 114
-0.140699 0.010779 0.921025 154 145 130
-0.142345 0.012915 0.917715 125 120 107
-0.143021 0.016976 0.915379 34 34 32
-0.141502 0.025483 0.915226 160 115 114
-0.139014 0.036048 0.916005 221 148 152
-0.140021 0.039579 0.913297 219 147 150
-0.070706 -0.167655 1.096702 116 126 134
-0.076975 -0.170910 1.087484 27 29 29
-0.079826 -0.170095 1.082600 42 47 47
-0.081926 -0.168386 1.078671 90 95 91
-0.082974 -0.165388 1.076065 145 144 127
-0.083524 -0.161760 1.074080 152 151 132
-0.084431 -0.158570 1.071644 155 151 135
-0.085423 -0.155479 1.069103 156 152 136
-0.086360 -0.152312 1.066626 155 150 136
-0.087281 -0.149118 1.064167 153 148 134
-0.088269 -0.146003 1.061624 144 142 129
-0.089321 -0.142967 1.059000 152 150 136
-0.090524 -0.140127 1.056190 147 143 129
-0.091752 -0.137320 1.053349 155 150 134
-0.092978 -0.134510 1.050509 155 151 135
-0.094194 -0.131684 1.047682 155 151 135
-0.095486 -0.128962 1.044762 153 149 133
-0.096747 -0.126199 1.041880 151 146 128
-0.097983 -0.123399 1.039028 150 143 126
-0.099317 -0.120739 1.036057 150 141 124
-0.100730 -0.118192 1.032993 142 135 119
-0.102215 -0.115751 1.029845 139 133 119
-0.103786 -0.113443 1.026594 147 142 126
-0.105334 -0.111106 1.023374 154 150 134
-0.106907 -0.108814 1.020126 154 150 134
-0.108466 -0.106509 1.016898 154 149 134
-0.109913 -0.104044 1.013803 154 149 134
-0.111341 -0.101554 1.010731 153 148 134
-0.112752 -0.099044 1.007681 152 147 133
-0.114127 -0.096481 1.004675 152 148 132
-0.115529 -0.093964 1.001638 153 149 133
-0.116857 -0.091335 0.998687 155 151 135
-0.118197 -0.088727 0.995723 152 147 134
-0.119505 -0.086070 0.992796 153 148 135
-0.120679 -0.083201 0.990024 151 146 132
-0.121667 -0.080029 0.987463 154 148 134
-0.122562 -0.076698 0.985007 151 145 131
-0.123395 -0.073257 0.982618 150 144 129
-0.124241 -0.069827 0.980210 150 143 130
-0.125079 -0.066371 0.977808 155 148 134
-0.125985 -0.063018 0.975327 156 151 137
-0.126870 -0.059620 0.972866 160 155 142
-0.127745 -0.056195 0.970413 160 155 143
-0.128573 -0.052677 0.968009 157 151 137
-0.129296 -0.048966 0.965717 138 114 103
-0.130155 -0.045478 0.963271 131 106 97
-0.131111 -0.042148 0.960715 136 108 93
-0.132007 -0.038703 0.958222 136 114 101
-0.132832 -0.035121 0.955803 160 152 136
-0.133769 -0.031727 0.953259 154 149 133
-0.134585 -0.028104 0.950842 160 155 139
-0.135292 -0.024265 0.948539 164 160 144
-0.136052 -0.020509 0.946174 176 172 153
-0.136850 -0.016808 0.943764 191 184 161
-0.137835 -0.013445 0.941150 186 178 157
-0.138781 -0.009998 0.938575 156 149 130
-0.139749 -0.006585 0.935974 158 153 135
-0.140756 -0.003235 0.933330 158 153 135
-0.141753 0.000141 0.930692 158 153 135
-0.142751 0.003526 0.928051 159 151 134
-0.143832 0.006755 0.925322 117 111 97
-0.145251 0.009319 0.922243 148 143 130
-0.146869 0.011480 0.918963 98 92 87
-0.147624 0.015373 0.916563 32 28 25
-0.146093 0.023945 0.916478 158 119 115
-0.143667 0.034446 0.917267 220 149 152
-0.144725 0.037858 0.914522 220 148 151
-0.074395 -0.167038 1.098575 104 117 133
-0.081288 -0.171127 1.088480 19 18 22
-0.084224 -0.170449 1.083467 37 44 44
-0.086264 -0.168691 1.079604 57 64 63
-0.087342 -0.165742 1.076967 147 146 128
-0.087768 -0.161963 1.075155 145 144 125
-0.088613 -0.158702 1.072808 157 153 137
-0.089664 -0.155696 1.070200 156 152 137
-0.090650 -0.152601 1.067671 155 150 136
-0.091588 -0.149439 1.065201 140 138 123
-0.092541 -0.146288 1.062710 153 150 135
-0.093584 -0.143251 1.060104 154 152 137
-0.094793 -0.140433 1.057292 150 147 132
-0.096002 -0.137613 1.054478 152 148 132
-0.097236 -0.134827 1.051634 155 150 136
-0.098428 -0.131982 1.048841 155 151 135
-0.099679 -0.129217 1.045975 153 151 134
-0.100898 -0.126408 1.043148 153 149 132
-0.102150 -0.123644 1.040281 151 146 130
-0.103503 -0.121024 1.037291 149 142 127
-0.104880 -0.118441 1.034272 149 143 127
-0.106328 -0.115965 1.031167 136 132 110
-0.107872 -0.113633 1.027949 139 134 118
-0.109427 -0.111325 1.024719 150 146 130
-0.111027 -0.109091 1.021438 154 149 134
-0.112615 -0.106847 1.018173 154 150 135
-0.114049 -0.104378 1.015095 154 150 134
-0.115444 -0.101855 1.012064 154 149 135
-0.116775 -0.099238 1.009109 153 148 134
-0.118048 -0.096531 1.006225 153 149 133
-0.119348 -0.093868 1.003309 153 149 133
-0.120564 -0.091075 1.000491 154 150 134
-0.121799 -0.088310 0.997651 152 148 132
-0.123060 -0.085586 0.994781 153 149 133
-0.124246 -0.082740 0.991999 152 148 132
-0.125296 -0.079672 0.989373 153 147 133
-0.126284 -0.076497 0.986817 153 147 133
-0.127256 -0.073288 0.984278 154 149 135
-0.128212 -0.070044 0.981754 156 151 137
-0.129099 -0.066677 0.979307 157 152 138
-0.130006 -0.063333 0.976835 160 155 141
-0.130915 -0.059983 0.974356 157 152 141
-0.131832 -0.056636 0.971867 154 147 132
-0.132692 -0.053181 0.969438 142 114 98
-0.133517 -0.049653 0.967046 155 120 100
-0.134444 -0.046293 0.964536 128 103 92
-0.135396 -0.042968 0.961995 125 103 93
-0.136274 -0.039501 0.959534 160 151 136
-0.137125 -0.035975 0.957098 156 152 136
-0.138080 -0.032625 0.954546 158 153 137
-0.138921 -0.029056 0.952115 160 156 140
-0.139698 -0.025355 0.949750 165 161 146
-0.140543 -0.021767 0.947307 160 158 141
-0.141277 -0.017958 0.944981 191 184 162
-0.142231 -0.014549 0.942412 188 180 159
-0.143200 -0.011159 0.939824 159 153 135
-0.144165 -0.007752 0.937238 156 151 133
-0.145151 -0.004378 0.934626 157 152 134
-0.146127 -0.000972 0.932023 154 149 131
-0.147135 0.002378 0.929382 160 148 133
-0.148270 0.005485 0.926606 205 190 185
-0.149714 0.007974 0.923505 160 155 139
-0.151298 0.010173 0.920259 86 81 75
-0.151853 0.014468 0.918084 44 31 28
-0.150204 0.023330 0.918175 141 103 100
-0.148261 0.032899 0.918539 221 150 153
-0.149293 0.036347 0.915832 220 149 150
-0.077976 -0.166303 1.100569 62 77 80
-0.086002 -0.171869 1.088917 37 34 35
-0.088751 -0.170999 1.084122 33 41 41
-0.090919 -0.169428 1.080087 50 57 54
-0.091962 -0.166451 1.077503 149 151 133
-0.092312 -0.162580 1.075807 147 146 127
-0.093013 -0.159144 1.073656 155 151 135
-0.094024 -0.156100 1.071105 156 151 137
-0.095007 -0.153013 1.068589 144 142 127
-0.095944 -0.149860 1.066130 152 150 135
-0.096906 -0.146732 1.063637 154 150 136
-0.097982 -0.143751 1.060998 156 152 137
-0.099142 -0.140881 1.058253 156 153 137
-0.100334 -0.138052 1.055466 148 144 128
-0.101557 -0.135266 1.052639 155 150 136
-0.102691 -0.132353 1.049925 156 152 136
-0.103882 -0.129519 1.047137 156 151 137
-0.105078 -0.126690 1.044344 155 151 135
-0.106330 -0.123939 1.041481 154 150 134
-0.107693 -0.121350 1.038480 152 148 132
-0.109095 -0.118819 1.035433 150 145 129
-0.110509 -0.116310 1.032371 146 141 121
-0.112013 -0.113937 1.029201 140 135 119
-0.113566 -0.111644 1.025973 136 134 117
-0.115167 -0.109431 1.022688 147 143 126
-0.116767 -0.107224 1.019408 151 148 133
-0.118154 -0.104701 1.016387 154 149 134
-0.119475 -0.102080 1.013447 153 148 134
-0.120755 -0.099398 1.010556 153 148 134
-0.121979 -0.096627 1.007734 153 149 133
-0.123246 -0.093924 1.004860 153 149 133
-0.124468 -0.091151 1.002039 154 150 134
-0.125696 -0.088386 0.999211 154 149 135
-0.126912 -0.085601 0.996397 153 149 133
-0.128105 -0.082777 0.993611 152 148 132
-0.129203 -0.079796 0.990935 153 149 134
-0.130241 -0.076710 0.988328 154 149 135
-0.131252 -0.073574 0.985752 156 151 136
-0.132252 -0.070413 0.983186 156 151 138
-0.133201 -0.067158 0.980677 155 150 138
-0.134104 -0.063816 0.978219 148 146 133
-0.135035 -0.060512 0.975726 141 130 118
-0.135947 -0.057165 0.973253 137 109 96
-0.136824 -0.053748 0.970816 142 108 94
-0.137767 -0.050436 0.968302 129 101 90
-0.138744 -0.047177 0.965745 124 102 88
-0.139704 -0.043879 0.963206 155 146 132
-0.140626 -0.040502 0.960707 155 151 135
-0.141558 -0.037133 0.958194 156 151 137
-0.142542 -0.033852 0.955620 159 154 138
-0.143425 -0.030372 0.953157 162 156 139
-0.144262 -0.026797 0.950740 165 160 144
-0.145097 -0.023202 0.948323 163 161 145
-0.145811 -0.019367 0.946033 189 182 161
-0.146694 -0.015836 0.943555 191 182 160
-0.147663 -0.012461 0.940980 159 154 134
-0.148678 -0.009167 0.938350 154 149 131
-0.149674 -0.005828 0.935739 155 150 132
-0.150667 -0.002471 0.933130 155 150 132
-0.151692 0.000828 0.930483 160 153 136
-0.152894 0.003779 0.927644 92 88 77
-0.154327 0.006261 0.924558 181 173 149
-0.155729 0.008803 0.921508 70 70 63
-0.156122 0.013428 0.919523 80 65 63
-0.154316 0.022667 0.919836 145 101 100
-0.152795 0.031412 0.919823 223 152 155
-0.153867 0.034757 0.917086 224 152 153
-0.081404 -0.165392 1.102747 31 36 45
-0.089566 -0.171219 1.090806 91 90 95
-0.093470 -0.171829 1.084478 31 38 37
-0.095467 -0.170073 1.080655 44 53 49
-0.096586 -0.167207 1.077980 133 136 123
-0.096730 -0.163076 1.076572 152 149 131
-0.097380 -0.159582 1.074500 150 145 130
-0.098310 -0.156442 1.072063 142 140 125
-0.099266 -0.153331 1.069590 154 150 135
-0.100188 -0.150166 1.067160 155 152 136
-0.101137 -0.147031 1.064693 155 151 136
-0.102211 -0.144060 1.062062 155 151 135
-0.103339 -0.141157 1.059363 157 153 137
-0.104449 -0.138229 1.056685 157 153 136
-0.105626 -0.135389 1.053922 150 145 130
-0.106717 -0.132428 1.051267 157 152 137
-0.107862 -0.129538 1.048543 158 153 139
-0.109034 -0.126685 1.045784 157 153 138
-0.110283 -0.123943 1.042927 156 152 137
-0.111632 -0.121344 1.039946 156 152 136
-0.113032 -0.118824 1.036901 151 147 131
-0.114455 -0.116342 1.033829 149 145 128
-0.115918 -0.113923 1.030709 148 143 127
-0.117412 -0.111557 1.027551 144 139 122
-0.118975 -0.109302 1.024310 136 130 109
-0.120558 -0.107086 1.021047 140 135 119
-0.121975 -0.104622 1.017990 146 142 127
-0.123326 -0.102058 1.015015 150 145 131
-0.124662 -0.099475 1.012058 151 146 132
-0.125884 -0.096713 1.009242 153 148 132
-0.127113 -0.093960 1.006418 154 149 133
-0.128321 -0.091175 1.003617 154 149 134
-0.129553 -0.088427 1.000788 154 150 134
-0.130748 -0.085619 0.998003 153 151 135
-0.131918 -0.082767 0.995248 151 148 132
-0.133053 -0.079856 0.992534 152 148 131
-0.134162 -0.076897 0.989850 153 149 133
-0.135185 -0.073789 0.987267 154 149 133
-0.136174 -0.070618 0.984721 150 146 131
-0.137166 -0.067443 0.982172 139 133 121
-0.138117 -0.064191 0.979667 119 108 103
-0.139056 -0.060909 0.977175 131 104 94
-0.140009 -0.057642 0.974664 144 114 102
-0.140968 -0.054377 0.972143 130 103 89
-0.141875 -0.051011 0.969680 129 109 95
-0.142812 -0.047690 0.967179 156 148 133
-0.143821 -0.044488 0.964594 155 150 136
-0.144882 -0.041378 0.961945 157 152 137
-0.145888 -0.038157 0.959359 158 153 139
-0.146891 -0.034925 0.956773 159 154 138
-0.147814 -0.031534 0.954277 160 155 138
-0.148697 -0.028055 0.951822 165 161 143
-0.149513 -0.024437 0.949440 168 165 148
-0.150269 -0.020689 0.947120 186 179 159
-0.151144 -0.017158 0.944663 193 184 161
-0.152113 -0.013798 0.942099 175 168 148
-0.153142 -0.010547 0.939465 159 154 136
-0.154136 -0.007220 0.936868 152 145 126
-0.155074 -0.003769 0.934330 155 149 130
-0.156107 -0.000503 0.931684 159 151 133
-0.157382 0.002279 0.928774 150 144 122
-0.158906 0.004549 0.925595 187 180 161
-0.160229 0.007225 0.922633 37 37 38
-0.160456 0.012195 0.920849 136 118 118
-0.158183 0.022475 0.921725 163 118 117
-0.157288 0.029944 0.921100 223 152 154
-0.158407 0.033170 0.918323 221 149 152
-0.084601 -0.164201 1.105221 67 63 57
-0.092215 -0.169427 1.093892 108 113 128
-0.097435 -0.171744 1.085775 23 26 25
-0.099798 -0.170478 1.081459 43 49 46
-0.101266 -0.168079 1.078329 78 82 77
-0.101471 -0.164032 1.076865 153 151 134
-0.101806 -0.160133 1.075222 144 141 125
-0.102593 -0.156816 1.072982 155 152 138
-0.103529 -0.153687 1.070544 153 149 134
-0.104460 -0.150545 1.068112 154 150 133
-0.105396 -0.147402 1.065670 155 151 135
-0.106413 -0.144365 1.063121 155 151 135
-0.107430 -0.141320 1.060572 157 153 137
-0.108442 -0.138265 1.058026 157 153 137
-0.109531 -0.135312 1.055381 156 152 136
-0.110568 -0.132282 1.052800 149 146 131
-0.111682 -0.129356 1.050121 158 153 139
-0.112870 -0.126535 1.047345 156 153 138
-0.114159 -0.123860 1.044441 155 152 137
-0.115505 -0.121270 1.041464 154 150 134
-0.116885 -0.118733 1.038445 153 149 133
-0.118265 -0.116198 1.035427 151 147 131
-0.119658 -0.113688 1.032393 149 145 129
-0.121096 -0.111250 1.029305 147 143 127
-0.122543 -0.108829 1.026206 146 141 123
-0.123963 -0.106373 1.023142 142 137 119
-0.125344 -0.103861 1.020128 139 134 115
-0.126836 -0.101527 1.016977 142 135 118
-0.128314 -0.099177 1.013846 144 137 122
-0.129658 -0.096618 1.010882 146 139 121
-0.130971 -0.094012 1.007956 149 142 125
-0.132211 -0.091290 1.005120 148 143 128
-0.133468 -0.088594 1.002265 150 146 130
-0.134703 -0.085863 0.999435 150 147 131
-0.135883 -0.083039 0.996673 149 145 127
-0.136992 -0.080096 0.993996 142 137 119
-0.138083 -0.077118 0.991339 144 139 120
-0.139128 -0.074055 0.988738 141 131 111
-0.140129 -0.070913 0.986186 131 117 98
-0.141148 -0.067793 0.983613 128 108 97
-0.142138 -0.064617 0.981071 126 105 96
-0.143097 -0.061378 0.978564 131 105 94
-0.144085 -0.058184 0.976020 132 108 97
-0.145068 -0.054973 0.973481 146 128 113
-0.145995 -0.051650 0.971005 159 154 138
-0.146946 -0.048364 0.968499 157 152 138
-0.148047 -0.045344 0.965814 157 152 138
-0.149197 -0.042412 0.963072 157 152 137
-0.150225 -0.039248 0.960469 158 153 137
-0.151243 -0.036056 0.957877 159 154 138
-0.152184 -0.032713 0.955371 160 155 138
-0.153047 -0.029210 0.952952 160 158 140
-0.153817 -0.025513 0.950636 164 160 142
-0.154651 -0.021927 0.948242 160 155 136
-0.155535 -0.018424 0.945789 191 182 158
-0.156515 -0.015101 0.943223 193 184 161
-0.157524 -0.011827 0.940621 163 158 140
-0.158504 -0.008486 0.938051 160 152 133
-0.159482 -0.005130 0.935481 154 148 129
-0.160568 -0.001987 0.932787 154 145 126
-0.161905 0.000642 0.929814 154 149 125
-0.163509 0.002714 0.926548 176 171 155
-0.164555 0.005948 0.923898 28 26 28
-0.164558 0.011395 0.922383 151 123 123
-0.161895 0.022575 0.923753 176 124 124
-0.161764 0.028446 0.922347 220 150 152
-0.162848 0.031729 0.919617 219 147 150
-0.088156 -0.163465 1.107208 105 105 103
-0.094745 -0.167473 1.097152 94 102 117
-0.101265 -0.171510 1.087221 36 29 32
-0.103977 -0.170724 1.082420 39 41 42
-0.105832 -0.168846 1.078775 49 55 54
-0.106200 -0.165019 1.077114 152 154 137
-0.106226 -0.160716 1.075903 144 143 125
-0.106845 -0.157183 1.073898 150 146 130
-0.107810 -0.154105 1.071431 153 149 133
-0.108747 -0.150981 1.069000 153 149 133
-0.109643 -0.147793 1.066621 154 150 134
-0.110595 -0.144677 1.064165 155 151 135
-0.111520 -0.141515 1.061743 155 151 135
-0.112451 -0.138353 1.059312 158 154 138
-0.113422 -0.135242 1.056826 157 153 137
-0.114376 -0.132099 1.054360 154 150 135
-0.115436 -0.129103 1.051755 150 147 132
-0.116608 -0.126266 1.049004 155 152 137
-0.117949 -0.123678 1.046034 153 151 136
-0.119215 -0.120979 1.043162 156 151 136
-0.120608 -0.118472 1.040126 153 149 133
-0.122039 -0.116027 1.037043 153 149 133
-0.123440 -0.113540 1.033999 152 148 132
-0.124889 -0.111132 1.030895 150 146 130
-0.126307 -0.108681 1.027833 151 146 130
-0.127802 -0.106354 1.024674 148 144 127
-0.129146 -0.103796 1.021707 146 141 122
-0.130430 -0.101146 1.018817 147 140 122
-0.131871 -0.098747 1.015730 144 137 119
-0.133261 -0.096272 1.012708 137 131 112
-0.134658 -0.093814 1.009678 143 135 117
-0.135978 -0.091232 1.006746 142 134 116
-0.137298 -0.088652 1.003814 145 139 122
-0.138553 -0.085966 1.000963 146 139 122
-0.139741 -0.083166 0.998196 146 140 122
-0.140874 -0.080272 0.995495 143 137 119
-0.141967 -0.077307 0.992842 140 134 114
-0.143049 -0.074317 0.990202 142 132 111
-0.144095 -0.071262 0.987604 138 124 105
-0.145147 -0.068211 0.984997 133 113 101
-0.146185 -0.065129 0.982406 122 104 89
-0.147184 -0.061972 0.979860 138 121 108
-0.148165 -0.058774 0.977335 156 148 135
-0.149176 -0.055623 0.974771 160 155 142
-0.150136 -0.052373 0.972265 160 155 143
-0.151138 -0.049190 0.969709 162 157 144
-0.152277 -0.046257 0.966986 160 155 142
-0.153441 -0.043367 0.964234 159 154 138
-0.154521 -0.040315 0.961580 159 154 138
-0.155578 -0.037213 0.958952 160 155 139
-0.156522 -0.033888 0.956454 159 154 136
-0.157341 -0.030311 0.954099 158 154 136
-0.158092 -0.026586 0.951819 155 150 132
-0.158923 -0.023004 0.949442 162 156 138
-0.159855 -0.019610 0.946945 188 180 157
-0.160865 -0.016360 0.944356 194 185 161
-0.161885 -0.013123 0.941754 181 174 155
-0.162892 -0.009852 0.939164 160 152 133
-0.163904 -0.006584 0.936565 159 152 132
-0.165031 -0.003543 0.933835 155 147 126
-0.166422 -0.001052 0.930806 151 144 120
-0.167930 0.001190 0.927649 91 87 77
-0.168803 0.004772 0.925201 44 39 41
-0.168547 0.010785 0.924004 132 94 101
-0.165820 0.022187 0.925524 206 150 151
-0.166158 0.027058 0.923632 220 150 153
-0.092293 -0.163486 1.108385 95 103 124
-0.097125 -0.165312 1.100633 52 57 64
-0.104380 -0.170370 1.089609 111 99 104
-0.107897 -0.170660 1.083692 32 29 31
-0.110071 -0.169226 1.079605 44 46 49
-0.110825 -0.165916 1.077444 110 113 106
-0.110767 -0.161503 1.076372 150 147 128
-0.111192 -0.157715 1.074643 153 149 132
-0.112100 -0.154570 1.072261 148 144 128
-0.113011 -0.151421 1.069875 152 148 132
-0.113857 -0.148175 1.067572 151 147 131
-0.114706 -0.144923 1.065263 150 146 130
-0.115553 -0.141658 1.062954 157 153 137
-0.116382 -0.138360 1.060666 158 154 138
-0.117282 -0.135152 1.058282 157 153 137
-0.118169 -0.131919 1.055912 154 150 134
-0.119169 -0.128841 1.053392 148 146 130
-0.120369 -0.126053 1.050608 148 146 131
-0.121710 -0.123476 1.047639 152 150 135
-0.122960 -0.120764 1.044789 155 150 136
-0.124365 -0.118287 1.041737 155 150 136
-0.125852 -0.115940 1.038581 153 149 134
-0.127234 -0.113436 1.035562 152 147 133
-0.128642 -0.110978 1.032511 153 149 134
-0.130083 -0.108575 1.029417 155 151 136
-0.131589 -0.106280 1.026243 152 148 132
-0.132991 -0.103828 1.023202 151 147 130
-0.134285 -0.101205 1.020301 147 145 128
-0.135620 -0.098651 1.017348 147 143 126
-0.136922 -0.096044 1.014438 144 139 122
-0.138254 -0.093489 1.011491 135 128 110
-0.139612 -0.090980 1.008512 141 131 112
-0.141006 -0.088535 1.005487 143 135 117
-0.142300 -0.085925 1.002590 146 137 121
-0.143497 -0.083151 0.999814 141 134 116
-0.144702 -0.080390 0.997028 145 138 120
-0.145867 -0.077558 0.994292 149 142 125
-0.147010 -0.074685 0.991583 149 143 126
-0.148125 -0.071762 0.988906 140 133 117
-0.149212 -0.068784 0.986264 137 131 115
-0.150293 -0.065791 0.983628 158 151 135
-0.151337 -0.062725 0.981037 160 156 139
-0.152352 -0.059603 0.978478 162 157 145
-0.153388 -0.056511 0.975893 165 161 150
-0.154349 -0.053275 0.973397 165 162 149
-0.155399 -0.050195 0.970791 166 161 149
-0.156546 -0.047293 0.968067 164 158 144
-0.157711 -0.044422 0.965320 160 156 140
-0.158818 -0.041439 0.962642 160 155 139
-0.159872 -0.038348 0.960026 157 152 136
-0.160766 -0.034939 0.957599 155 150 132
-0.161525 -0.031254 0.955327 148 143 126
-0.162304 -0.027591 0.953030 158 153 135
-0.163164 -0.024077 0.950632 166 158 139
-0.164090 -0.020683 0.948153 184 174 153
-0.165109 -0.017465 0.945564 188 179 155
-0.166154 -0.014294 0.942942 193 182 160
-0.167193 -0.011102 0.940325 160 154 135
-0.168278 -0.008001 0.937653 150 142 124
-0.169482 -0.005143 0.934843 154 147 126
-0.171016 -0.002980 0.931655 155 149 130
-0.172295 -0.000282 0.928761 40 37 35
-0.172877 0.003911 0.926656 121 107 110
-0.171286 0.012839 0.927002 112 93 88
-0.169836 0.021558 0.927160 220 158 158
-0.170622 0.025450 0.924789 212 148 153
-0.096493 -0.163617 1.109437 99 112 141
-0.100027 -0.163813 1.103417 46 48 41
-0.107050 -0.168648 1.092606 131 110 113
-0.111530 -0.170243 1.085325 33 20 22
-0.114293 -0.169618 1.080416 38 39 41
-0.115337 -0.166707 1.077870 60 61 56
-0.115383 -0.162436 1.076683 153 152 133
-0.115481 -0.158206 1.075420 153 149 131
-0.116083 -0.154649 1.073463 155 151 135
-0.117026 -0.151551 1.071042 151 147 131
-0.117808 -0.148222 1.068835 153 149 133
-0.118535 -0.144802 1.066701 155 151 135
-0.119315 -0.141446 1.064492 156 152 136
-0.120035 -0.137992 1.062361 156 152 136
-0.120792 -0.134580 1.060176 153 149 132
-0.121591 -0.131216 1.057933 153 149 133
-0.122601 -0.128155 1.055405 150 149 131
-0.123787 -0.125351 1.052642 146 145 129
-0.125207 -0.122900 1.049567 147 145 130
-0.126584 -0.120388 1.046550 155 152 135
-0.128010 -0.117953 1.043471 155 151 136
-0.129440 -0.115531 1.040386 155 151 135
-0.130802 -0.113006 1.037393 155 151 136
-0.132167 -0.110490 1.034397 156 152 136
-0.133561 -0.108023 1.031363 156 152 137
-0.135133 -0.105845 1.028100 154 151 136
-0.136595 -0.103499 1.024980 154 150 134
-0.137951 -0.100987 1.021999 151 146 132
-0.139292 -0.098453 1.019040 150 146 130
-0.140586 -0.095844 1.016141 150 145 131
-0.141888 -0.093250 1.013233 151 146 131
-0.143242 -0.090745 1.010259 147 143 127
-0.144659 -0.088350 1.007205 148 143 127
-0.145965 -0.085772 1.004293 149 144 128
-0.147217 -0.083102 1.001451 149 145 128
-0.148472 -0.080438 0.998604 151 146 131
-0.149689 -0.077707 0.995807 152 147 133
-0.150914 -0.074990 0.992999 150 145 131
-0.152109 -0.072220 0.990228 152 147 133
-0.153238 -0.069329 0.987540 156 152 138
-0.154369 -0.066439 0.984849 158 154 140
-0.155480 -0.063508 0.982182 162 159 146
-0.156526 -0.060455 0.979595 166 163 151
-0.157583 -0.057417 0.976991 169 166 154
-0.158597 -0.054292 0.974440 170 168 154
-0.159692 -0.051314 0.971787 169 164 152
-0.160846 -0.048443 0.969061 165 159 145
-0.161977 -0.045526 0.966363 160 156 140
-0.163055 -0.042502 0.963728 160 155 139
-0.164073 -0.039356 0.961164 150 146 130
-0.164959 -0.035943 0.958759 150 145 129
-0.165741 -0.032310 0.956475 155 150 131
-0.166550 -0.028718 0.954154 162 157 138
-0.167411 -0.025217 0.951768 164 156 137
-0.168317 -0.021794 0.949325 158 150 128
-0.169339 -0.018598 0.946742 187 177 153
-0.170383 -0.015439 0.944131 185 176 151
-0.171445 -0.012312 0.941496 153 147 128
-0.172644 -0.009466 0.938699 158 150 134
-0.174018 -0.006989 0.935698 165 156 139
-0.175744 -0.005271 0.932288 86 83 71
-0.176626 -0.001749 0.929860 31 25 25
-0.176792 0.003344 0.928255 142 129 138
-0.174558 0.013740 0.929400 151 125 128
-0.173997 0.020561 0.928596 213 153 162
-0.175007 0.023949 0.925984 164 141 167
-0.103347 -0.162862 1.105621 105 107 102
-0.109275 -0.166325 1.096236 98 87 93
-0.114905 -0.169499 1.087293 118 84 80
-0.118212 -0.169635 1.081603 37 31 28
-0.119813 -0.167494 1.078289 48 47 43
-0.119958 -0.163359 1.076993 118 122 109
-0.119801 -0.158779 1.076106 154 150 132
-0.120152 -0.154877 1.074511 156 152 135
-0.120884 -0.151491 1.072387 155 151 135
-0.121601 -0.148072 1.070281 152 148 132
-0.122255 -0.144550 1.068259 154 150 134
-0.122897 -0.140996 1.066249 154 150 134
-0.123473 -0.137331 1.064324 153 149 133
-0.124063 -0.133670 1.062376 153 149 131
-0.128029 -0.121310 1.052385 147 145 131
-0.129613 -0.119116 1.049087 145 143 128
-0.131200 -0.116935 1.045789 150 147 133
-0.132725 -0.114666 1.042576 146 143 129
-0.134086 -0.112147 1.039582 147 144 130
-0.135459 -0.109649 1.036574 146 143 129
-0.136839 -0.107167 1.033556 148 145 131
-0.138384 -0.104954 1.030323 147 142 128
-0.139939 -0.102768 1.027078 150 146 133
-0.141416 -0.100462 1.023937 151 146 133
-0.142845 -0.098081 1.020862 149 144 129
-0.144233 -0.095639 1.017841 150 145 131
-0.145638 -0.093230 1.014800 149 144 130
-0.147037 -0.090816 1.011766 148 145 132
-0.148495 -0.088506 1.008659 151 146 132
-0.149844 -0.086015 1.005694 149 144 130
-0.151152 -0.083457 1.002782 149 145 130
-0.152444 -0.080870 0.999892 150 145 131
-0.153771 -0.078350 0.996957 149 144 130
-0.155056 -0.075758 0.994076 152 147 133
-0.156269 -0.073036 0.991288 153 149 136
-0.157395 -0.070154 0.988611 158 154 142
-0.158483 -0.067201 0.985980 160 159 147
-0.159625 -0.064344 0.983280 168 166 154
-0.160736 -0.061425 0.980619 172 170 159
-0.161812 -0.058437 0.978001 176 174 162
-0.162828 -0.055332 0.975455 172 170 157
-0.163903 -0.052330 0.972836 167 163 150
-0.165042 -0.049448 0.970136 164 159 145
-0.166153 -0.046509 0.967469 160 154 140
-0.167208 -0.043455 0.964871 150 144 131
-0.168203 -0.040278 0.962344 156 152 135
-0.169122 -0.036941 0.959909 157 152 134
-0.169973 -0.033456 0.957555 158 153 135
-0.170819 -0.029950 0.955202 159 154 136
-0.171708 -0.026516 0.952796 167 159 140
-0.172604 -0.023086 0.950377 171 163 143
-0.173610 -0.019874 0.947822 189 181 158
-0.174659 -0.016742 0.945215 198 189 164
-0.175749 -0.013690 0.942556 159 153 135
-0.177013 -0.011004 0.939688 163 155 138
-0.178678 -0.009179 0.936345 153 147 137
-0.180261 -0.007193 0.933102 33 37 31
-0.180760 -0.002850 0.931140 94 92 103
-0.180473 0.003248 0.930094 108 102 114
-0.178048 0.014146 0.931535 136 131 146
-0.178197 0.019422 0.929944 185 140 165
-0.179292 0.022602 0.927243 151 172 210
-0.107231 -0.162668 1.107018 101 99 111
-0.111854 -0.164457 1.099393 38 29 33
-0.117584 -0.167824 1.090227 146 106 99
-0.121704 -0.169098 1.083355 45 23 19
-0.123786 -0.167632 1.079361 39 37 35
-0.124941 -0.164898 1.076670 53 55 51
-0.124615 -0.160085 1.076051 150 147 131
-0.124427 -0.155429 1.075231 150 146 128
-0.124940 -0.151740 1.073424 157 152 138
-0.125659 -0.148329 1.071329 153 149 134
-0.126193 -0.144637 1.069487 152 148 132
-0.126547 -0.140664 1.067888 154 150 134
-0.136961 -0.110645 1.042311 151 148 135
-0.138424 -0.108293 1.039179 153 150 136
-0.139775 -0.105765 1.036199 152 149 135
-0.141403 -0.103694 1.032847 150 145 131
-0.143180 -0.101879 1.029300 151 149 135
-0.144821 -0.099854 1.025937 156 151 137
-0.146316 -0.097594 1.022772 154 150 135
-0.147816 -0.095352 1.019600 154 149 135
-0.149313 -0.093110 1.016436 153 149 134
-0.150786 -0.090836 1.013305 153 148 134
-0.152365 -0.088754 1.010036 155 150 136
-0.153805 -0.086437 1.006952 155 150 136
-0.155164 -0.083984 1.003976 155 150 136
-0.156463 -0.081427 1.001079 151 146 133
-0.157822 -0.078982 0.998104 152 147 133
-0.159072 -0.076342 0.995273 153 148 134
-0.160392 -0.073832 0.992350 152 150 137
-0.161660 -0.071228 0.989495 155 153 141
-0.162798 -0.068385 0.986808 159 159 147
-0.163837 -0.065353 0.984247 172 171 160
-0.164980 -0.062512 0.981552 178 176 167
-0.166061 -0.059549 0.978936 176 176 166
-0.167019 -0.056346 0.976475 176 174 163
-0.168093 -0.053361 0.973863 169 167 154
-0.169178 -0.050390 0.971237 160 155 143
-0.170231 -0.047353 0.968651 157 151 139
-0.171264 -0.044270 0.966087 158 153 138
-0.172284 -0.041154 0.963540 159 154 135
-0.173258 -0.037939 0.961047 163 157 138
-0.174143 -0.034534 0.958662 164 157 138
-0.174990 -0.031038 0.956323 164 158 139
-0.175884 -0.027627 0.953921 167 159 140
-0.176786 -0.024222 0.951507 172 164 145
-0.177791 -0.021020 0.948964 182 174 151
-0.178869 -0.017967 0.946329 199 193 167
-0.180034 -0.015094 0.943587 158 154 137
-0.181442 -0.012741 0.940550 165 160 144
-0.183162 -0.011072 0.937138 49 56 49
-0.184447 -0.008465 0.934254 31 29 28
-0.184470 -0.003074 0.932883 114 120 138
-0.183370 0.004863 0.932843 115 112 110
-0.181520 0.014573 0.933675 118 129 152
-0.182361 0.018302 0.931287 153 140 169
-0.111382 -0.162858 1.107999 172 142 152
-0.114708 -0.162949 1.102172 101 96 94
-0.119501 -0.165098 1.094261 110 82 74
-0.124708 -0.167903 1.085782 144 96 90
-0.127365 -0.167252 1.080953 32 23 22
-0.129203 -0.165486 1.077296 44 42 41
-0.130024 -0.162292 1.075085 86 84 76
-0.129445 -0.157085 1.074851 150 147 132
-0.129287 -0.152442 1.074012 155 151 137
-0.129833 -0.148789 1.072172 156 151 137
-0.130234 -0.144907 1.070533 153 149 134
-0.151587 -0.095408 1.021084 154 150 134
-0.152959 -0.092968 1.018085 154 149 135
-0.154462 -0.090760 1.014911 155 150 136
-0.156125 -0.088842 1.011525 157 152 138
-0.157590 -0.086585 1.008407 156 151 137
-0.159091 -0.084401 1.005242 156 152 137
-0.160555 -0.082159 1.002128 154 149 136
-0.161840 -0.079597 0.999254 155 150 137
-0.163141 -0.077069 0.996357 157 152 138
-0.164443 -0.074544 0.993460 160 157 145
-0.165674 -0.071888 0.990658 166 164 152
-0.166856 -0.069142 0.987919 169 171 160
-0.167947 -0.066221 0.985299 175 174 165
-0.169064 -0.063346 0.982643 181 180 171
-0.170133 -0.060376 0.980049 184 184 175
-0.171149 -0.057298 0.977522 181 180 171
-0.172226 -0.054333 0.974915 173 171 160
-0.173311 -0.051379 0.972296 170 165 153
-0.174392 -0.048412 0.969683 163 158 146
-0.175457 -0.045409 0.967087 160 156 140
-0.176551 -0.042457 0.964454 160 156 137
-0.177569 -0.039349 0.961915 162 158 138
-0.178388 -0.035822 0.959627 165 158 139
-0.179115 -0.032089 0.957452 163 158 138
-0.179963 -0.028594 0.955120 166 158 139
-0.180838 -0.025141 0.952751 171 163 144
-0.181820 -0.021905 0.950245 173 165 142
-0.182968 -0.019014 0.947532 202 195 172
-0.184360 -0.016650 0.944515 156 156 140
-0.186186 -0.015236 0.940965 88 86 80
-0.187527 -0.012778 0.938016 31 38 34
-0.188323 -0.009116 0.935735 105 112 123
-0.187702 -0.002268 0.935180 108 109 119
-0.186023 0.007035 0.935894 136 145 150
-0.185472 0.013883 0.935216 124 134 157
-0.117738 -0.161678 1.104701 141 99 92
-0.121290 -0.162162 1.098521 46 33 23
-0.126612 -0.165173 1.089797 142 94 92
-0.130567 -0.166360 1.083066 108 71 71
-0.132994 -0.165443 1.078551 30 25 28
-0.134505 -0.163243 1.075358 44 43 44
-0.135080 -0.159699 1.073508 80 82 76
-0.134432 -0.154352 1.073404 155 151 136
-0.134349 -0.149790 1.072483 153 149 133
-0.134647 -0.145762 1.071010 153 149 133
-0.134610 -0.141207 1.070009 144 140 125
-0.150681 -0.101851 1.032311 156 152 136
-0.152320 -0.099859 1.028941 156 151 137
-0.155522 -0.095780 1.022311 156 152 136
-0.156917 -0.093398 1.019280 155 151 135
-0.158331 -0.091052 1.016226 157 152 136
-0.160120 -0.089380 1.012664 156 152 136
-0.161586 -0.087146 1.009543 157 153 137
-0.163020 -0.084861 1.006467 158 154 138
-0.164406 -0.082497 1.003456 157 152 138
-0.165721 -0.080006 1.000543 156 151 139
-0.167051 -0.077545 0.997611 156 151 139
-0.168351 -0.075033 0.994719 166 161 149
-0.169586 -0.072402 0.991913 171 168 157
-0.170778 -0.069688 0.989166 179 178 170
-0.171878 -0.066798 0.986539 184 185 177
-0.173022 -0.063989 0.983854 185 187 179
-0.174132 -0.061111 0.981213 185 187 179
-0.175164 -0.058077 0.978673 188 190 183
-0.176207 -0.055058 0.976118 184 182 174
-0.177315 -0.052165 0.973476 176 171 160
-0.178439 -0.049298 0.970813 166 161 145
-0.179532 -0.046366 0.968189 162 157 141
-0.180628 -0.043435 0.965560 163 158 140
-0.181645 -0.040337 0.963032 164 159 141
-0.182562 -0.037023 0.960631 164 159 139
-0.183362 -0.033452 0.958378 164 159 139
-0.184068 -0.029668 0.956240 165 160 140
-0.184981 -0.026309 0.953835 167 160 141
-0.185935 -0.023027 0.951375 173 166 147
-0.187234 -0.020481 0.948478 150 145 127
-0.189278 -0.019570 0.944643 112 116 107
-0.190994 -0.017966 0.941226 38 35 39
-0.191904 -0.014587 0.938821 75 77 82
-0.191446 -0.008123 0.938118 107 118 130
-0.190564 -0.000635 0.937927 100 102 102
-0.188661 0.009264 0.938980 133 147 178
-0.189348 0.013320 0.936812 135 150 176
-0.121470 -0.161382 1.106198 189 124 127
-0.123717 -0.160084 1.101889 120 99 87
-0.128041 -0.161742 1.094546 68 44 42
-0.132978 -0.164350 1.086324 147 92 92
-0.136307 -0.164741 1.080469 80 55 56
-0.138480 -0.163511 1.076307 38 34 35
-0.139825 -0.161095 1.073354 46 47 46
-0.140208 -0.157263 1.071797 90 90 85
-0.139453 -0.151718 1.071881 143 140 123
-0.139129 -0.146769 1.071330 142 140 124
-0.139179 -0.142345 1.070233 148 144 127
-0.152937 -0.104108 1.036949 147 146 129
-0.154790 -0.102492 1.033270 152 149 133
-0.156469 -0.100594 1.029839 155 150 136
-0.159350 -0.096002 1.023648 156 151 135
-0.160763 -0.093667 1.020592 157 152 137
-0.162263 -0.091494 1.017417 158 153 137
-0.163988 -0.089732 1.013936 156 152 136
-0.165511 -0.087620 1.010735 155 151 135
-0.166975 -0.085410 1.007616 155 151 135
-0.168386 -0.083109 1.004573 156 151 137
-0.169715 -0.080663 1.001641 158 153 140
-0.171022 -0.078180 0.998740 160 155 143
-0.172313 -0.075668 0.995863 169 165 154
-0.173546 -0.073049 0.993064 173 172 164
-0.174734 -0.070343 0.990326 184 184 177
-0.175844 -0.067486 0.987693 189 193 186
-0.176959 -0.064636 0.985051 196 200 193
-0.178056 -0.061747 0.982433 198 201 194
-0.179078 -0.058704 0.979915 195 200 193
-0.180118 -0.055692 0.977371 191 193 187
-0.181249 -0.052856 0.974705 182 181 174
-0.182387 -0.050032 0.972029 170 166 155
-0.187339 -0.034307 0.959601 163 158 139
-0.188183 -0.030824 0.957299 163 158 138
-0.188964 -0.027191 0.955076 173 168 148
-0.190021 -0.024143 0.952494 121 121 104
-0.191984 -0.023080 0.948747 123 124 116
-0.193979 -0.022116 0.944964 37 45 41
-0.195060 -0.019139 0.942354 50 47 48
-0.195484 -0.014673 0.940580 116 123 143
-0.194363 -0.006669 0.940756 108 107 113
-0.192946 0.002106 0.941287 131 139 154
-0.192150 0.009547 0.941012 125 145 183
-0.193432 0.012224 0.938112 129 153 186
-0.130118 -0.159187 1.098394 77 63 58
-0.134636 -0.161240 1.090717 115 80 78
-0.139057 -0.163236 1.083201 152 97 98
-0.141820 -0.162883 1.078151 60 39 39
-0.143728 -0.161306 1.074368 38 38 37
-0.144835 -0.158554 1.071766 48 48 46
-0.145381 -0.154955 1.069986 84 90 83
-0.144934 -0.149832 1.069656 153 154 136
-0.144301 -0.144382 1.069586 151 146 130
-0.156894 -0.104505 1.038086 153 150 134
-0.158751 -0.102921 1.034393 152 147 132
-0.160450 -0.101083 1.030927 151 146 132
-0.161934 -0.098878 1.027769 154 149 135
-0.163352 -0.096567 1.024704 156 151 135
-0.164711 -0.094156 1.021723 155 150 136
-0.166175 -0.091938 1.018597 156 151 135
-0.167854 -0.090118 1.015172 155 151 136
-0.169377 -0.088027 1.011968 153 149 134
-0.170858 -0.085868 1.008823 153 149 134
-0.172294 -0.083633 1.005744 153 148 134
-0.173631 -0.081219 1.002804 152 147 135
-0.174910 -0.078700 0.999943 155 150 138
-0.176189 -0.076182 0.997084 164 162 151
-0.177465 -0.073662 0.994229 179 178 171
-0.178683 -0.071030 0.991454 189 192 186
-0.179807 -0.068215 0.988806 198 201 195
-0.180949 -0.065434 0.986134 201 206 201
-0.182068 -0.062603 0.983493 205 209 204
-0.191396 -0.035384 0.960674 160 156 138
-0.192328 -0.032103 0.958269 168 163 145
-0.193384 -0.029080 0.955700 154 151 132
-0.194951 -0.027181 0.952458 184 180 167
-0.196889 -0.026119 0.948735 40 42 41
-0.198009 -0.023249 0.946084 41 31 25
-0.198638 -0.019266 0.944068 131 124 131
-0.198578 -0.013686 0.942940 113 123 140
-0.197052 -0.004685 0.943692 129 132 130
-0.195161 0.005272 0.944890 148 170 203
-0.196131 0.008654 0.942394 147 170 204
-0.133113 -0.157930 1.100896 140 92 93
-0.136083 -0.157781 1.095478 52 36 35
-0.140677 -0.160064 1.087635 134 92 93
-0.144718 -0.161613 1.080639 149 97 97
-0.147041 -0.160669 1.076222 67 40 41
-0.148682 -0.158726 1.072827 39 34 34
-0.149786 -0.155977 1.070235 50 52 47
-0.150327 -0.152363 1.068475 92 96 86
-0.149990 -0.147372 1.068012 153 146 133
-0.149503 -0.142106 1.067762 151 144 122
-0.160887 -0.105002 1.039131 154 150 134
-0.162727 -0.103418 1.035452 155 150 135
-0.164414 -0.101581 1.031998 156 151 137
-0.165937 -0.099469 1.028780 150 145 131
-0.167386 -0.097232 1.025671 152 147 133
-0.168806 -0.094951 1.022604 156 152 138
-0.170223 -0.092671 1.019542 154 150 135
-0.171815 -0.090717 1.016236 153 148 135
-0.173324 -0.088624 1.013047 146 141 128
-0.174794 -0.086466 1.009916 145 140 126
-0.176210 -0.084214 1.006864 150 145 131
-0.177559 -0.081841 1.003907 153 148 136
-0.178839 -0.079342 1.001048 162 157 145
-0.180102 -0.076812 0.998212 170 168 157
-0.181373 -0.074299 0.995366 182 182 174
-0.193583 -0.043015 0.966488 166 160 145
-0.194551 -0.039845 0.964050 165 160 144
-0.195483 -0.036586 0.961658 166 161 144
-0.196381 -0.033242 0.959311 168 162 144
-0.197695 -0.030810 0.956403 157 156 138
-0.199605 -0.029709 0.952703 55 53 49
-0.200926 -0.027312 0.949789 45 29 31
-0.201562 -0.023360 0.947786 144 111 115
-0.201307 -0.017346 0.946954 122 122 133
-0.200565 -0.010148 0.946752 101 102 107
-0.198334 0.000593 0.948487 122 134 153
-0.198971 0.004735 0.946441 144 165 201
-0.138554 -0.155782 1.098740 128 90 87
-0.142133 -0.156605 1.092370 42 28 25
-0.146571 -0.158778 1.084710 142 98 98
-0.149978 -0.159477 1.078628 149 97 94
-0.152116 -0.158299 1.074474 68 54 50
-0.153559 -0.156079 1.071372 32 34 26
-0.154519 -0.153115 1.069000 45 49 42
-0.154937 -0.149297 1.067439 89 88 83
-0.154868 -0.144688 1.066604 143 137 116
-0.154665 -0.139831 1.065961 141 135 110
-0.164763 -0.105336 1.040303 156 152 134
-0.166639 -0.103841 1.036562 157 153 137
-0.168271 -0.101932 1.033179 156 151 137
-0.169813 -0.099874 1.029931 153 148 134
-0.171372 -0.097857 1.026659 149 144 130
-0.172791 -0.095593 1.023594 143 141 126
-0.174168 -0.093260 1.020589 147 145 130
-0.175731 -0.091276 1.017320 149 147 134
-0.177253 -0.089230 1.014109 151 146 133
-0.178689 -0.087030 1.011024 152 147 133
-0.180116 -0.084819 1.007955 155 150 136
-0.181457 -0.082451 1.005009 159 153 139
-0.182716 -0.079928 1.002182 163 157 145
-0.183932 -0.077323 0.999416 170 169 157
-0.185190 -0.074802 0.996589 186 186 179
-0.197488 -0.043855 0.967651 166 162 146
-0.198642 -0.041103 0.964966 165 160 144
-0.199665 -0.038058 0.962461 168 163 145
-0.200858 -0.035385 0.959722 128 123 113
-0.202563 -0.033861 0.956287 49 49 46
-0.203740 -0.031161 0.953572 51 32 33
-0.204439 -0.027368 0.951504 152 107 111
-0.204715 -0.022585 0.950000 135 123 137
-0.204332 -0.016236 0.949375 89 88 88
-0.202262 -0.005876 0.950998 136 144 160
-0.201991 0.000369 0.950189 145 166 197
-0.203341 0.002817 0.947210 131 151 183
-0.144462 -0.154410 1.095822 121 100 89
-0.148045 -0.155332 1.089408 46 28 22
-0.152175 -0.157155 1.082167 138 91 92
-0.155134 -0.157251 1.076735 130 96 90
-0.156990 -0.155678 1.072999 73 75 67
-0.158205 -0.153118 1.070243 28 29 25
-0.159271 -0.150324 1.067713 46 46 43
-0.160014 -0.147009 1.065674 68 71 66
-0.160179 -0.142752 1.064509 132 130 108
-0.160023 -0.137943 1.063825 143 138 113
-0.159939 -0.133214 1.063024 146 139 116
-0.160220 -0.129052 1.061665 145 137 117
-0.167229 -0.108014 1.044499 149 145 127
-0.168882 -0.106139 1.041074 156 152 134
-0.170671 -0.104519 1.037452 156 152 135
-0.172322 -0.102670 1.034036 154 150 134
-0.173799 -0.100517 1.030880 142 142 126
-0.175370 -0.098546 1.027587 147 145 129
-0.176913 -0.096534 1.024337 149 149 132
-0.178369 -0.094371 1.021217 142 140 125
-0.179929 -0.092412 1.017946 149 147 134
-0.181399 -0.090292 1.014811 150 145 132
-0.182790 -0.088031 1.011791 151 146 132
-0.184147 -0.085710 1.008822 154 149 135
-0.185430 -0.083251 1.005961 160 155 141
-0.186673 -0.080715 1.003159 164 158 146
-0.187889 -0.078129 1.000395 175 173 163
-0.189096 -0.075525 0.997644 191 192 185
-0.200301 -0.047616 0.971359 176 172 157
-0.201750 -0.045530 0.968268 167 163 147
-0.202895 -0.042781 0.965603 156 152 137
-0.204073 -0.040103 0.962891 86 89 77
-0.205545 -0.038086 0.959772 45 41 43
-0.206593 -0.035117 0.957241 64 40 38
-0.207248 -0.031243 0.955251 158 107 106
-0.207408 -0.026204 0.953938 143 126 133
-0.207481 -0.020921 0.952735 86 88 90
-0.205631 -0.011074 0.954153 140 140 143
-0.204989 -0.003970 0.953898 154 167 195
-0.206202 -0.001219 0.951108 160 170 194
-0.149898 -0.152418 1.093575 123 99 92
-0.153221 -0.153029 1.087525 44 26 23
-0.157411 -0.155051 1.080140 132 94 91
-0.160022 -0.154670 1.075218 121 99 89
-0.161778 -0.152972 1.071625 81 87 76
-0.163126 -0.150636 1.068665 28 28 23
-0.164323 -0.148060 1.065939 30 32 31
-0.165289 -0.145108 1.063569 53 57 55
-0.165614 -0.141097 1.062181 99 100 93
-0.165554 -0.136422 1.061378 137 132 118
-0.165540 -0.131788 1.060498 121 116 102
-0.165753 -0.127502 1.059264 148 140 124
-0.167911 -0.117100 1.053222 153 146 129
-0.169037 -0.114313 1.050587 152 147 129
-0.170393 -0.111929 1.047603 151 146 128
-0.171794 -0.109630 1.044552 146 141 123
-0.173272 -0.107476 1.041386 152 148 131
-0.174866 -0.105538 1.038048 150 146 128
-0.176429 -0.103557 1.034759 147 146 129
-0.177904 -0.101427 1.031602 149 146 131
-0.179477 -0.099486 1.028302 155 151 133
-0.181058 -0.097571 1.024992 155 151 135
-0.182555 -0.095510 1.021810 152 148 132
-0.184059 -0.093474 1.018618 144 142 129
-0.185521 -0.091365 1.015492 152 147 133
-0.186884 -0.089074 1.012514 150 145 131
-0.188199 -0.086695 1.009606 154 149 135
-0.189411 -0.084118 1.006851 160 154 140
-0.190600 -0.081494 1.004131 162 156 144
-0.191795 -0.078883 1.001401 176 173 163
-0.192955 -0.076200 0.998723 192 192 186
-0.203020 -0.051190 0.975143 245 242 238
-0.204351 -0.048866 0.972217 178 179 167
-0.205844 -0.046906 0.969062 122 125 115
-0.207103 -0.044434 0.966240 67 67 62
-0.208259 -0.041731 0.963565 40 35 35
-0.209398 -0.038987 0.960915 106 70 68
-0.210054 -0.035132 0.958942 160 103 103
-0.210540 -0.030860 0.957204 154 115 116
-0.210459 -0.025234 0.956254 90 84 83
-0.208667 -0.015521 0.957682 162 163 171
-0.207838 -0.007976 0.957746 167 182 202
-0.208945 -0.004995 0.955107 176 163 185
-0.155323 -0.150490 1.091298 118 89 89
-0.158266 -0.150587 1.085808 42 26 25
-0.162262 -0.152407 1.078675 116 82 82
-0.164647 -0.151720 1.074081 130 94 93
-0.166474 -0.150163 1.070368 104 92 80
-0.168127 -0.148338 1.066932 49 43 37
-0.169543 -0.146138 1.063866 33 29 29
-0.170756 -0.143607 1.061118 36 36 36
-0.171357 -0.140050 1.059321 60 56 57
-0.171341 -0.135433 1.058478 77 76 75
-0.171044 -0.130300 1.058065 148 136 126
-0.170624 -0.124910 1.057832 136 125 110
-0.171720 -0.122107 1.055251 140 132 116
-0.172726 -0.119142 1.052808 146 139 124
-0.173851 -0.116379 1.050182 148 143 126
-0.175161 -0.113947 1.047270 147 142 124
-0.176498 -0.111565 1.044319 153 149 131
-0.177861 -0.109235 1.041328 154 150 132
-0.179336 -0.107115 1.038168 155 151 133
-0.180877 -0.105126 1.034908 155 151 134
-0.182335 -0.102993 1.031777 154 150 134
-0.183807 -0.100896 1.028625 156 151 133
-0.185267 -0.098784 1.025495 155 151 135
-0.186674 -0.096581 1.022445 156 151 135
-0.188104 -0.094428 1.019362 156 151 135
-0.189499 -0.092213 1.016335 150 145 131
-0.190799 -0.089823 1.013449 148 143 129
-0.192069 -0.087373 1.010611 154 149 135
-0.193250 -0.084752 1.007904 159 153 139
-0.194442 -0.082152 1.005182 163 157 146
-0.195625 -0.079531 1.002475 179 174 168
-0.196757 -0.076807 0.999842 201 201 197
-0.197866 -0.074035 0.997242 227 228 227
-0.199008 -0.071327 0.994594 247 249 249
-0.200169 -0.068658 0.991917 253 255 255
-0.201284 -0.065890 0.989308 254 255 255
-0.202342 -0.062999 0.986781 254 255 255
-0.203375 -0.060046 0.984291 254 255 255
-0.204345 -0.056953 0.981891 254 255 255
-0.205461 -0.054172 0.979277 254 253 255
-0.206849 -0.051989 0.976266 211 213 217
-0.208537 -0.050482 0.972823 98 104 99
-0.209864 -0.048181 0.969906 52 57 56
-0.210956 -0.045353 0.967328 51 35 32
-0.211965 -0.042331 0.964869 145 96 95
-0.212642 -0.038536 0.962885 160 102 102
-0.213123 -0.034264 0.961178 165 116 113
-0.213192 -0.028995 0.960053 89 75 72
-0.211154 -0.018691 0.961919 165 152 157
-0.210856 -0.012411 0.961290 181 168 184
-0.211975 -0.009482 0.958643 198 151 160
-0.160700 -0.148567 1.089048 123 87 81
-0.163342 -0.148252 1.084008 55 44 40
-0.166760 -0.149239 1.077741 89 59 56
-0.169387 -0.148993 1.072742 135 87 85
-0.171476 -0.147902 1.068602 134 88 85
-0.173248 -0.146306 1.064970 103 81 80
-0.174902 -0.144529 1.061527 36 26 25
-0.176334 -0.142391 1.058436 32 29 28
-0.177309 -0.139478 1.056066 40 38 37
-0.177376 -0.134990 1.055123 60 57 56
-0.177207 -0.130057 1.054543 124 119 101
-0.177371 -0.125669 1.053434 144 136 118
-0.178008 -0.122089 1.051579 148 140 123
-0.178927 -0.118995 1.049282 155 149 131
-0.180103 -0.116355 1.046584 152 147 129
-0.181360 -0.113863 1.043759 155 150 132
-0.182672 -0.111475 1.040849 153 149 131
-0.184108 -0.109320 1.037748 155 150 132
-0.185592 -0.107262 1.034574 156 151 133
-0.186928 -0.104933 1.031631 156 151 133
-0.188231 -0.102549 1.028738 156 151 133
-0.189540 -0.100180 1.025837 155 151 135
-0.190868 -0.097850 1.022909 156 151 133
-0.192236 -0.095605 1.019920 155 150 134
-0.193582 -0.093321 1.016965 156 150 135
-0.194842 -0.090873 1.014142 152 147 133
-0.196039 -0.088300 1.011416 148 146 131
-0.197204 -0.085664 1.008739 158 152 138
-0.198391 -0.083072 1.006027 167 161 149
-0.199574 -0.080471 1.003323 178 172 166
-0.200705 -0.077763 1.000697 239 237 238
-0.201837 -0.075056 0.998067 253 253 254
-0.202982 -0.072374 0.995419 254 255 255
-0.204138 -0.069713 0.992754 254 255 255
-0.205260 -0.066979 0.990139 254 255 255
-0.206305 -0.064075 0.987639 254 255 255
-0.207343 -0.061149 0.985150 254 253 255
-0.208518 -0.058521 0.982455 240 242 244
-0.209852 -0.056247 0.979523 179 185 191
-0.211282 -0.054192 0.976452 106 113 114
-0.212500 -0.051667 0.973695 47 48 40
-0.213507 -0.048662 0.971249 87 72 69
-0.214345 -0.045263 0.969049 153 105 103
-0.215043 -0.041525 0.967051 162 103 107
-0.215542 -0.037302 0.965341 155 112 112
-0.215718 -0.032289 0.964095 99 88 77
-0.213525 -0.021601 0.966282 176 143 139
-0.213529 -0.016041 0.965263 205 145 152
-0.214880 -0.013692 0.962287 207 141 147
-0.166066 -0.146708 1.086766 134 91 91
-0.168067 -0.145407 1.082732 92 84 77
-0.171155 -0.145931 1.076955 60 34 34
-0.173985 -0.146078 1.071602 144 94 96
-0.176001 -0.144901 1.067563 142 90 90
-0.177982 -0.143689 1.063586 126 80 78
-0.179857 -0.142320 1.059781 104 75 73
-0.181301 -0.140224 1.056669 44 21 19
-0.182363 -0.137471 1.054167 42 33 35
-0.183188 -0.134295 1.052042 44 43 40
-0.183640 -0.130447 1.050507 67 66 56
-0.183931 -0.126286 1.049224 116 113 98
-0.184435 -0.122483 1.047599 144 141 123
-0.185254 -0.119233 1.045473 154 149 132
-0.186318 -0.116424 1.042956 156 151 133
-0.187465 -0.113765 1.040309 154 150 133
-0.188742 -0.111348 1.037458 154 148 130
-0.190020 -0.108935 1.034606 154 149 131
-0.191263 -0.106461 1.031808 155 150 133
-0.192519 -0.104011 1.028993 156 151 133
-0.193725 -0.101468 1.026254 155 150 131
-0.194959 -0.098982 1.023470 154 149 131
-0.196243 -0.096594 1.020612 155 150 134
-0.197548 -0.094252 1.017720 157 151 135
-0.198830 -0.091870 1.014865 156 151 137
-0.200010 -0.089283 1.012168 157 152 138
-0.201186 -0.086687 1.009479 160 156 142
-0.202324 -0.084015 1.006845 173 167 154
-0.203514 -0.081448 1.004133 215 214 209
-0.204738 -0.078952 1.001369 253 253 255
-0.205880 -0.076286 0.998730 254 255 255
-0.206988 -0.073545 0.996143 254 255 255
-0.208176 -0.070973 0.993433 254 255 255
-0.209350 -0.068371 0.990746 251 253 253
-0.210430 -0.065564 0.988200 218 219 226
-0.211705 -0.063183 0.985359 178 182 188
-0.212884 -0.060592 0.982663 129 134 141
-0.213938 -0.057720 0.980155 90 90 90
-0.214928 -0.054698 0.977743 87 77 72
-0.215769 -0.051325 0.975554 123 118 125
-0.216515 -0.047723 0.973503 131 115 128
-0.217276 -0.044137 0.971427 157 113 116
-0.217798 -0.039972 0.969704 131 100 98
-0.217386 -0.033567 0.969364 135 121 112
-0.216004 -0.024780 0.970448 175 132 126
-0.216277 -0.019874 0.969068 212 143 145
-0.217660 -0.017627 0.966044 209 139 143
-0.172992 -0.142939 1.081107 121 105 98
-0.175325 -0.142262 1.076524 49 31 28
-0.177882 -0.142003 1.071581 92 57 63
-0.180405 -0.141726 1.066701 148 99 99
-0.182583 -0.140890 1.062389 143 89 85
-0.184449 -0.139538 1.058586 139 87 84
-0.185978 -0.137614 1.055331 114 76 78
-0.187251 -0.135242 1.052494 47 23 26
-0.188396 -0.132644 1.049862 34 26 26
-0.189459 -0.129896 1.047362 37 36 36
-0.190356 -0.126842 1.045128 47 47 48
-0.191076 -0.123451 1.043177 111 108 97
-0.191893 -0.120225 1.041069 122 123 108
-0.192891 -0.117329 1.038668 145 145 129
-0.193926 -0.114498 1.036208 151 150 136
-0.194889 -0.111524 1.033862 154 149 129
-0.195973 -0.108778 1.031321 155 150 132
-0.197195 -0.106296 1.028561 154 149 131
-0.198386 -0.103754 1.025852 147 142 126
-0.199547 -0.101155 1.023188 146 143 131
-0.200748 -0.098635 1.020462 159 149 135
-0.201955 -0.096128 1.017727 154 145 132
-0.203062 -0.093417 1.015150 153 148 134
-0.204143 -0.090651 1.012613 156 151 137
-0.205296 -0.088033 1.009961 159 154 140
-0.206413 -0.085336 1.007368 164 163 149
-0.207619 -0.082826 1.004633 179 182 177
-0.208836 -0.080340 1.001883 199 203 204
-0.209945 -0.077625 0.999300 209 213 217
-0.211033 -0.074861 0.996750 200 201 208
-0.212178 -0.072218 0.994111 176 184 193
-0.213389 -0.069719 0.991370 143 149 156
-0.214491 -0.066981 0.988796 120 123 127
-0.215541 -0.064122 0.986303 90 90 93
-0.216402 -0.060831 0.984099 100 96 101
-0.217220 -0.057432 0.981957 115 118 126
-0.217915 -0.053735 0.980002 114 123 131
-0.218606 -0.050009 0.978050 113 123 137
-0.219285 -0.046234 0.976114 122 119 129
-0.219908 -0.042308 0.974257 95 78 75
-0.218788 -0.034213 0.975037 205 189 182
-0.218199 -0.027294 0.974999 185 130 132
-0.219206 -0.024166 0.972541 214 146 147
-0.220575 -0.021909 0.969539 205 135 137
-0.177395 -0.139636 1.080310 129 87 78
-0.179338 -0.138331 1.076347 108 90 84
-0.181933 -0.138186 1.071313 46 33 28
-0.184342 -0.137757 1.066592 102 69 72
-0.186558 -0.137025 1.062195 154 102 98
-0.188539 -0.135903 1.058190 147 91 86
-0.190219 -0.134266 1.054680 144 89 84
-0.191648 -0.132185 1.051586 131 86 82
-0.193063 -0.130089 1.048514 94 63 59
-0.194445 -0.127939 1.045499 42 26 22
-0.195690 -0.125541 1.042706 30 23 19
-0.196845 -0.122976 1.040061 34 32 28
-0.198037 -0.120480 1.037356 41 40 36
-0.199164 -0.117860 1.034756 44 43 41
-0.200247 -0.115155 1.032227 50 51 48
-0.201255 -0.112299 1.029819 67 68 68
-0.202181 -0.109277 1.027543 81 79 78
-0.203197 -0.106426 1.025119 98 100 103
-0.204238 -0.103619 1.022655 97 104 104
-0.205332 -0.100915 1.020106 137 135 132
-0.206467 -0.098292 1.017490 107 110 102
-0.207565 -0.095592 1.014933 103 100 97
-0.208636 -0.092835 1.012419 98 98 95
-0.209612 -0.089874 1.010055 96 95 92
-0.210601 -0.086933 1.007670 101 97 95
-0.211742 -0.084310 1.005042 107 106 107
-0.212904 -0.081730 1.002382 115 118 121
-0.213856 -0.078695 1.000052 117 117 122
-0.214849 -0.075740 0.997658 111 108 109
-0.215923 -0.072960 0.995133 102 101 102
-0.216940 -0.070047 0.992699 91 96 95
-0.217881 -0.066958 0.990382 112 113 116
-0.218758 -0.063713 0.988165 117 118 123
-0.219528 -0.060215 0.986111 112 122 134
-0.220318 -0.056743 0.984025 107 121 137
-0.221050 -0.053125 0.982025 108 122 138
-0.221741 -0.049389 0.980086 99 97 108
-0.221991 -0.044589 0.978827 158 149 147
-0.221151 -0.037146 0.979245 163 154 157
-0.220918 -0.031081 0.978714 186 132 142
-0.222112 -0.028424 0.975979 212 144 146
-0.184040 -0.135612 1.075019 124 89 86
-0.186188 -0.134733 1.070703 104 91 84
-0.188422 -0.134039 1.066249 60 38 33
-0.190655 -0.133376 1.061801 100 61 59
-0.192533 -0.132098 1.057949 153 101 98
-0.194294 -0.130629 1.054295 151 96 91
-0.195979 -0.129037 1.050770 142 90 84
-0.197493 -0.127142 1.047529 137 85 78
-0.198892 -0.125040 1.044482 130 86 77
-0.200162 -0.122700 1.041649 124 86 81
-0.201466 -0.120430 1.038759 101 71 65
-0.202677 -0.117984 1.036023 68 43 36
-0.203865 -0.115493 1.033327 55 34 31
-0.205038 -0.112974 1.030654 39 22 22
-0.206125 -0.110284 1.028122 39 31 31
-0.207196 -0.107561 1.025615 36 31 31
-0.208229 -0.104755 1.023171 36 33 34
-0.209284 -0.101991 1.020689 32 28 32
-0.210330 -0.099203 1.018223 38 37 38
-0.211414 -0.096491 1.015693 39 37 39
-0.212547 -0.093879 1.013084 40 34 32
-0.213641 -0.091184 1.010537 48 37 39
-0.214678 -0.088362 1.008084 60 40 36
-0.215711 -0.085529 1.005634 74 50 52
-0.216762 -0.082730 1.003155 103 77 77
-0.217651 -0.079568 1.000937 128 104 102
-0.218518 -0.076349 0.998751 129 118 117
-0.219403 -0.073159 0.996534 116 113 118
-0.220233 -0.069833 0.994403 109 115 127
-0.220991 -0.066329 0.992387 107 113 124
-0.221816 -0.062963 0.990259 111 121 130
-0.222784 -0.059913 0.987904 119 124 134
-0.223501 -0.056270 0.985944 106 101 100
-0.224147 -0.052439 0.984094 145 142 138
-0.223851 -0.046347 0.983725 201 206 212
-0.223494 -0.040047 0.983444 117 129 151
-0.223840 -0.035381 0.982049 122 137 171
-0.225035 -0.032753 0.979317 166 158 186
-0.190214 -0.130879 1.070472 133 89 86
-0.192457 -0.130242 1.065978 132 114 101
-0.194611 -0.129474 1.061640 64 48 36
-0.196609 -0.128446 1.057571 71 43 37
-0.198459 -0.127170 1.053753 128 84 83
-0.200158 -0.125627 1.050193 152 97 98
-0.201693 -0.123790 1.046910 153 94 93
-0.203156 -0.121824 1.043751 148 90 87
-0.204604 -0.119841 1.040619 145 90 86
-0.205905 -0.117579 1.037732 145 88 86
-0.207225 -0.115358 1.034815 143 89 83
-0.208487 -0.113027 1.031996 143 90 84
-0.209616 -0.110431 1.029398 133 87 79
-0.210815 -0.107977 1.026683 128 87 80
-0.211939 -0.105371 1.024093 135 96 86
-0.212992 -0.102616 1.021620 135 96 90
-0.214051 -0.099871 1.019136 132 94 86
-0.215048 -0.096989 1.016756 135 97 87
-0.215952 -0.093903 1.014526 144 97 90
-0.216905 -0.090914 1.012215 147 96 92
-0.217990 -0.088202 1.009687 149 97 93
-0.218992 -0.085307 1.007293 154 98 94
-0.219961 -0.082331 1.004953 160 101 100
-0.220824 -0.079113 1.002784 158 103 103
-0.221638 -0.075773 1.000694 158 106 105
-0.222440 -0.072391 0.998621 139 121 125
-0.223202 -0.068905 0.996610 141 139 136
-0.223969 -0.065412 0.994589 138 132 131
-0.224720 -0.061866 0.992592 103 101 96
-0.225258 -0.057803 0.990936 175 172 163
-0.225292 -0.052520 0.990088 188 187 189
-0.225154 -0.046778 0.989510 128 144 166
-0.225653 -0.042515 0.987901 145 166 200
-0.226633 -0.039392 0.985517 151 172 202
-0.196475 -0.126413 1.065737 132 83 79
-0.198198 -0.124870 1.062114 144 119 108
-0.200037 -0.123566 1.058296 118 106 100
-0.202036 -0.122591 1.054208 68 53 52
-0.203717 -0.121030 1.050665 71 50 40
-0.205237 -0.119171 1.047397 108 74 71
-0.206780 -0.117368 1.044095 138 96 94
-0.208202 -0.115340 1.040997 147 95 93
-0.209548 -0.113167 1.038031 150 95 90
-0.210851 -0.110914 1.035138 150 95 91
-0.212125 -0.108606 1.032294 152 97 93
-0.213524 -0.106559 1.029242 153 99 95
-0.214732 -0.104126 1.026510 151 96 92
-0.215732 -0.101257 1.024129 154 98 93
-0.216876 -0.098686 1.021507 154 97 92
-0.217933 -0.095930 1.019029 155 102 94
-0.218897 -0.092967 1.016707 157 102 96
-0.219845 -0.089963 1.014410 157 104 94
-0.220863 -0.087105 1.011995 157 106 103
-0.221793 -0.084047 1.009725 156 108 106
-0.222769 -0.081081 1.007380 165 123 120
-0.223699 -0.078007 1.005107 165 135 130
-0.224490 -0.074605 1.003064 148 121 118
-0.225197 -0.070995 1.001158 107 98 93
-0.225902 -0.067362 0.999253 158 152 144
-0.226473 -0.063396 0.997566 222 222 217
-0.226640 -0.058454 0.996539 149 149 156
-0.226881 -0.053644 0.995387 111 126 153
-0.227423 -0.049519 0.993734 114 138 177
-0.201873 -0.120402 1.062454 189 126 127
-0.203442 -0.118593 1.059087 139 89 90
-0.205140 -0.117053 1.055498 141 115 101
-0.206858 -0.115570 1.051877 167 153 147
-0.208533 -0.114020 1.048333 117 108 103
-0.210063 -0.112195 1.045042 86 72 68
-0.211576 -0.110350 1.041781 78 68 59
-0.213005 -0.108345 1.038666 93 78 69
-0.214311 -0.106094 1.035763 110 89 83
-0.215679 -0.103978 1.032755 120 101 95
-0.216990 -0.101751 1.029844 126 105 96
-0.218064 -0.099023 1.027341 136 110 105
-0.219123 -0.096262 1.024861 133 110 104
-0.220201 -0.093537 1.022349 135 116 108
-0.221224 -0.090688 1.019930 129 113 101
-0.222119 -0.087552 1.017728 118 101 92
-0.223104 -0.084607 1.015371 107 94 93
-0.224082 -0.081638 1.013025 110 101 97
-0.225005 -0.078535 1.010773 135 123 122
-0.225812 -0.075161 1.008713 211 206 198
-0.226415 -0.071300 1.006995 220 206 199
-0.226933 -0.067219 1.005417 153 128 130
-0.227574 -0.063398 1.003629 139 148 171
-0.228212 -0.059549 1.001843 153 174 202
-0.211836 -0.108824 1.049290 171 110 112
-0.213361 -0.106992 1.045996 149 100 96
-0.215124 -0.105669 1.042289 144 103 101
-0.216624 -0.103816 1.039043 156 123 122
-0.217938 -0.101582 1.036122 173 150 149
-0.219159 -0.099155 1.033363 176 160 157
-0.220227 -0.096402 1.030870 185 169 166
-0.221100 -0.093221 1.028713 192 176 169
-0.221880 -0.089823 1.026717 187 171 165
-0.222716 -0.086533 1.024624 181 153 149
-0.223522 -0.083166 1.022578 160 126 132
-0.224276 -0.079666 1.020620 154 116 117
-0.225066 -0.076229 1.018600 165 106 111
-0.225964 -0.073026 1.016392 195 129 134
0.016360 -0.148400 1.095782 136 203 192
0.019401 -0.145393 1.092751 113 142 142
0.022526 -0.142383 1.089958 118 137 139
0.025600 -0.139374 1.087023 111 130 132
0.028693 -0.136366 1.084140 130 154 152
0.031951 -0.133347 1.081702 128 155 152
0.035198 -0.130326 1.079225 147 177 171
0.038829 -0.127273 1.077745 193 153 154
-0.004258 -0.159338 1.104984 205 143 147
-0.001682 -0.156346 1.100612 175 123 129
0.000249 -0.153368 1.094355 124 103 99
0.000212 -0.150443 1.082386 83 94 91
0.000573 -0.147562 1.071793 74 81 80
0.003324 -0.144646 1.068258 62 71 71
0.005992 -0.141738 1.064507 63 67 68
0.009121 -0.138813 1.062070 57 59 60
0.012271 -0.135884 1.059684 57 57 58
0.015572 -0.132943 1.057702 55 56 55
0.018746 -0.130006 1.055359 54 55 54
0.021838 -0.127074 1.052786 57 57 57
0.025096 -0.124126 1.050645 64 56 58
0.044656 -0.111521 1.058448 120 113 102
0.048471 -0.108439 1.057446 170 161 141
0.052170 -0.105363 1.056116 172 163 138
0.055836 -0.102283 1.054669 162 152 128
0.059229 -0.099235 1.052534 185 171 143
-0.021769 -0.167163 1.110579 211 145 146
-0.019183 -0.164179 1.106230 173 124 126
-0.019042 -0.161162 1.094176 110 80 81
-0.020299 -0.158190 1.077984 71 57 62
-0.017839 -0.155293 1.073600 60 53 56
-0.015160 -0.152402 1.069928 58 54 57
-0.012287 -0.149513 1.066863 60 59 59
-0.009161 -0.146619 1.064555 60 62 63
-0.006107 -0.143725 1.062027 63 65 67
-0.002818 -0.140819 1.060175 63 65 67
0.000308 -0.137916 1.057834 63 65 67
0.003609 -0.135000 1.055977 63 65 67
0.006721 -0.132092 1.053571 60 60 62
0.010019 -0.129167 1.051672 60 61 63
0.013309 -0.126238 1.049729 58 60 62
0.016408 -0.123323 1.047253 56 57 60
0.019620 -0.120394 1.045070 58 60 62
0.022783 -0.117468 1.042743 61 61 63
0.025751 -0.114561 1.039899 60 56 60
0.028669 -0.111662 1.036928 54 51 55
0.031711 -0.108747 1.034275 60 57 60
0.034705 -0.105838 1.031500 60 57 59
0.037822 -0.102911 1.029032 60 57 56
0.042172 -0.099796 1.029599 83 79 76
0.050066 -0.096103 1.038742 142 121 113
0.056340 -0.092612 1.043711 217 166 158
0.060092 -0.089512 1.042488 220 187 158
-0.033127 -0.168975 1.109946 178 129 128
-0.032773 -0.165933 1.098206 88 72 75
-0.034715 -0.162890 1.079154 60 52 55
-0.032327 -0.160007 1.074559 52 49 53
-0.029526 -0.157137 1.071335 52 51 52
-0.026475 -0.154269 1.068912 56 54 57
-0.023381 -0.151398 1.066619 57 55 58
-0.020254 -0.148524 1.064414 58 59 59
-0.017088 -0.145646 1.062315 58 60 62
-0.013818 -0.142759 1.060512 62 64 66
-0.010801 -0.139880 1.057936 63 65 67
-0.007675 -0.136994 1.055675 64 66 68
-0.004564 -0.134105 1.053360 63 65 67
-0.001401 -0.131211 1.051183 63 65 67
0.001732 -0.128315 1.048907 60 63 65
0.004939 -0.125411 1.046826 61 64 66
0.008130 -0.122504 1.044686 61 63 65
0.011262 -0.119600 1.042371 60 62 65
0.014533 -0.116677 1.040420 60 61 63
0.017770 -0.113755 1.038358 61 63 65
0.020926 -0.110839 1.036069 62 63 65
0.023967 -0.107936 1.033471 56 56 59
0.026731 -0.105072 1.030153 64 64 66
0.029691 -0.102182 1.027346 67 65 66
0.032746 -0.099277 1.024781 65 64 65
0.035965 -0.096344 1.022620 63 62 63
0.038963 -0.093445 1.019900 64 62 61
0.042407 -0.090467 1.018269 70 63 61
0.047011 -0.087272 1.019403 98 81 72
0.057161 -0.083006 1.033665 194 167 148
0.061562 -0.079776 1.034008 226 160 159
-0.045336 -0.170707 1.105775 140 100 105
-0.047569 -0.167568 1.084891 60 50 53
-0.045553 -0.164674 1.078977 49 49 52
-0.043093 -0.161809 1.074640 49 51 54
-0.040360 -0.158956 1.071252 54 55 58
-0.037602 -0.156107 1.067963 55 56 60
-0.034641 -0.153260 1.065349 56 56 58
-0.031469 -0.150409 1.063402 58 57 60
-0.028202 -0.147550 1.061738 58 57 60
-0.025036 -0.144689 1.059733 58 60 62
-0.021859 -0.141823 1.057743 60 62 64
-0.018783 -0.138959 1.055430 64 66 68
-0.015817 -0.136099 1.052774 64 66 68
-0.012802 -0.133235 1.050264 64 66 68
-0.009680 -0.130362 1.048060 64 66 68
-0.006392 -0.127471 1.046325 64 66 68
-0.003300 -0.124593 1.044004 62 66 67
-0.000056 -0.121697 1.042105 62 65 67
0.003215 -0.118794 1.040259 64 67 68
0.006378 -0.115898 1.038095 64 66 68
0.009523 -0.113002 1.035871 61 63 65
0.012764 -0.110090 1.033892 63 65 67
0.015934 -0.107184 1.031706 64 66 68
0.018977 -0.104294 1.029173 63 64 66
0.021974 -0.101411 1.026513 68 67 68
0.024995 -0.098522 1.023916 70 70 70
0.027967 -0.095641 1.021189 68 68 68
0.031082 -0.092735 1.018824 68 67 68
0.034057 -0.089853 1.016098 70 68 69
0.037086 -0.086960 1.013509 70 67 67
0.040416 -0.084008 1.011646 68 66 66
0.043856 -0.081029 1.010026 68 63 63
0.048203 -0.077856 1.010540 91 72 71
0.058497 -0.073396 1.024965 201 139 140
0.062624 -0.070204 1.024674 220 152 155
0.066154 -0.067133 1.022952 223 153 156
-0.056227 -0.172467 1.105554 111 85 93
-0.059087 -0.169275 1.081790 53 47 51
-0.056700 -0.166417 1.077194 50 48 51
-0.053386 -0.163597 1.075889 51 50 54
-0.050541 -0.160760 1.072928 53 53 57
-0.047735 -0.157924 1.069842 55 55 59
-0.044889 -0.155091 1.066903 55 56 58
-0.042010 -0.152258 1.064076 56 57 61
-0.039031 -0.149424 1.061579 57 59 61
-0.035945 -0.146585 1.059425 60 61 63
-0.032811 -0.143741 1.057409 60 61 63
-0.029677 -0.140894 1.055377 60 62 64
-0.026607 -0.138046 1.053129 65 67 69
-0.023558 -0.135197 1.050802 68 70 72
-0.020580 -0.132351 1.048252 70 71 73
-0.017480 -0.129494 1.046066 68 70 72
-0.014340 -0.126631 1.043983 68 69 71
-0.011159 -0.123759 1.042003 68 69 71
-0.008019 -0.120889 1.039889 67 69 70
-0.004812 -0.118007 1.037951 65 69 70
-0.001647 -0.115126 1.035879 67 70 71
0.001533 -0.112240 1.033830 68 71 72
0.004708 -0.109351 1.031749 71 73 75
0.007883 -0.106458 1.029656 71 73 75
0.011029 -0.103566 1.027471 68 70 72
0.014106 -0.100683 1.025091 68 70 72
0.017099 -0.097812 1.022480 68 69 69
0.020083 -0.094942 1.019842 75 76 76
0.023062 -0.092073 1.017191 77 77 77
0.026155 -0.089182 1.014826 75 74 75
0.029315 -0.086275 1.012621 73 72 74
0.032544 -0.083352 1.010577 74 72 73
0.035675 -0.080446 1.008277 77 75 75
0.038608 -0.077581 1.005484 77 75 76
0.042117 -0.074588 1.004078 68 66 67
0.045381 -0.071645 1.002059 67 61 62
0.050559 -0.068254 1.004517 130 97 100
0.060360 -0.063741 1.017590 221 158 161
0.064176 -0.060605 1.016580 220 152 156
-0.066413 -0.174244 1.107459 102 102 122
-0.069384 -0.171008 1.082491 49 44 51
-0.066869 -0.168169 1.078366 50 47 53
-0.063791 -0.165359 1.076329 53 51 55
-0.061061 -0.162536 1.073028 54 52 57
-0.058066 -0.159720 1.070677 54 54 58
-0.055088 -0.156903 1.068259 56 56 60
-0.052345 -0.154085 1.065027 57 57 61
-0.049490 -0.151269 1.062189 57 59 61
-0.046529 -0.148451 1.059710 60 61 63
-0.043529 -0.145630 1.057352 61 63 65
-0.040476 -0.142805 1.055160 62 64 66
-0.037391 -0.139975 1.053061 62 64 66
-0.034285 -0.137141 1.051013 65 67 71
-0.031227 -0.134307 1.048797 70 73 74
-0.028191 -0.131471 1.046500 73 76 77
-0.025168 -0.128635 1.044153 74 77 78
-0.022034 -0.125786 1.042135 74 77 78
-0.018942 -0.122938 1.039976 75 79 80
-0.015784 -0.120079 1.037995 74 77 77
-0.012692 -0.117224 1.035808 74 77 77
-0.009480 -0.114351 1.033951 73 77 76
-0.006316 -0.111480 1.031938 73 76 76
-0.003134 -0.108603 1.029958 68 72 73
0.000026 -0.105726 1.027901 68 72 73
0.003180 -0.102846 1.025811 68 72 73
0.006322 -0.099964 1.023676 74 75 77
0.009403 -0.097091 1.021361 83 86 86
0.012387 -0.094233 1.018780 78 81 81
0.015338 -0.091380 1.016111 80 83 82
0.018337 -0.088518 1.013564 81 81 81
0.021453 -0.085631 1.011315 81 82 81
0.024556 -0.082745 1.009019 81 81 81
0.027718 -0.079844 1.006863 78 79 77
0.030816 -0.076954 1.004536 78 77 79
0.033924 -0.074060 1.002225 77 77 77
0.036898 -0.071196 0.999578 73 70 72
0.040095 -0.068277 0.997467 71 68 70
0.043204 -0.065377 0.995131 68 65 67
0.047399 -0.062205 0.995331 75 60 60
0.057905 -0.057406 1.010086 211 150 152
-0.076140 -0.176034 1.110803 130 142 170
-0.079605 -0.172719 1.083025 54 57 60
-0.076758 -0.169912 1.080195 48 50 53
-0.073971 -0.167104 1.077145 51 52 55
-0.071407 -0.164290 1.073273 54 53 55
-0.068433 -0.161493 1.070944 55 53 57
-0.065500 -0.158693 1.068455 55 55 59
-0.062591 -0.155892 1.065878 56 56 60
-0.059643 -0.153090 1.063432 56 57 60
-0.056834 -0.150290 1.060499 60 61 63
-0.053969 -0.147489 1.057765 61 63 65
-0.051015 -0.144686 1.055332 64 67 67
-0.048023 -0.141879 1.053022 65 68 68
-0.045038 -0.139070 1.050680 67 68 70
-0.041982 -0.136255 1.048559 70 71 73
-0.038927 -0.133436 1.046423 77 80 81
-0.035882 -0.130616 1.044238 86 90 89
-0.032835 -0.127792 1.042050 122 125 120
-0.029817 -0.124969 1.039761 155 156 146
-0.026684 -0.122131 1.037809 168 168 156
-0.023614 -0.119297 1.035652 170 171 159
-0.020445 -0.116447 1.033778 182 184 172
-0.017375 -0.113607 1.031591 178 177 166
-0.014139 -0.110740 1.029874 170 170 159
-0.010972 -0.107878 1.027938 171 170 159
-0.007786 -0.105009 1.026036 160 160 149
-0.004656 -0.102146 1.023956 138 138 128
-0.001550 -0.099283 1.021799 126 126 117
0.001569 -0.096415 1.019661 102 104 98
0.004659 -0.093551 1.017432 102 104 101
0.007652 -0.090702 1.014933 97 99 95
0.010622 -0.087857 1.012369 88 91 88
0.013625 -0.085005 1.009886 89 90 88
0.016725 -0.082130 1.007652 84 85 83
0.019776 -0.079264 1.005279 84 85 85
0.022897 -0.076381 1.003077 83 81 80
0.026012 -0.073497 1.000847 80 79 80
0.029181 -0.070597 0.998741 78 77 78
0.032338 -0.067697 0.996593 77 75 74
0.035122 -0.064889 0.993529 75 73 73
0.038179 -0.062011 0.991128 74 70 72
0.041530 -0.059056 0.989411 73 68 70
0.045266 -0.055992 0.988574 62 57 59
0.055463 -0.051154 1.002634 179 134 141
-0.087232 -0.171596 1.079310 46 46 47
-0.084573 -0.168801 1.075843 47 49 50
-0.081643 -0.166022 1.073449 49 52 55
-0.078705 -0.163243 1.071084 52 52 54
-0.075924 -0.160458 1.068113 53 53 55
-0.072966 -0.157677 1.065813 55 56 58
-0.070060 -0.154894 1.063308 56 57 60
-0.067036 -0.152108 1.061229 58 60 62
-0.064005 -0.149319 1.059160 61 63 65
-0.061168 -0.146534 1.056392 62 64 66
-0.058434 -0.143753 1.053267 65 67 69
-0.055516 -0.140965 1.050783 68 70 70
-0.052488 -0.138169 1.048671 77 79 79
-0.049548 -0.135377 1.046252 110 114 106
-0.046571 -0.132580 1.043944 167 168 156
-0.043598 -0.129782 1.041618 173 173 159
-0.040593 -0.126978 1.039383 171 171 156
-0.037520 -0.124165 1.037354 168 166 153
-0.034570 -0.121363 1.034926 167 165 152
-0.031502 -0.118545 1.032854 159 157 144
-0.028407 -0.115720 1.030850 162 160 145
-0.025118 -0.112864 1.029415 166 164 151
-0.022038 -0.110033 1.027327 168 164 151
-0.018839 -0.107180 1.025577 169 165 153
-0.015740 -0.104339 1.023511 169 165 153
-0.012620 -0.101492 1.021492 168 164 151
-0.009550 -0.098650 1.019314 171 166 151
-0.006497 -0.095808 1.017078 166 163 149
-0.003395 -0.092955 1.014966 169 165 153
-0.000308 -0.090102 1.012798 169 165 153
0.002735 -0.087256 1.010500 171 168 155
0.005764 -0.084410 1.008156 176 173 161
0.008786 -0.081565 1.005787 154 153 141
0.011900 -0.078697 1.003649 109 110 103
0.015006 -0.075828 1.001476 93 96 92
0.018120 -0.072955 0.999315 86 87 83
0.021207 -0.070086 0.997072 83 83 83
0.024367 -0.067196 0.995001 80 80 79
0.027549 -0.064298 0.992971 80 79 78
0.030617 -0.061427 0.990645 83 81 80
0.033696 -0.058551 0.988342 77 75 75
0.036675 -0.055701 0.985789 75 74 74
0.039953 -0.052766 0.983937 74 71 71
0.043552 -0.049735 0.982816 64 56 59
0.051242 -0.045506 0.991100 160 131 137
0.058663 -0.041306 0.998527 184 165 186
-0.093014 -0.176675 1.112417 125 136 152
-0.095977 -0.173374 1.085035 53 52 60
-0.094486 -0.170505 1.076726 42 42 45
-0.091806 -0.167731 1.073409 40 42 44
-0.089085 -0.164962 1.070274 46 48 50
-0.086245 -0.162199 1.067625 49 51 54
-0.083301 -0.159438 1.065379 52 54 56
-0.080395 -0.156674 1.062977 53 55 57
-0.077434 -0.153909 1.060776 56 57 60
-0.074471 -0.151141 1.058570 60 61 63
-0.071470 -0.148369 1.056490 62 64 66
-0.068495 -0.145596 1.054303 67 69 69
-0.065688 -0.142828 1.051502 67 71 70
-0.062885 -0.140061 1.048691 81 86 81
-0.059900 -0.137283 1.046518 150 153 142
-0.056970 -0.134506 1.044143 169 169 155
-0.054044 -0.131728 1.041747 166 166 152
-0.051075 -0.128945 1.039490 172 172 158
-0.048064 -0.126155 1.037360 172 172 158
-0.045046 -0.123362 1.035239 171 169 154
-0.042080 -0.120572 1.032939 167 167 153
-0.039116 -0.117781 1.030620 166 164 149
-0.036120 -0.114984 1.028396 162 160 147
-0.033087 -0.112179 1.026276 157 155 142
-0.029876 -0.109343 1.024684 163 161 146
-0.026824 -0.106528 1.022589 166 164 151
-0.023664 -0.103692 1.020798 168 167 154
-0.020612 -0.100870 1.018671 171 166 154
-0.017505 -0.098036 1.016689 170 166 153
-0.014475 -0.095213 1.014468 168 166 152
-0.011456 -0.092390 1.012210 170 168 154
-0.008388 -0.089555 1.010076 172 170 155
-0.005318 -0.086718 1.007935 172 170 157
-0.002271 -0.083882 1.005722 172 170 157
0.000804 -0.081038 1.003570 166 164 151
0.003861 -0.078196 1.001359 166 164 151
0.006992 -0.075333 0.999333 173 170 159
0.010144 -0.072463 0.997345 124 123 116
0.013343 -0.069577 0.995464 151 150 141
0.016460 -0.066709 0.993355 123 122 114
0.019607 -0.063830 0.991310 103 103 95
0.022769 -0.060944 0.989286 86 85 81
0.025931 -0.058055 0.987248 81 80 78
0.029193 -0.055135 0.985439 80 79 78
0.032419 -0.052222 0.983524 80 79 78
0.035543 -0.049334 0.981348 77 76 75
0.038569 -0.046474 0.978930 75 72 74
0.041759 -0.043562 0.976889 71 61 66
0.050086 -0.039059 0.986661 173 125 134
0.056964 -0.034956 0.992860 209 143 147
-0.101100 -0.175465 1.106544 129 131 151
-0.103860 -0.172223 1.079456 46 49 50
-0.101582 -0.169433 1.074457 47 48 52
-0.098947 -0.166674 1.071021 47 47 49
-0.096138 -0.163926 1.068321 40 40 42
-0.093425 -0.161176 1.065238 44 46 49
-0.090522 -0.158431 1.062925 51 53 57
-0.087652 -0.155684 1.060471 54 56 58
-0.084773 -0.152936 1.058050 57 59 61
-0.081774 -0.150185 1.056082 61 63 64
-0.078812 -0.147431 1.053953 65 68 68
-0.075894 -0.144676 1.051648 68 70 70
-0.072945 -0.141917 1.049449 80 82 78
-0.070182 -0.139169 1.046567 158 161 148
-0.067274 -0.136411 1.044209 165 164 149
-0.064346 -0.133649 1.041913 157 157 141
-0.061401 -0.130885 1.039666 165 165 149
-0.058497 -0.128122 1.037268 170 170 154
-0.055481 -0.125346 1.035245 173 169 155
-0.052501 -0.122571 1.033082 173 168 154
-0.049667 -0.119812 1.030431 166 164 151
-0.046810 -0.117051 1.027851 166 164 149
-0.044052 -0.114303 1.024957 164 162 147
-0.040998 -0.111512 1.023003 162 160 147
-0.037870 -0.108704 1.021262 160 158 145
-0.034655 -0.105878 1.019767 159 158 142
-0.031608 -0.103075 1.017735 160 158 145
-0.028427 -0.100245 1.016085 158 156 143
-0.025369 -0.097434 1.014050 160 158 144
-0.022255 -0.094608 1.012164 162 160 145
-0.019241 -0.091799 1.009970 160 159 144
-0.016244 -0.088992 1.007714 159 157 143
-0.013227 -0.086179 1.005506 165 163 149
-0.010207 -0.083362 1.003297 165 163 149
-0.007199 -0.080547 1.001043 163 161 148
-0.004144 -0.077718 0.998906 172 170 155
-0.001097 -0.074889 0.996739 169 167 154
0.002043 -0.072033 0.994807 168 166 153
0.005226 -0.069164 0.992970 173 173 161
0.008494 -0.066267 0.991335 115 115 108
0.011741 -0.063372 0.989625 155 153 139
0.014961 -0.060480 0.987822 155 154 137
0.018183 -0.057583 0.986006 162 158 144
0.021325 -0.054706 0.983970 124 122 112
0.024543 -0.051804 0.982106 96 95 91
0.027787 -0.048889 0.980289 91 90 86
0.031030 -0.045972 0.978449 86 87 84
0.034080 -0.043111 0.976133 86 83 83
0.036985 -0.040294 0.973469 92 84 83
0.040384 -0.037318 0.971951 80 66 66
0.050921 -0.032001 0.986807 193 135 137
0.055352 -0.028636 0.987405 211 145 150
-0.108918 -0.174288 1.101308 140 101 105
-0.111324 -0.171112 1.075198 50 44 48
-0.108609 -0.168372 1.072155 48 48 50
-0.105828 -0.165637 1.069407 45 47 51
-0.103074 -0.162902 1.066549 46 48 50
-0.100318 -0.160169 1.063710 47 49 53
-0.097576 -0.157437 1.060817 41 43 45
-0.094748 -0.154706 1.058283 52 55 57
-0.091833 -0.151974 1.056092 56 60 61
-0.088897 -0.149238 1.053971 62 66 66
-0.085914 -0.146498 1.052020 62 65 65
-0.083006 -0.143758 1.049763 74 78 76
-0.080222 -0.141024 1.047028 122 123 114
-0.077299 -0.138280 1.044815 167 167 153
-0.074393 -0.135536 1.042529 162 162 146
-0.071573 -0.132797 1.039923 162 162 146
-0.068677 -0.130052 1.037585 159 159 143
-0.065726 -0.127298 1.035432 169 169 153
-0.062964 -0.124565 1.032617 166 164 149
-0.060164 -0.121827 1.029935 157 153 139
-0.057450 -0.119102 1.026963 153 148 134
-0.054904 -0.116403 1.023443 165 160 146
-0.052270 -0.113695 1.020238 163 161 146
-0.049730 -0.111006 1.016742 164 162 149
-0.046702 -0.108238 1.014828 160 161 147
-0.043477 -0.105431 1.013520 157 157 143
-0.039796 -0.102534 1.013598 159 157 144
-0.036311 -0.099661 1.013005 164 162 149
-0.033049 -0.096824 1.011684 164 163 149
-0.030012 -0.094026 1.009658 165 162 149
-0.026891 -0.091208 1.007863 168 164 151
-0.023912 -0.088417 1.005633 160 160 146
-0.020945 -0.085627 1.003360 158 157 143
-0.017970 -0.082833 1.001098 155 153 138
-0.014993 -0.080037 0.998834 165 163 148
-0.012048 -0.077248 0.996474 166 164 151
-0.009051 -0.074444 0.994247 165 163 148
-0.006008 -0.071625 0.992137 171 169 155
-0.002882 -0.068783 0.990238 169 167 154
0.000302 -0.065920 0.988477 160 159 146
0.003566 -0.063032 0.986903 170 168 157
0.006884 -0.060123 0.985445 164 162 150
0.010247 -0.057196 0.984078 162 160 145
0.013586 -0.054270 0.982617 154 152 137
0.016784 -0.051382 0.980777 153 149 133
0.020021 -0.048477 0.979015 162 155 138
0.023260 -0.045569 0.977237 159 153 137
0.026524 -0.042648 0.975499 132 128 118
0.029734 -0.039741 0.973612 99 96 93
0.032697 -0.036913 0.971120 140 134 122
0.035369 -0.034180 0.967944 105 94 89
0.039247 -0.031040 0.967574 110 88 91
0.049757 -0.025601 0.982362 201 138 139
0.053664 -0.022399 0.981791 212 147 149
-0.118493 -0.172976 1.087374 131 92 93
-0.118206 -0.170050 1.073123 54 51 52
-0.115443 -0.167329 1.070371 51 50 51
-0.112699 -0.164609 1.067535 49 49 51
-0.109956 -0.161889 1.064706 48 48 50
-0.107176 -0.159172 1.062042 47 49 51
-0.104441 -0.156455 1.059192 47 49 51
-0.101654 -0.153739 1.056563 39 42 43
-0.098836 -0.151022 1.054065 56 60 61
-0.095943 -0.148303 1.051864 60 64 65
-0.092992 -0.145579 1.049883 68 70 71
-0.090082 -0.142853 1.047724 83 85 83
-0.087219 -0.140129 1.045370 152 150 136
-0.084248 -0.137395 1.043425 152 148 132
-0.081379 -0.134666 1.041072 150 148 133
-0.078609 -0.131945 1.038350 163 163 147
-0.075770 -0.129218 1.035884 164 164 148
-0.072925 -0.126490 1.033432 162 163 147
-0.070156 -0.123770 1.030707 129 131 116
-0.067613 -0.121081 1.027198 140 140 126
-0.065934 -0.118519 1.020725 162 157 143
-0.065374 -0.116147 1.010546 160 160 147
-0.065410 -0.113908 0.998562 186 185 172
-0.065139 -0.111665 0.987848 205 203 192
-0.062397 -0.109026 0.985437 200 201 188
-0.059092 -0.106282 0.984845 182 182 169
-0.053067 -0.103006 0.992881 160 160 146
-0.042427 -0.096595 1.003764 168 166 153
-0.037963 -0.093516 1.006276 167 165 152
-0.034688 -0.090677 1.005054 170 168 154
-0.031594 -0.087874 1.003254 169 167 153
-0.028560 -0.085081 1.001257 167 165 152
-0.025595 -0.082301 0.999045 166 164 151
-0.022635 -0.079521 0.996809 163 161 146
-0.019689 -0.076743 0.994521 160 159 144
-0.016795 -0.073977 0.992081 165 163 148
-0.013837 -0.071193 0.989815 162 160 146
-0.010798 -0.068385 0.987761 172 170 155
-0.007679 -0.065552 0.985912 172 170 157
-0.004505 -0.062700 0.984191 176 174 161
-0.001354 -0.059850 0.982390 110 111 104
0.001980 -0.056942 0.981047 150 148 138
0.005385 -0.054006 0.979860 163 163 149
0.008857 -0.051043 0.978811 156 154 139
0.012239 -0.048102 0.977498 159 156 140
0.015609 -0.045159 0.976122 158 154 138
0.018888 -0.042240 0.974494 166 161 145
0.022057 -0.039354 0.972574 163 158 142
0.025269 -0.036450 0.970740 170 163 147
0.028376 -0.033578 0.968637 153 145 129
0.030863 -0.030921 0.965054 167 158 141
0.033694 -0.028145 0.962298 88 78 77
0.038829 -0.024544 0.964874 151 117 110
0.048441 -0.019296 0.977579 214 181 162
-0.124575 -0.171960 1.089059 134 93 96
-0.125020 -0.169000 1.071023 51 46 50
-0.122285 -0.166294 1.068227 54 50 54
-0.119444 -0.163594 1.065915 51 49 52
-0.116729 -0.160889 1.063034 51 49 52
-0.114000 -0.158185 1.060223 51 49 52
-0.111143 -0.155483 1.057972 49 51 53
-0.108351 -0.152780 1.055437 49 52 53
-0.105543 -0.150076 1.052966 43 47 48
-0.102708 -0.147371 1.050605 56 61 61
-0.099876 -0.144665 1.048223 64 68 69
-0.096983 -0.141954 1.046083 88 92 89
-0.094001 -0.139234 1.044286 153 153 137
-0.091082 -0.136515 1.042217 152 149 131
-0.088262 -0.133802 1.039751 156 153 135
-0.085474 -0.131093 1.037159 154 152 137
-0.082701 -0.128384 1.034514 158 158 142
-0.079801 -0.125661 1.032336 137 138 124
-0.077022 -0.122952 1.029710 129 132 117
-0.074535 -0.120284 1.026033 155 157 142
-0.074246 -0.117949 1.014601 163 163 149
-0.078655 -0.116403 0.986988 212 214 202
-0.076030 -0.113807 0.984306 215 217 205
-0.073469 -0.111223 0.981408 217 219 206
-0.070706 -0.108603 0.979198 217 219 207
-0.067749 -0.105945 0.977626 217 219 206
-0.064912 -0.103307 0.975638 217 219 207
-0.061882 -0.100626 0.974259 218 220 208
-0.057961 -0.097748 0.975689 187 187 174
-0.050869 -0.094145 0.986988 167 165 152
-0.044683 -0.090685 0.995123 168 166 153
-0.039995 -0.087532 0.998398 169 167 153
-0.036392 -0.084617 0.998242 169 167 152
-0.033243 -0.081805 0.996668 166 164 149
-0.030214 -0.079020 0.994715 168 166 151
-0.027259 -0.076251 0.992532 169 167 152
-0.024328 -0.073486 0.990266 164 161 146
-0.021453 -0.070736 0.987836 158 155 140
-0.018508 -0.067965 0.985598 157 155 140
-0.015485 -0.065170 0.983565 168 166 151
-0.012351 -0.062339 0.981826 171 169 154
-0.009167 -0.059490 0.980198 169 167 154
-0.006040 -0.056653 0.978399 141 137 128
-0.002867 -0.053799 0.976698 100 100 91
0.000518 -0.050873 0.975532 147 148 135
0.004141 -0.047863 0.974949 160 160 147
0.007658 -0.044880 0.974045 160 157 143
0.011130 -0.041905 0.972990 157 153 137
0.014476 -0.038965 0.971584 156 152 136
0.017631 -0.036087 0.969679 151 146 128
0.020839 -0.033188 0.967885 157 151 133
0.024021 -0.030294 0.966008 159 151 132
0.026804 -0.027541 0.963163 159 150 131
0.029319 -0.024888 0.959691 124 116 105
0.032430 -0.022016 0.957627 106 94 92
0.042514 -0.016517 0.971650 195 182 165
-0.128671 -0.171100 1.100452 160 109 108
-0.131620 -0.167970 1.069614 46 40 40
-0.128960 -0.165275 1.066528 52 49 51
-0.126238 -0.162585 1.063751 52 51 52
-0.123369 -0.159899 1.061659 52 51 52
-0.120601 -0.157210 1.059096 52 51 54
-0.117816 -0.154521 1.056607 52 52 54
-0.114948 -0.151830 1.054478 51 53 55
-0.112144 -0.149138 1.052062 53 55 56
-0.109386 -0.146448 1.049444 48 52 53
-0.106503 -0.143751 1.047354 60 65 64
-0.103592 -0.141049 1.045366 87 92 90
-0.100654 -0.138342 1.043468 160 157 143
-0.097776 -0.135637 1.041311 152 148 132
-0.094974 -0.132938 1.038842 155 152 135
-0.092214 -0.130242 1.036202 156 152 136
-0.089415 -0.127542 1.033718 155 151 135
-0.086620 -0.124842 1.031214 120 120 105
-0.083795 -0.122138 1.028820 153 153 137
-0.081086 -0.119450 1.025995 163 162 147
-0.083569 -0.117577 1.004296 171 173 159
-0.085390 -0.115688 0.985503 217 217 208
-0.082921 -0.113131 0.982324 217 219 206
-0.080167 -0.110525 0.980163 217 219 206
-0.077514 -0.107937 0.977645 217 219 206
-0.074812 -0.105339 0.975292 217 219 206
-0.071822 -0.102681 0.973904 217 219 207
-0.069162 -0.100089 0.971395 217 219 207
-0.066202 -0.097430 0.969866 217 219 206
-0.063274 -0.094774 0.968209 217 216 204
-0.059176 -0.091836 0.970250 184 182 169
-0.053443 -0.088475 0.977305 181 181 167
-0.046718 -0.084819 0.987192 172 170 157
-0.041716 -0.081556 0.991493 164 162 148
-0.037854 -0.078565 0.992180 163 161 146
-0.034693 -0.075752 0.990693 163 161 146
-0.031769 -0.073000 0.988483 167 165 149
-0.028862 -0.070252 0.986211 169 165 149
-0.026003 -0.067516 0.983796 160 160 143
-0.023088 -0.064763 0.981533 162 157 143
-0.020099 -0.061985 0.979471 165 163 148
-0.016929 -0.059149 0.977900 170 168 153
-0.013735 -0.056301 0.976368 171 169 155
-0.010685 -0.053495 0.974419 171 169 156
-0.007557 -0.050661 0.972665 145 140 131
-0.004165 -0.047734 0.971591 103 103 98
-0.000359 -0.044661 0.971559 157 157 143
0.003245 -0.041647 0.970946 160 157 142
0.006727 -0.038667 0.969977 160 156 140
0.010073 -0.035729 0.968625 158 154 138
0.013255 -0.032845 0.966838 152 147 131
0.016487 -0.029939 0.965154 155 147 130
0.019705 -0.027034 0.963413 159 151 133
0.022499 -0.024286 0.960631 156 147 130
0.024864 -0.021701 0.956829 141 130 115
0.027463 -0.019030 0.953606 87 78 76
0.034446 -0.014652 0.960608 130 118 112
0.041761 -0.010105 0.968162 145 135 127
-0.137917 -0.166965 1.069412 56 47 46
-0.135272 -0.164280 1.066292 52 49 49
-0.132741 -0.161595 1.062640 48 45 45
-0.129939 -0.158920 1.060318 51 50 51
-0.127083 -0.156245 1.058248 52 51 52
-0.124323 -0.153567 1.055713 51 51 52
-0.121526 -0.150889 1.053347 52 52 54
-0.118657 -0.148207 1.051294 52 54 56
-0.115851 -0.145526 1.048953 54 57 57
-0.113066 -0.142844 1.046509 56 60 61
-0.110148 -0.140153 1.044632 78 84 82
-0.107272 -0.137461 1.042557 168 166 152
-0.104411 -0.134768 1.040406 157 156 139
-0.101615 -0.132080 1.037978 154 152 136
-0.098822 -0.129391 1.035533 152 148 132
-0.096033 -0.126703 1.033072 149 146 129
-0.093221 -0.124011 1.030695 130 126 111
-0.090459 -0.121325 1.028121 150 147 130
-0.087779 -0.118652 1.025234 157 153 137
-0.086327 -0.116182 1.017774 162 160 146
-0.091569 -0.114897 0.985811 214 216 204
-0.089421 -0.112407 0.981491 215 217 205
-0.086746 -0.109825 0.979111 217 219 207
-0.084075 -0.107244 0.976712 217 219 206
-0.081397 -0.104661 0.974339 217 219 206
-0.078629 -0.102058 0.972269 217 219 206
-0.075807 -0.099441 0.970374 217 219 206
-0.072984 -0.096821 0.968467 217 219 207
-0.070061 -0.094175 0.966877 217 219 207
-0.067211 -0.091543 0.965023 218 219 207
-0.063411 -0.088666 0.966208 193 190 178
-0.058594 -0.085507 0.970526 167 163 151
-0.053120 -0.082142 0.976728 191 190 178
-0.047711 -0.078756 0.982507 149 149 136
-0.042693 -0.075444 0.986882 156 156 141
-0.039114 -0.072518 0.986744 158 156 141
-0.036141 -0.069760 0.984742 162 160 145
-0.033324 -0.067047 0.982264 166 164 148
-0.030486 -0.064327 0.979848 165 163 149
-0.027635 -0.061601 0.977465 159 158 142
-0.024770 -0.058871 0.975117 156 154 139
-0.021619 -0.056047 0.973563 162 160 145
-0.018375 -0.053187 0.972241 172 170 157
-0.015266 -0.050368 0.970521 173 171 158
-0.012079 -0.047518 0.968991 146 143 132
-0.008642 -0.044577 0.968102 120 120 111
-0.004713 -0.041454 0.968471 163 161 146
-0.001108 -0.038436 0.967928 153 151 136
0.002294 -0.035484 0.966812 159 155 139
0.005593 -0.032564 0.965400 151 150 133
0.008795 -0.029676 0.963715 153 148 132
0.012097 -0.026745 0.962259 155 147 132
0.015356 -0.023827 0.960670 150 142 126
0.018248 -0.021048 0.958165 151 142 126
0.020413 -0.018555 0.953908 156 143 128
0.022864 -0.015954 0.950369 90 84 81
0.026677 -0.012807 0.950053 116 106 103
0.036377 -0.007247 0.963373 133 123 114
-0.144150 -0.165967 1.069294 64 52 51
-0.141612 -0.163289 1.065673 55 52 52
-0.139035 -0.160617 1.062288 52 51 50
-0.136388 -0.157951 1.059273 50 49 48
-0.133552 -0.155288 1.057189 50 49 50
-0.130779 -0.152622 1.054788 51 51 50
-0.128000 -0.149956 1.052415 52 53 53
-0.125217 -0.147289 1.050055 53 55 54
-0.122399 -0.144619 1.047842 54 56 58
-0.119586 -0.141947 1.045604 61 64 64
-0.116752 -0.139272 1.043442 74 78 76
-0.113879 -0.136592 1.041440 156 156 143
-0.111038 -0.133912 1.039285 158 157 140
-0.108238 -0.131235 1.036946 159 158 141
-0.105490 -0.128563 1.034385 159 156 140
-0.102692 -0.125884 1.032027 154 152 135
-0.099893 -0.123204 1.029670 140 136 120
-0.097092 -0.120523 1.027314 149 145 129
-0.094369 -0.117854 1.024650 156 152 136
-0.092063 -0.115257 1.020386 164 160 144
-0.096979 -0.113979 0.988870 188 190 177
-0.095415 -0.111605 0.982325 214 216 204
-0.093085 -0.109097 0.978713 215 217 205
-0.090487 -0.106539 0.976102 217 219 206
-0.087923 -0.103989 0.973375 217 217 206
-0.085300 -0.101428 0.970864 215 217 203
-0.082569 -0.098841 0.968728 217 217 206
-0.079741 -0.096230 0.966917 217 219 207
-0.076992 -0.093635 0.964825 218 219 207
-0.074097 -0.091002 0.963206 218 219 207
-0.070926 -0.088292 0.962477 214 216 203
-0.067354 -0.085466 0.963008 194 193 180
-0.062604 -0.082300 0.967238 158 155 143
-0.057196 -0.078918 0.973379 176 177 165
-0.052717 -0.075769 0.976393 201 201 192
-0.047954 -0.072512 0.980146 164 163 149
-0.043682 -0.069378 0.982242 158 156 142
-0.040561 -0.066582 0.980758 159 157 142
-0.037714 -0.063869 0.978431 159 157 142
-0.034888 -0.061161 0.976038 163 161 146
-0.032109 -0.058468 0.973506 163 161 146
-0.029337 -0.055778 0.970951 122 123 111
-0.026302 -0.052997 0.969140 130 133 123
-0.023078 -0.050148 0.967839 165 163 151
-0.019889 -0.047307 0.966410 171 171 157
-0.016621 -0.044432 0.965171 169 169 153
-0.013091 -0.041457 0.964605 162 162 148
-0.009073 -0.038293 0.965292 160 160 146
-0.005579 -0.035313 0.964523 154 152 137
-0.002131 -0.032343 0.963589 155 150 136
0.001198 -0.029412 0.962314 154 149 135
0.004405 -0.026524 0.960696 154 149 133
0.007750 -0.023578 0.959402 152 146 130
0.011015 -0.020658 0.957881 153 146 130
0.014021 -0.017839 0.955696 154 145 129
0.016132 -0.015384 0.951333 160 147 133
0.018457 -0.012847 0.947519 100 94 92
0.021660 -0.009947 0.945819 90 77 78
0.029422 -0.005120 0.954791 132 119 112
-0.149080 -0.165042 1.075942 103 72 67
-0.148033 -0.162301 1.064356 56 50 50
-0.145355 -0.159646 1.061547 55 52 52
-0.142613 -0.156992 1.059070 54 53 52
-0.139972 -0.154340 1.056087 52 51 52
-0.137202 -0.151687 1.053755 50 51 49
-0.134421 -0.149032 1.051466 52 53 53
-0.131657 -0.146377 1.049093 54 56 56
-0.128882 -0.143720 1.046761 54 57 57
-0.126093 -0.141062 1.044489 58 60 62
-0.123325 -0.138404 1.042114 68 70 71
-0.120451 -0.135734 1.040208 120 123 114
-0.117607 -0.133065 1.038149 158 158 142
-0.114832 -0.130402 1.035777 157 157 141
-0.112111 -0.127744 1.033170 157 155 139
-0.109400 -0.125089 1.030523 150 149 132
-0.106587 -0.122418 1.028304 157 155 138
-0.103792 -0.119750 1.025999 160 157 141
-0.101076 -0.117093 1.023371 156 155 138
-0.098526 -0.114467 1.020092 159 158 141
-0.097626 -0.112157 1.010423 166 165 148
-0.100993 -0.110731 0.984624 194 195 186
-0.099145 -0.108328 0.979173 213 216 203
-0.096843 -0.105841 0.975492 215 217 205
-0.094295 -0.103304 0.972756 218 219 207
-0.091721 -0.100763 0.970116 215 217 205
-0.089109 -0.098213 0.967623 217 216 205
-0.086396 -0.095638 0.965484 217 216 205
-0.083596 -0.093040 0.963638 217 219 206
-0.080814 -0.090444 0.961715 218 219 207
-0.077927 -0.087816 0.960132 217 216 205
-0.074721 -0.085096 0.959591 205 203 193
-0.071142 -0.082261 0.960223 189 185 173
-0.065997 -0.078953 0.965858 159 157 144
-0.060858 -0.075611 0.971265 173 173 162
-0.056513 -0.072481 0.973955 196 197 188
-0.052361 -0.069390 0.975911 176 178 167
-0.048140 -0.066258 0.977965 164 162 148
-0.044906 -0.063430 0.976897 159 157 142
-0.041978 -0.060698 0.974879 163 161 146
-0.039172 -0.058005 0.972481 164 162 147
-0.036490 -0.055355 0.969717 164 162 147
-0.033878 -0.052729 0.966758 120 123 113
-0.030923 -0.049983 0.964787 95 100 97
-0.027716 -0.047144 0.963513 120 123 117
-0.024425 -0.044268 0.962444 169 169 155
-0.020925 -0.041309 0.961912 169 169 155
-0.017046 -0.038197 0.962368 166 164 149
-0.013236 -0.035101 0.962561 163 161 146
-0.009773 -0.032129 0.961770 160 159 143
-0.006342 -0.029164 0.960851 158 154 138
-0.003027 -0.026238 0.959592 153 148 134
0.000151 -0.023362 0.957952 152 149 133
0.003482 -0.020420 0.956676 155 150 134
0.006737 -0.017505 0.955179 150 142 127
0.009797 -0.014667 0.953176 147 137 123
0.011932 -0.012218 0.948891 159 144 132
0.013982 -0.009812 0.944438 108 102 98
0.016980 -0.007003 0.942297 80 68 67
0.022879 -0.002926 0.947015 128 110 102
0.030683 0.002016 0.956031 178 168 148
-0.154170 -0.161330 1.064263 54 44 44
-0.151547 -0.158684 1.061209 57 51 50
-0.148882 -0.156041 1.058395 54 51 51
-0.146212 -0.153399 1.055617 53 52 51
-0.143495 -0.150757 1.053088 54 53 52
-0.140784 -0.148116 1.050526 53 54 52
-0.138018 -0.145472 1.048236 55 56 55
-0.135272 -0.142828 1.045845 56 59 58
-0.132507 -0.140182 1.043535 57 60 59
-0.129773 -0.137538 1.041078 58 62 63
-0.127003 -0.134889 1.038784 83 86 85
-0.124140 -0.132229 1.036903 160 162 149
-0.121344 -0.129574 1.034699 147 148 132
-0.118623 -0.126928 1.032161 150 150 134
-0.115920 -0.124284 1.029545 147 146 130
-0.113217 -0.121641 1.026931 139 139 123
-0.110397 -0.118979 1.024811 154 153 137
-0.107617 -0.116322 1.022514 159 157 142
-0.104865 -0.113669 1.020095 163 163 147
-0.102553 -0.111103 1.015914 163 163 147
-0.104155 -0.109359 0.996377 184 182 168
-0.104469 -0.107413 0.982334 194 195 183
-0.102586 -0.105023 0.977021 209 211 199
-0.100400 -0.102576 0.972932 217 216 205
-0.097938 -0.100069 0.969919 215 217 205
-0.095418 -0.097550 0.967130 217 216 205
-0.092793 -0.095005 0.964732 217 217 206
-0.090117 -0.092447 0.962517 217 216 205
-0.087289 -0.089846 0.960828 217 217 206
-0.084434 -0.087234 0.959211 217 217 206
-0.081463 -0.084585 0.957970 207 206 196
-0.078055 -0.081801 0.958171 196 190 181
-0.074124 -0.078848 0.960041 160 155 143
-0.069270 -0.075590 0.964827 158 154 144
-0.064366 -0.072286 0.969582 178 178 167
-0.060353 -0.069241 0.971302 196 198 189
-0.056421 -0.066206 0.972656 192 192 181
-0.052325 -0.063101 0.974423 166 165 151
-0.049083 -0.060270 0.973456 164 162 147
-0.046133 -0.057536 0.971561 166 164 149
-0.043347 -0.054858 0.969155 166 164 149
-0.040731 -0.052240 0.966248 165 163 148
-0.038258 -0.049676 0.962929 119 122 113
-0.035338 -0.046949 0.960921 88 94 90
-0.032119 -0.044107 0.959751 92 99 94
-0.028744 -0.041199 0.958989 169 169 155
-0.025001 -0.038142 0.959207 165 165 151
-0.020872 -0.034922 0.960420 167 165 150
-0.017230 -0.031882 0.960221 167 165 150
-0.013879 -0.028951 0.959183 162 160 144
-0.010512 -0.026008 0.958150 160 157 143
-0.007226 -0.023093 0.956871 157 152 137
-0.004051 -0.020219 0.955274 147 143 129
-0.000721 -0.017277 0.954048 156 151 136
0.002503 -0.014374 0.952525 151 146 130
0.005504 -0.011565 0.950416 153 144 130
0.007639 -0.009132 0.946157 164 149 136
0.009513 -0.006821 0.941298 125 116 111
0.012330 -0.004097 0.938767 78 68 66
0.016426 -0.000796 0.939293 148 129 117
0.025857 0.004943 0.952357 160 151 132
-0.159307 -0.160392 1.069584 71 45 51
-0.157555 -0.157731 1.061636 57 51 51
-0.155055 -0.155096 1.057960 54 51 51
-0.152460 -0.152467 1.054842 53 52 51
-0.149747 -0.149836 1.052360 54 53 52
-0.147025 -0.147205 1.049925 54 53 52
-0.144306 -0.144574 1.047477 55 56 54
-0.141564 -0.141941 1.045136 54 57 55
-0.138844 -0.139309 1.042686 57 60 60
-0.136107 -0.136675 1.040313 61 64 63
-0.133391 -0.134042 1.037836 68 71 72
-0.130566 -0.131396 1.035864 120 122 115
-0.127787 -0.128753 1.033670 156 156 141
-0.125048 -0.126115 1.031280 157 158 142
-0.122346 -0.123482 1.028725 157 157 141
-0.119646 -0.120850 1.026157 152 152 136
-0.116927 -0.118214 1.023677 150 150 134
-0.114110 -0.115560 1.021612 149 149 133
-0.111355 -0.112916 1.019271 150 148 133
-0.108605 -0.110272 1.016908 149 149 133
-0.106620 -0.107794 1.011443 158 159 144
-0.107995 -0.106090 0.992665 201 201 188
-0.107322 -0.103977 0.982410 195 195 186
-0.105857 -0.101705 0.975456 200 201 189
-0.103773 -0.099296 0.970991 211 211 201
-0.101409 -0.096823 0.967636 215 216 204
-0.098970 -0.094334 0.964587 215 216 205
-0.096308 -0.091786 0.962375 217 217 206
-0.093656 -0.089240 0.960115 217 216 205
-0.090836 -0.086644 0.958452 212 213 201
-0.087930 -0.084020 0.957068 206 205 194
-0.084766 -0.081312 0.956547 193 190 179
-0.081143 -0.078451 0.957540 166 160 148
-0.076762 -0.075334 0.960993 155 149 138
-0.071878 -0.072028 0.965958 163 160 148
-0.067834 -0.068973 0.967975 187 186 177
-0.064149 -0.066022 0.968716 195 197 187
-0.060356 -0.063022 0.969714 188 189 179
-0.056368 -0.059939 0.971234 164 164 150
-0.053139 -0.057112 0.970295 164 164 150
-0.050192 -0.054384 0.968446 163 162 147
-0.047449 -0.051728 0.965964 163 161 146
-0.044907 -0.049148 0.962879 162 160 145
-0.042506 -0.046624 0.959393 107 110 101
-0.039570 -0.043895 0.957491 86 90 85
-0.036359 -0.041056 0.956365 98 105 97
-0.032981 -0.038146 0.955679 169 169 155
-0.028846 -0.034921 0.957078 160 161 147
-0.024713 -0.031683 0.958378 167 165 150
-0.021190 -0.028685 0.957908 166 164 149
-0.017936 -0.025791 0.956661 164 162 147
-0.014614 -0.022865 0.955562 160 158 143
-0.011333 -0.019950 0.954323 156 153 138
-0.008153 -0.017074 0.952786 149 147 132
-0.004826 -0.014130 0.951607 148 144 129
-0.001670 -0.011258 0.949955 154 149 134
0.001283 -0.008472 0.947771 156 150 134
0.003459 -0.006037 0.943638 169 155 143
0.005235 -0.003791 0.938552 141 126 120
0.007840 -0.001170 0.935546 91 83 80
0.011645 0.002007 0.935444 148 128 116
0.021057 0.007825 0.948660 140 128 108
-0.162409 -0.159496 1.087011 170 117 118
-0.163422 -0.156784 1.062662 55 47 50
-0.161166 -0.154160 1.057609 54 50 50
-0.158557 -0.151540 1.054607 54 51 51
-0.155991 -0.148925 1.051398 53 52 51
-0.153230 -0.146303 1.049251 54 53 52
-0.150495 -0.143681 1.046956 55 56 54
-0.147798 -0.141061 1.044455 56 57 55
-0.145081 -0.138439 1.042059 57 57 56
-0.142379 -0.135819 1.039584 60 63 61
-0.139662 -0.133196 1.037183 63 68 67
-0.136949 -0.130573 1.034756 74 79 79
-0.134168 -0.127940 1.032653 158 160 149
-0.131433 -0.125313 1.030321 159 159 145
-0.128732 -0.122690 1.027828 158 158 143
-0.126023 -0.120066 1.025367 159 158 143
-0.123334 -0.117445 1.022822 155 153 138
-0.120608 -0.114818 1.020434 160 159 144
-0.117820 -0.112177 1.018313 160 160 143
-0.115099 -0.109549 1.015894 159 158 143
-0.112414 -0.106928 1.013324 162 162 147
-0.111219 -0.104660 1.004645 168 170 155
-0.111232 -0.102716 0.991268 199 201 189
-0.109553 -0.100389 0.984951 199 198 187
-0.108073 -0.098131 0.977968 187 186 176
-0.106637 -0.095905 0.970944 196 195 187
-0.104328 -0.093453 0.967383 202 201 193
-0.102168 -0.091050 0.963291 205 205 196
-0.099658 -0.088550 0.960546 205 205 195
-0.096928 -0.085985 0.958610 202 201 192
-0.094059 -0.083374 0.957164 195 195 184
-0.090953 -0.080685 0.956528 176 172 161
-0.087388 -0.077839 0.957453 149 144 132
-0.083063 -0.074728 0.960907 150 145 133
-0.078579 -0.071540 0.964744 162 157 146
-0.074820 -0.068577 0.965979 184 182 170
-0.071243 -0.065664 0.966511 194 193 183
-0.067719 -0.062759 0.966788 198 198 189
-0.063957 -0.059756 0.967763 176 177 165
-0.060227 -0.056752 0.968542 165 165 149
-0.057112 -0.053967 0.967305 162 162 147
-0.054204 -0.051256 0.965395 160 161 146
-0.051513 -0.048627 0.962803 154 152 137
-0.049011 -0.046073 0.959639 164 162 147
-0.046636 -0.043572 0.956116 91 95 88
-0.043634 -0.040821 0.954464 83 89 84
-0.040329 -0.037943 0.953674 130 133 124
-0.036790 -0.034961 0.953515 167 167 153
-0.032549 -0.031674 0.955294 164 164 150
-0.028500 -0.028455 0.956427 167 165 150
-0.025112 -0.025507 0.955638 165 163 147
-0.021896 -0.022628 0.954336 162 160 146
-0.018618 -0.019717 0.953172 162 158 144
-0.015362 -0.016811 0.951916 152 150 135
-0.012202 -0.013944 0.950375 155 150 136
-0.008869 -0.010995 0.949261 156 151 137
-0.005788 -0.008156 0.947463 152 147 133
-0.002906 -0.005407 0.945140 157 149 136
-0.000714 -0.002980 0.941073 160 146 133
0.001027 -0.000770 0.935915 138 120 109
0.003716 0.001882 0.933152 100 93 90
0.007238 0.004933 0.932420 148 129 114
0.016252 0.010650 0.944868 116 106 87
-0.168950 -0.155842 1.065540 71 50 55
-0.167024 -0.153227 1.058465 56 49 50
-0.164552 -0.150619 1.054704 53 50 50
-0.162057 -0.148016 1.051126 53 51 51
-0.159462 -0.145413 1.048136 53 52 51
-0.156728 -0.142802 1.045926 55 54 53
-0.153983 -0.140189 1.043761 56 56 56
-0.151274 -0.137578 1.041400 57 57 56
-0.148558 -0.134965 1.039067 58 60 58
-0.145885 -0.132357 1.036511 62 65 63
-0.143202 -0.129748 1.034004 67 70 70
-0.140517 -0.127139 1.031514 88 95 91
-0.137780 -0.124521 1.029271 163 164 151
-0.135076 -0.121908 1.026863 159 159 145
-0.132380 -0.119296 1.024417 159 159 145
-0.129670 -0.116681 1.022032 160 159 145
-0.126991 -0.114072 1.019503 159 158 142
-0.124273 -0.111455 1.017149 163 163 145
-0.121533 -0.108832 1.014885 162 162 145
-0.118854 -0.106223 1.012354 162 162 146
-0.116115 -0.103599 1.010078 162 162 146
-0.114994 -0.101388 1.001068 169 171 156
-0.114311 -0.099321 0.990460 199 200 190
-0.112364 -0.096943 0.985197 198 200 187
-0.110403 -0.094573 0.980070 198 197 188
-0.108315 -0.092177 0.975523 188 187 179
-0.106480 -0.089864 0.970061 171 170 161
-0.104678 -0.087575 0.964558 169 168 159
-0.102238 -0.085098 0.961540 158 157 146
-0.099459 -0.082514 0.959787 149 147 137
-0.096399 -0.079835 0.959042 137 136 126
-0.092666 -0.076924 0.960664 147 141 129
-0.088430 -0.073824 0.963957 156 151 139
-0.084488 -0.070805 0.966067 172 167 156
-0.081313 -0.068041 0.965411 187 185 173
-0.077981 -0.065214 0.965237 193 192 181
-0.074637 -0.062374 0.965042 195 195 185
-0.071042 -0.059431 0.965615 199 198 189
-0.067307 -0.056423 0.966567 163 163 150
-0.063937 -0.053545 0.966252 160 161 147
-0.060950 -0.050808 0.964664 162 162 147
-0.058127 -0.048135 0.962535 165 165 149
-0.055467 -0.045525 0.959894 166 164 149
-0.053035 -0.043010 0.956558 168 166 152
-0.050679 -0.040530 0.953012 86 90 86
-0.047610 -0.037753 0.951621 83 88 82
-0.044059 -0.034766 0.951617 169 171 161
-0.040179 -0.031628 0.952510 166 166 152
-0.035895 -0.028301 0.954478 166 166 150
-0.032072 -0.025163 0.955028 166 164 149
-0.028854 -0.022285 0.953809 163 161 146
-0.025687 -0.019424 0.952418 160 159 145
-0.022447 -0.016528 0.951195 160 159 145
-0.019266 -0.013653 0.949784 153 151 138
-0.016162 -0.010811 0.948138 155 152 139
-0.012872 -0.007878 0.946961 154 151 137
-0.009874 -0.005079 0.944992 154 150 136
-0.007085 -0.002379 0.942469 154 146 133
-0.005098 -0.000065 0.937905 155 142 128
-0.003246 0.002176 0.933046 136 118 104
-0.000582 0.004809 0.930262 97 89 83
0.002945 0.007868 0.929603 144 125 109
0.010893 0.013141 0.939645 113 104 88
-0.173006 -0.152302 1.058383 54 46 44
-0.170410 -0.149700 1.055382 53 48 49
-0.168029 -0.147112 1.051141 53 50 50
-0.165495 -0.144522 1.047850 53 52 51
-0.162839 -0.141926 1.045271 54 54 52
-0.160145 -0.139327 1.042912 56 55 54
-0.157424 -0.136725 1.040693 57 57 56
-0.154728 -0.134124 1.038328 60 60 58
-0.152027 -0.131522 1.035991 60 63 61
-0.149356 -0.128924 1.033490 63 66 64
-0.146699 -0.126328 1.030921 67 70 67
-0.144045 -0.123733 1.028341 117 122 115
-0.141338 -0.121129 1.026022 160 161 147
-0.138655 -0.118529 1.023582 151 151 136
-0.135953 -0.115925 1.021232 154 153 139
-0.133254 -0.113320 1.018860 158 157 142
-0.130586 -0.110723 1.016348 162 161 145
-0.127886 -0.108118 1.013977 163 163 146
-0.125198 -0.105515 1.011551 164 163 146
-0.122558 -0.102925 1.008916 163 162 147
-0.119887 -0.100327 1.006416 162 163 147
-0.118237 -0.098011 0.999616 164 166 152
-0.117153 -0.095874 0.990596 200 203 191
-0.115161 -0.093498 0.985487 199 200 188
-0.112818 -0.091026 0.981871 199 198 189
-0.110212 -0.088478 0.979333 198 197 188
-0.107725 -0.085968 0.976335 194 193 185
-0.105230 -0.083458 0.973382 200 200 191
-0.102541 -0.080884 0.971183 182 180 169
-0.099735 -0.078271 0.969411 176 176 164
-0.096729 -0.075585 0.968362 181 179 169
-0.093589 -0.072846 0.967757 181 178 166
-0.090518 -0.070126 0.966855 187 186 175
-0.087584 -0.067450 0.965426 192 190 180
-0.084467 -0.064701 0.964607 194 193 183
-0.081333 -0.061940 0.963800 195 193 185
-0.077871 -0.059046 0.964065 200 201 190
-0.074193 -0.056057 0.964977 167 167 157
-0.070744 -0.053147 0.965042 162 163 149
-0.067643 -0.050369 0.963906 151 152 138
-0.064776 -0.047683 0.961981 160 161 146
-0.062000 -0.045033 0.959752 164 164 150
-0.059399 -0.042456 0.956971 164 162 147
-0.057090 -0.040005 0.953292 124 124 114
-0.054708 -0.037526 0.949867 80 85 82
-0.051419 -0.034653 0.949199 88 93 87
-0.047386 -0.031442 0.950701 169 171 156
-0.043043 -0.028080 0.953010 164 164 150
-0.039095 -0.024880 0.954053 164 164 150
-0.035693 -0.021919 0.953444 164 162 148
-0.032541 -0.019067 0.952083 160 159 144
-0.029438 -0.016235 0.950552 160 159 144
-0.026242 -0.013355 0.949256 156 154 141
-0.023125 -0.010509 0.947713 154 153 140
-0.020068 -0.007688 0.945984 153 152 139
-0.016877 -0.004800 0.944594 153 151 136
-0.013996 -0.002060 0.942360 152 149 135
-0.011316 0.000582 0.939595 153 146 132
-0.009492 0.002796 0.934636 143 130 116
-0.007560 0.005057 0.930005 143 125 111
-0.004941 0.007659 0.927149 104 89 78
-0.001356 0.010754 0.926697 140 122 106
0.006687 0.016149 0.937132 113 106 90
-0.176783 -0.151319 1.071998 130 97 95
-0.176401 -0.148793 1.055029 54 49 49
-0.173860 -0.146207 1.051768 53 50 50
-0.171476 -0.143637 1.047597 51 50 49
-0.168854 -0.141053 1.044886 53 52 51
-0.166238 -0.138471 1.042153 55 54 53
-0.163551 -0.135882 1.039828 56 55 55
-0.160839 -0.133289 1.037633 57 57 56
-0.158165 -0.130700 1.035224 60 61 59
-0.155486 -0.128110 1.032839 61 64 62
-0.152804 -0.125519 1.030466 70 73 71
-0.150153 -0.122934 1.027930 70 73 71
-0.147526 -0.120353 1.025279 134 136 126
-0.144847 -0.117763 1.022890 162 162 148
-0.142182 -0.115175 1.020430 160 159 144
-0.139489 -0.112581 1.018102 155 153 138
-0.136800 -0.109987 1.015755 157 155 140
-0.134136 -0.107399 1.013286 160 158 142
-0.131458 -0.104807 1.010881 163 162 144
-0.128808 -0.102222 1.008346 164 162 146
-0.126197 -0.099649 1.005641 165 164 148
-0.123634 -0.097090 1.002739 164 165 148
-0.121297 -0.094601 0.998880 159 161 148
-0.119869 -0.092394 0.991241 194 197 185
-0.117954 -0.090055 0.985779 199 200 190
-0.115614 -0.087592 0.982142 199 198 189
-0.113175 -0.085100 0.978938 198 197 188
-0.110557 -0.082551 0.976469 199 198 189
-0.107869 -0.079978 0.974270 199 198 189
-0.105058 -0.077360 0.972542 199 200 189
-0.102253 -0.074742 0.970768 199 200 188
-0.099425 -0.072113 0.969063 199 198 188
-0.096647 -0.069501 0.967147 198 198 186
-0.093735 -0.066834 0.965710 198 195 187
-0.090768 -0.064144 0.964436 199 198 188
-0.087685 -0.061403 0.963542 200 198 191
-0.084374 -0.058566 0.963396 205 203 194
-0.080857 -0.055636 0.963895 169 169 157
-0.077357 -0.052704 0.964257 151 153 139
-0.074222 -0.049914 0.963323 155 157 142
-0.071351 -0.047230 0.961478 156 158 143
-0.068593 -0.044593 0.959251 157 159 144
-0.065838 -0.041956 0.957004 157 158 144
-0.063460 -0.039485 0.953557 165 165 151
-0.061240 -0.037088 0.949641 86 88 85
-0.058632 -0.034520 0.946961 81 86 83
-0.055015 -0.031492 0.947358 154 155 146
-0.050293 -0.027945 0.951007 162 163 148
-0.045903 -0.024533 0.953513 155 155 141
-0.042482 -0.021561 0.953056 154 154 140
-0.039306 -0.018699 0.951833 160 158 143
-0.036246 -0.015889 0.950248 160 158 143
-0.033207 -0.013085 0.948583 160 159 144
-0.030060 -0.010226 0.947194 151 151 137
-0.026991 -0.007402 0.945564 152 152 138
-0.023976 -0.004602 0.943767 152 150 137
-0.020900 -0.001769 0.942115 153 150 136
-0.018070 0.000942 0.939786 150 148 133
-0.015494 0.003524 0.936786 147 142 126
-0.013656 0.005725 0.931882 126 113 99
-0.011757 0.007950 0.927188 164 149 132
-0.009012 0.010611 0.924690 96 79 67
-0.005401 0.013728 0.924361 136 119 104
0.002867 0.019320 0.935516 121 115 101
-0.181908 -0.147870 1.057509 73 53 55
-0.179831 -0.145319 1.051297 55 50 51
-0.177285 -0.142747 1.048138 52 50 50
-0.174851 -0.140190 1.044333 50 50 48
-0.172247 -0.137619 1.041586 52 51 50
-0.169599 -0.135044 1.039113 54 53 52
-0.166918 -0.132464 1.036830 57 56 55
-0.164228 -0.129882 1.034589 57 57 56
-0.161565 -0.127304 1.032191 60 61 59
-0.158909 -0.124726 1.029749 62 65 63
-0.156234 -0.122145 1.027415 74 76 74
-0.153573 -0.119566 1.024997 74 76 74
-0.150954 -0.116996 1.022366 115 118 108
-0.148308 -0.114421 1.019875 160 160 145
-0.145670 -0.111848 1.017346 162 160 145
-0.142992 -0.109265 1.015017 152 150 135
-0.140308 -0.106680 1.012711 153 151 136
-0.137649 -0.104101 1.010280 153 152 136
-0.134986 -0.101521 1.007869 163 162 145
-0.132348 -0.098948 1.005341 163 163 146
-0.129749 -0.096386 1.002642 164 164 148
-0.127187 -0.093838 0.999786 160 161 145
-0.124680 -0.091308 0.996706 153 154 140
-0.122544 -0.088902 0.992063 163 164 151
-0.120729 -0.086612 0.986137 200 200 191
-0.118524 -0.084201 0.981929 200 201 192
-0.116071 -0.081711 0.978787 199 198 189
-0.113502 -0.079181 0.976134 198 198 188
-0.110858 -0.076624 0.973782 199 198 190
-0.108181 -0.074055 0.971559 200 201 189
-0.105464 -0.071471 0.969478 201 201 190
-0.102668 -0.068854 0.967690 201 201 190
-0.099821 -0.066214 0.966075 202 203 191
-0.096895 -0.063541 0.964724 204 203 193
-0.093891 -0.060832 0.963624 208 208 198
-0.090669 -0.058028 0.963267 205 206 195
-0.087165 -0.055099 0.963844 160 159 146
-0.083806 -0.052221 0.963833 145 143 129
-0.080706 -0.049446 0.962870 157 158 143
-0.077877 -0.046785 0.960948 154 155 140
-0.075187 -0.044183 0.958552 151 153 138
-0.072593 -0.041624 0.955833 151 153 138
-0.069962 -0.039050 0.953243 159 161 146
-0.067833 -0.036705 0.949048 99 102 92
-0.065426 -0.034238 0.945778 81 84 80
-0.062432 -0.031497 0.944358 99 102 96
-0.058319 -0.028223 0.946361 166 166 152
-0.053151 -0.024430 0.951454 160 160 146
-0.049209 -0.021206 0.952674 164 164 150
-0.046085 -0.018369 0.951376 162 162 148
-0.043046 -0.015570 0.949802 156 155 141
-0.040039 -0.012785 0.948107 153 151 137
-0.037049 -0.010005 0.946346 151 149 135
-0.033959 -0.007173 0.944848 152 151 138
-0.030947 -0.004377 0.943107 152 150 137
-0.027965 -0.001595 0.941263 151 149 136
-0.025000 0.001182 0.939359 149 144 130
-0.022211 0.003867 0.936966 145 141 126
-0.019797 0.006356 0.933573 146 141 125
-0.018125 0.008448 0.928259 122 110 95
-0.016054 0.010745 0.924041 166 153 136
-0.012986 0.013574 0.922417 107 91 79
-0.009026 0.016890 0.923026 135 121 105
-0.000903 0.022487 0.933976 125 120 106
-0.185660 -0.144431 1.051454 55 41 42
-0.183268 -0.141883 1.047343 55 50 51
-0.180691 -0.139321 1.044463 50 49 48
-0.178205 -0.136774 1.041040 51 48 48
-0.175598 -0.134213 1.038394 51 50 49
-0.172947 -0.131647 1.036014 54 53 52
-0.170285 -0.129078 1.033698 56 55 54
-0.167608 -0.126507 1.031460 57 57 56
-0.164939 -0.123936 1.029167 60 62 60
-0.162299 -0.121370 1.026713 63 65 63
-0.159636 -0.118799 1.024382 68 71 69
-0.156974 -0.116228 1.022045 74 77 75
-0.154347 -0.113665 1.019516 92 98 90
-0.151717 -0.111101 1.017008 160 161 145
-0.149107 -0.108543 1.014402 159 157 142
-0.146459 -0.105976 1.011985 145 141 127
-0.143795 -0.103403 1.009652 151 149 133
-0.141131 -0.100830 1.007309 156 155 139
-0.138471 -0.098258 1.004945 163 163 147
-0.135831 -0.095692 1.002488 163 163 147
-0.133213 -0.093133 0.999931 158 158 142
-0.130616 -0.090581 0.997279 148 148 132
-0.128016 -0.088029 0.994655 152 152 138
-0.125577 -0.085534 0.991331 160 161 147
-0.123457 -0.083156 0.986681 165 165 151
-0.121336 -0.080785 0.982101 191 190 180
-0.118961 -0.078328 0.978640 205 206 196
-0.116462 -0.075827 0.975711 204 203 194
-0.113887 -0.073299 0.973102 204 203 195
-0.111281 -0.070760 0.970619 204 203 193
-0.108605 -0.068192 0.968413 205 203 195
-0.105788 -0.065567 0.966737 209 209 199
-0.102932 -0.062923 0.965188 209 211 200
-0.099968 -0.060230 0.964017 204 203 191
-0.096799 -0.057445 0.963563 176 174 162
-0.093382 -0.054547 0.963945 139 139 122
-0.090061 -0.051682 0.963910 142 138 123
-0.087136 -0.048984 0.962415 167 165 151
-0.084344 -0.046343 0.960431 165 165 151
-0.081706 -0.043771 0.957906 164 164 150
-0.079142 -0.041233 0.955134 159 160 145
-0.076698 -0.038752 0.951972 157 160 145
-0.074339 -0.036314 0.948549 111 116 104
-0.072058 -0.033916 0.944900 80 87 82
-0.069247 -0.031265 0.942977 83 87 83
-0.065749 -0.028279 0.943207 167 169 155
-0.061198 -0.024766 0.946644 163 163 149
-0.056561 -0.021192 0.950197 164 166 151
-0.052989 -0.018134 0.950362 164 164 150
-0.049924 -0.015325 0.948941 165 164 148
-0.046918 -0.012543 0.947316 162 161 146
-0.043889 -0.009746 0.945737 160 158 144
-0.040892 -0.006963 0.944042 156 152 139
-0.037869 -0.004163 0.942404 148 146 132
-0.034943 -0.001413 0.940467 148 145 131
-0.032010 0.001343 0.938537 149 145 132
-0.029101 0.004088 0.936528 144 140 125
-0.026495 0.006670 0.933682 144 139 124
-0.024423 0.008961 0.929415 150 143 126
-0.022683 0.011067 0.924312 143 134 118
-0.020145 0.013603 0.921354 148 134 117
-0.016679 0.016654 0.920808 135 116 99
-0.012189 0.020283 0.922833 122 110 95
-0.004880 0.025508 0.931867 137 128 118
-0.189093 -0.141014 1.047268 54 44 44
-0.186605 -0.138472 1.043858 56 50 52
-0.184070 -0.135929 1.040790 52 50 49
-0.181533 -0.133387 1.037762 52 49 49
-0.178934 -0.130838 1.035142 51 50 48
-0.176274 -0.128279 1.032899 53 52 51
-0.173637 -0.125724 1.030513 57 56 55
-0.170990 -0.123166 1.028181 60 61 59
-0.168325 -0.120604 1.025945 61 62 60
-0.165696 -0.118049 1.023508 65 67 65
-0.163048 -0.115490 1.021170 71 72 70
-0.160386 -0.112926 1.018900 74 77 75
-0.157744 -0.110368 1.016524 84 92 87
-0.155109 -0.107811 1.014107 159 160 144
-0.152506 -0.105263 1.011525 152 150 135
-0.149887 -0.102711 1.009031 148 145 129
-0.147243 -0.100151 1.006663 158 156 139
-0.144585 -0.097587 1.004356 159 158 141
-0.141922 -0.095020 1.002071 156 157 140
-0.139250 -0.092450 0.999826 158 159 143
-0.136598 -0.089886 0.997479 150 151 135
-0.133975 -0.087333 0.994997 150 152 136
-0.131326 -0.084769 0.992632 156 156 142
-0.128761 -0.082237 0.989897 157 157 142
-0.126329 -0.079756 0.986600 160 161 144
-0.124001 -0.077318 0.982882 162 163 147
-0.121632 -0.074869 0.979378 168 168 152
-0.119221 -0.072406 0.976080 176 176 163
-0.116740 -0.069918 0.973094 179 180 167
-0.114150 -0.067387 0.970559 179 179 168
-0.111450 -0.064809 0.968462 179 178 167
-0.108600 -0.062167 0.966935 167 165 154
-0.105618 -0.059464 0.965887 152 150 137
-0.102488 -0.056691 0.965359 137 132 118
-0.099260 -0.053868 0.965139 139 135 119
-0.096235 -0.051130 0.964113 155 154 136
-0.093405 -0.048478 0.962340 166 163 148
-0.090690 -0.045876 0.960141 167 165 150
-0.088065 -0.043315 0.957621 167 165 150
-0.085562 -0.040813 0.954678 165 165 151
-0.083113 -0.038339 0.951563 164 166 151
-0.080740 -0.035903 0.948215 110 115 106
-0.078533 -0.033552 0.944335 80 85 82
-0.075813 -0.030950 0.942177 83 89 83
-0.072501 -0.028051 0.941924 160 161 150
-0.068566 -0.024831 0.943602 165 166 152
-0.064313 -0.021435 0.946175 165 163 150
-0.060385 -0.018193 0.947606 165 164 149
-0.056963 -0.015202 0.947385 165 162 148
-0.053986 -0.012437 0.945757 165 162 147
-0.050979 -0.009655 0.944195 164 159 145
-0.047938 -0.006851 0.942710 156 154 139
-0.044931 -0.004063 0.941103 159 156 140
-0.041929 -0.001275 0.939457 160 157 142
-0.039023 0.001463 0.937518 157 153 138
-0.036147 0.004186 0.935480 144 139 125
-0.033308 0.006890 0.933327 142 138 123
-0.030914 0.009347 0.929948 147 141 126
-0.029199 0.011421 0.924752 151 145 127
-0.027209 0.013643 0.920353 154 143 126
-0.024029 0.016536 0.919148 110 89 75
-0.020271 0.019762 0.919419 149 130 109
-0.014694 0.024042 0.924317 89 79 65
-0.008904 0.028464 0.929582 132 122 109
-0.192370 -0.137617 1.043948 53 45 45
-0.189896 -0.135090 1.040515 55 51 51
-0.187332 -0.132554 1.037713 54 49 50
-0.184782 -0.130021 1.034838 56 53 53
-0.182200 -0.127485 1.032181 51 50 49
-0.179546 -0.124934 1.029978 57 56 56
-0.176918 -0.122388 1.027611 56 55 54
-0.174299 -0.119844 1.025187 60 60 58
-0.171658 -0.117295 1.022891 63 64 62
-0.169036 -0.114750 1.020481 74 75 73
-0.166397 -0.112200 1.018165 73 75 73
-0.163746 -0.109647 1.015915 75 78 76
-0.161096 -0.107093 1.013647 74 81 79
-0.158476 -0.104547 1.011221 162 162 148
-0.155878 -0.102009 1.008677 160 158 143
-0.153284 -0.099472 1.006118 156 154 138
-0.150649 -0.096922 1.003768 157 156 139
-0.147999 -0.094366 1.001485 160 160 144
-0.145327 -0.091803 0.999308 156 156 140
-0.142626 -0.089228 0.997261 142 143 127
-0.139961 -0.086664 0.995035 145 147 131
-0.137323 -0.084111 0.992671 157 159 144
-0.134654 -0.081545 0.990451 163 164 149
-0.132009 -0.078988 0.988117 160 161 145
-0.129415 -0.076451 0.985555 151 149 132
-0.126872 -0.073935 0.982777 148 147 129
-0.124255 -0.071390 0.980322 150 148 132
-0.121705 -0.068873 0.977590 155 154 137
-0.119154 -0.066356 0.974874 163 163 146
-0.116552 -0.063818 0.972370 153 152 137
-0.113889 -0.061254 0.970114 146 145 130
-0.111022 -0.058597 0.968652 146 145 130
-0.108101 -0.055913 0.967371 160 157 143
-0.105224 -0.053245 0.965890 163 160 145
-0.102418 -0.050608 0.964115 169 167 151
-0.099652 -0.047987 0.962170 168 167 151
-0.096986 -0.045413 0.959849 168 166 151
-0.094421 -0.042887 0.957159 168 166 151
-0.091898 -0.040383 0.954325 167 165 151
-0.089481 -0.037932 0.951133 162 159 147
-0.087163 -0.035534 0.947617 122 122 112
-0.084808 -0.033120 0.944257 83 87 84
-0.082134 -0.030545 0.941997 86 90 87
-0.079007 -0.027737 0.941232 160 162 149
-0.075426 -0.024687 0.941910 167 167 153
-0.071616 -0.021508 0.943243 164 164 150
-0.067844 -0.018339 0.944355 165 163 150
-0.064283 -0.015273 0.944708 163 160 145
-0.061096 -0.012400 0.943831 163 159 144
-0.058128 -0.009641 0.942241 160 159 144
-0.055083 -0.006838 0.940859 160 156 141
-0.052065 -0.004046 0.939369 160 159 142
-0.049074 -0.001267 0.937777 160 157 141
-0.046070 0.001522 0.936199 160 157 141
-0.043175 0.004252 0.934283 159 156 140
-0.040379 0.006927 0.932073 148 143 127
-0.037681 0.009547 0.929581 143 138 122
-0.035781 0.011709 0.924879 150 144 128
-0.033860 0.013877 0.920288 148 139 125
-0.031246 0.016443 0.917622 118 104 91
-0.027619 0.019601 0.917663 116 91 77
-0.023615 0.022987 0.918638 166 145 117
-0.017685 0.027522 0.924547 97 82 70
-0.013001 0.031337 0.927050 181 168 143
-0.195610 -0.134247 1.040713 55 48 47
-0.193116 -0.131731 1.037485 55 50 50
-0.190549 -0.129204 1.034775 54 48 49
-0.187999 -0.126681 1.031969 52 49 49
-0.185434 -0.124157 1.029278 52 49 49
-0.182810 -0.121620 1.026967 51 50 49
-0.180186 -0.119083 1.024650 54 53 52
-0.177572 -0.116548 1.022274 60 59 57
-0.174930 -0.114005 1.020055 68 69 67
-0.172315 -0.111469 1.017675 73 73 71
-0.169694 -0.108931 1.015330 71 74 72
-0.167068 -0.106391 1.013009 75 79 77
-0.164415 -0.103842 1.010828 74 82 77
-0.161812 -0.101309 1.008376 163 163 150
-0.159214 -0.098778 1.005893 157 156 139
-0.156644 -0.096256 1.003270 160 160 143
-0.154031 -0.093720 1.000871 157 156 139
-0.151391 -0.091174 0.998613 156 155 139
-0.148732 -0.088620 0.996439 142 142 127
-0.146022 -0.086046 0.994501 141 143 128
-0.143332 -0.083478 0.992452 153 156 139
-0.140669 -0.080920 0.990266 159 161 145
-0.137989 -0.078354 0.988150 163 165 148
-0.135315 -0.075789 0.985996 164 164 148
-0.132656 -0.073230 0.983767 163 162 146
-0.130032 -0.070685 0.981381 160 161 143
-0.127403 -0.068138 0.979015 160 161 143
-0.124780 -0.065594 0.976617 160 160 143
-0.122152 -0.063047 0.974242 159 158 141
-0.119488 -0.060483 0.972014 162 161 145
-0.116802 -0.057909 0.969868 163 162 147
-0.114056 -0.055305 0.967956 163 163 147
-0.111299 -0.052695 0.966068 165 163 148
-0.108573 -0.050098 0.964047 168 166 151
-0.105911 -0.047531 0.961769 169 167 152
-0.103248 -0.044963 0.959489 168 166 151
-0.100688 -0.042446 0.956826 168 166 151
-0.098240 -0.039987 0.953758 170 168 154
-0.095940 -0.037604 0.950178 141 138 127
-0.093457 -0.035132 0.947276 131 131 117
-0.090930 -0.032637 0.944545 95 96 89
-0.088262 -0.030068 0.942307 99 104 96
-0.085373 -0.027383 0.940815 165 167 154
-0.081933 -0.024400 0.941147 166 166 151
-0.078498 -0.021412 0.941387 164 164 149
-0.075082 -0.018427 0.941495 165 163 149
-0.071600 -0.015398 0.941748 163 161 147
-0.068324 -0.012476 0.941274 160 160 143
-0.065282 -0.009680 0.940012 160 158 142
-0.062310 -0.006920 0.938504 158 156 141
-0.059249 -0.004106 0.937245 159 158 141
-0.056254 -0.001328 0.935752 160 159 143
-0.053260 0.001453 0.934231 162 158 142
-0.050280 0.004228 0.932648 160 156 140
-0.047443 0.006923 0.930625 159 155 139
-0.044681 0.009574 0.928375 155 150 134
-0.042395 0.011946 0.924773 152 146 130
-0.040513 0.014077 0.920067 143 134 121
-0.037958 0.016602 0.917275 121 107 98
-0.034794 0.019491 0.916152 115 92 84
-0.030949 0.022794 0.916834 147 107 100
-0.026819 0.026278 0.918200 156 121 107
-0.020776 0.030935 0.924505 151 116 108
-0.017018 0.034215 0.924660 214 168 151
-0.198816 -0.130906 1.037554 56 48 47
-0.196285 -0.128393 1.034655 54 48 49
-0.193722 -0.125876 1.031989 51 48 48
-0.191187 -0.123366 1.029153 51 48 48
-0.188632 -0.120853 1.026462 50 49 48
-0.186032 -0.118329 1.024078 51 50 49
-0.183410 -0.115799 1.021828 52 51 50
-0.180797 -0.113271 1.019513 61 60 59
-0.178168 -0.110738 1.017292 64 65 63
-0.175561 -0.108211 1.014937 70 70 68
-0.172961 -0.105686 1.012536 71 74 71
-0.170354 -0.103159 1.010174 77 81 78
-0.167702 -0.100615 1.008066 83 91 87
-0.165085 -0.098084 1.005753 156 156 141
-0.162525 -0.095572 1.003130 164 163 146
-0.159968 -0.093063 1.000495 162 161 144
-0.157368 -0.090538 0.998095 160 160 143
-0.154747 -0.088005 0.995802 152 151 137
-0.152109 -0.085464 0.993587 108 111 100
-0.149421 -0.082903 0.991613 83 91 85
-0.146718 -0.080333 0.989695 109 114 107
-0.144028 -0.077768 0.987703 156 160 143
-0.141347 -0.075205 0.985651 157 158 142
-0.138674 -0.072645 0.983548 163 163 147
-0.136005 -0.070085 0.981421 165 165 149
-0.133359 -0.067535 0.979180 166 166 149
-0.130715 -0.064985 0.976926 166 167 149
-0.128078 -0.062438 0.974639 167 167 151
-0.125435 -0.059888 0.972372 167 167 150
-0.122773 -0.057328 0.970178 168 168 152
-0.120116 -0.054770 0.967956 169 168 153
-0.117422 -0.052193 0.965880 167 167 151
-0.114723 -0.049613 0.963812 169 169 153
-0.112043 -0.047041 0.961660 167 166 152
-0.109429 -0.044503 0.959242 168 167 152
-0.106857 -0.041985 0.956670 166 164 150
-0.104446 -0.039552 0.953494 145 143 128
-0.102105 -0.037158 0.950084 129 128 113
-0.099632 -0.034697 0.947182 137 137 123
-0.096965 -0.032133 0.944988 98 102 89
-0.094189 -0.029510 0.943175 137 138 128
-0.091345 -0.026847 0.941585 168 169 155
-0.088261 -0.024051 0.940795 164 164 149
-0.085040 -0.021173 0.940428 163 162 147
-0.081795 -0.018277 0.940085 164 164 148
-0.078628 -0.015419 0.939428 164 163 147
-0.075418 -0.012533 0.938863 162 160 145
-0.072341 -0.009718 0.937820 162 160 143
-0.069357 -0.006953 0.936444 160 159 142
-0.066387 -0.004194 0.934995 158 157 140
-0.063351 -0.001392 0.933728 160 158 141
-0.060387 0.001369 0.932207 160 157 141
-0.057421 0.004134 0.930668 160 156 140
-0.054502 0.006873 0.928967 159 155 139
-0.051720 0.009532 0.926846 158 154 136
-0.049057 0.012120 0.924369 156 150 133
-0.047010 0.014334 0.920129 156 148 132
-0.044648 0.016736 0.916822 134 120 109
-0.041646 0.019529 0.915327 124 105 97
-0.038289 0.022543 0.914784 114 86 79
-0.034635 0.025746 0.915004 155 105 102
-0.029549 0.029846 0.919009 107 72 69
-0.024282 0.034076 0.923343 171 116 113
-0.021224 0.036931 0.921708 212 146 146
-0.202004 -0.127594 1.034353 56 47 48
-0.199469 -0.125091 1.031563 55 49 50
-0.196896 -0.122580 1.029054 51 48 48
-0.194361 -0.120080 1.026286 50 48 49
-0.191815 -0.117578 1.023607 51 50 49
-0.189247 -0.115070 1.021090 52 51 50
-0.186632 -0.112548 1.018872 55 54 53
-0.184027 -0.110029 1.016590 61 60 59
-0.181416 -0.107508 1.014337 64 65 63
-0.178819 -0.104991 1.011995 70 70 68
-0.176237 -0.102479 1.009563 71 75 72
-0.173644 -0.099963 1.007195 77 82 79
-0.171007 -0.097430 1.005074 91 97 92
-0.168391 -0.094905 1.002828 151 151 135
-0.165837 -0.092404 1.000233 160 159 143
-0.163270 -0.089897 0.997720 156 155 138
-0.160675 -0.087380 0.995358 154 154 138
-0.158055 -0.084852 0.993124 159 159 145
-0.155434 -0.082323 0.990885 96 100 89
-0.152801 -0.079789 0.988705 68 75 72
-0.150108 -0.077227 0.986812 68 74 74
-0.147398 -0.074656 0.984979 77 84 77
-0.144712 -0.072094 0.983017 100 108 99
-0.142036 -0.069536 0.980990 139 141 128
-0.139362 -0.066977 0.978943 160 162 148
-0.136692 -0.064419 0.976869 168 168 152
-0.134045 -0.061872 0.974679 170 170 154
-0.131428 -0.059338 0.972352 170 170 154
-0.128797 -0.056798 0.970083 171 171 155
-0.126155 -0.054251 0.967858 171 171 155
-0.123513 -0.051704 0.965622 172 172 156
-0.120868 -0.049155 0.963396 169 169 154
-0.118217 -0.046602 0.961189 164 164 151
-0.115585 -0.044058 0.958904 151 152 139
-0.113029 -0.041555 0.956313 135 135 121
-0.110510 -0.039072 0.953584 128 126 114
-0.108052 -0.036623 0.950636 145 144 129
-0.105566 -0.034161 0.947807 123 123 110
-0.102896 -0.031597 0.945669 120 123 109
-0.100028 -0.028923 0.944242 165 168 152
-0.097177 -0.026255 0.942726 169 169 153
-0.094288 -0.023564 0.941320 163 163 147
-0.091374 -0.020856 0.939975 163 161 146
-0.088331 -0.018070 0.939042 164 162 147
-0.085264 -0.015268 0.938149 164 162 147
-0.082311 -0.012528 0.936834 164 162 146
-0.079301 -0.009752 0.935675 163 161 145
-0.076333 -0.006997 0.934347 160 159 142
-0.073369 -0.004242 0.932978 156 155 138
-0.070411 -0.001489 0.931558 159 157 140
-0.067405 0.001297 0.930264 160 157 141
-0.064475 0.004038 0.928705 159 155 139
-0.061527 0.006793 0.927178 157 153 137
-0.058655 0.009503 0.925397 158 153 137
-0.055938 0.012119 0.923141 156 151 133
-0.053458 0.014588 0.920186 158 150 134
-0.051304 0.016852 0.916300 146 136 121
-0.048546 0.019492 0.914172 120 99 90
-0.045250 0.022474 0.913558 122 97 90
-0.041806 0.025552 0.913308 145 101 97
-0.038090 0.028810 0.913755 160 110 106
-0.032293 0.033408 0.919786 116 90 88
-0.028128 0.036973 0.921228 217 152 152
-0.025359 0.039644 0.918872 213 146 147
-0.205156 -0.124309 1.031249 54 43 45
-0.202665 -0.121827 1.028216 56 49 50
-0.200074 -0.119319 1.025926 52 49 50
-0.197537 -0.116827 1.023254 50 49 50
-0.194997 -0.114335 1.020609 51 50 50
-0.192441 -0.111839 1.018087 54 53 52
-0.189839 -0.109328 1.015872 58 57 56
-0.187239 -0.106817 1.013636 62 63 61
-0.184636 -0.104304 1.011415 67 67 65
-0.182039 -0.101793 1.009148 71 71 69
-0.179477 -0.099294 1.006666 73 76 74
-0.176907 -0.096794 1.004232 80 84 81
-0.174292 -0.094275 1.002062 111 114 105
-0.171683 -0.091758 0.999850 154 152 136
-0.169118 -0.089258 0.997388 155 153 137
-0.166533 -0.086751 0.995038 160 159 144
-0.163927 -0.084234 0.992798 157 156 141
-0.161303 -0.081708 0.990645 150 151 136
-0.158682 -0.079184 0.988470 159 159 147
-0.156093 -0.076673 0.986123 114 117 111
-0.153444 -0.074134 0.984078 68 72 71
-0.150757 -0.071576 0.982204 63 71 68
-0.148087 -0.069025 0.980232 68 75 72
-0.145422 -0.066475 0.978216 67 75 72
-0.142771 -0.063931 0.976129 70 77 74
-0.140110 -0.061381 0.974075 86 91 84
-0.137457 -0.058834 0.971973 93 100 92
-0.134834 -0.056301 0.969731 104 110 101
-0.132230 -0.053778 0.967402 119 124 112
-0.129626 -0.051255 0.965070 140 141 124
-0.127013 -0.048728 0.962770 133 133 115
-0.124434 -0.046218 0.960330 131 132 118
-0.121832 -0.043695 0.957984 134 135 122
-0.119208 -0.041161 0.955724 142 142 131
-0.116653 -0.038665 0.953185 144 143 131
-0.114136 -0.036190 0.950504 122 123 110
-0.111510 -0.033653 0.948253 136 136 122
-0.108808 -0.031074 0.946282 164 165 151
-0.106030 -0.028449 0.944585 171 171 157
-0.103168 -0.025775 0.943174 167 167 152
-0.100334 -0.023114 0.941637 163 163 148
-0.097550 -0.020481 0.939892 163 162 147
-0.094763 -0.017843 0.938143 163 161 146
-0.091859 -0.015136 0.936777 163 161 146
-0.088916 -0.012401 0.935521 163 161 146
-0.086041 -0.009706 0.934001 163 161 146
-0.083081 -0.006956 0.932739 160 160 144
-0.080137 -0.004214 0.931395 157 156 139
-0.077196 -0.001470 0.930014 160 158 142
-0.074263 0.001270 0.928577 160 158 141
-0.071317 0.004021 0.927155 160 156 140
-0.068455 0.006721 0.925442 160 156 140
-0.065522 0.009468 0.923933 159 154 137
-0.062665 0.012169 0.922167 157 152 134
-0.060048 0.014718 0.919664 155 150 132
-0.057822 0.017016 0.916003 153 144 128
-0.055421 0.019424 0.912887 131 111 99
-0.052265 0.022320 0.911966 123 94 85
-0.048836 0.025396 0.911785 129 87 82
-0.045589 0.028359 0.911038 156 104 101
-0.041309 0.032002 0.913118 131 87 86
-0.035547 0.036633 0.919160 164 113 111
-0.032180 0.039695 0.918494 211 145 144
-0.208209 -0.121029 1.028730 56 40 43
-0.205796 -0.118580 1.025172 57 48 50
-0.203236 -0.116089 1.022744 51 49 50
-0.200696 -0.113604 1.020181 50 49 50
-0.198163 -0.111123 1.017572 52 51 52
-0.195613 -0.108636 1.015084 54 54 52
-0.193029 -0.106137 1.012835 60 59 58
-0.190434 -0.103633 1.010652 62 63 61
-0.187838 -0.101129 1.008461 68 68 66
-0.185247 -0.098625 1.006240 71 74 72
-0.182687 -0.096135 1.003813 74 77 75
-0.180122 -0.093641 1.001427 83 88 83
-0.177494 -0.091122 0.999405 132 132 120
-0.174904 -0.088617 0.997152 159 158 141
-0.172331 -0.086120 0.994802 162 160 145
-0.169732 -0.083611 0.992591 158 157 141
-0.167117 -0.081093 0.990462 150 150 135
-0.164498 -0.078574 0.988342 158 158 142
-0.161881 -0.076054 0.986205 164 164 149
-0.159322 -0.073562 0.983762 167 167 154
-0.156706 -0.071042 0.981607 160 163 149
-0.154069 -0.068511 0.979548 130 133 125
-0.151430 -0.065978 0.977486 86 91 84
-0.148805 -0.063451 0.975348 71 78 74
-0.146190 -0.060929 0.973156 70 76 72
-0.143563 -0.058400 0.971014 70 77 72
-0.140946 -0.055875 0.968816 70 77 72
-0.138338 -0.053356 0.966571 73 80 76
-0.135745 -0.050844 0.964255 75 84 76
-0.133193 -0.048354 0.961760 86 92 82
-0.130607 -0.045846 0.959412 95 101 90
-0.128055 -0.043356 0.956921 95 101 92
-0.125472 -0.040850 0.954561 107 110 100
-0.122810 -0.038297 0.952524 135 136 126
-0.120145 -0.035743 0.950487 159 160 146
-0.117467 -0.033180 0.948490 171 171 158
-0.114658 -0.030539 0.946992 172 172 158
-0.111926 -0.027941 0.945176 168 167 153
-0.109199 -0.025345 0.943319 164 163 149
-0.106450 -0.022735 0.941529 160 161 146
-0.103708 -0.020127 0.939698 158 158 141
-0.100983 -0.017528 0.937789 163 163 147
-0.098238 -0.014917 0.935935 163 161 146
-0.095397 -0.012244 0.934408 162 160 145
-0.092534 -0.009556 0.932927 160 159 144
-0.089684 -0.006874 0.931381 160 159 143
-0.086743 -0.004133 0.930116 157 156 139
-0.083829 -0.001406 0.928730 159 158 142
-0.080938 0.001308 0.927242 159 158 141
-0.078040 0.004029 0.925749 159 158 141
-0.075079 0.006792 0.924435 160 156 140
-0.072200 0.009504 0.922831 157 153 137
-0.069329 0.012213 0.921184 158 153 135
-0.066613 0.014822 0.919036 156 151 132
-0.064181 0.017245 0.916021 156 151 133
-0.061948 0.019536 0.912425 140 128 111
-0.059106 0.022228 0.910662 128 102 93
-0.055805 0.025228 0.910218 124 84 77
-0.052360 0.028327 0.910139 152 101 97
-0.048853 0.031473 0.910180 163 112 111
-0.043674 0.035753 0.914854 113 80 79
-0.039226 0.039551 0.917325 211 146 145
-0.036293 0.042327 0.915520 213 145 145
-0.211206 -0.117762 1.026494 83 48 56
-0.208910 -0.115364 1.022089 58 49 51
-0.206388 -0.112893 1.019469 51 49 51
-0.203871 -0.110424 1.016817 50 49 50
-0.201319 -0.107944 1.014434 52 52 52
-0.198763 -0.105461 1.012079 55 56 54
-0.196196 -0.102974 1.009799 60 60 58
-0.193614 -0.100481 1.007613 63 64 62
-0.191036 -0.097990 1.005388 67 69 67
-0.188452 -0.095494 1.003206 71 75 72
-0.185881 -0.093004 1.000927 77 80 78
-0.183321 -0.090519 0.998577 84 89 84
-0.180698 -0.088005 0.996611 152 152 136
-0.178115 -0.085508 0.994390 160 159 142
-0.175548 -0.083019 0.992066 163 161 145
-0.172947 -0.080512 0.989940 163 162 147
-0.170327 -0.077996 0.987905 149 149 134
-0.167723 -0.075487 0.985773 160 161 146
-0.165123 -0.072979 0.983610 164 163 149
-0.162552 -0.070486 0.981286 166 164 149
-0.159947 -0.067975 0.979139 167 165 150
-0.157346 -0.065465 0.976957 170 168 153
-0.154733 -0.062949 0.974834 167 167 152
-0.152117 -0.060429 0.972717 162 160 146
-0.149517 -0.057919 0.970511 155 155 142
-0.146908 -0.055403 0.968343 151 153 141
-0.144324 -0.052900 0.966052 146 148 137
-0.141725 -0.050388 0.963828 148 151 138
-0.139142 -0.047886 0.961526 149 152 137
-0.136560 -0.045383 0.959217 162 164 149
-0.133929 -0.042852 0.957118 165 164 150
-0.131312 -0.040329 0.954950 169 169 155
-0.128694 -0.037805 0.952780 173 172 158
-0.126008 -0.035239 0.950886 171 169 155
-0.123319 -0.032671 0.948986 168 166 151
-0.120591 -0.030077 0.947232 167 165 151
-0.117903 -0.027507 0.945298 162 160 146
-0.115213 -0.024935 0.943359 163 161 146
-0.112570 -0.022390 0.941229 166 165 149
-0.109861 -0.019804 0.939338 158 156 140
-0.107102 -0.017185 0.937620 162 163 145
-0.104389 -0.014594 0.935712 163 163 145
-0.101654 -0.011988 0.933872 158 157 140
-0.098847 -0.009335 0.932272 154 152 136
-0.096056 -0.006691 0.930591 154 152 136
-0.093232 -0.004023 0.929006 153 152 135
-0.090323 -0.001299 0.927689 153 151 136
-0.087436 0.001414 0.926271 153 151 136
-0.084603 0.004093 0.924644 155 154 137
-0.081713 0.006810 0.923181 156 155 138
-0.078762 0.009571 0.921890 158 154 138
-0.075971 0.012226 0.920060 157 153 135
-0.073251 0.014836 0.917992 153 148 131
-0.070652 0.017364 0.915536 156 150 130
-0.068324 0.019709 0.912252 149 140 123
-0.065724 0.022237 0.909811 173 155 140
-0.062616 0.025112 0.908893 120 90 80
-0.059239 0.028174 0.908728 151 102 98
-0.055665 0.031376 0.909078 160 103 100
-0.051499 0.034993 0.911062 134 89 87
-0.046492 0.039201 0.915322 151 107 107
-0.043012 0.042359 0.915136 215 147 150
-0.213883 -0.114406 1.026669 133 84 89
-0.211955 -0.112158 1.019364 58 50 52
-0.209476 -0.109710 1.016493 51 49 51
-0.206927 -0.107237 1.014162 51 50 51
-0.204410 -0.104775 1.011608 52 52 53
-0.201877 -0.102309 1.009166 57 57 56
-0.199316 -0.099829 1.006929 60 61 59
-0.196750 -0.097348 1.004713 64 65 63
-0.194190 -0.094869 1.002459 68 70 68
-0.191606 -0.092378 1.000353 74 76 72
-0.189039 -0.089895 0.998126 80 83 80
-0.186485 -0.087418 0.995812 91 96 91
-0.183894 -0.084922 0.993727 160 160 144
-0.181333 -0.082440 0.991449 160 159 142
-0.178774 -0.079959 0.989159 160 159 144
-0.176173 -0.077457 0.987102 154 152 137
-0.173563 -0.074949 0.985086 158 157 142
-0.170961 -0.072444 0.983017 165 165 151
-0.168369 -0.069943 0.980880 167 166 151
-0.165797 -0.067454 0.978623 166 164 149
-0.163179 -0.064938 0.976609 166 164 149
-0.160580 -0.062433 0.974483 164 162 147
-0.157978 -0.059924 0.972365 164 162 146
-0.155359 -0.057406 0.970321 163 162 145
-0.152776 -0.054908 0.968088 164 162 147
-0.150177 -0.052400 0.965933 165 165 148
-0.147610 -0.049910 0.963617 166 167 149
-0.144987 -0.047388 0.961554 166 167 149
-0.142378 -0.044872 0.959422 167 168 150
-0.139764 -0.042354 0.957304 169 169 153
-0.137118 -0.039814 0.955321 172 170 156
-0.134488 -0.037284 0.953253 172 170 156
-0.131829 -0.034736 0.951301 169 168 153
-0.129149 -0.032173 0.949422 164 163 149
-0.126501 -0.029630 0.947393 156 154 139
-0.123886 -0.027107 0.945222 160 159 144
-0.121243 -0.024565 0.943158 163 162 146
-0.118552 -0.021992 0.941274 160 159 143
-0.115912 -0.019451 0.939176 157 155 140
-0.113174 -0.016846 0.937444 159 156 140
-0.110393 -0.014212 0.935853 159 158 141
-0.107669 -0.011613 0.934031 160 159 142
-0.104929 -0.009003 0.932250 156 155 137
-0.102169 -0.006378 0.930523 154 153 135
-0.099454 -0.003781 0.928621 153 152 135
-0.096708 -0.001164 0.926810 160 157 141
-0.093887 0.001506 0.925243 162 158 142
-0.091057 0.004183 0.923683 162 158 142
-0.088255 0.006842 0.922006 157 153 137
-0.085350 0.009573 0.920652 154 151 134
-0.082504 0.012266 0.919076 154 150 134
-0.079879 0.014808 0.916764 150 146 128
-0.077365 0.017273 0.914097 155 150 132
-0.074917 0.019693 0.911231 162 156 136
-0.072311 0.022221 0.908863 132 111 95
-0.069381 0.024976 0.907490 125 98 87
-0.066131 0.027958 0.907053 132 98 90
-0.062864 0.030956 0.906618 152 105 102
-0.058687 0.034602 0.908813 156 109 106
-0.054002 0.038617 0.912366 123 99 96
-0.049719 0.042355 0.914614 213 151 156
-0.046859 0.045082 0.912710 214 146 148
-0.216032 -0.110842 1.031161 153 96 99
-0.214837 -0.108918 1.017779 46 31 33
-0.212523 -0.106547 1.013669 50 48 50
-0.210004 -0.104092 1.011196 52 51 52
-0.207485 -0.101636 1.008737 56 55 56
-0.204986 -0.099191 1.006128 58 59 57
-0.202437 -0.096722 1.003896 60 61 59
-0.199884 -0.094251 1.001679 64 65 63
-0.197323 -0.091776 0.999517 68 68 66
-0.194738 -0.089289 0.997501 73 75 71
-0.192169 -0.086809 0.995364 81 84 81
-0.189622 -0.084339 0.993088 99 104 97
-0.187057 -0.081860 0.990913 128 129 113
-0.184518 -0.079394 0.988573 160 159 143
-0.181969 -0.076923 0.986297 160 159 144
-0.179360 -0.074419 0.984364 153 153 139
-0.176738 -0.071906 0.982491 163 162 148
-0.174124 -0.069397 0.980555 167 166 153
-0.171537 -0.066902 0.978457 166 166 151
-0.168974 -0.064421 0.976213 167 165 150
-0.166365 -0.061912 0.974218 166 165 149
-0.163768 -0.059409 0.972140 167 165 150
-0.161185 -0.056915 0.969980 164 162 147
-0.158603 -0.054420 0.967815 164 162 147
-0.156019 -0.051924 0.965647 164 162 147
-0.153422 -0.049420 0.963535 165 164 147
-0.150875 -0.046945 0.961179 164 165 147
-0.148260 -0.044429 0.959142 164 164 148
-0.145647 -0.041913 0.957082 165 165 149
-0.143017 -0.039386 0.955092 168 168 154
-0.140378 -0.036852 0.953129 168 166 153
-0.137746 -0.034322 0.951124 167 165 152
-0.135092 -0.031777 0.949202 163 161 146
-0.132445 -0.029236 0.947233 166 164 149
-0.129817 -0.026706 0.945175 166 164 149
-0.127219 -0.024196 0.942981 166 164 149
-0.124583 -0.021659 0.940939 166 165 149
-0.121892 -0.019086 0.939105 164 163 147
-0.119235 -0.016535 0.937120 165 164 147
-0.116502 -0.013931 0.935422 165 164 147
-0.113733 -0.011303 0.933836 163 162 145
-0.111020 -0.008710 0.932022 160 159 142
-0.108310 -0.006119 0.930177 157 156 138
-0.105602 -0.003529 0.928308 155 153 135
-0.102935 -0.000965 0.926279 157 156 139
-0.100210 0.001639 0.924445 162 158 142
-0.097423 0.004288 0.922814 162 158 142
-0.094613 0.006954 0.921242 162 158 142
-0.091815 0.009612 0.919604 160 157 141
-0.088948 0.012321 0.918177 159 155 139
-0.086252 0.014910 0.916157 156 152 134
-0.083725 0.017380 0.913576 159 154 136
-0.081259 0.019806 0.910805 170 163 145
-0.078697 0.022300 0.908347 130 113 99
-0.075933 0.024939 0.906525 126 100 88
-0.072874 0.027792 0.905602 122 92 83
-0.069779 0.030674 0.904750 147 109 104
-0.066046 0.034021 0.905782 141 110 110
-0.061343 0.038080 0.909614 103 85 85
-0.056596 0.042181 0.913414 129 109 118
-0.053336 0.045202 0.912739 212 148 152
-0.218436 -0.107355 1.033692 142 85 86
-0.217568 -0.105632 1.017318 103 78 78
-0.215455 -0.103366 1.011591 58 56 57
-0.213086 -0.100987 1.008017 53 52 53
-0.210548 -0.098528 1.005793 56 55 56
-0.208056 -0.096093 1.003215 56 57 56
-0.205520 -0.093635 1.000971 60 61 59
-0.202982 -0.091176 0.998738 62 65 63
-0.200424 -0.088706 0.996641 68 69 67
-0.197843 -0.086223 0.994681 74 77 74
-0.195269 -0.083743 0.992666 86 89 85
-0.192706 -0.081269 0.990564 155 153 143
-0.190163 -0.078805 0.988319 168 167 152
-0.187663 -0.076365 0.985807 105 110 105
-0.185166 -0.073928 0.983284 102 112 108
-0.182559 -0.071426 0.981426 96 107 104
-0.179931 -0.068911 0.979673 120 123 119
-0.177291 -0.066388 0.977961 153 151 140
-0.174694 -0.063890 0.975982 167 166 152
-0.172130 -0.061411 0.973810 167 165 150
-0.169533 -0.058910 0.971814 167 166 149
-0.166939 -0.056411 0.969785 166 165 148
-0.164356 -0.053919 0.967683 166 164 149
-0.161785 -0.051433 0.965516 166 164 149
-0.159212 -0.048946 0.963352 166 165 148
-0.156622 -0.046447 0.961267 165 166 148
-0.154065 -0.043970 0.959008 166 165 150
-0.151452 -0.041456 0.957015 167 166 150
-0.148849 -0.038947 0.954962 168 168 152
-0.146211 -0.036415 0.953060 169 169 155
-0.143579 -0.033886 0.951121 166 166 152
-0.140960 -0.031365 0.949106 171 171 155
-0.138317 -0.028827 0.947183 173 173 157
-0.135691 -0.026300 0.945177 173 171 156
-0.133075 -0.023779 0.943115 171 169 154
-0.130497 -0.021284 0.940886 170 169 152
-0.127852 -0.018742 0.938928 167 166 149
-0.125172 -0.016176 0.937099 166 165 148
-0.122514 -0.013623 0.935166 166 165 148
-0.119781 -0.011018 0.933516 165 164 148
-0.117024 -0.008395 0.931937 162 160 144
-0.114334 -0.005817 0.930081 157 156 138
-0.111663 -0.003252 0.928136 155 154 135
-0.109007 -0.000698 0.926120 160 156 138
-0.106366 0.001848 0.924046 160 157 141
-0.103670 0.004432 0.922156 162 158 142
-0.100899 0.007072 0.920520 162 158 142
-0.098098 0.009734 0.918966 162 158 142
-0.095318 0.012382 0.917319 160 156 140
-0.092534 0.015035 0.915666 156 152 135
-0.090009 0.017499 0.913122 159 155 138
-0.087453 0.019986 0.910686 170 165 147
-0.084944 0.022438 0.908098 148 136 122
-0.082399 0.024916 0.905631 119 97 88
-0.079588 0.027592 0.904013 117 92 84
-0.076253 0.030657 0.904013 134 109 108
-0.072885 0.033750 0.904052 128 111 114
-0.068413 0.037672 0.907396 96 85 86
-0.063397 0.042010 0.912228 119 117 119
-0.059823 0.045274 0.912587 164 150 170
-0.220050 -0.102234 1.018892 140 100 101
-0.218299 -0.100170 1.010097 74 73 70
-0.216080 -0.097878 1.005355 81 80 80
-0.213619 -0.095463 1.002618 54 53 54
-0.211091 -0.093014 1.000400 56 55 56
-0.208571 -0.090569 0.998128 60 60 59
-0.206041 -0.088118 0.995918 65 66 64
-0.203490 -0.085655 0.993853 71 71 69
-0.200924 -0.083183 0.991884 75 78 74
-0.198347 -0.080703 0.989969 94 97 93
-0.195767 -0.078221 0.988055 149 149 136
-0.193223 -0.075759 0.985897 152 150 136
-0.190792 -0.073366 0.983007 128 130 121
-0.188389 -0.070990 0.979972 103 116 112
-0.185787 -0.068493 0.978176 188 187 184
-0.183124 -0.065958 0.976715 158 150 144
-0.180467 -0.063424 0.975190 126 129 121
-0.177833 -0.060903 0.973499 165 164 150
-0.175261 -0.058421 0.971439 167 165 150
-0.172675 -0.055929 0.969445 166 164 149
-0.170084 -0.053433 0.967462 164 163 146
-0.167495 -0.050938 0.965454 163 161 146
-0.164930 -0.048458 0.963310 165 164 147
-0.162385 -0.045991 0.961058 165 164 147
-0.159809 -0.043502 0.958963 166 166 150
-0.157246 -0.041023 0.956788 166 166 151
-0.154636 -0.038511 0.954837 166 166 151
-0.152024 -0.035997 0.952885 165 165 151
-0.149391 -0.033468 0.951016 165 165 151
-0.146768 -0.030945 0.949084 171 171 157
-0.144164 -0.028435 0.947050 173 173 157
-0.141544 -0.025913 0.945079 176 174 160
-0.138945 -0.023405 0.943006 175 173 158
-0.136343 -0.020894 0.940935 173 171 156
-0.133768 -0.018403 0.938740 170 168 152
-0.131115 -0.015855 0.936868 169 168 152
-0.128440 -0.013290 0.935071 167 166 149
-0.125786 -0.010741 0.933170 165 164 147
-0.123080 -0.008152 0.931462 164 162 147
-0.120366 -0.005558 0.929765 160 160 143
-0.117698 -0.002995 0.927875 157 156 139
-0.115024 -0.000427 0.925990 159 158 139
-0.112399 0.002105 0.923907 162 158 142
-0.109779 0.004634 0.921799 163 159 141
-0.107067 0.007232 0.920018 163 159 142
-0.104319 0.009857 0.918351 163 159 141
-0.101574 0.012481 0.916650 162 158 140
-0.098819 0.015113 0.914969 160 157 139
-0.096121 0.017704 0.913069 160 156 138
-0.093566 0.020188 0.910675 176 171 153
-0.091075 0.022623 0.908064 148 141 126
-0.088718 0.024956 0.905018 105 91 84
-0.086013 0.027553 0.903124 116 97 88
-0.082868 0.030486 0.902629 133 112 115
-0.079164 0.033847 0.903852 124 115 124
-0.075103 0.037488 0.906097 104 93 99
-0.070275 0.041724 0.910588 125 118 124
-0.066229 0.045366 0.912514 159 168 192
-0.222424 -0.098770 1.021426 130 87 89
-0.220937 -0.096883 1.010216 121 99 96
-0.218894 -0.094704 1.003992 46 45 45
-0.216593 -0.092385 1.000022 49 48 49
-0.214096 -0.089957 0.997659 54 53 54
-0.211597 -0.087528 0.995304 58 57 58
-0.209067 -0.085080 0.993182 64 65 63
-0.206522 -0.082623 0.991163 77 77 75
-0.203964 -0.080157 0.989218 74 77 74
-0.201394 -0.077683 0.987343 126 125 117
-0.198809 -0.075198 0.985551 158 156 142
-0.196241 -0.072723 0.983621 160 161 145
-0.193726 -0.070282 0.981330 162 163 148
-0.191252 -0.067867 0.978774 152 156 145
-0.188697 -0.065400 0.976735 150 148 139
-0.186101 -0.062904 0.974937 137 133 125
-0.183484 -0.060395 0.973234 162 162 150
-0.180893 -0.057902 0.971360 163 162 147
-0.178336 -0.055430 0.969272 165 163 148
-0.175758 -0.052944 0.967293 160 160 143
-0.173175 -0.050454 0.965326 160 160 143
-0.170596 -0.047966 0.963326 160 159 142
-0.168043 -0.045495 0.961179 162 161 144
-0.165510 -0.043039 0.958916 162 160 145
-0.162932 -0.040550 0.956881 163 163 148
-0.160362 -0.038067 0.954798 165 165 150
-0.157755 -0.035557 0.952885 157 157 143
-0.155157 -0.033052 0.950918 164 164 150
-0.152550 -0.030541 0.948979 172 172 158
-0.149949 -0.028033 0.946999 175 174 161
-0.147382 -0.025550 0.944848 181 181 167
-0.144795 -0.023051 0.942785 182 180 167
-0.142201 -0.020548 0.940741 179 178 163
-0.139598 -0.018037 0.938726 178 176 161
-0.137029 -0.015551 0.936553 175 173 158
-0.134376 -0.013002 0.934734 171 169 154
-0.131697 -0.010434 0.933004 168 167 150
-0.129070 -0.007902 0.931046 166 165 148
-0.126398 -0.005337 0.929256 165 164 147
-0.123716 -0.002764 0.927484 155 154 137
-0.121053 -0.000204 0.925626 160 160 143
-0.118391 0.002356 0.923746 164 160 144
-0.115772 0.004883 0.921689 163 159 143
-0.113157 0.007408 0.919609 165 161 143
-0.110474 0.009986 0.917771 163 159 141
-0.107715 0.012622 0.916193 163 159 141
-0.105003 0.015223 0.914428 160 157 139
-0.102299 0.017819 0.912615 160 156 138
-0.099773 0.020278 0.910168 173 168 151
-0.097281 0.022710 0.907604 164 158 143
-0.094993 0.024983 0.904355 90 80 76
-0.092315 0.027560 0.902436 118 107 103
-0.089208 0.030472 0.901917 128 118 119
-0.085533 0.033832 0.903192 124 125 139
-0.081561 0.037429 0.905319 106 102 110
-0.076653 0.041770 0.910286 125 121 120
-0.072584 0.045456 0.912438 147 158 176
-0.069722 0.048193 0.910757 130 145 169
-0.224779 -0.095274 1.024233 160 106 110
-0.223299 -0.093437 1.012678 134 103 100
-0.221586 -0.091477 1.003556 95 72 73
-0.219425 -0.089256 0.998428 43 40 42
-0.217103 -0.086939 0.994732 47 44 46
-0.214590 -0.084505 0.992574 53 52 53
-0.212032 -0.082041 0.990758 67 66 68
-0.209484 -0.079583 0.988837 78 79 75
-0.206933 -0.077123 0.986925 83 85 81
-0.204373 -0.074655 0.985057 144 145 135
-0.201815 -0.072188 0.983154 159 157 142
-0.199245 -0.069713 0.981310 160 159 145
-0.196713 -0.067262 0.979202 166 165 151
-0.194198 -0.064823 0.976967 169 169 155
-0.191616 -0.062338 0.975156 171 169 157
-0.189045 -0.059859 0.973257 167 165 151
-0.186474 -0.057379 0.971342 160 160 145
-0.183916 -0.054908 0.969333 156 154 138
-0.181377 -0.052450 0.967197 160 159 140
-0.178816 -0.049976 0.965185 157 156 139
-0.176243 -0.047493 0.963222 158 157 140
-0.173674 -0.045012 0.961230 157 156 139
-0.171121 -0.042543 0.959136 157 157 140
-0.168587 -0.040087 0.956930 159 159 143
-0.166018 -0.037605 0.954905 158 158 144
-0.163457 -0.035129 0.952826 153 153 139
-0.160871 -0.032634 0.950864 164 164 150
-0.158298 -0.030147 0.948826 167 167 155
-0.155726 -0.027661 0.946775 175 174 161
-0.153156 -0.025177 0.944702 182 182 169
-0.150592 -0.022697 0.942591 187 187 173
-0.148023 -0.020212 0.940498 188 189 175
-0.145432 -0.017710 0.938498 186 184 169
-0.142837 -0.015206 0.936499 182 182 169
-0.140285 -0.012733 0.934307 176 174 159
-0.137630 -0.010181 0.932551 170 167 153
-0.134956 -0.007614 0.930856 169 167 151
-0.132330 -0.005083 0.928939 166 165 149
-0.129682 -0.002535 0.927103 157 156 139
-0.127027 0.000020 0.925280 160 159 142
-0.124360 0.002584 0.923483 164 160 144
-0.121707 0.005138 0.921620 165 161 145
-0.119078 0.007674 0.919651 164 160 144
-0.116436 0.010221 0.917715 164 160 142
-0.113758 0.012796 0.915905 162 158 140
-0.111112 0.015347 0.913959 160 157 139
-0.108535 0.017843 0.911754 160 156 138
-0.106133 0.020201 0.908916 167 160 142
-0.103703 0.022580 0.906192 136 129 116
-0.101146 0.025060 0.903922 83 72 69
-0.098383 0.027705 0.902350 121 111 108
-0.095444 0.030493 0.901355 125 118 124
-0.091764 0.033878 0.902791 123 126 136
-0.087693 0.037583 0.905410 99 102 112
-0.083137 0.041685 0.909463 125 123 131
-0.079009 0.045447 0.911973 160 179 208
-0.076017 0.048293 0.910771 155 173 206
-0.225526 -0.089884 1.016424 111 82 82
-0.224013 -0.088091 1.005329 154 115 113
-0.222103 -0.086051 0.998008 75 57 59
-0.220005 -0.083893 0.992482 48 45 47
-0.217625 -0.081550 0.989347 48 47 48
-0.215022 -0.079056 0.987989 52 52 53
-0.212466 -0.076593 0.986218 62 63 61
-0.209914 -0.074132 0.984400 86 91 86
-0.207358 -0.071667 0.982590 147 148 135
-0.204816 -0.069212 0.980653 163 158 144
-0.202249 -0.066738 0.978873 163 161 147
-0.199728 -0.064297 0.976763 167 165 152
-0.197199 -0.061849 0.974695 176 174 162
-0.194623 -0.059366 0.972925 173 171 158
-0.192068 -0.056899 0.970991 166 165 149
-0.189521 -0.054437 0.968998 165 164 147
-0.186984 -0.051982 0.966925 164 163 146
-0.184441 -0.049521 0.964886 164 163 146
-0.181893 -0.047058 0.962858 160 160 143
-0.179338 -0.044588 0.960861 158 157 140
-0.176782 -0.042117 0.958859 158 157 140
-0.174240 -0.039656 0.956770 150 149 133
-0.171708 -0.037203 0.954613 146 146 130
-0.169153 -0.034731 0.952575 145 145 131
-0.166594 -0.032257 0.950547 155 155 141
-0.164030 -0.029778 0.948535 163 161 148
-0.161481 -0.027310 0.946436 171 171 157
-0.158930 -0.024841 0.944339 179 180 166
-0.156386 -0.022376 0.942202 187 187 174
-0.153811 -0.019888 0.940199 191 190 177
-0.151242 -0.017404 0.938163 189 190 176
-0.148641 -0.014894 0.936265 189 187 175
-0.146064 -0.012403 0.934242 185 182 170
-0.143520 -0.009937 0.932063 179 178 163
-0.140889 -0.007402 0.930258 173 172 158
-0.138240 -0.004852 0.928516 169 167 152
-0.135621 -0.002326 0.926625 159 157 141
-0.132993 0.000208 0.924761 163 161 144
-0.130360 0.002747 0.922901 164 161 145
-0.127718 0.005293 0.921063 164 159 145
-0.125053 0.007859 0.919301 165 161 145
-0.122382 0.010429 0.917543 160 158 141
-0.119729 0.012986 0.915699 159 155 137
-0.117212 0.015432 0.913325 166 162 144
-0.114752 0.017833 0.910744 173 169 151
-0.112433 0.020118 0.907648 170 165 145
-0.110010 0.022486 0.904950 117 105 97
-0.107276 0.025111 0.903376 101 85 83
-0.104373 0.027875 0.902372 129 116 115
-0.101322 0.030762 0.901843 118 110 111
-0.097913 0.033947 0.902489 111 111 115
-0.093879 0.037652 0.905160 83 86 87
-0.089222 0.041879 0.909762 130 126 134
-0.085426 0.045396 0.911348 163 179 208
-0.226206 -0.084528 1.009223 90 63 65
-0.224453 -0.082625 1.000345 147 112 110
-0.222608 -0.080667 0.992575 65 51 52
-0.220534 -0.078550 0.986959 47 46 47
-0.218002 -0.076104 0.985130 50 49 50
-0.215453 -0.073646 0.983412 58 57 58
-0.212871 -0.071162 0.981911 71 76 71
-0.210309 -0.068692 0.980234 151 154 140
-0.207764 -0.066234 0.978398 159 154 140
-0.205204 -0.063764 0.976653 172 169 156
-0.202668 -0.061312 0.974712 173 171 160
-0.200175 -0.058892 0.972470 179 177 164
-0.197617 -0.056422 0.970649 172 167 155
-0.195079 -0.053967 0.968684 166 164 148
-0.192555 -0.051522 0.966612 165 164 147
-0.190021 -0.049070 0.964592 164 163 146
-0.187480 -0.046611 0.962608 164 163 146
-0.184943 -0.044155 0.960583 164 163 146
-0.182405 -0.041699 0.958552 164 163 146
-0.179858 -0.039234 0.956565 159 158 141
-0.177321 -0.036777 0.954509 148 146 131
-0.174792 -0.034328 0.952393 148 148 132
-0.172243 -0.031861 0.950384 160 160 146
-0.169694 -0.029393 0.948363 160 161 147
-0.167156 -0.026935 0.946271 166 164 151
-0.164628 -0.024484 0.944126 171 171 157
-0.162083 -0.022020 0.942054 175 174 161
-0.159541 -0.019558 0.939962 186 186 172
-0.156971 -0.017072 0.937998 193 193 179
-0.154402 -0.014587 0.936015 193 193 181
-0.151801 -0.012076 0.934170 192 192 180
-0.149232 -0.009591 0.932162 188 187 174
-0.146695 -0.007132 0.930000 182 182 169
-0.144089 -0.004615 0.928140 173 174 160
-0.141456 -0.002076 0.926381 160 158 145
-0.138860 0.000434 0.924447 155 152 137
-0.136234 0.002968 0.922624 159 157 140
-0.133609 0.005501 0.920781 160 158 141
-0.130992 0.008029 0.918891 165 161 145
-0.128352 0.010577 0.917083 166 162 146
-0.125780 0.013067 0.914989 167 162 144
-0.123285 0.015494 0.912587 170 166 148
-0.120981 0.017760 0.909455 191 187 169
-0.118581 0.020105 0.906709 160 155 140
-0.115937 0.022656 0.904881 89 74 68
-0.113102 0.025370 0.903744 142 118 112
-0.110094 0.028231 0.903196 133 116 114
-0.106982 0.031181 0.902969 122 112 116
-0.103619 0.034346 0.903560 113 115 122
-0.099812 0.037891 0.905606 87 89 92
-0.095193 0.042132 0.910302 133 133 137
-0.091657 0.045453 0.911154 142 143 159
-0.088869 0.048138 0.909433 159 173 202
-0.228619 -0.081094 1.011291 142 98 98
-0.226803 -0.079181 1.002762 113 82 80
-0.224893 -0.077204 0.995368 154 110 102
-0.223065 -0.075296 0.987554 84 63 62
-0.220903 -0.073134 0.982741 48 45 45
-0.218419 -0.070725 0.980600 56 53 55
-0.215923 -0.068306 0.978543 63 64 64
-0.213326 -0.065806 0.977240 83 82 83
-0.210756 -0.063328 0.975687 225 224 212
-0.208179 -0.060842 0.974156 217 209 205
-0.205649 -0.058394 0.972255 185 180 170
-0.203138 -0.055961 0.970210 173 172 158
-0.200578 -0.053488 0.968478 167 165 149
-0.198025 -0.051020 0.966676 165 164 147
-0.195544 -0.048610 0.964394 164 163 146
-0.193025 -0.046169 0.962352 163 162 145
-0.190502 -0.043725 0.960318 163 162 145
-0.187984 -0.041284 0.958246 164 163 146
-0.185456 -0.038835 0.956222 164 163 146
-0.182907 -0.036369 0.954310 163 162 145
-0.180379 -0.033919 0.952269 155 153 138
-0.177852 -0.031470 0.950207 157 155 140
-0.175324 -0.029020 0.948138 160 158 143
-0.172793 -0.026567 0.946084 162 160 147
-0.170269 -0.024120 0.943980 162 162 148
-0.167734 -0.021664 0.941923 173 172 158
-0.165180 -0.019191 0.939957 182 182 168
-0.162635 -0.016726 0.937933 195 195 182
-0.160057 -0.014233 0.936061 199 200 188
-0.157497 -0.011754 0.934086 200 201 189
-0.154927 -0.009268 0.932147 199 200 188
-0.152383 -0.006802 0.930077 195 195 184
-0.149840 -0.004338 0.927990 188 189 177
-0.147230 -0.001816 0.926199 181 180 167
-0.144614 0.000712 0.924416 172 170 155
-0.142061 0.003186 0.922345 168 164 150
-0.139474 0.005689 0.920409 168 164 149
-0.136881 0.008198 0.918489 168 164 148
-0.134274 0.010719 0.916610 167 163 147
-0.131704 0.013208 0.914567 168 164 147
-0.129282 0.015570 0.911927 189 186 168
-0.127064 0.017755 0.908488 169 166 149
-0.124522 0.020220 0.906345 91 83 78
-0.121730 0.022902 0.905152 122 94 91
-0.118814 0.025692 0.904392 150 111 110
-0.115758 0.028606 0.904108 140 121 123
-0.112573 0.031633 0.904234 120 117 122
-0.109166 0.034857 0.905094 120 113 118
-0.105275 0.038505 0.907580 90 88 89
-0.101063 0.042437 0.911053 116 123 133
-0.097781 0.045557 0.911147 145 156 177
-0.095114 0.048140 0.909079 133 137 155
-0.229195 -0.075750 1.004892 125 89 88
-0.227162 -0.073703 0.998406 120 89 87
-0.225206 -0.071722 0.991487 153 106 107
-0.223344 -0.069822 0.984026 123 92 98
-0.221140 -0.067644 0.979603 49 41 44
-0.218791 -0.065346 0.976432 55 54 55
-0.216268 -0.062904 0.974649 68 68 68
-0.213721 -0.060441 0.973023 95 100 102
-0.211109 -0.057923 0.971845 207 206 213
-0.208580 -0.055475 0.970012 238 233 232
-0.206094 -0.053062 0.967864 164 161 148
-0.203542 -0.050593 0.966165 163 162 145
-0.201009 -0.048140 0.964303 164 163 146
-0.198538 -0.045739 0.962024 163 162 145
-0.196030 -0.043307 0.959983 163 161 144
-0.193517 -0.040871 0.957957 164 160 144
-0.191009 -0.038439 0.955889 164 161 143
-0.188493 -0.035999 0.953864 164 163 146
-0.185955 -0.033540 0.951957 160 156 140
-0.183431 -0.031094 0.949951 155 154 137
-0.180904 -0.028644 0.947958 160 159 142
-0.178383 -0.026200 0.945910 160 158 143
-0.175846 -0.023741 0.943945 163 162 146
-0.173318 -0.021290 0.941921 165 163 149
-0.170785 -0.018834 0.939914 175 174 161
-0.168234 -0.016363 0.937985 185 185 172
-0.165705 -0.013911 0.935933 201 201 190
-0.163139 -0.011426 0.934057 208 209 200
-0.160582 -0.008948 0.932122 212 214 204
-0.158017 -0.006464 0.930212 212 211 204
-0.155467 -0.003993 0.928216 211 209 201
-0.152929 -0.001532 0.926155 205 205 197
-0.150339 0.000976 0.924327 198 195 186
-0.147761 0.003472 0.922422 182 181 167
-0.145284 0.005880 0.920064 173 171 158
-0.142774 0.008317 0.917850 168 163 149
-0.140261 0.010756 0.915647 169 164 150
-0.137866 0.013090 0.912941 188 185 168
-0.135421 0.015469 0.910456 154 149 136
-0.132877 0.017937 0.908383 88 72 69
-0.130241 0.020486 0.906666 110 82 80
-0.127445 0.023179 0.905565 158 109 108
-0.124469 0.026033 0.905123 166 112 108
-0.121364 0.029004 0.905118 163 121 119
-0.118177 0.032050 0.905353 139 131 136
-0.114867 0.035207 0.905967 111 106 111
-0.110959 0.038904 0.908682 122 117 119
-0.106987 0.042661 0.911481 120 123 134
-0.103911 0.045612 0.910951 146 158 184
-0.229622 -0.070339 0.999844 128 90 86
-0.227511 -0.068251 0.994147 116 82 86
-0.225482 -0.066237 0.987927 150 107 115
-0.223577 -0.064334 0.980883 132 113 120
-0.221497 -0.062280 0.975494 67 66 71
-0.219126 -0.059969 0.972566 52 55 54
-0.216732 -0.057639 0.969847 61 66 68
-0.214190 -0.055176 0.968263 77 86 92
-0.211581 -0.052655 0.967130 81 88 84
-0.209032 -0.050186 0.965519 110 113 105
-0.206488 -0.047721 0.963841 165 163 148
-0.203960 -0.045271 0.962026 162 161 144
-0.201483 -0.042865 0.959857 160 158 142
-0.198970 -0.040427 0.957913 163 161 145
-0.196454 -0.037987 0.955969 164 160 144
-0.193957 -0.035564 0.953896 163 159 143
-0.191450 -0.033131 0.951874 162 158 142
-0.188920 -0.030678 0.949983 155 153 138
-0.186401 -0.028234 0.948008 160 160 143
-0.183875 -0.025784 0.946064 162 161 144
-0.181361 -0.023345 0.944038 163 162 145
-0.178834 -0.020893 0.942075 173 168 154
-0.176324 -0.018458 0.940003 167 165 151
-0.173804 -0.016013 0.937978 179 177 162
-0.171259 -0.013545 0.936073 193 193 182
-0.168726 -0.011087 0.934098 219 217 210
-0.166167 -0.008606 0.932239 232 230 224
-0.163624 -0.006140 0.930281 234 233 230
-0.161080 -0.003672 0.928321 236 234 232
-0.158554 -0.001221 0.926263 245 243 242
-0.155996 0.001260 0.924349 248 247 248
-0.153466 0.003714 0.922285 252 250 250
-0.150936 0.006170 0.920221 247 245 241
-0.148651 0.008400 0.917052 169 166 155
-0.146282 0.010707 0.914278 132 126 120
-0.143810 0.013109 0.911965 105 99 93
-0.141195 0.015642 0.910266 81 74 73
-0.138506 0.018244 0.908856 111 92 90
-0.135815 0.020848 0.907426 155 115 112
-0.133008 0.023558 0.906436 162 109 106
-0.130061 0.026399 0.905968 166 114 110
-0.126974 0.029370 0.905993 171 118 112
-0.123637 0.032572 0.906916 160 119 116
-0.120263 0.035810 0.907884 102 90 96
-0.116402 0.039498 0.910582 154 148 155
-0.112943 0.042817 0.911643 157 166 179
-0.110090 0.045574 0.910391 162 174 200
-0.229841 -0.064779 0.996683 119 106 107
-0.227703 -0.062689 0.991263 87 83 89
-0.225685 -0.060710 0.984995 112 122 135
-0.223682 -0.058748 0.978803 95 107 123
-0.221659 -0.056767 0.972977 100 108 116
-0.219437 -0.054600 0.968898 70 71 74
-0.217065 -0.052293 0.966061 50 56 58
-0.214627 -0.049925 0.963744 55 63 62
-0.212087 -0.047460 0.962181 58 64 63
-0.209448 -0.044902 0.961292 71 71 69
-0.206863 -0.042395 0.959960 90 92 86
-0.204381 -0.039985 0.957880 137 137 128
-0.201897 -0.037573 0.955811 121 120 111
-0.199395 -0.035143 0.953851 167 164 152
-0.196878 -0.032700 0.951967 154 148 134
-0.194388 -0.030282 0.949903 156 151 137
-0.191882 -0.027849 0.947924 159 157 142
-0.189368 -0.025408 0.945984 160 160 143
-0.186846 -0.022959 0.944079 163 161 145
-0.184343 -0.020529 0.942047 165 163 148
-0.181817 -0.018076 0.940134 166 164 149
-0.179314 -0.015646 0.938078 164 162 148
-0.176820 -0.013224 0.935967 182 178 165
-0.174304 -0.010781 0.933967 214 211 206
-0.171771 -0.008321 0.932049 252 249 250
-0.169241 -0.005865 0.930098 254 253 255
-0.166752 -0.003448 0.927929 254 255 255
-0.164244 -0.001013 0.925846 254 253 255
-0.161687 0.001469 0.923999 253 251 254
-0.159227 0.003860 0.921674 245 245 246
-0.156847 0.006174 0.918970 194 190 194
-0.154394 0.008557 0.916620 123 119 117
-0.151971 0.010912 0.914137 91 83 78
-0.149379 0.013428 0.912414 89 82 80
-0.146775 0.015955 0.910725 129 110 106
-0.144047 0.018599 0.909550 150 110 106
-0.141219 0.021339 0.908767 162 111 107
-0.138374 0.024096 0.908006 170 117 113
-0.135369 0.027005 0.907853 172 118 115
-0.132323 0.029953 0.907798 157 106 102
-0.129115 0.033056 0.908323 130 93 90
-0.125353 0.036686 0.910932 153 125 120
-0.121775 0.040143 0.912683 159 119 118
-0.118790 0.043034 0.912051 182 187 210
-0.230082 -0.059261 0.993329 114 117 129
-0.227892 -0.057139 0.988416 70 68 76
-0.225767 -0.055082 0.983092 84 95 113
-0.223615 -0.052997 0.978148 105 116 135
-0.221559 -0.051007 0.972573 104 113 133
-0.219453 -0.048967 0.967552 104 110 126
-0.217236 -0.046817 0.963526 86 85 93
-0.214857 -0.044507 0.960792 57 56 60
-0.212386 -0.042106 0.958750 54 52 56
-0.209912 -0.039702 0.956723 55 52 55
-0.207436 -0.037295 0.954705 58 55 60
-0.204956 -0.034886 0.952697 63 62 63
-0.202439 -0.032440 0.950923 89 89 85
-0.199912 -0.029984 0.949193 121 121 113
-0.197382 -0.027524 0.947465 148 150 136
-0.194868 -0.025082 0.945606 152 153 140
-0.192364 -0.022648 0.943672 165 162 150
-0.189861 -0.020215 0.941723 160 159 145
-0.187413 -0.017837 0.939435 162 161 148
-0.184902 -0.015397 0.937507 168 164 152
-0.182337 -0.012904 0.935872 171 171 158
-0.179824 -0.010462 0.933927 240 239 235
-0.177344 -0.008052 0.931788 243 242 244
-0.174872 -0.005650 0.929604 243 242 244
-0.172472 -0.003320 0.927037 235 234 238
-0.170122 -0.001037 0.924230 217 214 220
-0.167664 0.001350 0.921980 182 179 185
-0.165161 0.003783 0.919955 133 131 136
-0.162649 0.006224 0.917963 111 105 105
-0.160095 0.008706 0.916162 112 99 95
-0.157435 0.011293 0.914843 129 106 104
-0.154731 0.013922 0.913691 152 122 115
-0.151937 0.016640 0.912912 158 113 108
-0.149161 0.019340 0.912002 167 115 111
-0.146368 0.022057 0.911120 173 119 116
-0.143497 0.024850 0.910529 175 120 114
-0.140452 0.027814 0.910622 168 115 110
-0.137227 0.030955 0.911387 143 106 98
-0.133832 0.034262 0.912755 137 109 103
-0.130494 0.037513 0.913778 178 130 126
-0.127379 0.040545 0.913808 213 154 149
-0.124588 0.043258 0.912492 218 155 155
-0.230364 -0.053810 0.989604 107 114 133
-0.228130 -0.051658 0.985145 99 101 114
-0.225944 -0.049556 0.980390 73 77 89
-0.223755 -0.047450 0.975787 94 101 124
-0.221589 -0.045367 0.971120 105 116 138
-0.219448 -0.043308 0.966379 105 114 136
-0.217264 -0.041205 0.962083 111 115 125
-0.214955 -0.038971 0.958827 140 114 112
-0.212613 -0.036702 0.955853 144 103 102
-0.210241 -0.034402 0.953133 98 69 68
-0.207859 -0.032091 0.950499 74 53 52
-0.205434 -0.029736 0.948175 70 54 52
-0.203025 -0.027397 0.945754 64 59 59
-0.200623 -0.025065 0.943290 60 62 64
-0.198124 -0.022634 0.941449 57 59 64
-0.195613 -0.020190 0.939672 68 68 71
-0.193093 -0.017737 0.937925 65 67 71
-0.190616 -0.015328 0.935905 68 69 75
-0.188127 -0.012908 0.933940 71 72 76
-0.185662 -0.010511 0.931830 77 82 88
-0.183160 -0.008077 0.929922 95 100 105
-0.180662 -0.005648 0.927973 108 112 115
-0.178141 -0.003195 0.926143 102 104 110
-0.175638 -0.000761 0.924195 103 104 111
-0.173124 0.001686 0.922299 108 109 115
-0.170568 0.004174 0.920601 116 116 122
-0.167946 0.006729 0.919213 122 119 125
-0.165310 0.009299 0.917866 138 122 126
-0.162603 0.011941 0.916829 153 110 104
-0.159887 0.014591 0.915790 160 114 107
-0.157132 0.017281 0.914895 166 116 112
-0.154295 0.020053 0.914327 169 119 112
-0.151349 0.022935 0.914192 171 122 115
-0.148401 0.025819 0.913995 159 114 108
-0.145378 0.028779 0.914060 137 105 99
-0.142004 0.032094 0.915559 139 122 114
-0.138871 0.035163 0.915908 176 140 135
-0.135974 0.037994 0.915195 201 140 138
-0.228323 -0.046149 0.982264 112 125 146
-0.226033 -0.043949 0.978430 89 98 111
-0.223790 -0.041798 0.974292 74 78 82
-0.221637 -0.039745 0.969517 95 96 111
-0.219446 -0.037649 0.965173 125 112 120
-0.217205 -0.035496 0.961312 153 110 109
-0.214936 -0.033312 0.957738 158 104 105
-0.212640 -0.031098 0.954423 156 104 102
-0.210303 -0.028840 0.951443 157 105 103
-0.207896 -0.026505 0.948989 162 111 109
-0.205472 -0.024150 0.946662 160 111 108
-0.203057 -0.021806 0.944275 155 113 111
-0.200607 -0.019425 0.942117 157 114 113
-0.198144 -0.017029 0.940043 144 112 110
-0.195642 -0.014592 0.938205 143 116 115
-0.193167 -0.012184 0.936182 124 116 114
-0.190683 -0.009766 0.934206 124 122 123
-0.188195 -0.007344 0.932241 120 123 126
-0.185659 -0.004871 0.930537 119 123 127
-0.183135 -0.002411 0.928747 118 123 130
-0.180571 0.000090 0.927153 125 130 140
-0.178019 0.002579 0.925477 128 133 141
-0.175448 0.005087 0.923871 130 133 142
-0.172796 0.007681 0.922670 132 133 142
-0.170085 0.010337 0.921729 138 131 139
-0.167386 0.012979 0.920677 148 124 129
-0.164680 0.015629 0.919618 168 123 120
-0.161952 0.018299 0.918619 167 120 115
-0.159167 0.021030 0.917849 163 116 112
-0.156284 0.023863 0.917484 150 116 107
-0.153274 0.026829 0.917638 135 114 103
-0.150215 0.029844 0.917928 188 165 156
-0.147232 0.032779 0.917797 179 138 133
-0.144434 0.035519 0.916786 206 145 142
-0.226261 -0.038507 0.975298 120 133 146
-0.223915 -0.036249 0.972053 126 109 115
-0.221640 -0.034072 0.968280 87 65 71
-0.219436 -0.031975 0.964030 112 79 79
-0.217143 -0.029774 0.960558 144 101 99
-0.214836 -0.027556 0.957248 156 109 106
-0.212482 -0.025284 0.954332 160 112 111
-0.210097 -0.022976 0.951666 160 113 112
-0.207689 -0.020642 0.949173 160 115 113
-0.205254 -0.018277 0.946882 155 113 112
-0.202818 -0.015911 0.944593 150 115 114
-0.200346 -0.013504 0.942543 145 119 119
-0.197866 -0.011089 0.940532 137 123 128
-0.195369 -0.008656 0.938613 121 124 132
-0.192861 -0.006210 0.936751 123 130 138
-0.190368 -0.003782 0.934783 118 126 137
-0.187849 -0.001325 0.932953 110 118 125
-0.185311 0.001153 0.931217 114 121 130
-0.182752 0.003654 0.929576 114 117 128
-0.180189 0.006159 0.927934 125 125 134
-0.177578 0.008716 0.926530 136 132 138
-0.174938 0.011303 0.925241 143 132 138
-0.172259 0.013933 0.924119 160 140 136
-0.169557 0.016587 0.923073 163 138 134
-0.166822 0.019276 0.922150 154 125 119
-0.164038 0.022018 0.921417 140 118 108
-0.161175 0.024844 0.921010 178 157 150
-0.158310 0.027671 0.920548 199 168 160
-0.155530 0.030404 0.919623 179 126 124
-0.152836 0.033045 0.918262 225 161 162
-0.224047 -0.030717 0.969755 187 123 128
-0.221671 -0.028428 0.966816 171 120 120
-0.219327 -0.026177 0.963660 156 119 117
-0.217037 -0.023988 0.960136 119 92 91
-0.214726 -0.021773 0.956832 101 76 73
-0.212342 -0.019470 0.954107 111 85 85
-0.209930 -0.017135 0.951597 116 102 104
-0.207530 -0.014812 0.949019 123 116 122
-0.205103 -0.012457 0.946643 130 123 132
-0.202634 -0.010054 0.944541 125 126 136
-0.200158 -0.007642 0.942484 119 123 135
-0.197667 -0.005213 0.940511 117 125 135
-0.195155 -0.002761 0.938656 123 133 140
-0.192635 -0.000299 0.936833 123 128 135
-0.190116 0.002160 0.934981 124 129 134
-0.187564 0.004657 0.933308 142 142 143
-0.184989 0.007181 0.931745 153 149 142
-0.182404 0.009714 0.930207 176 170 155
-0.179803 0.012265 0.928731 162 157 146
-0.177173 0.014849 0.927379 151 142 138
-0.174532 0.017443 0.926049 166 153 147
-0.171884 0.020045 0.924722 211 189 183
-0.169192 0.022695 0.923580 196 164 158
-0.166507 0.025337 0.922368 179 124 122
-0.163887 0.027904 0.920792 217 154 155
-0.217062 -0.018349 0.958722 166 123 123
-0.214667 -0.016037 0.956037 152 143 149
-0.212224 -0.013666 0.953714 146 141 148
-0.209793 -0.011309 0.951316 141 143 146
-0.207391 -0.008986 0.948728 124 124 130
-0.204957 -0.006626 0.946364 117 119 125
-0.202481 -0.004213 0.944284 119 121 124
-0.199995 -0.001789 0.942261 125 124 127
-0.197506 0.000638 0.940245 136 136 138
-0.194988 0.003100 0.938398 140 140 142
-0.192477 0.005552 0.936488 151 152 153
-0.189935 0.008042 0.934751 173 174 177
-0.187381 0.010545 0.933063 182 182 184
-0.184803 0.013076 0.931489 151 151 158
-0.182266 0.015557 0.929656 129 131 140
-0.179709 0.018061 0.927915 155 136 148
0.051113 -0.051357 0.657464 99 100 96
0.053944 -0.053223 0.659190 100 102 95
0.009879 0.039839 0.927888 199 189 149
0.005394 0.041275 0.926526 211 198 154
0.000946 0.042902 0.925200 223 211 169
-0.003552 0.044320 0.923831 221 158 154
-0.008087 0.045576 0.922429 226 158 157
-0.012638 0.046761 0.921014 227 158 158
-0.017225 0.047771 0.919565 228 159 158
-0.021785 0.048918 0.918142 225 154 153
-0.026297 0.050325 0.916767 230 159 158
-0.030814 0.051729 0.915390 228 159 157
-0.035375 0.052897 0.913969 228 158 157
-0.039966 0.053892 0.912517 226 156 155
-0.044544 0.054959 0.911078 224 156 156
-0.049085 0.056265 0.909681 223 155 155
-0.053641 0.057485 0.908268 224 154 156
-0.058189 0.058765 0.906865 222 154 156
0.016375 0.032835 0.934461 191 182 151
0.011761 0.033590 0.932970 211 201 170
0.007048 0.033893 0.931387 178 162 124
0.001968 0.032508 0.929464 156 134 100
-0.005034 0.022112 0.925730 149 124 101
-0.009909 0.021205 0.923938 143 99 86
-0.014579 0.021186 0.922329 136 88 78
-0.019451 0.020096 0.920513 129 82 72
-0.023946 0.020829 0.919060 124 78 63
-0.028384 0.021844 0.917663 128 80 64
-0.032722 0.023399 0.916369 128 80 64
-0.037188 0.024270 0.914943 130 84 68
-0.041207 0.027714 0.913999 137 91 76
-0.045365 0.030482 0.912921 145 98 84
-0.048946 0.036937 0.912511 153 107 97
-0.053027 0.040562 0.911569 167 117 109
-0.056693 0.047124 0.911144 193 138 135
-0.060784 0.051167 0.910251 217 155 158
-0.065029 0.054338 0.909194 227 162 165
-0.069461 0.056297 0.907920 223 157 159
-0.073939 0.057964 0.906591 222 159 161
-0.078472 0.059247 0.905195 221 159 161
-0.083056 0.060115 0.903729 219 158 159
0.031619 0.022965 0.943617 219 171 155
0.027092 0.023965 0.942187 219 185 159
0.022425 0.024402 0.940633 187 165 138
0.017175 0.022403 0.938553 138 120 99
0.010048 0.012339 0.934752 122 101 85
0.004623 0.009094 0.932446 100 82 69
-0.000231 0.008165 0.930646 101 84 71
-0.004755 0.008636 0.929146 115 92 78
-0.009046 0.010164 0.927868 117 87 69
-0.013346 0.011671 0.926583 119 87 68
-0.017815 0.012374 0.925133 117 85 66
-0.022237 0.013297 0.923729 117 83 64
-0.026655 0.014228 0.922326 118 82 63
-0.031028 0.015399 0.920972 118 82 62
-0.035414 0.016508 0.919605 120 86 65
-0.039826 0.017467 0.918208 121 87 66
-0.044172 0.018811 0.916886 125 89 69
-0.048566 0.019882 0.915511 123 89 71
-0.053006 0.020670 0.914083 121 88 69
-0.057434 0.021520 0.912666 117 85 66
-0.061721 0.023295 0.911422 106 77 61
-0.065893 0.025928 0.910331 61 49 48
-0.069950 0.029508 0.909406 81 67 66
-0.072903 0.041581 0.909994 134 105 106
-0.076476 0.049723 0.909843 186 141 145
-0.080674 0.053378 0.908880 214 160 162
-0.085104 0.055297 0.907605 220 157 160
-0.089623 0.056494 0.906204 222 154 157
-0.094114 0.057976 0.904850 220 156 158
-0.098650 0.059049 0.903426 221 153 155
0.033215 0.016369 0.948428 188 170 147
0.027908 0.014226 0.946290 138 118 99
0.020705 0.004420 0.942431 106 88 73
0.015512 0.002269 0.940331 95 80 69
0.010677 0.001459 0.938542 103 90 80
0.006260 0.002335 0.937132 102 89 82
0.001638 0.002314 0.935526 111 98 89
-0.002909 0.002574 0.933986 107 96 87
-0.007269 0.003650 0.932623 115 96 84
-0.011554 0.005080 0.931336 124 95 78
-0.015843 0.006508 0.930047 124 92 74
-0.020207 0.007593 0.928685 122 91 72
-0.024536 0.008852 0.927358 133 100 81
-0.028927 0.009804 0.925968 129 95 75
-0.033333 0.010666 0.924560 123 91 70
-0.037709 0.011690 0.923185 121 89 66
-0.042064 0.012827 0.921832 121 89 68
-0.046416 0.013990 0.920484 123 90 69
-0.050729 0.015402 0.919185 121 90 71
-0.055021 0.016970 0.917915 118 87 70
-0.059451 0.017676 0.916477 114 85 69
-0.063799 0.018906 0.915139 107 81 64
-0.068053 0.020816 0.913930 56 55 52
-0.072383 0.022238 0.912625 48 53 48
-0.076776 0.023214 0.911238 43 46 42
-0.081116 0.024603 0.909926 44 45 42
-0.085481 0.025823 0.908582 67 59 59
-0.088441 0.039198 0.909412 119 97 102
-0.091803 0.050118 0.909763 187 148 159
-0.096125 0.052887 0.908649 199 161 173
-0.100543 0.054880 0.907393 198 154 166
-0.105011 0.056445 0.906061 221 157 162
-0.109506 0.057765 0.904686 221 155 158
0.039358 0.009225 0.954675 194 149 134
0.032463 0.001153 0.951108 120 97 79
0.026100 -0.005284 0.947962 99 79 66
0.021349 -0.005752 0.946240 99 82 72
0.016839 -0.005328 0.944731 100 88 80
0.012395 -0.004663 0.943280 100 89 80
0.007973 -0.003919 0.941848 102 92 83
0.003510 -0.003366 0.940375 106 97 88
-0.000886 -0.002544 0.938963 110 99 91
-0.005300 -0.001811 0.937533 107 96 86
-0.009609 -0.000614 0.936206 110 92 80
-0.013905 0.000656 0.934894 122 97 80
-0.018211 0.001893 0.933574 124 94 78
-0.022529 0.003081 0.932242 123 93 74
-0.026843 0.004294 0.930916 130 97 78
-0.031171 0.005444 0.929575 130 98 77
-0.035505 0.006573 0.928230 131 99 77
-0.039832 0.007741 0.926892 125 93 71
-0.044174 0.008838 0.925540 124 92 71
-0.048523 0.009893 0.924178 124 92 71
-0.052843 0.011128 0.922853 123 91 72
-0.057144 0.012501 0.921554 119 88 71
-0.061506 0.013491 0.920179 115 87 70
-0.065805 0.014912 0.918888 103 82 66
-0.070040 0.016817 0.917689 63 66 62
-0.074322 0.018449 0.916434 62 67 63
-0.078705 0.019343 0.915038 62 67 64
-0.083119 0.019982 0.913594 57 61 58
-0.087502 0.020847 0.912193 50 52 50
-0.091905 0.021513 0.910756 43 44 43
-0.096258 0.022608 0.909399 47 45 45
-0.100238 0.027324 0.908696 77 67 71
-0.102876 0.046097 0.910492 152 146 156
-0.106970 0.051205 0.909806 199 185 203
-0.111384 0.053139 0.908549 217 156 161
-0.115841 0.054669 0.907218 224 156 158
-0.120302 0.056204 0.905887 223 155 155
0.038502 -0.005804 0.957230 140 90 83
0.031947 -0.012784 0.953890 105 79 64
0.027394 -0.012570 0.952330 109 85 71
0.022957 -0.011942 0.950874 110 90 77
0.018549 -0.011220 0.949442 108 92 82
0.014116 -0.010611 0.947985 110 100 90
0.009692 -0.009985 0.946533 113 103 93
0.005329 -0.009120 0.945138 117 107 97
0.000996 -0.008137 0.943771 116 107 97
-0.003329 -0.007119 0.942413 115 105 95
-0.007682 -0.006227 0.941026 115 104 94
-0.011981 -0.005091 0.939694 111 94 82
-0.016218 -0.003654 0.938429 123 101 85
-0.020475 -0.002293 0.937146 129 101 84
-0.024763 -0.001067 0.935832 129 99 79
-0.029056 0.000143 0.934514 131 101 81
-0.033342 0.001398 0.933204 132 103 83
-0.037636 0.002626 0.931888 130 100 79
-0.041928 0.003875 0.930576 129 98 79
-0.046238 0.005036 0.929244 129 99 79
-0.050570 0.006072 0.927886 126 97 76
-0.054880 0.007248 0.926557 125 95 76
-0.059180 0.008497 0.925242 122 93 75
-0.063498 0.009637 0.923904 121 93 75
-0.067786 0.011004 0.922611 102 85 72
-0.072059 0.012498 0.921342 68 71 64
-0.076362 0.013803 0.920035 68 74 68
-0.080706 0.014808 0.918667 68 73 71
-0.085063 0.015714 0.917281 63 71 67
-0.089399 0.016784 0.915927 61 66 64
-0.093770 0.017547 0.914514 56 61 58
-0.098107 0.018601 0.913157 49 52 51
-0.102419 0.019898 0.911844 46 47 46
-0.106726 0.021285 0.910548 45 44 45
-0.110716 0.026183 0.909890 71 68 71
-0.113436 0.046314 0.911966 178 142 148
-0.117679 0.050062 0.911047 232 165 167
-0.122084 0.052035 0.909804 223 155 156
-0.126537 0.053466 0.908463 221 153 154
0.045918 -0.007634 0.964577 159 120 108
0.038049 -0.019009 0.960040 107 79 66
0.033456 -0.018994 0.958431 112 87 74
0.029063 -0.018280 0.957001 113 90 75
0.024586 -0.017899 0.955490 114 92 77
0.020249 -0.017005 0.954108 114 94 82
0.015848 -0.016368 0.952663 112 97 86
0.011461 -0.015694 0.951229 113 103 92
0.007166 -0.014652 0.949885 116 106 96
0.002911 -0.013440 0.948581 119 110 99
-0.001356 -0.012271 0.947267 113 104 94
-0.005620 -0.011082 0.945957 107 97 88
-0.009911 -0.010008 0.944619 104 93 84
-0.014167 -0.008767 0.943319 110 93 82
-0.018386 -0.007337 0.942062 123 102 90
-0.022630 -0.006008 0.940780 132 105 88
-0.026920 -0.004891 0.939450 132 104 86
-0.031203 -0.003736 0.938128 133 104 87
-0.035468 -0.002477 0.936828 134 105 85
-0.039742 -0.001253 0.935519 133 104 84
-0.044016 -0.000016 0.934213 133 104 84
-0.048295 0.001205 0.932902 134 105 85
-0.052593 0.002326 0.931569 133 105 84
-0.056874 0.003559 0.930260 131 102 82
-0.061147 0.004859 0.928963 131 105 86
-0.065443 0.006022 0.927638 132 109 89
-0.069726 0.007286 0.926332 113 100 85
-0.074028 0.008432 0.925002 164 160 139
-0.078349 0.009445 0.923644 133 131 116
-0.082673 0.010426 0.922280 83 88 83
-0.086998 0.011401 0.920915 71 76 73
-0.091315 0.012440 0.919562 67 73 70
-0.095629 0.013516 0.918217 61 67 64
-0.099971 0.014316 0.916818 61 66 64
-0.104249 0.015740 0.915540 56 60 59
-0.108598 0.016461 0.914126 51 56 54
-0.112939 0.017233 0.912724 49 52 49
-0.117325 0.017435 0.911216 50 46 45
-0.121038 0.026043 0.911258 114 79 79
-0.123928 0.046850 0.913492 225 160 160
-0.128286 0.049291 0.912345 221 154 154
-0.132717 0.050798 0.911025 223 153 153
-0.137176 0.051907 0.909634 223 154 155
0.044218 -0.024727 0.966246 103 85 74
0.039503 -0.025180 0.964512 103 82 70
0.035341 -0.023712 0.963284 110 88 74
0.030798 -0.023620 0.961698 117 95 79
0.026536 -0.022514 0.960377 115 95 79
0.022104 -0.022058 0.958889 115 96 80
0.017731 -0.021394 0.957456 116 97 84
0.013396 -0.020592 0.956060 113 100 86
0.009071 -0.019764 0.954670 114 103 91
0.004833 -0.018579 0.953369 114 104 94
0.000641 -0.017188 0.952118 110 100 89
-0.003596 -0.015980 0.950821 100 91 83
-0.007861 -0.014882 0.949497 96 86 80
-0.012133 -0.013817 0.948164 102 89 83
-0.016394 -0.012697 0.946845 113 96 87
-0.020651 -0.011551 0.945531 119 100 89
-0.024931 -0.010510 0.944192 131 108 95
-0.029236 -0.009598 0.942823 136 111 94
-0.033510 -0.008529 0.941491 137 109 92
-0.037746 -0.007248 0.940206 136 109 90
-0.042004 -0.006077 0.938896 136 109 91
-0.046267 -0.004928 0.937580 135 109 92
-0.050532 -0.003773 0.936266 131 107 90
-0.054742 -0.002279 0.935024 121 102 86
-0.058961 -0.000807 0.933777 110 92 76
-0.063235 0.000337 0.932456 103 86 76
-0.067554 0.001180 0.931072 95 85 75
-0.071844 0.002216 0.929728 126 120 107
-0.076142 0.003198 0.928374 175 169 147
-0.080438 0.004190 0.927021 182 177 154
-0.084716 0.005320 0.925697 172 166 145
-0.088998 0.006433 0.924369 133 131 119
-0.093275 0.007590 0.923050 102 104 94
-0.097555 0.008739 0.921728 74 78 74
-0.101849 0.009762 0.920381 71 75 72
-0.106118 0.011047 0.919086 68 72 70
-0.110356 0.012687 0.917859 64 68 67
-0.114667 0.013573 0.916484 61 64 63
-0.119023 0.013904 0.915003 57 57 56
-0.123406 0.013794 0.913442 48 47 48
-0.127622 0.015820 0.912284 58 48 48
-0.130226 0.042045 0.915613 178 129 127
-0.134417 0.046841 0.914913 227 159 161
-0.138820 0.048588 0.913645 219 151 153
-0.143289 0.049190 0.912169 224 156 158
0.053478 -0.019923 0.975265 147 137 127
0.046064 -0.029349 0.971063 87 77 68
0.041473 -0.029423 0.969427 105 89 78
0.037048 -0.028957 0.967941 110 92 80
0.032720 -0.028159 0.966544 113 93 80
0.028353 -0.027517 0.965108 120 99 85
0.023977 -0.026924 0.963660 120 99 84
0.019628 -0.026246 0.962236 119 99 83
0.015339 -0.025345 0.960870 118 100 85
0.011094 -0.024276 0.959548 114 100 87
0.006829 -0.023281 0.958207 105 94 82
0.002608 -0.022108 0.956911 108 97 88
-0.001587 -0.020812 0.955645 113 101 91
-0.005871 -0.019895 0.954284 116 104 96
-0.010190 -0.019142 0.952883 123 109 99
-0.014513 -0.018418 0.951476 126 110 101
-0.018812 -0.017597 0.950094 128 112 100
-0.023091 -0.016689 0.948733 133 116 104
-0.027390 -0.015886 0.947347 133 115 101
-0.031698 -0.015139 0.945949 113 95 80
-0.035998 -0.014372 0.944557 120 108 92
-0.040269 -0.013455 0.943201 139 126 110
-0.044551 -0.012606 0.941829 160 148 129
-0.048798 -0.011563 0.940502 171 161 145
-0.053017 -0.010350 0.939214 168 156 144
-0.057213 -0.008980 0.937960 158 151 137
-0.061407 -0.007575 0.936712 159 152 139
-0.065642 -0.006413 0.935410 152 146 132
-0.069892 -0.005342 0.934087 140 135 120
-0.074125 -0.004143 0.932791 138 133 116
-0.078371 -0.003028 0.931477 154 149 132
-0.082605 -0.001812 0.930183 164 159 141
-0.086823 -0.000444 0.928921 168 163 144
-0.091035 0.000999 0.927674 151 146 131
-0.095251 0.002458 0.926428 115 116 103
-0.099471 0.003915 0.925180 160 157 142
-0.103696 0.005374 0.923931 91 95 89
-0.107909 0.007000 0.922714 80 83 79
-0.112129 0.008622 0.921493 74 78 75
-0.116389 0.009857 0.920194 71 75 70
-0.120651 0.011090 0.918894 68 70 66
-0.124964 0.011691 0.917470 60 63 61
-0.129320 0.011614 0.915917 58 61 59
-0.133609 0.012379 0.914528 60 60 57
-0.137415 0.021139 0.914651 129 91 90
-0.140551 0.043502 0.917292 233 165 166
-0.144924 0.045495 0.916080 225 156 158
-0.149376 0.045938 0.914580 222 154 156
0.056054 -0.022127 0.980781 132 123 115
0.048065 -0.033359 0.975997 80 77 69
0.043489 -0.033426 0.974361 173 167 151
0.038984 -0.033286 0.972786 117 107 94
0.034510 -0.033073 0.971235 109 98 89
0.030197 -0.032309 0.969836 110 96 84
0.025873 -0.031594 0.968426 122 103 89
0.021552 -0.030882 0.967015 124 105 90
0.017272 -0.030024 0.965645 122 103 88
0.013042 -0.028975 0.964325 120 103 88
0.008803 -0.027960 0.962997 116 101 88
0.004529 -0.027094 0.961629 121 108 94
0.000273 -0.026150 0.960283 125 113 101
-0.003959 -0.025113 0.958960 129 114 102
-0.008285 -0.024488 0.957533 131 118 106
-0.012637 -0.023999 0.956073 133 118 106
-0.016976 -0.023482 0.954623 140 126 115
-0.021275 -0.022793 0.953216 160 152 138
-0.025546 -0.021987 0.951840 166 159 143
-0.029832 -0.021264 0.950444 162 156 141
-0.034145 -0.020702 0.949010 173 167 151
-0.038468 -0.020216 0.947560 172 167 150
-0.042742 -0.019497 0.946168 172 168 152
-0.046987 -0.018624 0.944812 165 160 144
-0.051215 -0.017659 0.943479 166 160 146
-0.055452 -0.016753 0.942132 172 169 152
-0.059640 -0.015547 0.940855 172 168 152
-0.063794 -0.014103 0.939631 168 164 148
-0.067968 -0.012763 0.938381 164 160 144
-0.072156 -0.011496 0.937115 159 155 139
-0.076333 -0.010126 0.935870 162 158 142
-0.080520 -0.008806 0.934612 159 155 138
-0.084706 -0.007446 0.933362 152 147 129
-0.088886 -0.006008 0.932128 107 104 94
-0.093065 -0.004524 0.930902 130 123 113
-0.097235 -0.002911 0.929701 150 147 134
-0.101399 -0.001174 0.928525 149 145 129
-0.105565 0.000607 0.927355 193 187 164
-0.109734 0.002456 0.926196 188 184 163
-0.113933 0.004058 0.924983 105 104 95
-0.118161 0.005393 0.923714 87 90 85
-0.122392 0.006743 0.922446 77 79 74
-0.126646 0.007814 0.921122 71 75 68
-0.130934 0.008405 0.919702 63 67 63
-0.135252 0.008463 0.918179 71 74 70
-0.139517 0.009256 0.916803 44 44 43
-0.143523 0.014862 0.916354 86 66 65
-0.146642 0.039834 0.919578 228 164 167
-0.150975 0.042341 0.918475 223 155 156
-0.155369 0.043643 0.917141 221 153 155
-0.159782 0.044475 0.915719 221 153 155
0.049752 -0.038328 0.980611 84 81 72
0.045165 -0.038492 0.978947 178 173 158
0.040961 -0.037387 0.977647 173 170 147
0.036353 -0.037690 0.975950 159 151 133
0.031849 -0.037681 0.974347 109 102 92
0.027588 -0.036820 0.972983 101 92 82
0.023371 -0.035806 0.971662 115 99 85
0.019142 -0.034836 0.970329 124 106 91
0.014903 -0.033905 0.968985 126 108 94
0.010667 -0.032967 0.967644 126 108 94
0.006412 -0.032105 0.966282 131 114 101
0.002143 -0.031314 0.964903 133 118 105
-0.002142 -0.030597 0.963504 135 120 108
-0.006435 -0.029929 0.962094 141 128 115
-0.010809 -0.029642 0.960587 152 141 127
-0.015163 -0.029297 0.959098 163 157 144
-0.019458 -0.028714 0.957671 171 166 153
-0.023698 -0.027883 0.956309 173 168 154
-0.027926 -0.027002 0.954961 169 165 149
-0.032170 -0.026206 0.953591 169 165 149
-0.036431 -0.025515 0.952197 167 163 147
-0.040673 -0.024738 0.950824 164 160 144
-0.044889 -0.023828 0.949485 163 159 143
-0.049107 -0.022941 0.948141 160 157 141
-0.053313 -0.021983 0.946814 144 139 125
-0.057521 -0.021040 0.945484 162 158 142
-0.061703 -0.019942 0.944190 162 158 142
-0.065867 -0.018714 0.942926 162 158 142
-0.070042 -0.017539 0.941650 160 157 141
-0.074219 -0.016376 0.940369 164 160 144
-0.078386 -0.015115 0.939111 176 172 155
-0.082547 -0.013796 0.937864 166 162 146
-0.086719 -0.012532 0.936604 162 158 142
-0.090891 -0.011245 0.935348 160 157 141
-0.095060 -0.009901 0.934103 152 147 135
-0.099214 -0.008388 0.932895 169 163 155
-0.103346 -0.006617 0.931740 120 120 108
-0.107461 -0.004583 0.930638 173 165 146
-0.111567 -0.002337 0.929577 187 180 156
-0.115720 -0.000486 0.928429 199 190 167
-0.119912 0.001012 0.927204 169 163 144
-0.124119 0.002381 0.925950 94 94 84
-0.128338 0.003630 0.924671 75 80 74
-0.132583 0.004535 0.923320 71 75 69
-0.136820 0.005548 0.921992 51 56 54
-0.141102 0.005781 0.920508 55 57 56
-0.145341 0.006698 0.919162 55 57 57
-0.149538 0.008474 0.917985 70 57 57
-0.152647 0.036711 0.921938 227 168 169
-0.156960 0.039466 0.920895 221 155 157
-0.161337 0.040751 0.919566 220 153 155
-0.165732 0.041401 0.918116 219 151 153
0.060409 -0.028998 0.991030 175 128 127
0.051528 -0.042905 0.985280 80 80 68
0.047006 -0.042902 0.983663 191 185 168
0.042785 -0.041924 0.982334 176 171 153
0.038352 -0.041674 0.980795 179 174 154
0.033611 -0.042541 0.978938 164 159 141
0.029296 -0.041956 0.977503 113 106 97
0.025032 -0.041197 0.976118 112 101 90
0.020864 -0.040089 0.974832 123 107 93
0.016658 -0.039125 0.973506 124 106 91
0.012394 -0.038386 0.972118 129 110 96
0.008124 -0.037682 0.970720 130 112 100
0.003843 -0.037038 0.969308 134 119 106
-0.000461 -0.036508 0.967867 142 130 115
-0.004774 -0.036037 0.966411 155 146 133
-0.009073 -0.035534 0.964966 165 159 146
-0.013395 -0.035156 0.963490 176 177 165
-0.017675 -0.034618 0.962059 175 174 163
-0.021894 -0.033811 0.960699 169 166 153
-0.026093 -0.032919 0.959362 168 164 150
-0.030307 -0.032103 0.958005 167 163 147
-0.034539 -0.031394 0.956623 165 161 145
-0.038768 -0.030686 0.955241 158 154 138
-0.042953 -0.029755 0.953916 160 157 141
-0.047103 -0.028623 0.952641 157 153 137
-0.051261 -0.027535 0.951355 156 152 136
-0.055422 -0.026459 0.950066 147 143 127
-0.059606 -0.025519 0.948743 156 152 136
-0.063783 -0.024538 0.947431 157 153 137
-0.067926 -0.023331 0.946172 156 152 136
-0.072064 -0.022073 0.944924 155 151 135
-0.076213 -0.020873 0.943662 157 153 136
-0.080365 -0.019681 0.942397 156 152 134
-0.084509 -0.018407 0.941151 154 150 134
-0.088670 -0.017247 0.939877 170 166 150
-0.092835 -0.016107 0.938598 171 167 151
-0.096995 -0.014904 0.937333 160 156 140
-0.101141 -0.013554 0.936100 160 151 141
-0.105269 -0.011996 0.934911 102 100 92
-0.109362 -0.010005 0.933815 102 105 96
-0.113423 -0.007556 0.932816 171 166 147
-0.117524 -0.005396 0.931749 176 169 149
-0.121654 -0.003439 0.930633 194 187 163
-0.125826 -0.001902 0.929425 200 192 170
-0.130017 -0.000568 0.928173 98 102 92
-0.134212 0.000780 0.926922 77 81 76
-0.138421 0.001944 0.925632 63 68 65
-0.142642 0.002915 0.924301 58 63 62
-0.146910 0.002944 0.922780 55 57 58
-0.151136 0.003706 0.921409 48 49 49
-0.155355 0.004552 0.920056 68 59 60
-0.158572 0.034270 0.924405 224 166 168
-0.162880 0.037021 0.923373 215 149 151
-0.167256 0.037684 0.921930 217 151 155
-0.171627 0.038403 0.920500 214 148 152
0.053202 -0.047717 0.989825 74 67 58
0.048710 -0.047677 0.988219 191 187 168
0.044623 -0.046319 0.987011 179 174 155
0.040109 -0.046400 0.985375 178 173 153
0.035616 -0.046454 0.983751 162 157 137
0.031074 -0.046723 0.982069 141 135 118
0.026756 -0.046235 0.980611 90 85 78
0.022535 -0.045409 0.979253 96 88 80
0.018374 -0.044366 0.977958 100 90 79
0.014174 -0.043467 0.976622 99 89 78
0.009869 -0.042989 0.975167 96 85 74
0.005537 -0.042643 0.973677 118 108 97
0.001185 -0.042408 0.972159 154 146 131
-0.003265 -0.042623 0.970520 162 157 141
-0.007523 -0.042067 0.969097 172 168 153
-0.011657 -0.040979 0.967821 187 193 185
-0.015864 -0.040220 0.966455 179 182 174
-0.020058 -0.039416 0.965102 172 172 159
-0.024238 -0.038548 0.963767 168 166 151
-0.028419 -0.037695 0.962428 166 164 149
-0.032605 -0.036874 0.961082 163 159 143
-0.036797 -0.036093 0.959726 158 154 138
-0.040977 -0.035262 0.958383 154 150 132
-0.045110 -0.034182 0.957105 157 153 135
-0.049223 -0.032978 0.955858 160 157 141
-0.053320 -0.031664 0.954638 166 162 146
-0.057436 -0.030448 0.953392 168 164 148
-0.061599 -0.029510 0.952076 169 165 149
-0.065744 -0.028459 0.950788 159 155 139
-0.069891 -0.027420 0.949497 149 145 129
-0.074030 -0.026316 0.948221 151 147 130
-0.078147 -0.025044 0.946986 155 151 134
-0.082269 -0.023786 0.945746 156 152 134
-0.086389 -0.022491 0.944513 156 152 136
-0.090525 -0.021300 0.943255 153 149 133
-0.094673 -0.020198 0.941976 160 155 140
-0.098826 -0.019123 0.940690 173 169 154
-0.102958 -0.017845 0.939450 167 165 148
-0.107083 -0.016466 0.938232 168 164 149
-0.111186 -0.014813 0.937074 155 151 137
-0.115248 -0.012617 0.936035 116 113 96
-0.119324 -0.010458 0.934983 169 162 143
-0.123412 -0.008283 0.933930 173 167 144
-0.127526 -0.006290 0.932833 186 178 154
-0.131670 -0.004579 0.931671 199 190 167
-0.135834 -0.003063 0.930466 191 184 161
-0.140005 -0.001593 0.929248 74 80 74
-0.144200 -0.000462 0.927958 71 79 75
-0.148393 0.000731 0.926680 64 69 66
-0.152646 0.000590 0.925125 56 59 59
-0.156843 0.001625 0.923816 49 49 48
-0.160988 0.004227 0.922824 75 67 69
-0.164457 0.031613 0.926804 227 163 166
-0.168776 0.033560 0.925625 213 153 161
-0.173125 0.034367 0.924218 167 151 171
-0.177468 0.035453 0.922865 153 173 212
0.055137 -0.051604 0.994599 62 47 41
0.050298 -0.052726 0.992634 159 148 128
0.046339 -0.051028 0.991540 179 173 151
0.042026 -0.050493 0.990091 173 167 145
0.037525 -0.050618 0.988444 157 152 132
0.033082 -0.050586 0.986849 153 148 128
0.028661 -0.050515 0.985269 150 146 127
0.024320 -0.050191 0.983768 121 117 106
0.020055 -0.049613 0.982344 112 107 96
0.015834 -0.048885 0.980966 124 119 108
0.011584 -0.048281 0.979553 139 134 122
0.007272 -0.047941 0.978065 147 142 128
0.002909 -0.047835 0.976513 156 152 139
-0.001491 -0.047928 0.974909 165 161 145
-0.005740 -0.047428 0.973476 176 173 160
-0.009866 -0.046415 0.972188 202 208 202
-0.014009 -0.045475 0.970879 193 200 195
-0.018172 -0.044630 0.969545 178 179 171
-0.022351 -0.043869 0.968188 172 172 159
-0.026524 -0.043087 0.966838 166 164 149
-0.030683 -0.042248 0.965503 159 158 141
-0.034833 -0.041372 0.964180 172 168 152
-0.038984 -0.040507 0.962853 156 152 136
-0.043137 -0.039660 0.961523 155 151 133
-0.047216 -0.038406 0.960299 160 156 140
-0.051265 -0.036967 0.959122 160 156 140
-0.055328 -0.035574 0.957932 158 154 138
-0.059415 -0.034307 0.956708 158 154 138
-0.063515 -0.033101 0.955467 157 153 137
-0.067593 -0.031739 0.954265 160 156 140
-0.071709 -0.030600 0.953005 160 156 140
-0.075852 -0.029644 0.951700 163 159 142
-0.079993 -0.028677 0.950397 176 172 154
-0.084110 -0.027525 0.949140 154 150 133
-0.088225 -0.026341 0.947889 155 151 134
-0.092337 -0.025114 0.946648 154 151 133
-0.096452 -0.023892 0.945405 144 142 125
-0.100590 -0.022856 0.944118 158 157 140
-0.104710 -0.021646 0.942870 163 162 145
-0.108821 -0.020321 0.941649 179 177 162
-0.112921 -0.018828 0.940465 163 159 143
-0.116990 -0.016933 0.939370 162 158 140
-0.121063 -0.014975 0.938287 163 158 138
-0.125139 -0.012921 0.937222 167 161 142
-0.129224 -0.010841 0.936158 173 165 145
-0.133323 -0.008797 0.935083 173 167 146
-0.137445 -0.006943 0.933961 194 185 160
-0.141590 -0.005325 0.932786 158 155 133
-0.145757 -0.004030 0.931538 75 83 79
-0.149935 -0.002885 0.930257 71 79 74
-0.154117 -0.001817 0.928960 67 72 70
-0.158332 -0.001611 0.927481 57 61 60
-0.162511 -0.000520 0.926189 48 48 49
-0.166601 0.003993 0.925602 95 72 77
-0.170299 0.028715 0.929130 187 149 171
-0.174605 0.030595 0.927947 149 171 211
-0.178932 0.031444 0.926555 145 174 214
-0.183256 0.032397 0.925183 143 172 213
0.058317 -0.051515 1.000592 86 69 64
0.052194 -0.056689 0.997330 157 138 117
0.047992 -0.055844 0.995980 143 129 107
0.043805 -0.054958 0.994645 160 152 131
0.039371 -0.054911 0.993050 154 147 125
0.034923 -0.054946 0.991433 149 144 124
0.030555 -0.054741 0.989894 150 145 126
0.026176 -0.054613 0.988335 145 141 125
0.021844 -0.054343 0.986822 142 140 125
0.017555 -0.053943 0.985352 142 140 126
0.013268 -0.053564 0.983877 143 141 126
0.008979 -0.053218 0.982395 144 142 129
0.004678 -0.052950 0.980893 152 150 137
0.000368 -0.052746 0.979375 162 160 147
-0.003892 -0.052375 0.977908 182 184 171
-0.008060 -0.051636 0.976550 205 216 212
-0.012159 -0.050604 0.975276 206 216 215
-0.016280 -0.049671 0.973974 196 203 200
-0.020429 -0.048868 0.972635 186 187 179
-0.024602 -0.048189 0.971262 163 160 147
-0.028764 -0.047473 0.969901 173 170 156
-0.032905 -0.046665 0.968566 165 161 145
-0.037063 -0.045957 0.967205 162 158 142
-0.041233 -0.045326 0.965824 159 155 139
-0.045342 -0.044380 0.964529 155 151 135
-0.049422 -0.043278 0.963275 160 156 140
-0.053521 -0.042275 0.961995 160 156 138
-0.057655 -0.041477 0.960661 160 156 140
-0.061788 -0.040685 0.959326 160 155 139
-0.065871 -0.039589 0.958070 160 156 138
-0.069873 -0.037944 0.956955 160 157 139
-0.073866 -0.036186 0.955866 160 157 139
-0.077896 -0.034637 0.954722 162 158 140
-0.081966 -0.033336 0.953513 160 156 138
-0.086025 -0.031924 0.952330 163 159 141
-0.090099 -0.030596 0.951124 178 174 156
-0.094174 -0.029244 0.949923 149 146 128
-0.098251 -0.027870 0.948726 144 143 126
-0.102365 -0.026813 0.947451 153 152 135
-0.106473 -0.025677 0.946195 157 156 139
-0.110576 -0.024475 0.944954 160 160 143
-0.114659 -0.023031 0.943769 189 186 170
-0.118721 -0.021285 0.942653 160 157 141
-0.122778 -0.019391 0.941568 162 157 138
-0.126829 -0.017283 0.940529 164 159 139
-0.130894 -0.015206 0.939478 168 163 143
-0.134971 -0.013140 0.938421 170 165 142
-0.139059 -0.011064 0.937363 169 162 140
-0.143163 -0.009083 0.936278 165 158 136
-0.147308 -0.007714 0.935056 129 129 112
-0.151454 -0.006285 0.933845 77 82 77
-0.155610 -0.004963 0.932609 73 80 74
-0.159785 -0.004108 0.931271 65 70 66
-0.163980 -0.003976 0.929780 56 60 59
-0.168139 -0.002753 0.928522 45 42 45
-0.172056 0.011028 0.929895 120 116 132
-0.176077 0.026605 0.931593 149 177 218
-0.180378 0.028014 0.930322 144 173 214
-0.184686 0.028655 0.928893 143 172 213
-0.188991 0.029724 0.927552 143 170 211
0.062383 -0.048711 1.007488 135 110 112
0.054269 -0.060013 1.002187 117 108 86
0.049859 -0.059878 1.000613 145 126 104
0.045709 -0.058924 0.999305 156 142 121
0.041246 -0.059016 0.997664 147 138 117
0.036793 -0.059118 0.996026 151 143 124
0.032428 -0.058954 0.994475 146 141 121
0.028071 -0.058799 0.992924 134 129 109
0.023702 -0.058719 0.991354 140 136 120
0.019356 -0.058590 0.989802 143 142 125
0.015037 -0.058401 0.988273 144 143 126
0.010729 -0.058202 0.986749 146 144 129
0.006434 -0.057984 0.985235 151 150 135
0.002164 -0.057701 0.983743 158 156 140
-0.002095 -0.057408 0.982257 186 182 169
-0.006246 -0.056688 0.980899 211 217 210
-0.010336 -0.055715 0.979616 221 230 229
-0.014427 -0.054749 0.978332 221 232 231
-0.018553 -0.053941 0.977001 206 213 207
-0.022692 -0.053205 0.975651 173 172 159
-0.026834 -0.052492 0.974295 169 164 150
-0.030988 -0.051855 0.972919 167 163 147
-0.035159 -0.051323 0.971515 167 163 147
-0.039395 -0.051153 0.970011 167 163 147
-0.043581 -0.050762 0.968572 165 161 145
-0.047802 -0.050594 0.967074 158 154 138
-0.052251 -0.051778 0.965212 159 155 139
-0.056782 -0.053575 0.963192 157 153 137
-0.061114 -0.054353 0.961456 153 149 133
-0.065231 -0.053897 0.960056 150 146 130
-0.069189 -0.052453 0.958919 159 155 139
-0.072975 -0.049813 0.958094 162 158 140
-0.076645 -0.046246 0.957503 162 158 140
-0.080305 -0.042397 0.956976 162 158 140
-0.084102 -0.039346 0.956232 160 157 139
-0.088018 -0.037055 0.955287 160 157 139
-0.092008 -0.035257 0.954212 160 156 138
-0.096019 -0.033561 0.953108 167 163 145
-0.100065 -0.032110 0.951940 170 167 150
-0.104151 -0.030985 0.950691 152 147 132
-0.108237 -0.029847 0.949444 156 152 136
-0.112322 -0.028688 0.948201 159 155 139
-0.116392 -0.027331 0.947006 163 159 143
-0.120449 -0.025774 0.945856 193 189 173
-0.124493 -0.023977 0.944762 162 158 142
-0.128524 -0.021903 0.943729 165 160 140
-0.132564 -0.019780 0.942704 167 162 142
-0.136622 -0.017753 0.941652 169 162 140
-0.140685 -0.015633 0.940618 170 163 141
-0.144756 -0.013443 0.939595 163 159 136
-0.148856 -0.011576 0.938495 166 159 137
-0.152976 -0.009980 0.937331 101 105 94
-0.157106 -0.008482 0.936142 80 84 80
-0.161265 -0.007691 0.934796 74 78 73
-0.165424 -0.006969 0.933436 64 68 65
-0.169606 -0.007367 0.931834 54 55 55
-0.173753 -0.006540 0.930501 43 43 44
-0.177570 0.019850 0.934610 155 157 187
-0.181815 0.024201 0.933974 145 174 213
-0.186105 0.024613 0.932501 143 172 213
-0.190391 0.025986 0.931231 141 170 209
0.056231 -0.063630 1.006912 65 52 42
0.051715 -0.063868 1.005214 143 131 99
0.047385 -0.063552 1.003703 150 137 114
0.043015 -0.063389 1.002145 138 129 106
0.038625 -0.063329 1.000558 140 133 111
0.034258 -0.063226 0.998987 142 137 117
0.029949 -0.062956 0.997474 130 125 108
0.025619 -0.062788 0.995931 141 137 119
0.021259 -0.062762 0.994347 141 137 121
0.016873 -0.062877 0.992723 144 139 125
0.012518 -0.062917 0.991127 146 141 126
0.008240 -0.062703 0.989613 150 148 133
0.004001 -0.062371 0.988139 159 157 142
-0.000197 -0.061901 0.986709 182 181 165
-0.004380 -0.061391 0.985293 201 203 190
-0.008488 -0.060585 0.983967 217 222 218
-0.012571 -0.059681 0.982672 231 240 238
-0.016666 -0.058829 0.981362 220 224 220
-0.020764 -0.057996 0.980046 182 177 157
-0.024889 -0.057300 0.978691 182 177 158
-0.029022 -0.056658 0.977321 176 171 152
-0.033221 -0.056356 0.975855 170 166 148
-0.037497 -0.056485 0.974269 165 161 145
-0.041841 -0.057038 0.972566 168 164 148
-0.046253 -0.058043 0.970742 165 161 145
-0.051204 -0.062167 0.968054 159 155 139
-0.056420 -0.068129 0.964876 172 170 155
-0.061108 -0.071410 0.962465 209 208 195
-0.065289 -0.071876 0.960841 218 219 206
-0.069503 -0.072645 0.959140 219 220 207
-0.073263 -0.070554 0.958217 199 200 184
-0.076766 -0.066641 0.957777 162 161 145
-0.079886 -0.059798 0.958104 160 156 139
-0.083144 -0.053496 0.958265 162 158 140
-0.086481 -0.047360 0.958362 160 157 139
-0.090082 -0.042890 0.958006 163 159 141
-0.093953 -0.040346 0.957139 165 161 143
-0.097892 -0.038241 0.956154 163 159 141
-0.101892 -0.036588 0.955049 160 157 139
-0.105934 -0.035272 0.953857 188 185 169
-0.109989 -0.034046 0.952641 154 150 135
-0.114044 -0.032784 0.951433 157 153 137
-0.118093 -0.031423 0.950248 158 154 138
-0.122139 -0.029990 0.949079 160 156 140
-0.126166 -0.028238 0.947986 192 187 170
-0.130184 -0.026250 0.946947 164 160 142
-0.134204 -0.024144 0.945932 166 161 141
-0.138240 -0.022097 0.944899 169 162 140
-0.142286 -0.020024 0.943867 167 163 140
-0.146337 -0.017836 0.942859 167 162 139
-0.150405 -0.015743 0.941823 162 158 135
-0.154488 -0.013743 0.940763 163 159 136
-0.158584 -0.011798 0.939686 83 88 82
-0.162707 -0.010393 0.938484 83 87 82
-0.166851 -0.009646 0.937132 71 76 72
-0.171010 -0.009672 0.935611 58 62 58
-0.175160 -0.009831 0.934063 55 56 55
-0.179251 -0.005724 0.933451 61 55 63
-0.183247 0.019399 0.937372 166 169 196
-0.187510 0.021512 0.936270 150 174 207
-0.191778 0.022296 0.934882 145 173 212
0.060081 -0.061379 1.013586 110 82 75
0.053461 -0.068127 1.009680 141 129 109
0.049259 -0.067453 1.008290 155 145 118
0.044888 -0.067340 1.006715 146 137 113
0.040465 -0.067431 1.005076 144 136 114
0.036154 -0.067187 1.003552 136 131 111
0.031868 -0.066884 1.002050 126 122 104
0.027564 -0.066675 1.000521 146 142 124
0.023218 -0.066646 0.998937 146 142 124
0.018837 -0.066781 0.997304 142 138 122
0.014432 -0.067057 0.995631 141 137 121
0.010073 -0.067210 0.994002 150 146 130
0.005829 -0.066966 0.992502 152 150 135
0.001659 -0.066457 0.991088 175 173 155
-0.002458 -0.065751 0.989737 186 182 166
-0.006567 -0.065025 0.988393 198 198 185
-0.010658 -0.064236 0.987069 215 220 213
-0.014749 -0.063453 0.985744 224 229 223
-0.018834 -0.062651 0.984425 185 180 159
-0.022927 -0.061894 0.983094 195 190 168
-0.027066 -0.061367 0.981695 193 187 169
-0.031219 -0.060928 0.980271 189 184 164
-0.035471 -0.061015 0.978696 179 174 157
-0.039810 -0.061614 0.976976 171 169 152
-0.044357 -0.063397 0.974920 169 164 150
-0.049661 -0.069469 0.971644 169 167 152
-0.055606 -0.079567 0.967248 212 211 200
-0.059954 -0.081123 0.965314 218 219 210
-0.063860 -0.080197 0.964088 217 219 210
-0.067711 -0.078926 0.962958 219 220 211
-0.071474 -0.077071 0.961989 219 220 211
-0.075254 -0.075261 0.961004 218 219 210
-0.079013 -0.073241 0.960072 218 219 209
-0.082583 -0.069789 0.959525 208 209 197
-0.085868 -0.064020 0.959591 157 153 138
-0.088836 -0.055402 0.960400 162 158 140
-0.092189 -0.049225 0.960531 167 163 145
-0.095910 -0.045678 0.959949 168 163 145
-0.099792 -0.043300 0.959051 169 164 146
-0.103745 -0.041455 0.958010 168 164 146
-0.107739 -0.039902 0.956890 169 165 147
-0.111748 -0.038455 0.955741 188 185 165
-0.115766 -0.037032 0.954583 156 152 136
-0.119790 -0.035635 0.953417 157 153 137
-0.123811 -0.034147 0.952273 158 154 138
-0.127816 -0.032374 0.951197 164 160 144
-0.131818 -0.030430 0.950160 173 170 152
-0.135822 -0.028382 0.949145 163 159 140
-0.139839 -0.026341 0.948124 166 161 140
-0.143867 -0.024322 0.947093 169 163 141
-0.147905 -0.022255 0.946070 169 162 140
-0.151953 -0.020179 0.945045 168 162 140
-0.156008 -0.018003 0.944039 163 159 136
-0.160069 -0.015648 0.943071 135 131 118
-0.164163 -0.013898 0.941957 84 89 84
-0.168286 -0.013001 0.940646 80 86 80
-0.172428 -0.013114 0.939105 67 72 66
-0.176547 -0.012436 0.937747 60 63 60
-0.180667 -0.012253 0.936279 40 40 40
-0.184707 0.004553 0.938496 118 125 147
-0.188903 0.017111 0.939722 103 115 144
-0.193152 0.018365 0.938442 107 122 153
0.055465 -0.071506 1.014398 80 71 54
0.050953 -0.071848 1.012663 145 132 109
0.046753 -0.071238 1.011258 146 137 113
0.042423 -0.071066 1.009706 139 132 108
0.038094 -0.070924 1.008147 133 125 104
0.033797 -0.070702 1.006619 132 126 107
0.029477 -0.070592 1.005057 148 143 123
0.025127 -0.070623 1.003452 151 147 129
0.020751 -0.070786 1.001807 145 141 123
0.016372 -0.071010 1.000148 148 144 127
0.011967 -0.071384 0.998445 152 148 132
0.007619 -0.071596 0.996800 154 150 134
0.003416 -0.071291 0.995325 173 169 150
-0.000670 -0.070542 0.993993 187 185 165
-0.004676 -0.069477 0.992762 178 174 158
-0.008739 -0.068648 0.991456 196 195 182
-0.012821 -0.067904 0.990125 212 214 206
-0.016881 -0.067075 0.988820 179 176 156
-0.020965 -0.066361 0.987481 195 190 168
-0.025077 -0.065792 0.986099 200 193 172
-0.029240 -0.065481 0.984640 200 193 172
-0.033427 -0.065329 0.983136 189 186 164
-0.037706 -0.065684 0.981484 185 180 163
-0.042152 -0.066975 0.979559 179 177 161
-0.047467 -0.073039 0.976238 179 176 164
-0.053735 -0.084767 0.971288 213 211 201
-0.058063 -0.086283 0.969356 218 219 210
-0.062005 -0.085699 0.968040 219 220 211
-0.065800 -0.084251 0.966972 219 220 211
-0.069638 -0.083036 0.965837 219 220 211
-0.073430 -0.081500 0.964790 218 219 210
-0.077287 -0.080353 0.963633 218 219 210
-0.080974 -0.078014 0.962806 218 219 210
-0.084571 -0.074911 0.962185 217 219 209
-0.088040 -0.070666 0.961869 206 208 198
-0.091237 -0.064012 0.962196 179 174 160
-0.094374 -0.056372 0.962768 170 166 148
-0.097829 -0.050835 0.962749 179 174 154
-0.101637 -0.048026 0.961984 182 177 154
-0.105537 -0.045888 0.961034 187 181 159
-0.109489 -0.044146 0.959975 187 182 160
-0.113465 -0.042572 0.958870 192 189 166
-0.117452 -0.041048 0.957749 176 172 150
-0.121453 -0.039611 0.956603 155 151 133
-0.125455 -0.038121 0.955470 157 153 137
-0.129432 -0.036233 0.954435 159 155 139
-0.133412 -0.034236 0.953424 188 185 168
-0.137402 -0.032246 0.952407 163 159 139
-0.141402 -0.030229 0.951392 164 159 139
-0.145420 -0.028342 0.950343 166 162 139
-0.149446 -0.026435 0.949294 167 163 140
-0.153476 -0.024388 0.948275 168 164 141
-0.157508 -0.022105 0.947310 168 164 141
-0.161556 -0.019908 0.946318 162 157 136
-0.165630 -0.018169 0.945214 93 96 89
-0.169724 -0.016981 0.943978 86 90 85
-0.173840 -0.016843 0.942498 73 77 73
-0.177944 -0.016507 0.941066 61 66 63
-0.182045 -0.016582 0.939542 45 48 46
-0.186123 -0.012147 0.939045 43 47 58
-0.190282 0.012323 0.943040 137 156 183
-0.194517 0.014908 0.942068 157 173 205
-0.198753 0.016214 0.940807 136 152 185
0.058961 -0.070275 1.020704 118 81 76
0.052715 -0.075947 1.017087 140 129 106
0.048435 -0.075641 1.015580 142 132 108
0.044283 -0.074948 1.014209 136 129 105
0.039964 -0.074817 1.012647 130 123 101
0.035685 -0.074582 1.011123 136 132 109
0.031400 -0.074395 1.009587 147 142 122
0.027081 -0.074361 1.008002 151 146 126
0.022712 -0.074540 1.006349 150 146 128
0.018331 -0.074811 1.004671 153 149 131
0.013933 -0.075196 1.002960 154 150 132
0.009525 -0.075679 1.001223 157 153 138
0.005221 -0.075820 0.999603 168 163 143
0.001149 -0.075096 0.998269 198 193 170
-0.002879 -0.074201 0.996991 176 173 154
-0.006861 -0.073122 0.995773 179 174 159
-0.010939 -0.072442 0.994426 188 186 169
-0.015023 -0.071800 0.993069 188 187 168
-0.019083 -0.071066 0.991742 198 192 171
-0.023176 -0.070496 0.990365 201 195 174
-0.027296 -0.070073 0.988943 202 195 173
-0.031471 -0.069941 0.987434 199 192 170
-0.035688 -0.070060 0.985852 191 186 165
-0.039997 -0.070714 0.984111 189 186 170
-0.044943 -0.074785 0.981345 199 198 184
-0.051409 -0.087343 0.976053 181 180 168
-0.056133 -0.091053 0.973452 217 219 209
-0.060035 -0.090355 0.972175 217 219 210
-0.063744 -0.088528 0.971230 218 219 210
-0.067564 -0.087316 0.970102 218 219 210
-0.071537 -0.087050 0.968699 218 219 210
-0.075334 -0.085682 0.967615 217 219 210
-0.079105 -0.084104 0.966590 218 219 210
-0.082849 -0.082286 0.965631 217 219 209
-0.086474 -0.079530 0.964932 219 220 211
-0.089945 -0.075445 0.964598 214 216 208
-0.093301 -0.070181 0.964579 201 201 192
-0.096482 -0.063079 0.965051 198 195 183
-0.099722 -0.055913 0.965515 189 186 164
-0.103407 -0.052204 0.965015 193 186 163
-0.107269 -0.049900 0.964124 193 186 161
-0.111190 -0.048043 0.963108 199 193 169
-0.115140 -0.046395 0.962033 201 195 171
-0.119104 -0.044813 0.960938 204 197 173
-0.123091 -0.043433 0.959788 152 151 132
-0.127081 -0.042044 0.958638 152 151 134
-0.131035 -0.040095 0.957631 156 155 138
-0.135000 -0.038146 0.956620 162 162 143
-0.138964 -0.036025 0.955650 204 201 179
-0.142940 -0.033895 0.954677 160 157 137
-0.146943 -0.032069 0.953623 165 160 139
-0.150958 -0.030287 0.952556 165 160 141
-0.154977 -0.028392 0.951512 167 162 142
-0.158992 -0.026155 0.950550 162 157 137
-0.163027 -0.024100 0.949538 159 154 134
-0.167069 -0.021916 0.948553 151 148 130
-0.171138 -0.020436 0.947395 88 93 86
-0.175229 -0.019963 0.945996 77 82 78
-0.179316 -0.019494 0.944598 65 70 67
-0.183396 -0.018889 0.943233 52 55 53
-0.187472 -0.017448 0.942064 36 39 44
-0.191607 -0.002041 0.944107 111 124 151
-0.195867 0.011067 0.945571 115 138 174
-0.200087 0.012554 0.944359 125 146 181
0.054776 -0.079049 1.021820 74 61 52
0.050381 -0.079135 1.020173 143 131 106
0.046248 -0.078424 1.018812 139 129 105
0.041901 -0.078418 1.017205 130 125 102
0.037579 -0.078362 1.015618 142 138 115
0.033289 -0.078239 1.014059 143 138 118
0.028962 -0.078273 1.012450 146 142 119
0.024632 -0.078358 1.010827 149 144 124
0.020269 -0.078604 1.009154 152 147 127
0.015883 -0.078984 1.007440 152 147 129
0.011457 -0.079574 1.005662 155 151 132
0.007033 -0.080219 1.003871 166 162 144
0.002933 -0.079676 1.002482 191 187 163
-0.001029 -0.078598 1.001272 191 187 164
-0.005041 -0.077718 0.999996 173 169 150
-0.009058 -0.076864 0.998712 176 172 153
-0.013146 -0.076319 0.997328 179 176 156
-0.017234 -0.075789 0.995941 191 187 165
-0.021305 -0.075208 0.994572 199 193 171
-0.025385 -0.074687 0.993185 199 192 169
-0.029503 -0.074367 0.991737 195 189 165
-0.033687 -0.074398 0.990181 195 192 167
-0.037944 -0.074850 0.988498 169 164 147
-0.042457 -0.076696 0.986390 192 190 178
-0.047701 -0.082562 0.983056 181 181 169
-0.053653 -0.092678 0.978452 193 197 186
-0.058015 -0.094570 0.976388 217 219 209
-0.061871 -0.093716 0.975164 217 219 209
-0.065610 -0.092168 0.974147 217 219 210
-0.069511 -0.091574 0.972844 217 217 208
-0.073357 -0.090654 0.971639 217 219 209
-0.077163 -0.089464 0.970513 217 219 209
-0.080943 -0.088077 0.969443 217 217 208
-0.084627 -0.085972 0.968579 217 219 209
-0.088154 -0.082610 0.968072 217 219 210
-0.091699 -0.079178 0.967574 217 217 209
-0.095148 -0.074762 0.967346 204 205 194
-0.098283 -0.067394 0.967935 207 208 198
-0.101602 -0.061032 0.968217 196 195 177
-0.105167 -0.056413 0.967994 195 190 168
-0.108981 -0.053834 0.967194 196 190 166
-0.112877 -0.051918 0.966207 199 192 168
-0.116804 -0.050228 0.965154 204 197 172
-0.120742 -0.048570 0.964091 204 197 173
-0.124708 -0.047166 0.962956 189 186 166
-0.128677 -0.045745 0.961824 152 151 134
-0.132614 -0.043795 0.960830 154 153 136
-0.136547 -0.041631 0.959888 160 159 141
-0.140488 -0.039380 0.958963 192 189 166
-0.144449 -0.037275 0.957997 179 176 153
-0.148442 -0.035544 0.956930 165 160 140
-0.152440 -0.033749 0.955876 165 160 140
-0.156449 -0.032003 0.954807 165 161 138
-0.160456 -0.029998 0.953800 162 157 137
-0.164477 -0.028090 0.952764 152 147 127
-0.168501 -0.025893 0.951796 150 145 127
-0.172546 -0.024141 0.950715 105 109 98
-0.176609 -0.023096 0.949459 80 85 80
-0.180675 -0.022200 0.948167 65 72 67
-0.184744 -0.022232 0.946653 57 60 58
-0.188804 -0.020877 0.945472 44 48 51
-0.192885 -0.016384 0.945028 63 64 76
-0.197195 0.006247 0.948806 162 184 219
-0.201401 0.008356 0.947749 153 173 206
-0.205597 0.009428 0.946451 139 157 190
0.058372 -0.077452 1.028240 143 118 102
0.052033 -0.083470 1.024421 131 124 108
0.047980 -0.082568 1.023135 143 134 110
0.043794 -0.082090 1.021696 131 122 99
0.039468 -0.082089 1.020089 146 141 118
0.035148 -0.082104 1.018481 143 139 116
0.030840 -0.082119 1.016876 146 138 119
0.026471 -0.082379 1.015190 147 139 120
0.022095 -0.082717 1.013482 150 143 123
0.017715 -0.083122 1.011756 148 143 123
0.013364 -0.083475 1.010054 149 144 126
0.008941 -0.084155 1.008245 173 168 145
0.004829 -0.083717 1.006824 185 181 156
0.000848 -0.082785 1.005571 187 184 159
-0.003175 -0.082020 1.004263 182 178 155
-0.007210 -0.081313 1.002936 175 170 150
-0.011239 -0.080595 1.001614 173 170 149
-0.015313 -0.080079 1.000226 179 174 152
-0.019391 -0.079603 0.998827 193 187 165
-0.023453 -0.079081 0.997444 195 190 168
-0.027521 -0.078605 0.996049 196 190 167
-0.031641 -0.078399 0.994569 196 193 169
-0.035831 -0.078580 0.992968 194 190 168
-0.040168 -0.079562 0.991118 176 176 157
-0.044872 -0.082552 0.988643 181 179 167
-0.050141 -0.088781 0.985170 160 160 151
-0.055590 -0.096430 0.981285 193 195 186
-0.059745 -0.097297 0.979531 217 219 209
-0.063663 -0.096891 0.978174 217 219 210
-0.067468 -0.095832 0.977018 215 219 210
-0.071336 -0.095161 0.975744 215 219 209
-0.075136 -0.094069 0.974598 217 217 208
-0.078931 -0.092925 0.973466 217 219 209
-0.082724 -0.091752 0.972342 217 217 209
-0.086434 -0.089956 0.971401 217 217 208
-0.090012 -0.087108 0.970764 217 217 209
-0.093511 -0.083468 0.970350 217 217 208
-0.096886 -0.078583 0.970284 205 206 196
-0.100036 -0.071424 0.970855 205 206 196
-0.103393 -0.065515 0.971045 208 209 195
-0.106915 -0.060653 0.970919 199 195 175
-0.110670 -0.057678 0.970248 198 190 167
-0.114545 -0.055743 0.969278 196 190 165
-0.118454 -0.054054 0.968237 202 195 171
-0.122368 -0.052328 0.967203 205 198 174
-0.126308 -0.050834 0.966102 201 195 172
-0.130259 -0.049416 0.964979 157 156 139
-0.134192 -0.047660 0.963945 155 154 137
-0.138096 -0.045320 0.963064 160 160 143
-0.142005 -0.042814 0.962222 168 167 147
-0.145947 -0.040636 0.961286 199 195 170
-0.149919 -0.038813 0.960254 169 164 143
-0.153909 -0.037182 0.959169 165 160 140
-0.157912 -0.035694 0.958043 163 158 138
-0.161912 -0.033978 0.956975 163 158 138
-0.165917 -0.032150 0.955931 160 155 135
-0.169929 -0.030266 0.954899 151 147 125
-0.173945 -0.028025 0.953952 112 113 102
-0.177981 -0.026349 0.952861 80 86 80
-0.182030 -0.025424 0.951581 67 74 68
-0.186081 -0.025318 0.950102 60 64 61
-0.190126 -0.023816 0.948964 47 50 52
-0.194184 -0.021339 0.948059 37 38 42
-0.198500 0.000901 0.951865 148 164 196
-0.202711 0.004729 0.951232 110 135 167
-0.206884 0.005563 0.949884 158 170 198
0.054517 -0.085190 1.029590 97 82 70
0.049695 -0.086683 1.027420 125 121 104
0.045705 -0.085640 1.026192 145 138 116
0.041361 -0.085733 1.024548 146 138 119
0.037026 -0.085834 1.022907 143 137 117
0.032679 -0.086015 1.021241 142 137 115
0.028350 -0.086182 1.019585 147 139 120
0.023985 -0.086518 1.017873 146 141 121
0.019618 -0.086915 1.016146 148 143 123
0.015276 -0.087277 1.014436 153 148 128
0.010945 -0.087654 1.012727 173 166 143
0.006870 -0.087117 1.011342 182 176 152
0.002808 -0.086550 1.009968 184 180 155
-0.001240 -0.085946 1.008609 169 165 140
-0.005295 -0.085386 1.007236 193 189 164
-0.009333 -0.084772 1.005884 193 187 165
-0.013350 -0.084083 1.004557 186 180 158
-0.017396 -0.083532 1.003186 182 179 155
-0.021436 -0.082978 1.001817 193 189 165
-0.025461 -0.082373 1.000467 193 189 166
-0.029525 -0.081965 0.999053 193 190 165
-0.033655 -0.081906 0.997528 193 189 165
-0.037868 -0.082303 0.995858 196 192 171
-0.042321 -0.083991 0.993777 191 187 170
-0.046988 -0.086953 0.991299 163 163 151
-0.051974 -0.091855 0.988218 150 150 138
-0.057058 -0.097660 0.984876 182 182 173
-0.061529 -0.100379 0.982532 214 216 208
-0.065538 -0.100615 0.980978 214 217 209
-0.069275 -0.099262 0.979922 215 219 210
-0.073045 -0.098092 0.978807 214 217 208
-0.076827 -0.096982 0.977673 217 217 208
-0.080611 -0.095865 0.976541 217 217 208
-0.084394 -0.094726 0.975414 217 217 209
-0.088119 -0.093152 0.974416 214 217 209
-0.091710 -0.090497 0.973739 215 217 209
-0.095179 -0.086736 0.973382 217 217 209
-0.098527 -0.081708 0.973386 202 203 194
-0.101681 -0.074631 0.973972 204 205 195
-0.105067 -0.069061 0.974097 205 206 194
-0.108611 -0.064526 0.973905 194 193 176
-0.112333 -0.061397 0.973296 200 193 171
-0.116184 -0.059378 0.972363 192 185 160
-0.120083 -0.057779 0.971308 199 192 168
-0.123988 -0.056169 0.970253 205 198 174
-0.127906 -0.054637 0.969173 205 198 175
-0.131833 -0.053145 0.968080 175 172 152
-0.135746 -0.051358 0.967066 160 160 143
-0.139638 -0.049081 0.966182 157 155 139
-0.143531 -0.046597 0.965349 163 160 141
-0.147445 -0.044212 0.964483 200 195 171
-0.151394 -0.042255 0.963498 199 190 168
-0.155368 -0.040626 0.962422 166 161 141
-0.159357 -0.039223 0.961284 165 160 140
-0.163346 -0.037671 0.960183 164 159 139
-0.167337 -0.035973 0.959118 157 153 133
-0.171329 -0.033961 0.958130 154 149 129
-0.175331 -0.031916 0.957147 117 117 101
-0.179345 -0.029909 0.956150 110 114 101
-0.183374 -0.028688 0.954952 74 82 77
-0.187407 -0.028360 0.953529 62 67 64
-0.191438 -0.027092 0.952343 51 55 55
-0.195478 -0.025055 0.951343 39 40 42
-0.199700 -0.010781 0.953324 122 120 135
-0.204010 0.001102 0.954677 144 163 195
-0.208164 0.001931 0.953334 185 153 166
-0.212321 0.002886 0.952022 201 138 142
0.051659 -0.089961 1.031971 55 50 43
0.047324 -0.090033 1.030331 134 131 116
0.043274 -0.089242 1.029016 149 143 123
0.038984 -0.089230 1.027414 149 143 123
0.034633 -0.089460 1.025726 147 142 122
0.030246 -0.089853 1.023984 144 139 119
0.025899 -0.090161 1.022279 144 138 120
0.021540 -0.090563 1.020545 152 147 128
0.017248 -0.090784 1.018882 162 157 137
0.012993 -0.090916 1.017256 152 148 127
0.008866 -0.090617 1.015787 179 174 149
0.004803 -0.090101 1.014398 182 174 151
0.000735 -0.089628 1.012996 182 179 154
-0.003366 -0.089302 1.011544 185 181 157
-0.007432 -0.088865 1.010134 200 195 170
-0.011450 -0.088250 1.008786 201 193 170
-0.015446 -0.087559 1.007467 198 193 169
-0.019464 -0.086976 1.006112 187 182 161
-0.023477 -0.086383 1.004761 187 182 160
-0.027469 -0.085717 1.003436 191 187 164
-0.031509 -0.085288 1.002034 189 186 163
-0.035615 -0.085206 1.000518 191 187 162
-0.039825 -0.085692 0.998818 189 186 165
-0.044301 -0.087616 0.996652 191 190 177
-0.048816 -0.089915 0.994376 160 161 149
-0.053439 -0.092988 0.991862 148 148 136
-0.058537 -0.098965 0.988431 172 173 163
-0.063182 -0.102768 0.985722 199 201 192
-0.067204 -0.103166 0.984115 213 216 208
-0.070992 -0.102210 0.982941 213 216 208
-0.074725 -0.100898 0.981879 214 217 209
-0.078460 -0.099572 0.980819 217 217 208
-0.082209 -0.098315 0.979736 217 217 209
-0.085948 -0.096952 0.978684 215 216 208
-0.089669 -0.095423 0.977681 214 217 209
-0.093288 -0.093057 0.976929 213 216 208
-0.096760 -0.089386 0.976566 207 208 200
-0.100020 -0.083685 0.976799 195 197 187
-0.103216 -0.076972 0.977314 201 203 194
-0.106652 -0.071901 0.977320 205 205 192
-0.110239 -0.067864 0.977007 201 201 186
-0.113953 -0.064794 0.976400 202 198 175
-0.117787 -0.062772 0.975480 193 187 163
-0.121674 -0.061214 0.974423 196 190 166
-0.125567 -0.059666 0.973360 202 195 173
-0.129466 -0.058105 0.972299 204 197 175
-0.133368 -0.056501 0.971247 193 189 169
-0.137266 -0.054717 0.970243 170 168 147
-0.141146 -0.052503 0.969355 173 169 149
-0.145030 -0.050120 0.968509 176 172 151
-0.148934 -0.047846 0.967627 199 193 169
-0.152857 -0.045674 0.966713 206 198 175
-0.156809 -0.043915 0.965682 199 193 170
-0.160780 -0.042468 0.964564 175 170 148
-0.164758 -0.041072 0.963431 166 161 141
-0.168740 -0.039631 0.962308 159 155 136
-0.172717 -0.037706 0.961310 143 140 122
-0.176700 -0.035515 0.960378 125 125 109
-0.180697 -0.033403 0.959421 133 135 122
-0.184707 -0.031820 0.958323 80 85 80
-0.188724 -0.031345 0.956941 65 71 67
-0.192739 -0.030239 0.955720 56 60 58
-0.196760 -0.028735 0.954598 41 44 44
-0.200855 -0.022873 0.954560 75 65 74
-0.205281 -0.003279 0.957898 182 189 214
-0.209438 -0.001481 0.956800 193 147 155
-0.213576 -0.000607 0.955475 202 138 141
0.049133 -0.093759 1.034672 56 54 50
0.044936 -0.093475 1.033170 141 138 123
0.040875 -0.092779 1.031826 149 144 124
0.036608 -0.092767 1.030226 149 144 124
0.032244 -0.093111 1.028497 151 146 126
0.027816 -0.093720 1.026674 149 145 127
0.023461 -0.094144 1.024927 163 159 141
0.019230 -0.094183 1.023328 160 156 138
0.015125 -0.093810 1.021883 139 134 116
0.010974 -0.093629 1.020371 137 134 116
0.006814 -0.093517 1.018837 179 177 154
0.002713 -0.093214 1.017375 181 177 153
-0.001373 -0.092879 1.015928 179 176 154
-0.005434 -0.092472 1.014508 184 179 158
-0.009454 -0.091922 1.013142 200 195 172
-0.013446 -0.091275 1.011810 187 182 160
-0.017435 -0.090623 1.010482 178 173 152
-0.021449 -0.090099 1.009110 178 173 152
-0.025455 -0.089557 1.007747 178 174 151
-0.029415 -0.088825 1.006450 187 182 160
-0.033416 -0.088298 1.005084 186 182 160
-0.037507 -0.088229 1.003565 182 179 159
-0.041735 -0.088899 1.001802 176 172 154
-0.046151 -0.090633 0.999691 187 189 175
-0.050585 -0.092615 0.997508 165 165 153
-0.054936 -0.094316 0.995430 149 149 137
-0.059786 -0.099003 0.992386 142 141 131
-0.064597 -0.103817 0.989323 178 180 171
-0.068707 -0.104789 0.987525 195 198 190
-0.072573 -0.104373 0.986181 209 213 204
-0.076298 -0.103084 0.985118 214 217 209
-0.080018 -0.101729 0.984074 214 217 209
-0.083741 -0.100361 0.983032 215 217 209
-0.087477 -0.099053 0.981969 213 216 208
-0.091155 -0.097272 0.981052 214 216 207
-0.094744 -0.094729 0.980367 207 208 200
-0.098191 -0.090888 0.980074 196 198 190
-0.101418 -0.084897 0.980424 195 197 187
-0.104649 -0.078469 0.980886 200 201 192
-0.108164 -0.074141 0.980695 202 203 191
-0.111797 -0.070625 0.980247 202 203 190
-0.115520 -0.067752 0.979597 202 198 178
-0.119344 -0.065773 0.978677 191 185 162
-0.123223 -0.064294 0.977605 195 189 167
-0.127109 -0.062845 0.976523 201 195 173
-0.130994 -0.061301 0.975466 201 197 174
-0.134881 -0.059692 0.974426 194 190 168
-0.138765 -0.057934 0.973425 181 176 155
-0.142634 -0.055776 0.972534 182 178 155
-0.146509 -0.053496 0.971673 185 181 158
-0.150408 -0.051422 0.970749 199 193 169
-0.154308 -0.049110 0.969887 207 201 177
-0.158242 -0.047282 0.968886 208 201 177
-0.162197 -0.045822 0.967781 211 206 179
-0.166161 -0.044510 0.966634 187 182 160
-0.170132 -0.043304 0.965456 140 136 121
-0.174096 -0.041620 0.964406 101 105 94
-0.178061 -0.039353 0.963508 135 133 118
-0.182037 -0.036941 0.962643 117 119 106
-0.186030 -0.034762 0.961711 90 96 87
-0.190032 -0.033823 0.960453 70 75 72
-0.194034 -0.032849 0.959203 54 61 57
-0.198042 -0.031439 0.958065 44 46 46
-0.202088 -0.028067 0.957424 44 37 42
-0.206533 -0.007888 0.961017 186 187 208
-0.210693 -0.005212 0.960152 200 146 150
-0.214818 -0.004127 0.958885 204 136 139
0.046610 -0.097587 1.037319 64 65 61
0.042499 -0.097105 1.035898 145 141 125
0.038446 -0.096455 1.034543 149 142 124
0.034180 -0.096513 1.032919 150 146 127
0.029877 -0.096732 1.031238 156 154 135
0.025584 -0.096963 1.029558 162 160 142
0.021356 -0.097017 1.027949 134 132 115
0.017206 -0.096832 1.026433 137 136 117
0.013041 -0.096734 1.024889 151 149 131
0.008859 -0.096736 1.023311 154 152 133
0.004682 -0.096759 1.021730 160 159 140
0.000576 -0.096547 1.020239 155 152 133
-0.003477 -0.096162 1.018813 159 158 137
-0.007497 -0.095667 1.017429 175 174 153
-0.011487 -0.095071 1.016083 169 167 147
-0.015458 -0.094408 1.014763 164 160 142
-0.019447 -0.093833 1.013412 163 159 140
-0.023459 -0.093383 1.012019 175 170 150
-0.027450 -0.092859 1.010654 169 164 144
-0.031406 -0.092195 1.009339 173 169 149
-0.035390 -0.091678 1.007975 176 172 151
-0.039446 -0.091536 1.006483 175 171 152
-0.043642 -0.092147 1.004738 166 164 147
-0.048004 -0.093714 1.002676 182 185 172
-0.052325 -0.095209 1.000647 166 166 154
-0.056503 -0.096058 0.998846 157 157 145
-0.060974 -0.098686 0.996459 146 146 134
-0.065807 -0.103676 0.993306 142 140 131
-0.070056 -0.105510 0.991215 175 177 169
-0.074051 -0.105933 0.989595 185 187 183
-0.077841 -0.105111 0.988386 196 198 190
-0.081552 -0.103766 0.987345 201 205 196
-0.085278 -0.102487 0.986281 204 206 200
-0.089003 -0.101174 0.985226 205 208 201
-0.092633 -0.099108 0.984408 199 201 193
-0.096138 -0.095958 0.983927 191 192 183
-0.099483 -0.091275 0.983914 188 190 182
-0.102647 -0.084690 0.984477 199 201 192
-0.106091 -0.080090 0.984405 199 200 191
-0.109673 -0.076427 0.984031 201 203 191
-0.113330 -0.073228 0.983505 201 203 189
-0.117061 -0.070551 0.982812 199 197 180
-0.120877 -0.068617 0.981889 192 186 164
-0.124745 -0.067182 0.980813 198 193 171
-0.128630 -0.065886 0.979694 201 197 175
-0.132504 -0.064399 0.978629 200 197 176
-0.136373 -0.062736 0.977614 194 190 170
-0.140240 -0.060936 0.976636 173 169 148
-0.144099 -0.058845 0.975738 185 180 159
-0.147968 -0.056697 0.974852 187 184 161
-0.151854 -0.054652 0.973932 200 197 174
-0.155747 -0.052492 0.973040 205 201 176
-0.159666 -0.050697 0.972041 204 198 175
-0.163600 -0.049109 0.970981 205 201 177
-0.167548 -0.047791 0.969844 207 201 176
-0.171506 -0.046734 0.968633 124 118 105
-0.175459 -0.045303 0.967524 104 108 101
-0.179408 -0.043104 0.966622 140 138 124
-0.183368 -0.040677 0.965776 158 154 135
-0.187343 -0.038362 0.964894 148 145 130
-0.191330 -0.036888 0.963784 74 81 76
-0.195313 -0.036361 0.962422 62 68 65
-0.199302 -0.035140 0.961244 50 52 52
-0.203314 -0.032818 0.960350 41 36 38
-0.207680 -0.016242 0.963124 173 161 175
-0.211929 -0.009150 0.963413 206 144 149
-0.216041 -0.007915 0.962192 205 136 140
0.050287 -0.095502 1.043876 116 89 81
0.044406 -0.100465 1.040298 75 78 75
0.040193 -0.100362 1.038732 140 129 112
0.036112 -0.099864 1.037323 136 122 106
0.031884 -0.099866 1.035722 158 153 134
0.027652 -0.099919 1.034106 135 134 115
0.023457 -0.099884 1.032528 131 130 111
0.019316 -0.099699 1.031011 145 144 125
0.015151 -0.099628 1.029454 146 145 126
0.010951 -0.099717 1.027840 146 145 127
0.006755 -0.099839 1.026219 149 148 129
0.002588 -0.099896 1.024626 156 155 136
-0.001486 -0.099635 1.023156 156 155 136
-0.005512 -0.099216 1.021746 166 165 145
-0.009525 -0.098762 1.020351 167 166 147
-0.013501 -0.098182 1.019004 160 159 140
-0.017455 -0.097523 1.017687 162 158 140
-0.021438 -0.097000 1.016323 156 152 134
-0.025444 -0.096603 1.014915 178 173 154
-0.029408 -0.096042 1.013567 172 167 148
-0.033353 -0.095408 1.012247 170 166 146
-0.037334 -0.094966 1.010861 169 165 145
-0.041362 -0.094784 1.009386 166 162 145
-0.045511 -0.095257 1.007687 166 164 148
-0.049838 -0.096750 1.005642 179 181 169
-0.054068 -0.097867 1.003737 167 167 155
-0.058064 -0.097797 1.002243 159 159 147
-0.062124 -0.098152 1.000610 153 152 142
-0.066548 -0.100749 0.998228 149 147 138
-0.071095 -0.104338 0.995529 140 139 130
-0.075279 -0.105933 0.993511 155 155 149
-0.079231 -0.106182 0.991947 172 172 163
-0.083018 -0.105388 0.990730 179 180 171
-0.086722 -0.104007 0.989705 182 182 175
-0.090377 -0.102235 0.988804 182 184 176
-0.093906 -0.099415 0.988238 165 166 159
-0.097300 -0.095351 0.988061 186 187 179
-0.100499 -0.089375 0.988478 199 201 193
-0.103895 -0.084641 0.988483 199 200 191
-0.107510 -0.081553 0.987956 199 201 191
-0.111156 -0.078537 0.987399 201 203 193
-0.114823 -0.075507 0.986836 189 190 177
-0.118569 -0.073088 0.986078 196 193 178
-0.122389 -0.071332 0.985111 191 187 170
-0.126252 -0.069991 0.984014 195 192 173
-0.130132 -0.068819 0.982865 199 195 176
-0.134003 -0.067471 0.981768 199 197 178
-0.137854 -0.065773 0.980773 196 193 173
-0.141700 -0.063856 0.979840 152 148 130
-0.145545 -0.061735 0.978963 167 162 145
-0.149407 -0.059713 0.978052 173 170 149
-0.153293 -0.057962 0.977058 201 198 176
-0.157176 -0.055919 0.976146 199 195 173
-0.161081 -0.054179 0.975142 196 193 170
-0.164998 -0.052570 0.974098 199 195 172
-0.168927 -0.051166 0.972993 202 195 172
-0.172866 -0.050027 0.971813 150 147 131
-0.176805 -0.048712 0.970681 99 105 100
-0.180740 -0.046640 0.969756 204 198 177
-0.184685 -0.044040 0.968972 179 174 151
-0.188646 -0.041790 0.968086 168 164 141
-0.192617 -0.040106 0.967042 83 88 83
-0.196585 -0.039464 0.965715 68 75 71
-0.200551 -0.038700 0.964422 52 56 55
-0.204537 -0.036920 0.963399 42 39 40
-0.208800 -0.024595 0.965144 158 121 134
-0.213158 -0.012924 0.966676 211 145 151
-0.217249 -0.011741 0.965450 205 136 140
-0.221363 -0.010060 0.964351 205 134 137
0.047312 -0.100696 1.045919 96 80 68
0.041897 -0.104331 1.042850 86 89 87
0.037827 -0.103846 1.041439 120 96 78
0.033821 -0.103173 1.040105 124 101 84
0.029678 -0.102961 1.038590 116 105 89
0.025485 -0.102946 1.037002 140 139 120
0.021286 -0.102992 1.035394 142 139 120
0.017146 -0.102866 1.033856 137 134 114
0.013011 -0.102758 1.032315 143 142 123
0.008841 -0.102811 1.030717 144 143 124
0.004690 -0.102838 1.029132 149 148 129
0.000556 -0.102838 1.027562 154 153 134
-0.003494 -0.102551 1.026104 153 152 134
-0.007508 -0.102152 1.024690 163 161 143
-0.011523 -0.101781 1.023268 167 165 147
-0.015501 -0.101278 1.021897 162 161 142
-0.019430 -0.100587 1.020597 160 157 140
-0.023385 -0.100023 1.019251 158 154 136
-0.027389 -0.099698 1.017821 182 177 159
-0.031397 -0.099419 1.016376 171 167 148
-0.035336 -0.098849 1.015038 170 166 146
-0.039300 -0.098417 1.013653 168 164 145
-0.043282 -0.098106 1.012227 168 164 146
-0.047322 -0.098126 1.010687 168 166 150
-0.051544 -0.099168 1.008793 145 145 131
-0.055702 -0.099973 1.006989 173 174 162
-0.059704 -0.100011 1.005458 160 160 148
-0.063713 -0.100151 1.003896 156 155 146
-0.067691 -0.100169 1.002380 153 152 143
-0.071763 -0.100838 1.000648 148 147 138
-0.075945 -0.102325 0.998645 146 145 136
-0.080149 -0.104130 0.996545 144 143 135
-0.084147 -0.104713 0.994864 143 142 134
-0.087920 -0.103802 0.993685 157 156 148
-0.091538 -0.101725 0.992889 150 149 141
-0.094935 -0.097834 0.992682 168 169 162
-0.098242 -0.092949 0.992785 196 198 190
-0.101720 -0.089150 0.992522 198 200 191
-0.105352 -0.086449 0.991894 199 200 191
-0.108997 -0.083693 0.991277 199 201 192
-0.112640 -0.080717 0.990722 205 206 196
-0.116290 -0.077597 0.990203 176 178 165
-0.120053 -0.075453 0.989371 184 182 168
-0.123888 -0.074000 0.988319 185 184 168
-0.127755 -0.072872 0.987164 187 185 169
-0.131627 -0.071781 0.985997 192 190 173
-0.135481 -0.070405 0.984916 193 193 177
-0.139320 -0.068728 0.983925 195 193 175
-0.143145 -0.066685 0.983040 152 148 132
-0.146978 -0.064579 0.982171 160 156 142
-0.150832 -0.062650 0.981243 160 156 140
-0.154707 -0.060951 0.980245 199 195 177
-0.158586 -0.059163 0.979269 181 179 159
-0.162479 -0.057498 0.978254 173 170 153
-0.166379 -0.055850 0.977231 181 179 158
-0.170290 -0.054341 0.976166 187 182 160
-0.174212 -0.053106 0.975020 162 161 145
-0.178137 -0.051898 0.973865 100 110 104
-0.182059 -0.049903 0.972931 211 206 180
-0.185989 -0.047095 0.972219 205 198 171
-0.189937 -0.044750 0.971372 206 200 174
-0.193896 -0.042930 0.970375 106 110 100
-0.197844 -0.042724 0.968933 71 79 74
-0.201785 -0.042487 0.967502 60 63 61
-0.205746 -0.041036 0.966401 43 43 42
-0.209854 -0.034367 0.966697 156 107 108
-0.214379 -0.016551 0.969939 217 150 155
-0.222553 -0.013616 0.967651 205 134 137
0.044486 -0.105487 1.048068 87 76 63
0.039447 -0.108049 1.045419 96 98 96
0.035518 -0.107185 1.044166 117 92 74
0.031591 -0.106316 1.042916 138 111 95
0.027503 -0.105988 1.041451 125 112 95
0.023362 -0.105861 1.039908 138 137 117
0.019188 -0.105882 1.038311 141 137 117
0.015048 -0.105821 1.036750 140 136 116
0.010866 -0.105947 1.035120 143 139 121
0.006716 -0.105999 1.033523 145 141 123
0.002605 -0.105949 1.031969 149 145 127
-0.001488 -0.105863 1.030433 153 150 131
-0.005507 -0.105530 1.028996 153 152 134
-0.009482 -0.105042 1.027619 160 159 142
-0.013480 -0.104667 1.026201 166 165 148
-0.017459 -0.104244 1.024804 181 179 161
-0.021368 -0.103540 1.023514 163 159 141
-0.025303 -0.102958 1.022180 153 149 131
-0.029345 -0.102883 1.020660 171 167 149
-0.033334 -0.102606 1.019217 170 166 148
-0.037246 -0.101991 1.017901 169 165 147
-0.041169 -0.101449 1.016559 168 164 146
-0.045100 -0.100969 1.015197 165 161 143
-0.049069 -0.100710 1.013758 163 161 144
-0.053164 -0.101165 1.012067 157 156 139
-0.057277 -0.101800 1.010318 179 181 167
-0.061283 -0.101926 1.008755 170 170 158
-0.065240 -0.101829 1.007274 160 159 150
-0.069171 -0.101630 1.005832 158 157 148
-0.073150 -0.101774 1.004274 153 152 143
-0.077086 -0.101722 1.002788 150 149 140
-0.080985 -0.101476 1.001372 149 148 140
-0.084794 -0.100657 1.000152 149 148 139
-0.088538 -0.099367 0.999092 150 149 140
-0.092159 -0.097115 0.998351 163 163 154
-0.095737 -0.094418 0.997754 187 187 180
-0.099408 -0.092314 0.996953 194 198 190
-0.103108 -0.090357 0.996098 196 198 190
-0.106779 -0.088040 0.995357 199 200 191
-0.110443 -0.085505 0.994681 202 203 196
-0.114087 -0.082609 0.994115 192 193 182
-0.117758 -0.079767 0.993523 181 181 168
-0.121550 -0.078048 0.992566 182 182 169
-0.125401 -0.076935 0.991414 181 180 166
-0.129264 -0.075940 0.990224 182 181 167
-0.133120 -0.074851 0.989064 186 185 170
-0.136956 -0.073427 0.988006 188 189 173
-0.140772 -0.071609 0.987068 165 163 147
-0.144587 -0.069619 0.986179 151 148 134
-0.148408 -0.067536 0.985315 157 152 138
-0.152252 -0.065669 0.984380 167 163 147
-0.156116 -0.064038 0.983371 187 187 169
-0.159985 -0.062371 0.982369 182 182 165
-0.163864 -0.060757 0.981349 172 171 154
-0.167751 -0.059182 0.980315 176 174 155
-0.171645 -0.057616 0.979275 173 173 154
-0.175548 -0.056216 0.978185 169 169 150
-0.179456 -0.054768 0.977107 152 152 136
-0.183365 -0.052844 0.976164 187 182 159
-0.187284 -0.050122 0.975443 198 192 167
-0.191219 -0.047789 0.974606 200 193 169
-0.195166 -0.045771 0.973675 134 137 124
-0.199093 -0.045962 0.972124 80 89 83
-0.203014 -0.045920 0.970641 64 69 65
-0.206941 -0.045223 0.969342 49 50 46
-0.211004 -0.039730 0.969354 145 100 100
-0.215581 -0.020381 0.973110 222 156 161
-0.219660 -0.018584 0.972065 205 137 141
-0.223724 -0.017347 0.970868 205 134 137
0.042371 -0.108121 1.051055 77 67 55
0.037270 -0.110948 1.048283 96 97 96
0.033304 -0.110256 1.046966 128 101 83
0.029407 -0.109346 1.045739 141 110 92
0.025342 -0.109003 1.044283 120 106 88
0.021213 -0.108898 1.042734 141 139 120
0.017074 -0.108861 1.041161 142 138 118
0.012885 -0.109040 1.039506 139 135 116
0.008735 -0.109126 1.037892 143 139 121
0.004601 -0.109192 1.036291 146 142 124
0.000515 -0.109119 1.034749 148 144 126
-0.003561 -0.109045 1.033211 153 149 131
-0.007569 -0.108738 1.031766 152 151 133
-0.011462 -0.107996 1.030492 156 155 138
-0.015471 -0.107739 1.029033 162 161 144
-0.019484 -0.107536 1.027556 195 193 177
-0.023383 -0.106869 1.026257 162 158 141
-0.027290 -0.106251 1.024942 162 158 140
-0.031265 -0.105957 1.023506 159 155 137
-0.035205 -0.105535 1.022121 173 169 151
-0.039100 -0.104916 1.020810 168 164 146
-0.042996 -0.104326 1.019490 167 163 145
-0.046883 -0.103703 1.018184 164 160 141
-0.050781 -0.103155 1.016851 160 156 137
-0.054767 -0.103106 1.015340 158 155 139
-0.058796 -0.103345 1.013729 142 141 125
-0.062804 -0.103539 1.012139 187 187 177
-0.066768 -0.103544 1.010621 179 180 171
-0.070670 -0.103230 1.009218 169 167 159
-0.074572 -0.102954 1.007806 160 160 151
-0.078457 -0.102611 1.006418 158 157 149
-0.082286 -0.101935 1.005149 158 158 149
-0.086041 -0.100747 1.004057 160 161 152
-0.089719 -0.098967 1.003167 173 174 165
-0.093396 -0.097108 1.002299 188 192 183
-0.097110 -0.095466 1.001354 193 197 190
-0.100838 -0.093872 1.000390 194 198 191
-0.104533 -0.091926 0.999541 198 200 191
-0.108209 -0.089707 0.998778 202 206 197
-0.111866 -0.087163 0.998117 201 203 193
-0.115544 -0.084656 0.997437 182 182 170
-0.119270 -0.082488 0.996641 184 184 171
-0.123075 -0.081065 0.995597 185 185 171
-0.126924 -0.080106 0.994403 184 184 170
-0.130763 -0.079015 0.993250 187 187 173
-0.134587 -0.077691 0.992171 188 189 175
-0.138427 -0.076543 0.991035 188 189 175
-0.142217 -0.074537 0.990167 137 136 122
-0.146020 -0.072574 0.989281 151 146 132
-0.149834 -0.070595 0.988396 158 153 141
-0.153669 -0.068841 0.987438 186 182 166
-0.157524 -0.067364 0.986391 188 187 172
-0.161382 -0.065813 0.985365 179 180 164
-0.165246 -0.064248 0.984340 173 172 155
-0.169114 -0.062594 0.983340 176 174 157
-0.172989 -0.060893 0.982351 175 173 155
-0.176875 -0.059374 0.981305 175 173 154
-0.180765 -0.057695 0.980303 175 171 153
-0.184661 -0.055639 0.979409 168 165 147
-0.188569 -0.053025 0.978672 173 168 147
-0.192492 -0.050668 0.977855 179 173 152
-0.196423 -0.048946 0.976850 122 124 115
-0.200336 -0.048983 0.975342 81 91 86
-0.204238 -0.049000 0.973844 68 73 68
-0.208142 -0.048596 0.972467 50 52 49
-0.212184 -0.043504 0.972399 140 98 98
-0.216774 -0.024112 0.976269 223 157 162
-0.220847 -0.022073 0.975303 205 137 141
-0.224891 -0.020892 0.974098 205 136 140
0.040097 -0.111278 1.053794 74 67 53
0.035169 -0.113635 1.051203 83 80 73
0.031118 -0.113269 1.049756 139 112 93
0.027242 -0.112350 1.048539 155 124 104
0.023136 -0.112203 1.047006 109 102 84
0.019042 -0.112046 1.045480 141 137 119
0.014914 -0.112043 1.043895 143 139 121
0.010790 -0.112058 1.042307 140 136 118
0.006663 -0.112125 1.040703 146 142 124
0.002571 -0.112105 1.039137 148 144 126
-0.001466 -0.111915 1.037642 151 147 129
-0.005500 -0.111744 1.036144 153 149 131
-0.009487 -0.111418 1.034709 152 151 133
-0.013407 -0.110846 1.033373 154 153 136
-0.017374 -0.110490 1.031955 160 159 142
-0.021367 -0.110268 1.030487 173 172 155
-0.025275 -0.109707 1.029152 165 161 143
-0.029168 -0.109102 1.027836 163 159 142
-0.033134 -0.108841 1.026391 163 159 141
-0.037073 -0.108492 1.024981 181 177 158
-0.040915 -0.107701 1.023740 168 164 146
-0.044767 -0.106967 1.022478 167 163 145
-0.048634 -0.106319 1.021184 163 159 141
-0.052483 -0.105590 1.019922 160 157 137
-0.056363 -0.105040 1.018595 158 154 136
-0.060295 -0.104805 1.017154 166 164 147
-0.064272 -0.104876 1.015606 140 140 123
-0.068267 -0.105120 1.013999 179 180 170
-0.072204 -0.105078 1.012500 193 193 185
-0.076093 -0.104789 1.011092 188 190 181
-0.079939 -0.104265 1.009769 187 187 180
-0.083727 -0.103358 1.008584 187 189 181
-0.087455 -0.102030 1.007545 189 192 184
-0.091156 -0.100465 1.006586 194 197 189
-0.094854 -0.098819 1.005654 193 197 190
-0.098569 -0.097240 1.004695 196 200 193
-0.102282 -0.095589 1.003757 196 200 192
-0.105967 -0.093620 1.002925 204 206 199
-0.109613 -0.091175 1.002249 192 193 183
-0.113305 -0.089028 1.001466 170 171 157
-0.117020 -0.086973 1.000648 179 180 167
-0.120769 -0.085163 0.999744 182 182 169
-0.124574 -0.083888 0.998660 184 184 170
-0.128417 -0.083041 0.997435 187 187 173
-0.132256 -0.082150 0.996225 188 189 175
-0.136070 -0.080910 0.995127 187 187 173
-0.139867 -0.079348 0.994131 176 176 162
-0.143659 -0.077579 0.993199 139 138 124
-0.147450 -0.075636 0.992318 149 145 133
-0.151258 -0.073840 0.991387 160 155 143
-0.155081 -0.072140 0.990422 199 195 180
-0.158925 -0.070799 0.989343 187 186 171
-0.162760 -0.069062 0.988384 179 177 162
-0.166611 -0.067570 0.987347 175 174 158
-0.170463 -0.065876 0.986369 175 172 155
-0.174318 -0.063939 0.985462 173 171 153
-0.178189 -0.062340 0.984449 173 170 152
-0.182064 -0.060513 0.983502 173 170 152
-0.185948 -0.058375 0.982643 168 164 145
-0.189844 -0.055813 0.981905 173 169 149
-0.193756 -0.053494 0.981089 173 167 147
-0.197672 -0.051973 0.980036 116 117 108
-0.201570 -0.051894 0.978562 81 91 86
-0.205448 -0.052283 0.976958 67 72 67
-0.209332 -0.052012 0.975546 48 51 48
-0.213365 -0.046881 0.975517 137 94 97
-0.217952 -0.027931 0.979365 220 155 159
-0.222025 -0.025483 0.978526 207 140 145
-0.226047 -0.024420 0.977296 204 137 142
0.037848 -0.114394 1.056514 80 70 57
0.032980 -0.116631 1.053963 86 78 68
0.029063 -0.115892 1.052676 143 118 100
0.025179 -0.115046 1.051434 97 85 67
0.021052 -0.115029 1.049849 136 133 117
0.016956 -0.114940 1.048297 143 141 122
0.012826 -0.115006 1.046685 145 141 123
0.008736 -0.114965 1.045121 144 140 122
0.004668 -0.114883 1.043578 148 144 126
0.000629 -0.114729 1.042067 150 146 128
-0.003363 -0.114425 1.040620 151 147 129
-0.007391 -0.114290 1.039109 153 149 131
-0.011394 -0.114089 1.037626 151 150 133
-0.015313 -0.113577 1.036270 147 146 129
-0.019244 -0.113138 1.034887 157 156 139
-0.023202 -0.112835 1.033453 162 161 144
-0.027102 -0.112307 1.032109 182 179 161
-0.030978 -0.111686 1.030803 164 160 142
-0.034909 -0.111339 1.029393 164 160 143
-0.038836 -0.111003 1.027980 139 136 121
-0.042663 -0.110204 1.026747 181 177 160
-0.046509 -0.109509 1.025474 168 164 146
-0.050365 -0.108876 1.024179 165 161 143
-0.054182 -0.108054 1.022956 163 159 140
-0.057995 -0.107213 1.021740 162 158 141
-0.061838 -0.106549 1.020459 162 158 142
-0.065717 -0.106108 1.019097 160 159 142
-0.069675 -0.106173 1.017552 149 147 130
-0.073639 -0.106346 1.015972 151 151 136
-0.077569 -0.106379 1.014447 181 182 172
-0.081430 -0.106006 1.013071 193 195 187
-0.085214 -0.105145 1.011873 198 201 192
-0.088936 -0.103832 1.010834 195 198 190
-0.092635 -0.102311 1.009868 198 201 193
-0.096326 -0.100680 1.008938 198 201 194
-0.100008 -0.098898 1.008057 198 200 193
-0.103690 -0.097046 1.007197 188 190 181
-0.107349 -0.094887 1.006439 171 170 159
-0.111046 -0.092966 1.005594 169 168 155
-0.114772 -0.091227 1.004682 176 176 162
-0.118519 -0.089619 1.003723 176 177 163
-0.122285 -0.088130 1.002721 179 180 166
-0.126090 -0.087027 1.001588 184 184 170
-0.129921 -0.086241 1.000349 187 187 174
-0.133738 -0.085267 0.999172 188 189 175
-0.137529 -0.083919 0.998118 186 186 172
-0.141288 -0.081991 0.997251 141 140 127
-0.145068 -0.080219 0.996329 145 142 129
-0.148862 -0.078576 0.995362 150 147 134
-0.152665 -0.076927 0.994395 172 169 156
-0.156475 -0.075285 0.993422 189 186 171
-0.160306 -0.073990 0.992336 186 184 168
-0.164135 -0.072518 0.991305 178 176 161
-0.167963 -0.070798 0.990349 175 173 158
-0.171800 -0.069139 0.989370 172 169 154
-0.175645 -0.067427 0.988405 171 169 150
-0.179498 -0.065733 0.987432 171 169 150
-0.183357 -0.063816 0.986523 171 168 150
-0.187225 -0.061144 0.985839 162 158 140
-0.191111 -0.058506 0.985138 168 164 145
-0.195012 -0.056194 0.984332 169 164 144
-0.198913 -0.054837 0.983238 108 110 101
-0.202796 -0.054708 0.981781 80 90 85
-0.206656 -0.055209 0.980142 68 74 69
-0.210521 -0.055027 0.978707 47 49 46
-0.214539 -0.050122 0.978639 121 97 100
-0.219126 -0.031537 0.982483 193 143 149
-0.223198 -0.028774 0.981748 187 138 149
-0.227201 -0.027766 0.980509 175 138 153
0.035695 -0.117239 1.059317 108 96 83
0.030748 -0.119803 1.056614 88 79 69
0.026865 -0.119011 1.055356 155 135 115
0.022979 -0.118232 1.054092 140 129 112
0.018936 -0.117994 1.052602 148 142 122
0.014838 -0.117979 1.051021 145 141 123
0.010729 -0.118034 1.049415 146 142 124
0.006681 -0.117913 1.047886 141 139 120
0.002668 -0.117693 1.046401 149 145 127
-0.001334 -0.117461 1.044924 150 147 128
-0.005292 -0.117091 1.043507 151 147 129
-0.009282 -0.116872 1.042031 153 149 131
-0.013258 -0.116628 1.040568 152 150 134
-0.017169 -0.116144 1.039203 142 141 124
-0.021078 -0.115672 1.037837 156 155 138
-0.025027 -0.115396 1.036394 160 159 142
-0.028944 -0.115005 1.034999 173 170 152
-0.032816 -0.114440 1.033675 164 160 142
-0.036700 -0.113949 1.032324 164 160 143
-0.040582 -0.113470 1.030970 108 110 104
-0.044456 -0.112972 1.029624 156 151 139
-0.048309 -0.112389 1.028313 169 165 147
-0.052133 -0.111678 1.027053 169 163 146
-0.055920 -0.110774 1.025866 164 160 142
-0.059696 -0.109807 1.024703 164 160 142
-0.063473 -0.108845 1.023538 164 160 142
-0.067256 -0.107916 1.022360 165 161 143
-0.071109 -0.107411 1.021025 162 160 141
-0.074974 -0.107009 1.019654 162 158 140
-0.078853 -0.106737 1.018237 149 145 130
-0.082719 -0.106419 1.016840 146 144 131
-0.086525 -0.105721 1.015582 147 146 135
-0.090271 -0.104606 1.014476 151 149 138
-0.093985 -0.103224 1.013465 157 157 146
-0.097676 -0.101613 1.012533 158 157 146
-0.101361 -0.099891 1.011638 164 162 149
-0.105054 -0.098159 1.010742 165 164 149
-0.108760 -0.096472 1.009827 167 165 150
-0.112498 -0.095001 1.008835 170 168 153
-0.116243 -0.093546 1.007834 172 172 157
-0.120011 -0.092271 1.006769 176 176 162
-0.123797 -0.091161 1.005646 179 178 165
-0.127592 -0.090130 1.004495 186 184 171
-0.131389 -0.089110 1.003340 186 186 172
-0.135170 -0.087845 1.002267 185 185 171
-0.138914 -0.085980 1.001393 156 154 140
-0.142665 -0.084062 1.000532 145 143 129
-0.146448 -0.082516 0.999545 146 143 130
-0.150241 -0.081042 0.998531 156 154 141
-0.154032 -0.079378 0.997577 193 190 177
-0.157838 -0.077912 0.996556 188 186 173
-0.161653 -0.076521 0.995508 187 186 171
-0.165471 -0.075091 0.994472 175 173 159
-0.169295 -0.073685 0.993425 176 174 159
-0.173123 -0.072169 0.992411 171 169 155
-0.176954 -0.070510 0.991440 172 168 152
-0.180793 -0.068837 0.990470 171 167 150
-0.184638 -0.066869 0.989588 172 168 150
-0.188494 -0.064425 0.988849 160 156 139
-0.192369 -0.061317 0.988307 167 163 145
-0.196256 -0.059147 0.987471 166 161 142
-0.200142 -0.057924 0.986344 89 98 90
-0.204011 -0.057662 0.984928 77 86 82
-0.207857 -0.058039 0.983324 64 69 66
-0.211702 -0.058008 0.981846 47 48 46
-0.215707 -0.053232 0.981767 119 110 119
-0.220300 -0.034855 0.985648 146 146 168
-0.224353 -0.032207 0.984896 155 167 199
-0.228336 -0.031283 0.983639 144 162 198
0.033694 -0.119633 1.062285 121 106 89
0.028819 -0.122029 1.059640 109 99 85
0.024838 -0.121602 1.058229 160 143 123
0.020911 -0.121011 1.056890 147 139 121
0.016863 -0.120850 1.055369 146 141 123
0.012800 -0.120774 1.053815 146 141 123
0.008739 -0.120721 1.052255 146 142 124
0.004719 -0.120558 1.050745 131 130 112
0.000737 -0.120282 1.049286 149 146 127
-0.003236 -0.120000 1.047832 149 148 129
-0.007177 -0.119624 1.046419 152 150 132
-0.011151 -0.119398 1.044948 153 150 132
-0.015086 -0.119050 1.043529 151 150 133
-0.018959 -0.118467 1.042208 143 141 125
-0.022850 -0.117976 1.040852 153 152 135
-0.026803 -0.117779 1.039378 157 155 138
-0.030724 -0.117474 1.037952 162 158 141
-0.034585 -0.116921 1.036626 182 179 162
-0.038446 -0.116384 1.035296 164 160 143
-0.042298 -0.115827 1.033975 128 117 113
-0.046155 -0.115313 1.032639 175 166 159
-0.049994 -0.114733 1.031330 170 165 150
-0.053805 -0.114018 1.030075 169 165 147
-0.057568 -0.113053 1.028917 164 160 142
-0.061318 -0.112013 1.027787 166 162 144
-0.065094 -0.111111 1.026604 165 161 143
-0.068850 -0.110090 1.025466 165 161 143
-0.072631 -0.109217 1.024272 163 159 141
-0.076387 -0.108183 1.023139 160 157 139
-0.080168 -0.107311 1.021944 162 158 140
-0.083976 -0.106620 1.020682 160 157 140
-0.087768 -0.105829 1.019458 160 158 141
-0.091536 -0.104874 1.018295 166 162 147
-0.095271 -0.103659 1.017226 162 158 144
-0.098972 -0.102135 1.016267 143 141 129
-0.102690 -0.100701 1.015274 160 159 144
-0.106430 -0.099410 1.014227 167 165 150
-0.110189 -0.098263 1.013127 168 165 150
-0.113969 -0.097288 1.011965 170 167 152
-0.117735 -0.096160 1.010857 172 170 154
-0.121507 -0.095070 1.009735 175 173 158
-0.125292 -0.094112 1.008566 176 174 161
-0.129085 -0.093240 1.007367 179 177 163
-0.132856 -0.092092 1.006263 178 178 164
-0.136566 -0.090023 1.005472 162 161 146
-0.140292 -0.088036 1.004648 144 139 124
-0.144047 -0.086327 1.003727 146 141 127
-0.147828 -0.084931 1.002697 155 150 136
-0.151615 -0.083562 1.001656 178 177 164
-0.155392 -0.081854 1.000726 188 187 173
-0.159189 -0.080454 0.999691 191 190 177
-0.162995 -0.079183 0.998612 192 192 179
-0.166804 -0.077842 0.997554 181 180 167
-0.170616 -0.076465 0.996506 179 177 163
-0.174431 -0.074966 0.995495 173 171 156
-0.178249 -0.073315 0.994530 173 168 154
-0.182075 -0.071650 0.993568 173 169 153
-0.185908 -0.069620 0.992716 171 167 151
-0.189753 -0.067241 0.991970 156 152 136
-0.193615 -0.064452 0.991346 165 161 144
-0.197491 -0.062120 0.990573 153 148 131
-0.201355 -0.061306 0.989328 86 94 87
-0.205205 -0.061102 0.987897 77 84 79
-0.209028 -0.061639 0.986244 61 65 63
-0.212869 -0.061143 0.984908 42 45 45
-0.216888 -0.055735 0.985045 126 123 133
-0.221465 -0.038123 0.988794 130 146 175
-0.225487 -0.035862 0.987942 137 159 196
-0.229458 -0.034823 0.986726 138 162 201
0.031676 -0.122108 1.065190 133 116 94
0.026737 -0.124775 1.062413 109 98 84
0.022655 -0.124739 1.060834 152 139 119
0.018755 -0.124120 1.059512 146 138 119
0.014781 -0.123771 1.058075 144 139 120
0.010800 -0.123467 1.056622 138 133 115
0.006794 -0.123280 1.055120 142 138 121
0.002805 -0.123059 1.053636 132 131 114
-0.001168 -0.122806 1.052169 148 148 131
-0.005117 -0.122491 1.050731 149 147 130
-0.009028 -0.122055 1.049347 151 150 133
-0.012966 -0.121747 1.047911 152 150 134
-0.016867 -0.121313 1.046530 150 149 132
-0.020706 -0.120646 1.045247 148 147 130
-0.024549 -0.120003 1.043955 151 150 133
-0.028445 -0.119608 1.042563 154 151 134
-0.032339 -0.119229 1.041167 159 155 137
-0.036225 -0.118841 1.039777 162 159 142
-0.040108 -0.118465 1.038384 179 176 159
-0.043954 -0.117937 1.037054 153 138 131
-0.047806 -0.117455 1.035707 213 201 196
-0.051601 -0.116708 1.034467 119 119 115
-0.055391 -0.115942 1.033235 156 153 139
-0.059176 -0.115155 1.032012 173 169 151
-0.062932 -0.114210 1.030850 167 163 145
-0.066708 -0.113380 1.029645 167 163 144
-0.070455 -0.112378 1.028505 167 163 143
-0.074224 -0.111506 1.027315 165 161 142
-0.077975 -0.110515 1.026170 162 158 140
-0.081727 -0.109533 1.025022 159 155 136
-0.085481 -0.108549 1.023874 158 154 134
-0.089225 -0.107493 1.022753 158 154 136
-0.092977 -0.106477 1.021615 159 155 137
-0.096719 -0.105376 1.020509 160 158 142
-0.100424 -0.103953 1.019521 143 141 128
-0.104155 -0.102707 1.018465 160 158 143
-0.107916 -0.101692 1.017324 166 164 147
-0.111683 -0.100723 1.016166 168 164 148
-0.115455 -0.099798 1.014992 171 167 151
-0.119219 -0.098781 1.013851 171 168 152
-0.122988 -0.097813 1.012691 171 169 153
-0.126752 -0.096772 1.011557 173 170 155
-0.130501 -0.095512 1.010499 172 170 155
-0.134210 -0.093674 1.009642 160 158 142
-0.137932 -0.091887 1.008762 146 142 125
-0.141667 -0.090149 1.007863 147 142 126
-0.145429 -0.088722 1.006853 151 146 132
-0.149203 -0.087406 1.005803 171 168 154
-0.152973 -0.085932 1.004806 189 190 178
-0.156752 -0.084524 1.003783 195 195 183
-0.160540 -0.083220 1.002724 201 203 192
-0.164335 -0.082018 1.001629 198 198 188
-0.168130 -0.080662 1.000584 193 195 183
-0.171927 -0.079239 0.999560 182 181 168
-0.175728 -0.077709 0.998568 178 174 160
-0.179535 -0.076090 0.997602 173 171 156
-0.183348 -0.074447 0.996641 173 169 153
-0.187169 -0.072499 0.995775 171 167 151
-0.191002 -0.070157 0.995031 160 156 140
-0.194852 -0.067471 0.994389 164 160 143
-0.198709 -0.065597 0.993485 142 137 122
-0.202559 -0.064600 0.992304 83 91 87
-0.206387 -0.064585 0.990817 73 80 76
-0.210191 -0.065074 0.989178 58 61 61
-0.214030 -0.064143 0.987980 36 39 39
-0.218151 -0.055910 0.989006 120 122 130
-0.222627 -0.041236 0.991953 130 145 176
-0.226618 -0.039331 0.991007 131 155 188
-0.230582 -0.038098 0.989857 142 168 206
0.029869 -0.123930 1.068360 145 124 103
0.024670 -0.127504 1.065163 77 68 54
0.020543 -0.127676 1.063493 149 138 119
0.016691 -0.126953 1.062222 141 134 115
0.012754 -0.126536 1.060819 137 132 112
0.008793 -0.126219 1.059373 132 128 109
0.004816 -0.125988 1.057893 138 134 116
0.000866 -0.125683 1.056448 132 131 114
-0.003081 -0.125396 1.054997 147 146 129
-0.007005 -0.125043 1.053578 148 147 130
-0.010901 -0.124607 1.052196 151 150 133
-0.014805 -0.124224 1.050794 153 150 134
-0.018684 -0.123760 1.049429 151 150 133
-0.022499 -0.123048 1.048169 151 149 132
-0.026303 -0.122295 1.046926 147 146 129
-0.030146 -0.121726 1.045608 153 152 135
-0.033996 -0.121202 1.044273 156 154 137
-0.037875 -0.120835 1.042876 160 156 139
-0.041751 -0.120485 1.041474 164 160 144
-0.045598 -0.120019 1.040122 175 170 155
-0.049441 -0.119555 1.038770 142 137 124
-0.053243 -0.118902 1.037495 128 123 119
-0.057045 -0.118265 1.036216 136 132 123
-0.060823 -0.117512 1.034984 160 156 137
-0.064566 -0.116566 1.033828 173 169 150
-0.068321 -0.115687 1.032646 169 164 144
-0.072062 -0.114719 1.031498 167 162 142
-0.075812 -0.113805 1.030329 168 161 142
-0.079546 -0.112789 1.029200 162 157 138
-0.083286 -0.111804 1.028058 160 155 135
-0.087033 -0.110853 1.026902 158 154 134
-0.090765 -0.109798 1.025786 159 155 135
-0.094504 -0.108773 1.024658 160 156 138
-0.098239 -0.107711 1.023543 160 157 141
-0.101933 -0.106290 1.022562 144 143 128
-0.105662 -0.105127 1.021482 158 157 141
-0.109422 -0.104218 1.020307 166 163 147
-0.113176 -0.103251 1.019154 168 164 148
-0.116935 -0.102331 1.017984 169 165 149
-0.120687 -0.101329 1.016842 169 167 150
-0.124440 -0.100314 1.015706 171 167 151
-0.128166 -0.098978 1.014683 173 170 154
-0.131862 -0.097185 1.013822 158 155 138
-0.135572 -0.095448 1.012937 150 146 128
-0.139306 -0.093937 1.011969 146 142 124
-0.143052 -0.092526 1.010963 150 146 130
-0.146810 -0.091238 1.009912 165 161 146
-0.150571 -0.089909 1.008875 192 192 182
-0.154330 -0.088462 1.007876 195 198 188
-0.158102 -0.087164 1.006823 205 208 200
-0.161879 -0.085915 1.005753 211 216 209
-0.165661 -0.084686 1.004674 205 209 203
-0.169444 -0.083401 1.003613 205 206 199
-0.173230 -0.082059 1.002569 193 193 185
-0.177018 -0.080509 1.001593 181 179 164
-0.180811 -0.078812 1.000662 173 172 158
-0.184612 -0.077164 0.999712 176 172 157
-0.188421 -0.075339 0.998817 173 169 153
-0.192242 -0.073000 0.998084 164 160 144
-0.196079 -0.070474 0.997406 144 139 124
-0.199923 -0.068584 0.996519 135 132 120
-0.203753 -0.067869 0.995254 80 88 84
-0.207554 -0.068211 0.993656 70 77 74
-0.211347 -0.068412 0.992107 54 57 57
-0.215179 -0.067189 0.991007 46 49 50
-0.219376 -0.057008 0.992681 128 130 134
-0.223795 -0.043979 0.995195 121 145 183
-0.227760 -0.042365 0.994170 120 148 181
-0.231702 -0.041274 0.992984 134 160 197
0.028261 -0.125131 1.071792 140 113 98
0.022842 -0.129481 1.068223 75 62 52
0.018469 -0.130521 1.066161 147 137 120
0.014607 -0.129889 1.064855 135 126 108
0.010726 -0.129335 1.063516 130 124 105
0.006802 -0.128947 1.062105 132 126 109
0.002850 -0.128688 1.060639 133 129 111
-0.001060 -0.128293 1.059236 131 130 112
-0.004975 -0.127944 1.057815 140 139 122
-0.008888 -0.127609 1.056390 143 142 125
-0.012765 -0.127156 1.055019 144 143 126
-0.016628 -0.126667 1.053665 151 150 133
-0.020464 -0.126086 1.052352 150 149 132
-0.024250 -0.125307 1.051124 154 150 134
-0.028036 -0.124534 1.049895 143 141 125
-0.031846 -0.123873 1.048618 154 153 136
-0.035662 -0.123251 1.047327 155 153 136
-0.039500 -0.122749 1.045987 158 154 136
-0.043338 -0.122265 1.044641 160 157 139
-0.047176 -0.121805 1.043288 166 162 145
-0.051010 -0.121353 1.041933 173 169 152
-0.054816 -0.120774 1.040631 162 158 141
-0.058620 -0.120207 1.039326 160 157 139
-0.062400 -0.119522 1.038070 162 158 139
-0.066139 -0.118613 1.036904 168 164 143
-0.069883 -0.117734 1.035726 167 162 140
-0.073617 -0.116795 1.034571 171 166 146
-0.077360 -0.115907 1.033397 166 159 138
-0.081096 -0.114971 1.032241 164 157 135
-0.084841 -0.114097 1.031061 160 155 133
-0.088586 -0.113222 1.029881 160 154 134
-0.092307 -0.112173 1.028768 158 153 133
-0.096039 -0.111194 1.027628 160 157 139
-0.099760 -0.110123 1.026523 163 159 143
-0.103424 -0.108546 1.025608 145 145 127
-0.107136 -0.107329 1.024555 159 159 142
-0.110878 -0.106364 1.023406 165 162 145
-0.114622 -0.105403 1.022255 167 163 147
-0.118377 -0.104557 1.021062 169 165 148
-0.122116 -0.103529 1.019935 169 165 148
-0.125835 -0.102271 1.018893 164 160 143
-0.129525 -0.100588 1.018003 157 153 137
-0.133222 -0.098902 1.017110 156 151 133
-0.136951 -0.097542 1.016098 156 152 134
-0.140694 -0.096319 1.015035 158 155 138
-0.144433 -0.094974 1.014013 171 167 153
-0.148179 -0.093671 1.012975 187 187 178
-0.151925 -0.092293 1.011961 193 195 187
-0.155673 -0.090844 1.010971 205 208 201
-0.159436 -0.089627 1.009897 213 219 215
-0.163207 -0.088540 1.008778 219 224 222
-0.166979 -0.087424 1.007667 217 224 221
-0.170751 -0.086214 1.006588 215 219 216
-0.174526 -0.084942 1.005528 202 206 199
-0.178301 -0.083459 1.004538 193 193 180
-0.182079 -0.081669 1.003649 182 179 165
-0.185867 -0.080004 1.002715 176 174 160
-0.189663 -0.078192 1.001825 176 172 157
-0.193472 -0.075913 1.001086 167 162 148
-0.197295 -0.073599 1.000353 160 156 142
-0.201124 -0.071757 0.999461 131 129 117
-0.204930 -0.071387 0.998090 80 88 86
-0.208710 -0.071821 0.996463 65 72 70
-0.212486 -0.071922 0.994947 53 56 56
-0.216316 -0.070306 0.993980 70 72 75
-0.220649 -0.056893 0.996726 141 146 150
-0.224948 -0.046861 0.998365 138 159 197
-0.228871 -0.045794 0.997179 130 154 186
-0.232809 -0.044496 0.996064 132 159 195
0.026664 -0.126311 1.075220 98 77 69
0.021080 -0.131256 1.071352 128 105 99
0.016496 -0.133055 1.068939 77 76 64
0.012453 -0.133100 1.067331 137 132 112
0.008779 -0.131884 1.066294 129 124 105
0.004918 -0.131328 1.064962 133 128 110
0.000969 -0.131108 1.063480 136 132 114
-0.002948 -0.130797 1.062042 134 131 113
-0.006849 -0.130450 1.060623 146 145 129
-0.010725 -0.130030 1.059238 148 147 131
-0.014569 -0.129504 1.057901 148 146 130
-0.018408 -0.128972 1.056569 147 146 129
-0.022215 -0.128324 1.055288 145 144 127
-0.025988 -0.127544 1.054065 146 145 128
-0.029779 -0.126844 1.052809 147 146 129
-0.033567 -0.126144 1.051553 152 151 134
-0.037354 -0.125452 1.050294 154 151 135
-0.041153 -0.124823 1.049010 155 151 134
-0.044949 -0.124191 1.047729 158 155 137
-0.048766 -0.123683 1.046397 160 157 140
-0.052604 -0.123308 1.045012 163 160 143
-0.056426 -0.122875 1.043652 173 169 151
-0.060240 -0.122423 1.042303 152 148 130
-0.064016 -0.121786 1.041030 159 155 137
-0.067747 -0.120905 1.039858 166 162 142
-0.071480 -0.120034 1.038682 173 169 149
-0.075208 -0.119135 1.037516 164 159 139
-0.078943 -0.118275 1.036336 165 158 136
-0.082681 -0.117442 1.035144 162 155 133
-0.086421 -0.116625 1.033947 160 153 131
-0.090146 -0.115700 1.032792 160 153 131
-0.093845 -0.114580 1.031713 160 156 136
-0.097558 -0.113554 1.030597 167 162 141
-0.101272 -0.112519 1.029483 162 158 141
-0.104938 -0.111065 1.028530 150 150 133
-0.108648 -0.109942 1.027448 156 155 138
-0.112373 -0.108939 1.026319 163 159 141
-0.116097 -0.107916 1.025198 163 159 141
-0.119833 -0.107003 1.024034 166 162 145
-0.123558 -0.105967 1.022916 160 156 139
-0.127240 -0.104405 1.021993 160 156 139
-0.130920 -0.102731 1.021109 159 155 139
-0.134633 -0.101385 1.020100 157 153 135
-0.138361 -0.100178 1.019040 162 158 141
-0.142084 -0.098859 1.018018 176 176 162
-0.145803 -0.097389 1.017049 184 187 174
-0.149533 -0.096006 1.016047 189 190 183
-0.153272 -0.094706 1.015013 201 205 199
-0.157014 -0.093370 1.013990 209 216 212
-0.160767 -0.092210 1.012903 223 228 229
-0.164529 -0.091244 1.011747 233 239 238
-0.168288 -0.090135 1.010641 235 242 242
-0.172046 -0.088875 1.009586 230 236 235
-0.175807 -0.087578 1.008543 224 228 225
-0.179570 -0.086118 1.007553 217 219 213
-0.183336 -0.084247 1.006701 208 206 196
-0.187113 -0.082593 1.005772 192 187 173
-0.190897 -0.080887 1.004857 187 182 168
-0.194693 -0.078765 1.004078 172 168 154
-0.198500 -0.076770 1.003252 160 158 143
-0.202311 -0.075127 1.002305 100 104 98
-0.206088 -0.075276 1.000767 77 84 83
-0.209854 -0.075415 0.999237 63 69 68
-0.213640 -0.074654 0.998002 52 53 54
-0.217476 -0.072573 0.997194 109 109 115
-0.222012 -0.054733 1.001428 181 186 187
-0.226084 -0.049890 1.001458 148 167 201
-0.229994 -0.048794 1.000288 137 159 193
0.025118 -0.127338 1.078706 89 74 68
0.019440 -0.132649 1.074638 141 116 112
0.014681 -0.135085 1.071921 45 45 36
0.010513 -0.135608 1.070093 137 132 114
0.006818 -0.134515 1.069008 130 125 106
0.003050 -0.133677 1.067806 134 130 112
-0.000860 -0.133366 1.066368 139 135 117
-0.004774 -0.133097 1.064913 136 134 119
-0.008655 -0.132724 1.063507 147 145 130
-0.012490 -0.132198 1.062172 149 147 132
-0.016305 -0.131606 1.060867 152 148 132
-0.020127 -0.131055 1.059545 151 150 133
-0.023914 -0.130376 1.058281 151 150 133
-0.027678 -0.129605 1.057058 148 147 130
-0.031445 -0.128852 1.055828 145 144 127
-0.035193 -0.128021 1.054632 141 140 123
-0.038961 -0.127289 1.053394 149 148 130
-0.042755 -0.126685 1.052101 152 150 132
-0.046558 -0.126145 1.050784 156 152 134
-0.050355 -0.125590 1.049473 157 154 137
-0.054160 -0.125100 1.048137 158 156 139
-0.057947 -0.124534 1.046835 160 157 139
-0.061747 -0.124061 1.045495 172 168 150
-0.065527 -0.123503 1.044193 168 165 147
-0.069272 -0.122752 1.042970 155 151 131
-0.073013 -0.121990 1.041753 151 146 126
-0.076735 -0.121118 1.040581 156 151 131
-0.080455 -0.120232 1.039415 173 166 145
-0.084174 -0.119336 1.038253 175 168 146
-0.087899 -0.118488 1.037072 172 165 143
-0.091616 -0.117582 1.035913 167 160 138
-0.095320 -0.116570 1.034797 167 162 142
-0.099030 -0.115596 1.033665 175 171 149
-0.102731 -0.114546 1.032562 173 169 149
-0.106403 -0.113227 1.031564 169 165 146
-0.110096 -0.112050 1.030508 173 168 150
-0.113807 -0.111023 1.029394 178 174 156
-0.117526 -0.110050 1.028258 171 167 149
-0.121249 -0.109114 1.027108 163 159 141
-0.124940 -0.107816 1.026095 160 157 139
-0.128620 -0.106329 1.025151 160 157 140
-0.132314 -0.104943 1.024166 160 157 142
-0.136015 -0.103577 1.023173 173 170 155
-0.139722 -0.102226 1.022171 179 178 165
-0.143432 -0.100842 1.021180 179 179 167
-0.147143 -0.099394 1.020210 186 187 177
-0.150866 -0.098054 1.019199 195 198 193
-0.154599 -0.096826 1.018145 205 213 209
-0.158338 -0.095674 1.017063 221 228 228
-0.162086 -0.094692 1.015918 239 245 246
-0.165837 -0.093783 1.014748 250 251 254
-0.169583 -0.092648 1.013657 252 253 254
-0.173330 -0.091457 1.012584 252 253 254
-0.177080 -0.090246 1.011518 253 253 253
-0.180832 -0.088866 1.010509 251 251 252
-0.184587 -0.087130 1.009621 250 249 250
-0.188350 -0.085563 1.008672 243 242 238
-0.192120 -0.083947 1.007736 217 214 204
-0.195904 -0.081726 1.007003 173 171 158
-0.199699 -0.079647 1.006217 153 153 140
-0.203492 -0.078291 1.005184 88 100 95
-0.207244 -0.078724 1.003552 74 80 80
-0.210992 -0.078815 1.002039 60 62 63
-0.214739 -0.078682 1.000603 45 46 49
-0.218642 -0.074506 1.000495 121 120 128
-0.223223 -0.056064 1.005017 155 157 164
-0.227211 -0.052906 1.004525 128 139 160
-0.231111 -0.051735 1.003386 141 162 195
0.023683 -0.128007 1.082350 118 105 97
0.017776 -0.134136 1.077865 125 105 101
0.012851 -0.137189 1.074845 74 63 54
0.008471 -0.138500 1.072649 90 86 73
0.004783 -0.137440 1.071557 131 126 107
0.001128 -0.136256 1.070520 135 131 113
-0.002716 -0.135755 1.069171 142 138 120
-0.006595 -0.135407 1.067753 138 137 120
-0.010448 -0.134983 1.066373 143 141 126
-0.014267 -0.134443 1.065047 150 149 132
-0.018070 -0.133855 1.063743 151 148 132
-0.021860 -0.133229 1.062459 152 151 134
-0.025623 -0.132496 1.061222 153 150 134
-0.029393 -0.131805 1.059967 151 150 133
-0.033156 -0.131092 1.058724 151 150 133
-0.036897 -0.130287 1.057521 139 138 121
-0.040662 -0.129594 1.056270 147 146 128
-0.044440 -0.128980 1.054986 147 146 127
-0.048235 -0.128464 1.053661 149 148 130
-0.052011 -0.127872 1.052369 153 152 135
-0.055798 -0.127357 1.051046 154 153 136
-0.059559 -0.126721 1.049777 158 154 138
-0.063327 -0.126135 1.048487 160 158 141
-0.067081 -0.125491 1.047223 162 161 143
-0.070818 -0.124763 1.045995 169 165 145
-0.074549 -0.124009 1.044778 155 151 133
-0.078263 -0.123150 1.043605 152 147 127
-0.081992 -0.122396 1.042389 156 148 129
-0.085714 -0.121605 1.041189 159 151 132
-0.089433 -0.120795 1.039996 164 156 137
-0.093131 -0.119839 1.038863 167 160 138
-0.096806 -0.118698 1.037804 173 170 147
-0.100499 -0.117679 1.036695 176 172 150
-0.104183 -0.116569 1.035622 176 171 152
-0.107853 -0.115320 1.034602 173 170 149
-0.111537 -0.114156 1.033548 167 163 145
-0.115232 -0.113077 1.032458 164 160 142
-0.118937 -0.112075 1.031339 163 159 143
-0.122642 -0.111061 1.030223 160 157 141
-0.126326 -0.109783 1.029208 163 159 143
-0.130003 -0.108369 1.028244 168 164 149
-0.133694 -0.107069 1.027233 176 172 158
-0.137392 -0.105810 1.026206 173 171 156
-0.141096 -0.104570 1.025170 173 172 158
-0.144795 -0.103195 1.024183 179 178 168
-0.148496 -0.101769 1.023213 187 190 181
-0.152216 -0.100589 1.022150 200 205 200
-0.155942 -0.099491 1.021055 213 221 221
-0.159669 -0.098370 1.019968 226 233 235
-0.163402 -0.097315 1.018856 248 249 252
-0.167137 -0.096322 1.017721 253 255 255
-0.170870 -0.095158 1.016647 254 255 255
-0.174606 -0.094025 1.015561 254 255 255
-0.178345 -0.092884 1.014477 254 255 255
-0.182084 -0.091553 1.013458 254 255 255
-0.185827 -0.089882 1.012557 254 255 255
-0.189577 -0.088360 1.011601 254 255 255
-0.193336 -0.086611 1.010721 243 243 242
-0.197107 -0.084527 1.009953 179 178 166
-0.200887 -0.082677 1.009100 146 147 136
-0.204656 -0.081710 1.007943 81 92 92
-0.208398 -0.081819 1.006420 71 76 78
-0.212117 -0.082313 1.004772 53 54 56
-0.215901 -0.080675 1.003844 81 83 87
-0.219907 -0.073916 1.004615 120 120 129
-0.224405 -0.057935 1.008414 153 165 182
-0.228333 -0.055832 1.007591 151 163 185
0.022294 -0.128537 1.086052 133 106 98
0.016213 -0.135301 1.081228 100 81 77
0.011149 -0.138878 1.077941 136 114 109
0.006647 -0.140664 1.075515 46 48 43
0.002786 -0.140268 1.074118 135 131 114
-0.000750 -0.138702 1.073267 137 134 116
-0.004522 -0.137990 1.072018 142 141 124
-0.008375 -0.137593 1.070625 142 140 125
-0.012219 -0.137183 1.069241 146 144 129
-0.016026 -0.136650 1.067914 151 150 133
-0.019816 -0.136058 1.066616 149 147 132
-0.023580 -0.135378 1.065359 151 150 133
-0.027302 -0.134521 1.064182 152 151 134
-0.031053 -0.133796 1.062946 152 151 134
-0.034809 -0.133103 1.061697 150 149 132
-0.038543 -0.132317 1.060490 146 145 128
-0.042304 -0.131663 1.059225 149 148 131
-0.046065 -0.131021 1.057956 151 150 132
-0.049845 -0.130491 1.056639 150 148 129
-0.053609 -0.129893 1.055353 151 147 131
-0.057376 -0.129332 1.054053 150 146 130
-0.061118 -0.128654 1.052804 154 151 135
-0.064873 -0.128060 1.051520 157 156 139
-0.068613 -0.127396 1.050267 160 157 141
-0.072336 -0.126644 1.049053 160 157 139
-0.076050 -0.125846 1.047857 154 150 132
-0.079746 -0.124939 1.046708 159 154 134
-0.083469 -0.124210 1.045485 158 152 133
-0.087192 -0.123489 1.044259 160 155 135
-0.090913 -0.122772 1.043033 162 156 136
-0.094599 -0.121801 1.041910 163 157 138
-0.098261 -0.120632 1.040868 167 159 140
-0.101947 -0.119643 1.039751 162 157 139
-0.105601 -0.118357 1.038754 158 157 140
-0.109253 -0.117022 1.037774 162 158 142
-0.112918 -0.115769 1.036760 166 162 145
-0.116601 -0.114640 1.035695 166 162 146
-0.120299 -0.113651 1.034574 169 165 149
-0.123999 -0.112667 1.033451 171 167 151
-0.127685 -0.111508 1.032395 171 167 151
-0.131366 -0.110246 1.031379 168 164 149
-0.135057 -0.109061 1.030330 168 165 151
-0.138759 -0.107989 1.029237 168 168 154
-0.142467 -0.106989 1.028116 172 172 158
-0.146160 -0.105715 1.027098 179 178 168
-0.149849 -0.104278 1.026141 187 190 181
-0.153555 -0.103081 1.025090 193 201 195
-0.157270 -0.101996 1.023997 206 216 216
-0.160987 -0.100919 1.022900 241 245 246
-0.164705 -0.099832 1.021806 252 255 255
-0.168427 -0.098812 1.020687 254 255 255
-0.172148 -0.097669 1.019611 254 255 255
-0.175873 -0.096567 1.018520 254 255 255
-0.179600 -0.095524 1.017407 254 255 255
-0.183328 -0.094274 1.016367 254 255 255
-0.187058 -0.092588 1.015481 254 255 255
-0.190797 -0.090943 1.014577 254 255 255
-0.194545 -0.089047 1.013759 239 242 240
-0.198304 -0.087106 1.012951 186 185 179
-0.202064 -0.085679 1.011962 124 129 122
-0.205806 -0.085264 1.010619 83 95 94
-0.209536 -0.085118 1.009187 65 70 71
-0.213247 -0.085291 1.007648 50 52 54
-0.217068 -0.082335 1.007177 128 118 123
-0.221343 -0.069472 1.010045 156 149 153
-0.225567 -0.060102 1.011693 179 159 172
-0.229445 -0.058764 1.010624 182 172 186
0.014932 -0.135522 1.085031 71 54 49
0.009480 -0.140474 1.081064 120 98 96
0.004849 -0.142763 1.078387 67 61 56
0.000862 -0.142867 1.076756 83 86 73
-0.002699 -0.141444 1.075848 144 145 127
-0.006404 -0.140535 1.074696 140 139 124
-0.010172 -0.139873 1.073430 137 135 120
-0.013976 -0.139358 1.072096 140 138 123
-0.017754 -0.138758 1.070803 150 148 133
-0.021535 -0.138183 1.069501 151 149 134
-0.025310 -0.137596 1.068205 151 147 131
-0.029039 -0.136826 1.066993 153 149 133
-0.032785 -0.136137 1.065745 154 150 134
-0.036524 -0.135426 1.064509 152 150 134
-0.040245 -0.134640 1.063305 152 151 134
-0.043986 -0.133955 1.062058 141 140 123
-0.047727 -0.133277 1.060809 151 150 133
-0.051486 -0.132703 1.059515 152 151 134
-0.055222 -0.132032 1.058264 154 150 134
-0.058957 -0.131362 1.057014 155 151 135
-0.062655 -0.130502 1.055847 153 149 133
-0.066380 -0.129797 1.054614 151 150 133
-0.070096 -0.129051 1.053398 153 150 134
-0.073785 -0.128150 1.052250 154 150 132
-0.077466 -0.127191 1.051126 155 151 133
-0.081138 -0.126172 1.050027 157 153 133
-0.084842 -0.125362 1.048840 157 153 135
-0.088548 -0.124567 1.047647 159 154 134
-0.092230 -0.123605 1.046523 160 156 137
-0.095905 -0.122586 1.045423 164 159 140
-0.099545 -0.121268 1.044445 166 162 143
-0.103190 -0.119958 1.043462 167 163 147
-0.106839 -0.118642 1.042480 155 150 136
-0.110515 -0.117530 1.041413 157 155 140
-0.114195 -0.116431 1.040339 165 163 148
-0.117901 -0.115570 1.039170 165 161 145
-0.121626 -0.114910 1.037920 165 161 145
-0.125338 -0.114136 1.036717 166 162 146
-0.129026 -0.113078 1.035626 166 162 147
-0.132712 -0.111975 1.034551 166 162 148
-0.136406 -0.110954 1.033444 163 161 146
-0.140098 -0.109874 1.032359 160 159 146
-0.143797 -0.108885 1.031239 163 163 151
-0.147490 -0.107757 1.030171 173 173 161
-0.151179 -0.106508 1.029148 182 185 177
-0.154878 -0.105390 1.028074 198 205 201
-0.158580 -0.104271 1.026999 215 224 226
-0.162286 -0.103208 1.025903 250 251 253
-0.165993 -0.102119 1.024815 254 255 255
-0.169706 -0.101169 1.023675 254 255 255
-0.173418 -0.100157 1.022558 254 255 255
-0.177132 -0.099146 1.021439 254 255 255
-0.180847 -0.098210 1.020293 254 255 255
-0.184562 -0.097029 1.019235 254 255 255
-0.188281 -0.095313 1.018370 254 255 255
-0.192007 -0.093507 1.017533 254 255 255
-0.195745 -0.091603 1.016728 230 233 234
-0.199491 -0.089810 1.015879 193 197 192
-0.203233 -0.088673 1.014795 119 126 126
-0.206966 -0.087983 1.013553 86 93 92
-0.210687 -0.087629 1.012194 63 66 68
-0.214406 -0.087173 1.010873 73 66 67
-0.218277 -0.082849 1.010888 171 148 143
-0.222634 -0.068550 1.014313 207 187 183
-0.226674 -0.063217 1.014626 211 147 153
-0.230525 -0.062112 1.013487 206 143 149
0.013718 -0.135516 1.088942 128 115 105
0.007966 -0.141544 1.084423 108 90 89
0.003120 -0.144641 1.081342 116 105 102
-0.001053 -0.145465 1.079366 44 47 42
-0.004695 -0.144392 1.078300 137 136 122
-0.008339 -0.143317 1.077234 139 139 123
-0.012009 -0.142338 1.076122 136 136 122
-0.015779 -0.141747 1.074828 141 140 126
-0.019535 -0.141112 1.073555 151 149 134
-0.023300 -0.140526 1.072261 150 149 132
-0.027056 -0.139919 1.070978 150 148 131
-0.030778 -0.139177 1.069758 152 148 132
-0.034508 -0.138472 1.068522 154 150 132
-0.038235 -0.137766 1.067286 153 149 133
-0.041957 -0.137049 1.066057 152 148 132
-0.045670 -0.136292 1.064847 142 141 124
-0.049376 -0.135507 1.063649 152 151 134
-0.053103 -0.134835 1.062402 152 151 134
-0.056820 -0.134125 1.061172 152 151 134
-0.060540 -0.133436 1.059934 154 152 135
-0.064211 -0.132493 1.058808 155 152 136
-0.067895 -0.131611 1.057655 155 154 137
-0.071571 -0.130686 1.056521 158 154 138
-0.075232 -0.129669 1.055426 155 151 135
-0.078869 -0.128486 1.054403 150 146 128
-0.082511 -0.127313 1.053373 151 147 129
-0.086185 -0.126333 1.052260 149 145 127
-0.089819 -0.125064 1.051269 152 148 130
-0.093512 -0.124202 1.050105 155 151 133
-0.097204 -0.123330 1.048945 160 157 139
-0.119121 -0.115701 1.042959 162 159 143
-0.122847 -0.115067 1.041698 160 157 141
-0.126555 -0.114259 1.040508 160 156 140
-0.130272 -0.113559 1.039275 160 156 142
-0.133991 -0.112910 1.038022 160 155 141
-0.137705 -0.112236 1.036781 163 159 146
-0.141411 -0.111465 1.035578 164 162 149
-0.145113 -0.110643 1.034396 168 167 153
-0.148803 -0.109625 1.033290 173 172 162
-0.152490 -0.108495 1.032227 182 185 177
-0.163574 -0.105382 1.028926 254 255 255
-0.167272 -0.104360 1.027818 254 255 255
-0.170977 -0.103545 1.026632 254 255 255
-0.174679 -0.102620 1.025488 254 255 255
-0.178381 -0.101635 1.024365 254 255 255
-0.182084 -0.100673 1.023234 254 255 255
-0.185787 -0.099540 1.022165 254 255 255
-0.189494 -0.097872 1.021291 254 255 255
-0.193210 -0.095999 1.020489 254 255 255
-0.196938 -0.093995 1.019730 227 230 231
-0.200679 -0.091891 1.019003 175 182 183
-0.204413 -0.090673 1.017954 118 129 130
-0.208129 -0.090256 1.016617 77 86 86
-0.211788 -0.091454 1.014710 96 90 90
-0.215553 -0.089229 1.014017 135 107 105
-0.219520 -0.082507 1.014895 141 124 122
-0.223911 -0.068012 1.018458 185 132 134
-0.227794 -0.065902 1.017676 211 146 150
0.006716 -0.141709 1.088211 62 50 46
0.001569 -0.145908 1.084574 120 103 101
-0.002870 -0.147735 1.082106 84 77 69
-0.006707 -0.147439 1.080673 64 64 57
-0.010250 -0.146043 1.079768 156 156 141
-0.013838 -0.144804 1.078787 145 145 131
-0.017556 -0.144063 1.077568 142 142 128
-0.021287 -0.143383 1.076320 144 143 128
-0.025046 -0.142824 1.075016 150 147 131
-0.028802 -0.142273 1.073711 149 148 131
-0.032521 -0.141577 1.072474 155 151 135
-0.036234 -0.140861 1.071247 150 149 132
-0.039944 -0.140136 1.070025 154 150 133
-0.043641 -0.139360 1.068828 150 148 132
-0.047319 -0.138497 1.067670 149 148 131
-0.050994 -0.137622 1.066517 147 146 129
-0.054705 -0.136927 1.065284 152 151 134
-0.058406 -0.136191 1.064070 153 151 134
-0.062097 -0.135409 1.062876 154 151 134
-0.065760 -0.134480 1.061749 154 153 136
-0.069429 -0.133574 1.060611 155 154 137
-0.073068 -0.132491 1.059551 157 156 139
-0.076691 -0.131291 1.058541 157 153 137
-0.080291 -0.129926 1.057602 155 151 133
-0.083895 -0.128547 1.056666 154 150 132
-0.087518 -0.127256 1.055691 155 151 133
-0.091097 -0.125626 1.054859 155 151 133
-0.094736 -0.124380 1.053860 158 154 138
-0.168550 -0.106813 1.030717 254 255 255
-0.172244 -0.106097 1.029497 254 255 255
-0.175935 -0.105220 1.028340 254 255 255
-0.179623 -0.104229 1.027225 254 255 255
-0.183313 -0.103254 1.026105 254 255 255
-0.187004 -0.102088 1.025055 254 255 255
-0.190700 -0.100358 1.024213 254 255 255
-0.194405 -0.098569 1.023390 251 253 255
-0.198120 -0.096686 1.022598 217 220 222
-0.201844 -0.094845 1.021787 160 172 175
-0.205563 -0.093672 1.020728 111 120 120
-0.209252 -0.093651 1.019252 88 90 89
-0.212916 -0.094119 1.017603 106 79 77
-0.216738 -0.090126 1.017555 175 145 141
-0.220935 -0.078264 1.020294 212 192 189
-0.225051 -0.070310 1.021606 209 145 149
0.005687 -0.141092 1.092385 124 107 99
0.000161 -0.146674 1.088037 116 93 90
-0.004577 -0.149634 1.085002 138 117 107
-0.008751 -0.150645 1.082934 50 42 37
-0.012439 -0.149874 1.081737 91 95 85
-0.015835 -0.147960 1.081091 152 152 140
-0.019387 -0.146625 1.080163 146 146 132
-0.023064 -0.145783 1.078998 134 132 117
-0.026795 -0.145172 1.077723 146 145 128
-0.030548 -0.144665 1.076400 149 148 131
-0.034253 -0.143962 1.075171 151 150 133
-0.037950 -0.143236 1.073953 152 151 134
-0.041646 -0.142510 1.072737 154 150 134
-0.045318 -0.141680 1.071568 150 148 131
-0.048958 -0.140690 1.070474 153 150 134
-0.052593 -0.139671 1.069393 142 139 123
-0.056262 -0.138825 1.068232 150 149 131
-0.059924 -0.137936 1.067091 152 151 133
-0.063581 -0.137021 1.065961 154 153 136
-0.067222 -0.136010 1.064874 155 154 137
-0.070848 -0.134903 1.063830 156 155 138
-0.074441 -0.133582 1.062880 156 155 138
-0.078028 -0.132186 1.061961 158 155 136
-0.081599 -0.130651 1.061101 158 154 136
-0.085163 -0.129026 1.060278 157 153 137
-0.173503 -0.108648 1.032336 254 255 255
-0.177181 -0.107785 1.031178 254 255 255
-0.188213 -0.104663 1.027908 254 255 255
-0.191897 -0.102893 1.027091 254 255 255
-0.195590 -0.101150 1.026261 250 250 252
-0.199292 -0.099397 1.025431 196 205 208
-0.203000 -0.097821 1.024531 147 154 156
-0.206688 -0.097275 1.023249 100 102 103
-0.210375 -0.096701 1.021978 64 54 53
-0.214089 -0.095234 1.021035 149 108 106
-0.218067 -0.087365 1.022412 142 129 124
-0.222176 -0.078172 1.024239 182 137 138
-0.226167 -0.072961 1.024603 211 145 149
0.004619 -0.140605 1.096502 112 80 74
-0.001151 -0.147102 1.091661 61 45 42
-0.006195 -0.151227 1.088029 122 93 88
-0.010565 -0.153025 1.085566 123 108 101
-0.014352 -0.152686 1.084162 44 43 35
-0.017900 -0.151432 1.083207 110 112 101
-0.021270 -0.149437 1.082611 120 121 108
-0.024761 -0.147890 1.081792 148 146 131
-0.028445 -0.147128 1.080593 141 140 123
-0.032200 -0.146682 1.079243 146 145 128
-0.035903 -0.146022 1.077997 152 151 134
-0.039588 -0.145292 1.076785 155 151 135
-0.043248 -0.144454 1.075625 155 151 135
-0.046922 -0.143682 1.074433 151 150 133
-0.050546 -0.142670 1.073355 152 149 133
-0.054163 -0.141613 1.072296 143 141 125
-0.057819 -0.140751 1.071146 151 150 133
-0.061452 -0.139760 1.070056 152 151 134
-0.065059 -0.138622 1.069033 153 151 134
-0.068642 -0.137328 1.068080 156 152 136
-0.072201 -0.135865 1.067201 154 153 136
-0.075743 -0.134255 1.066386 155 154 137
-0.079279 -0.132553 1.065609 157 153 137
-0.082806 -0.130733 1.064881 157 153 137
-0.189413 -0.106919 1.030857 254 255 255
-0.193087 -0.105201 1.030030 252 255 255
-0.196775 -0.103081 1.029352 228 233 232
-0.200474 -0.101055 1.028634 176 182 186
-0.204162 -0.100036 1.027532 113 116 118
-0.207810 -0.100567 1.025849 81 72 76
-0.211485 -0.099820 1.024648 147 105 105
-0.215289 -0.095535 1.024757 191 168 163
-0.219325 -0.086537 1.026587 232 221 219
-0.223445 -0.077490 1.028402 209 148 152
-0.002027 -0.145945 1.096078 135 111 103
-0.007644 -0.152209 1.091344 93 66 59
-0.012195 -0.154733 1.088506 128 96 91
-0.016231 -0.155406 1.086602 104 89 85
-0.019911 -0.154732 1.085370 48 43 41
-0.023320 -0.152967 1.084674 123 123 112
-0.026602 -0.150625 1.084255 143 143 127
-0.030151 -0.149356 1.083308 148 146 130
-0.033911 -0.148986 1.081924 150 148 133
-0.037600 -0.148326 1.080682 149 148 131
-0.041263 -0.147555 1.079494 147 146 129
-0.044898 -0.146654 1.078369 153 149 133
-0.048525 -0.145713 1.077262 152 150 133
-0.052125 -0.144639 1.076219 149 148 131
-0.055711 -0.143473 1.075217 146 145 128
-0.059317 -0.142401 1.074170 150 149 132
-0.062924 -0.141317 1.073127 151 150 133
-0.066476 -0.139916 1.072231 151 150 133
-0.070011 -0.138374 1.071397 153 152 135
-0.073524 -0.136666 1.070636 153 152 135
-0.077024 -0.134810 1.069939 154 153 136
-0.186950 -0.110368 1.034803 254 255 255
-0.190606 -0.109140 1.033796 252 253 255
-0.194272 -0.107276 1.033034 246 249 250
-0.197952 -0.105090 1.032393 191 201 202
-0.201633 -0.103598 1.031480 130 136 137
-0.205276 -0.103979 1.029850 90 90 88
-0.208905 -0.104424 1.028200 125 95 90
-0.212665 -0.100546 1.028188 157 119 118
-0.216567 -0.093796 1.029242 141 137 129
-0.220629 -0.084709 1.031144 176 130 132
-0.224583 -0.079551 1.031554 209 146 149
-0.008159 -0.149707 1.096411 83 63 56
-0.013549 -0.155410 1.091948 107 80 74
-0.017944 -0.157513 1.089319 141 101 97
-0.021820 -0.157672 1.087675 98 75 67
-0.025149 -0.155641 1.087123 48 48 45
-0.028405 -0.153243 1.086747 132 133 119
-0.031900 -0.151797 1.085895 153 151 136
-0.035585 -0.151165 1.084642 150 148 133
-0.039245 -0.150427 1.083442 149 148 131
-0.042862 -0.149495 1.082336 152 150 133
-0.046463 -0.148485 1.081268 151 149 132
-0.050069 -0.147495 1.080189 149 149 130
-0.053654 -0.146388 1.079166 145 144 127
-0.057231 -0.145222 1.078170 143 141 124
-0.060808 -0.144044 1.077178 146 145 128
-0.064335 -0.142570 1.076325 147 146 129
-0.067871 -0.141105 1.075464 149 147 131
-0.180860 -0.114636 1.039873 252 255 255
-0.184501 -0.113446 1.038859 253 253 255
-0.188146 -0.112408 1.037784 252 253 255
-0.191792 -0.111462 1.036672 245 247 249
-0.195445 -0.109900 1.035802 199 205 208
-0.199104 -0.108398 1.034906 142 152 152
-0.202739 -0.108407 1.033419 101 104 104
-0.206377 -0.107957 1.032113 104 88 84
-0.210059 -0.105907 1.031425 142 104 98
-0.213917 -0.099180 1.032522 152 134 129
-0.217889 -0.091107 1.034107 221 201 197
-0.221878 -0.084251 1.035202 208 143 148
-0.008654 -0.147094 1.101564 109 79 74
-0.014271 -0.153658 1.096619 48 29 19
-0.019433 -0.158762 1.092448 116 82 74
-0.023747 -0.160729 1.089889 153 104 102
-0.027431 -0.160220 1.088585 92 64 62
-0.030782 -0.158325 1.087977 48 47 44
-0.033953 -0.155596 1.087779 126 130 117
-0.037387 -0.153944 1.087039 155 154 138
-0.040913 -0.152665 1.086111 151 150 133
-0.044550 -0.151888 1.084935 152 151 134
-0.048139 -0.150884 1.083870 152 151 134
-0.051739 -0.149923 1.082783 151 150 133
-0.055294 -0.148730 1.081809 149 148 131
-0.058822 -0.147372 1.080912 148 146 130
-0.062339 -0.145930 1.080053 140 139 122
-0.065824 -0.144271 1.079295 141 140 123
-0.178442 -0.117889 1.043819 243 247 246
-0.182072 -0.116921 1.042722 234 239 236
-0.185702 -0.115835 1.041674 231 234 235
-0.189335 -0.115160 1.040459 220 227 228
-0.192962 -0.114982 1.039045 187 195 199
-0.196595 -0.113718 1.038067 144 151 153
-0.200231 -0.112491 1.037073 102 109 101
-0.203860 -0.111782 1.035873 99 87 72
-0.207525 -0.109677 1.035221 145 104 100
-0.211281 -0.105081 1.035535 193 173 163
-0.215191 -0.097357 1.037048 225 217 213
-0.219153 -0.090026 1.038381 194 134 135
-0.222979 -0.086961 1.038050 208 141 146
-0.014575 -0.150256 1.102160 139 113 103
-0.020053 -0.156580 1.097322 55 41 34
-0.024882 -0.160607 1.093690 118 78 73
-0.029058 -0.162144 1.091346 153 99 99
-0.032794 -0.161925 1.089901 84 59 54
-0.036251 -0.160521 1.089054 47 46 40
-0.039532 -0.158298 1.088616 102 102 92
-0.042893 -0.156373 1.088022 160 160 143
-0.046373 -0.154951 1.087175 152 151 134
-0.049900 -0.153726 1.086226 153 152 133
-0.053459 -0.152640 1.085209 151 150 133
-0.056948 -0.151182 1.084372 151 150 133
-0.060429 -0.149646 1.083569 150 149 132
-0.063919 -0.148121 1.082759 139 138 121
-0.179655 -0.120009 1.046708 214 219 215
-0.183275 -0.119094 1.045595 211 217 214
-0.186896 -0.118305 1.044430 204 211 209
-0.190514 -0.118189 1.042991 167 177 179
-0.194127 -0.117673 1.041717 135 140 142
-0.197755 -0.115858 1.040969 105 105 100
-0.201392 -0.114028 1.040223 104 87 78
-0.205032 -0.112519 1.039345 145 104 95
-0.208724 -0.109407 1.039101 189 161 156
-0.212547 -0.103049 1.040132 179 171 164
-0.216480 -0.095278 1.041695 172 125 126
-0.220310 -0.091467 1.041680 209 143 146
-0.020247 -0.152665 1.103119 135 107 102
-0.025473 -0.158257 1.098643 58 37 34
-0.030406 -0.162925 1.094672 123 73 75
-0.034469 -0.164136 1.092494 152 95 96
-0.038173 -0.163868 1.091078 110 76 69
-0.041589 -0.162328 1.090309 47 40 44
-0.044964 -0.160561 1.089651 71 69 63
-0.048376 -0.158923 1.088924 155 153 139
-0.051780 -0.157204 1.088234 150 149 132
-0.055221 -0.155620 1.087473 151 150 133
-0.058663 -0.153997 1.086728 151 150 133
-0.062120 -0.152408 1.085962 152 150 133
-0.065594 -0.150871 1.085168 149 148 131
-0.069061 -0.149251 1.084411 147 146 129
-0.177233 -0.121802 1.051207 199 201 195
-0.180855 -0.121511 1.049834 193 197 189
-0.184470 -0.121156 1.048491 182 189 182
-0.188081 -0.120780 1.047158 140 149 147
-0.191685 -0.120701 1.045705 112 124 125
-0.195291 -0.119638 1.044660 95 100 95
-0.198917 -0.117392 1.044097 112 91 84
-0.202557 -0.115146 1.043529 146 105 98
-0.206208 -0.112987 1.042919 185 155 148
-0.209938 -0.108674 1.043172 144 129 122
-0.213814 -0.101184 1.044683 168 130 125
-0.217662 -0.096057 1.045224 208 142 143
